number,probability,raw_model_probability,long_rate,short_rate,recent_long_rate,weekday_rate,gap_signal
662,0.023482675907946834,0.0349806576685244,0.0349806576685244,0.0280410477559408,0.0280410477559408,0.034642267704070605,0.021732650801239775
053,0.023331065042501476,0.03245380991110179,0.03245380991110179,0.0280410477559408,0.022485492200385242,0.024438186071417543,0.02168715327688268
432,0.023331065042501476,0.03245380991110179,0.03245380991110179,0.044707714422607465,0.03359660331149635,0.024438186071417543,0.021429333972192464
572,0.023331065042501476,0.03245380991110179,0.03245380991110179,0.019707714422607468,0.0280410477559408,0.021036825527199855,0.02171748495978741
369,0.02329316232614014,0.031822097971746136,0.031822097971746136,0.036374381089274134,0.02526326997816302,0.02783954661563523,0.021929806740120527
526,0.02329316232614014,0.031822097971746136,0.031822097971746136,0.036374381089274134,0.03359660331149635,0.034642267704070605,0.021656821593977946
592,0.02329316232614014,0.031822097971746136,0.031822097971746136,0.036374381089274134,0.03359660331149635,0.03804362824828829,0.021535494862359023
697,0.02329316232614014,0.031822097971746136,0.031822097971746136,0.036374381089274134,0.030818825533718577,0.024438186071417543,0.021611324069620852
080,0.023255259609778797,0.03119038603239048,0.03119038603239048,0.0530410477559408,0.04470771442260746,0.03804362824828829,0.021732650801239775
114,0.02321735689341746,0.030558674093034827,0.030558674093034827,0.019707714422607468,0.03915215886705191,0.017635464982982168,0.021565826545263754
186,0.02321735689341746,0.030558674093034827,0.030558674093034827,0.011374381089274133,0.0280410477559408,0.034642267704070605,0.022581937922572244
294,0.02321735689341746,0.030558674093034827,0.030558674093034827,0.0280410477559408,0.030818825533718577,0.031240907159852914,0.02159615822816849
370,0.02321735689341746,0.030558674093034827,0.030558674093034827,0.019707714422607468,0.0280410477559408,0.03804362824828829,0.021808480008501604
599,0.02321735689341746,0.030558674093034827,0.030558674093034827,0.036374381089274134,0.030818825533718577,0.02783954661563523,0.021505163179454292
645,0.02321735689341746,0.030558674093034827,0.030558674093034827,0.0280410477559408,0.030818825533718577,0.021036825527199855,0.021808480008501604
867,0.02321735689341746,0.030558674093034827,0.030558674093034827,0.019707714422607468,0.02526326997816302,0.03804362824828829,0.021671987435430314
983,0.02321735689341746,0.030558674093034827,0.030558674093034827,0.0280410477559408,0.030818825533718577,0.03804362824828829,0.02196013842302526
119,0.02317945417705612,0.02992696215367917,0.02992696215367917,0.0280410477559408,0.02526326997816302,0.02783954661563523,0.021565826545263754
179,0.02317945417705612,0.02992696215367917,0.02992696215367917,0.019707714422607468,0.030818825533718577,0.021036825527199855,0.021656821593977946
213,0.02317945417705612,0.02992696215367917,0.02992696215367917,0.019707714422607468,0.022485492200385242,0.02783954661563523,0.02188430921576343
653,0.02317945417705612,0.02992696215367917,0.02992696215367917,0.011374381089274133,0.0280410477559408,0.031240907159852914,0.022445445349500954
875,0.02317945417705612,0.02992696215367917,0.02992696215367917,0.036374381089274134,0.030818825533718577,0.024438186071417543,0.021459665655097198
878,0.02317945417705612,0.02992696215367917,0.02992696215367917,0.019707714422607468,0.022485492200385242,0.034642267704070605,0.021747816642692142
964,0.02317945417705612,0.02992696215367917,0.02992696215367917,0.036374381089274134,0.036374381089274134,0.024438186071417543,0.021702319118335044
057,0.02314155146069478,0.02929525021432352,0.02929525021432352,0.0280410477559408,0.030818825533718577,0.01423410443876448,0.021459665655097198
079,0.02314155146069478,0.02929525021432352,0.02929525021432352,0.019707714422607468,0.01692993664482969,0.031240907159852914,0.02221795772771547
243,0.02314155146069478,0.02929525021432352,0.02929525021432352,0.019707714422607468,0.02526326997816302,0.034642267704070605,0.02168715327688268
484,0.02314155146069478,0.02929525021432352,0.02929525021432352,0.019707714422607468,0.019707714422607468,0.03804362824828829,0.02223312356916784
676,0.02314155146069478,0.02929525021432352,0.02929525021432352,0.036374381089274134,0.03359660331149635,0.034642267704070605,0.021778148325596873
811,0.02314155146069478,0.02929525021432352,0.02929525021432352,0.044707714422607465,0.030818825533718577,0.031240907159852914,0.021762982484144506
848,0.02314155146069478,0.02929525021432352,0.02929525021432352,0.036374381089274134,0.0280410477559408,0.031240907159852914,0.02144449981364483
013,0.02310364874433344,0.028663538274967867,0.028663538274967867,0.0280410477559408,0.030818825533718577,0.017635464982982168,0.021505163179454292
052,0.02310364874433344,0.028663538274967867,0.028663538274967867,0.0280410477559408,0.02526326997816302,0.021036825527199855,0.021732650801239775
073,0.02310364874433344,0.028663538274967867,0.028663538274967867,0.0280410477559408,0.0280410477559408,0.024438186071417543,0.0218539775328587
267,0.02310364874433344,0.028663538274967867,0.028663538274967867,0.011374381089274133,0.0280410477559408,0.02783954661563523,0.022961083958881384
326,0.02310364874433344,0.028663538274967867,0.028663538274967867,0.044707714422607465,0.0280410477559408,0.017635464982982168,0.02148999733800193
356,0.02310364874433344,0.028663538274967867,0.028663538274967867,0.019707714422607468,0.022485492200385242,0.01423410443876448,0.021793314167049237
473,0.02310364874433344,0.028663538274967867,0.028663538274967867,0.019707714422607468,0.030818825533718577,0.02783954661563523,0.022081465154644184
522,0.02310364874433344,0.028663538274967867,0.028663538274967867,0.036374381089274134,0.030818825533718577,0.02783954661563523,0.021535494862359023
547,0.02310364874433344,0.028663538274967867,0.028663538274967867,0.044707714422607465,0.03359660331149635,0.03804362824828829,0.021535494862359023
612,0.02310364874433344,0.028663538274967867,0.028663538274967867,0.0280410477559408,0.0280410477559408,0.024438186071417543,0.02196013842302526
661,0.02310364874433344,0.028663538274967867,0.028663538274967867,0.036374381089274134,0.02526326997816302,0.02783954661563523,0.021778148325596873
774,0.02310364874433344,0.028663538274967867,0.028663538274967867,0.019707714422607468,0.036374381089274134,0.024438186071417543,0.02144449981364483
906,0.02310364874433344,0.028663538274967867,0.028663538274967867,0.0280410477559408,0.03359660331149635,0.021036825527199855,0.021459665655097198
957,0.02310364874433344,0.028663538274967867,0.028663538274967867,0.044707714422607465,0.036374381089274134,0.021036825527199855,0.02148999733800193
981,0.02310364874433344,0.028663538274967867,0.028663538274967867,0.044707714422607465,0.030818825533718577,0.031240907159852914,0.02159615822816849
000,0.023065746027972102,0.02803182633561221,0.02803182633561221,0.0280410477559408,0.030818825533718577,0.04144498879250598,0.022142128520453646
092,0.023065746027972102,0.02803182633561221,0.02803182633561221,0.011374381089274133,0.0280410477559408,0.02783954661563523,0.022809425544357727
112,0.023065746027972102,0.02803182633561221,0.02803182633561221,0.019707714422607468,0.01692993664482969,0.021036825527199855,0.021732650801239775
124,0.023065746027972102,0.02803182633561221,0.02803182633561221,0.019707714422607468,0.01692993664482969,0.03804362824828829,0.021459665655097198
194,0.023065746027972102,0.02803182633561221,0.02803182633561221,0.019707714422607468,0.022485492200385242,0.03804362824828829,0.022035967630287086
409,0.023065746027972102,0.02803182633561221,0.02803182633561221,0.036374381089274134,0.036374381089274134,0.031240907159852914,0.02148999733800193
422,0.023065746027972102,0.02803182633561221,0.02803182633561221,0.019707714422607468,0.01692993664482969,0.024438186071417543,0.02171748495978741
532,0.023065746027972102,0.02803182633561221,0.02803182633561221,0.019707714422607468,0.030818825533718577,0.017635464982982168,0.021914640898668163
556,0.023065746027972102,0.02803182633561221,0.02803182633561221,0.036374381089274134,0.036374381089274134,0.024438186071417543,0.022096630996096548
573,0.023065746027972102,0.02803182633561221,0.02803182633561221,0.019707714422607468,0.019707714422607468,0.017635464982982168,0.021656821593977946
619,0.023065746027972102,0.02803182633561221,0.02803182633561221,0.011374381089274133,0.0280410477559408,0.017635464982982168,0.0222937869349773
691,0.023065746027972102,0.02803182633561221,0.02803182633561221,0.019707714422607468,0.030818825533718577,0.021036825527199855,0.022248289410620202
724,0.023065746027972102,0.02803182633561221,0.02803182633561221,0.044707714422607465,0.030818825533718577,0.024438186071417543,0.02199047010592999
749,0.023065746027972102,0.02803182633561221,0.02803182633561221,0.0280410477559408,0.022485492200385242,0.031240907159852914,0.021793314167049237
836,0.023065746027972102,0.02803182633561221,0.02803182633561221,0.0280410477559408,0.03359660331149635,0.02783954661563523,0.022051133471739454
854,0.023065746027972102,0.02803182633561221,0.02803182633561221,0.019707714422607468,0.02526326997816302,0.044846349336723663,0.02221795772771547
871,0.023065746027972102,0.02803182633561221,0.02803182633561221,0.019707714422607468,0.019707714422607468,0.02783954661563523,0.021641655752525583
932,0.023065746027972102,0.02803182633561221,0.02803182633561221,0.0280410477559408,0.022485492200385242,0.031240907159852914,0.02182364584995397
978,0.023065746027972102,0.02803182633561221,0.02803182633561221,0.011374381089274133,0.022485492200385242,0.02783954661563523,0.022308952776429667
059,0.023027843311610764,0.02740011439625656,0.02740011439625656,0.036374381089274134,0.0280410477559408,0.02783954661563523,0.021793314167049237
081,0.023027843311610764,0.02740011439625656,0.02740011439625656,0.0280410477559408,0.030818825533718577,0.021036825527199855,0.021838811691406335
132,0.023027843311610764,0.02740011439625656,0.02740011439625656,0.0530410477559408,0.030818825533718577,0.034642267704070605,0.02147483149654956
151,0.023027843311610764,0.02740011439625656,0.02740011439625656,0.011374381089274133,0.019707714422607468,0.02783954661563523,0.023052079007595577
221,0.023027843311610764,0.02740011439625656,0.02740011439625656,0.019707714422607468,0.02526326997816302,0.021036825527199855,0.022081465154644184
244,0.023027843311610764,0.02740011439625656,0.02740011439625656,0.019707714422607468,0.022485492200385242,0.04144498879250598,0.02144449981364483
358,0.023027843311610764,0.02740011439625656,0.02740011439625656,0.019707714422607468,0.022485492200385242,0.017635464982982168,0.021869143374311065
362,0.023027843311610764,0.02740011439625656,0.02740011439625656,0.011374381089274133,0.01692993664482969,0.034642267704070605,0.02253644039821515
363,0.023027843311610764,0.02740011439625656,0.02740011439625656,0.019707714422607468,0.022485492200385242,0.02783954661563523,0.02199047010592999
419,0.023027843311610764,0.02740011439625656,0.02740011439625656,0.011374381089274133,0.014152158867051911,0.021036825527199855,0.022657767129834073
475,0.023027843311610764,0.02740011439625656,0.02740011439625656,0.011374381089274133,0.01692993664482969,0.01423410443876448,0.022521274556762783
491,0.023027843311610764,0.02740011439625656,0.02740011439625656,0.011374381089274133,0.0280410477559408,0.031240907159852914,0.022748762178548265
492,0.023027843311610764,0.02740011439625656,0.02740011439625656,0.019707714422607468,0.0280410477559408,0.017635464982982168,0.02144449981364483
525,0.023027843311610764,0.02740011439625656,0.02740011439625656,0.0280410477559408,0.022485492200385242,0.024438186071417543,0.02202080178883472
606,0.023027843311610764,0.02740011439625656,0.02740011439625656,0.0280410477559408,0.03915215886705191,0.021036825527199855,0.02138383644783537
620,0.023027843311610764,0.02740011439625656,0.02740011439625656,0.0280410477559408,0.019707714422607468,0.031240907159852914,0.02171748495978741
633,0.023027843311610764,0.02740011439625656,0.02740011439625656,0.036374381089274134,0.0280410477559408,0.031240907159852914,0.02158099238671612
715,0.023027843311610764,0.02740011439625656,0.02740011439625656,0.044707714422607465,0.030818825533718577,0.02783954661563523,0.021626489911073216
975,0.023027843311610764,0.02740011439625656,0.02740011439625656,0.019707714422607468,0.02526326997816302,0.024438186071417543,0.021702319118335044
021,0.022989940595249423,0.026768402456900903,0.026768402456900903,0.044707714422607465,0.0280410477559408,0.034642267704070605,0.021565826545263754
032,0.022989940595249423,0.026768402456900903,0.026768402456900903,0.0280410477559408,0.02526326997816302,0.02783954661563523,0.02147483149654956
035,0.022989940595249423,0.026768402456900903,0.026768402456900903,0.036374381089274134,0.0280410477559408,0.031240907159852914,0.021626489911073216
063,0.022989940595249423,0.026768402456900903,0.026768402456900903,0.0280410477559408,0.030818825533718577,0.021036825527199855,0.021611324069620852
102,0.022989940595249423,0.026768402456900903,0.026768402456900903,0.019707714422607468,0.022485492200385242,0.04144498879250598,0.02226345525207257
115,0.022989940595249423,0.026768402456900903,0.026768402456900903,0.0280410477559408,0.0280410477559408,0.02783954661563523,0.02144449981364483
127,0.022989940595249423,0.026768402456900903,0.026768402456900903,0.0280410477559408,0.019707714422607468,0.024438186071417543,0.02199047010592999
138,0.022989940595249423,0.026768402456900903,0.026768402456900903,0.019707714422607468,0.02526326997816302,0.017635464982982168,0.021793314167049237
169,0.022989940595249423,0.026768402456900903,0.026768402456900903,0.044707714422607465,0.030818825533718577,0.01423410443876448,0.021505163179454292
189,0.022989940595249423,0.026768402456900903,0.026768402456900903,0.036374381089274134,0.030818825533718577,0.021036825527199855,0.021626489911073216
200,0.022989940595249423,0.026768402456900903,0.026768402456900903,0.0530410477559408,0.030818825533718577,0.021036825527199855,0.02148999733800193
206,0.022989940595249423,0.026768402456900903,0.026768402456900903,0.019707714422607468,0.022485492200385242,0.021036825527199855,0.0214141681307401
224,0.022989940595249423,0.026768402456900903,0.026768402456900903,0.019707714422607468,0.02526326997816302,0.031240907159852914,0.021808480008501604
239,0.022989940595249423,0.026768402456900903,0.026768402456900903,0.0280410477559408,0.02526326997816302,0.01423410443876448,0.021520329020906656
254,0.022989940595249423,0.026768402456900903,0.026768402456900903,0.0280410477559408,0.0280410477559408,0.02783954661563523,0.021429333972192464
274,0.022989940595249423,0.026768402456900903,0.026768402456900903,0.011374381089274133,0.014152158867051911,0.02783954661563523,0.022369616142239125
296,0.022989940595249423,0.026768402456900903,0.026768402456900903,0.011374381089274133,0.022485492200385242,0.024438186071417543,0.022308952776429667
336,0.022989940595249423,0.026768402456900903,0.026768402456900903,0.019707714422607468,0.019707714422607468,0.024438186071417543,0.02168715327688268
344,0.022989940595249423,0.026768402456900903,0.026768402456900903,0.036374381089274134,0.02526326997816302,0.024438186071417543,0.021505163179454292
394,0.022989940595249423,0.026768402456900903,0.026768402456900903,0.036374381089274134,0.030818825533718577,0.031240907159852914,0.021671987435430314
395,0.022989940595249423,0.026768402456900903,0.026768402456900903,0.019707714422607468,0.0280410477559408,0.031240907159852914,0.021611324069620852
523,0.022989940595249423,0.026768402456900903,0.026768402456900903,0.019707714422607468,0.02526326997816302,0.021036825527199855,0.021914640898668163
549,0.022989940595249423,0.026768402456900903,0.026768402456900903,0.011374381089274133,0.019707714422607468,0.017635464982982168,0.022475777032405685
634,0.022989940595249423,0.026768402456900903,0.026768402456900903,0.044707714422607465,0.0280410477559408,0.034642267704070605,0.02144449981364483
647,0.022989940595249423,0.026768402456900903,0.026768402456900903,0.0280410477559408,0.022485492200385242,0.017635464982982168,0.02199047010592999
729,0.022989940595249423,0.026768402456900903,0.026768402456900903,0.0280410477559408,0.0280410477559408,0.021036825527199855,0.021747816642692142
742,0.022989940595249423,0.026768402456900903,0.026768402456900903,0.036374381089274134,0.0280410477559408,0.02783954661563523,0.021565826545263754
813,0.022989940595249423,0.026768402456900903,0.026768402456900903,0.019707714422607468,0.019707714422607468,0.017635464982982168,0.021929806740120527
879,0.022989940595249423,0.026768402456900903,0.026768402456900903,0.0280410477559408,0.0280410477559408,0.031240907159852914,0.021459665655097198
898,0.022989940595249423,0.026768402456900903,0.026768402456900903,0.011374381089274133,0.019707714422607468,0.021036825527199855,0.02338572751954762
903,0.022989940595249423,0.026768402456900903,0.026768402456900903,0.044707714422607465,0.0280410477559408,0.017635464982982168,0.021399002289287733
910,0.022989940595249423,0.026768402456900903,0.026768402456900903,0.019707714422607468,0.019707714422607468,0.034642267704070605,0.021611324069620852
916,0.022989940595249423,0.026768402456900903,0.026768402456900903,0.011374381089274133,0.019707714422607468,0.017635464982982168,0.0222937869349773
960,0.022989940595249423,0.026768402456900903,0.026768402456900903,0.0280410477559408,0.022485492200385242,0.031240907159852914,0.02148999733800193
003,0.022952037878888085,0.02613669051754525,0.02613669051754525,0.044707714422607465,0.022485492200385242,0.010832743894546793,0.021702319118335044
031,0.022952037878888085,0.02613669051754525,0.02613669051754525,0.036374381089274134,0.0280410477559408,0.024438186071417543,0.02158099238671612
097,0.022952037878888085,0.02613669051754525,0.02613669051754525,0.0280410477559408,0.03359660331149635,0.021036825527199855,0.02158099238671612
111,0.022952037878888085,0.02613669051754525,0.02613669051754525,0.0280410477559408,0.02526326997816302,0.021036825527199855,0.02202080178883472
131,0.022952037878888085,0.02613669051754525,0.02613669051754525,0.036374381089274134,0.0280410477559408,0.02783954661563523,0.021641655752525583
147,0.022952037878888085,0.02613669051754525,0.02613669051754525,0.019707714422607468,0.02526326997816302,0.031240907159852914,0.02158099238671612
158,0.022952037878888085,0.02613669051754525,0.02613669051754525,0.011374381089274133,0.01692993664482969,0.024438186071417543,0.0222937869349773
166,0.022952037878888085,0.02613669051754525,0.02613669051754525,0.0280410477559408,0.019707714422607468,0.024438186071417543,0.022142128520453646
174,0.022952037878888085,0.02613669051754525,0.02613669051754525,0.011374381089274133,0.0280410477559408,0.024438186071417543,0.022384781983691492
191,0.022952037878888085,0.02613669051754525,0.02613669051754525,0.019707714422607468,0.030818825533718577,0.031240907159852914,0.022051133471739454
217,0.022952037878888085,0.02613669051754525,0.02613669051754525,0.044707714422607465,0.030818825533718577,0.024438186071417543,0.02144449981364483
250,0.022952037878888085,0.02613669051754525,0.02613669051754525,0.0280410477559408,0.03915215886705191,0.024438186071417543,0.021793314167049237
289,0.022952037878888085,0.02613669051754525,0.02613669051754525,0.011374381089274133,0.014152158867051911,0.031240907159852914,0.023446390885357077
292,0.022952037878888085,0.02613669051754525,0.02613669051754525,0.011374381089274133,0.022485492200385242,0.024438186071417543,0.02246061119095332
313,0.022952037878888085,0.02613669051754525,0.02613669051754525,0.044707714422607465,0.03359660331149635,0.02783954661563523,0.021535494862359023
318,0.022952037878888085,0.02613669051754525,0.02613669051754525,0.036374381089274134,0.022485492200385242,0.017635464982982168,0.0214141681307401
341,0.022952037878888085,0.02613669051754525,0.02613669051754525,0.011374381089274133,0.022485492200385242,0.021036825527199855,0.02256677208111988
391,0.022952037878888085,0.02613669051754525,0.02613669051754525,0.019707714422607468,0.0280410477559408,0.034642267704070605,0.021914640898668163
396,0.022952037878888085,0.02613669051754525,0.02613669051754525,0.011374381089274133,0.01692993664482969,0.034642267704070605,0.022657767129834073
417,0.022952037878888085,0.02613669051754525,0.02613669051754525,0.036374381089274134,0.030818825533718577,0.024438186071417543,0.021808480008501604
435,0.022952037878888085,0.02613669051754525,0.02613669051754525,0.036374381089274134,0.02526326997816302,0.031240907159852914,0.021399002289287733
447,0.022952037878888085,0.02613669051754525,0.02613669051754525,0.019707714422607468,0.02526326997816302,0.02783954661563523,0.02223312356916784
450,0.022952037878888085,0.02613669051754525,0.02613669051754525,0.019707714422607468,0.019707714422607468,0.02783954661563523,0.021747816642692142
481,0.022952037878888085,0.02613669051754525,0.02613669051754525,0.019707714422607468,0.02526326997816302,0.02783954661563523,0.021808480008501604
509,0.022952037878888085,0.02613669051754525,0.02613669051754525,0.036374381089274134,0.03359660331149635,0.031240907159852914,0.02155066070381139
543,0.022952037878888085,0.02613669051754525,0.02613669051754525,0.011374381089274133,0.01692993664482969,0.02783954661563523,0.022718430495643534
561,0.022952037878888085,0.02613669051754525,0.02613669051754525,0.019707714422607468,0.0280410477559408,0.024438186071417543,0.02182364584995397
605,0.022952037878888085,0.02613669051754525,0.02613669051754525,0.019707714422607468,0.03359660331149635,0.031240907159852914,0.021702319118335044
625,0.022952037878888085,0.02613669051754525,0.02613669051754525,0.011374381089274133,0.022485492200385242,0.02783954661563523,0.022688098812738804
665,0.022952037878888085,0.02613669051754525,0.02613669051754525,0.0280410477559408,0.02526326997816302,0.024438186071417543,0.02182364584995397
666,0.022952037878888085,0.02613669051754525,0.02613669051754525,0.0280410477559408,0.03359660331149635,0.031240907159852914,0.02144449981364483
669,0.022952037878888085,0.02613669051754525,0.02613669051754525,0.019707714422607468,0.0280410477559408,0.024438186071417543,0.021747816642692142
710,0.022952037878888085,0.02613669051754525,0.02613669051754525,0.0280410477559408,0.022485492200385242,0.024438186071417543,0.022172460203358377
720,0.022952037878888085,0.02613669051754525,0.02613669051754525,0.044707714422607465,0.03359660331149635,0.04144498879250598,0.022005635947382356
727,0.022952037878888085,0.02613669051754525,0.02613669051754525,0.019707714422607468,0.0280410477559408,0.024438186071417543,0.02223312356916784
745,0.022952037878888085,0.02613669051754525,0.02613669051754525,0.0280410477559408,0.019707714422607468,0.024438186071417543,0.021399002289287733
761,0.022952037878888085,0.02613669051754525,0.02613669051754525,0.036374381089274134,0.022485492200385242,0.024438186071417543,0.021899475057215796
794,0.022952037878888085,0.02613669051754525,0.02613669051754525,0.0280410477559408,0.02526326997816302,0.04144498879250598,0.02147483149654956
829,0.022952037878888085,0.02613669051754525,0.02613669051754525,0.011374381089274133,0.01692993664482969,0.024438186071417543,0.02314307405630977
844,0.022952037878888085,0.02613669051754525,0.02613669051754525,0.011374381089274133,0.02526326997816302,0.031240907159852914,0.02246061119095332
847,0.022952037878888085,0.02613669051754525,0.02613669051754525,0.019707714422607468,0.022485492200385242,0.03804362824828829,0.021793314167049237
851,0.022952037878888085,0.02613669051754525,0.02613669051754525,0.036374381089274134,0.036374381089274134,0.031240907159852914,0.021565826545263754
889,0.022952037878888085,0.02613669051754525,0.02613669051754525,0.019707714422607468,0.02526326997816302,0.01423410443876448,0.02159615822816849
902,0.022952037878888085,0.02613669051754525,0.02613669051754525,0.0280410477559408,0.01692993664482969,0.021036825527199855,0.022142128520453646
937,0.022952037878888085,0.02613669051754525,0.02613669051754525,0.019707714422607468,0.019707714422607468,0.01423410443876448,0.021656821593977946
990,0.022952037878888085,0.02613669051754525,0.02613669051754525,0.019707714422607468,0.01692993664482969,0.031240907159852914,0.021641655752525583
022,0.022914135162526744,0.025504978578189598,0.025504978578189598,0.0280410477559408,0.0280410477559408,0.031240907159852914,0.021505163179454292
046,0.022914135162526744,0.025504978578189598,0.025504978578189598,0.019707714422607468,0.0280410477559408,0.02783954661563523,0.021505163179454292
049,0.022914135162526744,0.025504978578189598,0.025504978578189598,0.011374381089274133,0.01692993664482969,0.01423410443876448,0.023507054251166542
121,0.022914135162526744,0.025504978578189598,0.025504978578189598,0.0280410477559408,0.019707714422607468,0.024438186071417543,0.02138383644783537
133,0.022914135162526744,0.025504978578189598,0.025504978578189598,0.0280410477559408,0.019707714422607468,0.021036825527199855,0.021975304264477625
139,0.022914135162526744,0.025504978578189598,0.025504978578189598,0.011374381089274133,0.014152158867051911,0.02783954661563523,0.022657767129834073
168,0.022914135162526744,0.025504978578189598,0.025504978578189598,0.019707714422607468,0.02526326997816302,0.034642267704070605,0.021793314167049237
196,0.022914135162526744,0.025504978578189598,0.025504978578189598,0.036374381089274134,0.030818825533718577,0.021036825527199855,0.02138383644783537
205,0.022914135162526744,0.025504978578189598,0.025504978578189598,0.0280410477559408,0.030818825533718577,0.024438186071417543,0.02155066070381139
208,0.022914135162526744,0.025504978578189598,0.025504978578189598,0.019707714422607468,0.0280410477559408,0.034642267704070605,0.021778148325596873
246,0.022914135162526744,0.025504978578189598,0.025504978578189598,0.019707714422607468,0.030818825533718577,0.021036825527199855,0.02144449981364483
277,0.022914135162526744,0.025504978578189598,0.025504978578189598,0.0280410477559408,0.0280410477559408,0.031240907159852914,0.021459665655097198
314,0.022914135162526744,0.025504978578189598,0.025504978578189598,0.036374381089274134,0.0280410477559408,0.024438186071417543,0.021429333972192464
349,0.022914135162526744,0.025504978578189598,0.025504978578189598,0.0280410477559408,0.022485492200385242,0.02783954661563523,0.02188430921576343
390,0.022914135162526744,0.025504978578189598,0.025504978578189598,0.019707714422607468,0.01692993664482969,0.010832743894546793,0.021565826545263754
398,0.022914135162526744,0.025504978578189598,0.025504978578189598,0.019707714422607468,0.03359660331149635,0.024438186071417543,0.022142128520453646
427,0.022914135162526744,0.025504978578189598,0.025504978578189598,0.0280410477559408,0.022485492200385242,0.04144498879250598,0.02159615822816849
482,0.022914135162526744,0.025504978578189598,0.025504978578189598,0.011374381089274133,0.014152158867051911,0.02783954661563523,0.02253644039821515
485,0.022914135162526744,0.025504978578189598,0.025504978578189598,0.0280410477559408,0.030818825533718577,0.021036825527199855,0.02138383644783537
559,0.022914135162526744,0.025504978578189598,0.025504978578189598,0.011374381089274133,0.019707714422607468,0.031240907159852914,0.02243027950804859
565,0.022914135162526744,0.025504978578189598,0.025504978578189598,0.0280410477559408,0.022485492200385242,0.017635464982982168,0.021565826545263754
568,0.022914135162526744,0.025504978578189598,0.025504978578189598,0.0280410477559408,0.0280410477559408,0.02783954661563523,0.02188430921576343
586,0.022914135162526744,0.025504978578189598,0.025504978578189598,0.0280410477559408,0.022485492200385242,0.03804362824828829,0.02211179683754891
594,0.022914135162526744,0.025504978578189598,0.025504978578189598,0.0280410477559408,0.019707714422607468,0.031240907159852914,0.021762982484144506
595,0.022914135162526744,0.025504978578189598,0.025504978578189598,0.044707714422607465,0.030818825533718577,0.034642267704070605,0.02159615822816849
603,0.022914135162526744,0.025504978578189598,0.025504978578189598,0.036374381089274134,0.022485492200385242,0.017635464982982168,0.021641655752525583
609,0.022914135162526744,0.025504978578189598,0.025504978578189598,0.011374381089274133,0.019707714422607468,0.021036825527199855,0.02364354682423783
618,0.022914135162526744,0.025504978578189598,0.025504978578189598,0.0280410477559408,0.02526326997816302,0.02783954661563523,0.022096630996096548
636,0.022914135162526744,0.025504978578189598,0.025504978578189598,0.0280410477559408,0.02526326997816302,0.02783954661563523,0.02168715327688268
651,0.022914135162526744,0.025504978578189598,0.025504978578189598,0.044707714422607465,0.03359660331149635,0.024438186071417543,0.0214141681307401
652,0.022914135162526744,0.025504978578189598,0.025504978578189598,0.0280410477559408,0.02526326997816302,0.024438186071417543,0.021520329020906656
686,0.022914135162526744,0.025504978578189598,0.025504978578189598,0.019707714422607468,0.02526326997816302,0.017635464982982168,0.021944972581572894
688,0.022914135162526744,0.025504978578189598,0.025504978578189598,0.0280410477559408,0.030818825533718577,0.024438186071417543,0.021929806740120527
704,0.022914135162526744,0.025504978578189598,0.025504978578189598,0.044707714422607465,0.030818825533718577,0.021036825527199855,0.02138383644783537
705,0.022914135162526744,0.025504978578189598,0.025504978578189598,0.036374381089274134,0.0280410477559408,0.021036825527199855,0.02158099238671612
736,0.022914135162526744,0.025504978578189598,0.025504978578189598,0.0280410477559408,0.019707714422607468,0.021036825527199855,0.0214141681307401
740,0.022914135162526744,0.025504978578189598,0.025504978578189598,0.036374381089274134,0.03359660331149635,0.02783954661563523,0.021626489911073216
752,0.022914135162526744,0.025504978578189598,0.025504978578189598,0.019707714422607468,0.0280410477559408,0.021036825527199855,0.021641655752525583
764,0.022914135162526744,0.025504978578189598,0.025504978578189598,0.036374381089274134,0.03359660331149635,0.034642267704070605,0.02144449981364483
791,0.022914135162526744,0.025504978578189598,0.025504978578189598,0.0280410477559408,0.02526326997816302,0.017635464982982168,0.021671987435430314
799,0.022914135162526744,0.025504978578189598,0.025504978578189598,0.019707714422607468,0.022485492200385242,0.01423410443876448,0.02155066070381139
814,0.022914135162526744,0.025504978578189598,0.025504978578189598,0.011374381089274133,0.01692993664482969,0.02783954661563523,0.023507054251166542
853,0.022914135162526744,0.025504978578189598,0.025504978578189598,0.044707714422607465,0.0280410477559408,0.031240907159852914,0.02147483149654956
869,0.022914135162526744,0.025504978578189598,0.025504978578189598,0.019707714422607468,0.0280410477559408,0.024438186071417543,0.022142128520453646
936,0.022914135162526744,0.025504978578189598,0.025504978578189598,0.0280410477559408,0.022485492200385242,0.021036825527199855,0.022051133471739454
959,0.022914135162526744,0.025504978578189598,0.025504978578189598,0.044707714422607465,0.036374381089274134,0.02783954661563523,0.021429333972192464
966,0.022914135162526744,0.025504978578189598,0.025504978578189598,0.019707714422607468,0.014152158867051911,0.017635464982982168,0.02159615822816849
014,0.022876232446165407,0.024873266638833942,0.024873266638833942,0.019707714422607468,0.022485492200385242,0.021036825527199855,0.02196013842302526
023,0.022876232446165407,0.024873266638833942,0.024873266638833942,0.019707714422607468,0.022485492200385242,0.017635464982982168,0.0218539775328587
028,0.022876232446165407,0.024873266638833942,0.024873266638833942,0.036374381089274134,0.02526326997816302,0.031240907159852914,0.021641655752525583
087,0.022876232446165407,0.024873266638833942,0.024873266638833942,0.019707714422607468,0.022485492200385242,0.031240907159852914,0.021626489911073216
098,0.022876232446165407,0.024873266638833942,0.024873266638833942,0.011374381089274133,0.02526326997816302,0.031240907159852914,0.022308952776429667
106,0.022876232446165407,0.024873266638833942,0.024873266638833942,0.019707714422607468,0.030818825533718577,0.034642267704070605,0.022005635947382356
109,0.022876232446165407,0.024873266638833942,0.024873266638833942,0.0280410477559408,0.02526326997816302,0.024438186071417543,0.021399002289287733
125,0.022876232446165407,0.024873266638833942,0.024873266638833942,0.019707714422607468,0.0280410477559408,0.024438186071417543,0.02215729436190601
159,0.022876232446165407,0.024873266638833942,0.024873266638833942,0.019707714422607468,0.019707714422607468,0.034642267704070605,0.021459665655097198
215,0.022876232446165407,0.024873266638833942,0.024873266638833942,0.011374381089274133,0.01692993664482969,0.024438186071417543,0.022642601288381706
236,0.022876232446165407,0.024873266638833942,0.024873266638833942,0.036374381089274134,0.02526326997816302,0.02783954661563523,0.021838811691406335
264,0.022876232446165407,0.024873266638833942,0.024873266638833942,0.036374381089274134,0.022485492200385242,0.017635464982982168,0.021505163179454292
299,0.022876232446165407,0.024873266638833942,0.024873266638833942,0.0530410477559408,0.030818825533718577,0.034642267704070605,0.021656821593977946
300,0.022876232446165407,0.024873266638833942,0.024873266638833942,0.044707714422607465,0.02526326997816302,0.02783954661563523,0.021429333972192464
302,0.022876232446165407,0.024873266638833942,0.024873266638833942,0.019707714422607468,0.01692993664482969,0.017635464982982168,0.021732650801239775
310,0.022876232446165407,0.024873266638833942,0.024873266638833942,0.0280410477559408,0.019707714422607468,0.021036825527199855,0.022081465154644184
312,0.022876232446165407,0.024873266638833942,0.024873266638833942,0.011374381089274133,0.019707714422607468,0.021036825527199855,0.02293075227597665
316,0.022876232446165407,0.024873266638833942,0.024873266638833942,0.0280410477559408,0.02526326997816302,0.021036825527199855,0.021429333972192464
339,0.022876232446165407,0.024873266638833942,0.024873266638833942,0.036374381089274134,0.02526326997816302,0.017635464982982168,0.021520329020906656
379,0.022876232446165407,0.024873266638833942,0.024873266638833942,0.036374381089274134,0.02526326997816302,0.017635464982982168,0.02144449981364483
389,0.022876232446165407,0.024873266638833942,0.024873266638833942,0.011374381089274133,0.019707714422607468,0.021036825527199855,0.022521274556762783
442,0.022876232446165407,0.024873266638833942,0.024873266638833942,0.019707714422607468,0.03359660331149635,0.021036825527199855,0.022081465154644184
460,0.022876232446165407,0.024873266638833942,0.024873266638833942,0.0280410477559408,0.0280410477559408,0.024438186071417543,0.021626489911073216
461,0.022876232446165407,0.024873266638833942,0.024873266638833942,0.011374381089274133,0.022485492200385242,0.017635464982982168,0.022415113666596223
508,0.022876232446165407,0.024873266638833942,0.024873266638833942,0.019707714422607468,0.019707714422607468,0.021036825527199855,0.02202080178883472
517,0.022876232446165407,0.024873266638833942,0.024873266638833942,0.0280410477559408,0.0280410477559408,0.021036825527199855,0.0218539775328587
569,0.022876232446165407,0.024873266638833942,0.024873266638833942,0.0280410477559408,0.030818825533718577,0.024438186071417543,0.02138383644783537
582,0.022876232446165407,0.024873266638833942,0.024873266638833942,0.011374381089274133,0.0280410477559408,0.021036825527199855,0.022339284459334394
601,0.022876232446165407,0.024873266638833942,0.024873266638833942,0.0280410477559408,0.022485492200385242,0.024438186071417543,0.021778148325596873
610,0.022876232446165407,0.024873266638833942,0.024873266638833942,0.0280410477559408,0.022485492200385242,0.02783954661563523,0.021732650801239775
627,0.022876232446165407,0.024873266638833942,0.024873266638833942,0.019707714422607468,0.02526326997816302,0.021036825527199855,0.022248289410620202
672,0.022876232446165407,0.024873266638833942,0.024873266638833942,0.011374381089274133,0.019707714422607468,0.017635464982982168,0.02320373742211923
679,0.022876232446165407,0.024873266638833942,0.024873266638833942,0.019707714422607468,0.019707714422607468,0.017635464982982168,0.021808480008501604
683,0.022876232446165407,0.024873266638833942,0.024873266638833942,0.0280410477559408,0.02526326997816302,0.024438186071417543,0.021459665655097198
690,0.022876232446165407,0.024873266638833942,0.024873266638833942,0.0280410477559408,0.02526326997816302,0.024438186071417543,0.021459665655097198
718,0.022876232446165407,0.024873266638833942,0.024873266638833942,0.0280410477559408,0.0280410477559408,0.024438186071417543,0.021535494862359023
735,0.022876232446165407,0.024873266638833942,0.024873266638833942,0.036374381089274134,0.02526326997816302,0.031240907159852914,0.02138383644783537
766,0.022876232446165407,0.024873266638833942,0.024873266638833942,0.011374381089274133,0.014152158867051911,0.024438186071417543,0.023689044348594923
772,0.022876232446165407,0.024873266638833942,0.024873266638833942,0.036374381089274134,0.0280410477559408,0.024438186071417543,0.021459665655097198
804,0.022876232446165407,0.024873266638833942,0.024873266638833942,0.019707714422607468,0.022485492200385242,0.02783954661563523,0.021565826545263754
816,0.022876232446165407,0.024873266638833942,0.024873266638833942,0.011374381089274133,0.014152158867051911,0.02783954661563523,0.02276392802000063
841,0.022876232446165407,0.024873266638833942,0.024873266638833942,0.019707714422607468,0.01692993664482969,0.031240907159852914,0.022081465154644184
850,0.022876232446165407,0.024873266638833942,0.024873266638833942,0.019707714422607468,0.022485492200385242,0.034642267704070605,0.022096630996096548
876,0.022876232446165407,0.024873266638833942,0.024873266638833942,0.0280410477559408,0.02526326997816302,0.02783954661563523,0.02168715327688268
877,0.022876232446165407,0.024873266638833942,0.024873266638833942,0.019707714422607468,0.02526326997816302,0.024438186071417543,0.02215729436190601
883,0.022876232446165407,0.024873266638833942,0.024873266638833942,0.011374381089274133,0.019707714422607468,0.010832743894546793,0.02246061119095332
887,0.022876232446165407,0.024873266638833942,0.024873266638833942,0.019707714422607468,0.022485492200385242,0.02783954661563523,0.02212696267900128
904,0.022876232446165407,0.024873266638833942,0.024873266638833942,0.019707714422607468,0.019707714422607468,0.021036825527199855,0.022187626044810744
908,0.022876232446165407,0.024873266638833942,0.024873266638833942,0.0280410477559408,0.01692993664482969,0.02783954661563523,0.022005635947382356
913,0.022876232446165407,0.024873266638833942,0.024873266638833942,0.0280410477559408,0.0280410477559408,0.024438186071417543,0.021762982484144506
917,0.022876232446165407,0.024873266638833942,0.024873266638833942,0.019707714422607468,0.03359660331149635,0.02783954661563523,0.0218539775328587
927,0.022876232446165407,0.024873266638833942,0.024873266638833942,0.011374381089274133,0.030818825533718577,0.024438186071417543,0.022870088910167192
938,0.022876232446165407,0.024873266638833942,0.024873266638833942,0.036374381089274134,0.030818825533718577,0.031240907159852914,0.021869143374311065
946,0.022876232446165407,0.024873266638833942,0.024873266638833942,0.019707714422607468,0.019707714422607468,0.01423410443876448,0.02199047010592999
989,0.022876232446165407,0.024873266638833942,0.024873266638833942,0.019707714422607468,0.030818825533718577,0.017635464982982168,0.021520329020906656
996,0.022876232446165407,0.024873266638833942,0.024873266638833942,0.019707714422607468,0.019707714422607468,0.02783954661563523,0.02147483149654956
034,0.022838329729804065,0.02424155469947829,0.02424155469947829,0.0280410477559408,0.022485492200385242,0.034642267704070605,0.022005635947382356
074,0.022838329729804065,0.02424155469947829,0.02424155469947829,0.036374381089274134,0.030818825533718577,0.034642267704070605,0.021914640898668163
075,0.022838329729804065,0.02424155469947829,0.02424155469947829,0.019707714422607468,0.02526326997816302,0.034642267704070605,0.02148999733800193
099,0.022838329729804065,0.02424155469947829,0.02424155469947829,0.0280410477559408,0.022485492200385242,0.02783954661563523,0.021429333972192464
150,0.022838329729804065,0.02424155469947829,0.02424155469947829,0.0280410477559408,0.03359660331149635,0.02783954661563523,0.02168715327688268
162,0.022838329729804065,0.02424155469947829,0.02424155469947829,0.036374381089274134,0.022485492200385242,0.010832743894546793,0.022035967630287086
164,0.022838329729804065,0.02424155469947829,0.02424155469947829,0.036374381089274134,0.019707714422607468,0.017635464982982168,0.02148999733800193
183,0.022838329729804065,0.02424155469947829,0.02424155469947829,0.036374381089274134,0.030818825533718577,0.024438186071417543,0.021505163179454292
190,0.022838329729804065,0.02424155469947829,0.02424155469947829,0.011374381089274133,0.01692993664482969,0.02783954661563523,0.02256677208111988
202,0.022838329729804065,0.02424155469947829,0.02424155469947829,0.0280410477559408,0.0280410477559408,0.021036825527199855,0.022096630996096548
225,0.022838329729804065,0.02424155469947829,0.02424155469947829,0.011374381089274133,0.01692993664482969,0.02783954661563523,0.022824591385810094
228,0.022838329729804065,0.02424155469947829,0.02424155469947829,0.019707714422607468,0.022485492200385242,0.017635464982982168,0.02155066070381139
252,0.022838329729804065,0.02424155469947829,0.02424155469947829,0.019707714422607468,0.03359660331149635,0.02783954661563523,0.02188430921576343
270,0.022838329729804065,0.02424155469947829,0.02424155469947829,0.0280410477559408,0.022485492200385242,0.024438186071417543,0.02171748495978741
278,0.022838329729804065,0.02424155469947829,0.02424155469947829,0.019707714422607468,0.030818825533718577,0.021036825527199855,0.02199047010592999
291,0.022838329729804065,0.02424155469947829,0.02424155469947829,0.011374381089274133,0.019707714422607468,0.02783954661563523,0.022551606239667513
297,0.022838329729804065,0.02424155469947829,0.02424155469947829,0.011374381089274133,0.014152158867051911,0.021036825527199855,0.02327956662938106
306,0.022838329729804065,0.02424155469947829,0.02424155469947829,0.011374381089274133,0.01692993664482969,0.021036825527199855,0.02293075227597665
308,0.022838329729804065,0.02424155469947829,0.02424155469947829,0.019707714422607468,0.019707714422607468,0.024438186071417543,0.022035967630287086
317,0.022838329729804065,0.02424155469947829,0.02424155469947829,0.019707714422607468,0.022485492200385242,0.017635464982982168,0.02202080178883472
322,0.022838329729804065,0.02424155469947829,0.02424155469947829,0.044707714422607465,0.02526326997816302,0.017635464982982168,0.021520329020906656
330,0.022838329729804065,0.02424155469947829,0.02424155469947829,0.011374381089274133,0.02526326997816302,0.02783954661563523,0.02299141564178611
353,0.022838329729804065,0.02424155469947829,0.02424155469947829,0.019707714422607468,0.022485492200385242,0.034642267704070605,0.02168715327688268
360,0.022838329729804065,0.02424155469947829,0.02424155469947829,0.0280410477559408,0.0280410477559408,0.031240907159852914,0.02155066070381139
365,0.022838329729804065,0.02424155469947829,0.02424155469947829,0.019707714422607468,0.022485492200385242,0.01423410443876448,0.02188430921576343
368,0.022838329729804065,0.02424155469947829,0.02424155469947829,0.019707714422607468,0.02526326997816302,0.02783954661563523,0.02221795772771547
380,0.022838329729804065,0.02424155469947829,0.02424155469947829,0.011374381089274133,0.01692993664482969,0.024438186071417543,0.02355255177552364
381,0.022838329729804065,0.02424155469947829,0.02424155469947829,0.036374381089274134,0.0280410477559408,0.01423410443876448,0.02199047010592999
383,0.022838329729804065,0.02424155469947829,0.02424155469947829,0.0530410477559408,0.030818825533718577,0.024438186071417543,0.021429333972192464
392,0.022838329729804065,0.02424155469947829,0.02424155469947829,0.0280410477559408,0.0280410477559408,0.031240907159852914,0.0214141681307401
399,0.022838329729804065,0.02424155469947829,0.02424155469947829,0.0280410477559408,0.019707714422607468,0.021036825527199855,0.02138383644783537
402,0.022838329729804065,0.02424155469947829,0.02424155469947829,0.0280410477559408,0.022485492200385242,0.02783954661563523,0.021565826545263754
431,0.022838329729804065,0.02424155469947829,0.02424155469947829,0.011374381089274133,0.014152158867051911,0.024438186071417543,0.02408335622635643
463,0.022838329729804065,0.02424155469947829,0.02424155469947829,0.019707714422607468,0.022485492200385242,0.024438186071417543,0.022202791886263108
489,0.022838329729804065,0.02424155469947829,0.02424155469947829,0.019707714422607468,0.019707714422607468,0.017635464982982168,0.021535494862359023
490,0.022838329729804065,0.02424155469947829,0.02424155469947829,0.019707714422607468,0.030818825533718577,0.021036825527199855,0.02138383644783537
510,0.022838329729804065,0.02424155469947829,0.02424155469947829,0.0280410477559408,0.03359660331149635,0.02783954661563523,0.021869143374311065
542,0.022838329729804065,0.02424155469947829,0.02424155469947829,0.036374381089274134,0.0280410477559408,0.021036825527199855,0.02171748495978741
557,0.022838329729804065,0.02424155469947829,0.02424155469947829,0.0280410477559408,0.019707714422607468,0.02783954661563523,0.02168715327688268
567,0.022838329729804065,0.02424155469947829,0.02424155469947829,0.044707714422607465,0.030818825533718577,0.01423410443876448,0.021399002289287733
579,0.022838329729804065,0.02424155469947829,0.02424155469947829,0.019707714422607468,0.02526326997816302,0.02783954661563523,0.02155066070381139
597,0.022838329729804065,0.02424155469947829,0.02424155469947829,0.0280410477559408,0.01692993664482969,0.024438186071417543,0.022035967630287086
615,0.022838329729804065,0.02424155469947829,0.02424155469947829,0.0280410477559408,0.022485492200385242,0.02783954661563523,0.021399002289287733
632,0.022838329729804065,0.02424155469947829,0.02424155469947829,0.011374381089274133,0.019707714422607468,0.02783954661563523,0.022490942873858052
659,0.022838329729804065,0.02424155469947829,0.02424155469947829,0.011374381089274133,0.014152158867051911,0.024438186071417543,0.022839757227262458
668,0.022838329729804065,0.02424155469947829,0.02424155469947829,0.019707714422607468,0.01692993664482969,0.034642267704070605,0.021429333972192464
689,0.022838329729804065,0.02424155469947829,0.02424155469947829,0.0280410477559408,0.02526326997816302,0.031240907159852914,0.021399002289287733
698,0.022838329729804065,0.02424155469947829,0.02424155469947829,0.019707714422607468,0.01692993664482969,0.021036825527199855,0.021732650801239775
726,0.022838329729804065,0.02424155469947829,0.02424155469947829,0.0280410477559408,0.0280410477559408,0.031240907159852914,0.021747816642692142
748,0.022838329729804065,0.02424155469947829,0.02424155469947829,0.036374381089274134,0.03359660331149635,0.021036825527199855,0.0214141681307401
801,0.022838329729804065,0.02424155469947829,0.02424155469947829,0.0280410477559408,0.019707714422607468,0.021036825527199855,0.02212696267900128
832,0.022838329729804065,0.02424155469947829,0.02424155469947829,0.011374381089274133,0.019707714422607468,0.02783954661563523,0.022521274556762783
862,0.022838329729804065,0.02424155469947829,0.02424155469947829,0.036374381089274134,0.022485492200385242,0.017635464982982168,0.021747816642692142
866,0.022838329729804065,0.02424155469947829,0.02424155469947829,0.019707714422607468,0.022485492200385242,0.031240907159852914,0.022278621093524936
888,0.022838329729804065,0.02424155469947829,0.02424155469947829,0.044707714422607465,0.0280410477559408,0.03804362824828829,0.021671987435430314
891,0.022838329729804065,0.02424155469947829,0.02424155469947829,0.019707714422607468,0.030818825533718577,0.021036825527199855,0.022051133471739454
923,0.022838329729804065,0.02424155469947829,0.02424155469947829,0.0280410477559408,0.019707714422607468,0.017635464982982168,0.022172460203358377
930,0.022838329729804065,0.02424155469947829,0.02424155469947829,0.019707714422607468,0.02526326997816302,0.017635464982982168,0.021929806740120527
931,0.022838329729804065,0.02424155469947829,0.02424155469947829,0.036374381089274134,0.0280410477559408,0.024438186071417543,0.021641655752525583
933,0.022838329729804065,0.02424155469947829,0.02424155469947829,0.019707714422607468,0.02526326997816302,0.024438186071417543,0.021838811691406335
939,0.022838329729804065,0.02424155469947829,0.02424155469947829,0.0280410477559408,0.030818825533718577,0.021036825527199855,0.021762982484144506
943,0.022838329729804065,0.02424155469947829,0.02424155469947829,0.0280410477559408,0.022485492200385242,0.021036825527199855,0.02171748495978741
949,0.022838329729804065,0.02424155469947829,0.02424155469947829,0.0280410477559408,0.0280410477559408,0.031240907159852914,0.02168715327688268
956,0.022838329729804065,0.02424155469947829,0.02424155469947829,0.0280410477559408,0.02526326997816302,0.021036825527199855,0.021535494862359023
974,0.022838329729804065,0.02424155469947829,0.02424155469947829,0.0280410477559408,0.022485492200385242,0.034642267704070605,0.021505163179454292
982,0.022838329729804065,0.02424155469947829,0.02424155469947829,0.0280410477559408,0.030818825533718577,0.02783954661563523,0.022035967630287086
986,0.022838329729804065,0.02424155469947829,0.02424155469947829,0.0280410477559408,0.02526326997816302,0.017635464982982168,0.021656821593977946
997,0.022838329729804065,0.02424155469947829,0.02424155469947829,0.011374381089274133,0.019707714422607468,0.034642267704070605,0.02324923494647633
009,0.022800427013442728,0.023609842760122634,0.023609842760122634,0.019707714422607468,0.01692993664482969,0.021036825527199855,0.02211179683754891
036,0.022800427013442728,0.023609842760122634,0.023609842760122634,0.011374381089274133,0.01692993664482969,0.024438186071417543,0.02290042059307192
047,0.022800427013442728,0.023609842760122634,0.023609842760122634,0.011374381089274133,0.014152158867051911,0.024438186071417543,0.02341605920245235
054,0.022800427013442728,0.023609842760122634,0.023609842760122634,0.019707714422607468,0.0280410477559408,0.017635464982982168,0.02202080178883472
071,0.022800427013442728,0.023609842760122634,0.023609842760122634,0.019707714422607468,0.019707714422607468,0.01423410443876448,0.02144449981364483
116,0.022800427013442728,0.023609842760122634,0.023609842760122634,0.011374381089274133,0.019707714422607468,0.024438186071417543,0.02306724484904794
140,0.022800427013442728,0.023609842760122634,0.023609842760122634,0.011374381089274133,0.01692993664482969,0.017635464982982168,0.022824591385810094
173,0.022800427013442728,0.023609842760122634,0.023609842760122634,0.019707714422607468,0.0280410477559408,0.02783954661563523,0.021808480008501604
175,0.022800427013442728,0.023609842760122634,0.023609842760122634,0.011374381089274133,0.022485492200385242,0.024438186071417543,0.02290042059307192
177,0.022800427013442728,0.023609842760122634,0.023609842760122634,0.0280410477559408,0.0280410477559408,0.02783954661563523,0.021732650801239775
216,0.022800427013442728,0.023609842760122634,0.023609842760122634,0.019707714422607468,0.01692993664482969,0.024438186071417543,0.021747816642692142
248,0.022800427013442728,0.023609842760122634,0.023609842760122634,0.011374381089274133,0.014152158867051911,0.017635464982982168,0.022642601288381706
249,0.022800427013442728,0.023609842760122634,0.023609842760122634,0.036374381089274134,0.030818825533718577,0.024438186071417543,0.021565826545263754
251,0.022800427013442728,0.023609842760122634,0.023609842760122634,0.019707714422607468,0.0280410477559408,0.010832743894546793,0.021944972581572894
257,0.022800427013442728,0.023609842760122634,0.023609842760122634,0.019707714422607468,0.019707714422607468,0.01423410443876448,0.021611324069620852
260,0.022800427013442728,0.023609842760122634,0.023609842760122634,0.019707714422607468,0.019707714422607468,0.01423410443876448,0.022202791886263108
263,0.022800427013442728,0.023609842760122634,0.023609842760122634,0.019707714422607468,0.02526326997816302,0.010832743894546793,0.021747816642692142
279,0.022800427013442728,0.023609842760122634,0.023609842760122634,0.011374381089274133,0.01692993664482969,0.021036825527199855,0.022627435446929342
321,0.022800427013442728,0.023609842760122634,0.023609842760122634,0.036374381089274134,0.030818825533718577,0.02783954661563523,0.02138383644783537
335,0.022800427013442728,0.023609842760122634,0.023609842760122634,0.019707714422607468,0.022485492200385242,0.031240907159852914,0.0218539775328587
352,0.022800427013442728,0.023609842760122634,0.023609842760122634,0.0280410477559408,0.030818825533718577,0.034642267704070605,0.021565826545263754
382,0.022800427013442728,0.023609842760122634,0.023609842760122634,0.011374381089274133,0.02526326997816302,0.021036825527199855,0.022475777032405685
407,0.022800427013442728,0.023609842760122634,0.023609842760122634,0.011374381089274133,0.022485492200385242,0.024438186071417543,0.022718430495643534
423,0.022800427013442728,0.023609842760122634,0.023609842760122634,0.011374381089274133,0.01692993664482969,0.021036825527199855,0.022506108715310415
429,0.022800427013442728,0.023609842760122634,0.023609842760122634,0.0280410477559408,0.02526326997816302,0.017635464982982168,0.021429333972192464
438,0.022800427013442728,0.023609842760122634,0.023609842760122634,0.036374381089274134,0.030818825533718577,0.021036825527199855,0.02148999733800193
446,0.022800427013442728,0.023609842760122634,0.023609842760122634,0.0530410477559408,0.030818825533718577,0.017635464982982168,0.0214141681307401
449,0.022800427013442728,0.023609842760122634,0.023609842760122634,0.0280410477559408,0.02526326997816302,0.017635464982982168,0.02148999733800193
452,0.022800427013442728,0.023609842760122634,0.023609842760122634,0.0280410477559408,0.0280410477559408,0.017635464982982168,0.021762982484144506
468,0.022800427013442728,0.023609842760122634,0.023609842760122634,0.036374381089274134,0.0280410477559408,0.017635464982982168,0.021656821593977946
471,0.022800427013442728,0.023609842760122634,0.023609842760122634,0.011374381089274133,0.019707714422607468,0.034642267704070605,0.022506108715310415
488,0.022800427013442728,0.023609842760122634,0.023609842760122634,0.011374381089274133,0.011374381089274133,0.02783954661563523,0.02411368790926116
540,0.022800427013442728,0.023609842760122634,0.023609842760122634,0.0280410477559408,0.02526326997816302,0.017635464982982168,0.02171748495978741
545,0.022800427013442728,0.023609842760122634,0.023609842760122634,0.011374381089274133,0.022485492200385242,0.02783954661563523,0.02232411861788203
553,0.022800427013442728,0.023609842760122634,0.023609842760122634,0.0280410477559408,0.022485492200385242,0.017635464982982168,0.02158099238671612
566,0.022800427013442728,0.023609842760122634,0.023609842760122634,0.019707714422607468,0.02526326997816302,0.031240907159852914,0.021520329020906656
577,0.022800427013442728,0.023609842760122634,0.023609842760122634,0.011374381089274133,0.014152158867051911,0.021036825527199855,0.023188571580666867
583,0.022800427013442728,0.023609842760122634,0.023609842760122634,0.0280410477559408,0.0280410477559408,0.024438186071417543,0.021778148325596873
602,0.022800427013442728,0.023609842760122634,0.023609842760122634,0.019707714422607468,0.01692993664482969,0.01423410443876448,0.021535494862359023
642,0.022800427013442728,0.023609842760122634,0.023609842760122634,0.0280410477559408,0.022485492200385242,0.024438186071417543,0.021399002289287733
654,0.022800427013442728,0.023609842760122634,0.023609842760122634,0.0280410477559408,0.030818825533718577,0.017635464982982168,0.02182364584995397
694,0.022800427013442728,0.023609842760122634,0.023609842760122634,0.011374381089274133,0.019707714422607468,0.021036825527199855,0.023082410690500304
695,0.022800427013442728,0.023609842760122634,0.023609842760122634,0.019707714422607468,0.0280410477559408,0.024438186071417543,0.02215729436190601
696,0.022800427013442728,0.023609842760122634,0.023609842760122634,0.019707714422607468,0.019707714422607468,0.017635464982982168,0.021975304264477625
709,0.022800427013442728,0.023609842760122634,0.023609842760122634,0.011374381089274133,0.019707714422607468,0.034642267704070605,0.02382553692166622
712,0.022800427013442728,0.023609842760122634,0.023609842760122634,0.011374381089274133,0.022485492200385242,0.017635464982982168,0.022779093861453
716,0.022800427013442728,0.023609842760122634,0.023609842760122634,0.011374381089274133,0.01692993664482969,0.031240907159852914,0.023218903263571594
732,0.022800427013442728,0.023609842760122634,0.023609842760122634,0.036374381089274134,0.0280410477559408,0.02783954661563523,0.021429333972192464
738,0.022800427013442728,0.023609842760122634,0.023609842760122634,0.036374381089274134,0.02526326997816302,0.021036825527199855,0.021399002289287733
755,0.022800427013442728,0.023609842760122634,0.023609842760122634,0.011374381089274133,0.022485492200385242,0.024438186071417543,0.022597103764024608
770,0.022800427013442728,0.023609842760122634,0.023609842760122634,0.036374381089274134,0.019707714422607468,0.021036825527199855,0.021671987435430314
775,0.022800427013442728,0.023609842760122634,0.023609842760122634,0.0280410477559408,0.01692993664482969,0.021036825527199855,0.022172460203358377
782,0.022800427013442728,0.023609842760122634,0.023609842760122634,0.019707714422607468,0.014152158867051911,0.034642267704070605,0.021520329020906656
800,0.022800427013442728,0.023609842760122634,0.023609842760122634,0.0280410477559408,0.01692993664482969,0.01423410443876448,0.021626489911073216
817,0.022800427013442728,0.023609842760122634,0.023609842760122634,0.044707714422607465,0.036374381089274134,0.017635464982982168,0.021808480008501604
819,0.022800427013442728,0.023609842760122634,0.023609842760122634,0.0280410477559408,0.022485492200385242,0.021036825527199855,0.021899475057215796
840,0.022800427013442728,0.023609842760122634,0.023609842760122634,0.0280410477559408,0.02526326997816302,0.024438186071417543,0.02223312356916784
857,0.022800427013442728,0.023609842760122634,0.023609842760122634,0.011374381089274133,0.01692993664482969,0.021036825527199855,0.022779093861453
858,0.022800427013442728,0.023609842760122634,0.023609842760122634,0.019707714422607468,0.019707714422607468,0.021036825527199855,0.022248289410620202
882,0.022800427013442728,0.023609842760122634,0.023609842760122634,0.011374381089274133,0.011374381089274133,0.01423410443876448,0.02411368790926116
897,0.022800427013442728,0.023609842760122634,0.023609842760122634,0.036374381089274134,0.030818825533718577,0.021036825527199855,0.021702319118335044
900,0.022800427013442728,0.023609842760122634,0.023609842760122634,0.011374381089274133,0.02526326997816302,0.017635464982982168,0.02256677208111988
909,0.022800427013442728,0.023609842760122634,0.023609842760122634,0.0280410477559408,0.0280410477559408,0.02783954661563523,0.022005635947382356
950,0.022800427013442728,0.023609842760122634,0.023609842760122634,0.0280410477559408,0.022485492200385242,0.034642267704070605,0.021975304264477625
962,0.022800427013442728,0.023609842760122634,0.023609842760122634,0.036374381089274134,0.02526326997816302,0.01423410443876448,0.02155066070381139
965,0.022800427013442728,0.023609842760122634,0.023609842760122634,0.0280410477559408,0.022485492200385242,0.021036825527199855,0.02144449981364483
993,0.022800427013442728,0.023609842760122634,0.023609842760122634,0.0280410477559408,0.02526326997816302,0.021036825527199855,0.021626489911073216
001,0.022762524297081387,0.02297813082076698,0.02297813082076698,0.019707714422607468,0.0280410477559408,0.024438186071417543,0.0218539775328587
010,0.022762524297081387,0.02297813082076698,0.02297813082076698,0.011374381089274133,0.022485492200385242,0.034642267704070605,0.022308952776429667
020,0.022762524297081387,0.02297813082076698,0.02297813082076698,0.036374381089274134,0.019707714422607468,0.024438186071417543,0.02148999733800193
030,0.022762524297081387,0.02297813082076698,0.02297813082076698,0.011374381089274133,0.022485492200385242,0.021036825527199855,0.02235445030078676
043,0.022762524297081387,0.02297813082076698,0.02297813082076698,0.0280410477559408,0.02526326997816302,0.031240907159852914,0.021702319118335044
044,0.022762524297081387,0.02297813082076698,0.02297813082076698,0.019707714422607468,0.02526326997816302,0.024438186071417543,0.02202080178883472
045,0.022762524297081387,0.02297813082076698,0.02297813082076698,0.011374381089274133,0.019707714422607468,0.024438186071417543,0.0222937869349773
076,0.022762524297081387,0.02297813082076698,0.02297813082076698,0.011374381089274133,0.022485492200385242,0.02783954661563523,0.022703264654191167
086,0.022762524297081387,0.02297813082076698,0.02297813082076698,0.0280410477559408,0.02526326997816302,0.01423410443876448,0.021429333972192464
100,0.022762524297081387,0.02297813082076698,0.02297813082076698,0.011374381089274133,0.022485492200385242,0.01423410443876448,0.02246061119095332
104,0.022762524297081387,0.02297813082076698,0.02297813082076698,0.011374381089274133,0.02526326997816302,0.021036825527199855,0.022597103764024608
110,0.022762524297081387,0.02297813082076698,0.02297813082076698,0.019707714422607468,0.019707714422607468,0.034642267704070605,0.02158099238671612
126,0.022762524297081387,0.02297813082076698,0.02297813082076698,0.036374381089274134,0.022485492200385242,0.02783954661563523,0.02155066070381139
136,0.022762524297081387,0.02297813082076698,0.02297813082076698,0.0280410477559408,0.02526326997816302,0.034642267704070605,0.02147483149654956
143,0.022762524297081387,0.02297813082076698,0.02297813082076698,0.011374381089274133,0.01692993664482969,0.01423410443876448,0.02239994782514386
157,0.022762524297081387,0.02297813082076698,0.02297813082076698,0.019707714422607468,0.022485492200385242,0.024438186071417543,0.021671987435430314
161,0.022762524297081387,0.02297813082076698,0.02297813082076698,0.011374381089274133,0.014152158867051911,0.024438186071417543,0.02388620028747568
172,0.022762524297081387,0.02297813082076698,0.02297813082076698,0.036374381089274134,0.022485492200385242,0.024438186071417543,0.021459665655097198
198,0.022762524297081387,0.02297813082076698,0.02297813082076698,0.036374381089274134,0.036374381089274134,0.021036825527199855,0.021459665655097198
240,0.022762524297081387,0.02297813082076698,0.02297813082076698,0.0280410477559408,0.02526326997816302,0.024438186071417543,0.02155066070381139
265,0.022762524297081387,0.02297813082076698,0.02297813082076698,0.019707714422607468,0.030818825533718577,0.02783954661563523,0.021944972581572894
268,0.022762524297081387,0.02297813082076698,0.02297813082076698,0.0280410477559408,0.022485492200385242,0.01423410443876448,0.021399002289287733
273,0.022762524297081387,0.02297813082076698,0.02297813082076698,0.019707714422607468,0.019707714422607468,0.024438186071417543,0.022096630996096548
283,0.022762524297081387,0.02297813082076698,0.02297813082076698,0.019707714422607468,0.02526326997816302,0.01423410443876448,0.02199047010592999
301,0.022762524297081387,0.02297813082076698,0.02297813082076698,0.011374381089274133,0.011374381089274133,0.034642267704070605,0.02411368790926116
307,0.022762524297081387,0.02297813082076698,0.02297813082076698,0.011374381089274133,0.02526326997816302,0.02783954661563523,0.022779093861453
311,0.022762524297081387,0.02297813082076698,0.02297813082076698,0.011374381089274133,0.01692993664482969,0.031240907159852914,0.023491888409714175
331,0.022762524297081387,0.02297813082076698,0.02297813082076698,0.011374381089274133,0.02526326997816302,0.021036825527199855,0.022490942873858052
340,0.022762524297081387,0.02297813082076698,0.02297813082076698,0.019707714422607468,0.02526326997816302,0.010832743894546793,0.02171748495978741
371,0.022762524297081387,0.02297813082076698,0.02297813082076698,0.0280410477559408,0.019707714422607468,0.017635464982982168,0.021535494862359023
375,0.022762524297081387,0.02297813082076698,0.02297813082076698,0.011374381089274133,0.01692993664482969,0.017635464982982168,0.022369616142239125
403,0.022762524297081387,0.02297813082076698,0.02297813082076698,0.0280410477559408,0.01692993664482969,0.021036825527199855,0.021778148325596873
413,0.022762524297081387,0.02297813082076698,0.02297813082076698,0.011374381089274133,0.0280410477559408,0.021036825527199855,0.022490942873858052
430,0.022762524297081387,0.02297813082076698,0.02297813082076698,0.011374381089274133,0.019707714422607468,0.031240907159852914,0.023082410690500304
441,0.022762524297081387,0.02297813082076698,0.02297813082076698,0.0280410477559408,0.0280410477559408,0.031240907159852914,0.021641655752525583
462,0.022762524297081387,0.02297813082076698,0.02297813082076698,0.036374381089274134,0.019707714422607468,0.017635464982982168,0.02155066070381139
472,0.022762524297081387,0.02297813082076698,0.02297813082076698,0.036374381089274134,0.02526326997816302,0.02783954661563523,0.021778148325596873
478,0.022762524297081387,0.02297813082076698,0.02297813082076698,0.019707714422607468,0.01692993664482969,0.021036825527199855,0.021520329020906656
516,0.022762524297081387,0.02297813082076698,0.02297813082076698,0.044707714422607465,0.0280410477559408,0.021036825527199855,0.021656821593977946
519,0.022762524297081387,0.02297813082076698,0.02297813082076698,0.019707714422607468,0.019707714422607468,0.024438186071417543,0.021778148325596873
539,0.022762524297081387,0.02297813082076698,0.02297813082076698,0.0280410477559408,0.01692993664482969,0.031240907159852914,0.021520329020906656
546,0.022762524297081387,0.02297813082076698,0.02297813082076698,0.011374381089274133,0.022485492200385242,0.021036825527199855,0.0222937869349773
558,0.022762524297081387,0.02297813082076698,0.02297813082076698,0.019707714422607468,0.019707714422607468,0.017635464982982168,0.02199047010592999
560,0.022762524297081387,0.02297813082076698,0.02297813082076698,0.011374381089274133,0.014152158867051911,0.024438186071417543,0.023294732470833423
578,0.022762524297081387,0.02297813082076698,0.02297813082076698,0.0280410477559408,0.019707714422607468,0.021036825527199855,0.021459665655097198
614,0.022762524297081387,0.02297813082076698,0.02297813082076698,0.036374381089274134,0.022485492200385242,0.021036825527199855,0.021459665655097198
621,0.022762524297081387,0.02297813082076698,0.02297813082076698,0.019707714422607468,0.022485492200385242,0.01423410443876448,0.021975304264477625
641,0.022762524297081387,0.02297813082076698,0.02297813082076698,0.019707714422607468,0.019707714422607468,0.02783954661563523,0.022278621093524936
643,0.022762524297081387,0.02297813082076698,0.02297813082076698,0.044707714422607465,0.02526326997816302,0.031240907159852914,0.02148999733800193
675,0.022762524297081387,0.02297813082076698,0.02297813082076698,0.019707714422607468,0.019707714422607468,0.021036825527199855,0.02155066070381139
682,0.022762524297081387,0.02297813082076698,0.02297813082076698,0.019707714422607468,0.019707714422607468,0.02783954661563523,0.022202791886263108
687,0.022762524297081387,0.02297813082076698,0.02297813082076698,0.0530410477559408,0.036374381089274134,0.017635464982982168,0.021399002289287733
703,0.022762524297081387,0.02297813082076698,0.02297813082076698,0.011374381089274133,0.019707714422607468,0.024438186071417543,0.022885254751619555
707,0.022762524297081387,0.02297813082076698,0.02297813082076698,0.019707714422607468,0.019707714422607468,0.021036825527199855,0.02188430921576343
751,0.022762524297081387,0.02297813082076698,0.02297813082076698,0.036374381089274134,0.02526326997816302,0.010832743894546793,0.021762982484144506
753,0.022762524297081387,0.02297813082076698,0.02297813082076698,0.036374381089274134,0.030818825533718577,0.017635464982982168,0.02138383644783537
758,0.022762524297081387,0.02297813082076698,0.02297813082076698,0.011374381089274133,0.01692993664482969,0.021036825527199855,0.022809425544357727
760,0.022762524297081387,0.02297813082076698,0.02297813082076698,0.0280410477559408,0.03359660331149635,0.021036825527199855,0.022142128520453646
762,0.022762524297081387,0.02297813082076698,0.02297813082076698,0.0280410477559408,0.019707714422607468,0.021036825527199855,0.021641655752525583
765,0.022762524297081387,0.02297813082076698,0.02297813082076698,0.011374381089274133,0.022485492200385242,0.024438186071417543,0.02232411861788203
768,0.022762524297081387,0.02297813082076698,0.02297813082076698,0.019707714422607468,0.019707714422607468,0.021036825527199855,0.021732650801239775
776,0.022762524297081387,0.02297813082076698,0.02297813082076698,0.036374381089274134,0.02526326997816302,0.024438186071417543,0.02147483149654956
777,0.022762524297081387,0.02297813082076698,0.02297813082076698,0.0280410477559408,0.022485492200385242,0.02783954661563523,0.021641655752525583
779,0.022762524297081387,0.02297813082076698,0.02297813082076698,0.019707714422607468,0.0280410477559408,0.02783954661563523,0.021535494862359023
786,0.022762524297081387,0.02297813082076698,0.02297813082076698,0.0280410477559408,0.030818825533718577,0.017635464982982168,0.021505163179454292
788,0.022762524297081387,0.02297813082076698,0.02297813082076698,0.019707714422607468,0.02526326997816302,0.024438186071417543,0.022172460203358377
793,0.022762524297081387,0.02297813082076698,0.02297813082076698,0.019707714422607468,0.02526326997816302,0.017635464982982168,0.021565826545263754
820,0.022762524297081387,0.02297813082076698,0.02297813082076698,0.011374381089274133,0.02526326997816302,0.021036825527199855,0.023234069105023965
823,0.022762524297081387,0.02297813082076698,0.02297813082076698,0.036374381089274134,0.030818825533718577,0.031240907159852914,0.02147483149654956
827,0.022762524297081387,0.02297813082076698,0.02297813082076698,0.0530410477559408,0.03359660331149635,0.02783954661563523,0.021565826545263754
833,0.022762524297081387,0.02297813082076698,0.02297813082076698,0.036374381089274134,0.02526326997816302,0.02783954661563523,0.021944972581572894
859,0.022762524297081387,0.02297813082076698,0.02297813082076698,0.011374381089274133,0.011374381089274133,0.024438186071417543,0.02411368790926116
873,0.022762524297081387,0.02297813082076698,0.02297813082076698,0.0280410477559408,0.01692993664482969,0.01423410443876448,0.021732650801239775
880,0.022762524297081387,0.02297813082076698,0.02297813082076698,0.011374381089274133,0.022485492200385242,0.017635464982982168,0.02256677208111988
892,0.022762524297081387,0.02297813082076698,0.02297813082076698,0.0280410477559408,0.02526326997816302,0.021036825527199855,0.022202791886263108
895,0.022762524297081387,0.02297813082076698,0.02297813082076698,0.019707714422607468,0.0280410477559408,0.021036825527199855,0.021808480008501604
896,0.022762524297081387,0.02297813082076698,0.02297813082076698,0.036374381089274134,0.02526326997816302,0.021036825527199855,0.021520329020906656
915,0.022762524297081387,0.02297813082076698,0.02297813082076698,0.019707714422607468,0.019707714422607468,0.021036825527199855,0.02211179683754891
918,0.022762524297081387,0.02297813082076698,0.02297813082076698,0.0280410477559408,0.019707714422607468,0.02783954661563523,0.021808480008501604
920,0.022762524297081387,0.02297813082076698,0.02297813082076698,0.019707714422607468,0.019707714422607468,0.017635464982982168,0.02138383644783537
921,0.022762524297081387,0.02297813082076698,0.02297813082076698,0.011374381089274133,0.030818825533718577,0.034642267704070605,0.022642601288381706
928,0.022762524297081387,0.02297813082076698,0.02297813082076698,0.019707714422607468,0.019707714422607468,0.02783954661563523,0.02199047010592999
934,0.022762524297081387,0.02297813082076698,0.02297813082076698,0.0530410477559408,0.04192993664482969,0.01423410443876448,0.02148999733800193
942,0.022762524297081387,0.02297813082076698,0.02297813082076698,0.019707714422607468,0.022485492200385242,0.021036825527199855,0.021929806740120527
944,0.022762524297081387,0.02297813082076698,0.02297813082076698,0.044707714422607465,0.02526326997816302,0.034642267704070605,0.0214141681307401
955,0.022762524297081387,0.02297813082076698,0.02297813082076698,0.019707714422607468,0.022485492200385242,0.017635464982982168,0.02171748495978741
963,0.022762524297081387,0.02297813082076698,0.02297813082076698,0.0280410477559408,0.022485492200385242,0.024438186071417543,0.021520329020906656
970,0.022762524297081387,0.02297813082076698,0.02297813082076698,0.019707714422607468,0.01692993664482969,0.010832743894546793,0.02138383644783537
980,0.022762524297081387,0.02297813082076698,0.02297813082076698,0.011374381089274133,0.022485492200385242,0.024438186071417543,0.02256677208111988
988,0.022762524297081387,0.02297813082076698,0.02297813082076698,0.0280410477559408,0.019707714422607468,0.017635464982982168,0.021535494862359023
998,0.022762524297081387,0.02297813082076698,0.02297813082076698,0.036374381089274134,0.019707714422607468,0.024438186071417543,0.021565826545263754
039,0.02272462158072005,0.022346418881411326,0.022346418881411326,0.0280410477559408,0.01692993664482969,0.031240907159852914,0.02148999733800193
096,0.02272462158072005,0.022346418881411326,0.022346418881411326,0.036374381089274134,0.022485492200385242,0.02783954661563523,0.021429333972192464
113,0.02272462158072005,0.022346418881411326,0.022346418881411326,0.019707714422607468,0.030818825533718577,0.021036825527199855,0.02212696267900128
117,0.02272462158072005,0.022346418881411326,0.022346418881411326,0.0280410477559408,0.022485492200385242,0.021036825527199855,0.021656821593977946
123,0.02272462158072005,0.022346418881411326,0.022346418881411326,0.0280410477559408,0.030818825533718577,0.034642267704070605,0.02168715327688268
129,0.02272462158072005,0.022346418881411326,0.022346418881411326,0.019707714422607468,0.014152158867051911,0.01423410443876448,0.021762982484144506
130,0.02272462158072005,0.022346418881411326,0.022346418881411326,0.036374381089274134,0.019707714422607468,0.024438186071417543,0.021429333972192464
153,0.02272462158072005,0.022346418881411326,0.022346418881411326,0.011374381089274133,0.011374381089274133,0.031240907159852914,0.02411368790926116
155,0.02272462158072005,0.022346418881411326,0.022346418881411326,0.036374381089274134,0.030818825533718577,0.031240907159852914,0.02138383644783537
180,0.02272462158072005,0.022346418881411326,0.022346418881411326,0.0280410477559408,0.02526326997816302,0.02783954661563523,0.021520329020906656
188,0.02272462158072005,0.022346418881411326,0.022346418881411326,0.044707714422607465,0.0280410477559408,0.01423410443876448,0.021399002289287733
192,0.02272462158072005,0.022346418881411326,0.022346418881411326,0.0280410477559408,0.0280410477559408,0.01423410443876448,0.0214141681307401
195,0.02272462158072005,0.022346418881411326,0.022346418881411326,0.019707714422607468,0.01692993664482969,0.024438186071417543,0.022035967630287086
229,0.02272462158072005,0.022346418881411326,0.022346418881411326,0.019707714422607468,0.02526326997816302,0.01423410443876448,0.021975304264477625
232,0.02272462158072005,0.022346418881411326,0.022346418881411326,0.0280410477559408,0.0280410477559408,0.021036825527199855,0.02171748495978741
261,0.02272462158072005,0.022346418881411326,0.022346418881411326,0.036374381089274134,0.02526326997816302,0.01423410443876448,0.0214141681307401
329,0.02272462158072005,0.022346418881411326,0.022346418881411326,0.036374381089274134,0.030818825533718577,0.017635464982982168,0.021671987435430314
346,0.02272462158072005,0.022346418881411326,0.022346418881411326,0.019707714422607468,0.022485492200385242,0.021036825527199855,0.02147483149654956
348,0.02272462158072005,0.022346418881411326,0.022346418881411326,0.011374381089274133,0.01692993664482969,0.021036825527199855,0.0222937869349773
355,0.02272462158072005,0.022346418881411326,0.022346418881411326,0.0280410477559408,0.036374381089274134,0.024438186071417543,0.021459665655097198
384,0.02272462158072005,0.022346418881411326,0.022346418881411326,0.036374381089274134,0.03359660331149635,0.021036825527199855,0.0214141681307401
388,0.02272462158072005,0.022346418881411326,0.022346418881411326,0.019707714422607468,0.019707714422607468,0.031240907159852914,0.021778148325596873
412,0.02272462158072005,0.022346418881411326,0.022346418881411326,0.036374381089274134,0.036374381089274134,0.021036825527199855,0.02144449981364483
416,0.02272462158072005,0.022346418881411326,0.022346418881411326,0.019707714422607468,0.019707714422607468,0.017635464982982168,0.02138383644783537
426,0.02272462158072005,0.022346418881411326,0.022346418881411326,0.019707714422607468,0.022485492200385242,0.021036825527199855,0.021671987435430314
428,0.02272462158072005,0.022346418881411326,0.022346418881411326,0.019707714422607468,0.02526326997816302,0.021036825527199855,0.022187626044810744
433,0.02272462158072005,0.022346418881411326,0.022346418881411326,0.036374381089274134,0.019707714422607468,0.02783954661563523,0.0214141681307401
437,0.02272462158072005,0.022346418881411326,0.022346418881411326,0.0280410477559408,0.02526326997816302,0.024438186071417543,0.02147483149654956
444,0.02272462158072005,0.022346418881411326,0.022346418881411326,0.011374381089274133,0.019707714422607468,0.010832743894546793,0.023112742373405038
454,0.02272462158072005,0.022346418881411326,0.022346418881411326,0.011374381089274133,0.014152158867051911,0.017635464982982168,0.022976249800333748
458,0.02272462158072005,0.022346418881411326,0.022346418881411326,0.019707714422607468,0.03359660331149635,0.017635464982982168,0.021520329020906656
465,0.02272462158072005,0.022346418881411326,0.022346418881411326,0.011374381089274133,0.019707714422607468,0.017635464982982168,0.02267293297128644
479,0.02272462158072005,0.022346418881411326,0.022346418881411326,0.036374381089274134,0.0280410477559408,0.021036825527199855,0.021459665655097198
493,0.02272462158072005,0.022346418881411326,0.022346418881411326,0.044707714422607465,0.022485492200385242,0.01423410443876448,0.021535494862359023
495,0.02272462158072005,0.022346418881411326,0.022346418881411326,0.019707714422607468,0.02526326997816302,0.01423410443876448,0.022066299313191817
507,0.02272462158072005,0.022346418881411326,0.022346418881411326,0.0280410477559408,0.0280410477559408,0.024438186071417543,0.021505163179454292
518,0.02272462158072005,0.022346418881411326,0.022346418881411326,0.036374381089274134,0.022485492200385242,0.021036825527199855,0.021762982484144506
521,0.02272462158072005,0.022346418881411326,0.022346418881411326,0.0280410477559408,0.022485492200385242,0.017635464982982168,0.021732650801239775
530,0.02272462158072005,0.022346418881411326,0.022346418881411326,0.036374381089274134,0.022485492200385242,0.021036825527199855,0.02155066070381139
536,0.02272462158072005,0.022346418881411326,0.022346418881411326,0.019707714422607468,0.0280410477559408,0.02783954661563523,0.02159615822816849
562,0.02272462158072005,0.022346418881411326,0.022346418881411326,0.019707714422607468,0.03359660331149635,0.024438186071417543,0.022005635947382356
563,0.02272462158072005,0.022346418881411326,0.022346418881411326,0.011374381089274133,0.01692993664482969,0.021036825527199855,0.023006581483238482
587,0.02272462158072005,0.022346418881411326,0.022346418881411326,0.036374381089274134,0.019707714422607468,0.021036825527199855,0.021505163179454292
616,0.02272462158072005,0.022346418881411326,0.022346418881411326,0.0280410477559408,0.019707714422607468,0.017635464982982168,0.0218539775328587
630,0.02272462158072005,0.022346418881411326,0.022346418881411326,0.011374381089274133,0.019707714422607468,0.017635464982982168,0.022718430495643534
631,0.02272462158072005,0.022346418881411326,0.022346418881411326,0.019707714422607468,0.02526326997816302,0.017635464982982168,0.021975304264477625
638,0.02272462158072005,0.022346418881411326,0.022346418881411326,0.036374381089274134,0.036374381089274134,0.021036825527199855,0.021808480008501604
646,0.02272462158072005,0.022346418881411326,0.022346418881411326,0.036374381089274134,0.02526326997816302,0.021036825527199855,0.021641655752525583
663,0.02272462158072005,0.022346418881411326,0.022346418881411326,0.011374381089274133,0.014152158867051911,0.01423410443876448,0.022445445349500954
671,0.02272462158072005,0.022346418881411326,0.022346418881411326,0.011374381089274133,0.01692993664482969,0.024438186071417543,0.022597103764024608
681,0.02272462158072005,0.022346418881411326,0.022346418881411326,0.011374381089274133,0.014152158867051911,0.021036825527199855,0.02347672256826181
708,0.02272462158072005,0.022346418881411326,0.022346418881411326,0.036374381089274134,0.036374381089274134,0.021036825527199855,0.021429333972192464
728,0.02272462158072005,0.022346418881411326,0.022346418881411326,0.011374381089274133,0.019707714422607468,0.024438186071417543,0.022976249800333748
731,0.02272462158072005,0.022346418881411326,0.022346418881411326,0.011374381089274133,0.0280410477559408,0.017635464982982168,0.022521274556762783
737,0.02272462158072005,0.022346418881411326,0.022346418881411326,0.036374381089274134,0.030818825533718577,0.017635464982982168,0.02159615822816849
741,0.02272462158072005,0.022346418881411326,0.022346418881411326,0.019707714422607468,0.01692993664482969,0.031240907159852914,0.022187626044810744
756,0.02272462158072005,0.022346418881411326,0.022346418881411326,0.019707714422607468,0.014152158867051911,0.02783954661563523,0.02147483149654956
769,0.02272462158072005,0.022346418881411326,0.022346418881411326,0.011374381089274133,0.022485492200385242,0.021036825527199855,0.022308952776429667
778,0.02272462158072005,0.022346418881411326,0.022346418881411326,0.011374381089274133,0.019707714422607468,0.031240907159852914,0.022976249800333748
787,0.02272462158072005,0.022346418881411326,0.022346418881411326,0.019707714422607468,0.019707714422607468,0.02783954661563523,0.022051133471739454
796,0.02272462158072005,0.022346418881411326,0.022346418881411326,0.0280410477559408,0.0280410477559408,0.021036825527199855,0.021732650801239775
803,0.02272462158072005,0.022346418881411326,0.022346418881411326,0.019707714422607468,0.019707714422607468,0.021036825527199855,0.02138383644783537
809,0.02272462158072005,0.022346418881411326,0.022346418881411326,0.019707714422607468,0.022485492200385242,0.04144498879250598,0.02223312356916784
810,0.02272462158072005,0.022346418881411326,0.022346418881411326,0.0280410477559408,0.019707714422607468,0.017635464982982168,0.021762982484144506
824,0.02272462158072005,0.022346418881411326,0.022346418881411326,0.019707714422607468,0.01692993664482969,0.021036825527199855,0.022051133471739454
835,0.02272462158072005,0.022346418881411326,0.022346418881411326,0.011374381089274133,0.014152158867051911,0.02783954661563523,0.023097576531952674
852,0.02272462158072005,0.022346418881411326,0.022346418881411326,0.036374381089274134,0.0280410477559408,0.017635464982982168,0.021459665655097198
860,0.02272462158072005,0.022346418881411326,0.022346418881411326,0.011374381089274133,0.03359660331149635,0.021036825527199855,0.022490942873858052
872,0.02272462158072005,0.022346418881411326,0.022346418881411326,0.0280410477559408,0.030818825533718577,0.024438186071417543,0.02168715327688268
890,0.02272462158072005,0.022346418881411326,0.022346418881411326,0.011374381089274133,0.02526326997816302,0.010832743894546793,0.02239994782514386
894,0.02272462158072005,0.022346418881411326,0.022346418881411326,0.036374381089274134,0.02526326997816302,0.02783954661563523,0.02188430921576343
905,0.02272462158072005,0.022346418881411326,0.022346418881411326,0.011374381089274133,0.011374381089274133,0.024438186071417543,0.02411368790926116
945,0.02272462158072005,0.022346418881411326,0.022346418881411326,0.011374381089274133,0.02526326997816302,0.021036825527199855,0.02235445030078676
948,0.02272462158072005,0.022346418881411326,0.022346418881411326,0.0280410477559408,0.0280410477559408,0.01423410443876448,0.021929806740120527
969,0.02272462158072005,0.022346418881411326,0.022346418881411326,0.0280410477559408,0.01692993664482969,0.01423410443876448,0.021671987435430314
972,0.02272462158072005,0.022346418881411326,0.022346418881411326,0.011374381089274133,0.022485492200385242,0.02783954661563523,0.022384781983691492
005,0.02268671886435871,0.021714706942055673,0.021714706942055673,0.019707714422607468,0.014152158867051911,0.021036825527199855,0.022051133471739454
011,0.02268671886435871,0.021714706942055673,0.021714706942055673,0.036374381089274134,0.0280410477559408,0.024438186071417543,0.021611324069620852
012,0.02268671886435871,0.021714706942055673,0.021714706942055673,0.0280410477559408,0.02526326997816302,0.024438186071417543,0.022187626044810744
018,0.02268671886435871,0.021714706942055673,0.021714706942055673,0.036374381089274134,0.019707714422607468,0.02783954661563523,0.021808480008501604
024,0.02268671886435871,0.021714706942055673,0.021714706942055673,0.0280410477559408,0.022485492200385242,0.024438186071417543,0.02144449981364483
025,0.02268671886435871,0.021714706942055673,0.021714706942055673,0.019707714422607468,0.02526326997816302,0.021036825527199855,0.022172460203358377
048,0.02268671886435871,0.021714706942055673,0.021714706942055673,0.0280410477559408,0.022485492200385242,0.021036825527199855,0.021429333972192464
050,0.02268671886435871,0.021714706942055673,0.021714706942055673,0.019707714422607468,0.019707714422607468,0.02783954661563523,0.022035967630287086
064,0.02268671886435871,0.021714706942055673,0.021714706942055673,0.0280410477559408,0.022485492200385242,0.024438186071417543,0.021899475057215796
067,0.02268671886435871,0.021714706942055673,0.021714706942055673,0.019707714422607468,0.01692993664482969,0.031240907159852914,0.02171748495978741
077,0.02268671886435871,0.021714706942055673,0.021714706942055673,0.06970771442260747,0.030818825533718577,0.021036825527199855,0.02147483149654956
078,0.02268671886435871,0.021714706942055673,0.021714706942055673,0.019707714422607468,0.014152158867051911,0.02783954661563523,0.021399002289287733
083,0.02268671886435871,0.021714706942055673,0.021714706942055673,0.019707714422607468,0.03359660331149635,0.021036825527199855,0.02158099238671612
084,0.02268671886435871,0.021714706942055673,0.021714706942055673,0.019707714422607468,0.030818825533718577,0.031240907159852914,0.021671987435430314
089,0.02268671886435871,0.021714706942055673,0.021714706942055673,0.011374381089274133,0.01692993664482969,0.02783954661563523,0.02256677208111988
093,0.02268671886435871,0.021714706942055673,0.021714706942055673,0.011374381089274133,0.014152158867051911,0.024438186071417543,0.023491888409714175
108,0.02268671886435871,0.021714706942055673,0.021714706942055673,0.011374381089274133,0.01692993664482969,0.02783954661563523,0.022506108715310415
128,0.02268671886435871,0.021714706942055673,0.021714706942055673,0.019707714422607468,0.022485492200385242,0.021036825527199855,0.021762982484144506
141,0.02268671886435871,0.021714706942055673,0.021714706942055673,0.019707714422607468,0.022485492200385242,0.01423410443876448,0.021520329020906656
156,0.02268671886435871,0.021714706942055673,0.021714706942055673,0.019707714422607468,0.022485492200385242,0.021036825527199855,0.021702319118335044
163,0.02268671886435871,0.021714706942055673,0.021714706942055673,0.019707714422607468,0.019707714422607468,0.017635464982982168,0.022066299313191817
165,0.02268671886435871,0.021714706942055673,0.021714706942055673,0.011374381089274133,0.02526326997816302,0.01423410443876448,0.022339284459334394
170,0.02268671886435871,0.021714706942055673,0.021714706942055673,0.019707714422607468,0.022485492200385242,0.017635464982982168,0.021793314167049237
197,0.02268671886435871,0.021714706942055673,0.021714706942055673,0.011374381089274133,0.022485492200385242,0.03804362824828829,0.0222937869349773
199,0.02268671886435871,0.021714706942055673,0.021714706942055673,0.019707714422607468,0.01692993664482969,0.02783954661563523,0.021808480008501604
210,0.02268671886435871,0.021714706942055673,0.021714706942055673,0.019707714422607468,0.01692993664482969,0.01423410443876448,0.021702319118335044
212,0.02268671886435871,0.021714706942055673,0.021714706942055673,0.0280410477559408,0.02526326997816302,0.017635464982982168,0.021656821593977946
219,0.02268671886435871,0.021714706942055673,0.021714706942055673,0.011374381089274133,0.01692993664482969,0.02783954661563523,0.022551606239667513
237,0.02268671886435871,0.021714706942055673,0.021714706942055673,0.019707714422607468,0.02526326997816302,0.02783954661563523,0.02171748495978741
245,0.02268671886435871,0.021714706942055673,0.021714706942055673,0.0280410477559408,0.0280410477559408,0.031240907159852914,0.021459665655097198
258,0.02268671886435871,0.021714706942055673,0.021714706942055673,0.019707714422607468,0.019707714422607468,0.024438186071417543,0.021671987435430314
266,0.02268671886435871,0.021714706942055673,0.021714706942055673,0.019707714422607468,0.01692993664482969,0.017635464982982168,0.021944972581572894
272,0.02268671886435871,0.021714706942055673,0.021714706942055673,0.011374381089274133,0.019707714422607468,0.021036825527199855,0.023400893360999982
276,0.02268671886435871,0.021714706942055673,0.021714706942055673,0.0280410477559408,0.022485492200385242,0.021036825527199855,0.02138383644783537
280,0.02268671886435871,0.021714706942055673,0.021714706942055673,0.011374381089274133,0.019707714422607468,0.017635464982982168,0.022612269605476975
286,0.02268671886435871,0.021714706942055673,0.021714706942055673,0.036374381089274134,0.022485492200385242,0.031240907159852914,0.021505163179454292
290,0.02268671886435871,0.021714706942055673,0.021714706942055673,0.0280410477559408,0.0280410477559408,0.02783954661563523,0.021671987435430314
305,0.02268671886435871,0.021714706942055673,0.021714706942055673,0.019707714422607468,0.02526326997816302,0.017635464982982168,0.02221795772771547
309,0.02268671886435871,0.021714706942055673,0.021714706942055673,0.011374381089274133,0.011374381089274133,0.01423410443876448,0.02411368790926116
319,0.02268671886435871,0.021714706942055673,0.021714706942055673,0.011374381089274133,0.019707714422607468,0.021036825527199855,0.02235445030078676
325,0.02268671886435871,0.021714706942055673,0.021714706942055673,0.0280410477559408,0.02526326997816302,0.031240907159852914,0.02168715327688268
327,0.02268671886435871,0.021714706942055673,0.021714706942055673,0.0280410477559408,0.02526326997816302,0.021036825527199855,0.022081465154644184
334,0.02268671886435871,0.021714706942055673,0.021714706942055673,0.044707714422607465,0.02526326997816302,0.021036825527199855,0.0214141681307401
342,0.02268671886435871,0.021714706942055673,0.021714706942055673,0.011374381089274133,0.022485492200385242,0.021036825527199855,0.022839757227262458
347,0.02268671886435871,0.021714706942055673,0.021714706942055673,0.019707714422607468,0.014152158867051911,0.021036825527199855,0.021702319118335044
350,0.02268671886435871,0.021714706942055673,0.021714706942055673,0.0280410477559408,0.02526326997816302,0.021036825527199855,0.021793314167049237
376,0.02268671886435871,0.021714706942055673,0.021714706942055673,0.019707714422607468,0.022485492200385242,0.02783954661563523,0.021793314167049237
385,0.02268671886435871,0.021714706942055673,0.021714706942055673,0.011374381089274133,0.022485492200385242,0.021036825527199855,0.02246061119095332
404,0.02268671886435871,0.021714706942055673,0.021714706942055673,0.0280410477559408,0.022485492200385242,0.021036825527199855,0.021520329020906656
420,0.02268671886435871,0.021714706942055673,0.021714706942055673,0.036374381089274134,0.022485492200385242,0.021036825527199855,0.021399002289287733
424,0.02268671886435871,0.021714706942055673,0.021714706942055673,0.019707714422607468,0.01692993664482969,0.02783954661563523,0.02221795772771547
439,0.02268671886435871,0.021714706942055673,0.021714706942055673,0.019707714422607468,0.014152158867051911,0.021036825527199855,0.02155066070381139
483,0.02268671886435871,0.021714706942055673,0.021714706942055673,0.0280410477559408,0.02526326997816302,0.024438186071417543,0.02138383644783537
494,0.02268671886435871,0.021714706942055673,0.021714706942055673,0.0280410477559408,0.02526326997816302,0.017635464982982168,0.021399002289287733
503,0.02268671886435871,0.021714706942055673,0.021714706942055673,0.011374381089274133,0.0280410477559408,0.010832743894546793,0.022490942873858052
504,0.02268671886435871,0.021714706942055673,0.021714706942055673,0.0530410477559408,0.0280410477559408,0.017635464982982168,0.021611324069620852
520,0.02268671886435871,0.021714706942055673,0.021714706942055673,0.036374381089274134,0.02526326997816302,0.02783954661563523,0.021747816642692142
524,0.02268671886435871,0.021714706942055673,0.021714706942055673,0.036374381089274134,0.02526326997816302,0.024438186071417543,0.02138383644783537
528,0.02268671886435871,0.021714706942055673,0.021714706942055673,0.0280410477559408,0.0280410477559408,0.021036825527199855,0.021656821593977946
529,0.02268671886435871,0.021714706942055673,0.021714706942055673,0.019707714422607468,0.01692993664482969,0.017635464982982168,0.021535494862359023
564,0.02268671886435871,0.021714706942055673,0.021714706942055673,0.011374381089274133,0.022485492200385242,0.017635464982982168,0.022809425544357727
585,0.02268671886435871,0.021714706942055673,0.021714706942055673,0.011374381089274133,0.019707714422607468,0.021036825527199855,0.022308952776429667
589,0.02268671886435871,0.021714706942055673,0.021714706942055673,0.011374381089274133,0.01692993664482969,0.01423410443876448,0.023855868604570948
590,0.02268671886435871,0.021714706942055673,0.021714706942055673,0.044707714422607465,0.022485492200385242,0.021036825527199855,0.021429333972192464
608,0.02268671886435871,0.021714706942055673,0.021714706942055673,0.011374381089274133,0.01692993664482969,0.01423410443876448,0.022627435446929342
611,0.02268671886435871,0.021714706942055673,0.021714706942055673,0.0280410477559408,0.02526326997816302,0.02783954661563523,0.02148999733800193
622,0.02268671886435871,0.021714706942055673,0.021714706942055673,0.0530410477559408,0.030818825533718577,0.021036825527199855,0.021626489911073216
623,0.02268671886435871,0.021714706942055673,0.021714706942055673,0.011374381089274133,0.01692993664482969,0.010832743894546793,0.022915586434524286
639,0.02268671886435871,0.021714706942055673,0.021714706942055673,0.019707714422607468,0.01692993664482969,0.021036825527199855,0.022278621093524936
644,0.02268671886435871,0.021714706942055673,0.021714706942055673,0.0280410477559408,0.022485492200385242,0.024438186071417543,0.021747816642692142
649,0.02268671886435871,0.021714706942055673,0.021714706942055673,0.036374381089274134,0.02526326997816302,0.01423410443876448,0.021838811691406335
673,0.02268671886435871,0.021714706942055673,0.021714706942055673,0.011374381089274133,0.01692993664482969,0.01423410443876448,0.022976249800333748
674,0.02268671886435871,0.021714706942055673,0.021714706942055673,0.011374381089274133,0.014152158867051911,0.017635464982982168,0.022475777032405685
692,0.02268671886435871,0.021714706942055673,0.021714706942055673,0.011374381089274133,0.01692993664482969,0.017635464982982168,0.022308952776429667
702,0.02268671886435871,0.021714706942055673,0.021714706942055673,0.036374381089274134,0.02526326997816302,0.02783954661563523,0.021778148325596873
711,0.02268671886435871,0.021714706942055673,0.021714706942055673,0.011374381089274133,0.022485492200385242,0.024438186071417543,0.02267293297128644
721,0.02268671886435871,0.021714706942055673,0.021714706942055673,0.011374381089274133,0.01692993664482969,0.024438186071417543,0.023719376031499657
725,0.02268671886435871,0.021714706942055673,0.021714706942055673,0.019707714422607468,0.01692993664482969,0.01423410443876448,0.021869143374311065
744,0.02268671886435871,0.021714706942055673,0.021714706942055673,0.011374381089274133,0.01692993664482969,0.021036825527199855,0.022369616142239125
781,0.02268671886435871,0.021714706942055673,0.021714706942055673,0.019707714422607468,0.019707714422607468,0.03804362824828829,0.021929806740120527
790,0.02268671886435871,0.021714706942055673,0.021714706942055673,0.044707714422607465,0.02526326997816302,0.021036825527199855,0.021520329020906656
798,0.02268671886435871,0.021714706942055673,0.021714706942055673,0.011374381089274133,0.014152158867051911,0.017635464982982168,0.023522220092618906
815,0.02268671886435871,0.021714706942055673,0.021714706942055673,0.011374381089274133,0.014152158867051911,0.024438186071417543,0.022703264654191167
831,0.02268671886435871,0.021714706942055673,0.021714706942055673,0.019707714422607468,0.030818825533718577,0.021036825527199855,0.021505163179454292
855,0.02268671886435871,0.021714706942055673,0.021714706942055673,0.0280410477559408,0.02526326997816302,0.017635464982982168,0.021535494862359023
907,0.02268671886435871,0.021714706942055673,0.021714706942055673,0.019707714422607468,0.02526326997816302,0.021036825527199855,0.021611324069620852
911,0.02268671886435871,0.021714706942055673,0.021714706942055673,0.036374381089274134,0.0280410477559408,0.01423410443876448,0.0214141681307401
919,0.02268671886435871,0.021714706942055673,0.021714706942055673,0.036374381089274134,0.02526326997816302,0.017635464982982168,0.021520329020906656
941,0.02268671886435871,0.021714706942055673,0.021714706942055673,0.036374381089274134,0.030818825533718577,0.017635464982982168,0.021778148325596873
951,0.02268671886435871,0.021714706942055673,0.021714706942055673,0.019707714422607468,0.022485492200385242,0.021036825527199855,0.02148999733800193
954,0.02268671886435871,0.021714706942055673,0.021714706942055673,0.0280410477559408,0.02526326997816302,0.02783954661563523,0.02158099238671612
976,0.02268671886435871,0.021714706942055673,0.021714706942055673,0.019707714422607468,0.0280410477559408,0.021036825527199855,0.021656821593977946
984,0.02268671886435871,0.021714706942055673,0.021714706942055673,0.036374381089274134,0.0280410477559408,0.02783954661563523,0.021565826545263754
991,0.02268671886435871,0.021714706942055673,0.021714706942055673,0.011374381089274133,0.01692993664482969,0.024438186071417543,0.023582883458428367
992,0.02268671886435871,0.021714706942055673,0.021714706942055673,0.011374381089274133,0.01692993664482969,0.034642267704070605,0.022688098812738804
994,0.02268671886435871,0.021714706942055673,0.021714706942055673,0.019707714422607468,0.01692993664482969,0.024438186071417543,0.021838811691406335
015,0.02264881614799737,0.02108299500270002,0.02108299500270002,0.0280410477559408,0.019707714422607468,0.017635464982982168,0.02202080178883472
065,0.02264881614799737,0.02108299500270002,0.02108299500270002,0.011374381089274133,0.019707714422607468,0.017635464982982168,0.022521274556762783
066,0.02264881614799737,0.02108299500270002,0.02108299500270002,0.0280410477559408,0.0280410477559408,0.021036825527199855,0.02168715327688268
070,0.02264881614799737,0.02108299500270002,0.02108299500270002,0.0280410477559408,0.0280410477559408,0.024438186071417543,0.02159615822816849
101,0.02264881614799737,0.02108299500270002,0.02108299500270002,0.011374381089274133,0.014152158867051911,0.021036825527199855,0.02303691316614321
103,0.02264881614799737,0.02108299500270002,0.02108299500270002,0.019707714422607468,0.02526326997816302,0.024438186071417543,0.022066299313191817
107,0.02264881614799737,0.02108299500270002,0.02108299500270002,0.0280410477559408,0.019707714422607468,0.02783954661563523,0.021747816642692142
137,0.02264881614799737,0.02108299500270002,0.02108299500270002,0.019707714422607468,0.030818825533718577,0.01423410443876448,0.021626489911073216
145,0.02264881614799737,0.02108299500270002,0.02108299500270002,0.011374381089274133,0.014152158867051911,0.024438186071417543,0.02367387850714256
148,0.02264881614799737,0.02108299500270002,0.02108299500270002,0.019707714422607468,0.03359660331149635,0.021036825527199855,0.02159615822816849
152,0.02264881614799737,0.02108299500270002,0.02108299500270002,0.036374381089274134,0.019707714422607468,0.031240907159852914,0.02168715327688268
154,0.02264881614799737,0.02108299500270002,0.02108299500270002,0.019707714422607468,0.019707714422607468,0.010832743894546793,0.02196013842302526
185,0.02264881614799737,0.02108299500270002,0.02108299500270002,0.0280410477559408,0.030818825533718577,0.021036825527199855,0.021399002289287733
187,0.02264881614799737,0.02108299500270002,0.02108299500270002,0.011374381089274133,0.014152158867051911,0.01423410443876448,0.022794259702905363
201,0.02264881614799737,0.02108299500270002,0.02108299500270002,0.011374381089274133,0.01692993664482969,0.02783954661563523,0.023719376031499657
203,0.02264881614799737,0.02108299500270002,0.02108299500270002,0.011374381089274133,0.019707714422607468,0.017635464982982168,0.022688098812738804
209,0.02264881614799737,0.02108299500270002,0.02108299500270002,0.019707714422607468,0.019707714422607468,0.010832743894546793,0.0214141681307401
214,0.02264881614799737,0.02108299500270002,0.02108299500270002,0.011374381089274133,0.0280410477559408,0.017635464982982168,0.02239994782514386
223,0.02264881614799737,0.02108299500270002,0.02108299500270002,0.019707714422607468,0.02526326997816302,0.024438186071417543,0.022172460203358377
262,0.02264881614799737,0.02108299500270002,0.02108299500270002,0.011374381089274133,0.01692993664482969,0.024438186071417543,0.022581937922572244
281,0.02264881614799737,0.02108299500270002,0.02108299500270002,0.011374381089274133,0.019707714422607468,0.017635464982982168,0.022642601288381706
282,0.02264881614799737,0.02108299500270002,0.02108299500270002,0.019707714422607468,0.019707714422607468,0.017635464982982168,0.02138383644783537
284,0.02264881614799737,0.02108299500270002,0.02108299500270002,0.019707714422607468,0.02526326997816302,0.017635464982982168,0.02159615822816849
285,0.02264881614799737,0.02108299500270002,0.02108299500270002,0.011374381089274133,0.014152158867051911,0.01423410443876448,0.023082410690500304
320,0.02264881614799737,0.02108299500270002,0.02108299500270002,0.019707714422607468,0.019707714422607468,0.017635464982982168,0.021793314167049237
332,0.02264881614799737,0.02108299500270002,0.02108299500270002,0.019707714422607468,0.019707714422607468,0.021036825527199855,0.022066299313191817
337,0.02264881614799737,0.02108299500270002,0.02108299500270002,0.011374381089274133,0.019707714422607468,0.034642267704070605,0.022384781983691492
361,0.02264881614799737,0.02108299500270002,0.02108299500270002,0.0280410477559408,0.0280410477559408,0.017635464982982168,0.02182364584995397
364,0.02264881614799737,0.02108299500270002,0.02108299500270002,0.019707714422607468,0.02526326997816302,0.024438186071417543,0.02138383644783537
366,0.02264881614799737,0.02108299500270002,0.02108299500270002,0.011374381089274133,0.019707714422607468,0.021036825527199855,0.022581937922572244
386,0.02264881614799737,0.02108299500270002,0.02108299500270002,0.019707714422607468,0.014152158867051911,0.017635464982982168,0.021459665655097198
410,0.02264881614799737,0.02108299500270002,0.02108299500270002,0.011374381089274133,0.022485492200385242,0.021036825527199855,0.022475777032405685
414,0.02264881614799737,0.02108299500270002,0.02108299500270002,0.011374381089274133,0.019707714422607468,0.010832743894546793,0.022521274556762783
421,0.02264881614799737,0.02108299500270002,0.02108299500270002,0.011374381089274133,0.019707714422607468,0.021036825527199855,0.022581937922572244
464,0.02264881614799737,0.02108299500270002,0.02108299500270002,0.019707714422607468,0.022485492200385242,0.021036825527199855,0.02202080178883472
467,0.02264881614799737,0.02108299500270002,0.02108299500270002,0.019707714422607468,0.014152158867051911,0.024438186071417543,0.02215729436190601
476,0.02264881614799737,0.02108299500270002,0.02108299500270002,0.019707714422607468,0.019707714422607468,0.02783954661563523,0.022142128520453646
496,0.02264881614799737,0.02108299500270002,0.02108299500270002,0.0280410477559408,0.01692993664482969,0.017635464982982168,0.021656821593977946
498,0.02264881614799737,0.02108299500270002,0.02108299500270002,0.019707714422607468,0.022485492200385242,0.021036825527199855,0.022187626044810744
500,0.02264881614799737,0.02108299500270002,0.02108299500270002,0.011374381089274133,0.01692993664482969,0.021036825527199855,0.022521274556762783
514,0.02264881614799737,0.02108299500270002,0.02108299500270002,0.0280410477559408,0.02526326997816302,0.021036825527199855,0.021459665655097198
538,0.02264881614799737,0.02108299500270002,0.02108299500270002,0.019707714422607468,0.014152158867051911,0.017635464982982168,0.02144449981364483
554,0.02264881614799737,0.02108299500270002,0.02108299500270002,0.019707714422607468,0.0280410477559408,0.03804362824828829,0.021899475057215796
574,0.02264881614799737,0.02108299500270002,0.02108299500270002,0.011374381089274133,0.02526326997816302,0.031240907159852914,0.022384781983691492
575,0.02264881614799737,0.02108299500270002,0.02108299500270002,0.011374381089274133,0.014152158867051911,0.024438186071417543,0.022308952776429667
580,0.02264881614799737,0.02108299500270002,0.02108299500270002,0.0280410477559408,0.019707714422607468,0.017635464982982168,0.02148999733800193
581,0.02264881614799737,0.02108299500270002,0.02108299500270002,0.011374381089274133,0.01692993664482969,0.02783954661563523,0.02253644039821515
591,0.02264881614799737,0.02108299500270002,0.02108299500270002,0.011374381089274133,0.019707714422607468,0.01423410443876448,0.02341605920245235
604,0.02264881614799737,0.02108299500270002,0.02108299500270002,0.011374381089274133,0.014152158867051911,0.024438186071417543,0.022612269605476975
617,0.02264881614799737,0.02108299500270002,0.02108299500270002,0.019707714422607468,0.022485492200385242,0.021036825527199855,0.02196013842302526
635,0.02264881614799737,0.02108299500270002,0.02108299500270002,0.0530410477559408,0.0280410477559408,0.024438186071417543,0.021565826545263754
637,0.02264881614799737,0.02108299500270002,0.02108299500270002,0.0280410477559408,0.0280410477559408,0.021036825527199855,0.02147483149654956
648,0.02264881614799737,0.02108299500270002,0.02108299500270002,0.044707714422607465,0.02526326997816302,0.01423410443876448,0.021535494862359023
650,0.02264881614799737,0.02108299500270002,0.02108299500270002,0.0280410477559408,0.022485492200385242,0.017635464982982168,0.021399002289287733
655,0.02264881614799737,0.02108299500270002,0.02108299500270002,0.019707714422607468,0.01692993664482969,0.01423410443876448,0.02182364584995397
660,0.02264881614799737,0.02108299500270002,0.02108299500270002,0.011374381089274133,0.0280410477559408,0.021036825527199855,0.022551606239667513
677,0.02264881614799737,0.02108299500270002,0.02108299500270002,0.0280410477559408,0.022485492200385242,0.024438186071417543,0.02168715327688268
678,0.02264881614799737,0.02108299500270002,0.02108299500270002,0.011374381089274133,0.022485492200385242,0.017635464982982168,0.022627435446929342
699,0.02264881614799737,0.02108299500270002,0.02108299500270002,0.044707714422607465,0.0280410477559408,0.02783954661563523,0.021793314167049237
719,0.02264881614799737,0.02108299500270002,0.02108299500270002,0.0280410477559408,0.022485492200385242,0.021036825527199855,0.021520329020906656
723,0.02264881614799737,0.02108299500270002,0.02108299500270002,0.011374381089274133,0.01692993664482969,0.021036825527199855,0.022339284459334394
746,0.02264881614799737,0.02108299500270002,0.02108299500270002,0.0280410477559408,0.01692993664482969,0.02783954661563523,0.021838811691406335
757,0.02264881614799737,0.02108299500270002,0.02108299500270002,0.011374381089274133,0.01692993664482969,0.021036825527199855,0.022733596337095898
763,0.02264881614799737,0.02108299500270002,0.02108299500270002,0.011374381089274133,0.019707714422607468,0.010832743894546793,0.022445445349500954
818,0.02264881614799737,0.02108299500270002,0.02108299500270002,0.011374381089274133,0.01692993664482969,0.02783954661563523,0.023082410690500304
822,0.02264881614799737,0.02108299500270002,0.02108299500270002,0.011374381089274133,0.01692993664482969,0.024438186071417543,0.02341605920245235
837,0.02264881614799737,0.02108299500270002,0.02108299500270002,0.011374381089274133,0.011374381089274133,0.021036825527199855,0.02411368790926116
838,0.02264881614799737,0.02108299500270002,0.02108299500270002,0.019707714422607468,0.022485492200385242,0.021036825527199855,0.02148999733800193
842,0.02264881614799737,0.02108299500270002,0.02108299500270002,0.019707714422607468,0.02526326997816302,0.017635464982982168,0.02147483149654956
845,0.02264881614799737,0.02108299500270002,0.02108299500270002,0.011374381089274133,0.022485492200385242,0.017635464982982168,0.022627435446929342
849,0.02264881614799737,0.02108299500270002,0.02108299500270002,0.019707714422607468,0.019707714422607468,0.021036825527199855,0.022051133471739454
865,0.02264881614799737,0.02108299500270002,0.02108299500270002,0.011374381089274133,0.019707714422607468,0.017635464982982168,0.023112742373405038
884,0.02264881614799737,0.02108299500270002,0.02108299500270002,0.036374381089274134,0.030818825533718577,0.010832743894546793,0.02155066070381139
885,0.02264881614799737,0.02108299500270002,0.02108299500270002,0.019707714422607468,0.019707714422607468,0.024438186071417543,0.021656821593977946
901,0.02264881614799737,0.02108299500270002,0.02108299500270002,0.011374381089274133,0.022485492200385242,0.017635464982982168,0.022718430495643534
922,0.02264881614799737,0.02108299500270002,0.02108299500270002,0.036374381089274134,0.019707714422607468,0.021036825527199855,0.0214141681307401
940,0.02264881614799737,0.02108299500270002,0.02108299500270002,0.0280410477559408,0.019707714422607468,0.021036825527199855,0.021641655752525583
971,0.02264881614799737,0.02108299500270002,0.02108299500270002,0.019707714422607468,0.019707714422607468,0.024438186071417543,0.021611324069620852
973,0.02264881614799737,0.02108299500270002,0.02108299500270002,0.011374381089274133,0.019707714422607468,0.02783954661563523,0.022657767129834073
985,0.02264881614799737,0.02108299500270002,0.02108299500270002,0.019707714422607468,0.022485492200385242,0.021036825527199855,0.021944972581572894
995,0.02264881614799737,0.02108299500270002,0.02108299500270002,0.011374381089274133,0.014152158867051911,0.01423410443876448,0.023977195336189874
002,0.022610913431636032,0.020451283063344365,0.020451283063344365,0.019707714422607468,0.01692993664482969,0.021036825527199855,0.02158099238671612
007,0.022610913431636032,0.020451283063344365,0.020451283063344365,0.011374381089274133,0.01692993664482969,0.017635464982982168,0.023370561678095255
016,0.022610913431636032,0.020451283063344365,0.020451283063344365,0.011374381089274133,0.01692993664482969,0.034642267704070605,0.02253644039821515
037,0.022610913431636032,0.020451283063344365,0.020451283063344365,0.019707714422607468,0.019707714422607468,0.01423410443876448,0.021671987435430314
038,0.022610913431636032,0.020451283063344365,0.020451283063344365,0.011374381089274133,0.01692993664482969,0.021036825527199855,0.02246061119095332
058,0.022610913431636032,0.020451283063344365,0.020451283063344365,0.011374381089274133,0.0280410477559408,0.021036825527199855,0.022506108715310415
061,0.022610913431636032,0.020451283063344365,0.020451283063344365,0.019707714422607468,0.030818825533718577,0.017635464982982168,0.02215729436190601
062,0.022610913431636032,0.020451283063344365,0.020451283063344365,0.019707714422607468,0.022485492200385242,0.01423410443876448,0.02171748495978741
094,0.022610913431636032,0.020451283063344365,0.020451283063344365,0.011374381089274133,0.01692993664482969,0.017635464982982168,0.022885254751619555
095,0.022610913431636032,0.020451283063344365,0.020451283063344365,0.0280410477559408,0.019707714422607468,0.021036825527199855,0.021747816642692142
118,0.022610913431636032,0.020451283063344365,0.020451283063344365,0.0280410477559408,0.022485492200385242,0.017635464982982168,0.021702319118335044
120,0.022610913431636032,0.020451283063344365,0.020451283063344365,0.036374381089274134,0.03359660331149635,0.021036825527199855,0.021793314167049237
122,0.022610913431636032,0.020451283063344365,0.020451283063344365,0.019707714422607468,0.014152158867051911,0.01423410443876448,0.021520329020906656
167,0.022610913431636032,0.020451283063344365,0.020451283063344365,0.0280410477559408,0.02526326997816302,0.010832743894546793,0.0214141681307401
181,0.022610913431636032,0.020451283063344365,0.020451283063344365,0.036374381089274134,0.019707714422607468,0.017635464982982168,0.021565826545263754
193,0.022610913431636032,0.020451283063344365,0.020451283063344365,0.019707714422607468,0.02526326997816302,0.021036825527199855,0.021671987435430314
207,0.022610913431636032,0.020451283063344365,0.020451283063344365,0.0280410477559408,0.019707714422607468,0.02783954661563523,0.021611324069620852
211,0.022610913431636032,0.020451283063344365,0.020451283063344365,0.0280410477559408,0.019707714422607468,0.024438186071417543,0.02168715327688268
218,0.022610913431636032,0.020451283063344365,0.020451283063344365,0.011374381089274133,0.019707714422607468,0.031240907159852914,0.022642601288381706
226,0.022610913431636032,0.020451283063344365,0.020451283063344365,0.019707714422607468,0.01692993664482969,0.01423410443876448,0.02182364584995397
230,0.022610913431636032,0.020451283063344365,0.020451283063344365,0.011374381089274133,0.022485492200385242,0.024438186071417543,0.022415113666596223
233,0.022610913431636032,0.020451283063344365,0.020451283063344365,0.019707714422607468,0.01692993664482969,0.021036825527199855,0.02199047010592999
241,0.022610913431636032,0.020451283063344365,0.020451283063344365,0.0280410477559408,0.02526326997816302,0.021036825527199855,0.021762982484144506
295,0.022610913431636032,0.020451283063344365,0.020451283063344365,0.019707714422607468,0.022485492200385242,0.017635464982982168,0.021626489911073216
345,0.022610913431636032,0.020451283063344365,0.020451283063344365,0.0280410477559408,0.02526326997816302,0.02783954661563523,0.02147483149654956
357,0.022610913431636032,0.020451283063344365,0.020451283063344365,0.019707714422607468,0.0280410477559408,0.024438186071417543,0.021399002289287733
401,0.022610913431636032,0.020451283063344365,0.020451283063344365,0.011374381089274133,0.02526326997816302,0.021036825527199855,0.022521274556762783
405,0.022610913431636032,0.020451283063344365,0.020451283063344365,0.019707714422607468,0.022485492200385242,0.021036825527199855,0.022005635947382356
425,0.022610913431636032,0.020451283063344365,0.020451283063344365,0.011374381089274133,0.022485492200385242,0.021036825527199855,0.022521274556762783
448,0.022610913431636032,0.020451283063344365,0.020451283063344365,0.019707714422607468,0.019707714422607468,0.021036825527199855,0.022202791886263108
455,0.022610913431636032,0.020451283063344365,0.020451283063344365,0.019707714422607468,0.02526326997816302,0.021036825527199855,0.022187626044810744
457,0.022610913431636032,0.020451283063344365,0.020451283063344365,0.0280410477559408,0.022485492200385242,0.021036825527199855,0.021535494862359023
466,0.022610913431636032,0.020451283063344365,0.020451283063344365,0.011374381089274133,0.019707714422607468,0.010832743894546793,0.022339284459334394
487,0.022610913431636032,0.020451283063344365,0.020451283063344365,0.011374381089274133,0.01692993664482969,0.024438186071417543,0.023234069105023965
511,0.022610913431636032,0.020451283063344365,0.020451283063344365,0.0280410477559408,0.019707714422607468,0.021036825527199855,0.021671987435430314
515,0.022610913431636032,0.020451283063344365,0.020451283063344365,0.0280410477559408,0.022485492200385242,0.024438186071417543,0.021838811691406335
531,0.022610913431636032,0.020451283063344365,0.020451283063344365,0.019707714422607468,0.0280410477559408,0.02783954661563523,0.021429333972192464
534,0.022610913431636032,0.020451283063344365,0.020451283063344365,0.011374381089274133,0.014152158867051911,0.017635464982982168,0.024098522067808794
535,0.022610913431636032,0.020451283063344365,0.020451283063344365,0.011374381089274133,0.014152158867051911,0.01423410443876448,0.023355395836642884
537,0.022610913431636032,0.020451283063344365,0.020451283063344365,0.019707714422607468,0.03359660331149635,0.031240907159852914,0.02148999733800193
541,0.022610913431636032,0.020451283063344365,0.020451283063344365,0.019707714422607468,0.014152158867051911,0.017635464982982168,0.021611324069620852
548,0.022610913431636032,0.020451283063344365,0.020451283063344365,0.0280410477559408,0.022485492200385242,0.017635464982982168,0.02148999733800193
550,0.022610913431636032,0.020451283063344365,0.020451283063344365,0.036374381089274134,0.02526326997816302,0.017635464982982168,0.021626489911073216
571,0.022610913431636032,0.020451283063344365,0.020451283063344365,0.019707714422607468,0.02526326997816302,0.02783954661563523,0.02158099238671612
593,0.022610913431636032,0.020451283063344365,0.020451283063344365,0.0280410477559408,0.022485492200385242,0.017635464982982168,0.022066299313191817
598,0.022610913431636032,0.020451283063344365,0.020451283063344365,0.011374381089274133,0.01692993664482969,0.024438186071417543,0.02338572751954762
613,0.022610913431636032,0.020451283063344365,0.020451283063344365,0.019707714422607468,0.03359660331149635,0.021036825527199855,0.021429333972192464
640,0.022610913431636032,0.020451283063344365,0.020451283063344365,0.019707714422607468,0.02526326997816302,0.017635464982982168,0.02144449981364483
656,0.022610913431636032,0.020451283063344365,0.020451283063344365,0.019707714422607468,0.019707714422607468,0.017635464982982168,0.021778148325596873
670,0.022610913431636032,0.020451283063344365,0.020451283063344365,0.0280410477559408,0.02526326997816302,0.024438186071417543,0.021732650801239775
701,0.022610913431636032,0.020451283063344365,0.020451283063344365,0.011374381089274133,0.014152158867051911,0.01423410443876448,0.022703264654191167
739,0.022610913431636032,0.020451283063344365,0.020451283063344365,0.019707714422607468,0.022485492200385242,0.021036825527199855,0.02221795772771547
743,0.022610913431636032,0.020451283063344365,0.020451283063344365,0.019707714422607468,0.019707714422607468,0.024438186071417543,0.021914640898668163
771,0.022610913431636032,0.020451283063344365,0.020451283063344365,0.011374381089274133,0.019707714422607468,0.021036825527199855,0.022612269605476975
785,0.022610913431636032,0.020451283063344365,0.020451283063344365,0.0280410477559408,0.022485492200385242,0.021036825527199855,0.02148999733800193
825,0.022610913431636032,0.020451283063344365,0.020451283063344365,0.011374381089274133,0.01692993664482969,0.017635464982982168,0.02276392802000063
830,0.022610913431636032,0.020451283063344365,0.020451283063344365,0.0280410477559408,0.019707714422607468,0.010832743894546793,0.021611324069620852
843,0.022610913431636032,0.020451283063344365,0.020451283063344365,0.0280410477559408,0.019707714422607468,0.021036825527199855,0.021838811691406335
861,0.022610913431636032,0.020451283063344365,0.020451283063344365,0.011374381089274133,0.019707714422607468,0.01423410443876448,0.022824591385810094
863,0.022610913431636032,0.020451283063344365,0.020451283063344365,0.036374381089274134,0.0280410477559408,0.017635464982982168,0.021656821593977946
899,0.022610913431636032,0.020451283063344365,0.020451283063344365,0.0280410477559408,0.01692993664482969,0.017635464982982168,0.021565826545263754
912,0.022610913431636032,0.020451283063344365,0.020451283063344365,0.011374381089274133,0.01692993664482969,0.021036825527199855,0.02320373742211923
926,0.022610913431636032,0.020451283063344365,0.020451283063344365,0.011374381089274133,0.014152158867051911,0.024438186071417543,0.02235445030078676
953,0.022610913431636032,0.020451283063344365,0.020451283063344365,0.011374381089274133,0.01692993664482969,0.021036825527199855,0.02239994782514386
999,0.022610913431636032,0.020451283063344365,0.020451283063344365,0.0280410477559408,0.022485492200385242,0.02783954661563523,0.02158099238671612
027,0.02257301071527469,0.019819571123988713,0.019819571123988713,0.019707714422607468,0.01692993664482969,0.021036825527199855,0.02199047010592999
051,0.02257301071527469,0.019819571123988713,0.019819571123988713,0.019707714422607468,0.03359660331149635,0.021036825527199855,0.0214141681307401
060,0.02257301071527469,0.019819571123988713,0.019819571123988713,0.019707714422607468,0.01692993664482969,0.017635464982982168,0.02212696267900128
068,0.02257301071527469,0.019819571123988713,0.019819571123988713,0.019707714422607468,0.01692993664482969,0.017635464982982168,0.02144449981364483
072,0.02257301071527469,0.019819571123988713,0.019819571123988713,0.0280410477559408,0.019707714422607468,0.017635464982982168,0.021929806740120527
142,0.02257301071527469,0.019819571123988713,0.019819571123988713,0.019707714422607468,0.01692993664482969,0.021036825527199855,0.022142128520453646
171,0.02257301071527469,0.019819571123988713,0.019819571123988713,0.011374381089274133,0.022485492200385242,0.024438186071417543,0.02239994782514386
182,0.02257301071527469,0.019819571123988713,0.019819571123988713,0.011374381089274133,0.014152158867051911,0.021036825527199855,0.022339284459334394
222,0.02257301071527469,0.019819571123988713,0.019819571123988713,0.011374381089274133,0.01692993664482969,0.021036825527199855,0.022627435446929342
256,0.02257301071527469,0.019819571123988713,0.019819571123988713,0.0280410477559408,0.022485492200385242,0.02783954661563523,0.021505163179454292
287,0.02257301071527469,0.019819571123988713,0.019819571123988713,0.036374381089274134,0.0280410477559408,0.024438186071417543,0.021626489911073216
288,0.02257301071527469,0.019819571123988713,0.019819571123988713,0.011374381089274133,0.01692993664482969,0.017635464982982168,0.022779093861453
303,0.02257301071527469,0.019819571123988713,0.019819571123988713,0.011374381089274133,0.01692993664482969,0.021036825527199855,0.02314307405630977
324,0.02257301071527469,0.019819571123988713,0.019819571123988713,0.011374381089274133,0.019707714422607468,0.024438186071417543,0.02232411861788203
328,0.02257301071527469,0.019819571123988713,0.019819571123988713,0.011374381089274133,0.019707714422607468,0.01423410443876448,0.022597103764024608
367,0.02257301071527469,0.019819571123988713,0.019819571123988713,0.036374381089274134,0.02526326997816302,0.024438186071417543,0.0214141681307401
372,0.02257301071527469,0.019819571123988713,0.019819571123988713,0.036374381089274134,0.022485492200385242,0.031240907159852914,0.021429333972192464
378,0.02257301071527469,0.019819571123988713,0.019819571123988713,0.011374381089274133,0.01692993664482969,0.024438186071417543,0.023006581483238482
387,0.02257301071527469,0.019819571123988713,0.019819571123988713,0.011374381089274133,0.019707714422607468,0.021036825527199855,0.022748762178548265
393,0.02257301071527469,0.019819571123988713,0.019819571123988713,0.011374381089274133,0.022485492200385242,0.017635464982982168,0.02303691316614321
408,0.02257301071527469,0.019819571123988713,0.019819571123988713,0.019707714422607468,0.019707714422607468,0.010832743894546793,0.021975304264477625
418,0.02257301071527469,0.019819571123988713,0.019819571123988713,0.019707714422607468,0.022485492200385242,0.017635464982982168,0.022142128520453646
440,0.02257301071527469,0.019819571123988713,0.019819571123988713,0.019707714422607468,0.02526326997816302,0.024438186071417543,0.021899475057215796
480,0.02257301071527469,0.019819571123988713,0.019819571123988713,0.011374381089274133,0.014152158867051911,0.021036825527199855,0.023158239897762136
486,0.02257301071527469,0.019819571123988713,0.019819571123988713,0.019707714422607468,0.014152158867051911,0.017635464982982168,0.022051133471739454
497,0.02257301071527469,0.019819571123988713,0.019819571123988713,0.019707714422607468,0.01692993664482969,0.02783954661563523,0.022035967630287086
499,0.02257301071527469,0.019819571123988713,0.019819571123988713,0.011374381089274133,0.01692993664482969,0.031240907159852914,0.022748762178548265
544,0.02257301071527469,0.019819571123988713,0.019819571123988713,0.0280410477559408,0.019707714422607468,0.017635464982982168,0.021778148325596873
552,0.02257301071527469,0.019819571123988713,0.019819571123988713,0.011374381089274133,0.014152158867051911,0.01423410443876448,0.023992361177642238
570,0.02257301071527469,0.019819571123988713,0.019819571123988713,0.0280410477559408,0.022485492200385242,0.021036825527199855,0.021626489911073216
600,0.02257301071527469,0.019819571123988713,0.019819571123988713,0.011374381089274133,0.011374381089274133,0.02783954661563523,0.02411368790926116
607,0.02257301071527469,0.019819571123988713,0.019819571123988713,0.019707714422607468,0.014152158867051911,0.01423410443876448,0.02182364584995397
685,0.02257301071527469,0.019819571123988713,0.019819571123988713,0.019707714422607468,0.019707714422607468,0.01423410443876448,0.02144449981364483
706,0.02257301071527469,0.019819571123988713,0.019819571123988713,0.019707714422607468,0.019707714422607468,0.021036825527199855,0.02212696267900128
722,0.02257301071527469,0.019819571123988713,0.019819571123988713,0.011374381089274133,0.019707714422607468,0.01423410443876448,0.02276392802000063
750,0.02257301071527469,0.019819571123988713,0.019819571123988713,0.011374381089274133,0.014152158867051911,0.021036825527199855,0.023901366128928042
759,0.02257301071527469,0.019819571123988713,0.019819571123988713,0.019707714422607468,0.01692993664482969,0.017635464982982168,0.021914640898668163
767,0.02257301071527469,0.019819571123988713,0.019819571123988713,0.036374381089274134,0.03359660331149635,0.024438186071417543,0.02171748495978741
789,0.02257301071527469,0.019819571123988713,0.019819571123988713,0.019707714422607468,0.01692993664482969,0.021036825527199855,0.02138383644783537
806,0.02257301071527469,0.019819571123988713,0.019819571123988713,0.019707714422607468,0.01692993664482969,0.017635464982982168,0.021626489911073216
834,0.02257301071527469,0.019819571123988713,0.019819571123988713,0.0280410477559408,0.022485492200385242,0.024438186071417543,0.02199047010592999
839,0.02257301071527469,0.019819571123988713,0.019819571123988713,0.0280410477559408,0.0280410477559408,0.01423410443876448,0.0214141681307401
846,0.02257301071527469,0.019819571123988713,0.019819571123988713,0.019707714422607468,0.019707714422607468,0.017635464982982168,0.021702319118335044
881,0.02257301071527469,0.019819571123988713,0.019819571123988713,0.011374381089274133,0.019707714422607468,0.017635464982982168,0.022308952776429667
925,0.02257301071527469,0.019819571123988713,0.019819571123988713,0.011374381089274133,0.011374381089274133,0.017635464982982168,0.02411368790926116
935,0.02257301071527469,0.019819571123988713,0.019819571123988713,0.019707714422607468,0.014152158867051911,0.021036825527199855,0.021944972581572894
961,0.02257301071527469,0.019819571123988713,0.019819571123988713,0.036374381089274134,0.02526326997816302,0.017635464982982168,0.0214141681307401
977,0.02257301071527469,0.019819571123988713,0.019819571123988713,0.0280410477559408,0.02526326997816302,0.017635464982982168,0.02148999733800193
004,0.022535107998913353,0.019187859184633057,0.019187859184633057,0.019707714422607468,0.01692993664482969,0.021036825527199855,0.021399002289287733
033,0.022535107998913353,0.019187859184633057,0.019187859184633057,0.019707714422607468,0.022485492200385242,0.021036825527199855,0.021702319118335044
069,0.022535107998913353,0.019187859184633057,0.019187859184633057,0.011374381089274133,0.01692993664482969,0.021036825527199855,0.023355395836642884
082,0.022535107998913353,0.019187859184633057,0.019187859184633057,0.044707714422607465,0.0280410477559408,0.017635464982982168,0.02148999733800193
105,0.022535107998913353,0.019187859184633057,0.019187859184633057,0.011374381089274133,0.019707714422607468,0.010832743894546793,0.0222937869349773
144,0.022535107998913353,0.019187859184633057,0.019187859184633057,0.011374381089274133,0.014152158867051911,0.017635464982982168,0.023628380982785465
160,0.022535107998913353,0.019187859184633057,0.019187859184633057,0.0280410477559408,0.02526326997816302,0.021036825527199855,0.02196013842302526
220,0.022535107998913353,0.019187859184633057,0.019187859184633057,0.019707714422607468,0.01692993664482969,0.01423410443876448,0.022051133471739454
234,0.022535107998913353,0.019187859184633057,0.019187859184633057,0.011374381089274133,0.014152158867051911,0.021036825527199855,0.02355255177552364
235,0.022535107998913353,0.019187859184633057,0.019187859184633057,0.0280410477559408,0.0280410477559408,0.024438186071417543,0.02144449981364483
247,0.022535107998913353,0.019187859184633057,0.019187859184633057,0.019707714422607468,0.019707714422607468,0.021036825527199855,0.022172460203358377
293,0.022535107998913353,0.019187859184633057,0.019187859184633057,0.036374381089274134,0.022485492200385242,0.017635464982982168,0.02138383644783537
333,0.022535107998913353,0.019187859184633057,0.019187859184633057,0.011374381089274133,0.01692993664482969,0.017635464982982168,0.02324923494647633
338,0.022535107998913353,0.019187859184633057,0.019187859184633057,0.011374381089274133,0.014152158867051911,0.021036825527199855,0.023052079007595577
351,0.022535107998913353,0.019187859184633057,0.019187859184633057,0.0280410477559408,0.02526326997816302,0.017635464982982168,0.021535494862359023
415,0.022535107998913353,0.019187859184633057,0.019187859184633057,0.011374381089274133,0.014152158867051911,0.021036825527199855,0.023522220092618906
445,0.022535107998913353,0.019187859184633057,0.019187859184633057,0.011374381089274133,0.019707714422607468,0.01423410443876448,0.022794259702905363
469,0.022535107998913353,0.019187859184633057,0.019187859184633057,0.011374381089274133,0.01692993664482969,0.02783954661563523,0.022506108715310415
501,0.022535107998913353,0.019187859184633057,0.019187859184633057,0.019707714422607468,0.019707714422607468,0.017635464982982168,0.021656821593977946
505,0.022535107998913353,0.019187859184633057,0.019187859184633057,0.019707714422607468,0.019707714422607468,0.021036825527199855,0.02223312356916784
527,0.022535107998913353,0.019187859184633057,0.019187859184633057,0.0280410477559408,0.022485492200385242,0.021036825527199855,0.02155066070381139
533,0.022535107998913353,0.019187859184633057,0.019187859184633057,0.036374381089274134,0.022485492200385242,0.024438186071417543,0.02147483149654956
551,0.022535107998913353,0.019187859184633057,0.019187859184633057,0.0280410477559408,0.022485492200385242,0.021036825527199855,0.0218539775328587
693,0.022535107998913353,0.019187859184633057,0.019187859184633057,0.0280410477559408,0.022485492200385242,0.021036825527199855,0.021778148325596873
792,0.022535107998913353,0.019187859184633057,0.019187859184633057,0.0280410477559408,0.019707714422607468,0.03804362824828829,0.021838811691406335
805,0.022535107998913353,0.019187859184633057,0.019187859184633057,0.011374381089274133,0.011374381089274133,0.017635464982982168,0.02411368790926116
864,0.022535107998913353,0.019187859184633057,0.019187859184633057,0.0280410477559408,0.019707714422607468,0.02783954661563523,0.02158099238671612
868,0.022535107998913353,0.019187859184633057,0.019187859184633057,0.019707714422607468,0.014152158867051911,0.017635464982982168,0.022248289410620202
914,0.022535107998913353,0.019187859184633057,0.019187859184633057,0.0280410477559408,0.01692993664482969,0.021036825527199855,0.021520329020906656
947,0.022535107998913353,0.019187859184633057,0.019187859184633057,0.011374381089274133,0.019707714422607468,0.01423410443876448,0.022612269605476975
055,0.022497205282552012,0.018556147245277405,0.018556147245277405,0.011374381089274133,0.02526326997816302,0.02783954661563523,0.022779093861453
056,0.022497205282552012,0.018556147245277405,0.018556147245277405,0.011374381089274133,0.014152158867051911,0.017635464982982168,0.022506108715310415
091,0.022497205282552012,0.018556147245277405,0.018556147245277405,0.0280410477559408,0.02526326997816302,0.01423410443876448,0.021505163179454292
134,0.022497205282552012,0.018556147245277405,0.018556147245277405,0.0280410477559408,0.019707714422607468,0.021036825527199855,0.02159615822816849
146,0.022497205282552012,0.018556147245277405,0.018556147245277405,0.011374381089274133,0.01692993664482969,0.024438186071417543,0.022748762178548265
184,0.022497205282552012,0.018556147245277405,0.018556147245277405,0.011374381089274133,0.014152158867051911,0.021036825527199855,0.022308952776429667
231,0.022497205282552012,0.018556147245277405,0.018556147245277405,0.011374381089274133,0.01692993664482969,0.01423410443876448,0.023021747324690846
238,0.022497205282552012,0.018556147245277405,0.018556147245277405,0.019707714422607468,0.019707714422607468,0.021036825527199855,0.0218539775328587
255,0.022497205282552012,0.018556147245277405,0.018556147245277405,0.011374381089274133,0.019707714422607468,0.024438186071417543,0.022627435446929342
298,0.022497205282552012,0.018556147245277405,0.018556147245277405,0.0280410477559408,0.022485492200385242,0.024438186071417543,0.021565826545263754
359,0.022497205282552012,0.018556147245277405,0.018556147245277405,0.011374381089274133,0.022485492200385242,0.021036825527199855,0.022688098812738804
377,0.022497205282552012,0.018556147245277405,0.018556147245277405,0.019707714422607468,0.01692993664482969,0.02783954661563523,0.021793314167049237
397,0.022497205282552012,0.018556147245277405,0.018556147245277405,0.011374381089274133,0.01692993664482969,0.024438186071417543,0.023658712665690196
406,0.022497205282552012,0.018556147245277405,0.018556147245277405,0.036374381089274134,0.02526326997816302,0.017635464982982168,0.021399002289287733
477,0.022497205282552012,0.018556147245277405,0.018556147245277405,0.011374381089274133,0.019707714422607468,0.021036825527199855,0.022384781983691492
502,0.022497205282552012,0.018556147245277405,0.018556147245277405,0.0280410477559408,0.022485492200385242,0.017635464982982168,0.02215729436190601
506,0.022497205282552012,0.018556147245277405,0.018556147245277405,0.011374381089274133,0.019707714422607468,0.017635464982982168,0.023218903263571594
512,0.022497205282552012,0.018556147245277405,0.018556147245277405,0.019707714422607468,0.01692993664482969,0.017635464982982168,0.022081465154644184
513,0.022497205282552012,0.018556147245277405,0.018556147245277405,0.019707714422607468,0.019707714422607468,0.01423410443876448,0.021747816642692142
584,0.022497205282552012,0.018556147245277405,0.018556147245277405,0.019707714422607468,0.01692993664482969,0.024438186071417543,0.02223312356916784
588,0.022497205282552012,0.018556147245277405,0.018556147245277405,0.011374381089274133,0.01692993664482969,0.01423410443876448,0.022369616142239125
626,0.022497205282552012,0.018556147245277405,0.018556147245277405,0.011374381089274133,0.014152158867051911,0.024438186071417543,0.022521274556762783
657,0.022497205282552012,0.018556147245277405,0.018556147245277405,0.019707714422607468,0.01692993664482969,0.021036825527199855,0.022172460203358377
664,0.022497205282552012,0.018556147245277405,0.018556147245277405,0.0280410477559408,0.019707714422607468,0.01423410443876448,0.02144449981364483
680,0.022497205282552012,0.018556147245277405,0.018556147245277405,0.019707714422607468,0.019707714422607468,0.024438186071417543,0.021793314167049237
700,0.022497205282552012,0.018556147245277405,0.018556147245277405,0.011374381089274133,0.01692993664482969,0.01423410443876448,0.02256677208111988
713,0.022497205282552012,0.018556147245277405,0.018556147245277405,0.011374381089274133,0.022485492200385242,0.017635464982982168,0.02232411861788203
717,0.022497205282552012,0.018556147245277405,0.018556147245277405,0.019707714422607468,0.0280410477559408,0.024438186071417543,0.021535494862359023
733,0.022497205282552012,0.018556147245277405,0.018556147245277405,0.0280410477559408,0.0280410477559408,0.024438186071417543,0.021838811691406335
734,0.022497205282552012,0.018556147245277405,0.018556147245277405,0.0280410477559408,0.0280410477559408,0.01423410443876448,0.021641655752525583
754,0.022497205282552012,0.018556147245277405,0.018556147245277405,0.011374381089274133,0.01692993664482969,0.01423410443876448,0.022339284459334394
773,0.022497205282552012,0.018556147245277405,0.018556147245277405,0.036374381089274134,0.030818825533718577,0.017635464982982168,0.021656821593977946
797,0.022497205282552012,0.018556147245277405,0.018556147245277405,0.019707714422607468,0.019707714422607468,0.024438186071417543,0.021671987435430314
821,0.022497205282552012,0.018556147245277405,0.018556147245277405,0.019707714422607468,0.019707714422607468,0.021036825527199855,0.02223312356916784
826,0.022497205282552012,0.018556147245277405,0.018556147245277405,0.011374381089274133,0.019707714422607468,0.021036825527199855,0.022369616142239125
886,0.022497205282552012,0.018556147245277405,0.018556147245277405,0.011374381089274133,0.01692993664482969,0.017635464982982168,0.023264400787928692
958,0.022497205282552012,0.018556147245277405,0.018556147245277405,0.011374381089274133,0.014152158867051911,0.017635464982982168,0.023840702763118584
987,0.022497205282552012,0.018556147245277405,0.018556147245277405,0.011374381089274133,0.019707714422607468,0.024438186071417543,0.02256677208111988
008,0.022459302566190675,0.01792443530592175,0.01792443530592175,0.019707714422607468,0.022485492200385242,0.024438186071417543,0.02158099238671612
176,0.022459302566190675,0.01792443530592175,0.01792443530592175,0.011374381089274133,0.01692993664482969,0.02783954661563523,0.02306724484904794
204,0.022459302566190675,0.01792443530592175,0.01792443530592175,0.019707714422607468,0.022485492200385242,0.021036825527199855,0.02212696267900128
227,0.022459302566190675,0.01792443530592175,0.01792443530592175,0.019707714422607468,0.019707714422607468,0.01423410443876448,0.021520329020906656
242,0.022459302566190675,0.01792443530592175,0.01792443530592175,0.019707714422607468,0.019707714422607468,0.024438186071417543,0.021869143374311065
269,0.022459302566190675,0.01792443530592175,0.01792443530592175,0.019707714422607468,0.01692993664482969,0.024438186071417543,0.021944972581572894
271,0.022459302566190675,0.01792443530592175,0.01792443530592175,0.011374381089274133,0.022485492200385242,0.017635464982982168,0.022415113666596223
323,0.022459302566190675,0.01792443530592175,0.01792443530592175,0.011374381089274133,0.019707714422607468,0.021036825527199855,0.02303691316614321
354,0.022459302566190675,0.01792443530592175,0.01792443530592175,0.019707714422607468,0.022485492200385242,0.01423410443876448,0.02188430921576343
373,0.022459302566190675,0.01792443530592175,0.01792443530592175,0.011374381089274133,0.022485492200385242,0.017635464982982168,0.02306724484904794
374,0.022459302566190675,0.01792443530592175,0.01792443530592175,0.011374381089274133,0.022485492200385242,0.017635464982982168,0.023097576531952674
436,0.022459302566190675,0.01792443530592175,0.01792443530592175,0.011374381089274133,0.019707714422607468,0.01423410443876448,0.022384781983691492
443,0.022459302566190675,0.01792443530592175,0.01792443530592175,0.019707714422607468,0.01692993664482969,0.02783954661563523,0.02159615822816849
453,0.022459302566190675,0.01792443530592175,0.01792443530592175,0.011374381089274133,0.019707714422607468,0.017635464982982168,0.02232411861788203
459,0.022459302566190675,0.01792443530592175,0.01792443530592175,0.011374381089274133,0.011374381089274133,0.02783954661563523,0.02411368790926116
624,0.022459302566190675,0.01792443530592175,0.01792443530592175,0.019707714422607468,0.01692993664482969,0.017635464982982168,0.02159615822816849
628,0.022459302566190675,0.01792443530592175,0.01792443530592175,0.019707714422607468,0.019707714422607468,0.01423410443876448,0.021505163179454292
629,0.022459302566190675,0.01792443530592175,0.01792443530592175,0.0280410477559408,0.01692993664482969,0.031240907159852914,0.02147483149654956
667,0.022459302566190675,0.01792443530592175,0.01792443530592175,0.011374381089274133,0.011374381089274133,0.01423410443876448,0.02411368790926116
784,0.022459302566190675,0.01792443530592175,0.01792443530592175,0.011374381089274133,0.022485492200385242,0.024438186071417543,0.02290042059307192
856,0.022459302566190675,0.01792443530592175,0.01792443530592175,0.011374381089274133,0.01692993664482969,0.017635464982982168,0.022445445349500954
952,0.022459302566190675,0.01792443530592175,0.01792443530592175,0.019707714422607468,0.01692993664482969,0.021036825527199855,0.02221795772771547
967,0.022459302566190675,0.01792443530592175,0.01792443530592175,0.019707714422607468,0.022485492200385242,0.010832743894546793,0.0218539775328587
006,0.022421399849829333,0.017292723366566096,0.017292723366566096,0.019707714422607468,0.019707714422607468,0.01423410443876448,0.021975304264477625
019,0.022421399849829333,0.017292723366566096,0.017292723366566096,0.019707714422607468,0.019707714422607468,0.01423410443876448,0.021399002289287733
029,0.022421399849829333,0.017292723366566096,0.017292723366566096,0.019707714422607468,0.019707714422607468,0.017635464982982168,0.02155066070381139
040,0.022421399849829333,0.017292723366566096,0.017292723366566096,0.0280410477559408,0.01692993664482969,0.017635464982982168,0.021505163179454292
041,0.022421399849829333,0.017292723366566096,0.017292723366566096,0.011374381089274133,0.014152158867051911,0.017635464982982168,0.023734541872952025
085,0.022421399849829333,0.017292723366566096,0.017292723366566096,0.019707714422607468,0.01692993664482969,0.02783954661563523,0.02155066070381139
088,0.022421399849829333,0.017292723366566096,0.017292723366566096,0.019707714422607468,0.01692993664482969,0.024438186071417543,0.022005635947382356
275,0.022421399849829333,0.017292723366566096,0.017292723366566096,0.019707714422607468,0.022485492200385242,0.021036825527199855,0.022172460203358377
304,0.022421399849829333,0.017292723366566096,0.017292723366566096,0.011374381089274133,0.01692993664482969,0.021036825527199855,0.023264400787928692
343,0.022421399849829333,0.017292723366566096,0.017292723366566096,0.011374381089274133,0.01692993664482969,0.021036825527199855,0.02232411861788203
411,0.022421399849829333,0.017292723366566096,0.017292723366566096,0.011374381089274133,0.02526326997816302,0.024438186071417543,0.02243027950804859
456,0.022421399849829333,0.017292723366566096,0.017292723366566096,0.0280410477559408,0.01692993664482969,0.01423410443876448,0.021459665655097198
470,0.022421399849829333,0.017292723366566096,0.017292723366566096,0.019707714422607468,0.02526326997816302,0.02783954661563523,0.022005635947382356
474,0.022421399849829333,0.017292723366566096,0.017292723366566096,0.019707714422607468,0.014152158867051911,0.010832743894546793,0.02226345525207257
555,0.022421399849829333,0.017292723366566096,0.017292723366566096,0.019707714422607468,0.01692993664482969,0.01423410443876448,0.02144449981364483
684,0.022421399849829333,0.017292723366566096,0.017292723366566096,0.011374381089274133,0.019707714422607468,0.01423410443876448,0.02299141564178611
714,0.022421399849829333,0.017292723366566096,0.017292723366566096,0.011374381089274133,0.02526326997816302,0.024438186071417543,0.023218903263571594
780,0.022421399849829333,0.017292723366566096,0.017292723366566096,0.011374381089274133,0.01692993664482969,0.017635464982982168,0.022688098812738804
808,0.022421399849829333,0.017292723366566096,0.017292723366566096,0.019707714422607468,0.019707714422607468,0.01423410443876448,0.021535494862359023
870,0.022421399849829333,0.017292723366566096,0.017292723366566096,0.019707714422607468,0.019707714422607468,0.024438186071417543,0.021611324069620852
893,0.022421399849829333,0.017292723366566096,0.017292723366566096,0.044707714422607465,0.022485492200385242,0.024438186071417543,0.021429333972192464
924,0.022421399849829333,0.017292723366566096,0.017292723366566096,0.0280410477559408,0.02526326997816302,0.017635464982982168,0.0218539775328587
149,0.022383497133467996,0.016661011427210444,0.016661011427210444,0.011374381089274133,0.014152158867051911,0.01423410443876448,0.022718430495643534
253,0.022383497133467996,0.016661011427210444,0.016661011427210444,0.011374381089274133,0.01692993664482969,0.021036825527199855,0.022733596337095898
259,0.022383497133467996,0.016661011427210444,0.016661011427210444,0.011374381089274133,0.01692993664482969,0.021036825527199855,0.023158239897762136
400,0.022383497133467996,0.016661011427210444,0.016661011427210444,0.0280410477559408,0.019707714422607468,0.01423410443876448,0.0214141681307401
451,0.022383497133467996,0.016661011427210444,0.016661011427210444,0.011374381089274133,0.011374381089274133,0.024438186071417543,0.02411368790926116
576,0.022383497133467996,0.016661011427210444,0.016661011427210444,0.011374381089274133,0.011374381089274133,0.017635464982982168,0.02411368790926116
596,0.022383497133467996,0.016661011427210444,0.016661011427210444,0.0280410477559408,0.019707714422607468,0.021036825527199855,0.021641655752525583
783,0.022383497133467996,0.016661011427210444,0.016661011427210444,0.011374381089274133,0.014152158867051911,0.01423410443876448,0.022703264654191167
795,0.022383497133467996,0.016661011427210444,0.016661011427210444,0.0280410477559408,0.022485492200385242,0.021036825527199855,0.02168715327688268
802,0.022383497133467996,0.016661011427210444,0.016661011427210444,0.011374381089274133,0.014152158867051911,0.010832743894546793,0.022627435446929342
812,0.022383497133467996,0.016661011427210444,0.016661011427210444,0.036374381089274134,0.022485492200385242,0.017635464982982168,0.02155066070381139
828,0.022383497133467996,0.016661011427210444,0.016661011427210444,0.011374381089274133,0.022485492200385242,0.010832743894546793,0.023234069105023965
874,0.022383497133467996,0.016661011427210444,0.016661011427210444,0.0280410477559408,0.01692993664482969,0.017635464982982168,0.021732650801239775
017,0.022345594417106658,0.016029299487854788,0.016029299487854788,0.036374381089274134,0.02526326997816302,0.021036825527199855,0.021505163179454292
042,0.022345594417106658,0.016029299487854788,0.016029299487854788,0.036374381089274134,0.02526326997816302,0.017635464982982168,0.02159615822816849
090,0.022345594417106658,0.016029299487854788,0.016029299487854788,0.019707714422607468,0.019707714422607468,0.017635464982982168,0.02226345525207257
178,0.022345594417106658,0.016029299487854788,0.016029299487854788,0.019707714422607468,0.01692993664482969,0.01423410443876448,0.02159615822816849
315,0.022345594417106658,0.016029299487854788,0.016029299487854788,0.011374381089274133,0.011374381089274133,0.017635464982982168,0.02411368790926116
434,0.022345594417106658,0.016029299487854788,0.016029299487854788,0.0280410477559408,0.022485492200385242,0.01423410443876448,0.02199047010592999
658,0.022345594417106658,0.016029299487854788,0.016029299487854788,0.011374381089274133,0.01692993664482969,0.01423410443876448,0.023795205238761486
730,0.022345594417106658,0.016029299487854788,0.016029299487854788,0.019707714422607468,0.022485492200385242,0.021036825527199855,0.021899475057215796
807,0.022345594417106658,0.016029299487854788,0.016029299487854788,0.019707714422607468,0.01692993664482969,0.01423410443876448,0.021929806740120527
929,0.022345594417106658,0.016029299487854788,0.016029299487854788,0.019707714422607468,0.01692993664482969,0.01423410443876448,0.02223312356916784
968,0.022345594417106658,0.016029299487854788,0.016029299487854788,0.011374381089274133,0.019707714422607468,0.01423410443876448,0.02235445030078676
979,0.022345594417106658,0.016029299487854788,0.016029299487854788,0.011374381089274133,0.022485492200385242,0.010832743894546793,0.02256677208111988
135,0.022307691700745317,0.015397587548499136,0.015397587548499136,0.011374381089274133,0.014152158867051911,0.017635464982982168,0.022733596337095898
026,0.02226978898438398,0.014765875609143482,0.014765875609143482,0.011374381089274133,0.011374381089274133,0.01423410443876448,0.02411368790926116
747,0.02226978898438398,0.014765875609143482,0.014765875609143482,0.011374381089274133,0.014152158867051911,0.017635464982982168,0.02353738593407127
