number,probability,raw_model_probability,long_rate,short_rate,recent_long_rate,weekday_rate,gap_signal
662,0.023727313817746357,0.0349806576685244,0.0349806576685244,0.036374381089274134,0.0280410477559408,0.027745175271175447,0.021641655752525583
053,0.02352516599715255,0.03245380991110179,0.03245380991110179,0.0280410477559408,0.022485492200385242,0.027745175271175447,0.02159615822816849
572,0.02352516599715255,0.03245380991110179,0.03245380991110179,0.019707714422607468,0.0280410477559408,0.020965514254226294,0.021626489911073216
369,0.023474629042004095,0.031822097971746136,0.031822097971746136,0.036374381089274134,0.02526326997816302,0.027745175271175447,0.021838811691406335
432,0.023474629042004095,0.031822097971746136,0.031822097971746136,0.036374381089274134,0.030818825533718577,0.027745175271175447,0.02182364584995397
526,0.023474629042004095,0.031822097971746136,0.031822097971746136,0.036374381089274134,0.03359660331149635,0.024355344762700872,0.021565826545263754
592,0.023474629042004095,0.031822097971746136,0.031822097971746136,0.044707714422607465,0.03359660331149635,0.024355344762700872,0.02144449981364483
697,0.023474629042004095,0.031822097971746136,0.031822097971746136,0.036374381089274134,0.030818825533718577,0.034524836288124604,0.021520329020906656
080,0.02342409208685564,0.03119038603239048,0.03119038603239048,0.061374381089274135,0.04748549220038524,0.024355344762700872,0.021641655752525583
983,0.02342409208685564,0.03119038603239048,0.03119038603239048,0.0280410477559408,0.030818825533718577,0.014185853237277142,0.021869143374311065
114,0.02337355513170719,0.030558674093034827,0.030558674093034827,0.019707714422607468,0.03915215886705191,0.04469432781354833,0.02147483149654956
186,0.02337355513170719,0.030558674093034827,0.030558674093034827,0.011374381089274133,0.0280410477559408,0.037914666796599175,0.022490942873858052
294,0.02337355513170719,0.030558674093034827,0.030558674093034827,0.0280410477559408,0.030818825533718577,0.027745175271175447,0.021505163179454292
370,0.02337355513170719,0.030558674093034827,0.030558674093034827,0.019707714422607468,0.0280410477559408,0.024355344762700872,0.02171748495978741
599,0.02337355513170719,0.030558674093034827,0.030558674093034827,0.036374381089274134,0.030818825533718577,0.031135005779650025,0.0214141681307401
645,0.02337355513170719,0.030558674093034827,0.030558674093034827,0.0280410477559408,0.030818825533718577,0.031135005779650025,0.02171748495978741
653,0.02337355513170719,0.030558674093034827,0.030558674093034827,0.011374381089274133,0.0280410477559408,0.034524836288124604,0.02235445030078676
867,0.02337355513170719,0.030558674093034827,0.030558674093034827,0.036374381089274134,0.02526326997816302,0.04469432781354833,0.02158099238671612
878,0.02337355513170719,0.030558674093034827,0.030558674093034827,0.019707714422607468,0.022485492200385242,0.031135005779650025,0.021656821593977946
119,0.023323018176558737,0.02992696215367917,0.02992696215367917,0.0280410477559408,0.02526326997816302,0.037914666796599175,0.02147483149654956
179,0.023323018176558737,0.02992696215367917,0.02992696215367917,0.019707714422607468,0.030818825533718577,0.027745175271175447,0.021565826545263754
213,0.023323018176558737,0.02992696215367917,0.02992696215367917,0.019707714422607468,0.02526326997816302,0.034524836288124604,0.021793314167049237
484,0.023323018176558737,0.02992696215367917,0.02992696215367917,0.019707714422607468,0.019707714422607468,0.024355344762700872,0.022142128520453646
964,0.023323018176558737,0.02992696215367917,0.02992696215367917,0.036374381089274134,0.036374381089274134,0.034524836288124604,0.021611324069620852
079,0.023272481221410287,0.02929525021432352,0.02929525021432352,0.019707714422607468,0.01692993664482969,0.034524836288124604,0.02212696267900128
243,0.023272481221410287,0.02929525021432352,0.02929525021432352,0.019707714422607468,0.02526326997816302,0.037914666796599175,0.02159615822816849
676,0.023272481221410287,0.02929525021432352,0.02929525021432352,0.036374381089274134,0.03359660331149635,0.027745175271175447,0.02168715327688268
811,0.023272481221410287,0.02929525021432352,0.02929525021432352,0.044707714422607465,0.03359660331149635,0.027745175271175447,0.021671987435430314
875,0.023272481221410287,0.02929525021432352,0.02929525021432352,0.0280410477559408,0.030818825533718577,0.027745175271175447,0.02148999733800193
013,0.023221944266261833,0.028663538274967867,0.028663538274967867,0.036374381089274134,0.030818825533718577,0.034524836288124604,0.0214141681307401
052,0.023221944266261833,0.028663538274967867,0.028663538274967867,0.0280410477559408,0.02526326997816302,0.01757568374575172,0.021641655752525583
057,0.023221944266261833,0.028663538274967867,0.028663538274967867,0.019707714422607468,0.0280410477559408,0.037914666796599175,0.02155066070381139
073,0.023221944266261833,0.028663538274967867,0.028663538274967867,0.0280410477559408,0.0280410477559408,0.027745175271175447,0.021762982484144506
267,0.023221944266261833,0.028663538274967867,0.028663538274967867,0.011374381089274133,0.0280410477559408,0.024355344762700872,0.022870088910167192
326,0.023221944266261833,0.028663538274967867,0.028663538274967867,0.044707714422607465,0.0280410477559408,0.024355344762700872,0.021399002289287733
356,0.023221944266261833,0.028663538274967867,0.028663538274967867,0.019707714422607468,0.02526326997816302,0.024355344762700872,0.021702319118335044
473,0.023221944266261833,0.028663538274967867,0.028663538274967867,0.019707714422607468,0.030818825533718577,0.024355344762700872,0.02199047010592999
522,0.023221944266261833,0.028663538274967867,0.028663538274967867,0.036374381089274134,0.030818825533718577,0.027745175271175447,0.02144449981364483
547,0.023221944266261833,0.028663538274967867,0.028663538274967867,0.044707714422607465,0.03359660331149635,0.027745175271175447,0.02144449981364483
612,0.023221944266261833,0.028663538274967867,0.028663538274967867,0.0280410477559408,0.0280410477559408,0.04469432781354833,0.021869143374311065
661,0.023221944266261833,0.028663538274967867,0.028663538274967867,0.044707714422607465,0.02526326997816302,0.020965514254226294,0.02168715327688268
848,0.023221944266261833,0.028663538274967867,0.028663538274967867,0.0280410477559408,0.02526326997816302,0.027745175271175447,0.02155066070381139
854,0.023221944266261833,0.028663538274967867,0.028663538274967867,0.019707714422607468,0.02526326997816302,0.01757568374575172,0.02212696267900128
871,0.023221944266261833,0.028663538274967867,0.028663538274967867,0.0280410477559408,0.019707714422607468,0.024355344762700872,0.02155066070381139
957,0.023221944266261833,0.028663538274967867,0.028663538274967867,0.044707714422607465,0.03915215886705191,0.031135005779650025,0.021399002289287733
981,0.023221944266261833,0.028663538274967867,0.028663538274967867,0.044707714422607465,0.030818825533718577,0.01757568374575172,0.021505163179454292
000,0.02317140731111338,0.02803182633561221,0.02803182633561221,0.0280410477559408,0.030818825533718577,0.027745175271175447,0.022051133471739454
092,0.02317140731111338,0.02803182633561221,0.02803182633561221,0.011374381089274133,0.0280410477559408,0.024355344762700872,0.022718430495643534
112,0.02317140731111338,0.02803182633561221,0.02803182633561221,0.019707714422607468,0.01692993664482969,0.034524836288124604,0.021641655752525583
151,0.02317140731111338,0.02803182633561221,0.02803182633561221,0.011374381089274133,0.019707714422607468,0.031135005779650025,0.022961083958881384
194,0.02317140731111338,0.02803182633561221,0.02803182633561221,0.019707714422607468,0.02526326997816302,0.024355344762700872,0.021944972581572894
221,0.02317140731111338,0.02803182633561221,0.02803182633561221,0.019707714422607468,0.02526326997816302,0.024355344762700872,0.02199047010592999
409,0.02317140731111338,0.02803182633561221,0.02803182633561221,0.044707714422607465,0.036374381089274134,0.01757568374575172,0.021399002289287733
422,0.02317140731111338,0.02803182633561221,0.02803182633561221,0.019707714422607468,0.019707714422607468,0.031135005779650025,0.021626489911073216
532,0.02317140731111338,0.02803182633561221,0.02803182633561221,0.019707714422607468,0.030818825533718577,0.024355344762700872,0.02182364584995397
556,0.02317140731111338,0.02803182633561221,0.02803182633561221,0.036374381089274134,0.036374381089274134,0.024355344762700872,0.022005635947382356
573,0.02317140731111338,0.02803182633561221,0.02803182633561221,0.019707714422607468,0.019707714422607468,0.024355344762700872,0.021565826545263754
619,0.02317140731111338,0.02803182633561221,0.02803182633561221,0.019707714422607468,0.0280410477559408,0.0480841583220229,0.022202791886263108
691,0.02317140731111338,0.02803182633561221,0.02803182633561221,0.019707714422607468,0.030818825533718577,0.031135005779650025,0.02215729436190601
715,0.02317140731111338,0.02803182633561221,0.02803182633561221,0.044707714422607465,0.030818825533718577,0.037914666796599175,0.021535494862359023
724,0.02317140731111338,0.02803182633561221,0.02803182633561221,0.044707714422607465,0.030818825533718577,0.027745175271175447,0.021899475057215796
749,0.02317140731111338,0.02803182633561221,0.02803182633561221,0.036374381089274134,0.02526326997816302,0.020965514254226294,0.021702319118335044
774,0.02317140731111338,0.02803182633561221,0.02803182633561221,0.011374381089274133,0.03359660331149635,0.024355344762700872,0.02243027950804859
836,0.02317140731111338,0.02803182633561221,0.02803182633561221,0.0280410477559408,0.03359660331149635,0.027745175271175447,0.02196013842302526
906,0.02317140731111338,0.02803182633561221,0.02803182633561221,0.019707714422607468,0.030818825533718577,0.024355344762700872,0.021520329020906656
932,0.02317140731111338,0.02803182633561221,0.02803182633561221,0.0280410477559408,0.02526326997816302,0.014185853237277142,0.021732650801239775
975,0.02317140731111338,0.02803182633561221,0.02803182633561221,0.019707714422607468,0.02526326997816302,0.024355344762700872,0.021611324069620852
978,0.02317140731111338,0.02803182633561221,0.02803182633561221,0.019707714422607468,0.022485492200385242,0.01757568374575172,0.02221795772771547
059,0.02312087035596493,0.02740011439625656,0.02740011439625656,0.036374381089274134,0.0280410477559408,0.024355344762700872,0.021702319118335044
081,0.02312087035596493,0.02740011439625656,0.02740011439625656,0.0280410477559408,0.030818825533718577,0.010796022728802566,0.021747816642692142
124,0.02312087035596493,0.02740011439625656,0.02740011439625656,0.011374381089274133,0.01692993664482969,0.020965514254226294,0.022779093861453
132,0.02312087035596493,0.02740011439625656,0.02740011439625656,0.0530410477559408,0.030818825533718577,0.020965514254226294,0.02138383644783537
189,0.02312087035596493,0.02740011439625656,0.02740011439625656,0.036374381089274134,0.030818825533718577,0.027745175271175447,0.021535494862359023
239,0.02312087035596493,0.02740011439625656,0.02740011439625656,0.0280410477559408,0.02526326997816302,0.024355344762700872,0.021429333972192464
292,0.02312087035596493,0.02740011439625656,0.02740011439625656,0.011374381089274133,0.02526326997816302,0.027745175271175447,0.022369616142239125
358,0.02312087035596493,0.02740011439625656,0.02740011439625656,0.019707714422607468,0.02526326997816302,0.031135005779650025,0.021778148325596873
362,0.02312087035596493,0.02740011439625656,0.02740011439625656,0.011374381089274133,0.01692993664482969,0.027745175271175447,0.022445445349500954
363,0.02312087035596493,0.02740011439625656,0.02740011439625656,0.019707714422607468,0.022485492200385242,0.031135005779650025,0.021899475057215796
419,0.02312087035596493,0.02740011439625656,0.02740011439625656,0.011374381089274133,0.014152158867051911,0.031135005779650025,0.02256677208111988
475,0.02312087035596493,0.02740011439625656,0.02740011439625656,0.011374381089274133,0.01692993664482969,0.027745175271175447,0.02243027950804859
491,0.02312087035596493,0.02740011439625656,0.02740011439625656,0.011374381089274133,0.0280410477559408,0.031135005779650025,0.022657767129834073
525,0.02312087035596493,0.02740011439625656,0.02740011439625656,0.036374381089274134,0.0280410477559408,0.027745175271175447,0.021929806740120527
620,0.02312087035596493,0.02740011439625656,0.02740011439625656,0.0280410477559408,0.022485492200385242,0.024355344762700872,0.021626489911073216
633,0.02312087035596493,0.02740011439625656,0.02740011439625656,0.036374381089274134,0.0280410477559408,0.027745175271175447,0.02148999733800193
729,0.02312087035596493,0.02740011439625656,0.02740011439625656,0.0280410477559408,0.0280410477559408,0.01757568374575172,0.021656821593977946
813,0.02312087035596493,0.02740011439625656,0.02740011439625656,0.019707714422607468,0.019707714422607468,0.037914666796599175,0.021838811691406335
916,0.02312087035596493,0.02740011439625656,0.02740011439625656,0.019707714422607468,0.022485492200385242,0.024355344762700872,0.022202791886263108
021,0.023070333400816476,0.026768402456900903,0.026768402456900903,0.044707714422607465,0.030818825533718577,0.034524836288124604,0.02147483149654956
032,0.023070333400816476,0.026768402456900903,0.026768402456900903,0.0280410477559408,0.02526326997816302,0.024355344762700872,0.02138383644783537
035,0.023070333400816476,0.026768402456900903,0.026768402456900903,0.036374381089274134,0.0280410477559408,0.020965514254226294,0.021535494862359023
063,0.023070333400816476,0.026768402456900903,0.026768402456900903,0.0280410477559408,0.030818825533718577,0.020965514254226294,0.021520329020906656
102,0.023070333400816476,0.026768402456900903,0.026768402456900903,0.019707714422607468,0.022485492200385242,0.027745175271175447,0.022172460203358377
115,0.023070333400816476,0.026768402456900903,0.026768402456900903,0.019707714422607468,0.02526326997816302,0.037914666796599175,0.022066299313191817
127,0.023070333400816476,0.026768402456900903,0.026768402456900903,0.0280410477559408,0.019707714422607468,0.027745175271175447,0.021899475057215796
138,0.023070333400816476,0.026768402456900903,0.026768402456900903,0.019707714422607468,0.02526326997816302,0.01757568374575172,0.021702319118335044
169,0.023070333400816476,0.026768402456900903,0.026768402456900903,0.044707714422607465,0.03359660331149635,0.027745175271175447,0.0214141681307401
200,0.023070333400816476,0.026768402456900903,0.026768402456900903,0.0530410477559408,0.030818825533718577,0.027745175271175447,0.021399002289287733
224,0.023070333400816476,0.026768402456900903,0.026768402456900903,0.019707714422607468,0.02526326997816302,0.027745175271175447,0.02171748495978741
244,0.023070333400816476,0.026768402456900903,0.026768402456900903,0.011374381089274133,0.022485492200385242,0.01757568374575172,0.022612269605476975
274,0.023070333400816476,0.026768402456900903,0.026768402456900903,0.019707714422607468,0.014152158867051911,0.020965514254226294,0.022278621093524936
296,0.023070333400816476,0.026768402456900903,0.026768402456900903,0.019707714422607468,0.02526326997816302,0.020965514254226294,0.02221795772771547
336,0.023070333400816476,0.026768402456900903,0.026768402456900903,0.019707714422607468,0.022485492200385242,0.027745175271175447,0.02159615822816849
341,0.023070333400816476,0.026768402456900903,0.026768402456900903,0.011374381089274133,0.022485492200385242,0.027745175271175447,0.022475777032405685
344,0.023070333400816476,0.026768402456900903,0.026768402456900903,0.036374381089274134,0.02526326997816302,0.020965514254226294,0.0214141681307401
394,0.023070333400816476,0.026768402456900903,0.026768402456900903,0.036374381089274134,0.030818825533718577,0.034524836288124604,0.02158099238671612
395,0.023070333400816476,0.026768402456900903,0.026768402456900903,0.019707714422607468,0.0280410477559408,0.031135005779650025,0.021520329020906656
492,0.023070333400816476,0.026768402456900903,0.026768402456900903,0.011374381089274133,0.02526326997816302,0.027745175271175447,0.022794259702905363
523,0.023070333400816476,0.026768402456900903,0.026768402456900903,0.019707714422607468,0.02526326997816302,0.027745175271175447,0.02182364584995397
549,0.023070333400816476,0.026768402456900903,0.026768402456900903,0.011374381089274133,0.019707714422607468,0.037914666796599175,0.022384781983691492
605,0.023070333400816476,0.026768402456900903,0.026768402456900903,0.036374381089274134,0.03359660331149635,0.027745175271175447,0.021611324069620852
606,0.023070333400816476,0.026768402456900903,0.026768402456900903,0.036374381089274134,0.036374381089274134,0.031135005779650025,0.02182364584995397
634,0.023070333400816476,0.026768402456900903,0.026768402456900903,0.036374381089274134,0.02526326997816302,0.020965514254226294,0.021611324069620852
647,0.023070333400816476,0.026768402456900903,0.026768402456900903,0.0280410477559408,0.022485492200385242,0.034524836288124604,0.021899475057215796
665,0.023070333400816476,0.026768402456900903,0.026768402456900903,0.0280410477559408,0.02526326997816302,0.020965514254226294,0.021732650801239775
727,0.023070333400816476,0.026768402456900903,0.026768402456900903,0.019707714422607468,0.030818825533718577,0.034524836288124604,0.022142128520453646
742,0.023070333400816476,0.026768402456900903,0.026768402456900903,0.036374381089274134,0.0280410477559408,0.024355344762700872,0.02147483149654956
761,0.023070333400816476,0.026768402456900903,0.026768402456900903,0.036374381089274134,0.022485492200385242,0.031135005779650025,0.021808480008501604
794,0.023070333400816476,0.026768402456900903,0.026768402456900903,0.0280410477559408,0.0280410477559408,0.024355344762700872,0.02138383644783537
898,0.023070333400816476,0.026768402456900903,0.026768402456900903,0.011374381089274133,0.019707714422607468,0.024355344762700872,0.023294732470833423
910,0.023070333400816476,0.026768402456900903,0.026768402456900903,0.019707714422607468,0.019707714422607468,0.020965514254226294,0.021520329020906656
960,0.023070333400816476,0.026768402456900903,0.026768402456900903,0.0280410477559408,0.022485492200385242,0.037914666796599175,0.021399002289287733
003,0.023019796445668025,0.02613669051754525,0.02613669051754525,0.044707714422607465,0.022485492200385242,0.034524836288124604,0.021611324069620852
022,0.023019796445668025,0.02613669051754525,0.02613669051754525,0.0280410477559408,0.0280410477559408,0.020965514254226294,0.0214141681307401
031,0.023019796445668025,0.02613669051754525,0.02613669051754525,0.036374381089274134,0.0280410477559408,0.014185853237277142,0.02148999733800193
097,0.023019796445668025,0.02613669051754525,0.02613669051754525,0.0280410477559408,0.03359660331149635,0.020965514254226294,0.02148999733800193
111,0.023019796445668025,0.02613669051754525,0.02613669051754525,0.0280410477559408,0.02526326997816302,0.024355344762700872,0.021929806740120527
131,0.023019796445668025,0.02613669051754525,0.02613669051754525,0.036374381089274134,0.0280410477559408,0.027745175271175447,0.02155066070381139
147,0.023019796445668025,0.02613669051754525,0.02613669051754525,0.019707714422607468,0.02526326997816302,0.01757568374575172,0.02148999733800193
158,0.023019796445668025,0.02613669051754525,0.02613669051754525,0.019707714422607468,0.01692993664482969,0.037914666796599175,0.022202791886263108
166,0.023019796445668025,0.02613669051754525,0.02613669051754525,0.0280410477559408,0.022485492200385242,0.01757568374575172,0.022051133471739454
174,0.023019796445668025,0.02613669051754525,0.02613669051754525,0.011374381089274133,0.0280410477559408,0.024355344762700872,0.0222937869349773
191,0.023019796445668025,0.02613669051754525,0.02613669051754525,0.019707714422607468,0.030818825533718577,0.024355344762700872,0.02196013842302526
206,0.023019796445668025,0.02613669051754525,0.02613669051754525,0.019707714422607468,0.019707714422607468,0.020965514254226294,0.022278621093524936
208,0.023019796445668025,0.02613669051754525,0.02613669051754525,0.019707714422607468,0.0280410477559408,0.031135005779650025,0.02168715327688268
217,0.023019796445668025,0.02613669051754525,0.02613669051754525,0.044707714422607465,0.0280410477559408,0.014185853237277142,0.021838811691406335
250,0.023019796445668025,0.02613669051754525,0.02613669051754525,0.036374381089274134,0.03915215886705191,0.031135005779650025,0.021702319118335044
254,0.023019796445668025,0.02613669051754525,0.02613669051754525,0.0280410477559408,0.02526326997816302,0.024355344762700872,0.02211179683754891
289,0.023019796445668025,0.02613669051754525,0.02613669051754525,0.011374381089274133,0.014152158867051911,0.020965514254226294,0.023355395836642884
313,0.023019796445668025,0.02613669051754525,0.02613669051754525,0.044707714422607465,0.03359660331149635,0.037914666796599175,0.02144449981364483
349,0.023019796445668025,0.02613669051754525,0.02613669051754525,0.0280410477559408,0.022485492200385242,0.024355344762700872,0.021793314167049237
391,0.023019796445668025,0.02613669051754525,0.02613669051754525,0.019707714422607468,0.0280410477559408,0.020965514254226294,0.02182364584995397
396,0.023019796445668025,0.02613669051754525,0.02613669051754525,0.011374381089274133,0.01692993664482969,0.031135005779650025,0.02256677208111988
417,0.023019796445668025,0.02613669051754525,0.02613669051754525,0.036374381089274134,0.030818825533718577,0.031135005779650025,0.02171748495978741
435,0.023019796445668025,0.02613669051754525,0.02613669051754525,0.0280410477559408,0.022485492200385242,0.01757568374575172,0.021565826545263754
447,0.023019796445668025,0.02613669051754525,0.02613669051754525,0.0280410477559408,0.02526326997816302,0.024355344762700872,0.022142128520453646
450,0.023019796445668025,0.02613669051754525,0.02613669051754525,0.019707714422607468,0.019707714422607468,0.020965514254226294,0.021656821593977946
481,0.023019796445668025,0.02613669051754525,0.02613669051754525,0.036374381089274134,0.02526326997816302,0.027745175271175447,0.02171748495978741
509,0.023019796445668025,0.02613669051754525,0.02613669051754525,0.044707714422607465,0.036374381089274134,0.024355344762700872,0.021459665655097198
543,0.023019796445668025,0.02613669051754525,0.02613669051754525,0.011374381089274133,0.01692993664482969,0.024355344762700872,0.022627435446929342
561,0.023019796445668025,0.02613669051754525,0.02613669051754525,0.0280410477559408,0.0280410477559408,0.020965514254226294,0.021732650801239775
603,0.023019796445668025,0.02613669051754525,0.02613669051754525,0.036374381089274134,0.022485492200385242,0.031135005779650025,0.02155066070381139
625,0.023019796445668025,0.02613669051754525,0.02613669051754525,0.011374381089274133,0.022485492200385242,0.01757568374575172,0.022597103764024608
669,0.023019796445668025,0.02613669051754525,0.02613669051754525,0.019707714422607468,0.0280410477559408,0.020965514254226294,0.021656821593977946
705,0.023019796445668025,0.02613669051754525,0.02613669051754525,0.044707714422607465,0.0280410477559408,0.01757568374575172,0.02148999733800193
710,0.023019796445668025,0.02613669051754525,0.02613669051754525,0.0280410477559408,0.022485492200385242,0.020965514254226294,0.022081465154644184
720,0.023019796445668025,0.02613669051754525,0.02613669051754525,0.044707714422607465,0.036374381089274134,0.027745175271175447,0.021914640898668163
814,0.023019796445668025,0.02613669051754525,0.02613669051754525,0.011374381089274133,0.019707714422607468,0.031135005779650025,0.02341605920245235
829,0.023019796445668025,0.02613669051754525,0.02613669051754525,0.011374381089274133,0.019707714422607468,0.024355344762700872,0.023052079007595577
844,0.023019796445668025,0.02613669051754525,0.02613669051754525,0.011374381089274133,0.02526326997816302,0.031135005779650025,0.022369616142239125
847,0.023019796445668025,0.02613669051754525,0.02613669051754525,0.019707714422607468,0.022485492200385242,0.027745175271175447,0.021702319118335044
851,0.023019796445668025,0.02613669051754525,0.02613669051754525,0.044707714422607465,0.036374381089274134,0.027745175271175447,0.02147483149654956
879,0.023019796445668025,0.02613669051754525,0.02613669051754525,0.019707714422607468,0.02526326997816302,0.024355344762700872,0.021732650801239775
889,0.023019796445668025,0.02613669051754525,0.02613669051754525,0.0280410477559408,0.02526326997816302,0.020965514254226294,0.021505163179454292
902,0.023019796445668025,0.02613669051754525,0.02613669051754525,0.0280410477559408,0.019707714422607468,0.010796022728802566,0.022051133471739454
903,0.023019796445668025,0.02613669051754525,0.02613669051754525,0.036374381089274134,0.02526326997816302,0.027745175271175447,0.021535494862359023
937,0.023019796445668025,0.02613669051754525,0.02613669051754525,0.019707714422607468,0.019707714422607468,0.031135005779650025,0.021565826545263754
990,0.023019796445668025,0.02613669051754525,0.02613669051754525,0.019707714422607468,0.01692993664482969,0.024355344762700872,0.02155066070381139
046,0.02296925949051957,0.025504978578189598,0.025504978578189598,0.0280410477559408,0.0280410477559408,0.034524836288124604,0.0214141681307401
049,0.02296925949051957,0.025504978578189598,0.025504978578189598,0.011374381089274133,0.01692993664482969,0.031135005779650025,0.02341605920245235
087,0.02296925949051957,0.025504978578189598,0.025504978578189598,0.019707714422607468,0.022485492200385242,0.020965514254226294,0.021535494862359023
133,0.02296925949051957,0.025504978578189598,0.025504978578189598,0.0280410477559408,0.019707714422607468,0.027745175271175447,0.02188430921576343
139,0.02296925949051957,0.025504978578189598,0.025504978578189598,0.011374381089274133,0.014152158867051911,0.014185853237277142,0.02256677208111988
168,0.02296925949051957,0.025504978578189598,0.025504978578189598,0.019707714422607468,0.02526326997816302,0.027745175271175447,0.021702319118335044
205,0.02296925949051957,0.025504978578189598,0.025504978578189598,0.0280410477559408,0.030818825533718577,0.01757568374575172,0.021459665655097198
299,0.02296925949051957,0.025504978578189598,0.025504978578189598,0.0530410477559408,0.030818825533718577,0.014185853237277142,0.021565826545263754
314,0.02296925949051957,0.025504978578189598,0.025504978578189598,0.0280410477559408,0.02526326997816302,0.020965514254226294,0.021975304264477625
318,0.02296925949051957,0.025504978578189598,0.025504978578189598,0.0280410477559408,0.02526326997816302,0.020965514254226294,0.021838811691406335
390,0.02296925949051957,0.025504978578189598,0.025504978578189598,0.0280410477559408,0.01692993664482969,0.031135005779650025,0.02147483149654956
398,0.02296925949051957,0.025504978578189598,0.025504978578189598,0.019707714422607468,0.03359660331149635,0.014185853237277142,0.022051133471739454
427,0.02296925949051957,0.025504978578189598,0.025504978578189598,0.0280410477559408,0.022485492200385242,0.031135005779650025,0.021505163179454292
482,0.02296925949051957,0.025504978578189598,0.025504978578189598,0.011374381089274133,0.014152158867051911,0.024355344762700872,0.022445445349500954
559,0.02296925949051957,0.025504978578189598,0.025504978578189598,0.011374381089274133,0.019707714422607468,0.014185853237277142,0.022339284459334394
565,0.02296925949051957,0.025504978578189598,0.025504978578189598,0.0280410477559408,0.022485492200385242,0.037914666796599175,0.02147483149654956
568,0.02296925949051957,0.025504978578189598,0.025504978578189598,0.0280410477559408,0.030818825533718577,0.027745175271175447,0.021793314167049237
586,0.02296925949051957,0.025504978578189598,0.025504978578189598,0.0280410477559408,0.022485492200385242,0.024355344762700872,0.02202080178883472
594,0.02296925949051957,0.025504978578189598,0.025504978578189598,0.0280410477559408,0.019707714422607468,0.031135005779650025,0.021671987435430314
595,0.02296925949051957,0.025504978578189598,0.025504978578189598,0.044707714422607465,0.030818825533718577,0.014185853237277142,0.021505163179454292
609,0.02296925949051957,0.025504978578189598,0.025504978578189598,0.011374381089274133,0.019707714422607468,0.020965514254226294,0.02355255177552364
618,0.02296925949051957,0.025504978578189598,0.025504978578189598,0.0280410477559408,0.02526326997816302,0.027745175271175447,0.022005635947382356
627,0.02296925949051957,0.025504978578189598,0.025504978578189598,0.019707714422607468,0.02526326997816302,0.01757568374575172,0.02215729436190601
636,0.02296925949051957,0.025504978578189598,0.025504978578189598,0.0280410477559408,0.0280410477559408,0.031135005779650025,0.02159615822816849
652,0.02296925949051957,0.025504978578189598,0.025504978578189598,0.0280410477559408,0.02526326997816302,0.020965514254226294,0.021429333972192464
666,0.02296925949051957,0.025504978578189598,0.025504978578189598,0.019707714422607468,0.030818825533718577,0.020965514254226294,0.022187626044810744
686,0.02296925949051957,0.025504978578189598,0.025504978578189598,0.019707714422607468,0.02526326997816302,0.010796022728802566,0.0218539775328587
688,0.02296925949051957,0.025504978578189598,0.025504978578189598,0.036374381089274134,0.030818825533718577,0.024355344762700872,0.021838811691406335
718,0.02296925949051957,0.025504978578189598,0.025504978578189598,0.0280410477559408,0.0280410477559408,0.020965514254226294,0.02144449981364483
740,0.02296925949051957,0.025504978578189598,0.025504978578189598,0.036374381089274134,0.03359660331149635,0.024355344762700872,0.021535494862359023
745,0.02296925949051957,0.025504978578189598,0.025504978578189598,0.019707714422607468,0.01692993664482969,0.020965514254226294,0.02138383644783537
752,0.02296925949051957,0.025504978578189598,0.025504978578189598,0.0280410477559408,0.0280410477559408,0.027745175271175447,0.02155066070381139
791,0.02296925949051957,0.025504978578189598,0.025504978578189598,0.0280410477559408,0.02526326997816302,0.031135005779650025,0.02158099238671612
799,0.02296925949051957,0.025504978578189598,0.025504978578189598,0.019707714422607468,0.02526326997816302,0.010796022728802566,0.021459665655097198
841,0.02296925949051957,0.025504978578189598,0.025504978578189598,0.019707714422607468,0.01692993664482969,0.01757568374575172,0.02199047010592999
853,0.02296925949051957,0.025504978578189598,0.025504978578189598,0.044707714422607465,0.0280410477559408,0.024355344762700872,0.02138383644783537
869,0.02296925949051957,0.025504978578189598,0.025504978578189598,0.019707714422607468,0.0280410477559408,0.037914666796599175,0.022051133471739454
936,0.02296925949051957,0.025504978578189598,0.025504978578189598,0.0280410477559408,0.022485492200385242,0.020965514254226294,0.02196013842302526
966,0.02296925949051957,0.025504978578189598,0.025504978578189598,0.019707714422607468,0.014152158867051911,0.020965514254226294,0.021505163179454292
014,0.022918722535371118,0.024873266638833942,0.024873266638833942,0.019707714422607468,0.02526326997816302,0.031135005779650025,0.021869143374311065
023,0.022918722535371118,0.024873266638833942,0.024873266638833942,0.019707714422607468,0.022485492200385242,0.031135005779650025,0.021762982484144506
028,0.022918722535371118,0.024873266638833942,0.024873266638833942,0.036374381089274134,0.02526326997816302,0.020965514254226294,0.02155066070381139
075,0.022918722535371118,0.024873266638833942,0.024873266638833942,0.0280410477559408,0.02526326997816302,0.020965514254226294,0.021399002289287733
098,0.022918722535371118,0.024873266638833942,0.024873266638833942,0.0280410477559408,0.02526326997816302,0.024355344762700872,0.02221795772771547
106,0.022918722535371118,0.024873266638833942,0.024873266638833942,0.019707714422607468,0.030818825533718577,0.031135005779650025,0.021914640898668163
121,0.022918722535371118,0.024873266638833942,0.024873266638833942,0.019707714422607468,0.01692993664482969,0.027745175271175447,0.022005635947382356
125,0.022918722535371118,0.024873266638833942,0.024873266638833942,0.019707714422607468,0.0280410477559408,0.01757568374575172,0.022066299313191817
196,0.022918722535371118,0.024873266638833942,0.024873266638833942,0.0280410477559408,0.0280410477559408,0.020965514254226294,0.02138383644783537
202,0.022918722535371118,0.024873266638833942,0.024873266638833942,0.0280410477559408,0.030818825533718577,0.01757568374575172,0.022005635947382356
215,0.022918722535371118,0.024873266638833942,0.024873266638833942,0.011374381089274133,0.01692993664482969,0.020965514254226294,0.022551606239667513
225,0.022918722535371118,0.024873266638833942,0.024873266638833942,0.011374381089274133,0.01692993664482969,0.024355344762700872,0.022733596337095898
228,0.022918722535371118,0.024873266638833942,0.024873266638833942,0.0280410477559408,0.022485492200385242,0.024355344762700872,0.021459665655097198
236,0.022918722535371118,0.024873266638833942,0.024873266638833942,0.036374381089274134,0.02526326997816302,0.024355344762700872,0.021747816642692142
246,0.022918722535371118,0.024873266638833942,0.024873266638833942,0.011374381089274133,0.0280410477559408,0.034524836288124604,0.02235445030078676
264,0.022918722535371118,0.024873266638833942,0.024873266638833942,0.036374381089274134,0.022485492200385242,0.020965514254226294,0.0214141681307401
277,0.022918722535371118,0.024873266638833942,0.024873266638833942,0.019707714422607468,0.0280410477559408,0.01757568374575172,0.02202080178883472
302,0.022918722535371118,0.024873266638833942,0.024873266638833942,0.019707714422607468,0.019707714422607468,0.014185853237277142,0.021641655752525583
310,0.022918722535371118,0.024873266638833942,0.024873266638833942,0.0280410477559408,0.019707714422607468,0.020965514254226294,0.02199047010592999
312,0.022918722535371118,0.024873266638833942,0.024873266638833942,0.011374381089274133,0.019707714422607468,0.020965514254226294,0.022839757227262458
339,0.022918722535371118,0.024873266638833942,0.024873266638833942,0.036374381089274134,0.02526326997816302,0.024355344762700872,0.021429333972192464
360,0.022918722535371118,0.024873266638833942,0.024873266638833942,0.0280410477559408,0.030818825533718577,0.01757568374575172,0.021459665655097198
380,0.022918722535371118,0.024873266638833942,0.024873266638833942,0.011374381089274133,0.01692993664482969,0.031135005779650025,0.023461556726809447
389,0.022918722535371118,0.024873266638833942,0.024873266638833942,0.011374381089274133,0.019707714422607468,0.037914666796599175,0.02243027950804859
442,0.022918722535371118,0.024873266638833942,0.024873266638833942,0.019707714422607468,0.03359660331149635,0.024355344762700872,0.02199047010592999
460,0.022918722535371118,0.024873266638833942,0.024873266638833942,0.0280410477559408,0.0280410477559408,0.020965514254226294,0.021535494862359023
461,0.022918722535371118,0.024873266638833942,0.024873266638833942,0.011374381089274133,0.022485492200385242,0.034524836288124604,0.02232411861788203
508,0.022918722535371118,0.024873266638833942,0.024873266638833942,0.0280410477559408,0.019707714422607468,0.020965514254226294,0.021929806740120527
510,0.022918722535371118,0.024873266638833942,0.024873266638833942,0.0280410477559408,0.03359660331149635,0.024355344762700872,0.021778148325596873
517,0.022918722535371118,0.024873266638833942,0.024873266638833942,0.0280410477559408,0.0280410477559408,0.014185853237277142,0.021762982484144506
582,0.022918722535371118,0.024873266638833942,0.024873266638833942,0.0280410477559408,0.0280410477559408,0.024355344762700872,0.022248289410620202
601,0.022918722535371118,0.024873266638833942,0.024873266638833942,0.0280410477559408,0.022485492200385242,0.024355344762700872,0.02168715327688268
610,0.022918722535371118,0.024873266638833942,0.024873266638833942,0.044707714422607465,0.022485492200385242,0.01757568374575172,0.021641655752525583
651,0.022918722535371118,0.024873266638833942,0.024873266638833942,0.036374381089274134,0.030818825533718577,0.024355344762700872,0.021929806740120527
672,0.022918722535371118,0.024873266638833942,0.024873266638833942,0.011374381089274133,0.019707714422607468,0.034524836288124604,0.023112742373405038
679,0.022918722535371118,0.024873266638833942,0.024873266638833942,0.019707714422607468,0.019707714422607468,0.020965514254226294,0.02171748495978741
683,0.022918722535371118,0.024873266638833942,0.024873266638833942,0.019707714422607468,0.022485492200385242,0.031135005779650025,0.021793314167049237
704,0.022918722535371118,0.024873266638833942,0.024873266638833942,0.036374381089274134,0.0280410477559408,0.031135005779650025,0.021778148325596873
736,0.022918722535371118,0.024873266638833942,0.024873266638833942,0.019707714422607468,0.019707714422607468,0.031135005779650025,0.021520329020906656
764,0.022918722535371118,0.024873266638833942,0.024873266638833942,0.0280410477559408,0.030818825533718577,0.01757568374575172,0.021641655752525583
766,0.022918722535371118,0.024873266638833942,0.024873266638833942,0.011374381089274133,0.014152158867051911,0.027745175271175447,0.02359804929988073
804,0.022918722535371118,0.024873266638833942,0.024873266638833942,0.019707714422607468,0.02526326997816302,0.041304497305073753,0.02147483149654956
816,0.022918722535371118,0.024873266638833942,0.024873266638833942,0.011374381089274133,0.014152158867051911,0.020965514254226294,0.02267293297128644
832,0.022918722535371118,0.024873266638833942,0.024873266638833942,0.011374381089274133,0.019707714422607468,0.027745175271175447,0.02243027950804859
850,0.022918722535371118,0.024873266638833942,0.024873266638833942,0.019707714422607468,0.022485492200385242,0.027745175271175447,0.022005635947382356
876,0.022918722535371118,0.024873266638833942,0.024873266638833942,0.0280410477559408,0.0280410477559408,0.01757568374575172,0.02159615822816849
877,0.022918722535371118,0.024873266638833942,0.024873266638833942,0.019707714422607468,0.02526326997816302,0.031135005779650025,0.022066299313191817
883,0.022918722535371118,0.024873266638833942,0.024873266638833942,0.011374381089274133,0.022485492200385242,0.027745175271175447,0.022369616142239125
887,0.022918722535371118,0.024873266638833942,0.024873266638833942,0.019707714422607468,0.02526326997816302,0.034524836288124604,0.022035967630287086
888,0.022918722535371118,0.024873266638833942,0.024873266638833942,0.044707714422607465,0.0280410477559408,0.031135005779650025,0.02158099238671612
904,0.022918722535371118,0.024873266638833942,0.024873266638833942,0.019707714422607468,0.019707714422607468,0.024355344762700872,0.022096630996096548
908,0.022918722535371118,0.024873266638833942,0.024873266638833942,0.0280410477559408,0.01692993664482969,0.01757568374575172,0.021914640898668163
913,0.022918722535371118,0.024873266638833942,0.024873266638833942,0.0280410477559408,0.0280410477559408,0.031135005779650025,0.021671987435430314
917,0.022918722535371118,0.024873266638833942,0.024873266638833942,0.0280410477559408,0.03359660331149635,0.027745175271175447,0.021762982484144506
927,0.022918722535371118,0.024873266638833942,0.024873266638833942,0.011374381089274133,0.03359660331149635,0.031135005779650025,0.022779093861453
938,0.022918722535371118,0.024873266638833942,0.024873266638833942,0.044707714422607465,0.03359660331149635,0.027745175271175447,0.021778148325596873
946,0.022918722535371118,0.024873266638833942,0.024873266638833942,0.019707714422607468,0.019707714422607468,0.024355344762700872,0.021899475057215796
959,0.022918722535371118,0.024873266638833942,0.024873266638833942,0.036374381089274134,0.03359660331149635,0.014185853237277142,0.0214141681307401
989,0.022918722535371118,0.024873266638833942,0.024873266638833942,0.019707714422607468,0.030818825533718577,0.014185853237277142,0.021429333972192464
996,0.022918722535371118,0.024873266638833942,0.024873266638833942,0.019707714422607468,0.019707714422607468,0.031135005779650025,0.02138383644783537
034,0.022868185580222668,0.02424155469947829,0.02424155469947829,0.0280410477559408,0.022485492200385242,0.024355344762700872,0.021914640898668163
074,0.022868185580222668,0.02424155469947829,0.02424155469947829,0.044707714422607465,0.030818825533718577,0.027745175271175447,0.02182364584995397
109,0.022868185580222668,0.02424155469947829,0.02424155469947829,0.019707714422607468,0.022485492200385242,0.020965514254226294,0.021808480008501604
150,0.022868185580222668,0.02424155469947829,0.02424155469947829,0.0280410477559408,0.03359660331149635,0.020965514254226294,0.02159615822816849
159,0.022868185580222668,0.02424155469947829,0.02424155469947829,0.011374381089274133,0.01692993664482969,0.024355344762700872,0.02381037108021385
162,0.022868185580222668,0.02424155469947829,0.02424155469947829,0.044707714422607465,0.02526326997816302,0.020965514254226294,0.021944972581572894
164,0.022868185580222668,0.02424155469947829,0.02424155469947829,0.036374381089274134,0.022485492200385242,0.024355344762700872,0.021399002289287733
183,0.022868185580222668,0.02424155469947829,0.02424155469947829,0.036374381089274134,0.030818825533718577,0.024355344762700872,0.0214141681307401
190,0.022868185580222668,0.02424155469947829,0.02424155469947829,0.011374381089274133,0.01692993664482969,0.020965514254226294,0.022475777032405685
216,0.022868185580222668,0.02424155469947829,0.02424155469947829,0.019707714422607468,0.01692993664482969,0.024355344762700872,0.021656821593977946
252,0.022868185580222668,0.02424155469947829,0.02424155469947829,0.0280410477559408,0.03359660331149635,0.020965514254226294,0.021793314167049237
270,0.022868185580222668,0.02424155469947829,0.02424155469947829,0.0280410477559408,0.02526326997816302,0.031135005779650025,0.021626489911073216
278,0.022868185580222668,0.02424155469947829,0.02424155469947829,0.036374381089274134,0.030818825533718577,0.020965514254226294,0.021899475057215796
291,0.022868185580222668,0.02424155469947829,0.02424155469947829,0.011374381089274133,0.019707714422607468,0.014185853237277142,0.02246061119095332
297,0.022868185580222668,0.02424155469947829,0.02424155469947829,0.011374381089274133,0.014152158867051911,0.024355344762700872,0.023188571580666867
300,0.022868185580222668,0.02424155469947829,0.02424155469947829,0.036374381089274134,0.022485492200385242,0.027745175271175447,0.021793314167049237
306,0.022868185580222668,0.02424155469947829,0.02424155469947829,0.011374381089274133,0.01692993664482969,0.024355344762700872,0.022839757227262458
307,0.022868185580222668,0.02424155469947829,0.02424155469947829,0.011374381089274133,0.02526326997816302,0.034524836288124604,0.022688098812738804
308,0.022868185580222668,0.02424155469947829,0.02424155469947829,0.019707714422607468,0.019707714422607468,0.010796022728802566,0.021944972581572894
316,0.022868185580222668,0.02424155469947829,0.02424155469947829,0.019707714422607468,0.022485492200385242,0.020965514254226294,0.02199047010592999
317,0.022868185580222668,0.02424155469947829,0.02424155469947829,0.019707714422607468,0.022485492200385242,0.024355344762700872,0.021929806740120527
322,0.022868185580222668,0.02424155469947829,0.02424155469947829,0.044707714422607465,0.02526326997816302,0.020965514254226294,0.021429333972192464
330,0.022868185580222668,0.02424155469947829,0.02424155469947829,0.011374381089274133,0.02526326997816302,0.014185853237277142,0.02290042059307192
353,0.022868185580222668,0.02424155469947829,0.02424155469947829,0.0280410477559408,0.022485492200385242,0.031135005779650025,0.02159615822816849
365,0.022868185580222668,0.02424155469947829,0.02424155469947829,0.019707714422607468,0.022485492200385242,0.037914666796599175,0.021793314167049237
368,0.022868185580222668,0.02424155469947829,0.02424155469947829,0.019707714422607468,0.02526326997816302,0.020965514254226294,0.02212696267900128
379,0.022868185580222668,0.02424155469947829,0.02424155469947829,0.0280410477559408,0.022485492200385242,0.024355344762700872,0.02199047010592999
381,0.022868185580222668,0.02424155469947829,0.02424155469947829,0.036374381089274134,0.0280410477559408,0.031135005779650025,0.021899475057215796
402,0.022868185580222668,0.02424155469947829,0.02424155469947829,0.0280410477559408,0.022485492200385242,0.024355344762700872,0.02147483149654956
431,0.022868185580222668,0.02424155469947829,0.02424155469947829,0.011374381089274133,0.014152158867051911,0.020965514254226294,0.023992361177642238
449,0.022868185580222668,0.02424155469947829,0.02424155469947829,0.036374381089274134,0.02526326997816302,0.024355344762700872,0.021399002289287733
463,0.022868185580222668,0.02424155469947829,0.02424155469947829,0.019707714422607468,0.022485492200385242,0.01757568374575172,0.02211179683754891
485,0.022868185580222668,0.02424155469947829,0.02424155469947829,0.011374381089274133,0.02526326997816302,0.034524836288124604,0.02232411861788203
488,0.022868185580222668,0.02424155469947829,0.02424155469947829,0.011374381089274133,0.011374381089274133,0.014185853237277142,0.02411368790926116
489,0.022868185580222668,0.02424155469947829,0.02424155469947829,0.019707714422607468,0.019707714422607468,0.034524836288124604,0.02144449981364483
490,0.022868185580222668,0.02424155469947829,0.02424155469947829,0.011374381089274133,0.03359660331149635,0.01757568374575172,0.022961083958881384
542,0.022868185580222668,0.02424155469947829,0.02424155469947829,0.044707714422607465,0.0280410477559408,0.031135005779650025,0.021626489911073216
557,0.022868185580222668,0.02424155469947829,0.02424155469947829,0.0280410477559408,0.019707714422607468,0.020965514254226294,0.02159615822816849
566,0.022868185580222668,0.02424155469947829,0.02424155469947829,0.019707714422607468,0.02526326997816302,0.027745175271175447,0.021429333972192464
569,0.022868185580222668,0.02424155469947829,0.02424155469947829,0.019707714422607468,0.030818825533718577,0.027745175271175447,0.021929806740120527
579,0.022868185580222668,0.02424155469947829,0.02424155469947829,0.019707714422607468,0.02526326997816302,0.024355344762700872,0.021459665655097198
597,0.022868185580222668,0.02424155469947829,0.02424155469947829,0.0280410477559408,0.01692993664482969,0.024355344762700872,0.021944972581572894
632,0.022868185580222668,0.02424155469947829,0.02424155469947829,0.011374381089274133,0.019707714422607468,0.020965514254226294,0.02239994782514386
659,0.022868185580222668,0.02424155469947829,0.02424155469947829,0.011374381089274133,0.014152158867051911,0.027745175271175447,0.022748762178548265
690,0.022868185580222668,0.02424155469947829,0.02424155469947829,0.019707714422607468,0.022485492200385242,0.027745175271175447,0.022172460203358377
694,0.022868185580222668,0.02424155469947829,0.02424155469947829,0.011374381089274133,0.019707714422607468,0.01757568374575172,0.02299141564178611
698,0.022868185580222668,0.02424155469947829,0.02424155469947829,0.0280410477559408,0.01692993664482969,0.01757568374575172,0.021641655752525583
726,0.022868185580222668,0.02424155469947829,0.02424155469947829,0.0280410477559408,0.0280410477559408,0.020965514254226294,0.021656821593977946
735,0.022868185580222668,0.02424155469947829,0.02424155469947829,0.0280410477559408,0.022485492200385242,0.031135005779650025,0.021732650801239775
772,0.022868185580222668,0.02424155469947829,0.02424155469947829,0.036374381089274134,0.02526326997816302,0.024355344762700872,0.021505163179454292
801,0.022868185580222668,0.02424155469947829,0.02424155469947829,0.0280410477559408,0.019707714422607468,0.01757568374575172,0.022035967630287086
819,0.022868185580222668,0.02424155469947829,0.02424155469947829,0.0280410477559408,0.022485492200385242,0.031135005779650025,0.021808480008501604
862,0.022868185580222668,0.02424155469947829,0.02424155469947829,0.036374381089274134,0.022485492200385242,0.020965514254226294,0.021656821593977946
866,0.022868185580222668,0.02424155469947829,0.02424155469947829,0.019707714422607468,0.022485492200385242,0.014185853237277142,0.022187626044810744
891,0.022868185580222668,0.02424155469947829,0.02424155469947829,0.019707714422607468,0.030818825533718577,0.020965514254226294,0.02196013842302526
897,0.022868185580222668,0.02424155469947829,0.02424155469947829,0.036374381089274134,0.030818825533718577,0.020965514254226294,0.021611324069620852
923,0.022868185580222668,0.02424155469947829,0.02424155469947829,0.0280410477559408,0.022485492200385242,0.020965514254226294,0.022081465154644184
930,0.022868185580222668,0.02424155469947829,0.02424155469947829,0.0280410477559408,0.0280410477559408,0.020965514254226294,0.021838811691406335
931,0.022868185580222668,0.02424155469947829,0.02424155469947829,0.036374381089274134,0.0280410477559408,0.031135005779650025,0.02155066070381139
933,0.022868185580222668,0.02424155469947829,0.02424155469947829,0.019707714422607468,0.02526326997816302,0.020965514254226294,0.021747816642692142
939,0.022868185580222668,0.02424155469947829,0.02424155469947829,0.0280410477559408,0.030818825533718577,0.014185853237277142,0.021671987435430314
943,0.022868185580222668,0.02424155469947829,0.02424155469947829,0.0280410477559408,0.022485492200385242,0.027745175271175447,0.021626489911073216
949,0.022868185580222668,0.02424155469947829,0.02424155469947829,0.0280410477559408,0.0280410477559408,0.01757568374575172,0.02159615822816849
956,0.022868185580222668,0.02424155469947829,0.02424155469947829,0.0280410477559408,0.02526326997816302,0.010796022728802566,0.02144449981364483
974,0.022868185580222668,0.02424155469947829,0.02424155469947829,0.0280410477559408,0.022485492200385242,0.01757568374575172,0.0214141681307401
982,0.022868185580222668,0.02424155469947829,0.02424155469947829,0.036374381089274134,0.03359660331149635,0.024355344762700872,0.021944972581572894
986,0.022868185580222668,0.02424155469947829,0.02424155469947829,0.036374381089274134,0.02526326997816302,0.01757568374575172,0.021565826545263754
997,0.022868185580222668,0.02424155469947829,0.02424155469947829,0.011374381089274133,0.019707714422607468,0.01757568374575172,0.023158239897762136
009,0.022817648625074214,0.023609842760122634,0.023609842760122634,0.019707714422607468,0.019707714422607468,0.027745175271175447,0.02202080178883472
036,0.022817648625074214,0.023609842760122634,0.023609842760122634,0.011374381089274133,0.01692993664482969,0.01757568374575172,0.022809425544357727
047,0.022817648625074214,0.023609842760122634,0.023609842760122634,0.011374381089274133,0.014152158867051911,0.014185853237277142,0.023325064153738157
054,0.022817648625074214,0.023609842760122634,0.023609842760122634,0.019707714422607468,0.0280410477559408,0.01757568374575172,0.021929806740120527
104,0.022817648625074214,0.023609842760122634,0.023609842760122634,0.011374381089274133,0.02526326997816302,0.034524836288124604,0.022506108715310415
116,0.022817648625074214,0.023609842760122634,0.023609842760122634,0.011374381089274133,0.019707714422607468,0.024355344762700872,0.022976249800333748
140,0.022817648625074214,0.023609842760122634,0.023609842760122634,0.011374381089274133,0.01692993664482969,0.024355344762700872,0.022733596337095898
173,0.022817648625074214,0.023609842760122634,0.023609842760122634,0.019707714422607468,0.0280410477559408,0.027745175271175447,0.02171748495978741
175,0.022817648625074214,0.023609842760122634,0.023609842760122634,0.011374381089274133,0.022485492200385242,0.020965514254226294,0.022809425544357727
177,0.022817648625074214,0.023609842760122634,0.023609842760122634,0.0280410477559408,0.0280410477559408,0.014185853237277142,0.021641655752525583
248,0.022817648625074214,0.023609842760122634,0.023609842760122634,0.011374381089274133,0.014152158867051911,0.020965514254226294,0.022551606239667513
249,0.022817648625074214,0.023609842760122634,0.023609842760122634,0.036374381089274134,0.030818825533718577,0.034524836288124604,0.02147483149654956
251,0.022817648625074214,0.023609842760122634,0.023609842760122634,0.0280410477559408,0.0280410477559408,0.020965514254226294,0.0218539775328587
257,0.022817648625074214,0.023609842760122634,0.023609842760122634,0.019707714422607468,0.019707714422607468,0.01757568374575172,0.021520329020906656
260,0.022817648625074214,0.023609842760122634,0.023609842760122634,0.019707714422607468,0.019707714422607468,0.031135005779650025,0.02211179683754891
263,0.022817648625074214,0.023609842760122634,0.023609842760122634,0.019707714422607468,0.02526326997816302,0.01757568374575172,0.021656821593977946
279,0.022817648625074214,0.023609842760122634,0.023609842760122634,0.011374381089274133,0.01692993664482969,0.031135005779650025,0.02253644039821515
335,0.022817648625074214,0.023609842760122634,0.023609842760122634,0.0280410477559408,0.022485492200385242,0.020965514254226294,0.021762982484144506
352,0.022817648625074214,0.023609842760122634,0.023609842760122634,0.0280410477559408,0.030818825533718577,0.024355344762700872,0.02147483149654956
375,0.022817648625074214,0.023609842760122634,0.023609842760122634,0.019707714422607468,0.019707714422607468,0.020965514254226294,0.022278621093524936
382,0.022817648625074214,0.023609842760122634,0.023609842760122634,0.011374381089274133,0.02526326997816302,0.024355344762700872,0.022384781983691492
392,0.022817648625074214,0.023609842760122634,0.023609842760122634,0.019707714422607468,0.02526326997816302,0.020965514254226294,0.022187626044810744
399,0.022817648625074214,0.023609842760122634,0.023609842760122634,0.019707714422607468,0.01692993664482969,0.020965514254226294,0.02147483149654956
407,0.022817648625074214,0.023609842760122634,0.023609842760122634,0.011374381089274133,0.022485492200385242,0.01757568374575172,0.022627435446929342
423,0.022817648625074214,0.023609842760122634,0.023609842760122634,0.011374381089274133,0.01692993664482969,0.020965514254226294,0.022415113666596223
438,0.022817648625074214,0.023609842760122634,0.023609842760122634,0.036374381089274134,0.030818825533718577,0.014185853237277142,0.021399002289287733
452,0.022817648625074214,0.023609842760122634,0.023609842760122634,0.0280410477559408,0.030818825533718577,0.024355344762700872,0.021671987435430314
468,0.022817648625074214,0.023609842760122634,0.023609842760122634,0.036374381089274134,0.0280410477559408,0.024355344762700872,0.021565826545263754
471,0.022817648625074214,0.023609842760122634,0.023609842760122634,0.011374381089274133,0.019707714422607468,0.01757568374575172,0.022415113666596223
540,0.022817648625074214,0.023609842760122634,0.023609842760122634,0.0280410477559408,0.02526326997816302,0.020965514254226294,0.021626489911073216
545,0.022817648625074214,0.023609842760122634,0.023609842760122634,0.019707714422607468,0.022485492200385242,0.014185853237277142,0.02223312356916784
553,0.022817648625074214,0.023609842760122634,0.023609842760122634,0.0280410477559408,0.022485492200385242,0.01757568374575172,0.02148999733800193
567,0.022817648625074214,0.023609842760122634,0.023609842760122634,0.036374381089274134,0.0280410477559408,0.031135005779650025,0.02138383644783537
577,0.022817648625074214,0.023609842760122634,0.023609842760122634,0.011374381089274133,0.014152158867051911,0.024355344762700872,0.023097576531952674
583,0.022817648625074214,0.023609842760122634,0.023609842760122634,0.0280410477559408,0.0280410477559408,0.020965514254226294,0.02168715327688268
602,0.022817648625074214,0.023609842760122634,0.023609842760122634,0.019707714422607468,0.019707714422607468,0.027745175271175447,0.02144449981364483
615,0.022817648625074214,0.023609842760122634,0.023609842760122634,0.019707714422607468,0.019707714422607468,0.01757568374575172,0.02215729436190601
654,0.022817648625074214,0.023609842760122634,0.023609842760122634,0.0280410477559408,0.030818825533718577,0.020965514254226294,0.021732650801239775
668,0.022817648625074214,0.023609842760122634,0.023609842760122634,0.011374381089274133,0.014152158867051911,0.024355344762700872,0.023749707714404388
675,0.022817648625074214,0.023609842760122634,0.023609842760122634,0.019707714422607468,0.019707714422607468,0.020965514254226294,0.021459665655097198
689,0.022817648625074214,0.023609842760122634,0.023609842760122634,0.019707714422607468,0.022485492200385242,0.020965514254226294,0.02202080178883472
695,0.022817648625074214,0.023609842760122634,0.023609842760122634,0.019707714422607468,0.0280410477559408,0.01757568374575172,0.022066299313191817
696,0.022817648625074214,0.023609842760122634,0.023609842760122634,0.019707714422607468,0.022485492200385242,0.01757568374575172,0.02188430921576343
703,0.022817648625074214,0.023609842760122634,0.023609842760122634,0.011374381089274133,0.019707714422607468,0.020965514254226294,0.022794259702905363
707,0.022817648625074214,0.023609842760122634,0.023609842760122634,0.019707714422607468,0.019707714422607468,0.024355344762700872,0.021793314167049237
709,0.022817648625074214,0.023609842760122634,0.023609842760122634,0.011374381089274133,0.019707714422607468,0.014185853237277142,0.023734541872952025
712,0.022817648625074214,0.023609842760122634,0.023609842760122634,0.011374381089274133,0.02526326997816302,0.027745175271175447,0.022688098812738804
716,0.022817648625074214,0.023609842760122634,0.023609842760122634,0.011374381089274133,0.01692993664482969,0.024355344762700872,0.023127908214857402
748,0.022817648625074214,0.023609842760122634,0.023609842760122634,0.036374381089274134,0.030818825533718577,0.020965514254226294,0.021656821593977946
751,0.022817648625074214,0.023609842760122634,0.023609842760122634,0.036374381089274134,0.02526326997816302,0.01757568374575172,0.021671987435430314
755,0.022817648625074214,0.023609842760122634,0.023609842760122634,0.011374381089274133,0.02526326997816302,0.027745175271175447,0.022506108715310415
758,0.022817648625074214,0.023609842760122634,0.023609842760122634,0.011374381089274133,0.01692993664482969,0.014185853237277142,0.022718430495643534
770,0.022817648625074214,0.023609842760122634,0.023609842760122634,0.036374381089274134,0.019707714422607468,0.020965514254226294,0.02158099238671612
775,0.022817648625074214,0.023609842760122634,0.023609842760122634,0.0280410477559408,0.01692993664482969,0.031135005779650025,0.022081465154644184
779,0.022817648625074214,0.023609842760122634,0.023609842760122634,0.019707714422607468,0.0280410477559408,0.014185853237277142,0.02144449981364483
782,0.022817648625074214,0.023609842760122634,0.023609842760122634,0.019707714422607468,0.014152158867051911,0.020965514254226294,0.021429333972192464
788,0.022817648625074214,0.023609842760122634,0.023609842760122634,0.019707714422607468,0.02526326997816302,0.01757568374575172,0.022081465154644184
800,0.022817648625074214,0.023609842760122634,0.023609842760122634,0.0280410477559408,0.01692993664482969,0.027745175271175447,0.021535494862359023
817,0.022817648625074214,0.023609842760122634,0.023609842760122634,0.044707714422607465,0.036374381089274134,0.01757568374575172,0.02171748495978741
840,0.022817648625074214,0.023609842760122634,0.023609842760122634,0.0280410477559408,0.0280410477559408,0.020965514254226294,0.022142128520453646
857,0.022817648625074214,0.023609842760122634,0.023609842760122634,0.011374381089274133,0.019707714422607468,0.027745175271175447,0.022688098812738804
858,0.022817648625074214,0.023609842760122634,0.023609842760122634,0.019707714422607468,0.019707714422607468,0.01757568374575172,0.02215729436190601
882,0.022817648625074214,0.023609842760122634,0.023609842760122634,0.011374381089274133,0.011374381089274133,0.024355344762700872,0.02411368790926116
900,0.022817648625074214,0.023609842760122634,0.023609842760122634,0.011374381089274133,0.02526326997816302,0.01757568374575172,0.022475777032405685
909,0.022817648625074214,0.023609842760122634,0.023609842760122634,0.0280410477559408,0.0280410477559408,0.01757568374575172,0.021914640898668163
921,0.022817648625074214,0.023609842760122634,0.023609842760122634,0.011374381089274133,0.030818825533718577,0.024355344762700872,0.022551606239667513
950,0.022817648625074214,0.023609842760122634,0.023609842760122634,0.0280410477559408,0.022485492200385242,0.014185853237277142,0.02188430921576343
962,0.022817648625074214,0.023609842760122634,0.023609842760122634,0.036374381089274134,0.02526326997816302,0.014185853237277142,0.021459665655097198
980,0.022817648625074214,0.023609842760122634,0.023609842760122634,0.011374381089274133,0.022485492200385242,0.020965514254226294,0.022475777032405685
993,0.022817648625074214,0.023609842760122634,0.023609842760122634,0.0280410477559408,0.02526326997816302,0.014185853237277142,0.021535494862359023
001,0.022767111669925764,0.02297813082076698,0.02297813082076698,0.019707714422607468,0.0280410477559408,0.014185853237277142,0.021762982484144506
010,0.022767111669925764,0.02297813082076698,0.02297813082076698,0.019707714422607468,0.022485492200385242,0.020965514254226294,0.02221795772771547
020,0.022767111669925764,0.02297813082076698,0.02297813082076698,0.036374381089274134,0.022485492200385242,0.020965514254226294,0.021399002289287733
030,0.022767111669925764,0.02297813082076698,0.02297813082076698,0.019707714422607468,0.022485492200385242,0.01757568374575172,0.02226345525207257
043,0.022767111669925764,0.02297813082076698,0.02297813082076698,0.0280410477559408,0.02526326997816302,0.031135005779650025,0.021611324069620852
044,0.022767111669925764,0.02297813082076698,0.02297813082076698,0.019707714422607468,0.02526326997816302,0.020965514254226294,0.021929806740120527
045,0.022767111669925764,0.02297813082076698,0.02297813082076698,0.019707714422607468,0.019707714422607468,0.027745175271175447,0.022202791886263108
071,0.022767111669925764,0.02297813082076698,0.02297813082076698,0.011374381089274133,0.01692993664482969,0.014185853237277142,0.022475777032405685
076,0.022767111669925764,0.02297813082076698,0.02297813082076698,0.011374381089274133,0.022485492200385242,0.024355344762700872,0.022612269605476975
086,0.022767111669925764,0.02297813082076698,0.02297813082076698,0.019707714422607468,0.022485492200385242,0.027745175271175447,0.021762982484144506
099,0.022767111669925764,0.02297813082076698,0.02297813082076698,0.011374381089274133,0.01692993664482969,0.020965514254226294,0.02293075227597665
100,0.022767111669925764,0.02297813082076698,0.02297813082076698,0.011374381089274133,0.022485492200385242,0.024355344762700872,0.022369616142239125
110,0.022767111669925764,0.02297813082076698,0.02297813082076698,0.019707714422607468,0.022485492200385242,0.024355344762700872,0.02148999733800193
126,0.022767111669925764,0.02297813082076698,0.02297813082076698,0.036374381089274134,0.022485492200385242,0.014185853237277142,0.021459665655097198
136,0.022767111669925764,0.02297813082076698,0.02297813082076698,0.0280410477559408,0.02526326997816302,0.027745175271175447,0.02138383644783537
143,0.022767111669925764,0.02297813082076698,0.02297813082076698,0.011374381089274133,0.019707714422607468,0.020965514254226294,0.022308952776429667
157,0.022767111669925764,0.02297813082076698,0.02297813082076698,0.019707714422607468,0.022485492200385242,0.024355344762700872,0.02158099238671612
161,0.022767111669925764,0.02297813082076698,0.02297813082076698,0.011374381089274133,0.014152158867051911,0.024355344762700872,0.023795205238761486
197,0.022767111669925764,0.02297813082076698,0.02297813082076698,0.019707714422607468,0.022485492200385242,0.027745175271175447,0.022202791886263108
240,0.022767111669925764,0.02297813082076698,0.02297813082076698,0.0280410477559408,0.02526326997816302,0.014185853237277142,0.021459665655097198
265,0.022767111669925764,0.02297813082076698,0.02297813082076698,0.019707714422607468,0.03359660331149635,0.020965514254226294,0.0218539775328587
273,0.022767111669925764,0.02297813082076698,0.02297813082076698,0.019707714422607468,0.019707714422607468,0.027745175271175447,0.022005635947382356
283,0.022767111669925764,0.02297813082076698,0.02297813082076698,0.019707714422607468,0.02526326997816302,0.027745175271175447,0.021899475057215796
301,0.022767111669925764,0.02297813082076698,0.02297813082076698,0.011374381089274133,0.011374381089274133,0.020965514254226294,0.02411368790926116
311,0.022767111669925764,0.02297813082076698,0.02297813082076698,0.011374381089274133,0.01692993664482969,0.01757568374575172,0.023400893360999982
321,0.022767111669925764,0.02297813082076698,0.02297813082076698,0.0280410477559408,0.0280410477559408,0.020965514254226294,0.021732650801239775
331,0.022767111669925764,0.02297813082076698,0.02297813082076698,0.011374381089274133,0.0280410477559408,0.024355344762700872,0.02239994782514386
340,0.022767111669925764,0.02297813082076698,0.02297813082076698,0.019707714422607468,0.02526326997816302,0.024355344762700872,0.021626489911073216
371,0.022767111669925764,0.02297813082076698,0.02297813082076698,0.0280410477559408,0.019707714422607468,0.034524836288124604,0.02144449981364483
383,0.022767111669925764,0.02297813082076698,0.02297813082076698,0.044707714422607465,0.02526326997816302,0.01757568374575172,0.02148999733800193
403,0.022767111669925764,0.02297813082076698,0.02297813082076698,0.0280410477559408,0.01692993664482969,0.027745175271175447,0.02168715327688268
413,0.022767111669925764,0.02297813082076698,0.02297813082076698,0.011374381089274133,0.0280410477559408,0.031135005779650025,0.02239994782514386
429,0.022767111669925764,0.02297813082076698,0.02297813082076698,0.019707714422607468,0.022485492200385242,0.027745175271175447,0.021429333972192464
430,0.022767111669925764,0.02297813082076698,0.02297813082076698,0.011374381089274133,0.019707714422607468,0.020965514254226294,0.02299141564178611
441,0.022767111669925764,0.02297813082076698,0.02297813082076698,0.036374381089274134,0.0280410477559408,0.024355344762700872,0.02155066070381139
462,0.022767111669925764,0.02297813082076698,0.02297813082076698,0.036374381089274134,0.019707714422607468,0.014185853237277142,0.021459665655097198
472,0.022767111669925764,0.02297813082076698,0.02297813082076698,0.036374381089274134,0.02526326997816302,0.027745175271175447,0.02168715327688268
478,0.022767111669925764,0.02297813082076698,0.02297813082076698,0.019707714422607468,0.01692993664482969,0.024355344762700872,0.021429333972192464
493,0.022767111669925764,0.02297813082076698,0.02297813082076698,0.044707714422607465,0.022485492200385242,0.01757568374575172,0.02144449981364483
516,0.022767111669925764,0.02297813082076698,0.02297813082076698,0.044707714422607465,0.0280410477559408,0.031135005779650025,0.021565826545263754
519,0.022767111669925764,0.02297813082076698,0.02297813082076698,0.019707714422607468,0.019707714422607468,0.024355344762700872,0.02168715327688268
536,0.022767111669925764,0.02297813082076698,0.02297813082076698,0.019707714422607468,0.0280410477559408,0.01757568374575172,0.021505163179454292
539,0.022767111669925764,0.02297813082076698,0.02297813082076698,0.0280410477559408,0.01692993664482969,0.01757568374575172,0.021429333972192464
546,0.022767111669925764,0.02297813082076698,0.02297813082076698,0.019707714422607468,0.022485492200385242,0.020965514254226294,0.022202791886263108
558,0.022767111669925764,0.02297813082076698,0.02297813082076698,0.019707714422607468,0.019707714422607468,0.027745175271175447,0.021899475057215796
560,0.022767111669925764,0.02297813082076698,0.02297813082076698,0.011374381089274133,0.014152158867051911,0.01757568374575172,0.02320373742211923
563,0.022767111669925764,0.02297813082076698,0.02297813082076698,0.011374381089274133,0.01692993664482969,0.027745175271175447,0.022915586434524286
621,0.022767111669925764,0.02297813082076698,0.02297813082076698,0.019707714422607468,0.02526326997816302,0.020965514254226294,0.02188430921576343
641,0.022767111669925764,0.02297813082076698,0.02297813082076698,0.019707714422607468,0.019707714422607468,0.027745175271175447,0.022187626044810744
642,0.022767111669925764,0.02297813082076698,0.02297813082076698,0.019707714422607468,0.019707714422607468,0.024355344762700872,0.02202080178883472
643,0.022767111669925764,0.02297813082076698,0.02297813082076698,0.044707714422607465,0.02526326997816302,0.01757568374575172,0.021399002289287733
682,0.022767111669925764,0.02297813082076698,0.02297813082076698,0.019707714422607468,0.022485492200385242,0.027745175271175447,0.02211179683754891
728,0.022767111669925764,0.02297813082076698,0.02297813082076698,0.011374381089274133,0.022485492200385242,0.024355344762700872,0.022885254751619555
732,0.022767111669925764,0.02297813082076698,0.02297813082076698,0.0280410477559408,0.02526326997816302,0.014185853237277142,0.021459665655097198
760,0.022767111669925764,0.02297813082076698,0.02297813082076698,0.036374381089274134,0.03359660331149635,0.024355344762700872,0.022051133471739454
762,0.022767111669925764,0.02297813082076698,0.02297813082076698,0.0280410477559408,0.019707714422607468,0.020965514254226294,0.02155066070381139
765,0.022767111669925764,0.02297813082076698,0.02297813082076698,0.019707714422607468,0.022485492200385242,0.024355344762700872,0.02223312356916784
768,0.022767111669925764,0.02297813082076698,0.02297813082076698,0.019707714422607468,0.019707714422607468,0.027745175271175447,0.021641655752525583
776,0.022767111669925764,0.02297813082076698,0.02297813082076698,0.036374381089274134,0.0280410477559408,0.01757568374575172,0.02138383644783537
777,0.022767111669925764,0.02297813082076698,0.02297813082076698,0.0280410477559408,0.022485492200385242,0.027745175271175447,0.02155066070381139
778,0.022767111669925764,0.02297813082076698,0.02297813082076698,0.011374381089274133,0.019707714422607468,0.027745175271175447,0.022885254751619555
786,0.022767111669925764,0.02297813082076698,0.02297813082076698,0.036374381089274134,0.030818825533718577,0.031135005779650025,0.0214141681307401
793,0.022767111669925764,0.02297813082076698,0.02297813082076698,0.0280410477559408,0.02526326997816302,0.024355344762700872,0.02147483149654956
820,0.022767111669925764,0.02297813082076698,0.02297813082076698,0.011374381089274133,0.02526326997816302,0.014185853237277142,0.02314307405630977
823,0.022767111669925764,0.02297813082076698,0.02297813082076698,0.036374381089274134,0.030818825533718577,0.031135005779650025,0.02138383644783537
827,0.022767111669925764,0.02297813082076698,0.02297813082076698,0.0530410477559408,0.03359660331149635,0.027745175271175447,0.02147483149654956
833,0.022767111669925764,0.02297813082076698,0.02297813082076698,0.036374381089274134,0.0280410477559408,0.027745175271175447,0.0218539775328587
859,0.022767111669925764,0.02297813082076698,0.02297813082076698,0.011374381089274133,0.014152158867051911,0.010796022728802566,0.024098522067808794
873,0.022767111669925764,0.02297813082076698,0.02297813082076698,0.0280410477559408,0.01692993664482969,0.014185853237277142,0.021641655752525583
880,0.022767111669925764,0.02297813082076698,0.02297813082076698,0.011374381089274133,0.022485492200385242,0.031135005779650025,0.022475777032405685
892,0.022767111669925764,0.02297813082076698,0.02297813082076698,0.0280410477559408,0.02526326997816302,0.027745175271175447,0.02211179683754891
895,0.022767111669925764,0.02297813082076698,0.02297813082076698,0.019707714422607468,0.0280410477559408,0.01757568374575172,0.02171748495978741
896,0.022767111669925764,0.02297813082076698,0.02297813082076698,0.036374381089274134,0.02526326997816302,0.034524836288124604,0.021429333972192464
905,0.022767111669925764,0.02297813082076698,0.02297813082076698,0.011374381089274133,0.011374381089274133,0.020965514254226294,0.02411368790926116
915,0.022767111669925764,0.02297813082076698,0.02297813082076698,0.019707714422607468,0.019707714422607468,0.034524836288124604,0.02202080178883472
918,0.022767111669925764,0.02297813082076698,0.02297813082076698,0.0280410477559408,0.019707714422607468,0.024355344762700872,0.02171748495978741
928,0.022767111669925764,0.02297813082076698,0.02297813082076698,0.019707714422607468,0.019707714422607468,0.01757568374575172,0.021899475057215796
934,0.022767111669925764,0.02297813082076698,0.02297813082076698,0.0530410477559408,0.04192993664482969,0.014185853237277142,0.021399002289287733
942,0.022767111669925764,0.02297813082076698,0.02297813082076698,0.019707714422607468,0.022485492200385242,0.027745175271175447,0.021838811691406335
955,0.022767111669925764,0.02297813082076698,0.02297813082076698,0.019707714422607468,0.022485492200385242,0.034524836288124604,0.021626489911073216
963,0.022767111669925764,0.02297813082076698,0.02297813082076698,0.0280410477559408,0.022485492200385242,0.027745175271175447,0.021429333972192464
965,0.022767111669925764,0.02297813082076698,0.02297813082076698,0.0280410477559408,0.019707714422607468,0.01757568374575172,0.022172460203358377
969,0.022767111669925764,0.02297813082076698,0.02297813082076698,0.0280410477559408,0.01692993664482969,0.024355344762700872,0.02158099238671612
988,0.022767111669925764,0.02297813082076698,0.02297813082076698,0.0280410477559408,0.02526326997816302,0.020965514254226294,0.02144449981364483
998,0.022767111669925764,0.02297813082076698,0.02297813082076698,0.036374381089274134,0.019707714422607468,0.020965514254226294,0.02147483149654956
005,0.02271657471477731,0.022346418881411326,0.022346418881411326,0.019707714422607468,0.01692993664482969,0.014185853237277142,0.02196013842302526
039,0.02271657471477731,0.022346418881411326,0.022346418881411326,0.0280410477559408,0.01692993664482969,0.020965514254226294,0.021399002289287733
050,0.02271657471477731,0.022346418881411326,0.022346418881411326,0.019707714422607468,0.019707714422607468,0.020965514254226294,0.021944972581572894
067,0.02271657471477731,0.022346418881411326,0.022346418881411326,0.019707714422607468,0.01692993664482969,0.020965514254226294,0.021626489911073216
113,0.02271657471477731,0.022346418881411326,0.022346418881411326,0.019707714422607468,0.030818825533718577,0.01757568374575172,0.022035967630287086
117,0.02271657471477731,0.022346418881411326,0.022346418881411326,0.036374381089274134,0.022485492200385242,0.020965514254226294,0.021565826545263754
123,0.02271657471477731,0.022346418881411326,0.022346418881411326,0.0280410477559408,0.030818825533718577,0.031135005779650025,0.02159615822816849
129,0.02271657471477731,0.022346418881411326,0.022346418881411326,0.019707714422607468,0.014152158867051911,0.034524836288124604,0.021671987435430314
153,0.02271657471477731,0.022346418881411326,0.022346418881411326,0.011374381089274133,0.011374381089274133,0.01757568374575172,0.02411368790926116
156,0.02271657471477731,0.022346418881411326,0.022346418881411326,0.019707714422607468,0.022485492200385242,0.031135005779650025,0.021611324069620852
172,0.02271657471477731,0.022346418881411326,0.022346418881411326,0.0280410477559408,0.019707714422607468,0.020965514254226294,0.02144449981364483
180,0.02271657471477731,0.022346418881411326,0.022346418881411326,0.0280410477559408,0.0280410477559408,0.024355344762700872,0.021429333972192464
195,0.02271657471477731,0.022346418881411326,0.022346418881411326,0.019707714422607468,0.019707714422607468,0.024355344762700872,0.021944972581572894
198,0.02271657471477731,0.022346418881411326,0.022346418881411326,0.036374381089274134,0.03359660331149635,0.020965514254226294,0.02144449981364483
210,0.02271657471477731,0.022346418881411326,0.022346418881411326,0.019707714422607468,0.01692993664482969,0.01757568374575172,0.021611324069620852
229,0.02271657471477731,0.022346418881411326,0.022346418881411326,0.0280410477559408,0.02526326997816302,0.027745175271175447,0.02188430921576343
232,0.02271657471477731,0.022346418881411326,0.022346418881411326,0.0280410477559408,0.0280410477559408,0.024355344762700872,0.021626489911073216
268,0.02271657471477731,0.022346418881411326,0.022346418881411326,0.019707714422607468,0.019707714422607468,0.027745175271175447,0.021808480008501604
329,0.02271657471477731,0.022346418881411326,0.022346418881411326,0.036374381089274134,0.03359660331149635,0.020965514254226294,0.02158099238671612
346,0.02271657471477731,0.022346418881411326,0.022346418881411326,0.019707714422607468,0.022485492200385242,0.01757568374575172,0.02138383644783537
348,0.02271657471477731,0.022346418881411326,0.022346418881411326,0.019707714422607468,0.01692993664482969,0.020965514254226294,0.022202791886263108
388,0.02271657471477731,0.022346418881411326,0.022346418881411326,0.019707714422607468,0.019707714422607468,0.020965514254226294,0.02168715327688268
426,0.02271657471477731,0.022346418881411326,0.022346418881411326,0.019707714422607468,0.022485492200385242,0.024355344762700872,0.02158099238671612
428,0.02271657471477731,0.022346418881411326,0.022346418881411326,0.019707714422607468,0.0280410477559408,0.027745175271175447,0.022096630996096548
437,0.02271657471477731,0.022346418881411326,0.022346418881411326,0.0280410477559408,0.02526326997816302,0.020965514254226294,0.02138383644783537
444,0.02271657471477731,0.022346418881411326,0.022346418881411326,0.011374381089274133,0.019707714422607468,0.020965514254226294,0.023021747324690846
446,0.02271657471477731,0.022346418881411326,0.022346418881411326,0.036374381089274134,0.02526326997816302,0.024355344762700872,0.021505163179454292
454,0.02271657471477731,0.022346418881411326,0.022346418881411326,0.011374381089274133,0.014152158867051911,0.024355344762700872,0.022885254751619555
458,0.02271657471477731,0.022346418881411326,0.022346418881411326,0.019707714422607468,0.03359660331149635,0.014185853237277142,0.021429333972192464
465,0.02271657471477731,0.022346418881411326,0.022346418881411326,0.011374381089274133,0.019707714422607468,0.01757568374575172,0.022581937922572244
495,0.02271657471477731,0.022346418881411326,0.022346418881411326,0.0280410477559408,0.02526326997816302,0.031135005779650025,0.021975304264477625
503,0.02271657471477731,0.022346418881411326,0.022346418881411326,0.011374381089274133,0.0280410477559408,0.01757568374575172,0.02239994782514386
507,0.02271657471477731,0.022346418881411326,0.022346418881411326,0.036374381089274134,0.0280410477559408,0.01757568374575172,0.0214141681307401
518,0.02271657471477731,0.022346418881411326,0.022346418881411326,0.036374381089274134,0.022485492200385242,0.010796022728802566,0.021671987435430314
521,0.02271657471477731,0.022346418881411326,0.022346418881411326,0.0280410477559408,0.022485492200385242,0.024355344762700872,0.021641655752525583
528,0.02271657471477731,0.022346418881411326,0.022346418881411326,0.0280410477559408,0.0280410477559408,0.027745175271175447,0.021565826545263754
530,0.02271657471477731,0.022346418881411326,0.022346418881411326,0.036374381089274134,0.022485492200385242,0.020965514254226294,0.021459665655097198
562,0.02271657471477731,0.022346418881411326,0.022346418881411326,0.0280410477559408,0.036374381089274134,0.027745175271175447,0.021914640898668163
578,0.02271657471477731,0.022346418881411326,0.022346418881411326,0.019707714422607468,0.01692993664482969,0.024355344762700872,0.021975304264477625
587,0.02271657471477731,0.022346418881411326,0.022346418881411326,0.036374381089274134,0.019707714422607468,0.031135005779650025,0.0214141681307401
614,0.02271657471477731,0.022346418881411326,0.022346418881411326,0.0280410477559408,0.019707714422607468,0.027745175271175447,0.021869143374311065
616,0.02271657471477731,0.022346418881411326,0.022346418881411326,0.0280410477559408,0.019707714422607468,0.020965514254226294,0.021762982484144506
630,0.02271657471477731,0.022346418881411326,0.022346418881411326,0.011374381089274133,0.019707714422607468,0.020965514254226294,0.022627435446929342
631,0.02271657471477731,0.022346418881411326,0.022346418881411326,0.019707714422607468,0.0280410477559408,0.020965514254226294,0.02188430921576343
638,0.02271657471477731,0.022346418881411326,0.022346418881411326,0.036374381089274134,0.036374381089274134,0.024355344762700872,0.02171748495978741
646,0.02271657471477731,0.022346418881411326,0.022346418881411326,0.036374381089274134,0.02526326997816302,0.027745175271175447,0.02155066070381139
663,0.02271657471477731,0.022346418881411326,0.022346418881411326,0.011374381089274133,0.014152158867051911,0.020965514254226294,0.02235445030078676
671,0.02271657471477731,0.022346418881411326,0.022346418881411326,0.011374381089274133,0.01692993664482969,0.01757568374575172,0.022506108715310415
681,0.02271657471477731,0.022346418881411326,0.022346418881411326,0.011374381089274133,0.014152158867051911,0.020965514254226294,0.02338572751954762
687,0.02271657471477731,0.022346418881411326,0.022346418881411326,0.044707714422607465,0.03359660331149635,0.024355344762700872,0.021535494862359023
711,0.02271657471477731,0.022346418881411326,0.022346418881411326,0.011374381089274133,0.022485492200385242,0.024355344762700872,0.022581937922572244
731,0.02271657471477731,0.022346418881411326,0.022346418881411326,0.011374381089274133,0.030818825533718577,0.024355344762700872,0.02243027950804859
737,0.02271657471477731,0.022346418881411326,0.022346418881411326,0.036374381089274134,0.030818825533718577,0.031135005779650025,0.021505163179454292
738,0.02271657471477731,0.022346418881411326,0.022346418881411326,0.0280410477559408,0.019707714422607468,0.01757568374575172,0.021914640898668163
741,0.02271657471477731,0.022346418881411326,0.022346418881411326,0.019707714422607468,0.01692993664482969,0.024355344762700872,0.022096630996096548
753,0.02271657471477731,0.022346418881411326,0.022346418881411326,0.036374381089274134,0.0280410477559408,0.020965514254226294,0.021671987435430314
756,0.02271657471477731,0.022346418881411326,0.022346418881411326,0.019707714422607468,0.014152158867051911,0.020965514254226294,0.02138383644783537
769,0.02271657471477731,0.022346418881411326,0.022346418881411326,0.019707714422607468,0.022485492200385242,0.027745175271175447,0.02221795772771547
787,0.02271657471477731,0.022346418881411326,0.022346418881411326,0.019707714422607468,0.019707714422607468,0.031135005779650025,0.02196013842302526
796,0.02271657471477731,0.022346418881411326,0.022346418881411326,0.0280410477559408,0.0280410477559408,0.020965514254226294,0.021641655752525583
809,0.02271657471477731,0.022346418881411326,0.022346418881411326,0.019707714422607468,0.022485492200385242,0.01757568374575172,0.022142128520453646
810,0.02271657471477731,0.022346418881411326,0.022346418881411326,0.0280410477559408,0.019707714422607468,0.031135005779650025,0.021671987435430314
824,0.02271657471477731,0.022346418881411326,0.022346418881411326,0.019707714422607468,0.01692993664482969,0.027745175271175447,0.02196013842302526
835,0.02271657471477731,0.022346418881411326,0.022346418881411326,0.011374381089274133,0.014152158867051911,0.024355344762700872,0.023006581483238482
860,0.02271657471477731,0.022346418881411326,0.022346418881411326,0.011374381089274133,0.03359660331149635,0.027745175271175447,0.02239994782514386
872,0.02271657471477731,0.022346418881411326,0.022346418881411326,0.0280410477559408,0.030818825533718577,0.020965514254226294,0.02159615822816849
890,0.02271657471477731,0.022346418881411326,0.022346418881411326,0.011374381089274133,0.02526326997816302,0.020965514254226294,0.022308952776429667
894,0.02271657471477731,0.022346418881411326,0.022346418881411326,0.044707714422607465,0.02526326997816302,0.027745175271175447,0.021793314167049237
920,0.02271657471477731,0.022346418881411326,0.022346418881411326,0.011374381089274133,0.01692993664482969,0.037914666796599175,0.023218903263571594
941,0.02271657471477731,0.022346418881411326,0.022346418881411326,0.036374381089274134,0.030818825533718577,0.024355344762700872,0.02168715327688268
944,0.02271657471477731,0.022346418881411326,0.022346418881411326,0.036374381089274134,0.022485492200385242,0.014185853237277142,0.021626489911073216
945,0.02271657471477731,0.022346418881411326,0.022346418881411326,0.019707714422607468,0.0280410477559408,0.01757568374575172,0.02226345525207257
948,0.02271657471477731,0.022346418881411326,0.022346418881411326,0.0280410477559408,0.0280410477559408,0.020965514254226294,0.021838811691406335
970,0.02271657471477731,0.022346418881411326,0.022346418881411326,0.011374381089274133,0.014152158867051911,0.037914666796599175,0.02387103444602331
972,0.02271657471477731,0.022346418881411326,0.022346418881411326,0.011374381089274133,0.022485492200385242,0.027745175271175447,0.0222937869349773
984,0.02271657471477731,0.022346418881411326,0.022346418881411326,0.036374381089274134,0.0280410477559408,0.024355344762700872,0.02147483149654956
011,0.022666037759628856,0.021714706942055673,0.021714706942055673,0.036374381089274134,0.0280410477559408,0.027745175271175447,0.021520329020906656
012,0.022666037759628856,0.021714706942055673,0.021714706942055673,0.0280410477559408,0.02526326997816302,0.01757568374575172,0.022096630996096548
018,0.022666037759628856,0.021714706942055673,0.021714706942055673,0.036374381089274134,0.019707714422607468,0.014185853237277142,0.02171748495978741
024,0.022666037759628856,0.021714706942055673,0.021714706942055673,0.019707714422607468,0.019707714422607468,0.024355344762700872,0.021778148325596873
025,0.022666037759628856,0.021714706942055673,0.021714706942055673,0.019707714422607468,0.02526326997816302,0.020965514254226294,0.022081465154644184
064,0.022666037759628856,0.021714706942055673,0.021714706942055673,0.0280410477559408,0.022485492200385242,0.014185853237277142,0.021808480008501604
065,0.022666037759628856,0.021714706942055673,0.021714706942055673,0.011374381089274133,0.019707714422607468,0.027745175271175447,0.02243027950804859
077,0.022666037759628856,0.021714706942055673,0.021714706942055673,0.06970771442260747,0.030818825533718577,0.020965514254226294,0.02138383644783537
083,0.022666037759628856,0.021714706942055673,0.021714706942055673,0.019707714422607468,0.03359660331149635,0.031135005779650025,0.02148999733800193
084,0.022666037759628856,0.021714706942055673,0.021714706942055673,0.0280410477559408,0.030818825533718577,0.020965514254226294,0.02158099238671612
089,0.022666037759628856,0.021714706942055673,0.021714706942055673,0.011374381089274133,0.01692993664482969,0.020965514254226294,0.022475777032405685
093,0.022666037759628856,0.021714706942055673,0.021714706942055673,0.011374381089274133,0.014152158867051911,0.020965514254226294,0.023400893360999982
096,0.022666037759628856,0.021714706942055673,0.021714706942055673,0.0280410477559408,0.019707714422607468,0.014185853237277142,0.02144449981364483
108,0.022666037759628856,0.021714706942055673,0.021714706942055673,0.011374381089274133,0.01692993664482969,0.01757568374575172,0.022415113666596223
128,0.022666037759628856,0.021714706942055673,0.021714706942055673,0.019707714422607468,0.022485492200385242,0.020965514254226294,0.021671987435430314
130,0.022666037759628856,0.021714706942055673,0.021714706942055673,0.0280410477559408,0.019707714422607468,0.01757568374575172,0.021459665655097198
141,0.022666037759628856,0.021714706942055673,0.021714706942055673,0.019707714422607468,0.022485492200385242,0.020965514254226294,0.021429333972192464
155,0.022666037759628856,0.021714706942055673,0.021714706942055673,0.0280410477559408,0.0280410477559408,0.01757568374575172,0.021778148325596873
163,0.022666037759628856,0.021714706942055673,0.021714706942055673,0.0280410477559408,0.022485492200385242,0.014185853237277142,0.021975304264477625
165,0.022666037759628856,0.021714706942055673,0.021714706942055673,0.019707714422607468,0.02526326997816302,0.027745175271175447,0.022248289410620202
170,0.022666037759628856,0.021714706942055673,0.021714706942055673,0.0280410477559408,0.022485492200385242,0.027745175271175447,0.021702319118335044
188,0.022666037759628856,0.021714706942055673,0.021714706942055673,0.036374381089274134,0.0280410477559408,0.024355344762700872,0.021611324069620852
192,0.022666037759628856,0.021714706942055673,0.021714706942055673,0.019707714422607468,0.02526326997816302,0.031135005779650025,0.02138383644783537
199,0.022666037759628856,0.021714706942055673,0.021714706942055673,0.019707714422607468,0.01692993664482969,0.01757568374575172,0.02171748495978741
201,0.022666037759628856,0.021714706942055673,0.021714706942055673,0.011374381089274133,0.01692993664482969,0.024355344762700872,0.023628380982785465
212,0.022666037759628856,0.021714706942055673,0.021714706942055673,0.0280410477559408,0.02526326997816302,0.024355344762700872,0.021565826545263754
219,0.022666037759628856,0.021714706942055673,0.021714706942055673,0.011374381089274133,0.01692993664482969,0.01757568374575172,0.02246061119095332
237,0.022666037759628856,0.021714706942055673,0.021714706942055673,0.0280410477559408,0.02526326997816302,0.01757568374575172,0.021626489911073216
258,0.022666037759628856,0.021714706942055673,0.021714706942055673,0.019707714422607468,0.019707714422607468,0.031135005779650025,0.02158099238671612
261,0.022666037759628856,0.021714706942055673,0.021714706942055673,0.0280410477559408,0.022485492200385242,0.014185853237277142,0.021626489911073216
266,0.022666037759628856,0.021714706942055673,0.021714706942055673,0.019707714422607468,0.01692993664482969,0.020965514254226294,0.0218539775328587
272,0.022666037759628856,0.021714706942055673,0.021714706942055673,0.011374381089274133,0.019707714422607468,0.024355344762700872,0.023309898312285787
280,0.022666037759628856,0.021714706942055673,0.021714706942055673,0.011374381089274133,0.019707714422607468,0.027745175271175447,0.022521274556762783
286,0.022666037759628856,0.021714706942055673,0.021714706942055673,0.036374381089274134,0.02526326997816302,0.031135005779650025,0.0214141681307401
290,0.022666037759628856,0.021714706942055673,0.021714706942055673,0.0280410477559408,0.0280410477559408,0.024355344762700872,0.02158099238671612
305,0.022666037759628856,0.021714706942055673,0.021714706942055673,0.019707714422607468,0.02526326997816302,0.01757568374575172,0.02212696267900128
309,0.022666037759628856,0.021714706942055673,0.021714706942055673,0.011374381089274133,0.014152158867051911,0.01757568374575172,0.02408335622635643
319,0.022666037759628856,0.021714706942055673,0.021714706942055673,0.019707714422607468,0.019707714422607468,0.01757568374575172,0.02226345525207257
325,0.022666037759628856,0.021714706942055673,0.021714706942055673,0.0280410477559408,0.02526326997816302,0.020965514254226294,0.02159615822816849
327,0.022666037759628856,0.021714706942055673,0.021714706942055673,0.0280410477559408,0.02526326997816302,0.024355344762700872,0.02199047010592999
334,0.022666037759628856,0.021714706942055673,0.021714706942055673,0.036374381089274134,0.022485492200385242,0.027745175271175447,0.02155066070381139
342,0.022666037759628856,0.021714706942055673,0.021714706942055673,0.011374381089274133,0.022485492200385242,0.024355344762700872,0.022748762178548265
347,0.022666037759628856,0.021714706942055673,0.021714706942055673,0.019707714422607468,0.014152158867051911,0.020965514254226294,0.021611324069620852
350,0.022666037759628856,0.021714706942055673,0.021714706942055673,0.0280410477559408,0.02526326997816302,0.020965514254226294,0.021702319118335044
355,0.022666037759628856,0.021714706942055673,0.021714706942055673,0.019707714422607468,0.03359660331149635,0.010796022728802566,0.021869143374311065
376,0.022666037759628856,0.021714706942055673,0.021714706942055673,0.019707714422607468,0.022485492200385242,0.034524836288124604,0.021702319118335044
384,0.022666037759628856,0.021714706942055673,0.021714706942055673,0.0280410477559408,0.030818825533718577,0.01757568374575172,0.021793314167049237
385,0.022666037759628856,0.021714706942055673,0.021714706942055673,0.011374381089274133,0.02526326997816302,0.024355344762700872,0.022369616142239125
404,0.022666037759628856,0.021714706942055673,0.021714706942055673,0.0280410477559408,0.022485492200385242,0.024355344762700872,0.021429333972192464
416,0.022666037759628856,0.021714706942055673,0.021714706942055673,0.011374381089274133,0.01692993664482969,0.01757568374575172,0.02299141564178611
424,0.022666037759628856,0.021714706942055673,0.021714706942055673,0.019707714422607468,0.019707714422607468,0.024355344762700872,0.02212696267900128
433,0.022666037759628856,0.021714706942055673,0.021714706942055673,0.0280410477559408,0.01692993664482969,0.027745175271175447,0.0214141681307401
439,0.022666037759628856,0.021714706942055673,0.021714706942055673,0.019707714422607468,0.014152158867051911,0.024355344762700872,0.021459665655097198
466,0.022666037759628856,0.021714706942055673,0.021714706942055673,0.019707714422607468,0.022485492200385242,0.020965514254226294,0.022248289410620202
479,0.022666037759628856,0.021714706942055673,0.021714706942055673,0.0280410477559408,0.02526326997816302,0.014185853237277142,0.021429333972192464
504,0.022666037759628856,0.021714706942055673,0.021714706942055673,0.0530410477559408,0.0280410477559408,0.020965514254226294,0.021520329020906656
520,0.022666037759628856,0.021714706942055673,0.021714706942055673,0.036374381089274134,0.02526326997816302,0.01757568374575172,0.021656821593977946
529,0.022666037759628856,0.021714706942055673,0.021714706942055673,0.0280410477559408,0.01692993664482969,0.020965514254226294,0.02144449981364483
564,0.022666037759628856,0.021714706942055673,0.021714706942055673,0.011374381089274133,0.022485492200385242,0.020965514254226294,0.022718430495643534
585,0.022666037759628856,0.021714706942055673,0.021714706942055673,0.019707714422607468,0.019707714422607468,0.034524836288124604,0.02221795772771547
589,0.022666037759628856,0.021714706942055673,0.021714706942055673,0.011374381089274133,0.01692993664482969,0.041304497305073753,0.023764873555856755
608,0.022666037759628856,0.021714706942055673,0.021714706942055673,0.011374381089274133,0.01692993664482969,0.01757568374575172,0.02253644039821515
611,0.022666037759628856,0.021714706942055673,0.021714706942055673,0.0280410477559408,0.0280410477559408,0.037914666796599175,0.021399002289287733
617,0.022666037759628856,0.021714706942055673,0.021714706942055673,0.0280410477559408,0.022485492200385242,0.027745175271175447,0.021869143374311065
622,0.022666037759628856,0.021714706942055673,0.021714706942055673,0.0530410477559408,0.030818825533718577,0.01757568374575172,0.021535494862359023
623,0.022666037759628856,0.021714706942055673,0.021714706942055673,0.011374381089274133,0.01692993664482969,0.01757568374575172,0.022824591385810094
639,0.022666037759628856,0.021714706942055673,0.021714706942055673,0.019707714422607468,0.01692993664482969,0.020965514254226294,0.022187626044810744
644,0.022666037759628856,0.021714706942055673,0.021714706942055673,0.0280410477559408,0.022485492200385242,0.020965514254226294,0.021656821593977946
649,0.022666037759628856,0.021714706942055673,0.021714706942055673,0.036374381089274134,0.02526326997816302,0.031135005779650025,0.021747816642692142
673,0.022666037759628856,0.021714706942055673,0.021714706942055673,0.011374381089274133,0.01692993664482969,0.024355344762700872,0.022885254751619555
674,0.022666037759628856,0.021714706942055673,0.021714706942055673,0.011374381089274133,0.01692993664482969,0.01757568374575172,0.022384781983691492
692,0.022666037759628856,0.021714706942055673,0.021714706942055673,0.019707714422607468,0.01692993664482969,0.024355344762700872,0.02221795772771547
702,0.022666037759628856,0.021714706942055673,0.021714706942055673,0.036374381089274134,0.02526326997816302,0.020965514254226294,0.02168715327688268
708,0.022666037759628856,0.021714706942055673,0.021714706942055673,0.0280410477559408,0.03359660331149635,0.020965514254226294,0.02155066070381139
721,0.022666037759628856,0.021714706942055673,0.021714706942055673,0.011374381089274133,0.019707714422607468,0.014185853237277142,0.023628380982785465
725,0.022666037759628856,0.021714706942055673,0.021714706942055673,0.019707714422607468,0.019707714422607468,0.031135005779650025,0.021778148325596873
744,0.022666037759628856,0.021714706942055673,0.021714706942055673,0.019707714422607468,0.01692993664482969,0.027745175271175447,0.022278621093524936
781,0.022666037759628856,0.021714706942055673,0.021714706942055673,0.019707714422607468,0.019707714422607468,0.020965514254226294,0.021838811691406335
790,0.022666037759628856,0.021714706942055673,0.021714706942055673,0.044707714422607465,0.02526326997816302,0.020965514254226294,0.021429333972192464
798,0.022666037759628856,0.021714706942055673,0.021714706942055673,0.011374381089274133,0.014152158867051911,0.020965514254226294,0.023431225043904713
803,0.022666037759628856,0.021714706942055673,0.021714706942055673,0.011374381089274133,0.01692993664482969,0.024355344762700872,0.023158239897762136
815,0.022666037759628856,0.021714706942055673,0.021714706942055673,0.011374381089274133,0.014152158867051911,0.020965514254226294,0.022612269605476975
831,0.022666037759628856,0.021714706942055673,0.021714706942055673,0.019707714422607468,0.030818825533718577,0.020965514254226294,0.0214141681307401
852,0.022666037759628856,0.021714706942055673,0.021714706942055673,0.0280410477559408,0.02526326997816302,0.024355344762700872,0.021975304264477625
855,0.022666037759628856,0.021714706942055673,0.021714706942055673,0.0280410477559408,0.02526326997816302,0.031135005779650025,0.02144449981364483
907,0.022666037759628856,0.021714706942055673,0.021714706942055673,0.019707714422607468,0.02526326997816302,0.020965514254226294,0.021520329020906656
919,0.022666037759628856,0.021714706942055673,0.021714706942055673,0.036374381089274134,0.02526326997816302,0.020965514254226294,0.021429333972192464
951,0.022666037759628856,0.021714706942055673,0.021714706942055673,0.019707714422607468,0.022485492200385242,0.020965514254226294,0.021399002289287733
954,0.022666037759628856,0.021714706942055673,0.021714706942055673,0.0280410477559408,0.02526326997816302,0.01757568374575172,0.02148999733800193
971,0.022666037759628856,0.021714706942055673,0.021714706942055673,0.019707714422607468,0.019707714422607468,0.01757568374575172,0.021520329020906656
976,0.022666037759628856,0.021714706942055673,0.021714706942055673,0.0280410477559408,0.0280410477559408,0.020965514254226294,0.021565826545263754
991,0.022666037759628856,0.021714706942055673,0.021714706942055673,0.011374381089274133,0.02526326997816302,0.041304497305073753,0.023491888409714175
992,0.022666037759628856,0.021714706942055673,0.021714706942055673,0.011374381089274133,0.01692993664482969,0.024355344762700872,0.022597103764024608
994,0.022666037759628856,0.021714706942055673,0.021714706942055673,0.019707714422607468,0.01692993664482969,0.027745175271175447,0.021747816642692142
015,0.022615500804480406,0.02108299500270002,0.02108299500270002,0.0280410477559408,0.019707714422607468,0.020965514254226294,0.021929806740120527
016,0.022615500804480406,0.02108299500270002,0.02108299500270002,0.011374381089274133,0.01692993664482969,0.014185853237277142,0.022445445349500954
048,0.022615500804480406,0.02108299500270002,0.02108299500270002,0.019707714422607468,0.019707714422607468,0.01757568374575172,0.021869143374311065
066,0.022615500804480406,0.02108299500270002,0.02108299500270002,0.0280410477559408,0.0280410477559408,0.01757568374575172,0.02159615822816849
070,0.022615500804480406,0.02108299500270002,0.02108299500270002,0.044707714422607465,0.0280410477559408,0.01757568374575172,0.021505163179454292
078,0.022615500804480406,0.02108299500270002,0.02108299500270002,0.011374381089274133,0.011374381089274133,0.024355344762700872,0.02411368790926116
101,0.022615500804480406,0.02108299500270002,0.02108299500270002,0.011374381089274133,0.014152158867051911,0.027745175271175447,0.022945918117429014
103,0.022615500804480406,0.02108299500270002,0.02108299500270002,0.019707714422607468,0.02526326997816302,0.027745175271175447,0.021975304264477625
107,0.022615500804480406,0.02108299500270002,0.02108299500270002,0.0280410477559408,0.019707714422607468,0.027745175271175447,0.021656821593977946
120,0.022615500804480406,0.02108299500270002,0.02108299500270002,0.036374381089274134,0.03359660331149635,0.014185853237277142,0.021702319118335044
137,0.022615500804480406,0.02108299500270002,0.02108299500270002,0.0280410477559408,0.030818825533718577,0.01757568374575172,0.021535494862359023
145,0.022615500804480406,0.02108299500270002,0.02108299500270002,0.011374381089274133,0.014152158867051911,0.020965514254226294,0.023582883458428367
148,0.022615500804480406,0.02108299500270002,0.02108299500270002,0.019707714422607468,0.03359660331149635,0.014185853237277142,0.021505163179454292
152,0.022615500804480406,0.02108299500270002,0.02108299500270002,0.036374381089274134,0.019707714422607468,0.027745175271175447,0.02159615822816849
154,0.022615500804480406,0.02108299500270002,0.02108299500270002,0.0280410477559408,0.019707714422607468,0.020965514254226294,0.021869143374311065
187,0.022615500804480406,0.02108299500270002,0.02108299500270002,0.011374381089274133,0.014152158867051911,0.020965514254226294,0.022703264654191167
203,0.022615500804480406,0.02108299500270002,0.02108299500270002,0.011374381089274133,0.019707714422607468,0.014185853237277142,0.022597103764024608
214,0.022615500804480406,0.02108299500270002,0.02108299500270002,0.011374381089274133,0.0280410477559408,0.027745175271175447,0.022308952776429667
223,0.022615500804480406,0.02108299500270002,0.02108299500270002,0.019707714422607468,0.02526326997816302,0.027745175271175447,0.022081465154644184
233,0.022615500804480406,0.02108299500270002,0.02108299500270002,0.019707714422607468,0.019707714422607468,0.024355344762700872,0.021899475057215796
245,0.022615500804480406,0.02108299500270002,0.02108299500270002,0.019707714422607468,0.02526326997816302,0.014185853237277142,0.021565826545263754
262,0.022615500804480406,0.02108299500270002,0.02108299500270002,0.011374381089274133,0.01692993664482969,0.020965514254226294,0.022490942873858052
276,0.022615500804480406,0.02108299500270002,0.02108299500270002,0.019707714422607468,0.019707714422607468,0.024355344762700872,0.021929806740120527
281,0.022615500804480406,0.02108299500270002,0.02108299500270002,0.011374381089274133,0.022485492200385242,0.027745175271175447,0.022551606239667513
284,0.022615500804480406,0.02108299500270002,0.02108299500270002,0.0280410477559408,0.02526326997816302,0.020965514254226294,0.021505163179454292
285,0.022615500804480406,0.02108299500270002,0.02108299500270002,0.011374381089274133,0.014152158867051911,0.024355344762700872,0.02299141564178611
320,0.022615500804480406,0.02108299500270002,0.02108299500270002,0.019707714422607468,0.019707714422607468,0.027745175271175447,0.021702319118335044
332,0.022615500804480406,0.02108299500270002,0.02108299500270002,0.019707714422607468,0.022485492200385242,0.01757568374575172,0.021975304264477625
337,0.022615500804480406,0.02108299500270002,0.02108299500270002,0.011374381089274133,0.019707714422607468,0.01757568374575172,0.0222937869349773
361,0.022615500804480406,0.02108299500270002,0.02108299500270002,0.036374381089274134,0.0280410477559408,0.01757568374575172,0.021732650801239775
364,0.022615500804480406,0.02108299500270002,0.02108299500270002,0.011374381089274133,0.02526326997816302,0.020965514254226294,0.02239994782514386
366,0.022615500804480406,0.02108299500270002,0.02108299500270002,0.011374381089274133,0.019707714422607468,0.01757568374575172,0.022490942873858052
410,0.022615500804480406,0.02108299500270002,0.02108299500270002,0.011374381089274133,0.022485492200385242,0.014185853237277142,0.022384781983691492
412,0.022615500804480406,0.02108299500270002,0.02108299500270002,0.019707714422607468,0.030818825533718577,0.020965514254226294,0.022172460203358377
414,0.022615500804480406,0.02108299500270002,0.02108299500270002,0.011374381089274133,0.019707714422607468,0.024355344762700872,0.02243027950804859
420,0.022615500804480406,0.02108299500270002,0.02108299500270002,0.0280410477559408,0.019707714422607468,0.020965514254226294,0.021565826545263754
421,0.022615500804480406,0.02108299500270002,0.02108299500270002,0.011374381089274133,0.019707714422607468,0.020965514254226294,0.022490942873858052
464,0.022615500804480406,0.02108299500270002,0.02108299500270002,0.0280410477559408,0.022485492200385242,0.027745175271175447,0.021929806740120527
467,0.022615500804480406,0.02108299500270002,0.02108299500270002,0.019707714422607468,0.014152158867051911,0.01757568374575172,0.022066299313191817
476,0.022615500804480406,0.02108299500270002,0.02108299500270002,0.019707714422607468,0.019707714422607468,0.014185853237277142,0.022051133471739454
483,0.022615500804480406,0.02108299500270002,0.02108299500270002,0.019707714422607468,0.022485492200385242,0.024355344762700872,0.021975304264477625
494,0.022615500804480406,0.02108299500270002,0.02108299500270002,0.019707714422607468,0.022485492200385242,0.031135005779650025,0.021793314167049237
496,0.022615500804480406,0.02108299500270002,0.02108299500270002,0.0280410477559408,0.01692993664482969,0.01757568374575172,0.021565826545263754
498,0.022615500804480406,0.02108299500270002,0.02108299500270002,0.019707714422607468,0.022485492200385242,0.020965514254226294,0.022096630996096548
500,0.022615500804480406,0.02108299500270002,0.02108299500270002,0.011374381089274133,0.01692993664482969,0.034524836288124604,0.02243027950804859
548,0.022615500804480406,0.02108299500270002,0.02108299500270002,0.0280410477559408,0.022485492200385242,0.014185853237277142,0.021399002289287733
550,0.022615500804480406,0.02108299500270002,0.02108299500270002,0.036374381089274134,0.02526326997816302,0.020965514254226294,0.021535494862359023
554,0.022615500804480406,0.02108299500270002,0.02108299500270002,0.019707714422607468,0.0280410477559408,0.01757568374575172,0.021808480008501604
571,0.022615500804480406,0.02108299500270002,0.02108299500270002,0.019707714422607468,0.02526326997816302,0.024355344762700872,0.02148999733800193
574,0.022615500804480406,0.02108299500270002,0.02108299500270002,0.011374381089274133,0.02526326997816302,0.01757568374575172,0.0222937869349773
575,0.022615500804480406,0.02108299500270002,0.02108299500270002,0.019707714422607468,0.014152158867051911,0.027745175271175447,0.02221795772771547
580,0.022615500804480406,0.02108299500270002,0.02108299500270002,0.0280410477559408,0.019707714422607468,0.014185853237277142,0.021399002289287733
581,0.022615500804480406,0.02108299500270002,0.02108299500270002,0.011374381089274133,0.01692993664482969,0.020965514254226294,0.022445445349500954
590,0.022615500804480406,0.02108299500270002,0.02108299500270002,0.036374381089274134,0.019707714422607468,0.020965514254226294,0.02148999733800193
591,0.022615500804480406,0.02108299500270002,0.02108299500270002,0.011374381089274133,0.019707714422607468,0.01757568374575172,0.023325064153738157
604,0.022615500804480406,0.02108299500270002,0.02108299500270002,0.011374381089274133,0.014152158867051911,0.024355344762700872,0.022521274556762783
635,0.022615500804480406,0.02108299500270002,0.02108299500270002,0.0530410477559408,0.0280410477559408,0.027745175271175447,0.02147483149654956
637,0.022615500804480406,0.02108299500270002,0.02108299500270002,0.0280410477559408,0.0280410477559408,0.014185853237277142,0.02138383644783537
648,0.022615500804480406,0.02108299500270002,0.02108299500270002,0.044707714422607465,0.02526326997816302,0.024355344762700872,0.02144449981364483
655,0.022615500804480406,0.02108299500270002,0.02108299500270002,0.019707714422607468,0.01692993664482969,0.01757568374575172,0.021732650801239775
660,0.022615500804480406,0.02108299500270002,0.02108299500270002,0.011374381089274133,0.0280410477559408,0.027745175271175447,0.02246061119095332
677,0.022615500804480406,0.02108299500270002,0.02108299500270002,0.0280410477559408,0.022485492200385242,0.031135005779650025,0.02159615822816849
678,0.022615500804480406,0.02108299500270002,0.02108299500270002,0.011374381089274133,0.022485492200385242,0.024355344762700872,0.02253644039821515
699,0.022615500804480406,0.02108299500270002,0.02108299500270002,0.044707714422607465,0.030818825533718577,0.020965514254226294,0.021702319118335044
701,0.022615500804480406,0.02108299500270002,0.02108299500270002,0.011374381089274133,0.014152158867051911,0.027745175271175447,0.022612269605476975
719,0.022615500804480406,0.02108299500270002,0.02108299500270002,0.036374381089274134,0.022485492200385242,0.027745175271175447,0.021429333972192464
723,0.022615500804480406,0.02108299500270002,0.02108299500270002,0.019707714422607468,0.01692993664482969,0.024355344762700872,0.022248289410620202
746,0.022615500804480406,0.02108299500270002,0.02108299500270002,0.0280410477559408,0.01692993664482969,0.020965514254226294,0.021747816642692142
757,0.022615500804480406,0.02108299500270002,0.02108299500270002,0.011374381089274133,0.01692993664482969,0.031135005779650025,0.022642601288381706
763,0.022615500804480406,0.02108299500270002,0.02108299500270002,0.011374381089274133,0.019707714422607468,0.024355344762700872,0.02235445030078676
818,0.022615500804480406,0.02108299500270002,0.02108299500270002,0.011374381089274133,0.01692993664482969,0.027745175271175447,0.02299141564178611
822,0.022615500804480406,0.02108299500270002,0.02108299500270002,0.011374381089274133,0.01692993664482969,0.01757568374575172,0.023325064153738157
837,0.022615500804480406,0.02108299500270002,0.02108299500270002,0.011374381089274133,0.011374381089274133,0.020965514254226294,0.02411368790926116
838,0.022615500804480406,0.02108299500270002,0.02108299500270002,0.019707714422607468,0.02526326997816302,0.024355344762700872,0.021399002289287733
842,0.022615500804480406,0.02108299500270002,0.02108299500270002,0.019707714422607468,0.02526326997816302,0.034524836288124604,0.02138383644783537
845,0.022615500804480406,0.02108299500270002,0.02108299500270002,0.011374381089274133,0.022485492200385242,0.027745175271175447,0.02253644039821515
849,0.022615500804480406,0.02108299500270002,0.02108299500270002,0.0280410477559408,0.019707714422607468,0.024355344762700872,0.02196013842302526
863,0.022615500804480406,0.02108299500270002,0.02108299500270002,0.036374381089274134,0.0280410477559408,0.024355344762700872,0.021565826545263754
865,0.022615500804480406,0.02108299500270002,0.02108299500270002,0.011374381089274133,0.019707714422607468,0.014185853237277142,0.023021747324690846
884,0.022615500804480406,0.02108299500270002,0.02108299500270002,0.036374381089274134,0.030818825533718577,0.024355344762700872,0.021459665655097198
885,0.022615500804480406,0.02108299500270002,0.02108299500270002,0.019707714422607468,0.019707714422607468,0.027745175271175447,0.021565826545263754
901,0.022615500804480406,0.02108299500270002,0.02108299500270002,0.011374381089274133,0.022485492200385242,0.024355344762700872,0.022627435446929342
911,0.022615500804480406,0.02108299500270002,0.02108299500270002,0.036374381089274134,0.02526326997816302,0.024355344762700872,0.021399002289287733
922,0.022615500804480406,0.02108299500270002,0.02108299500270002,0.0280410477559408,0.01692993664482969,0.024355344762700872,0.02182364584995397
940,0.022615500804480406,0.02108299500270002,0.02108299500270002,0.0280410477559408,0.019707714422607468,0.020965514254226294,0.02155066070381139
953,0.022615500804480406,0.02108299500270002,0.02108299500270002,0.011374381089274133,0.01692993664482969,0.027745175271175447,0.022308952776429667
973,0.022615500804480406,0.02108299500270002,0.02108299500270002,0.011374381089274133,0.022485492200385242,0.014185853237277142,0.02256677208111988
985,0.022615500804480406,0.02108299500270002,0.02108299500270002,0.019707714422607468,0.02526326997816302,0.01757568374575172,0.0218539775328587
995,0.022615500804480406,0.02108299500270002,0.02108299500270002,0.011374381089274133,0.014152158867051911,0.020965514254226294,0.02388620028747568
002,0.022564963849331952,0.020451283063344365,0.020451283063344365,0.019707714422607468,0.01692993664482969,0.01757568374575172,0.02148999733800193
007,0.022564963849331952,0.020451283063344365,0.020451283063344365,0.011374381089274133,0.019707714422607468,0.024355344762700872,0.02327956662938106
037,0.022564963849331952,0.020451283063344365,0.020451283063344365,0.019707714422607468,0.019707714422607468,0.020965514254226294,0.02158099238671612
038,0.022564963849331952,0.020451283063344365,0.020451283063344365,0.011374381089274133,0.01692993664482969,0.024355344762700872,0.022369616142239125
058,0.022564963849331952,0.020451283063344365,0.020451283063344365,0.011374381089274133,0.0280410477559408,0.024355344762700872,0.022415113666596223
061,0.022564963849331952,0.020451283063344365,0.020451283063344365,0.019707714422607468,0.030818825533718577,0.024355344762700872,0.022066299313191817
062,0.022564963849331952,0.020451283063344365,0.020451283063344365,0.0280410477559408,0.022485492200385242,0.027745175271175447,0.021626489911073216
094,0.022564963849331952,0.020451283063344365,0.020451283063344365,0.011374381089274133,0.01692993664482969,0.024355344762700872,0.022794259702905363
095,0.022564963849331952,0.020451283063344365,0.020451283063344365,0.0280410477559408,0.019707714422607468,0.024355344762700872,0.021656821593977946
118,0.022564963849331952,0.020451283063344365,0.020451283063344365,0.0280410477559408,0.022485492200385242,0.020965514254226294,0.021611324069620852
122,0.022564963849331952,0.020451283063344365,0.020451283063344365,0.019707714422607468,0.014152158867051911,0.027745175271175447,0.021429333972192464
181,0.022564963849331952,0.020451283063344365,0.020451283063344365,0.036374381089274134,0.022485492200385242,0.020965514254226294,0.02147483149654956
185,0.022564963849331952,0.020451283063344365,0.020451283063344365,0.019707714422607468,0.0280410477559408,0.01757568374575172,0.02159615822816849
193,0.022564963849331952,0.020451283063344365,0.020451283063344365,0.019707714422607468,0.02526326997816302,0.01757568374575172,0.02158099238671612
207,0.022564963849331952,0.020451283063344365,0.020451283063344365,0.0280410477559408,0.019707714422607468,0.020965514254226294,0.021520329020906656
209,0.022564963849331952,0.020451283063344365,0.020451283063344365,0.011374381089274133,0.019707714422607468,0.020965514254226294,0.02306724484904794
211,0.022564963849331952,0.020451283063344365,0.020451283063344365,0.0280410477559408,0.019707714422607468,0.014185853237277142,0.02159615822816849
218,0.022564963849331952,0.020451283063344365,0.020451283063344365,0.011374381089274133,0.019707714422607468,0.01757568374575172,0.022551606239667513
226,0.022564963849331952,0.020451283063344365,0.020451283063344365,0.019707714422607468,0.01692993664482969,0.020965514254226294,0.021732650801239775
230,0.022564963849331952,0.020451283063344365,0.020451283063344365,0.011374381089274133,0.022485492200385242,0.027745175271175447,0.02232411861788203
241,0.022564963849331952,0.020451283063344365,0.020451283063344365,0.0280410477559408,0.02526326997816302,0.027745175271175447,0.021671987435430314
282,0.022564963849331952,0.020451283063344365,0.020451283063344365,0.011374381089274133,0.01692993664482969,0.01757568374575172,0.02267293297128644
288,0.022564963849331952,0.020451283063344365,0.020451283063344365,0.011374381089274133,0.01692993664482969,0.014185853237277142,0.022688098812738804
295,0.022564963849331952,0.020451283063344365,0.020451283063344365,0.019707714422607468,0.022485492200385242,0.014185853237277142,0.021535494862359023
303,0.022564963849331952,0.020451283063344365,0.020451283063344365,0.011374381089274133,0.01692993664482969,0.020965514254226294,0.023052079007595577
345,0.022564963849331952,0.020451283063344365,0.020451283063344365,0.0280410477559408,0.02526326997816302,0.01757568374575172,0.02138383644783537
386,0.022564963849331952,0.020451283063344365,0.020451283063344365,0.011374381089274133,0.011374381089274133,0.014185853237277142,0.02411368790926116
393,0.022564963849331952,0.020451283063344365,0.020451283063344365,0.011374381089274133,0.022485492200385242,0.010796022728802566,0.022945918117429014
401,0.022564963849331952,0.020451283063344365,0.020451283063344365,0.011374381089274133,0.02526326997816302,0.031135005779650025,0.02243027950804859
405,0.022564963849331952,0.020451283063344365,0.020451283063344365,0.019707714422607468,0.022485492200385242,0.020965514254226294,0.021914640898668163
425,0.022564963849331952,0.020451283063344365,0.020451283063344365,0.011374381089274133,0.022485492200385242,0.01757568374575172,0.02243027950804859
448,0.022564963849331952,0.020451283063344365,0.020451283063344365,0.019707714422607468,0.019707714422607468,0.034524836288124604,0.02211179683754891
455,0.022564963849331952,0.020451283063344365,0.020451283063344365,0.019707714422607468,0.02526326997816302,0.024355344762700872,0.022096630996096548
457,0.022564963849331952,0.020451283063344365,0.020451283063344365,0.0280410477559408,0.022485492200385242,0.020965514254226294,0.02144449981364483
480,0.022564963849331952,0.020451283063344365,0.020451283063344365,0.011374381089274133,0.014152158867051911,0.024355344762700872,0.02306724484904794
487,0.022564963849331952,0.020451283063344365,0.020451283063344365,0.011374381089274133,0.019707714422607468,0.01757568374575172,0.02314307405630977
511,0.022564963849331952,0.020451283063344365,0.020451283063344365,0.0280410477559408,0.019707714422607468,0.01757568374575172,0.02158099238671612
514,0.022564963849331952,0.020451283063344365,0.020451283063344365,0.019707714422607468,0.02526326997816302,0.024355344762700872,0.02188430921576343
515,0.022564963849331952,0.020451283063344365,0.020451283063344365,0.0280410477559408,0.022485492200385242,0.020965514254226294,0.021747816642692142
524,0.022564963849331952,0.020451283063344365,0.020451283063344365,0.019707714422607468,0.019707714422607468,0.01757568374575172,0.021505163179454292
527,0.022564963849331952,0.020451283063344365,0.020451283063344365,0.0280410477559408,0.022485492200385242,0.010796022728802566,0.021459665655097198
531,0.022564963849331952,0.020451283063344365,0.020451283063344365,0.011374381089274133,0.02526326997816302,0.014185853237277142,0.022521274556762783
534,0.022564963849331952,0.020451283063344365,0.020451283063344365,0.011374381089274133,0.01692993664482969,0.024355344762700872,0.0240075270190946
535,0.022564963849331952,0.020451283063344365,0.020451283063344365,0.011374381089274133,0.014152158867051911,0.01757568374575172,0.023264400787928692
537,0.022564963849331952,0.020451283063344365,0.020451283063344365,0.019707714422607468,0.03359660331149635,0.020965514254226294,0.021399002289287733
538,0.022564963849331952,0.020451283063344365,0.020451283063344365,0.011374381089274133,0.014152158867051911,0.027745175271175447,0.024037858701999332
541,0.022564963849331952,0.020451283063344365,0.020451283063344365,0.019707714422607468,0.014152158867051911,0.020965514254226294,0.021520329020906656
593,0.022564963849331952,0.020451283063344365,0.020451283063344365,0.0280410477559408,0.022485492200385242,0.014185853237277142,0.021975304264477625
598,0.022564963849331952,0.020451283063344365,0.020451283063344365,0.011374381089274133,0.01692993664482969,0.01757568374575172,0.023294732470833423
607,0.022564963849331952,0.020451283063344365,0.020451283063344365,0.019707714422607468,0.014152158867051911,0.031135005779650025,0.021732650801239775
650,0.022564963849331952,0.020451283063344365,0.020451283063344365,0.019707714422607468,0.019707714422607468,0.01757568374575172,0.021778148325596873
656,0.022564963849331952,0.020451283063344365,0.020451283063344365,0.019707714422607468,0.019707714422607468,0.027745175271175447,0.02168715327688268
670,0.022564963849331952,0.020451283063344365,0.020451283063344365,0.0280410477559408,0.02526326997816302,0.020965514254226294,0.021641655752525583
739,0.022564963849331952,0.020451283063344365,0.020451283063344365,0.0280410477559408,0.022485492200385242,0.020965514254226294,0.02212696267900128
743,0.022564963849331952,0.020451283063344365,0.020451283063344365,0.019707714422607468,0.019707714422607468,0.01757568374575172,0.02182364584995397
759,0.022564963849331952,0.020451283063344365,0.020451283063344365,0.019707714422607468,0.01692993664482969,0.01757568374575172,0.02182364584995397
767,0.022564963849331952,0.020451283063344365,0.020451283063344365,0.036374381089274134,0.03359660331149635,0.01757568374575172,0.021626489911073216
771,0.022564963849331952,0.020451283063344365,0.020451283063344365,0.011374381089274133,0.019707714422607468,0.024355344762700872,0.022521274556762783
785,0.022564963849331952,0.020451283063344365,0.020451283063344365,0.0280410477559408,0.022485492200385242,0.01757568374575172,0.021399002289287733
825,0.022564963849331952,0.020451283063344365,0.020451283063344365,0.011374381089274133,0.01692993664482969,0.014185853237277142,0.02267293297128644
830,0.022564963849331952,0.020451283063344365,0.020451283063344365,0.0280410477559408,0.019707714422607468,0.024355344762700872,0.021520329020906656
843,0.022564963849331952,0.020451283063344365,0.020451283063344365,0.0280410477559408,0.022485492200385242,0.020965514254226294,0.021747816642692142
846,0.022564963849331952,0.020451283063344365,0.020451283063344365,0.019707714422607468,0.019707714422607468,0.01757568374575172,0.021611324069620852
861,0.022564963849331952,0.020451283063344365,0.020451283063344365,0.011374381089274133,0.022485492200385242,0.01757568374575172,0.022733596337095898
899,0.022564963849331952,0.020451283063344365,0.020451283063344365,0.0280410477559408,0.01692993664482969,0.020965514254226294,0.02147483149654956
912,0.022564963849331952,0.020451283063344365,0.020451283063344365,0.011374381089274133,0.01692993664482969,0.01757568374575172,0.023112742373405038
926,0.022564963849331952,0.020451283063344365,0.020451283063344365,0.019707714422607468,0.014152158867051911,0.020965514254226294,0.02226345525207257
999,0.022564963849331952,0.020451283063344365,0.020451283063344365,0.0280410477559408,0.022485492200385242,0.014185853237277142,0.02148999733800193
027,0.022514426894183502,0.019819571123988713,0.019819571123988713,0.019707714422607468,0.01692993664482969,0.01757568374575172,0.021899475057215796
060,0.022514426894183502,0.019819571123988713,0.019819571123988713,0.019707714422607468,0.01692993664482969,0.020965514254226294,0.022035967630287086
072,0.022514426894183502,0.019819571123988713,0.019819571123988713,0.0280410477559408,0.019707714422607468,0.01757568374575172,0.021838811691406335
142,0.022514426894183502,0.019819571123988713,0.019819571123988713,0.019707714422607468,0.019707714422607468,0.027745175271175447,0.022051133471739454
167,0.022514426894183502,0.019819571123988713,0.019819571123988713,0.019707714422607468,0.022485492200385242,0.010796022728802566,0.022035967630287086
171,0.022514426894183502,0.019819571123988713,0.019819571123988713,0.011374381089274133,0.022485492200385242,0.020965514254226294,0.022308952776429667
182,0.022514426894183502,0.019819571123988713,0.019819571123988713,0.019707714422607468,0.014152158867051911,0.024355344762700872,0.022248289410620202
222,0.022514426894183502,0.019819571123988713,0.019819571123988713,0.011374381089274133,0.01692993664482969,0.034524836288124604,0.02253644039821515
247,0.022514426894183502,0.019819571123988713,0.019819571123988713,0.019707714422607468,0.019707714422607468,0.031135005779650025,0.022081465154644184
256,0.022514426894183502,0.019819571123988713,0.019819571123988713,0.0280410477559408,0.022485492200385242,0.01757568374575172,0.0214141681307401
287,0.022514426894183502,0.019819571123988713,0.019819571123988713,0.036374381089274134,0.0280410477559408,0.01757568374575172,0.021535494862359023
324,0.022514426894183502,0.019819571123988713,0.019819571123988713,0.019707714422607468,0.019707714422607468,0.020965514254226294,0.02223312356916784
328,0.022514426894183502,0.019819571123988713,0.019819571123988713,0.011374381089274133,0.019707714422607468,0.014185853237277142,0.022506108715310415
357,0.022514426894183502,0.019819571123988713,0.019819571123988713,0.019707714422607468,0.02526326997816302,0.020965514254226294,0.02223312356916784
378,0.022514426894183502,0.019819571123988713,0.019819571123988713,0.011374381089274133,0.01692993664482969,0.024355344762700872,0.022915586434524286
387,0.022514426894183502,0.019819571123988713,0.019819571123988713,0.011374381089274133,0.019707714422607468,0.01757568374575172,0.022657767129834073
408,0.022514426894183502,0.019819571123988713,0.019819571123988713,0.019707714422607468,0.019707714422607468,0.01757568374575172,0.02188430921576343
418,0.022514426894183502,0.019819571123988713,0.019819571123988713,0.019707714422607468,0.02526326997816302,0.020965514254226294,0.022051133471739454
440,0.022514426894183502,0.019819571123988713,0.019819571123988713,0.0280410477559408,0.02526326997816302,0.014185853237277142,0.021808480008501604
486,0.022514426894183502,0.019819571123988713,0.019819571123988713,0.019707714422607468,0.014152158867051911,0.027745175271175447,0.02196013842302526
497,0.022514426894183502,0.019819571123988713,0.019819571123988713,0.019707714422607468,0.019707714422607468,0.024355344762700872,0.021944972581572894
499,0.022514426894183502,0.019819571123988713,0.019819571123988713,0.011374381089274133,0.01692993664482969,0.024355344762700872,0.022657767129834073
505,0.022514426894183502,0.019819571123988713,0.019819571123988713,0.0280410477559408,0.019707714422607468,0.014185853237277142,0.022142128520453646
544,0.022514426894183502,0.019819571123988713,0.019819571123988713,0.0280410477559408,0.019707714422607468,0.024355344762700872,0.02168715327688268
552,0.022514426894183502,0.019819571123988713,0.019819571123988713,0.011374381089274133,0.01692993664482969,0.010796022728802566,0.023901366128928042
570,0.022514426894183502,0.019819571123988713,0.019819571123988713,0.0280410477559408,0.022485492200385242,0.020965514254226294,0.021535494862359023
600,0.022514426894183502,0.019819571123988713,0.019819571123988713,0.011374381089274133,0.011374381089274133,0.014185853237277142,0.02411368790926116
613,0.022514426894183502,0.019819571123988713,0.019819571123988713,0.019707714422607468,0.030818825533718577,0.014185853237277142,0.02226345525207257
640,0.022514426894183502,0.019819571123988713,0.019819571123988713,0.011374381089274133,0.022485492200385242,0.024355344762700872,0.02243027950804859
706,0.022514426894183502,0.019819571123988713,0.019819571123988713,0.019707714422607468,0.019707714422607468,0.024355344762700872,0.022035967630287086
722,0.022514426894183502,0.019819571123988713,0.019819571123988713,0.011374381089274133,0.019707714422607468,0.020965514254226294,0.02267293297128644
750,0.022514426894183502,0.019819571123988713,0.019819571123988713,0.011374381089274133,0.014152158867051911,0.020965514254226294,0.02381037108021385
806,0.022514426894183502,0.019819571123988713,0.019819571123988713,0.019707714422607468,0.01692993664482969,0.01757568374575172,0.021535494862359023
834,0.022514426894183502,0.019819571123988713,0.019819571123988713,0.0280410477559408,0.022485492200385242,0.024355344762700872,0.021899475057215796
839,0.022514426894183502,0.019819571123988713,0.019819571123988713,0.019707714422607468,0.02526326997816302,0.024355344762700872,0.021535494862359023
881,0.022514426894183502,0.019819571123988713,0.019819571123988713,0.019707714422607468,0.019707714422607468,0.020965514254226294,0.02221795772771547
925,0.022514426894183502,0.019819571123988713,0.019819571123988713,0.011374381089274133,0.014152158867051911,0.024355344762700872,0.02402269286054697
935,0.022514426894183502,0.019819571123988713,0.019819571123988713,0.019707714422607468,0.014152158867051911,0.020965514254226294,0.0218539775328587
977,0.022514426894183502,0.019819571123988713,0.019819571123988713,0.0280410477559408,0.02526326997816302,0.020965514254226294,0.021399002289287733
033,0.02246388993903505,0.019187859184633057,0.019187859184633057,0.019707714422607468,0.022485492200385242,0.01757568374575172,0.021611324069620852
051,0.02246388993903505,0.019187859184633057,0.019187859184633057,0.011374381089274133,0.030818825533718577,0.014185853237277142,0.023127908214857402
068,0.02246388993903505,0.019187859184633057,0.019187859184633057,0.011374381089274133,0.014152158867051911,0.034524836288124604,0.022961083958881384
069,0.02246388993903505,0.019187859184633057,0.019187859184633057,0.011374381089274133,0.019707714422607468,0.020965514254226294,0.023264400787928692
082,0.02246388993903505,0.019187859184633057,0.019187859184633057,0.044707714422607465,0.0280410477559408,0.01757568374575172,0.021399002289287733
105,0.02246388993903505,0.019187859184633057,0.019187859184633057,0.019707714422607468,0.019707714422607468,0.020965514254226294,0.022202791886263108
144,0.02246388993903505,0.019187859184633057,0.019187859184633057,0.011374381089274133,0.014152158867051911,0.020965514254226294,0.02353738593407127
160,0.02246388993903505,0.019187859184633057,0.019187859184633057,0.0280410477559408,0.02526326997816302,0.024355344762700872,0.021869143374311065
220,0.02246388993903505,0.019187859184633057,0.019187859184633057,0.019707714422607468,0.01692993664482969,0.027745175271175447,0.02196013842302526
231,0.02246388993903505,0.019187859184633057,0.019187859184633057,0.011374381089274133,0.01692993664482969,0.020965514254226294,0.02293075227597665
234,0.02246388993903505,0.019187859184633057,0.019187859184633057,0.011374381089274133,0.014152158867051911,0.034524836288124604,0.023461556726809447
333,0.02246388993903505,0.019187859184633057,0.019187859184633057,0.011374381089274133,0.01692993664482969,0.027745175271175447,0.023158239897762136
338,0.02246388993903505,0.019187859184633057,0.019187859184633057,0.011374381089274133,0.01692993664482969,0.01757568374575172,0.022961083958881384
351,0.02246388993903505,0.019187859184633057,0.019187859184633057,0.0280410477559408,0.02526326997816302,0.01757568374575172,0.02144449981364483
367,0.02246388993903505,0.019187859184633057,0.019187859184633057,0.0280410477559408,0.022485492200385242,0.024355344762700872,0.02138383644783537
372,0.02246388993903505,0.019187859184633057,0.019187859184633057,0.0280410477559408,0.019707714422607468,0.014185853237277142,0.0214141681307401
415,0.02246388993903505,0.019187859184633057,0.019187859184633057,0.011374381089274133,0.014152158867051911,0.01757568374575172,0.023431225043904713
445,0.02246388993903505,0.019187859184633057,0.019187859184633057,0.011374381089274133,0.019707714422607468,0.01757568374575172,0.022703264654191167
469,0.02246388993903505,0.019187859184633057,0.019187859184633057,0.011374381089274133,0.01692993664482969,0.010796022728802566,0.022415113666596223
501,0.02246388993903505,0.019187859184633057,0.019187859184633057,0.019707714422607468,0.019707714422607468,0.020965514254226294,0.021565826545263754
533,0.02246388993903505,0.019187859184633057,0.019187859184633057,0.036374381089274134,0.02526326997816302,0.01757568374575172,0.02138383644783537
551,0.02246388993903505,0.019187859184633057,0.019187859184633057,0.0280410477559408,0.02526326997816302,0.01757568374575172,0.021762982484144506
680,0.02246388993903505,0.019187859184633057,0.019187859184633057,0.019707714422607468,0.019707714422607468,0.027745175271175447,0.021702319118335044
685,0.02246388993903505,0.019187859184633057,0.019187859184633057,0.011374381089274133,0.01692993664482969,0.01757568374575172,0.02239994782514386
693,0.02246388993903505,0.019187859184633057,0.019187859184633057,0.0280410477559408,0.02526326997816302,0.024355344762700872,0.02168715327688268
733,0.02246388993903505,0.019187859184633057,0.019187859184633057,0.0280410477559408,0.0280410477559408,0.01757568374575172,0.021747816642692142
734,0.02246388993903505,0.019187859184633057,0.019187859184633057,0.0280410477559408,0.0280410477559408,0.020965514254226294,0.02155066070381139
789,0.02246388993903505,0.019187859184633057,0.019187859184633057,0.011374381089274133,0.014152158867051911,0.014185853237277142,0.0222937869349773
792,0.02246388993903505,0.019187859184633057,0.019187859184633057,0.0280410477559408,0.022485492200385242,0.020965514254226294,0.021747816642692142
805,0.02246388993903505,0.019187859184633057,0.019187859184633057,0.011374381089274133,0.011374381089274133,0.01757568374575172,0.02411368790926116
826,0.02246388993903505,0.019187859184633057,0.019187859184633057,0.019707714422607468,0.019707714422607468,0.024355344762700872,0.022278621093524936
864,0.02246388993903505,0.019187859184633057,0.019187859184633057,0.0280410477559408,0.019707714422607468,0.01757568374575172,0.02148999733800193
868,0.02246388993903505,0.019187859184633057,0.019187859184633057,0.019707714422607468,0.014152158867051911,0.027745175271175447,0.02215729436190601
914,0.02246388993903505,0.019187859184633057,0.019187859184633057,0.0280410477559408,0.01692993664482969,0.01757568374575172,0.021429333972192464
947,0.02246388993903505,0.019187859184633057,0.019187859184633057,0.011374381089274133,0.019707714422607468,0.020965514254226294,0.022521274556762783
961,0.02246388993903505,0.019187859184633057,0.019187859184633057,0.0280410477559408,0.022485492200385242,0.01757568374575172,0.02199047010592999
004,0.022413352983886595,0.018556147245277405,0.018556147245277405,0.011374381089274133,0.014152158867051911,0.020965514254226294,0.02276392802000063
055,0.022413352983886595,0.018556147245277405,0.018556147245277405,0.011374381089274133,0.02526326997816302,0.014185853237277142,0.022688098812738804
056,0.022413352983886595,0.018556147245277405,0.018556147245277405,0.011374381089274133,0.014152158867051911,0.024355344762700872,0.022415113666596223
091,0.022413352983886595,0.018556147245277405,0.018556147245277405,0.0280410477559408,0.02526326997816302,0.01757568374575172,0.0214141681307401
134,0.022413352983886595,0.018556147245277405,0.018556147245277405,0.0280410477559408,0.019707714422607468,0.014185853237277142,0.021505163179454292
146,0.022413352983886595,0.018556147245277405,0.018556147245277405,0.011374381089274133,0.01692993664482969,0.024355344762700872,0.022657767129834073
176,0.022413352983886595,0.018556147245277405,0.018556147245277405,0.011374381089274133,0.01692993664482969,0.020965514254226294,0.022976249800333748
184,0.022413352983886595,0.018556147245277405,0.018556147245277405,0.019707714422607468,0.014152158867051911,0.020965514254226294,0.02221795772771547
235,0.022413352983886595,0.018556147245277405,0.018556147245277405,0.019707714422607468,0.02526326997816302,0.014185853237277142,0.021869143374311065
238,0.022413352983886595,0.018556147245277405,0.018556147245277405,0.019707714422607468,0.019707714422607468,0.020965514254226294,0.021762982484144506
255,0.022413352983886595,0.018556147245277405,0.018556147245277405,0.011374381089274133,0.019707714422607468,0.020965514254226294,0.02253644039821515
293,0.022413352983886595,0.018556147245277405,0.018556147245277405,0.0280410477559408,0.019707714422607468,0.027745175271175447,0.02158099238671612
298,0.022413352983886595,0.018556147245277405,0.018556147245277405,0.0280410477559408,0.022485492200385242,0.014185853237277142,0.02147483149654956
359,0.022413352983886595,0.018556147245277405,0.018556147245277405,0.011374381089274133,0.022485492200385242,0.024355344762700872,0.022597103764024608
377,0.022413352983886595,0.018556147245277405,0.018556147245277405,0.019707714422607468,0.01692993664482969,0.024355344762700872,0.021702319118335044
397,0.022413352983886595,0.018556147245277405,0.018556147245277405,0.011374381089274133,0.01692993664482969,0.010796022728802566,0.023567717616976003
477,0.022413352983886595,0.018556147245277405,0.018556147245277405,0.011374381089274133,0.019707714422607468,0.020965514254226294,0.0222937869349773
502,0.022413352983886595,0.018556147245277405,0.018556147245277405,0.0280410477559408,0.022485492200385242,0.014185853237277142,0.022066299313191817
506,0.022413352983886595,0.018556147245277405,0.018556147245277405,0.011374381089274133,0.019707714422607468,0.027745175271175447,0.023127908214857402
512,0.022413352983886595,0.018556147245277405,0.018556147245277405,0.019707714422607468,0.01692993664482969,0.031135005779650025,0.02199047010592999
513,0.022413352983886595,0.018556147245277405,0.018556147245277405,0.019707714422607468,0.022485492200385242,0.010796022728802566,0.021656821593977946
584,0.022413352983886595,0.018556147245277405,0.018556147245277405,0.019707714422607468,0.01692993664482969,0.024355344762700872,0.022142128520453646
588,0.022413352983886595,0.018556147245277405,0.018556147245277405,0.019707714422607468,0.01692993664482969,0.014185853237277142,0.022278621093524936
626,0.022413352983886595,0.018556147245277405,0.018556147245277405,0.011374381089274133,0.014152158867051911,0.020965514254226294,0.02243027950804859
657,0.022413352983886595,0.018556147245277405,0.018556147245277405,0.019707714422607468,0.01692993664482969,0.01757568374575172,0.022081465154644184
700,0.022413352983886595,0.018556147245277405,0.018556147245277405,0.011374381089274133,0.01692993664482969,0.020965514254226294,0.022475777032405685
713,0.022413352983886595,0.018556147245277405,0.018556147245277405,0.019707714422607468,0.022485492200385242,0.014185853237277142,0.02223312356916784
714,0.022413352983886595,0.018556147245277405,0.018556147245277405,0.011374381089274133,0.02526326997816302,0.020965514254226294,0.023127908214857402
717,0.022413352983886595,0.018556147245277405,0.018556147245277405,0.019707714422607468,0.0280410477559408,0.01757568374575172,0.02144449981364483
754,0.022413352983886595,0.018556147245277405,0.018556147245277405,0.019707714422607468,0.019707714422607468,0.027745175271175447,0.022248289410620202
773,0.022413352983886595,0.018556147245277405,0.018556147245277405,0.036374381089274134,0.030818825533718577,0.01757568374575172,0.021565826545263754
797,0.022413352983886595,0.018556147245277405,0.018556147245277405,0.019707714422607468,0.019707714422607468,0.020965514254226294,0.02158099238671612
821,0.022413352983886595,0.018556147245277405,0.018556147245277405,0.019707714422607468,0.019707714422607468,0.020965514254226294,0.022142128520453646
886,0.022413352983886595,0.018556147245277405,0.018556147245277405,0.011374381089274133,0.01692993664482969,0.01757568374575172,0.0231734057392145
952,0.022413352983886595,0.018556147245277405,0.018556147245277405,0.019707714422607468,0.019707714422607468,0.01757568374575172,0.02212696267900128
958,0.022413352983886595,0.018556147245277405,0.018556147245277405,0.011374381089274133,0.014152158867051911,0.014185853237277142,0.023749707714404388
987,0.022413352983886595,0.018556147245277405,0.018556147245277405,0.011374381089274133,0.019707714422607468,0.014185853237277142,0.022475777032405685
008,0.022362816028738144,0.01792443530592175,0.01792443530592175,0.0280410477559408,0.022485492200385242,0.020965514254226294,0.02148999733800193
029,0.022362816028738144,0.01792443530592175,0.01792443530592175,0.019707714422607468,0.019707714422607468,0.01757568374575172,0.021459665655097198
204,0.022362816028738144,0.01792443530592175,0.01792443530592175,0.019707714422607468,0.022485492200385242,0.01757568374575172,0.022035967630287086
227,0.022362816028738144,0.01792443530592175,0.01792443530592175,0.019707714422607468,0.019707714422607468,0.01757568374575172,0.021429333972192464
242,0.022362816028738144,0.01792443530592175,0.01792443530592175,0.019707714422607468,0.019707714422607468,0.014185853237277142,0.021778148325596873
269,0.022362816028738144,0.01792443530592175,0.01792443530592175,0.019707714422607468,0.01692993664482969,0.020965514254226294,0.0218539775328587
271,0.022362816028738144,0.01792443530592175,0.01792443530592175,0.011374381089274133,0.022485492200385242,0.014185853237277142,0.02232411861788203
323,0.022362816028738144,0.01792443530592175,0.01792443530592175,0.011374381089274133,0.019707714422607468,0.014185853237277142,0.022945918117429014
354,0.022362816028738144,0.01792443530592175,0.01792443530592175,0.019707714422607468,0.022485492200385242,0.024355344762700872,0.021793314167049237
373,0.022362816028738144,0.01792443530592175,0.01792443530592175,0.011374381089274133,0.022485492200385242,0.020965514254226294,0.022976249800333748
374,0.022362816028738144,0.01792443530592175,0.01792443530592175,0.011374381089274133,0.022485492200385242,0.01757568374575172,0.023006581483238482
406,0.022362816028738144,0.01792443530592175,0.01792443530592175,0.036374381089274134,0.022485492200385242,0.010796022728802566,0.021505163179454292
436,0.022362816028738144,0.01792443530592175,0.01792443530592175,0.011374381089274133,0.019707714422607468,0.010796022728802566,0.0222937869349773
443,0.022362816028738144,0.01792443530592175,0.01792443530592175,0.019707714422607468,0.01692993664482969,0.024355344762700872,0.021505163179454292
453,0.022362816028738144,0.01792443530592175,0.01792443530592175,0.019707714422607468,0.019707714422607468,0.01757568374575172,0.02223312356916784
459,0.022362816028738144,0.01792443530592175,0.01792443530592175,0.011374381089274133,0.011374381089274133,0.010796022728802566,0.02411368790926116
470,0.022362816028738144,0.01792443530592175,0.01792443530592175,0.019707714422607468,0.02526326997816302,0.014185853237277142,0.021914640898668163
624,0.022362816028738144,0.01792443530592175,0.01792443530592175,0.019707714422607468,0.01692993664482969,0.014185853237277142,0.021505163179454292
628,0.022362816028738144,0.01792443530592175,0.01792443530592175,0.019707714422607468,0.019707714422607468,0.020965514254226294,0.0214141681307401
629,0.022362816028738144,0.01792443530592175,0.01792443530592175,0.0280410477559408,0.01692993664482969,0.014185853237277142,0.02138383644783537
664,0.022362816028738144,0.01792443530592175,0.01792443530592175,0.019707714422607468,0.01692993664482969,0.01757568374575172,0.022142128520453646
667,0.022362816028738144,0.01792443530592175,0.01792443530592175,0.011374381089274133,0.011374381089274133,0.01757568374575172,0.02411368790926116
780,0.022362816028738144,0.01792443530592175,0.01792443530592175,0.011374381089274133,0.01692993664482969,0.010796022728802566,0.022597103764024608
784,0.022362816028738144,0.01792443530592175,0.01792443530592175,0.011374381089274133,0.02526326997816302,0.010796022728802566,0.022809425544357727
856,0.022362816028738144,0.01792443530592175,0.01792443530592175,0.011374381089274133,0.01692993664482969,0.014185853237277142,0.02235445030078676
967,0.022362816028738144,0.01792443530592175,0.01792443530592175,0.019707714422607468,0.022485492200385242,0.014185853237277142,0.021762982484144506
006,0.02231227907358969,0.017292723366566096,0.017292723366566096,0.019707714422607468,0.019707714422607468,0.014185853237277142,0.02188430921576343
040,0.02231227907358969,0.017292723366566096,0.017292723366566096,0.0280410477559408,0.01692993664482969,0.024355344762700872,0.0214141681307401
041,0.02231227907358969,0.017292723366566096,0.017292723366566096,0.011374381089274133,0.014152158867051911,0.020965514254226294,0.02364354682423783
085,0.02231227907358969,0.017292723366566096,0.017292723366566096,0.019707714422607468,0.01692993664482969,0.014185853237277142,0.021459665655097198
088,0.02231227907358969,0.017292723366566096,0.017292723366566096,0.019707714422607468,0.01692993664482969,0.01757568374575172,0.021914640898668163
275,0.02231227907358969,0.017292723366566096,0.017292723366566096,0.019707714422607468,0.022485492200385242,0.014185853237277142,0.022081465154644184
304,0.02231227907358969,0.017292723366566096,0.017292723366566096,0.011374381089274133,0.01692993664482969,0.027745175271175447,0.0231734057392145
343,0.02231227907358969,0.017292723366566096,0.017292723366566096,0.019707714422607468,0.01692993664482969,0.010796022728802566,0.02223312356916784
411,0.02231227907358969,0.017292723366566096,0.017292723366566096,0.011374381089274133,0.02526326997816302,0.014185853237277142,0.022339284459334394
474,0.02231227907358969,0.017292723366566096,0.017292723366566096,0.019707714422607468,0.014152158867051911,0.020965514254226294,0.022172460203358377
596,0.02231227907358969,0.017292723366566096,0.017292723366566096,0.0280410477559408,0.019707714422607468,0.01757568374575172,0.02155066070381139
684,0.02231227907358969,0.017292723366566096,0.017292723366566096,0.011374381089274133,0.019707714422607468,0.020965514254226294,0.02290042059307192
808,0.02231227907358969,0.017292723366566096,0.017292723366566096,0.019707714422607468,0.019707714422607468,0.014185853237277142,0.02144449981364483
870,0.02231227907358969,0.017292723366566096,0.017292723366566096,0.019707714422607468,0.019707714422607468,0.014185853237277142,0.021520329020906656
924,0.02231227907358969,0.017292723366566096,0.017292723366566096,0.0280410477559408,0.02526326997816302,0.020965514254226294,0.021762982484144506
019,0.02226174211844124,0.016661011427210444,0.016661011427210444,0.011374381089274133,0.01692993664482969,0.014185853237277142,0.022384781983691492
149,0.02226174211844124,0.016661011427210444,0.016661011427210444,0.011374381089274133,0.014152158867051911,0.014185853237277142,0.022627435446929342
253,0.02226174211844124,0.016661011427210444,0.016661011427210444,0.011374381089274133,0.01692993664482969,0.020965514254226294,0.022642601288381706
259,0.02226174211844124,0.016661011427210444,0.016661011427210444,0.011374381089274133,0.01692993664482969,0.01757568374575172,0.02306724484904794
451,0.02226174211844124,0.016661011427210444,0.016661011427210444,0.011374381089274133,0.014152158867051911,0.024355344762700872,0.024068190384904067
456,0.02226174211844124,0.016661011427210444,0.016661011427210444,0.019707714422607468,0.014152158867051911,0.01757568374575172,0.022051133471739454
555,0.02226174211844124,0.016661011427210444,0.016661011427210444,0.011374381089274133,0.014152158867051911,0.020965514254226294,0.022688098812738804
576,0.02226174211844124,0.016661011427210444,0.016661011427210444,0.011374381089274133,0.011374381089274133,0.014185853237277142,0.02411368790926116
730,0.02226174211844124,0.016661011427210444,0.016661011427210444,0.019707714422607468,0.022485492200385242,0.01757568374575172,0.021808480008501604
783,0.02226174211844124,0.016661011427210444,0.016661011427210444,0.011374381089274133,0.014152158867051911,0.020965514254226294,0.022612269605476975
795,0.02226174211844124,0.016661011427210444,0.016661011427210444,0.036374381089274134,0.022485492200385242,0.01757568374575172,0.02159615822816849
802,0.02226174211844124,0.016661011427210444,0.016661011427210444,0.011374381089274133,0.014152158867051911,0.027745175271175447,0.02253644039821515
807,0.02226174211844124,0.016661011427210444,0.016661011427210444,0.019707714422607468,0.01692993664482969,0.01757568374575172,0.021838811691406335
812,0.02226174211844124,0.016661011427210444,0.016661011427210444,0.036374381089274134,0.022485492200385242,0.014185853237277142,0.021459665655097198
828,0.02226174211844124,0.016661011427210444,0.016661011427210444,0.011374381089274133,0.022485492200385242,0.010796022728802566,0.02314307405630977
874,0.02226174211844124,0.016661011427210444,0.016661011427210444,0.0280410477559408,0.01692993664482969,0.01757568374575172,0.021641655752525583
893,0.02226174211844124,0.016661011427210444,0.016661011427210444,0.036374381089274134,0.019707714422607468,0.020965514254226294,0.021656821593977946
017,0.022211205163292787,0.016029299487854788,0.016029299487854788,0.036374381089274134,0.02526326997816302,0.014185853237277142,0.0214141681307401
042,0.022211205163292787,0.016029299487854788,0.016029299487854788,0.036374381089274134,0.02526326997816302,0.01757568374575172,0.021505163179454292
090,0.022211205163292787,0.016029299487854788,0.016029299487854788,0.019707714422607468,0.022485492200385242,0.01757568374575172,0.022172460203358377
178,0.022211205163292787,0.016029299487854788,0.016029299487854788,0.019707714422607468,0.01692993664482969,0.014185853237277142,0.021505163179454292
315,0.022211205163292787,0.016029299487854788,0.016029299487854788,0.011374381089274133,0.011374381089274133,0.020965514254226294,0.02411368790926116
400,0.022211205163292787,0.016029299487854788,0.016029299487854788,0.019707714422607468,0.01692993664482969,0.010796022728802566,0.021869143374311065
434,0.022211205163292787,0.016029299487854788,0.016029299487854788,0.036374381089274134,0.022485492200385242,0.024355344762700872,0.021899475057215796
658,0.022211205163292787,0.016029299487854788,0.016029299487854788,0.011374381089274133,0.01692993664482969,0.024355344762700872,0.023704210190047294
929,0.022211205163292787,0.016029299487854788,0.016029299487854788,0.019707714422607468,0.01692993664482969,0.024355344762700872,0.022142128520453646
968,0.022211205163292787,0.016029299487854788,0.016029299487854788,0.019707714422607468,0.019707714422607468,0.020965514254226294,0.02226345525207257
979,0.022211205163292787,0.016029299487854788,0.016029299487854788,0.011374381089274133,0.022485492200385242,0.020965514254226294,0.022475777032405685
135,0.022160668208144337,0.015397587548499136,0.015397587548499136,0.011374381089274133,0.014152158867051911,0.020965514254226294,0.022642601288381706
026,0.022110131252995883,0.014765875609143482,0.014765875609143482,0.011374381089274133,0.011374381089274133,0.024355344762700872,0.02411368790926116
747,0.022110131252995883,0.014765875609143482,0.014765875609143482,0.011374381089274133,0.014152158867051911,0.010796022728802566,0.023446390885357077
