number,probability,raw_model_probability,long_rate,short_rate,recent_long_rate,weekday_rate,gap_signal
662,0.023777850772894807,0.03561236960788006,0.03561236960788006,0.036374381089274134,0.0280410477559408,0.04144498879250598,0.02147483149654956
572,0.023575702952301,0.03308552185045744,0.03308552185045744,0.019707714422607468,0.0280410477559408,0.04144498879250598,0.021459665655097198
053,0.02352516599715255,0.03245380991110179,0.03245380991110179,0.0280410477559408,0.022485492200385242,0.034642267704070605,0.021429333972192464
697,0.02352516599715255,0.03245380991110179,0.03245380991110179,0.0280410477559408,0.030818825533718577,0.031240907159852914,0.02147483149654956
983,0.02352516599715255,0.03245380991110179,0.03245380991110179,0.036374381089274134,0.03359660331149635,0.031240907159852914,0.021702319118335044
369,0.023474629042004095,0.031822097971746136,0.031822097971746136,0.036374381089274134,0.02526326997816302,0.024438186071417543,0.021671987435430314
432,0.023474629042004095,0.031822097971746136,0.031822097971746136,0.044707714422607465,0.030818825533718577,0.034642267704070605,0.021656821593977946
526,0.023474629042004095,0.031822097971746136,0.031822097971746136,0.044707714422607465,0.03359660331149635,0.04144498879250598,0.021399002289287733
080,0.02342409208685564,0.03119038603239048,0.03119038603239048,0.0780410477559408,0.04748549220038524,0.031240907159852914,0.02147483149654956
592,0.02342409208685564,0.03119038603239048,0.03119038603239048,0.036374381089274134,0.0280410477559408,0.02783954661563523,0.021778148325596873
186,0.02337355513170719,0.030558674093034827,0.030558674093034827,0.011374381089274133,0.0280410477559408,0.031240907159852914,0.02232411861788203
370,0.02337355513170719,0.030558674093034827,0.030558674093034827,0.019707714422607468,0.0280410477559408,0.034642267704070605,0.02155066070381139
645,0.02337355513170719,0.030558674093034827,0.030558674093034827,0.036374381089274134,0.030818825533718577,0.021036825527199855,0.02155066070381139
653,0.02337355513170719,0.030558674093034827,0.030558674093034827,0.019707714422607468,0.0280410477559408,0.017635464982982168,0.022187626044810744
867,0.02337355513170719,0.030558674093034827,0.030558674093034827,0.044707714422607465,0.02526326997816302,0.017635464982982168,0.0214141681307401
878,0.02337355513170719,0.030558674093034827,0.030558674093034827,0.019707714422607468,0.022485492200385242,0.03804362824828829,0.02148999733800193
114,0.023323018176558737,0.02992696215367917,0.02992696215367917,0.019707714422607468,0.036374381089274134,0.017635464982982168,0.02212696267900128
179,0.023323018176558737,0.02992696215367917,0.02992696215367917,0.019707714422607468,0.030818825533718577,0.02783954661563523,0.021399002289287733
213,0.023323018176558737,0.02992696215367917,0.02992696215367917,0.019707714422607468,0.02526326997816302,0.04144498879250598,0.021626489911073216
294,0.023323018176558737,0.02992696215367917,0.02992696215367917,0.019707714422607468,0.0280410477559408,0.03804362824828829,0.021929806740120527
484,0.023323018176558737,0.02992696215367917,0.02992696215367917,0.019707714422607468,0.019707714422607468,0.024438186071417543,0.021975304264477625
676,0.023323018176558737,0.02992696215367917,0.02992696215367917,0.036374381089274134,0.03359660331149635,0.031240907159852914,0.021520329020906656
964,0.023323018176558737,0.02992696215367917,0.02992696215367917,0.036374381089274134,0.03915215886705191,0.01423410443876448,0.02144449981364483
052,0.023272481221410287,0.02929525021432352,0.02929525021432352,0.0280410477559408,0.030818825533718577,0.034642267704070605,0.02147483149654956
079,0.023272481221410287,0.02929525021432352,0.02929525021432352,0.019707714422607468,0.01692993664482969,0.034642267704070605,0.02196013842302526
119,0.023272481221410287,0.02929525021432352,0.02929525021432352,0.036374381089274134,0.022485492200385242,0.021036825527199855,0.021838811691406335
243,0.023272481221410287,0.02929525021432352,0.02929525021432352,0.019707714422607468,0.0280410477559408,0.02783954661563523,0.021429333972192464
599,0.023272481221410287,0.02929525021432352,0.02929525021432352,0.0280410477559408,0.02526326997816302,0.031240907159852914,0.021429333972192464
612,0.023272481221410287,0.02929525021432352,0.02929525021432352,0.036374381089274134,0.0280410477559408,0.031240907159852914,0.021702319118335044
811,0.023272481221410287,0.02929525021432352,0.02929525021432352,0.0530410477559408,0.03359660331149635,0.024438186071417543,0.021505163179454292
057,0.023221944266261833,0.028663538274967867,0.028663538274967867,0.036374381089274134,0.03359660331149635,0.034642267704070605,0.02138383644783537
073,0.023221944266261833,0.028663538274967867,0.028663538274967867,0.0280410477559408,0.030818825533718577,0.034642267704070605,0.02159615822816849
267,0.023221944266261833,0.028663538274967867,0.028663538274967867,0.011374381089274133,0.0280410477559408,0.04144498879250598,0.022703264654191167
356,0.023221944266261833,0.028663538274967867,0.028663538274967867,0.019707714422607468,0.02526326997816302,0.024438186071417543,0.021535494862359023
473,0.023221944266261833,0.028663538274967867,0.028663538274967867,0.019707714422607468,0.030818825533718577,0.017635464982982168,0.02182364584995397
532,0.023221944266261833,0.028663538274967867,0.028663538274967867,0.019707714422607468,0.030818825533718577,0.024438186071417543,0.021656821593977946
661,0.023221944266261833,0.028663538274967867,0.028663538274967867,0.044707714422607465,0.02526326997816302,0.031240907159852914,0.021520329020906656
724,0.023221944266261833,0.028663538274967867,0.028663538274967867,0.044707714422607465,0.030818825533718577,0.03804362824828829,0.021732650801239775
848,0.023221944266261833,0.028663538274967867,0.028663538274967867,0.0280410477559408,0.0280410477559408,0.034642267704070605,0.02138383644783537
854,0.023221944266261833,0.028663538274967867,0.028663538274967867,0.019707714422607468,0.02526326997816302,0.031240907159852914,0.02196013842302526
871,0.023221944266261833,0.028663538274967867,0.028663538274967867,0.0280410477559408,0.019707714422607468,0.031240907159852914,0.02138383644783537
875,0.023221944266261833,0.028663538274967867,0.028663538274967867,0.019707714422607468,0.0280410477559408,0.021036825527199855,0.021641655752525583
000,0.02317140731111338,0.02803182633561221,0.02803182633561221,0.0280410477559408,0.03359660331149635,0.024438186071417543,0.02188430921576343
081,0.02317140731111338,0.02803182633561221,0.02803182633561221,0.0280410477559408,0.030818825533718577,0.02783954661563523,0.02158099238671612
092,0.02317140731111338,0.02803182633561221,0.02803182633561221,0.011374381089274133,0.0280410477559408,0.01423410443876448,0.022551606239667513
112,0.02317140731111338,0.02803182633561221,0.02803182633561221,0.019707714422607468,0.019707714422607468,0.021036825527199855,0.02147483149654956
151,0.02317140731111338,0.02803182633561221,0.02803182633561221,0.011374381089274133,0.02526326997816302,0.021036825527199855,0.022794259702905363
194,0.02317140731111338,0.02803182633561221,0.02803182633561221,0.0280410477559408,0.0280410477559408,0.021036825527199855,0.021778148325596873
221,0.02317140731111338,0.02803182633561221,0.02803182633561221,0.0280410477559408,0.02526326997816302,0.02783954661563523,0.02182364584995397
326,0.02317140731111338,0.02803182633561221,0.02803182633561221,0.036374381089274134,0.02526326997816302,0.034642267704070605,0.02144449981364483
422,0.02317140731111338,0.02803182633561221,0.02803182633561221,0.019707714422607468,0.019707714422607468,0.031240907159852914,0.021459665655097198
522,0.02317140731111338,0.02803182633561221,0.02803182633561221,0.0280410477559408,0.030818825533718577,0.024438186071417543,0.021459665655097198
547,0.02317140731111338,0.02803182633561221,0.02803182633561221,0.0530410477559408,0.030818825533718577,0.021036825527199855,0.021399002289287733
556,0.02317140731111338,0.02803182633561221,0.02803182633561221,0.044707714422607465,0.03915215886705191,0.017635464982982168,0.021838811691406335
573,0.02317140731111338,0.02803182633561221,0.02803182633561221,0.019707714422607468,0.019707714422607468,0.021036825527199855,0.021399002289287733
619,0.02317140731111338,0.02803182633561221,0.02803182633561221,0.019707714422607468,0.030818825533718577,0.021036825527199855,0.022035967630287086
691,0.02317140731111338,0.02803182633561221,0.02803182633561221,0.019707714422607468,0.03359660331149635,0.02783954661563523,0.02199047010592999
729,0.02317140731111338,0.02803182633561221,0.02803182633561221,0.036374381089274134,0.030818825533718577,0.017635464982982168,0.02148999733800193
749,0.02317140731111338,0.02803182633561221,0.02803182633561221,0.036374381089274134,0.02526326997816302,0.02783954661563523,0.021535494862359023
774,0.02317140731111338,0.02803182633561221,0.02803182633561221,0.019707714422607468,0.03359660331149635,0.02783954661563523,0.02226345525207257
836,0.02317140731111338,0.02803182633561221,0.02803182633561221,0.0280410477559408,0.03359660331149635,0.02783954661563523,0.021793314167049237
898,0.02317140731111338,0.02803182633561221,0.02803182633561221,0.011374381089274133,0.019707714422607468,0.02783954661563523,0.023127908214857402
906,0.02317140731111338,0.02803182633561221,0.02803182633561221,0.019707714422607468,0.0280410477559408,0.021036825527199855,0.022248289410620202
916,0.02317140731111338,0.02803182633561221,0.02803182633561221,0.0280410477559408,0.022485492200385242,0.03804362824828829,0.022035967630287086
932,0.02317140731111338,0.02803182633561221,0.02803182633561221,0.0280410477559408,0.02526326997816302,0.04144498879250598,0.021565826545263754
975,0.02317140731111338,0.02803182633561221,0.02803182633561221,0.019707714422607468,0.02526326997816302,0.02783954661563523,0.02144449981364483
978,0.02317140731111338,0.02803182633561221,0.02803182633561221,0.019707714422607468,0.022485492200385242,0.031240907159852914,0.022051133471739454
981,0.02317140731111338,0.02803182633561221,0.02803182633561221,0.036374381089274134,0.030818825533718577,0.031240907159852914,0.021520329020906656
013,0.02312087035596493,0.02740011439625656,0.02740011439625656,0.019707714422607468,0.0280410477559408,0.01423410443876448,0.022096630996096548
059,0.02312087035596493,0.02740011439625656,0.02740011439625656,0.036374381089274134,0.0280410477559408,0.024438186071417543,0.021535494862359023
124,0.02312087035596493,0.02740011439625656,0.02740011439625656,0.011374381089274133,0.022485492200385242,0.031240907159852914,0.022612269605476975
132,0.02312087035596493,0.02740011439625656,0.02740011439625656,0.044707714422607465,0.0280410477559408,0.034642267704070605,0.02158099238671612
138,0.02312087035596493,0.02740011439625656,0.02740011439625656,0.019707714422607468,0.0280410477559408,0.024438186071417543,0.021535494862359023
292,0.02312087035596493,0.02740011439625656,0.02740011439625656,0.019707714422607468,0.02526326997816302,0.021036825527199855,0.022202791886263108
358,0.02312087035596493,0.02740011439625656,0.02740011439625656,0.019707714422607468,0.02526326997816302,0.024438186071417543,0.021611324069620852
362,0.02312087035596493,0.02740011439625656,0.02740011439625656,0.019707714422607468,0.019707714422607468,0.02783954661563523,0.022278621093524936
363,0.02312087035596493,0.02740011439625656,0.02740011439625656,0.019707714422607468,0.02526326997816302,0.024438186071417543,0.021732650801239775
409,0.02312087035596493,0.02740011439625656,0.02740011439625656,0.0280410477559408,0.03359660331149635,0.034642267704070605,0.021611324069620852
419,0.02312087035596493,0.02740011439625656,0.02740011439625656,0.011374381089274133,0.014152158867051911,0.034642267704070605,0.02239994782514386
475,0.02312087035596493,0.02740011439625656,0.02740011439625656,0.019707714422607468,0.019707714422607468,0.021036825527199855,0.02226345525207257
491,0.02312087035596493,0.02740011439625656,0.02740011439625656,0.011374381089274133,0.030818825533718577,0.02783954661563523,0.022490942873858052
523,0.02312087035596493,0.02740011439625656,0.02740011439625656,0.019707714422607468,0.02526326997816302,0.024438186071417543,0.021656821593977946
525,0.02312087035596493,0.02740011439625656,0.02740011439625656,0.036374381089274134,0.0280410477559408,0.04144498879250598,0.021762982484144506
549,0.02312087035596493,0.02740011439625656,0.02740011439625656,0.019707714422607468,0.019707714422607468,0.031240907159852914,0.02221795772771547
620,0.02312087035596493,0.02740011439625656,0.02740011439625656,0.0280410477559408,0.02526326997816302,0.034642267704070605,0.021459665655097198
669,0.02312087035596493,0.02740011439625656,0.02740011439625656,0.0280410477559408,0.030818825533718577,0.021036825527199855,0.02148999733800193
715,0.02312087035596493,0.02740011439625656,0.02740011439625656,0.036374381089274134,0.0280410477559408,0.017635464982982168,0.02171748495978741
720,0.02312087035596493,0.02740011439625656,0.02740011439625656,0.044707714422607465,0.036374381089274134,0.024438186071417543,0.021747816642692142
813,0.02312087035596493,0.02740011439625656,0.02740011439625656,0.019707714422607468,0.019707714422607468,0.017635464982982168,0.021671987435430314
902,0.02312087035596493,0.02740011439625656,0.02740011439625656,0.0280410477559408,0.022485492200385242,0.031240907159852914,0.02188430921576343
957,0.02312087035596493,0.02740011439625656,0.02740011439625656,0.0280410477559408,0.03359660331149635,0.010832743894546793,0.02148999733800193
035,0.023070333400816476,0.026768402456900903,0.026768402456900903,0.036374381089274134,0.02526326997816302,0.017635464982982168,0.021747816642692142
102,0.023070333400816476,0.026768402456900903,0.026768402456900903,0.0280410477559408,0.022485492200385242,0.02783954661563523,0.022005635947382356
115,0.023070333400816476,0.026768402456900903,0.026768402456900903,0.019707714422607468,0.02526326997816302,0.021036825527199855,0.021899475057215796
127,0.023070333400816476,0.026768402456900903,0.026768402456900903,0.0280410477559408,0.02526326997816302,0.021036825527199855,0.021732650801239775
169,0.023070333400816476,0.026768402456900903,0.026768402456900903,0.036374381089274134,0.030818825533718577,0.01423410443876448,0.021793314167049237
174,0.023070333400816476,0.026768402456900903,0.026768402456900903,0.019707714422607468,0.030818825533718577,0.021036825527199855,0.02212696267900128
189,0.023070333400816476,0.026768402456900903,0.026768402456900903,0.036374381089274134,0.0280410477559408,0.01423410443876448,0.021671987435430314
206,0.023070333400816476,0.026768402456900903,0.026768402456900903,0.019707714422607468,0.022485492200385242,0.02783954661563523,0.02211179683754891
224,0.023070333400816476,0.026768402456900903,0.026768402456900903,0.0280410477559408,0.02526326997816302,0.01423410443876448,0.02155066070381139
239,0.023070333400816476,0.026768402456900903,0.026768402456900903,0.019707714422607468,0.02526326997816302,0.031240907159852914,0.02147483149654956
244,0.023070333400816476,0.026768402456900903,0.026768402456900903,0.011374381089274133,0.022485492200385242,0.02783954661563523,0.022445445349500954
254,0.023070333400816476,0.026768402456900903,0.026768402456900903,0.0280410477559408,0.02526326997816302,0.021036825527199855,0.021944972581572894
274,0.023070333400816476,0.026768402456900903,0.026768402456900903,0.019707714422607468,0.014152158867051911,0.017635464982982168,0.02211179683754891
296,0.023070333400816476,0.026768402456900903,0.026768402456900903,0.019707714422607468,0.0280410477559408,0.017635464982982168,0.022051133471739454
299,0.023070333400816476,0.026768402456900903,0.026768402456900903,0.061374381089274135,0.030818825533718577,0.024438186071417543,0.021399002289287733
336,0.023070333400816476,0.026768402456900903,0.026768402456900903,0.0280410477559408,0.022485492200385242,0.021036825527199855,0.021429333972192464
341,0.023070333400816476,0.026768402456900903,0.026768402456900903,0.011374381089274133,0.02526326997816302,0.02783954661563523,0.022308952776429667
394,0.023070333400816476,0.026768402456900903,0.026768402456900903,0.044707714422607465,0.03359660331149635,0.024438186071417543,0.0214141681307401
492,0.023070333400816476,0.026768402456900903,0.026768402456900903,0.011374381089274133,0.02526326997816302,0.044846349336723663,0.022627435446929342
605,0.023070333400816476,0.026768402456900903,0.026768402456900903,0.044707714422607465,0.03359660331149635,0.021036825527199855,0.02144449981364483
606,0.023070333400816476,0.026768402456900903,0.026768402456900903,0.044707714422607465,0.036374381089274134,0.021036825527199855,0.021656821593977946
633,0.023070333400816476,0.026768402456900903,0.026768402456900903,0.0280410477559408,0.02526326997816302,0.017635464982982168,0.02158099238671612
634,0.023070333400816476,0.026768402456900903,0.026768402456900903,0.044707714422607465,0.02526326997816302,0.024438186071417543,0.02144449981364483
647,0.023070333400816476,0.026768402456900903,0.026768402456900903,0.0280410477559408,0.022485492200385242,0.02783954661563523,0.021732650801239775
665,0.023070333400816476,0.026768402456900903,0.026768402456900903,0.036374381089274134,0.02526326997816302,0.034642267704070605,0.021565826545263754
710,0.023070333400816476,0.026768402456900903,0.026768402456900903,0.0280410477559408,0.022485492200385242,0.02783954661563523,0.021914640898668163
727,0.023070333400816476,0.026768402456900903,0.026768402456900903,0.0280410477559408,0.030818825533718577,0.01423410443876448,0.021975304264477625
761,0.023070333400816476,0.026768402456900903,0.026768402456900903,0.036374381089274134,0.022485492200385242,0.021036825527199855,0.021641655752525583
766,0.023070333400816476,0.026768402456900903,0.026768402456900903,0.011374381089274133,0.014152158867051911,0.03804362824828829,0.023431225043904713
791,0.023070333400816476,0.026768402456900903,0.026768402456900903,0.0280410477559408,0.0280410477559408,0.024438186071417543,0.0214141681307401
814,0.023070333400816476,0.026768402456900903,0.026768402456900903,0.011374381089274133,0.019707714422607468,0.01423410443876448,0.02324923494647633
937,0.023070333400816476,0.026768402456900903,0.026768402456900903,0.019707714422607468,0.019707714422607468,0.031240907159852914,0.021399002289287733
003,0.023019796445668025,0.02613669051754525,0.02613669051754525,0.044707714422607465,0.0280410477559408,0.02783954661563523,0.02144449981364483
021,0.023019796445668025,0.02613669051754525,0.02613669051754525,0.036374381089274134,0.030818825533718577,0.024438186071417543,0.0214141681307401
032,0.023019796445668025,0.02613669051754525,0.02613669051754525,0.019707714422607468,0.022485492200385242,0.024438186071417543,0.021869143374311065
063,0.023019796445668025,0.02613669051754525,0.02613669051754525,0.0280410477559408,0.0280410477559408,0.017635464982982168,0.02138383644783537
111,0.023019796445668025,0.02613669051754525,0.02613669051754525,0.0280410477559408,0.02526326997816302,0.03804362824828829,0.021762982484144506
131,0.023019796445668025,0.02613669051754525,0.02613669051754525,0.044707714422607465,0.0280410477559408,0.017635464982982168,0.02138383644783537
139,0.023019796445668025,0.02613669051754525,0.02613669051754525,0.011374381089274133,0.014152158867051911,0.031240907159852914,0.02239994782514386
158,0.023019796445668025,0.02613669051754525,0.02613669051754525,0.019707714422607468,0.01692993664482969,0.024438186071417543,0.022035967630287086
166,0.023019796445668025,0.02613669051754525,0.02613669051754525,0.0280410477559408,0.022485492200385242,0.021036825527199855,0.02188430921576343
191,0.023019796445668025,0.02613669051754525,0.02613669051754525,0.019707714422607468,0.03359660331149635,0.021036825527199855,0.021793314167049237
208,0.023019796445668025,0.02613669051754525,0.02613669051754525,0.019707714422607468,0.0280410477559408,0.017635464982982168,0.021520329020906656
217,0.023019796445668025,0.02613669051754525,0.02613669051754525,0.044707714422607465,0.0280410477559408,0.021036825527199855,0.021671987435430314
250,0.023019796445668025,0.02613669051754525,0.02613669051754525,0.06970771442260747,0.03915215886705191,0.021036825527199855,0.021535494862359023
289,0.023019796445668025,0.02613669051754525,0.02613669051754525,0.011374381089274133,0.014152158867051911,0.031240907159852914,0.023188571580666867
314,0.023019796445668025,0.02613669051754525,0.02613669051754525,0.0280410477559408,0.0280410477559408,0.031240907159852914,0.021808480008501604
349,0.023019796445668025,0.02613669051754525,0.02613669051754525,0.0280410477559408,0.022485492200385242,0.021036825527199855,0.021626489911073216
391,0.023019796445668025,0.02613669051754525,0.02613669051754525,0.019707714422607468,0.0280410477559408,0.031240907159852914,0.021656821593977946
395,0.023019796445668025,0.02613669051754525,0.02613669051754525,0.011374381089274133,0.02526326997816302,0.021036825527199855,0.022339284459334394
396,0.023019796445668025,0.02613669051754525,0.02613669051754525,0.011374381089274133,0.022485492200385242,0.021036825527199855,0.02239994782514386
417,0.023019796445668025,0.02613669051754525,0.02613669051754525,0.036374381089274134,0.030818825533718577,0.017635464982982168,0.02155066070381139
435,0.023019796445668025,0.02613669051754525,0.02613669051754525,0.0280410477559408,0.02526326997816302,0.024438186071417543,0.021399002289287733
447,0.023019796445668025,0.02613669051754525,0.02613669051754525,0.0280410477559408,0.02526326997816302,0.024438186071417543,0.021975304264477625
450,0.023019796445668025,0.02613669051754525,0.02613669051754525,0.019707714422607468,0.019707714422607468,0.017635464982982168,0.02148999733800193
481,0.023019796445668025,0.02613669051754525,0.02613669051754525,0.036374381089274134,0.0280410477559408,0.017635464982982168,0.02155066070381139
543,0.023019796445668025,0.02613669051754525,0.02613669051754525,0.011374381089274133,0.01692993664482969,0.017635464982982168,0.02246061119095332
561,0.023019796445668025,0.02613669051754525,0.02613669051754525,0.0280410477559408,0.0280410477559408,0.024438186071417543,0.021565826545263754
568,0.023019796445668025,0.02613669051754525,0.02613669051754525,0.0280410477559408,0.030818825533718577,0.024438186071417543,0.021626489911073216
603,0.023019796445668025,0.02613669051754525,0.02613669051754525,0.036374381089274134,0.022485492200385242,0.01423410443876448,0.02138383644783537
625,0.023019796445668025,0.02613669051754525,0.02613669051754525,0.011374381089274133,0.0280410477559408,0.02783954661563523,0.02243027950804859
742,0.023019796445668025,0.02613669051754525,0.02613669051754525,0.0280410477559408,0.0280410477559408,0.031240907159852914,0.02182364584995397
794,0.023019796445668025,0.02613669051754525,0.02613669051754525,0.0280410477559408,0.02526326997816302,0.024438186071417543,0.021656821593977946
829,0.023019796445668025,0.02613669051754525,0.02613669051754525,0.011374381089274133,0.019707714422607468,0.02783954661563523,0.022885254751619555
844,0.023019796445668025,0.02613669051754525,0.02613669051754525,0.019707714422607468,0.02526326997816302,0.02783954661563523,0.022202791886263108
847,0.023019796445668025,0.02613669051754525,0.02613669051754525,0.019707714422607468,0.022485492200385242,0.02783954661563523,0.021535494862359023
879,0.023019796445668025,0.02613669051754525,0.02613669051754525,0.036374381089274134,0.02526326997816302,0.024438186071417543,0.021565826545263754
910,0.023019796445668025,0.02613669051754525,0.02613669051754525,0.011374381089274133,0.01692993664482969,0.024438186071417543,0.022915586434524286
960,0.023019796445668025,0.02613669051754525,0.02613669051754525,0.019707714422607468,0.019707714422607468,0.01423410443876448,0.021641655752525583
990,0.023019796445668025,0.02613669051754525,0.02613669051754525,0.019707714422607468,0.01692993664482969,0.04144498879250598,0.02138383644783537
014,0.02296925949051957,0.025504978578189598,0.025504978578189598,0.019707714422607468,0.02526326997816302,0.024438186071417543,0.021702319118335044
023,0.02296925949051957,0.025504978578189598,0.025504978578189598,0.0280410477559408,0.022485492200385242,0.017635464982982168,0.02159615822816849
031,0.02296925949051957,0.025504978578189598,0.025504978578189598,0.0280410477559408,0.02526326997816302,0.024438186071417543,0.021611324069620852
046,0.02296925949051957,0.025504978578189598,0.025504978578189598,0.0280410477559408,0.0280410477559408,0.017635464982982168,0.022035967630287086
049,0.02296925949051957,0.025504978578189598,0.025504978578189598,0.011374381089274133,0.01692993664482969,0.021036825527199855,0.02324923494647633
087,0.02296925949051957,0.025504978578189598,0.025504978578189598,0.011374381089274133,0.022485492200385242,0.017635464982982168,0.022703264654191167
097,0.02296925949051957,0.025504978578189598,0.025504978578189598,0.0280410477559408,0.030818825533718577,0.04144498879250598,0.021975304264477625
133,0.02296925949051957,0.025504978578189598,0.025504978578189598,0.0280410477559408,0.022485492200385242,0.02783954661563523,0.02171748495978741
147,0.02296925949051957,0.025504978578189598,0.025504978578189598,0.019707714422607468,0.022485492200385242,0.02783954661563523,0.02221795772771547
168,0.02296925949051957,0.025504978578189598,0.025504978578189598,0.019707714422607468,0.0280410477559408,0.034642267704070605,0.021535494862359023
313,0.02296925949051957,0.025504978578189598,0.025504978578189598,0.036374381089274134,0.030818825533718577,0.017635464982982168,0.0214141681307401
318,0.02296925949051957,0.025504978578189598,0.025504978578189598,0.0280410477559408,0.02526326997816302,0.01423410443876448,0.021671987435430314
344,0.02296925949051957,0.025504978578189598,0.025504978578189598,0.019707714422607468,0.022485492200385242,0.021036825527199855,0.021762982484144506
380,0.02296925949051957,0.025504978578189598,0.025504978578189598,0.011374381089274133,0.01692993664482969,0.031240907159852914,0.023294732470833423
398,0.02296925949051957,0.025504978578189598,0.025504978578189598,0.019707714422607468,0.03359660331149635,0.034642267704070605,0.02188430921576343
442,0.02296925949051957,0.025504978578189598,0.025504978578189598,0.0280410477559408,0.03359660331149635,0.034642267704070605,0.02182364584995397
482,0.02296925949051957,0.025504978578189598,0.025504978578189598,0.019707714422607468,0.014152158867051911,0.024438186071417543,0.022278621093524936
508,0.02296925949051957,0.025504978578189598,0.025504978578189598,0.036374381089274134,0.019707714422607468,0.021036825527199855,0.021762982484144506
509,0.02296925949051957,0.025504978578189598,0.025504978578189598,0.036374381089274134,0.036374381089274134,0.031240907159852914,0.021535494862359023
559,0.02296925949051957,0.025504978578189598,0.025504978578189598,0.019707714422607468,0.019707714422607468,0.034642267704070605,0.022172460203358377
586,0.02296925949051957,0.025504978578189598,0.025504978578189598,0.0280410477559408,0.02526326997816302,0.024438186071417543,0.0218539775328587
594,0.02296925949051957,0.025504978578189598,0.025504978578189598,0.0280410477559408,0.022485492200385242,0.017635464982982168,0.021505163179454292
595,0.02296925949051957,0.025504978578189598,0.025504978578189598,0.044707714422607465,0.0280410477559408,0.021036825527199855,0.021535494862359023
609,0.02296925949051957,0.025504978578189598,0.025504978578189598,0.011374381089274133,0.019707714422607468,0.034642267704070605,0.02338572751954762
618,0.02296925949051957,0.025504978578189598,0.025504978578189598,0.036374381089274134,0.030818825533718577,0.021036825527199855,0.021838811691406335
627,0.02296925949051957,0.025504978578189598,0.025504978578189598,0.019707714422607468,0.0280410477559408,0.017635464982982168,0.02199047010592999
636,0.02296925949051957,0.025504978578189598,0.025504978578189598,0.0280410477559408,0.0280410477559408,0.02783954661563523,0.021429333972192464
666,0.02296925949051957,0.025504978578189598,0.025504978578189598,0.0280410477559408,0.03359660331149635,0.031240907159852914,0.02202080178883472
672,0.02296925949051957,0.025504978578189598,0.025504978578189598,0.011374381089274133,0.019707714422607468,0.021036825527199855,0.022945918117429014
686,0.02296925949051957,0.025504978578189598,0.025504978578189598,0.0280410477559408,0.02526326997816302,0.034642267704070605,0.02168715327688268
688,0.02296925949051957,0.025504978578189598,0.025504978578189598,0.036374381089274134,0.030818825533718577,0.024438186071417543,0.021671987435430314
704,0.02296925949051957,0.025504978578189598,0.025504978578189598,0.036374381089274134,0.0280410477559408,0.02783954661563523,0.021611324069620852
705,0.02296925949051957,0.025504978578189598,0.025504978578189598,0.036374381089274134,0.02526326997816302,0.04144498879250598,0.02147483149654956
752,0.02296925949051957,0.025504978578189598,0.025504978578189598,0.0280410477559408,0.03359660331149635,0.024438186071417543,0.02138383644783537
764,0.02296925949051957,0.025504978578189598,0.025504978578189598,0.044707714422607465,0.03359660331149635,0.024438186071417543,0.02147483149654956
775,0.02296925949051957,0.025504978578189598,0.025504978578189598,0.0280410477559408,0.01692993664482969,0.034642267704070605,0.021914640898668163
841,0.02296925949051957,0.025504978578189598,0.025504978578189598,0.019707714422607468,0.019707714422607468,0.024438186071417543,0.02182364584995397
851,0.02296925949051957,0.025504978578189598,0.025504978578189598,0.036374381089274134,0.03359660331149635,0.024438186071417543,0.021535494862359023
853,0.02296925949051957,0.025504978578189598,0.025504978578189598,0.036374381089274134,0.02526326997816302,0.017635464982982168,0.021459665655097198
869,0.02296925949051957,0.025504978578189598,0.025504978578189598,0.019707714422607468,0.0280410477559408,0.017635464982982168,0.02188430921576343
877,0.02296925949051957,0.025504978578189598,0.025504978578189598,0.019707714422607468,0.02526326997816302,0.024438186071417543,0.021899475057215796
883,0.02296925949051957,0.025504978578189598,0.025504978578189598,0.019707714422607468,0.022485492200385242,0.021036825527199855,0.022202791886263108
889,0.02296925949051957,0.025504978578189598,0.025504978578189598,0.0280410477559408,0.022485492200385242,0.02783954661563523,0.02211179683754891
903,0.02296925949051957,0.025504978578189598,0.025504978578189598,0.036374381089274134,0.022485492200385242,0.034642267704070605,0.0214141681307401
917,0.02296925949051957,0.025504978578189598,0.025504978578189598,0.036374381089274134,0.036374381089274134,0.017635464982982168,0.02159615822816849
936,0.02296925949051957,0.025504978578189598,0.025504978578189598,0.0280410477559408,0.022485492200385242,0.02783954661563523,0.021793314167049237
966,0.02296925949051957,0.025504978578189598,0.025504978578189598,0.011374381089274133,0.011374381089274133,0.034642267704070605,0.02411368790926116
022,0.022918722535371118,0.024873266638833942,0.024873266638833942,0.011374381089274133,0.022485492200385242,0.024438186071417543,0.02239994782514386
028,0.022918722535371118,0.024873266638833942,0.024873266638833942,0.036374381089274134,0.02526326997816302,0.024438186071417543,0.02138383644783537
034,0.022918722535371118,0.024873266638833942,0.024873266638833942,0.036374381089274134,0.022485492200385242,0.017635464982982168,0.021747816642692142
074,0.022918722535371118,0.024873266638833942,0.024873266638833942,0.044707714422607465,0.030818825533718577,0.02783954661563523,0.021656821593977946
098,0.022918722535371118,0.024873266638833942,0.024873266638833942,0.0280410477559408,0.02526326997816302,0.02783954661563523,0.022051133471739454
106,0.022918722535371118,0.024873266638833942,0.024873266638833942,0.019707714422607468,0.030818825533718577,0.02783954661563523,0.021747816642692142
121,0.022918722535371118,0.024873266638833942,0.024873266638833942,0.019707714422607468,0.019707714422607468,0.02783954661563523,0.021838811691406335
125,0.022918722535371118,0.024873266638833942,0.024873266638833942,0.019707714422607468,0.0280410477559408,0.024438186071417543,0.021899475057215796
200,0.022918722535371118,0.024873266638833942,0.024873266638833942,0.0280410477559408,0.022485492200385242,0.034642267704070605,0.021702319118335044
202,0.022918722535371118,0.024873266638833942,0.024873266638833942,0.0280410477559408,0.030818825533718577,0.017635464982982168,0.021838811691406335
205,0.022918722535371118,0.024873266638833942,0.024873266638833942,0.019707714422607468,0.0280410477559408,0.021036825527199855,0.02199047010592999
215,0.022918722535371118,0.024873266638833942,0.024873266638833942,0.011374381089274133,0.019707714422607468,0.04144498879250598,0.022384781983691492
225,0.022918722535371118,0.024873266638833942,0.024873266638833942,0.011374381089274133,0.01692993664482969,0.02783954661563523,0.02256677208111988
228,0.022918722535371118,0.024873266638833942,0.024873266638833942,0.019707714422607468,0.019707714422607468,0.021036825527199855,0.022051133471739454
236,0.022918722535371118,0.024873266638833942,0.024873266638833942,0.036374381089274134,0.02526326997816302,0.024438186071417543,0.02158099238671612
246,0.022918722535371118,0.024873266638833942,0.024873266638833942,0.019707714422607468,0.030818825533718577,0.017635464982982168,0.022187626044810744
252,0.022918722535371118,0.024873266638833942,0.024873266638833942,0.036374381089274134,0.03359660331149635,0.024438186071417543,0.021626489911073216
277,0.022918722535371118,0.024873266638833942,0.024873266638833942,0.019707714422607468,0.030818825533718577,0.031240907159852914,0.0218539775328587
278,0.022918722535371118,0.024873266638833942,0.024873266638833942,0.036374381089274134,0.030818825533718577,0.031240907159852914,0.021732650801239775
291,0.022918722535371118,0.024873266638833942,0.024873266638833942,0.011374381089274133,0.022485492200385242,0.031240907159852914,0.0222937869349773
302,0.022918722535371118,0.024873266638833942,0.024873266638833942,0.019707714422607468,0.019707714422607468,0.031240907159852914,0.02147483149654956
310,0.022918722535371118,0.024873266638833942,0.024873266638833942,0.0280410477559408,0.022485492200385242,0.031240907159852914,0.02182364584995397
312,0.022918722535371118,0.024873266638833942,0.024873266638833942,0.011374381089274133,0.019707714422607468,0.031240907159852914,0.02267293297128644
316,0.022918722535371118,0.024873266638833942,0.024873266638833942,0.019707714422607468,0.022485492200385242,0.021036825527199855,0.02182364584995397
330,0.022918722535371118,0.024873266638833942,0.024873266638833942,0.011374381089274133,0.030818825533718577,0.021036825527199855,0.022733596337095898
339,0.022918722535371118,0.024873266638833942,0.024873266638833942,0.036374381089274134,0.02526326997816302,0.024438186071417543,0.0214141681307401
365,0.022918722535371118,0.024873266638833942,0.024873266638833942,0.0280410477559408,0.022485492200385242,0.02783954661563523,0.021626489911073216
389,0.022918722535371118,0.024873266638833942,0.024873266638833942,0.019707714422607468,0.019707714422607468,0.031240907159852914,0.02226345525207257
390,0.022918722535371118,0.024873266638833942,0.024873266638833942,0.019707714422607468,0.01692993664482969,0.021036825527199855,0.022081465154644184
427,0.022918722535371118,0.024873266638833942,0.024873266638833942,0.0280410477559408,0.019707714422607468,0.01423410443876448,0.021641655752525583
431,0.022918722535371118,0.024873266638833942,0.024873266638833942,0.011374381089274133,0.014152158867051911,0.031240907159852914,0.02382553692166622
461,0.022918722535371118,0.024873266638833942,0.024873266638833942,0.019707714422607468,0.02526326997816302,0.017635464982982168,0.02215729436190601
463,0.022918722535371118,0.024873266638833942,0.024873266638833942,0.0280410477559408,0.022485492200385242,0.02783954661563523,0.021944972581572894
472,0.022918722535371118,0.024873266638833942,0.024873266638833942,0.036374381089274134,0.02526326997816302,0.021036825527199855,0.021520329020906656
510,0.022918722535371118,0.024873266638833942,0.024873266638833942,0.0280410477559408,0.036374381089274134,0.021036825527199855,0.021611324069620852
517,0.022918722535371118,0.024873266638833942,0.024873266638833942,0.036374381089274134,0.0280410477559408,0.024438186071417543,0.02159615822816849
557,0.022918722535371118,0.024873266638833942,0.024873266638833942,0.036374381089274134,0.019707714422607468,0.02783954661563523,0.021429333972192464
582,0.022918722535371118,0.024873266638833942,0.024873266638833942,0.0280410477559408,0.0280410477559408,0.01423410443876448,0.022081465154644184
601,0.022918722535371118,0.024873266638833942,0.024873266638833942,0.0280410477559408,0.022485492200385242,0.034642267704070605,0.021520329020906656
610,0.022918722535371118,0.024873266638833942,0.024873266638833942,0.044707714422607465,0.022485492200385242,0.02783954661563523,0.02147483149654956
651,0.022918722535371118,0.024873266638833942,0.024873266638833942,0.036374381089274134,0.030818825533718577,0.024438186071417543,0.021762982484144506
652,0.022918722535371118,0.024873266638833942,0.024873266638833942,0.019707714422607468,0.02526326997816302,0.024438186071417543,0.02188430921576343
679,0.022918722535371118,0.024873266638833942,0.024873266638833942,0.019707714422607468,0.019707714422607468,0.02783954661563523,0.02155066070381139
683,0.022918722535371118,0.024873266638833942,0.024873266638833942,0.036374381089274134,0.022485492200385242,0.021036825527199855,0.021626489911073216
718,0.022918722535371118,0.024873266638833942,0.024873266638833942,0.036374381089274134,0.02526326997816302,0.031240907159852914,0.021732650801239775
726,0.022918722535371118,0.024873266638833942,0.024873266638833942,0.0280410477559408,0.0280410477559408,0.024438186071417543,0.02148999733800193
735,0.022918722535371118,0.024873266638833942,0.024873266638833942,0.036374381089274134,0.022485492200385242,0.017635464982982168,0.021565826545263754
736,0.022918722535371118,0.024873266638833942,0.024873266638833942,0.011374381089274133,0.019707714422607468,0.031240907159852914,0.023704210190047294
740,0.022918722535371118,0.024873266638833942,0.024873266638833942,0.0280410477559408,0.03359660331149635,0.01423410443876448,0.021626489911073216
745,0.022918722535371118,0.024873266638833942,0.024873266638833942,0.011374381089274133,0.014152158867051911,0.024438186071417543,0.022597103764024608
768,0.022918722535371118,0.024873266638833942,0.024873266638833942,0.019707714422607468,0.019707714422607468,0.031240907159852914,0.02147483149654956
799,0.022918722535371118,0.024873266638833942,0.024873266638833942,0.011374381089274133,0.02526326997816302,0.024438186071417543,0.022339284459334394
816,0.022918722535371118,0.024873266638833942,0.024873266638833942,0.011374381089274133,0.014152158867051911,0.031240907159852914,0.022506108715310415
832,0.022918722535371118,0.024873266638833942,0.024873266638833942,0.019707714422607468,0.019707714422607468,0.021036825527199855,0.02226345525207257
850,0.022918722535371118,0.024873266638833942,0.024873266638833942,0.0280410477559408,0.022485492200385242,0.021036825527199855,0.021838811691406335
876,0.022918722535371118,0.024873266638833942,0.024873266638833942,0.0280410477559408,0.0280410477559408,0.02783954661563523,0.021429333972192464
887,0.022918722535371118,0.024873266638833942,0.024873266638833942,0.019707714422607468,0.0280410477559408,0.04144498879250598,0.021869143374311065
888,0.022918722535371118,0.024873266638833942,0.024873266638833942,0.044707714422607465,0.030818825533718577,0.024438186071417543,0.0214141681307401
904,0.022918722535371118,0.024873266638833942,0.024873266638833942,0.0280410477559408,0.019707714422607468,0.034642267704070605,0.021929806740120527
908,0.022918722535371118,0.024873266638833942,0.024873266638833942,0.0280410477559408,0.01692993664482969,0.04144498879250598,0.021747816642692142
913,0.022918722535371118,0.024873266638833942,0.024873266638833942,0.0280410477559408,0.030818825533718577,0.017635464982982168,0.021505163179454292
927,0.022918722535371118,0.024873266638833942,0.024873266638833942,0.011374381089274133,0.036374381089274134,0.024438186071417543,0.022612269605476975
938,0.022918722535371118,0.024873266638833942,0.024873266638833942,0.044707714422607465,0.03359660331149635,0.021036825527199855,0.021611324069620852
946,0.022918722535371118,0.024873266638833942,0.024873266638833942,0.036374381089274134,0.019707714422607468,0.017635464982982168,0.021732650801239775
982,0.022918722535371118,0.024873266638833942,0.024873266638833942,0.036374381089274134,0.03359660331149635,0.02783954661563523,0.021778148325596873
989,0.022918722535371118,0.024873266638833942,0.024873266638833942,0.019707714422607468,0.0280410477559408,0.021036825527199855,0.02221795772771547
075,0.022868185580222668,0.02424155469947829,0.02424155469947829,0.0280410477559408,0.022485492200385242,0.024438186071417543,0.022035967630287086
104,0.022868185580222668,0.02424155469947829,0.02424155469947829,0.011374381089274133,0.02526326997816302,0.024438186071417543,0.022339284459334394
109,0.022868185580222668,0.02424155469947829,0.02424155469947829,0.019707714422607468,0.022485492200385242,0.021036825527199855,0.021641655752525583
150,0.022868185580222668,0.02424155469947829,0.02424155469947829,0.036374381089274134,0.036374381089274134,0.017635464982982168,0.021429333972192464
159,0.022868185580222668,0.02424155469947829,0.02424155469947829,0.011374381089274133,0.01692993664482969,0.024438186071417543,0.02364354682423783
162,0.022868185580222668,0.02424155469947829,0.02424155469947829,0.044707714422607465,0.0280410477559408,0.017635464982982168,0.021778148325596873
190,0.022868185580222668,0.02424155469947829,0.02424155469947829,0.011374381089274133,0.01692993664482969,0.010832743894546793,0.022308952776429667
196,0.022868185580222668,0.02424155469947829,0.02424155469947829,0.019707714422607468,0.02526326997816302,0.031240907159852914,0.021793314167049237
197,0.022868185580222668,0.02424155469947829,0.02424155469947829,0.019707714422607468,0.022485492200385242,0.02783954661563523,0.022035967630287086
216,0.022868185580222668,0.02424155469947829,0.02424155469947829,0.019707714422607468,0.01692993664482969,0.02783954661563523,0.02148999733800193
264,0.022868185580222668,0.02424155469947829,0.02424155469947829,0.0280410477559408,0.019707714422607468,0.017635464982982168,0.021505163179454292
270,0.022868185580222668,0.02424155469947829,0.02424155469947829,0.0280410477559408,0.0280410477559408,0.021036825527199855,0.021459665655097198
279,0.022868185580222668,0.02424155469947829,0.02424155469947829,0.011374381089274133,0.01692993664482969,0.017635464982982168,0.022369616142239125
297,0.022868185580222668,0.02424155469947829,0.02424155469947829,0.011374381089274133,0.014152158867051911,0.017635464982982168,0.023021747324690846
300,0.022868185580222668,0.02424155469947829,0.02424155469947829,0.036374381089274134,0.022485492200385242,0.01423410443876448,0.021626489911073216
306,0.022868185580222668,0.02424155469947829,0.02424155469947829,0.011374381089274133,0.01692993664482969,0.024438186071417543,0.02267293297128644
307,0.022868185580222668,0.02424155469947829,0.02424155469947829,0.011374381089274133,0.0280410477559408,0.01423410443876448,0.022521274556762783
308,0.022868185580222668,0.02424155469947829,0.02424155469947829,0.019707714422607468,0.019707714422607468,0.024438186071417543,0.021778148325596873
317,0.022868185580222668,0.02424155469947829,0.02424155469947829,0.019707714422607468,0.022485492200385242,0.021036825527199855,0.021762982484144506
335,0.022868185580222668,0.02424155469947829,0.02424155469947829,0.0280410477559408,0.022485492200385242,0.02783954661563523,0.02159615822816849
353,0.022868185580222668,0.02424155469947829,0.02424155469947829,0.0280410477559408,0.022485492200385242,0.017635464982982168,0.021429333972192464
360,0.022868185580222668,0.02424155469947829,0.02424155469947829,0.0280410477559408,0.03359660331149635,0.021036825527199855,0.021762982484144506
368,0.022868185580222668,0.02424155469947829,0.02424155469947829,0.0280410477559408,0.02526326997816302,0.02783954661563523,0.02196013842302526
379,0.022868185580222668,0.02424155469947829,0.02424155469947829,0.0280410477559408,0.022485492200385242,0.021036825527199855,0.02182364584995397
381,0.022868185580222668,0.02424155469947829,0.02424155469947829,0.036374381089274134,0.030818825533718577,0.02783954661563523,0.021732650801239775
382,0.022868185580222668,0.02424155469947829,0.02424155469947829,0.019707714422607468,0.02526326997816302,0.021036825527199855,0.02221795772771547
407,0.022868185580222668,0.02424155469947829,0.02424155469947829,0.011374381089274133,0.022485492200385242,0.021036825527199855,0.02246061119095332
452,0.022868185580222668,0.02424155469947829,0.02424155469947829,0.044707714422607465,0.030818825533718577,0.021036825527199855,0.021505163179454292
460,0.022868185580222668,0.02424155469947829,0.02424155469947829,0.019707714422607468,0.02526326997816302,0.02783954661563523,0.021505163179454292
485,0.022868185580222668,0.02424155469947829,0.02424155469947829,0.019707714422607468,0.02526326997816302,0.017635464982982168,0.02215729436190601
488,0.022868185580222668,0.02424155469947829,0.02424155469947829,0.011374381089274133,0.011374381089274133,0.017635464982982168,0.02411368790926116
490,0.022868185580222668,0.02424155469947829,0.02424155469947829,0.011374381089274133,0.036374381089274134,0.021036825527199855,0.022794259702905363
542,0.022868185580222668,0.02424155469947829,0.02424155469947829,0.0530410477559408,0.0280410477559408,0.017635464982982168,0.021459665655097198
565,0.022868185580222668,0.02424155469947829,0.02424155469947829,0.011374381089274133,0.01692993664482969,0.021036825527199855,0.023218903263571594
566,0.022868185580222668,0.02424155469947829,0.02424155469947829,0.019707714422607468,0.022485492200385242,0.017635464982982168,0.022278621093524936
569,0.022868185580222668,0.02424155469947829,0.02424155469947829,0.019707714422607468,0.030818825533718577,0.017635464982982168,0.021762982484144506
579,0.022868185580222668,0.02424155469947829,0.02424155469947829,0.011374381089274133,0.022485492200385242,0.021036825527199855,0.02232411861788203
597,0.022868185580222668,0.02424155469947829,0.02424155469947829,0.0280410477559408,0.022485492200385242,0.024438186071417543,0.021778148325596873
602,0.022868185580222668,0.02424155469947829,0.02424155469947829,0.011374381089274133,0.01692993664482969,0.024438186071417543,0.022521274556762783
615,0.022868185580222668,0.02424155469947829,0.02424155469947829,0.019707714422607468,0.022485492200385242,0.017635464982982168,0.02199047010592999
632,0.022868185580222668,0.02424155469947829,0.02424155469947829,0.019707714422607468,0.019707714422607468,0.01423410443876448,0.02223312356916784
659,0.022868185580222668,0.02424155469947829,0.02424155469947829,0.011374381089274133,0.01692993664482969,0.01423410443876448,0.022581937922572244
689,0.022868185580222668,0.02424155469947829,0.02424155469947829,0.019707714422607468,0.022485492200385242,0.010832743894546793,0.0218539775328587
690,0.022868185580222668,0.02424155469947829,0.02424155469947829,0.0280410477559408,0.02526326997816302,0.02783954661563523,0.022005635947382356
694,0.022868185580222668,0.02424155469947829,0.02424155469947829,0.011374381089274133,0.019707714422607468,0.031240907159852914,0.022824591385810094
698,0.022868185580222668,0.02424155469947829,0.02424155469947829,0.0280410477559408,0.01692993664482969,0.024438186071417543,0.02147483149654956
703,0.022868185580222668,0.02424155469947829,0.02424155469947829,0.011374381089274133,0.022485492200385242,0.024438186071417543,0.022627435446929342
751,0.022868185580222668,0.02424155469947829,0.02424155469947829,0.036374381089274134,0.02526326997816302,0.021036825527199855,0.021505163179454292
801,0.022868185580222668,0.02424155469947829,0.02424155469947829,0.0280410477559408,0.022485492200385242,0.031240907159852914,0.021869143374311065
804,0.022868185580222668,0.02424155469947829,0.02424155469947829,0.011374381089274133,0.022485492200385242,0.017635464982982168,0.022490942873858052
817,0.022868185580222668,0.02424155469947829,0.02424155469947829,0.061374381089274135,0.036374381089274134,0.017635464982982168,0.02155066070381139
819,0.022868185580222668,0.02424155469947829,0.02424155469947829,0.0280410477559408,0.022485492200385242,0.017635464982982168,0.021641655752525583
840,0.022868185580222668,0.02424155469947829,0.02424155469947829,0.0280410477559408,0.0280410477559408,0.024438186071417543,0.021975304264477625
862,0.022868185580222668,0.02424155469947829,0.02424155469947829,0.036374381089274134,0.022485492200385242,0.024438186071417543,0.02148999733800193
866,0.022868185580222668,0.02424155469947829,0.02424155469947829,0.019707714422607468,0.022485492200385242,0.031240907159852914,0.02202080178883472
891,0.022868185580222668,0.02424155469947829,0.02424155469947829,0.019707714422607468,0.030818825533718577,0.021036825527199855,0.021793314167049237
894,0.022868185580222668,0.02424155469947829,0.02424155469947829,0.044707714422607465,0.02526326997816302,0.031240907159852914,0.021626489911073216
897,0.022868185580222668,0.02424155469947829,0.02424155469947829,0.036374381089274134,0.030818825533718577,0.024438186071417543,0.02144449981364483
923,0.022868185580222668,0.02424155469947829,0.02424155469947829,0.0280410477559408,0.022485492200385242,0.017635464982982168,0.021914640898668163
930,0.022868185580222668,0.02424155469947829,0.02424155469947829,0.036374381089274134,0.03359660331149635,0.02783954661563523,0.021671987435430314
931,0.022868185580222668,0.02424155469947829,0.02424155469947829,0.036374381089274134,0.0280410477559408,0.024438186071417543,0.02138383644783537
933,0.022868185580222668,0.02424155469947829,0.02424155469947829,0.0280410477559408,0.0280410477559408,0.021036825527199855,0.02158099238671612
939,0.022868185580222668,0.02424155469947829,0.02424155469947829,0.036374381089274134,0.030818825533718577,0.021036825527199855,0.021505163179454292
943,0.022868185580222668,0.02424155469947829,0.02424155469947829,0.0280410477559408,0.022485492200385242,0.017635464982982168,0.021459665655097198
949,0.022868185580222668,0.02424155469947829,0.02424155469947829,0.0280410477559408,0.0280410477559408,0.017635464982982168,0.021429333972192464
956,0.022868185580222668,0.02424155469947829,0.02424155469947829,0.0280410477559408,0.022485492200385242,0.024438186071417543,0.02144449981364483
959,0.022868185580222668,0.02424155469947829,0.02424155469947829,0.0280410477559408,0.030818825533718577,0.02783954661563523,0.021656821593977946
986,0.022868185580222668,0.02424155469947829,0.02424155469947829,0.036374381089274134,0.02526326997816302,0.031240907159852914,0.021399002289287733
996,0.022868185580222668,0.02424155469947829,0.02424155469947829,0.011374381089274133,0.01692993664482969,0.034642267704070605,0.02232411861788203
997,0.022868185580222668,0.02424155469947829,0.02424155469947829,0.011374381089274133,0.022485492200385242,0.021036825527199855,0.02299141564178611
001,0.022817648625074214,0.023609842760122634,0.023609842760122634,0.036374381089274134,0.030818825533718577,0.031240907159852914,0.02159615822816849
009,0.022817648625074214,0.023609842760122634,0.023609842760122634,0.0280410477559408,0.019707714422607468,0.017635464982982168,0.0218539775328587
036,0.022817648625074214,0.023609842760122634,0.023609842760122634,0.011374381089274133,0.01692993664482969,0.02783954661563523,0.022642601288381706
047,0.022817648625074214,0.023609842760122634,0.023609842760122634,0.011374381089274133,0.014152158867051911,0.02783954661563523,0.023158239897762136
054,0.022817648625074214,0.023609842760122634,0.023609842760122634,0.019707714422607468,0.0280410477559408,0.031240907159852914,0.021762982484144506
076,0.022817648625074214,0.023609842760122634,0.023609842760122634,0.011374381089274133,0.022485492200385242,0.024438186071417543,0.022445445349500954
116,0.022817648625074214,0.023609842760122634,0.023609842760122634,0.011374381089274133,0.02526326997816302,0.021036825527199855,0.022809425544357727
140,0.022817648625074214,0.023609842760122634,0.023609842760122634,0.011374381089274133,0.01692993664482969,0.017635464982982168,0.02256677208111988
164,0.022817648625074214,0.023609842760122634,0.023609842760122634,0.0280410477559408,0.019707714422607468,0.017635464982982168,0.02138383644783537
173,0.022817648625074214,0.023609842760122634,0.023609842760122634,0.019707714422607468,0.0280410477559408,0.021036825527199855,0.02155066070381139
175,0.022817648625074214,0.023609842760122634,0.023609842760122634,0.011374381089274133,0.022485492200385242,0.02783954661563523,0.022642601288381706
177,0.022817648625074214,0.023609842760122634,0.023609842760122634,0.036374381089274134,0.0280410477559408,0.02783954661563523,0.02147483149654956
183,0.022817648625074214,0.023609842760122634,0.023609842760122634,0.036374381089274134,0.0280410477559408,0.024438186071417543,0.02168715327688268
240,0.022817648625074214,0.023609842760122634,0.023609842760122634,0.0280410477559408,0.022485492200385242,0.031240907159852914,0.021747816642692142
248,0.022817648625074214,0.023609842760122634,0.023609842760122634,0.011374381089274133,0.014152158867051911,0.031240907159852914,0.022384781983691492
251,0.022817648625074214,0.023609842760122634,0.023609842760122634,0.0280410477559408,0.0280410477559408,0.031240907159852914,0.02168715327688268
260,0.022817648625074214,0.023609842760122634,0.023609842760122634,0.019707714422607468,0.019707714422607468,0.024438186071417543,0.021944972581572894
263,0.022817648625074214,0.023609842760122634,0.023609842760122634,0.0280410477559408,0.02526326997816302,0.034642267704070605,0.02148999733800193
266,0.022817648625074214,0.023609842760122634,0.023609842760122634,0.019707714422607468,0.01692993664482969,0.031240907159852914,0.02168715327688268
322,0.022817648625074214,0.023609842760122634,0.023609842760122634,0.044707714422607465,0.022485492200385242,0.01423410443876448,0.02155066070381139
375,0.022817648625074214,0.023609842760122634,0.023609842760122634,0.019707714422607468,0.019707714422607468,0.02783954661563523,0.02211179683754891
392,0.022817648625074214,0.023609842760122634,0.023609842760122634,0.019707714422607468,0.02526326997816302,0.021036825527199855,0.02202080178883472
402,0.022817648625074214,0.023609842760122634,0.023609842760122634,0.0280410477559408,0.019707714422607468,0.024438186071417543,0.021656821593977946
413,0.022817648625074214,0.023609842760122634,0.023609842760122634,0.019707714422607468,0.0280410477559408,0.02783954661563523,0.02223312356916784
423,0.022817648625074214,0.023609842760122634,0.023609842760122634,0.019707714422607468,0.019707714422607468,0.03804362824828829,0.022248289410620202
449,0.022817648625074214,0.023609842760122634,0.023609842760122634,0.0280410477559408,0.022485492200385242,0.017635464982982168,0.02138383644783537
468,0.022817648625074214,0.023609842760122634,0.023609842760122634,0.036374381089274134,0.0280410477559408,0.021036825527199855,0.021399002289287733
471,0.022817648625074214,0.023609842760122634,0.023609842760122634,0.019707714422607468,0.019707714422607468,0.017635464982982168,0.022248289410620202
489,0.022817648625074214,0.023609842760122634,0.023609842760122634,0.011374381089274133,0.019707714422607468,0.01423410443876448,0.022657767129834073
540,0.022817648625074214,0.023609842760122634,0.023609842760122634,0.0280410477559408,0.02526326997816302,0.024438186071417543,0.021459665655097198
545,0.022817648625074214,0.023609842760122634,0.023609842760122634,0.019707714422607468,0.022485492200385242,0.031240907159852914,0.022066299313191817
577,0.022817648625074214,0.023609842760122634,0.023609842760122634,0.011374381089274133,0.01692993664482969,0.024438186071417543,0.02293075227597665
583,0.022817648625074214,0.023609842760122634,0.023609842760122634,0.0280410477559408,0.0280410477559408,0.024438186071417543,0.021520329020906656
654,0.022817648625074214,0.023609842760122634,0.023609842760122634,0.0280410477559408,0.030818825533718577,0.034642267704070605,0.021565826545263754
668,0.022817648625074214,0.023609842760122634,0.023609842760122634,0.011374381089274133,0.019707714422607468,0.01423410443876448,0.023582883458428367
695,0.022817648625074214,0.023609842760122634,0.023609842760122634,0.019707714422607468,0.0280410477559408,0.02783954661563523,0.021899475057215796
696,0.022817648625074214,0.023609842760122634,0.023609842760122634,0.019707714422607468,0.02526326997816302,0.024438186071417543,0.02171748495978741
707,0.022817648625074214,0.023609842760122634,0.023609842760122634,0.019707714422607468,0.019707714422607468,0.017635464982982168,0.021626489911073216
709,0.022817648625074214,0.023609842760122634,0.023609842760122634,0.011374381089274133,0.019707714422607468,0.02783954661563523,0.023567717616976003
712,0.022817648625074214,0.023609842760122634,0.023609842760122634,0.011374381089274133,0.02526326997816302,0.02783954661563523,0.022521274556762783
716,0.022817648625074214,0.023609842760122634,0.023609842760122634,0.011374381089274133,0.01692993664482969,0.024438186071417543,0.022961083958881384
748,0.022817648625074214,0.023609842760122634,0.023609842760122634,0.044707714422607465,0.030818825533718577,0.044846349336723663,0.02148999733800193
755,0.022817648625074214,0.023609842760122634,0.023609842760122634,0.011374381089274133,0.02526326997816302,0.021036825527199855,0.022339284459334394
758,0.022817648625074214,0.023609842760122634,0.023609842760122634,0.011374381089274133,0.019707714422607468,0.017635464982982168,0.022551606239667513
770,0.022817648625074214,0.023609842760122634,0.023609842760122634,0.036374381089274134,0.022485492200385242,0.021036825527199855,0.0214141681307401
772,0.022817648625074214,0.023609842760122634,0.023609842760122634,0.036374381089274134,0.022485492200385242,0.02783954661563523,0.021505163179454292
781,0.022817648625074214,0.023609842760122634,0.023609842760122634,0.019707714422607468,0.022485492200385242,0.021036825527199855,0.021671987435430314
788,0.022817648625074214,0.023609842760122634,0.023609842760122634,0.0280410477559408,0.0280410477559408,0.024438186071417543,0.021914640898668163
800,0.022817648625074214,0.023609842760122634,0.023609842760122634,0.019707714422607468,0.014152158867051911,0.021036825527199855,0.021732650801239775
810,0.022817648625074214,0.023609842760122634,0.023609842760122634,0.0280410477559408,0.022485492200385242,0.02783954661563523,0.021505163179454292
823,0.022817648625074214,0.023609842760122634,0.023609842760122634,0.0280410477559408,0.030818825533718577,0.021036825527199855,0.02159615822816849
857,0.022817648625074214,0.023609842760122634,0.023609842760122634,0.011374381089274133,0.022485492200385242,0.021036825527199855,0.022521274556762783
858,0.022817648625074214,0.023609842760122634,0.023609842760122634,0.019707714422607468,0.022485492200385242,0.02783954661563523,0.02199047010592999
882,0.022817648625074214,0.023609842760122634,0.023609842760122634,0.011374381089274133,0.011374381089274133,0.021036825527199855,0.02411368790926116
895,0.022817648625074214,0.023609842760122634,0.023609842760122634,0.0280410477559408,0.030818825533718577,0.031240907159852914,0.02155066070381139
900,0.022817648625074214,0.023609842760122634,0.023609842760122634,0.011374381089274133,0.02526326997816302,0.02783954661563523,0.022308952776429667
909,0.022817648625074214,0.023609842760122634,0.023609842760122634,0.036374381089274134,0.0280410477559408,0.021036825527199855,0.021747816642692142
921,0.022817648625074214,0.023609842760122634,0.023609842760122634,0.011374381089274133,0.030818825533718577,0.02783954661563523,0.022384781983691492
942,0.022817648625074214,0.023609842760122634,0.023609842760122634,0.019707714422607468,0.022485492200385242,0.031240907159852914,0.021671987435430314
950,0.022817648625074214,0.023609842760122634,0.023609842760122634,0.0280410477559408,0.022485492200385242,0.024438186071417543,0.02171748495978741
969,0.022817648625074214,0.023609842760122634,0.023609842760122634,0.0280410477559408,0.019707714422607468,0.031240907159852914,0.0214141681307401
980,0.022817648625074214,0.023609842760122634,0.023609842760122634,0.011374381089274133,0.022485492200385242,0.017635464982982168,0.022308952776429667
010,0.022767111669925764,0.02297813082076698,0.02297813082076698,0.019707714422607468,0.022485492200385242,0.017635464982982168,0.022051133471739454
030,0.022767111669925764,0.02297813082076698,0.02297813082076698,0.019707714422607468,0.022485492200385242,0.01423410443876448,0.022096630996096548
043,0.022767111669925764,0.02297813082076698,0.02297813082076698,0.0280410477559408,0.02526326997816302,0.024438186071417543,0.02144449981364483
044,0.022767111669925764,0.02297813082076698,0.02297813082076698,0.019707714422607468,0.02526326997816302,0.02783954661563523,0.021762982484144506
045,0.022767111669925764,0.02297813082076698,0.02297813082076698,0.019707714422607468,0.019707714422607468,0.021036825527199855,0.022035967630287086
071,0.022767111669925764,0.02297813082076698,0.02297813082076698,0.011374381089274133,0.01692993664482969,0.031240907159852914,0.022308952776429667
086,0.022767111669925764,0.02297813082076698,0.02297813082076698,0.036374381089274134,0.022485492200385242,0.021036825527199855,0.02159615822816849
099,0.022767111669925764,0.02297813082076698,0.02297813082076698,0.011374381089274133,0.01692993664482969,0.021036825527199855,0.02276392802000063
100,0.022767111669925764,0.02297813082076698,0.02297813082076698,0.019707714422607468,0.022485492200385242,0.031240907159852914,0.022202791886263108
143,0.022767111669925764,0.02297813082076698,0.02297813082076698,0.019707714422607468,0.019707714422607468,0.017635464982982168,0.022142128520453646
157,0.022767111669925764,0.02297813082076698,0.02297813082076698,0.019707714422607468,0.022485492200385242,0.031240907159852914,0.0214141681307401
161,0.022767111669925764,0.02297813082076698,0.02297813082076698,0.011374381089274133,0.014152158867051911,0.021036825527199855,0.023628380982785465
229,0.022767111669925764,0.02297813082076698,0.02297813082076698,0.0280410477559408,0.02526326997816302,0.021036825527199855,0.02171748495978741
249,0.022767111669925764,0.02297813082076698,0.02297813082076698,0.0280410477559408,0.030818825533718577,0.017635464982982168,0.021459665655097198
257,0.022767111669925764,0.02297813082076698,0.02297813082076698,0.011374381089274133,0.01692993664482969,0.02783954661563523,0.022581937922572244
265,0.022767111669925764,0.02297813082076698,0.02297813082076698,0.0280410477559408,0.03359660331149635,0.017635464982982168,0.02168715327688268
273,0.022767111669925764,0.02297813082076698,0.02297813082076698,0.019707714422607468,0.019707714422607468,0.02783954661563523,0.021838811691406335
283,0.022767111669925764,0.02297813082076698,0.02297813082076698,0.019707714422607468,0.02526326997816302,0.021036825527199855,0.021732650801239775
301,0.022767111669925764,0.02297813082076698,0.02297813082076698,0.011374381089274133,0.014152158867051911,0.021036825527199855,0.023977195336189874
311,0.022767111669925764,0.02297813082076698,0.02297813082076698,0.011374381089274133,0.01692993664482969,0.024438186071417543,0.023234069105023965
321,0.022767111669925764,0.02297813082076698,0.02297813082076698,0.0280410477559408,0.0280410477559408,0.02783954661563523,0.021565826545263754
331,0.022767111669925764,0.02297813082076698,0.02297813082076698,0.019707714422607468,0.0280410477559408,0.017635464982982168,0.02223312356916784
340,0.022767111669925764,0.02297813082076698,0.02297813082076698,0.019707714422607468,0.02526326997816302,0.031240907159852914,0.021459665655097198
399,0.022767111669925764,0.02297813082076698,0.02297813082076698,0.011374381089274133,0.014152158867051911,0.021036825527199855,0.022733596337095898
403,0.022767111669925764,0.02297813082076698,0.02297813082076698,0.0280410477559408,0.01692993664482969,0.024438186071417543,0.021520329020906656
428,0.022767111669925764,0.02297813082076698,0.02297813082076698,0.019707714422607468,0.0280410477559408,0.021036825527199855,0.021929806740120527
430,0.022767111669925764,0.02297813082076698,0.02297813082076698,0.011374381089274133,0.022485492200385242,0.01423410443876448,0.022824591385810094
438,0.022767111669925764,0.02297813082076698,0.02297813082076698,0.036374381089274134,0.030818825533718577,0.017635464982982168,0.021565826545263754
441,0.022767111669925764,0.02297813082076698,0.02297813082076698,0.036374381089274134,0.0280410477559408,0.024438186071417543,0.02138383644783537
478,0.022767111669925764,0.02297813082076698,0.02297813082076698,0.011374381089274133,0.014152158867051911,0.017635464982982168,0.023658712665690196
493,0.022767111669925764,0.02297813082076698,0.02297813082076698,0.036374381089274134,0.022485492200385242,0.024438186071417543,0.021399002289287733
516,0.022767111669925764,0.02297813082076698,0.02297813082076698,0.044707714422607465,0.0280410477559408,0.010832743894546793,0.021399002289287733
519,0.022767111669925764,0.02297813082076698,0.02297813082076698,0.019707714422607468,0.019707714422607468,0.017635464982982168,0.021520329020906656
546,0.022767111669925764,0.02297813082076698,0.02297813082076698,0.019707714422607468,0.022485492200385242,0.01423410443876448,0.022035967630287086
553,0.022767111669925764,0.02297813082076698,0.02297813082076698,0.0280410477559408,0.019707714422607468,0.024438186071417543,0.02168715327688268
558,0.022767111669925764,0.02297813082076698,0.02297813082076698,0.036374381089274134,0.019707714422607468,0.024438186071417543,0.021732650801239775
560,0.022767111669925764,0.02297813082076698,0.02297813082076698,0.011374381089274133,0.01692993664482969,0.01423410443876448,0.02303691316614321
562,0.022767111669925764,0.02297813082076698,0.02297813082076698,0.0280410477559408,0.036374381089274134,0.031240907159852914,0.021747816642692142
563,0.022767111669925764,0.02297813082076698,0.02297813082076698,0.011374381089274133,0.019707714422607468,0.03804362824828829,0.022748762178548265
567,0.022767111669925764,0.02297813082076698,0.02297813082076698,0.0280410477559408,0.02526326997816302,0.031240907159852914,0.02144449981364483
621,0.022767111669925764,0.02297813082076698,0.02297813082076698,0.019707714422607468,0.0280410477559408,0.04144498879250598,0.02171748495978741
630,0.022767111669925764,0.02297813082076698,0.02297813082076698,0.011374381089274133,0.019707714422607468,0.02783954661563523,0.02246061119095332
641,0.022767111669925764,0.02297813082076698,0.02297813082076698,0.019707714422607468,0.019707714422607468,0.017635464982982168,0.02202080178883472
642,0.022767111669925764,0.02297813082076698,0.02297813082076698,0.019707714422607468,0.019707714422607468,0.024438186071417543,0.0218539775328587
675,0.022767111669925764,0.02297813082076698,0.02297813082076698,0.011374381089274133,0.01692993664482969,0.02783954661563523,0.022612269605476975
682,0.022767111669925764,0.02297813082076698,0.02297813082076698,0.019707714422607468,0.022485492200385242,0.017635464982982168,0.021944972581572894
711,0.022767111669925764,0.02297813082076698,0.02297813082076698,0.011374381089274133,0.022485492200385242,0.021036825527199855,0.022415113666596223
728,0.022767111669925764,0.02297813082076698,0.02297813082076698,0.011374381089274133,0.02526326997816302,0.02783954661563523,0.022718430495643534
731,0.022767111669925764,0.02297813082076698,0.02297813082076698,0.019707714422607468,0.030818825533718577,0.031240907159852914,0.02226345525207257
760,0.022767111669925764,0.02297813082076698,0.02297813082076698,0.044707714422607465,0.03359660331149635,0.021036825527199855,0.02188430921576343
762,0.022767111669925764,0.02297813082076698,0.02297813082076698,0.0280410477559408,0.022485492200385242,0.034642267704070605,0.02138383644783537
765,0.022767111669925764,0.02297813082076698,0.02297813082076698,0.019707714422607468,0.022485492200385242,0.017635464982982168,0.022066299313191817
777,0.022767111669925764,0.02297813082076698,0.02297813082076698,0.036374381089274134,0.02526326997816302,0.021036825527199855,0.02138383644783537
778,0.022767111669925764,0.02297813082076698,0.02297813082076698,0.011374381089274133,0.019707714422607468,0.017635464982982168,0.022718430495643534
779,0.022767111669925764,0.02297813082076698,0.02297813082076698,0.011374381089274133,0.02526326997816302,0.024438186071417543,0.023355395836642884
782,0.022767111669925764,0.02297813082076698,0.02297813082076698,0.011374381089274133,0.011374381089274133,0.021036825527199855,0.02411368790926116
809,0.022767111669925764,0.02297813082076698,0.02297813082076698,0.019707714422607468,0.022485492200385242,0.021036825527199855,0.021975304264477625
820,0.022767111669925764,0.02297813082076698,0.02297813082076698,0.011374381089274133,0.02526326997816302,0.02783954661563523,0.022976249800333748
833,0.022767111669925764,0.02297813082076698,0.02297813082076698,0.044707714422607465,0.0280410477559408,0.024438186071417543,0.02168715327688268
859,0.022767111669925764,0.02297813082076698,0.02297813082076698,0.011374381089274133,0.014152158867051911,0.017635464982982168,0.023931697811832776
873,0.022767111669925764,0.02297813082076698,0.02297813082076698,0.0280410477559408,0.01692993664482969,0.024438186071417543,0.02147483149654956
880,0.022767111669925764,0.02297813082076698,0.02297813082076698,0.011374381089274133,0.022485492200385242,0.034642267704070605,0.022308952776429667
892,0.022767111669925764,0.02297813082076698,0.02297813082076698,0.036374381089274134,0.02526326997816302,0.017635464982982168,0.021944972581572894
905,0.022767111669925764,0.02297813082076698,0.02297813082076698,0.011374381089274133,0.011374381089274133,0.017635464982982168,0.02411368790926116
915,0.022767111669925764,0.02297813082076698,0.02297813082076698,0.019707714422607468,0.019707714422607468,0.02783954661563523,0.0218539775328587
918,0.022767111669925764,0.02297813082076698,0.02297813082076698,0.0280410477559408,0.019707714422607468,0.024438186071417543,0.02155066070381139
928,0.022767111669925764,0.02297813082076698,0.02297813082076698,0.019707714422607468,0.019707714422607468,0.03804362824828829,0.021732650801239775
941,0.022767111669925764,0.02297813082076698,0.02297813082076698,0.036374381089274134,0.030818825533718577,0.02783954661563523,0.021520329020906656
948,0.022767111669925764,0.02297813082076698,0.02297813082076698,0.0280410477559408,0.0280410477559408,0.024438186071417543,0.021671987435430314
955,0.022767111669925764,0.02297813082076698,0.02297813082076698,0.019707714422607468,0.022485492200385242,0.034642267704070605,0.021459665655097198
962,0.022767111669925764,0.02297813082076698,0.02297813082076698,0.036374381089274134,0.022485492200385242,0.031240907159852914,0.021671987435430314
965,0.022767111669925764,0.02297813082076698,0.02297813082076698,0.0280410477559408,0.019707714422607468,0.017635464982982168,0.022005635947382356
974,0.022767111669925764,0.02297813082076698,0.02297813082076698,0.011374381089274133,0.019707714422607468,0.031240907159852914,0.02306724484904794
993,0.022767111669925764,0.02297813082076698,0.02297813082076698,0.0280410477559408,0.022485492200385242,0.02783954661563523,0.021399002289287733
005,0.02271657471477731,0.022346418881411326,0.022346418881411326,0.019707714422607468,0.01692993664482969,0.024438186071417543,0.021793314167049237
020,0.02271657471477731,0.022346418881411326,0.022346418881411326,0.0280410477559408,0.019707714422607468,0.02783954661563523,0.02158099238671612
050,0.02271657471477731,0.022346418881411326,0.022346418881411326,0.0280410477559408,0.019707714422607468,0.021036825527199855,0.021778148325596873
067,0.02271657471477731,0.022346418881411326,0.022346418881411326,0.019707714422607468,0.01692993664482969,0.01423410443876448,0.021459665655097198
093,0.02271657471477731,0.022346418881411326,0.022346418881411326,0.011374381089274133,0.014152158867051911,0.021036825527199855,0.023234069105023965
110,0.02271657471477731,0.022346418881411326,0.022346418881411326,0.011374381089274133,0.019707714422607468,0.024438186071417543,0.022445445349500954
113,0.02271657471477731,0.022346418881411326,0.022346418881411326,0.0280410477559408,0.030818825533718577,0.024438186071417543,0.021869143374311065
117,0.02271657471477731,0.022346418881411326,0.022346418881411326,0.036374381089274134,0.02526326997816302,0.034642267704070605,0.021399002289287733
123,0.02271657471477731,0.022346418881411326,0.022346418881411326,0.0280410477559408,0.030818825533718577,0.021036825527199855,0.021429333972192464
126,0.02271657471477731,0.022346418881411326,0.022346418881411326,0.0280410477559408,0.019707714422607468,0.017635464982982168,0.02144449981364483
129,0.02271657471477731,0.022346418881411326,0.022346418881411326,0.019707714422607468,0.014152158867051911,0.024438186071417543,0.021505163179454292
136,0.02271657471477731,0.022346418881411326,0.022346418881411326,0.0280410477559408,0.022485492200385242,0.024438186071417543,0.021626489911073216
153,0.02271657471477731,0.022346418881411326,0.022346418881411326,0.011374381089274133,0.011374381089274133,0.017635464982982168,0.02411368790926116
156,0.02271657471477731,0.022346418881411326,0.022346418881411326,0.019707714422607468,0.022485492200385242,0.01423410443876448,0.02144449981364483
165,0.02271657471477731,0.022346418881411326,0.022346418881411326,0.0280410477559408,0.02526326997816302,0.021036825527199855,0.022081465154644184
188,0.02271657471477731,0.022346418881411326,0.022346418881411326,0.044707714422607465,0.0280410477559408,0.017635464982982168,0.02144449981364483
195,0.02271657471477731,0.022346418881411326,0.022346418881411326,0.019707714422607468,0.019707714422607468,0.024438186071417543,0.021778148325596873
210,0.02271657471477731,0.022346418881411326,0.022346418881411326,0.019707714422607468,0.01692993664482969,0.021036825527199855,0.02144449981364483
212,0.02271657471477731,0.022346418881411326,0.022346418881411326,0.0280410477559408,0.02526326997816302,0.024438186071417543,0.021399002289287733
219,0.02271657471477731,0.022346418881411326,0.022346418881411326,0.011374381089274133,0.01692993664482969,0.024438186071417543,0.0222937869349773
232,0.02271657471477731,0.022346418881411326,0.022346418881411326,0.036374381089274134,0.0280410477559408,0.021036825527199855,0.021459665655097198
261,0.02271657471477731,0.022346418881411326,0.022346418881411326,0.0280410477559408,0.02526326997816302,0.02783954661563523,0.021459665655097198
262,0.02271657471477731,0.022346418881411326,0.022346418881411326,0.011374381089274133,0.01692993664482969,0.024438186071417543,0.02232411861788203
268,0.02271657471477731,0.022346418881411326,0.022346418881411326,0.0280410477559408,0.019707714422607468,0.017635464982982168,0.021641655752525583
305,0.02271657471477731,0.022346418881411326,0.022346418881411326,0.019707714422607468,0.02526326997816302,0.031240907159852914,0.02196013842302526
329,0.02271657471477731,0.022346418881411326,0.022346418881411326,0.044707714422607465,0.03359660331149635,0.024438186071417543,0.0214141681307401
348,0.02271657471477731,0.022346418881411326,0.022346418881411326,0.019707714422607468,0.01692993664482969,0.024438186071417543,0.022035967630287086
352,0.02271657471477731,0.022346418881411326,0.022346418881411326,0.011374381089274133,0.02526326997816302,0.021036825527199855,0.022688098812738804
371,0.02271657471477731,0.022346418881411326,0.022346418881411326,0.019707714422607468,0.01692993664482969,0.024438186071417543,0.02158099238671612
383,0.02271657471477731,0.022346418881411326,0.022346418881411326,0.036374381089274134,0.022485492200385242,0.021036825527199855,0.021565826545263754
388,0.02271657471477731,0.022346418881411326,0.022346418881411326,0.019707714422607468,0.022485492200385242,0.024438186071417543,0.021520329020906656
426,0.02271657471477731,0.022346418881411326,0.022346418881411326,0.019707714422607468,0.02526326997816302,0.021036825527199855,0.0214141681307401
429,0.02271657471477731,0.022346418881411326,0.022346418881411326,0.011374381089274133,0.019707714422607468,0.017635464982982168,0.022339284459334394
444,0.02271657471477731,0.022346418881411326,0.022346418881411326,0.011374381089274133,0.019707714422607468,0.02783954661563523,0.02285492306871482
446,0.02271657471477731,0.022346418881411326,0.022346418881411326,0.0280410477559408,0.02526326997816302,0.010832743894546793,0.021535494862359023
454,0.02271657471477731,0.022346418881411326,0.022346418881411326,0.011374381089274133,0.01692993664482969,0.021036825527199855,0.022718430495643534
465,0.02271657471477731,0.022346418881411326,0.022346418881411326,0.011374381089274133,0.019707714422607468,0.01423410443876448,0.022415113666596223
495,0.02271657471477731,0.022346418881411326,0.022346418881411326,0.0280410477559408,0.0280410477559408,0.017635464982982168,0.021808480008501604
503,0.02271657471477731,0.022346418881411326,0.022346418881411326,0.019707714422607468,0.0280410477559408,0.021036825527199855,0.02223312356916784
518,0.02271657471477731,0.022346418881411326,0.022346418881411326,0.036374381089274134,0.022485492200385242,0.031240907159852914,0.021505163179454292
521,0.02271657471477731,0.022346418881411326,0.022346418881411326,0.0280410477559408,0.022485492200385242,0.031240907159852914,0.02147483149654956
528,0.02271657471477731,0.022346418881411326,0.022346418881411326,0.0280410477559408,0.030818825533718577,0.01423410443876448,0.021399002289287733
536,0.02271657471477731,0.022346418881411326,0.022346418881411326,0.011374381089274133,0.0280410477559408,0.024438186071417543,0.022415113666596223
539,0.02271657471477731,0.022346418881411326,0.022346418881411326,0.019707714422607468,0.014152158867051911,0.02783954661563523,0.021641655752525583
564,0.02271657471477731,0.022346418881411326,0.022346418881411326,0.011374381089274133,0.022485492200385242,0.017635464982982168,0.022551606239667513
578,0.02271657471477731,0.022346418881411326,0.022346418881411326,0.019707714422607468,0.01692993664482969,0.024438186071417543,0.021808480008501604
585,0.02271657471477731,0.022346418881411326,0.022346418881411326,0.019707714422607468,0.022485492200385242,0.021036825527199855,0.022051133471739454
589,0.02271657471477731,0.022346418881411326,0.022346418881411326,0.011374381089274133,0.01692993664482969,0.017635464982982168,0.02359804929988073
614,0.02271657471477731,0.022346418881411326,0.022346418881411326,0.0280410477559408,0.019707714422607468,0.024438186071417543,0.021702319118335044
616,0.02271657471477731,0.022346418881411326,0.022346418881411326,0.0280410477559408,0.019707714422607468,0.017635464982982168,0.02159615822816849
623,0.02271657471477731,0.022346418881411326,0.022346418881411326,0.011374381089274133,0.01692993664482969,0.021036825527199855,0.022657767129834073
631,0.02271657471477731,0.022346418881411326,0.022346418881411326,0.019707714422607468,0.0280410477559408,0.017635464982982168,0.02171748495978741
638,0.02271657471477731,0.022346418881411326,0.022346418881411326,0.036374381089274134,0.036374381089274134,0.02783954661563523,0.02155066070381139
643,0.02271657471477731,0.022346418881411326,0.022346418881411326,0.036374381089274134,0.022485492200385242,0.021036825527199855,0.02155066070381139
646,0.02271657471477731,0.022346418881411326,0.022346418881411326,0.036374381089274134,0.030818825533718577,0.01423410443876448,0.02138383644783537
649,0.02271657471477731,0.022346418881411326,0.022346418881411326,0.036374381089274134,0.02526326997816302,0.031240907159852914,0.02158099238671612
663,0.02271657471477731,0.022346418881411326,0.022346418881411326,0.019707714422607468,0.014152158867051911,0.021036825527199855,0.022187626044810744
671,0.02271657471477731,0.022346418881411326,0.022346418881411326,0.011374381089274133,0.01692993664482969,0.02783954661563523,0.022339284459334394
681,0.02271657471477731,0.022346418881411326,0.022346418881411326,0.011374381089274133,0.014152158867051911,0.04144498879250598,0.023218903263571594
692,0.02271657471477731,0.022346418881411326,0.022346418881411326,0.019707714422607468,0.01692993664482969,0.021036825527199855,0.022051133471739454
732,0.02271657471477731,0.022346418881411326,0.022346418881411326,0.019707714422607468,0.02526326997816302,0.017635464982982168,0.021429333972192464
737,0.02271657471477731,0.022346418881411326,0.022346418881411326,0.0280410477559408,0.0280410477559408,0.017635464982982168,0.021520329020906656
738,0.02271657471477731,0.022346418881411326,0.022346418881411326,0.0280410477559408,0.019707714422607468,0.01423410443876448,0.021747816642692142
741,0.02271657471477731,0.022346418881411326,0.022346418881411326,0.019707714422607468,0.01692993664482969,0.024438186071417543,0.021929806740120527
753,0.02271657471477731,0.022346418881411326,0.022346418881411326,0.044707714422607465,0.0280410477559408,0.017635464982982168,0.021505163179454292
769,0.02271657471477731,0.022346418881411326,0.022346418881411326,0.019707714422607468,0.022485492200385242,0.02783954661563523,0.022051133471739454
776,0.02271657471477731,0.022346418881411326,0.022346418881411326,0.0280410477559408,0.02526326997816302,0.021036825527199855,0.02168715327688268
787,0.02271657471477731,0.022346418881411326,0.022346418881411326,0.019707714422607468,0.022485492200385242,0.031240907159852914,0.021793314167049237
793,0.02271657471477731,0.022346418881411326,0.022346418881411326,0.019707714422607468,0.022485492200385242,0.021036825527199855,0.022081465154644184
796,0.02271657471477731,0.022346418881411326,0.022346418881411326,0.0280410477559408,0.0280410477559408,0.02783954661563523,0.02147483149654956
824,0.02271657471477731,0.022346418881411326,0.022346418881411326,0.019707714422607468,0.01692993664482969,0.024438186071417543,0.021793314167049237
827,0.02271657471477731,0.022346418881411326,0.022346418881411326,0.036374381089274134,0.0280410477559408,0.021036825527199855,0.021702319118335044
835,0.02271657471477731,0.022346418881411326,0.022346418881411326,0.011374381089274133,0.014152158867051911,0.017635464982982168,0.022839757227262458
852,0.02271657471477731,0.022346418881411326,0.022346418881411326,0.0280410477559408,0.02526326997816302,0.031240907159852914,0.021808480008501604
860,0.02271657471477731,0.022346418881411326,0.022346418881411326,0.019707714422607468,0.03359660331149635,0.01423410443876448,0.02223312356916784
872,0.02271657471477731,0.022346418881411326,0.022346418881411326,0.0280410477559408,0.030818825533718577,0.02783954661563523,0.021429333972192464
890,0.02271657471477731,0.022346418881411326,0.022346418881411326,0.0280410477559408,0.02526326997816302,0.024438186071417543,0.022142128520453646
896,0.02271657471477731,0.022346418881411326,0.022346418881411326,0.0280410477559408,0.022485492200385242,0.017635464982982168,0.021429333972192464
920,0.02271657471477731,0.022346418881411326,0.022346418881411326,0.011374381089274133,0.01692993664482969,0.021036825527199855,0.023052079007595577
934,0.02271657471477731,0.022346418881411326,0.022346418881411326,0.044707714422607465,0.04192993664482969,0.024438186071417543,0.02138383644783537
944,0.02271657471477731,0.022346418881411326,0.022346418881411326,0.036374381089274134,0.022485492200385242,0.021036825527199855,0.021459665655097198
945,0.02271657471477731,0.022346418881411326,0.022346418881411326,0.019707714422607468,0.0280410477559408,0.024438186071417543,0.022096630996096548
954,0.02271657471477731,0.022346418881411326,0.022346418881411326,0.019707714422607468,0.022485492200385242,0.031240907159852914,0.02168715327688268
963,0.02271657471477731,0.022346418881411326,0.022346418881411326,0.019707714422607468,0.022485492200385242,0.021036825527199855,0.021838811691406335
970,0.02271657471477731,0.022346418881411326,0.022346418881411326,0.011374381089274133,0.01692993664482969,0.02783954661563523,0.023704210190047294
972,0.02271657471477731,0.022346418881411326,0.022346418881411326,0.0280410477559408,0.0280410477559408,0.017635464982982168,0.02212696267900128
994,0.02271657471477731,0.022346418881411326,0.022346418881411326,0.019707714422607468,0.01692993664482969,0.021036825527199855,0.02158099238671612
998,0.02271657471477731,0.022346418881411326,0.022346418881411326,0.0280410477559408,0.019707714422607468,0.034642267704070605,0.021611324069620852
012,0.022666037759628856,0.021714706942055673,0.021714706942055673,0.0280410477559408,0.02526326997816302,0.021036825527199855,0.021929806740120527
018,0.022666037759628856,0.021714706942055673,0.021714706942055673,0.036374381089274134,0.019707714422607468,0.02783954661563523,0.02155066070381139
024,0.022666037759628856,0.021714706942055673,0.021714706942055673,0.019707714422607468,0.022485492200385242,0.021036825527199855,0.021611324069620852
025,0.022666037759628856,0.021714706942055673,0.021714706942055673,0.019707714422607468,0.02526326997816302,0.02783954661563523,0.021914640898668163
064,0.022666037759628856,0.021714706942055673,0.021714706942055673,0.0280410477559408,0.02526326997816302,0.021036825527199855,0.021641655752525583
065,0.022666037759628856,0.021714706942055673,0.021714706942055673,0.019707714422607468,0.022485492200385242,0.017635464982982168,0.02226345525207257
084,0.022666037759628856,0.021714706942055673,0.021714706942055673,0.0280410477559408,0.030818825533718577,0.017635464982982168,0.0214141681307401
089,0.022666037759628856,0.021714706942055673,0.021714706942055673,0.011374381089274133,0.01692993664482969,0.017635464982982168,0.022308952776429667
096,0.022666037759628856,0.021714706942055673,0.021714706942055673,0.019707714422607468,0.01692993664482969,0.024438186071417543,0.021656821593977946
107,0.022666037759628856,0.021714706942055673,0.021714706942055673,0.0280410477559408,0.019707714422607468,0.017635464982982168,0.02148999733800193
108,0.022666037759628856,0.021714706942055673,0.021714706942055673,0.019707714422607468,0.01692993664482969,0.017635464982982168,0.022248289410620202
128,0.022666037759628856,0.021714706942055673,0.021714706942055673,0.0280410477559408,0.022485492200385242,0.021036825527199855,0.021505163179454292
154,0.022666037759628856,0.021714706942055673,0.021714706942055673,0.0280410477559408,0.019707714422607468,0.021036825527199855,0.021702319118335044
155,0.022666037759628856,0.021714706942055673,0.021714706942055673,0.0280410477559408,0.0280410477559408,0.01423410443876448,0.021611324069620852
163,0.022666037759628856,0.021714706942055673,0.021714706942055673,0.0280410477559408,0.022485492200385242,0.024438186071417543,0.021808480008501604
170,0.022666037759628856,0.021714706942055673,0.021714706942055673,0.044707714422607465,0.022485492200385242,0.024438186071417543,0.021535494862359023
172,0.022666037759628856,0.021714706942055673,0.021714706942055673,0.019707714422607468,0.01692993664482969,0.02783954661563523,0.021778148325596873
180,0.022666037759628856,0.021714706942055673,0.021714706942055673,0.019707714422607468,0.02526326997816302,0.024438186071417543,0.0218539775328587
198,0.022666037759628856,0.021714706942055673,0.021714706942055673,0.036374381089274134,0.03359660331149635,0.021036825527199855,0.021565826545263754
199,0.022666037759628856,0.021714706942055673,0.021714706942055673,0.019707714422607468,0.01692993664482969,0.024438186071417543,0.02155066070381139
201,0.022666037759628856,0.021714706942055673,0.021714706942055673,0.011374381089274133,0.01692993664482969,0.017635464982982168,0.023461556726809447
223,0.022666037759628856,0.021714706942055673,0.021714706942055673,0.019707714422607468,0.02526326997816302,0.031240907159852914,0.021914640898668163
233,0.022666037759628856,0.021714706942055673,0.021714706942055673,0.019707714422607468,0.022485492200385242,0.017635464982982168,0.021732650801239775
237,0.022666037759628856,0.021714706942055673,0.021714706942055673,0.0280410477559408,0.0280410477559408,0.021036825527199855,0.021459665655097198
258,0.022666037759628856,0.021714706942055673,0.021714706942055673,0.019707714422607468,0.019707714422607468,0.01423410443876448,0.0214141681307401
272,0.022666037759628856,0.021714706942055673,0.021714706942055673,0.011374381089274133,0.019707714422607468,0.024438186071417543,0.02314307405630977
280,0.022666037759628856,0.021714706942055673,0.021714706942055673,0.011374381089274133,0.022485492200385242,0.017635464982982168,0.02235445030078676
290,0.022666037759628856,0.021714706942055673,0.021714706942055673,0.0280410477559408,0.030818825533718577,0.017635464982982168,0.0214141681307401
309,0.022666037759628856,0.021714706942055673,0.021714706942055673,0.011374381089274133,0.014152158867051911,0.031240907159852914,0.023916531970380406
319,0.022666037759628856,0.021714706942055673,0.021714706942055673,0.0280410477559408,0.019707714422607468,0.021036825527199855,0.022096630996096548
325,0.022666037759628856,0.021714706942055673,0.021714706942055673,0.0280410477559408,0.02526326997816302,0.01423410443876448,0.021429333972192464
327,0.022666037759628856,0.021714706942055673,0.021714706942055673,0.0280410477559408,0.02526326997816302,0.024438186071417543,0.02182364584995397
332,0.022666037759628856,0.021714706942055673,0.021714706942055673,0.019707714422607468,0.022485492200385242,0.031240907159852914,0.021808480008501604
334,0.022666037759628856,0.021714706942055673,0.021714706942055673,0.036374381089274134,0.022485492200385242,0.017635464982982168,0.02138383644783537
342,0.022666037759628856,0.021714706942055673,0.021714706942055673,0.011374381089274133,0.022485492200385242,0.017635464982982168,0.022581937922572244
346,0.022666037759628856,0.021714706942055673,0.021714706942055673,0.019707714422607468,0.019707714422607468,0.01423410443876448,0.02215729436190601
347,0.022666037759628856,0.021714706942055673,0.021714706942055673,0.019707714422607468,0.014152158867051911,0.021036825527199855,0.02144449981364483
350,0.022666037759628856,0.021714706942055673,0.021714706942055673,0.036374381089274134,0.02526326997816302,0.017635464982982168,0.021535494862359023
355,0.022666037759628856,0.021714706942055673,0.021714706942055673,0.019707714422607468,0.03359660331149635,0.02783954661563523,0.021702319118335044
376,0.022666037759628856,0.021714706942055673,0.021714706942055673,0.019707714422607468,0.022485492200385242,0.017635464982982168,0.021535494862359023
384,0.022666037759628856,0.021714706942055673,0.021714706942055673,0.0280410477559408,0.030818825533718577,0.024438186071417543,0.021626489911073216
385,0.022666037759628856,0.021714706942055673,0.021714706942055673,0.019707714422607468,0.02526326997816302,0.02783954661563523,0.022202791886263108
404,0.022666037759628856,0.021714706942055673,0.021714706942055673,0.019707714422607468,0.019707714422607468,0.024438186071417543,0.021656821593977946
405,0.022666037759628856,0.021714706942055673,0.021714706942055673,0.019707714422607468,0.022485492200385242,0.024438186071417543,0.021747816642692142
414,0.022666037759628856,0.021714706942055673,0.021714706942055673,0.019707714422607468,0.019707714422607468,0.024438186071417543,0.02226345525207257
416,0.022666037759628856,0.021714706942055673,0.021714706942055673,0.011374381089274133,0.01692993664482969,0.017635464982982168,0.022824591385810094
424,0.022666037759628856,0.021714706942055673,0.021714706942055673,0.019707714422607468,0.022485492200385242,0.017635464982982168,0.02196013842302526
437,0.022666037759628856,0.021714706942055673,0.021714706942055673,0.019707714422607468,0.022485492200385242,0.024438186071417543,0.021656821593977946
439,0.022666037759628856,0.021714706942055673,0.021714706942055673,0.011374381089274133,0.011374381089274133,0.02783954661563523,0.02411368790926116
458,0.022666037759628856,0.021714706942055673,0.021714706942055673,0.011374381089274133,0.030818825533718577,0.031240907159852914,0.0222937869349773
462,0.022666037759628856,0.021714706942055673,0.021714706942055673,0.011374381089274133,0.011374381089274133,0.024438186071417543,0.02411368790926116
466,0.022666037759628856,0.021714706942055673,0.021714706942055673,0.019707714422607468,0.022485492200385242,0.024438186071417543,0.022081465154644184
507,0.022666037759628856,0.021714706942055673,0.021714706942055673,0.0280410477559408,0.02526326997816302,0.024438186071417543,0.021505163179454292
520,0.022666037759628856,0.021714706942055673,0.021714706942055673,0.036374381089274134,0.02526326997816302,0.021036825527199855,0.02148999733800193
530,0.022666037759628856,0.021714706942055673,0.021714706942055673,0.0280410477559408,0.022485492200385242,0.017635464982982168,0.02148999733800193
554,0.022666037759628856,0.021714706942055673,0.021714706942055673,0.0280410477559408,0.0280410477559408,0.017635464982982168,0.021641655752525583
587,0.022666037759628856,0.021714706942055673,0.021714706942055673,0.0280410477559408,0.022485492200385242,0.01423410443876448,0.021762982484144506
598,0.022666037759628856,0.021714706942055673,0.021714706942055673,0.011374381089274133,0.01692993664482969,0.031240907159852914,0.023127908214857402
608,0.022666037759628856,0.021714706942055673,0.021714706942055673,0.011374381089274133,0.019707714422607468,0.01423410443876448,0.022369616142239125
617,0.022666037759628856,0.021714706942055673,0.021714706942055673,0.0280410477559408,0.022485492200385242,0.021036825527199855,0.021702319118335044
639,0.022666037759628856,0.021714706942055673,0.021714706942055673,0.019707714422607468,0.01692993664482969,0.021036825527199855,0.02202080178883472
644,0.022666037759628856,0.021714706942055673,0.021714706942055673,0.0280410477559408,0.022485492200385242,0.01423410443876448,0.02148999733800193
673,0.022666037759628856,0.021714706942055673,0.021714706942055673,0.011374381089274133,0.01692993664482969,0.024438186071417543,0.022718430495643534
674,0.022666037759628856,0.021714706942055673,0.021714706942055673,0.019707714422607468,0.01692993664482969,0.02783954661563523,0.02221795772771547
687,0.022666037759628856,0.021714706942055673,0.021714706942055673,0.036374381089274134,0.030818825533718577,0.01423410443876448,0.021565826545263754
702,0.022666037759628856,0.021714706942055673,0.021714706942055673,0.036374381089274134,0.02526326997816302,0.02783954661563523,0.021520329020906656
708,0.022666037759628856,0.021714706942055673,0.021714706942055673,0.0280410477559408,0.03359660331149635,0.017635464982982168,0.02138383644783537
721,0.022666037759628856,0.021714706942055673,0.021714706942055673,0.011374381089274133,0.022485492200385242,0.024438186071417543,0.023461556726809447
725,0.022666037759628856,0.021714706942055673,0.021714706942055673,0.019707714422607468,0.019707714422607468,0.017635464982982168,0.021611324069620852
744,0.022666037759628856,0.021714706942055673,0.021714706942055673,0.019707714422607468,0.01692993664482969,0.024438186071417543,0.02211179683754891
756,0.022666037759628856,0.021714706942055673,0.021714706942055673,0.011374381089274133,0.011374381089274133,0.01423410443876448,0.02411368790926116
757,0.022666037759628856,0.021714706942055673,0.021714706942055673,0.011374381089274133,0.01692993664482969,0.024438186071417543,0.022475777032405685
763,0.022666037759628856,0.021714706942055673,0.021714706942055673,0.019707714422607468,0.019707714422607468,0.031240907159852914,0.022187626044810744
786,0.022666037759628856,0.021714706942055673,0.021714706942055673,0.019707714422607468,0.02526326997816302,0.017635464982982168,0.022051133471739454
790,0.022666037759628856,0.021714706942055673,0.021714706942055673,0.036374381089274134,0.022485492200385242,0.010832743894546793,0.021626489911073216
798,0.022666037759628856,0.021714706942055673,0.021714706942055673,0.011374381089274133,0.014152158867051911,0.021036825527199855,0.023264400787928692
803,0.022666037759628856,0.021714706942055673,0.021714706942055673,0.011374381089274133,0.01692993664482969,0.021036825527199855,0.02299141564178611
815,0.022666037759628856,0.021714706942055673,0.021714706942055673,0.011374381089274133,0.014152158867051911,0.021036825527199855,0.022445445349500954
818,0.022666037759628856,0.021714706942055673,0.021714706942055673,0.011374381089274133,0.01692993664482969,0.024438186071417543,0.022824591385810094
885,0.022666037759628856,0.021714706942055673,0.021714706942055673,0.0280410477559408,0.019707714422607468,0.021036825527199855,0.021399002289287733
951,0.022666037759628856,0.021714706942055673,0.021714706942055673,0.011374381089274133,0.019707714422607468,0.01423410443876448,0.02239994782514386
953,0.022666037759628856,0.021714706942055673,0.021714706942055673,0.019707714422607468,0.01692993664482969,0.02783954661563523,0.022142128520453646
976,0.022666037759628856,0.021714706942055673,0.021714706942055673,0.0280410477559408,0.0280410477559408,0.02783954661563523,0.021399002289287733
984,0.022666037759628856,0.021714706942055673,0.021714706942055673,0.036374381089274134,0.0280410477559408,0.021036825527199855,0.02147483149654956
988,0.022666037759628856,0.021714706942055673,0.021714706942055673,0.011374381089274133,0.019707714422607468,0.017635464982982168,0.022475777032405685
991,0.022666037759628856,0.021714706942055673,0.021714706942055673,0.011374381089274133,0.0280410477559408,0.021036825527199855,0.023325064153738157
992,0.022666037759628856,0.021714706942055673,0.021714706942055673,0.011374381089274133,0.019707714422607468,0.01423410443876448,0.02243027950804859
011,0.022615500804480406,0.02108299500270002,0.02108299500270002,0.036374381089274134,0.02526326997816302,0.017635464982982168,0.02138383644783537
015,0.022615500804480406,0.02108299500270002,0.02108299500270002,0.0280410477559408,0.022485492200385242,0.02783954661563523,0.021762982484144506
016,0.022615500804480406,0.02108299500270002,0.02108299500270002,0.019707714422607468,0.019707714422607468,0.01423410443876448,0.022278621093524936
038,0.022615500804480406,0.02108299500270002,0.02108299500270002,0.019707714422607468,0.01692993664482969,0.01423410443876448,0.022202791886263108
039,0.022615500804480406,0.02108299500270002,0.02108299500270002,0.011374381089274133,0.011374381089274133,0.02783954661563523,0.02411368790926116
048,0.022615500804480406,0.02108299500270002,0.02108299500270002,0.019707714422607468,0.019707714422607468,0.017635464982982168,0.021702319118335044
066,0.022615500804480406,0.02108299500270002,0.02108299500270002,0.0280410477559408,0.0280410477559408,0.017635464982982168,0.021429333972192464
077,0.022615500804480406,0.02108299500270002,0.02108299500270002,0.061374381089274135,0.0280410477559408,0.031240907159852914,0.02144449981364483
078,0.022615500804480406,0.02108299500270002,0.02108299500270002,0.011374381089274133,0.011374381089274133,0.017635464982982168,0.02411368790926116
083,0.022615500804480406,0.02108299500270002,0.02108299500270002,0.019707714422607468,0.030818825533718577,0.017635464982982168,0.022187626044810744
101,0.022615500804480406,0.02108299500270002,0.02108299500270002,0.011374381089274133,0.01692993664482969,0.017635464982982168,0.022779093861453
103,0.022615500804480406,0.02108299500270002,0.02108299500270002,0.019707714422607468,0.0280410477559408,0.017635464982982168,0.021808480008501604
120,0.022615500804480406,0.02108299500270002,0.02108299500270002,0.044707714422607465,0.03359660331149635,0.01423410443876448,0.021535494862359023
130,0.022615500804480406,0.02108299500270002,0.02108299500270002,0.019707714422607468,0.022485492200385242,0.024438186071417543,0.02202080178883472
141,0.022615500804480406,0.02108299500270002,0.02108299500270002,0.019707714422607468,0.019707714422607468,0.021036825527199855,0.022142128520453646
145,0.022615500804480406,0.02108299500270002,0.02108299500270002,0.011374381089274133,0.014152158867051911,0.021036825527199855,0.02341605920245235
152,0.022615500804480406,0.02108299500270002,0.02108299500270002,0.036374381089274134,0.019707714422607468,0.017635464982982168,0.021429333972192464
187,0.022615500804480406,0.02108299500270002,0.02108299500270002,0.011374381089274133,0.014152158867051911,0.024438186071417543,0.02253644039821515
192,0.022615500804480406,0.02108299500270002,0.02108299500270002,0.011374381089274133,0.022485492200385242,0.02783954661563523,0.022657767129834073
203,0.022615500804480406,0.02108299500270002,0.02108299500270002,0.011374381089274133,0.019707714422607468,0.031240907159852914,0.02243027950804859
209,0.022615500804480406,0.02108299500270002,0.02108299500270002,0.011374381089274133,0.019707714422607468,0.031240907159852914,0.02290042059307192
214,0.022615500804480406,0.02108299500270002,0.02108299500270002,0.019707714422607468,0.030818825533718577,0.01423410443876448,0.022142128520453646
245,0.022615500804480406,0.02108299500270002,0.02108299500270002,0.019707714422607468,0.0280410477559408,0.02783954661563523,0.021399002289287733
276,0.022615500804480406,0.02108299500270002,0.02108299500270002,0.019707714422607468,0.019707714422607468,0.02783954661563523,0.021762982484144506
281,0.022615500804480406,0.02108299500270002,0.02108299500270002,0.011374381089274133,0.02526326997816302,0.024438186071417543,0.022384781983691492
285,0.022615500804480406,0.02108299500270002,0.02108299500270002,0.011374381089274133,0.014152158867051911,0.017635464982982168,0.022824591385810094
286,0.022615500804480406,0.02108299500270002,0.02108299500270002,0.0280410477559408,0.02526326997816302,0.01423410443876448,0.02182364584995397
320,0.022615500804480406,0.02108299500270002,0.02108299500270002,0.019707714422607468,0.019707714422607468,0.021036825527199855,0.021535494862359023
337,0.022615500804480406,0.02108299500270002,0.02108299500270002,0.019707714422607468,0.019707714422607468,0.024438186071417543,0.02212696267900128
361,0.022615500804480406,0.02108299500270002,0.02108299500270002,0.036374381089274134,0.0280410477559408,0.01423410443876448,0.021565826545263754
364,0.022615500804480406,0.02108299500270002,0.02108299500270002,0.019707714422607468,0.0280410477559408,0.02783954661563523,0.02223312356916784
366,0.022615500804480406,0.02108299500270002,0.02108299500270002,0.011374381089274133,0.02526326997816302,0.02783954661563523,0.02232411861788203
393,0.022615500804480406,0.02108299500270002,0.02108299500270002,0.011374381089274133,0.022485492200385242,0.021036825527199855,0.022779093861453
410,0.022615500804480406,0.02108299500270002,0.02108299500270002,0.019707714422607468,0.022485492200385242,0.017635464982982168,0.02221795772771547
412,0.022615500804480406,0.02108299500270002,0.02108299500270002,0.0280410477559408,0.03359660331149635,0.031240907159852914,0.022005635947382356
420,0.022615500804480406,0.02108299500270002,0.02108299500270002,0.0280410477559408,0.019707714422607468,0.01423410443876448,0.021399002289287733
421,0.022615500804480406,0.02108299500270002,0.02108299500270002,0.011374381089274133,0.019707714422607468,0.021036825527199855,0.02232411861788203
433,0.022615500804480406,0.02108299500270002,0.02108299500270002,0.019707714422607468,0.014152158867051911,0.017635464982982168,0.02171748495978741
464,0.022615500804480406,0.02108299500270002,0.02108299500270002,0.036374381089274134,0.02526326997816302,0.021036825527199855,0.021762982484144506
467,0.022615500804480406,0.02108299500270002,0.02108299500270002,0.019707714422607468,0.01692993664482969,0.02783954661563523,0.021899475057215796
476,0.022615500804480406,0.02108299500270002,0.02108299500270002,0.019707714422607468,0.019707714422607468,0.021036825527199855,0.02188430921576343
479,0.022615500804480406,0.02108299500270002,0.02108299500270002,0.019707714422607468,0.022485492200385242,0.024438186071417543,0.0218539775328587
483,0.022615500804480406,0.02108299500270002,0.02108299500270002,0.019707714422607468,0.02526326997816302,0.01423410443876448,0.021808480008501604
494,0.022615500804480406,0.02108299500270002,0.02108299500270002,0.036374381089274134,0.02526326997816302,0.017635464982982168,0.021626489911073216
496,0.022615500804480406,0.02108299500270002,0.02108299500270002,0.0280410477559408,0.01692993664482969,0.021036825527199855,0.021399002289287733
498,0.022615500804480406,0.02108299500270002,0.02108299500270002,0.019707714422607468,0.022485492200385242,0.021036825527199855,0.021929806740120527
500,0.022615500804480406,0.02108299500270002,0.02108299500270002,0.019707714422607468,0.01692993664482969,0.01423410443876448,0.02226345525207257
504,0.022615500804480406,0.02108299500270002,0.02108299500270002,0.044707714422607465,0.02526326997816302,0.021036825527199855,0.0214141681307401
515,0.022615500804480406,0.02108299500270002,0.02108299500270002,0.0280410477559408,0.022485492200385242,0.024438186071417543,0.02158099238671612
529,0.022615500804480406,0.02108299500270002,0.02108299500270002,0.019707714422607468,0.014152158867051911,0.021036825527199855,0.022051133471739454
531,0.022615500804480406,0.02108299500270002,0.02108299500270002,0.011374381089274133,0.02526326997816302,0.021036825527199855,0.02235445030078676
571,0.022615500804480406,0.02108299500270002,0.02108299500270002,0.011374381089274133,0.022485492200385242,0.034642267704070605,0.022794259702905363
574,0.022615500804480406,0.02108299500270002,0.02108299500270002,0.019707714422607468,0.02526326997816302,0.010832743894546793,0.02212696267900128
575,0.022615500804480406,0.02108299500270002,0.02108299500270002,0.019707714422607468,0.01692993664482969,0.017635464982982168,0.022051133471739454
580,0.022615500804480406,0.02108299500270002,0.02108299500270002,0.019707714422607468,0.019707714422607468,0.021036825527199855,0.021747816642692142
581,0.022615500804480406,0.02108299500270002,0.02108299500270002,0.019707714422607468,0.01692993664482969,0.021036825527199855,0.022278621093524936
591,0.022615500804480406,0.02108299500270002,0.02108299500270002,0.011374381089274133,0.019707714422607468,0.024438186071417543,0.023158239897762136
604,0.022615500804480406,0.02108299500270002,0.02108299500270002,0.011374381089274133,0.01692993664482969,0.017635464982982168,0.02235445030078676
607,0.022615500804480406,0.02108299500270002,0.02108299500270002,0.019707714422607468,0.014152158867051911,0.021036825527199855,0.021565826545263754
611,0.022615500804480406,0.02108299500270002,0.02108299500270002,0.019707714422607468,0.0280410477559408,0.017635464982982168,0.021565826545263754
622,0.022615500804480406,0.02108299500270002,0.02108299500270002,0.044707714422607465,0.0280410477559408,0.010832743894546793,0.021626489911073216
635,0.022615500804480406,0.02108299500270002,0.02108299500270002,0.044707714422607465,0.02526326997816302,0.017635464982982168,0.021671987435430314
650,0.022615500804480406,0.02108299500270002,0.02108299500270002,0.019707714422607468,0.019707714422607468,0.017635464982982168,0.021611324069620852
655,0.022615500804480406,0.02108299500270002,0.02108299500270002,0.019707714422607468,0.01692993664482969,0.024438186071417543,0.021565826545263754
660,0.022615500804480406,0.02108299500270002,0.02108299500270002,0.011374381089274133,0.0280410477559408,0.021036825527199855,0.0222937869349773
670,0.022615500804480406,0.02108299500270002,0.02108299500270002,0.0280410477559408,0.02526326997816302,0.017635464982982168,0.02147483149654956
677,0.022615500804480406,0.02108299500270002,0.02108299500270002,0.0280410477559408,0.022485492200385242,0.01423410443876448,0.021429333972192464
678,0.022615500804480406,0.02108299500270002,0.02108299500270002,0.011374381089274133,0.02526326997816302,0.021036825527199855,0.022369616142239125
699,0.022615500804480406,0.02108299500270002,0.02108299500270002,0.044707714422607465,0.03359660331149635,0.024438186071417543,0.021535494862359023
701,0.022615500804480406,0.02108299500270002,0.02108299500270002,0.011374381089274133,0.014152158867051911,0.017635464982982168,0.022445445349500954
723,0.022615500804480406,0.02108299500270002,0.02108299500270002,0.019707714422607468,0.01692993664482969,0.017635464982982168,0.022081465154644184
746,0.022615500804480406,0.02108299500270002,0.02108299500270002,0.0280410477559408,0.01692993664482969,0.024438186071417543,0.02158099238671612
822,0.022615500804480406,0.02108299500270002,0.02108299500270002,0.011374381089274133,0.01692993664482969,0.02783954661563523,0.023158239897762136
831,0.022615500804480406,0.02108299500270002,0.02108299500270002,0.011374381089274133,0.0280410477559408,0.024438186071417543,0.02239994782514386
837,0.022615500804480406,0.02108299500270002,0.02108299500270002,0.011374381089274133,0.014152158867051911,0.021036825527199855,0.024098522067808794
842,0.022615500804480406,0.02108299500270002,0.02108299500270002,0.0280410477559408,0.02526326997816302,0.010832743894546793,0.02215729436190601
845,0.022615500804480406,0.02108299500270002,0.02108299500270002,0.011374381089274133,0.022485492200385242,0.021036825527199855,0.022369616142239125
849,0.022615500804480406,0.02108299500270002,0.02108299500270002,0.0280410477559408,0.019707714422607468,0.02783954661563523,0.021793314167049237
855,0.022615500804480406,0.02108299500270002,0.02108299500270002,0.019707714422607468,0.022485492200385242,0.02783954661563523,0.021747816642692142
863,0.022615500804480406,0.02108299500270002,0.02108299500270002,0.036374381089274134,0.0280410477559408,0.021036825527199855,0.021399002289287733
865,0.022615500804480406,0.02108299500270002,0.02108299500270002,0.011374381089274133,0.019707714422607468,0.02783954661563523,0.02285492306871482
901,0.022615500804480406,0.02108299500270002,0.02108299500270002,0.011374381089274133,0.022485492200385242,0.024438186071417543,0.02246061119095332
907,0.022615500804480406,0.02108299500270002,0.02108299500270002,0.011374381089274133,0.02526326997816302,0.017635464982982168,0.022657767129834073
911,0.022615500804480406,0.02108299500270002,0.02108299500270002,0.036374381089274134,0.02526326997816302,0.017635464982982168,0.021671987435430314
912,0.022615500804480406,0.02108299500270002,0.02108299500270002,0.011374381089274133,0.01692993664482969,0.024438186071417543,0.022945918117429014
919,0.022615500804480406,0.02108299500270002,0.02108299500270002,0.0280410477559408,0.022485492200385242,0.021036825527199855,0.021869143374311065
922,0.022615500804480406,0.02108299500270002,0.02108299500270002,0.0280410477559408,0.01692993664482969,0.01423410443876448,0.021656821593977946
925,0.022615500804480406,0.02108299500270002,0.02108299500270002,0.011374381089274133,0.014152158867051911,0.024438186071417543,0.023855868604570948
940,0.022615500804480406,0.02108299500270002,0.02108299500270002,0.036374381089274134,0.019707714422607468,0.01423410443876448,0.02138383644783537
971,0.022615500804480406,0.02108299500270002,0.02108299500270002,0.011374381089274133,0.01692993664482969,0.021036825527199855,0.02327956662938106
973,0.022615500804480406,0.02108299500270002,0.02108299500270002,0.011374381089274133,0.02526326997816302,0.02783954661563523,0.02239994782514386
985,0.022615500804480406,0.02108299500270002,0.02108299500270002,0.019707714422607468,0.02526326997816302,0.031240907159852914,0.02168715327688268
995,0.022615500804480406,0.02108299500270002,0.02108299500270002,0.011374381089274133,0.014152158867051911,0.02783954661563523,0.023719376031499657
007,0.022564963849331952,0.020451283063344365,0.020451283063344365,0.011374381089274133,0.019707714422607468,0.021036825527199855,0.023112742373405038
037,0.022564963849331952,0.020451283063344365,0.020451283063344365,0.0280410477559408,0.019707714422607468,0.01423410443876448,0.0214141681307401
058,0.022564963849331952,0.020451283063344365,0.020451283063344365,0.019707714422607468,0.0280410477559408,0.021036825527199855,0.022248289410620202
061,0.022564963849331952,0.020451283063344365,0.020451283063344365,0.036374381089274134,0.030818825533718577,0.02783954661563523,0.021899475057215796
062,0.022564963849331952,0.020451283063344365,0.020451283063344365,0.0280410477559408,0.022485492200385242,0.017635464982982168,0.021459665655097198
070,0.022564963849331952,0.020451283063344365,0.020451283063344365,0.044707714422607465,0.02526326997816302,0.017635464982982168,0.021671987435430314
072,0.022564963849331952,0.020451283063344365,0.020451283063344365,0.0280410477559408,0.019707714422607468,0.02783954661563523,0.021671987435430314
094,0.022564963849331952,0.020451283063344365,0.020451283063344365,0.011374381089274133,0.01692993664482969,0.01423410443876448,0.022627435446929342
095,0.022564963849331952,0.020451283063344365,0.020451283063344365,0.0280410477559408,0.019707714422607468,0.01423410443876448,0.02148999733800193
118,0.022564963849331952,0.020451283063344365,0.020451283063344365,0.0280410477559408,0.022485492200385242,0.02783954661563523,0.02144449981364483
137,0.022564963849331952,0.020451283063344365,0.020451283063344365,0.0280410477559408,0.0280410477559408,0.010832743894546793,0.022066299313191817
142,0.022564963849331952,0.020451283063344365,0.020451283063344365,0.019707714422607468,0.019707714422607468,0.031240907159852914,0.02188430921576343
148,0.022564963849331952,0.020451283063344365,0.020451283063344365,0.011374381089274133,0.030818825533718577,0.02783954661563523,0.022642601288381706
185,0.022564963849331952,0.020451283063344365,0.020451283063344365,0.019707714422607468,0.0280410477559408,0.024438186071417543,0.021429333972192464
193,0.022564963849331952,0.020451283063344365,0.020451283063344365,0.019707714422607468,0.02526326997816302,0.024438186071417543,0.0214141681307401
211,0.022564963849331952,0.020451283063344365,0.020451283063344365,0.0280410477559408,0.022485492200385242,0.02783954661563523,0.021429333972192464
218,0.022564963849331952,0.020451283063344365,0.020451283063344365,0.011374381089274133,0.019707714422607468,0.021036825527199855,0.022384781983691492
226,0.022564963849331952,0.020451283063344365,0.020451283063344365,0.019707714422607468,0.01692993664482969,0.021036825527199855,0.021565826545263754
230,0.022564963849331952,0.020451283063344365,0.020451283063344365,0.019707714422607468,0.022485492200385242,0.021036825527199855,0.02215729436190601
234,0.022564963849331952,0.020451283063344365,0.020451283063344365,0.011374381089274133,0.01692993664482969,0.01423410443876448,0.023294732470833423
241,0.022564963849331952,0.020451283063344365,0.020451283063344365,0.0280410477559408,0.02526326997816302,0.021036825527199855,0.021505163179454292
282,0.022564963849331952,0.020451283063344365,0.020451283063344365,0.011374381089274133,0.01692993664482969,0.017635464982982168,0.022506108715310415
284,0.022564963849331952,0.020451283063344365,0.020451283063344365,0.019707714422607468,0.022485492200385242,0.017635464982982168,0.022096630996096548
288,0.022564963849331952,0.020451283063344365,0.020451283063344365,0.011374381089274133,0.01692993664482969,0.01423410443876448,0.022521274556762783
303,0.022564963849331952,0.020451283063344365,0.020451283063344365,0.011374381089274133,0.01692993664482969,0.01423410443876448,0.022885254751619555
386,0.022564963849331952,0.020451283063344365,0.020451283063344365,0.011374381089274133,0.011374381089274133,0.024438186071417543,0.02411368790926116
401,0.022564963849331952,0.020451283063344365,0.020451283063344365,0.019707714422607468,0.02526326997816302,0.01423410443876448,0.02226345525207257
425,0.022564963849331952,0.020451283063344365,0.020451283063344365,0.019707714422607468,0.022485492200385242,0.01423410443876448,0.02226345525207257
448,0.022564963849331952,0.020451283063344365,0.020451283063344365,0.019707714422607468,0.019707714422607468,0.017635464982982168,0.021944972581572894
455,0.022564963849331952,0.020451283063344365,0.020451283063344365,0.0280410477559408,0.02526326997816302,0.021036825527199855,0.021929806740120527
457,0.022564963849331952,0.020451283063344365,0.020451283063344365,0.019707714422607468,0.019707714422607468,0.024438186071417543,0.021944972581572894
480,0.022564963849331952,0.020451283063344365,0.020451283063344365,0.011374381089274133,0.014152158867051911,0.010832743894546793,0.02290042059307192
487,0.022564963849331952,0.020451283063344365,0.020451283063344365,0.011374381089274133,0.019707714422607468,0.021036825527199855,0.022976249800333748
511,0.022564963849331952,0.020451283063344365,0.020451283063344365,0.0280410477559408,0.019707714422607468,0.01423410443876448,0.0214141681307401
514,0.022564963849331952,0.020451283063344365,0.020451283063344365,0.019707714422607468,0.0280410477559408,0.01423410443876448,0.02171748495978741
534,0.022564963849331952,0.020451283063344365,0.020451283063344365,0.011374381089274133,0.01692993664482969,0.024438186071417543,0.023840702763118584
535,0.022564963849331952,0.020451283063344365,0.020451283063344365,0.011374381089274133,0.01692993664482969,0.02783954661563523,0.023097576531952674
538,0.022564963849331952,0.020451283063344365,0.020451283063344365,0.011374381089274133,0.014152158867051911,0.021036825527199855,0.02387103444602331
550,0.022564963849331952,0.020451283063344365,0.020451283063344365,0.0280410477559408,0.022485492200385242,0.021036825527199855,0.021793314167049237
590,0.022564963849331952,0.020451283063344365,0.020451283063344365,0.0280410477559408,0.01692993664482969,0.010832743894546793,0.021641655752525583
593,0.022564963849331952,0.020451283063344365,0.020451283063344365,0.0280410477559408,0.02526326997816302,0.031240907159852914,0.021808480008501604
637,0.022564963849331952,0.020451283063344365,0.020451283063344365,0.0280410477559408,0.02526326997816302,0.024438186071417543,0.021611324069620852
640,0.022564963849331952,0.020451283063344365,0.020451283063344365,0.019707714422607468,0.022485492200385242,0.02783954661563523,0.02226345525207257
656,0.022564963849331952,0.020451283063344365,0.020451283063344365,0.019707714422607468,0.02526326997816302,0.024438186071417543,0.021520329020906656
680,0.022564963849331952,0.020451283063344365,0.020451283063344365,0.019707714422607468,0.019707714422607468,0.021036825527199855,0.021535494862359023
719,0.022564963849331952,0.020451283063344365,0.020451283063344365,0.036374381089274134,0.019707714422607468,0.017635464982982168,0.02147483149654956
722,0.022564963849331952,0.020451283063344365,0.020451283063344365,0.011374381089274133,0.019707714422607468,0.024438186071417543,0.022506108715310415
739,0.022564963849331952,0.020451283063344365,0.020451283063344365,0.036374381089274134,0.022485492200385242,0.01423410443876448,0.02196013842302526
743,0.022564963849331952,0.020451283063344365,0.020451283063344365,0.019707714422607468,0.019707714422607468,0.021036825527199855,0.021656821593977946
750,0.022564963849331952,0.020451283063344365,0.020451283063344365,0.011374381089274133,0.014152158867051911,0.01423410443876448,0.02364354682423783
759,0.022564963849331952,0.020451283063344365,0.020451283063344365,0.019707714422607468,0.019707714422607468,0.024438186071417543,0.021656821593977946
767,0.022564963849331952,0.020451283063344365,0.020451283063344365,0.0530410477559408,0.03359660331149635,0.024438186071417543,0.021459665655097198
771,0.022564963849331952,0.020451283063344365,0.020451283063344365,0.011374381089274133,0.019707714422607468,0.017635464982982168,0.02235445030078676
825,0.022564963849331952,0.020451283063344365,0.020451283063344365,0.011374381089274133,0.01692993664482969,0.017635464982982168,0.022506108715310415
838,0.022564963849331952,0.020451283063344365,0.020451283063344365,0.011374381089274133,0.022485492200385242,0.017635464982982168,0.022445445349500954
843,0.022564963849331952,0.020451283063344365,0.020451283063344365,0.0280410477559408,0.022485492200385242,0.02783954661563523,0.02158099238671612
846,0.022564963849331952,0.020451283063344365,0.020451283063344365,0.019707714422607468,0.019707714422607468,0.017635464982982168,0.02144449981364483
861,0.022564963849331952,0.020451283063344365,0.020451283063344365,0.011374381089274133,0.022485492200385242,0.021036825527199855,0.02256677208111988
884,0.022564963849331952,0.020451283063344365,0.020451283063344365,0.0280410477559408,0.0280410477559408,0.010832743894546793,0.021611324069620852
926,0.022564963849331952,0.020451283063344365,0.020451283063344365,0.019707714422607468,0.014152158867051911,0.021036825527199855,0.022096630996096548
002,0.022514426894183502,0.019819571123988713,0.019819571123988713,0.011374381089274133,0.014152158867051911,0.021036825527199855,0.022976249800333748
027,0.022514426894183502,0.019819571123988713,0.019819571123988713,0.0280410477559408,0.01692993664482969,0.024438186071417543,0.021732650801239775
060,0.022514426894183502,0.019819571123988713,0.019819571123988713,0.019707714422607468,0.01692993664482969,0.021036825527199855,0.021869143374311065
069,0.022514426894183502,0.019819571123988713,0.019819571123988713,0.011374381089274133,0.019707714422607468,0.01423410443876448,0.023097576531952674
122,0.022514426894183502,0.019819571123988713,0.019819571123988713,0.011374381089274133,0.01692993664482969,0.017635464982982168,0.023992361177642238
167,0.022514426894183502,0.019819571123988713,0.019819571123988713,0.019707714422607468,0.022485492200385242,0.024438186071417543,0.021869143374311065
171,0.022514426894183502,0.019819571123988713,0.019819571123988713,0.019707714422607468,0.022485492200385242,0.02783954661563523,0.022142128520453646
181,0.022514426894183502,0.019819571123988713,0.019819571123988713,0.0280410477559408,0.019707714422607468,0.017635464982982168,0.021762982484144506
182,0.022514426894183502,0.019819571123988713,0.019819571123988713,0.019707714422607468,0.014152158867051911,0.017635464982982168,0.022081465154644184
207,0.022514426894183502,0.019819571123988713,0.019819571123988713,0.019707714422607468,0.019707714422607468,0.010832743894546793,0.021929806740120527
222,0.022514426894183502,0.019819571123988713,0.019819571123988713,0.011374381089274133,0.01692993664482969,0.017635464982982168,0.022369616142239125
247,0.022514426894183502,0.019819571123988713,0.019819571123988713,0.019707714422607468,0.022485492200385242,0.01423410443876448,0.021914640898668163
293,0.022514426894183502,0.019819571123988713,0.019819571123988713,0.0280410477559408,0.02526326997816302,0.024438186071417543,0.0214141681307401
295,0.022514426894183502,0.019819571123988713,0.019819571123988713,0.011374381089274133,0.019707714422607468,0.024438186071417543,0.02243027950804859
324,0.022514426894183502,0.019819571123988713,0.019819571123988713,0.019707714422607468,0.019707714422607468,0.024438186071417543,0.022066299313191817
328,0.022514426894183502,0.019819571123988713,0.019819571123988713,0.011374381089274133,0.019707714422607468,0.02783954661563523,0.022339284459334394
345,0.022514426894183502,0.019819571123988713,0.019819571123988713,0.019707714422607468,0.022485492200385242,0.024438186071417543,0.021793314167049237
357,0.022514426894183502,0.019819571123988713,0.019819571123988713,0.019707714422607468,0.02526326997816302,0.024438186071417543,0.022066299313191817
378,0.022514426894183502,0.019819571123988713,0.019819571123988713,0.011374381089274133,0.019707714422607468,0.021036825527199855,0.022748762178548265
387,0.022514426894183502,0.019819571123988713,0.019819571123988713,0.011374381089274133,0.019707714422607468,0.031240907159852914,0.022490942873858052
408,0.022514426894183502,0.019819571123988713,0.019819571123988713,0.019707714422607468,0.019707714422607468,0.021036825527199855,0.02171748495978741
418,0.022514426894183502,0.019819571123988713,0.019819571123988713,0.019707714422607468,0.02526326997816302,0.01423410443876448,0.02188430921576343
440,0.022514426894183502,0.019819571123988713,0.019819571123988713,0.0280410477559408,0.02526326997816302,0.01423410443876448,0.021641655752525583
486,0.022514426894183502,0.019819571123988713,0.019819571123988713,0.019707714422607468,0.014152158867051911,0.024438186071417543,0.021793314167049237
497,0.022514426894183502,0.019819571123988713,0.019819571123988713,0.019707714422607468,0.019707714422607468,0.01423410443876448,0.021778148325596873
499,0.022514426894183502,0.019819571123988713,0.019819571123988713,0.011374381089274133,0.019707714422607468,0.02783954661563523,0.022490942873858052
505,0.022514426894183502,0.019819571123988713,0.019819571123988713,0.0280410477559408,0.019707714422607468,0.017635464982982168,0.021975304264477625
524,0.022514426894183502,0.019819571123988713,0.019819571123988713,0.019707714422607468,0.01692993664482969,0.02783954661563523,0.022172460203358377
537,0.022514426894183502,0.019819571123988713,0.019819571123988713,0.019707714422607468,0.030818825533718577,0.021036825527199855,0.022278621093524936
541,0.022514426894183502,0.019819571123988713,0.019819571123988713,0.011374381089274133,0.011374381089274133,0.024438186071417543,0.02411368790926116
544,0.022514426894183502,0.019819571123988713,0.019819571123988713,0.0280410477559408,0.019707714422607468,0.010832743894546793,0.021520329020906656
548,0.022514426894183502,0.019819571123988713,0.019819571123988713,0.011374381089274133,0.01692993664482969,0.01423410443876448,0.022779093861453
552,0.022514426894183502,0.019819571123988713,0.019819571123988713,0.011374381089274133,0.019707714422607468,0.017635464982982168,0.023734541872952025
600,0.022514426894183502,0.019819571123988713,0.019819571123988713,0.011374381089274133,0.014152158867051911,0.01423410443876448,0.023977195336189874
613,0.022514426894183502,0.019819571123988713,0.019819571123988713,0.0280410477559408,0.030818825533718577,0.031240907159852914,0.022096630996096548
648,0.022514426894183502,0.019819571123988713,0.019819571123988713,0.0280410477559408,0.022485492200385242,0.017635464982982168,0.02155066070381139
706,0.022514426894183502,0.019819571123988713,0.019819571123988713,0.019707714422607468,0.019707714422607468,0.01423410443876448,0.021869143374311065
785,0.022514426894183502,0.019819571123988713,0.019819571123988713,0.019707714422607468,0.019707714422607468,0.021036825527199855,0.021505163179454292
826,0.022514426894183502,0.019819571123988713,0.019819571123988713,0.019707714422607468,0.019707714422607468,0.01423410443876448,0.02211179683754891
830,0.022514426894183502,0.019819571123988713,0.019819571123988713,0.019707714422607468,0.01692993664482969,0.024438186071417543,0.021944972581572894
834,0.022514426894183502,0.019819571123988713,0.019819571123988713,0.0280410477559408,0.022485492200385242,0.01423410443876448,0.021732650801239775
864,0.022514426894183502,0.019819571123988713,0.019819571123988713,0.019707714422607468,0.01692993664482969,0.017635464982982168,0.02159615822816849
881,0.022514426894183502,0.019819571123988713,0.019819571123988713,0.0280410477559408,0.019707714422607468,0.01423410443876448,0.022051133471739454
935,0.022514426894183502,0.019819571123988713,0.019819571123988713,0.019707714422607468,0.014152158867051911,0.021036825527199855,0.02168715327688268
999,0.022514426894183502,0.019819571123988713,0.019819571123988713,0.019707714422607468,0.019707714422607468,0.017635464982982168,0.021505163179454292
033,0.02246388993903505,0.019187859184633057,0.019187859184633057,0.0280410477559408,0.022485492200385242,0.01423410443876448,0.02144449981364483
051,0.02246388993903505,0.019187859184633057,0.019187859184633057,0.011374381089274133,0.030818825533718577,0.017635464982982168,0.022961083958881384
055,0.02246388993903505,0.019187859184633057,0.019187859184633057,0.011374381089274133,0.02526326997816302,0.01423410443876448,0.022521274556762783
056,0.02246388993903505,0.019187859184633057,0.019187859184633057,0.019707714422607468,0.014152158867051911,0.017635464982982168,0.022248289410620202
068,0.02246388993903505,0.019187859184633057,0.019187859184633057,0.011374381089274133,0.014152158867051911,0.010832743894546793,0.022794259702905363
105,0.02246388993903505,0.019187859184633057,0.019187859184633057,0.019707714422607468,0.019707714422607468,0.021036825527199855,0.022035967630287086
144,0.02246388993903505,0.019187859184633057,0.019187859184633057,0.011374381089274133,0.01692993664482969,0.017635464982982168,0.023370561678095255
160,0.02246388993903505,0.019187859184633057,0.019187859184633057,0.036374381089274134,0.02526326997816302,0.017635464982982168,0.021702319118335044
220,0.02246388993903505,0.019187859184633057,0.019187859184633057,0.019707714422607468,0.01692993664482969,0.02783954661563523,0.021793314167049237
231,0.02246388993903505,0.019187859184633057,0.019187859184633057,0.011374381089274133,0.019707714422607468,0.021036825527199855,0.02276392802000063
256,0.02246388993903505,0.019187859184633057,0.019187859184633057,0.019707714422607468,0.022485492200385242,0.017635464982982168,0.02171748495978741
287,0.02246388993903505,0.019187859184633057,0.019187859184633057,0.036374381089274134,0.0280410477559408,0.021036825527199855,0.021429333972192464
333,0.02246388993903505,0.019187859184633057,0.019187859184633057,0.011374381089274133,0.01692993664482969,0.017635464982982168,0.02299141564178611
338,0.02246388993903505,0.019187859184633057,0.019187859184633057,0.011374381089274133,0.01692993664482969,0.021036825527199855,0.022794259702905363
372,0.02246388993903505,0.019187859184633057,0.019187859184633057,0.019707714422607468,0.019707714422607468,0.024438186071417543,0.021429333972192464
415,0.02246388993903505,0.019187859184633057,0.019187859184633057,0.011374381089274133,0.01692993664482969,0.031240907159852914,0.023264400787928692
445,0.02246388993903505,0.019187859184633057,0.019187859184633057,0.011374381089274133,0.019707714422607468,0.024438186071417543,0.02253644039821515
469,0.02246388993903505,0.019187859184633057,0.019187859184633057,0.019707714422607468,0.01692993664482969,0.017635464982982168,0.022248289410620202
501,0.02246388993903505,0.019187859184633057,0.019187859184633057,0.019707714422607468,0.019707714422607468,0.017635464982982168,0.021399002289287733
513,0.02246388993903505,0.019187859184633057,0.019187859184633057,0.019707714422607468,0.022485492200385242,0.021036825527199855,0.02148999733800193
527,0.02246388993903505,0.019187859184633057,0.019187859184633057,0.011374381089274133,0.01692993664482969,0.02783954661563523,0.02243027950804859
533,0.02246388993903505,0.019187859184633057,0.019187859184633057,0.036374381089274134,0.02526326997816302,0.01423410443876448,0.021641655752525583
551,0.02246388993903505,0.019187859184633057,0.019187859184633057,0.0280410477559408,0.02526326997816302,0.01423410443876448,0.02159615822816849
570,0.02246388993903505,0.019187859184633057,0.019187859184633057,0.019707714422607468,0.022485492200385242,0.017635464982982168,0.021626489911073216
685,0.02246388993903505,0.019187859184633057,0.019187859184633057,0.019707714422607468,0.01692993664482969,0.017635464982982168,0.02223312356916784
693,0.02246388993903505,0.019187859184633057,0.019187859184633057,0.0280410477559408,0.02526326997816302,0.017635464982982168,0.021520329020906656
700,0.02246388993903505,0.019187859184633057,0.019187859184633057,0.011374381089274133,0.019707714422607468,0.010832743894546793,0.022308952776429667
713,0.02246388993903505,0.019187859184633057,0.019187859184633057,0.019707714422607468,0.022485492200385242,0.024438186071417543,0.022066299313191817
733,0.02246388993903505,0.019187859184633057,0.019187859184633057,0.036374381089274134,0.0280410477559408,0.024438186071417543,0.02158099238671612
734,0.02246388993903505,0.019187859184633057,0.019187859184633057,0.036374381089274134,0.0280410477559408,0.024438186071417543,0.02138383644783537
773,0.02246388993903505,0.019187859184633057,0.019187859184633057,0.036374381089274134,0.030818825533718577,0.017635464982982168,0.021399002289287733
789,0.02246388993903505,0.019187859184633057,0.019187859184633057,0.019707714422607468,0.014152158867051911,0.031240907159852914,0.02212696267900128
792,0.02246388993903505,0.019187859184633057,0.019187859184633057,0.0280410477559408,0.022485492200385242,0.024438186071417543,0.02158099238671612
805,0.02246388993903505,0.019187859184633057,0.019187859184633057,0.011374381089274133,0.014152158867051911,0.021036825527199855,0.024068190384904067
806,0.02246388993903505,0.019187859184633057,0.019187859184633057,0.011374381089274133,0.014152158867051911,0.031240907159852914,0.02338572751954762
839,0.02246388993903505,0.019187859184633057,0.019187859184633057,0.011374381089274133,0.022485492200385242,0.024438186071417543,0.022748762178548265
868,0.02246388993903505,0.019187859184633057,0.019187859184633057,0.019707714422607468,0.014152158867051911,0.017635464982982168,0.02199047010592999
899,0.02246388993903505,0.019187859184633057,0.019187859184633057,0.011374381089274133,0.011374381089274133,0.017635464982982168,0.02411368790926116
947,0.02246388993903505,0.019187859184633057,0.019187859184633057,0.011374381089274133,0.019707714422607468,0.017635464982982168,0.02235445030078676
958,0.02246388993903505,0.019187859184633057,0.019187859184633057,0.011374381089274133,0.014152158867051911,0.01423410443876448,0.023582883458428367
961,0.02246388993903505,0.019187859184633057,0.019187859184633057,0.0280410477559408,0.022485492200385242,0.024438186071417543,0.02182364584995397
004,0.022413352983886595,0.018556147245277405,0.018556147245277405,0.011374381089274133,0.014152158867051911,0.02783954661563523,0.022597103764024608
041,0.022413352983886595,0.018556147245277405,0.018556147245277405,0.011374381089274133,0.014152158867051911,0.024438186071417543,0.02347672256826181
146,0.022413352983886595,0.018556147245277405,0.018556147245277405,0.011374381089274133,0.01692993664482969,0.017635464982982168,0.022490942873858052
176,0.022413352983886595,0.018556147245277405,0.018556147245277405,0.011374381089274133,0.01692993664482969,0.010832743894546793,0.022809425544357727
184,0.022413352983886595,0.018556147245277405,0.018556147245277405,0.019707714422607468,0.014152158867051911,0.024438186071417543,0.022051133471739454
235,0.022413352983886595,0.018556147245277405,0.018556147245277405,0.019707714422607468,0.0280410477559408,0.017635464982982168,0.021702319118335044
238,0.022413352983886595,0.018556147245277405,0.018556147245277405,0.019707714422607468,0.022485492200385242,0.01423410443876448,0.02159615822816849
242,0.022413352983886595,0.018556147245277405,0.018556147245277405,0.019707714422607468,0.019707714422607468,0.010832743894546793,0.021611324069620852
255,0.022413352983886595,0.018556147245277405,0.018556147245277405,0.011374381089274133,0.019707714422607468,0.010832743894546793,0.022369616142239125
298,0.022413352983886595,0.018556147245277405,0.018556147245277405,0.019707714422607468,0.019707714422607468,0.017635464982982168,0.021929806740120527
323,0.022413352983886595,0.018556147245277405,0.018556147245277405,0.011374381089274133,0.019707714422607468,0.01423410443876448,0.022779093861453
351,0.022413352983886595,0.018556147245277405,0.018556147245277405,0.019707714422607468,0.022485492200385242,0.02783954661563523,0.021671987435430314
359,0.022413352983886595,0.018556147245277405,0.018556147245277405,0.011374381089274133,0.022485492200385242,0.024438186071417543,0.02243027950804859
367,0.022413352983886595,0.018556147245277405,0.018556147245277405,0.019707714422607468,0.019707714422607468,0.010832743894546793,0.021520329020906656
377,0.022413352983886595,0.018556147245277405,0.018556147245277405,0.019707714422607468,0.01692993664482969,0.01423410443876448,0.021535494862359023
397,0.022413352983886595,0.018556147245277405,0.018556147245277405,0.011374381089274133,0.019707714422607468,0.017635464982982168,0.023400893360999982
459,0.022413352983886595,0.018556147245277405,0.018556147245277405,0.011374381089274133,0.011374381089274133,0.021036825527199855,0.02411368790926116
470,0.022413352983886595,0.018556147245277405,0.018556147245277405,0.019707714422607468,0.02526326997816302,0.017635464982982168,0.021747816642692142
477,0.022413352983886595,0.018556147245277405,0.018556147245277405,0.019707714422607468,0.019707714422607468,0.01423410443876448,0.02212696267900128
502,0.022413352983886595,0.018556147245277405,0.018556147245277405,0.036374381089274134,0.022485492200385242,0.021036825527199855,0.021899475057215796
506,0.022413352983886595,0.018556147245277405,0.018556147245277405,0.011374381089274133,0.019707714422607468,0.021036825527199855,0.022961083958881384
512,0.022413352983886595,0.018556147245277405,0.018556147245277405,0.019707714422607468,0.01692993664482969,0.021036825527199855,0.02182364584995397
584,0.022413352983886595,0.018556147245277405,0.018556147245277405,0.019707714422607468,0.01692993664482969,0.01423410443876448,0.021975304264477625
588,0.022413352983886595,0.018556147245277405,0.018556147245277405,0.0280410477559408,0.01692993664482969,0.017635464982982168,0.02211179683754891
626,0.022413352983886595,0.018556147245277405,0.018556147245277405,0.019707714422607468,0.01692993664482969,0.01423410443876448,0.02226345525207257
657,0.022413352983886595,0.018556147245277405,0.018556147245277405,0.019707714422607468,0.01692993664482969,0.01423410443876448,0.021914640898668163
714,0.022413352983886595,0.018556147245277405,0.018556147245277405,0.011374381089274133,0.02526326997816302,0.017635464982982168,0.022961083958881384
754,0.022413352983886595,0.018556147245277405,0.018556147245277405,0.019707714422607468,0.022485492200385242,0.024438186071417543,0.022081465154644184
780,0.022413352983886595,0.018556147245277405,0.018556147245277405,0.011374381089274133,0.01692993664482969,0.02783954661563523,0.02243027950804859
797,0.022413352983886595,0.018556147245277405,0.018556147245277405,0.019707714422607468,0.019707714422607468,0.031240907159852914,0.0214141681307401
821,0.022413352983886595,0.018556147245277405,0.018556147245277405,0.019707714422607468,0.019707714422607468,0.010832743894546793,0.021975304264477625
886,0.022413352983886595,0.018556147245277405,0.018556147245277405,0.011374381089274133,0.01692993664482969,0.02783954661563523,0.023006581483238482
914,0.022413352983886595,0.018556147245277405,0.018556147245277405,0.019707714422607468,0.014152158867051911,0.024438186071417543,0.021611324069620852
952,0.022413352983886595,0.018556147245277405,0.018556147245277405,0.019707714422607468,0.022485492200385242,0.024438186071417543,0.02196013842302526
967,0.022413352983886595,0.018556147245277405,0.018556147245277405,0.019707714422607468,0.022485492200385242,0.010832743894546793,0.02159615822816849
977,0.022413352983886595,0.018556147245277405,0.018556147245277405,0.019707714422607468,0.019707714422607468,0.01423410443876448,0.022172460203358377
987,0.022413352983886595,0.018556147245277405,0.018556147245277405,0.011374381089274133,0.019707714422607468,0.017635464982982168,0.022308952776429667
008,0.022362816028738144,0.01792443530592175,0.01792443530592175,0.019707714422607468,0.019707714422607468,0.017635464982982168,0.022066299313191817
082,0.022362816028738144,0.01792443530592175,0.01792443530592175,0.036374381089274134,0.02526326997816302,0.021036825527199855,0.021611324069620852
091,0.022362816028738144,0.01792443530592175,0.01792443530592175,0.019707714422607468,0.022485492200385242,0.021036825527199855,0.021565826545263754
134,0.022362816028738144,0.01792443530592175,0.01792443530592175,0.019707714422607468,0.01692993664482969,0.017635464982982168,0.02182364584995397
204,0.022362816028738144,0.01792443530592175,0.01792443530592175,0.019707714422607468,0.02526326997816302,0.01423410443876448,0.021869143374311065
227,0.022362816028738144,0.01792443530592175,0.01792443530592175,0.011374381089274133,0.01692993664482969,0.017635464982982168,0.02246061119095332
269,0.022362816028738144,0.01792443530592175,0.01792443530592175,0.019707714422607468,0.01692993664482969,0.017635464982982168,0.02168715327688268
271,0.022362816028738144,0.01792443530592175,0.01792443530592175,0.019707714422607468,0.022485492200385242,0.01423410443876448,0.02215729436190601
304,0.022362816028738144,0.01792443530592175,0.01792443530592175,0.011374381089274133,0.01692993664482969,0.017635464982982168,0.023006581483238482
354,0.022362816028738144,0.01792443530592175,0.01792443530592175,0.0280410477559408,0.022485492200385242,0.021036825527199855,0.021626489911073216
373,0.022362816028738144,0.01792443530592175,0.01792443530592175,0.011374381089274133,0.022485492200385242,0.017635464982982168,0.022809425544357727
374,0.022362816028738144,0.01792443530592175,0.01792443530592175,0.011374381089274133,0.022485492200385242,0.017635464982982168,0.022839757227262458
406,0.022362816028738144,0.01792443530592175,0.01792443530592175,0.0280410477559408,0.022485492200385242,0.02783954661563523,0.021869143374311065
436,0.022362816028738144,0.01792443530592175,0.01792443530592175,0.019707714422607468,0.019707714422607468,0.024438186071417543,0.02212696267900128
453,0.022362816028738144,0.01792443530592175,0.01792443530592175,0.0280410477559408,0.019707714422607468,0.01423410443876448,0.022066299313191817
624,0.022362816028738144,0.01792443530592175,0.01792443530592175,0.011374381089274133,0.014152158867051911,0.02783954661563523,0.02314307405630977
664,0.022362816028738144,0.01792443530592175,0.01792443530592175,0.019707714422607468,0.01692993664482969,0.017635464982982168,0.021975304264477625
667,0.022362816028738144,0.01792443530592175,0.01792443530592175,0.011374381089274133,0.011374381089274133,0.017635464982982168,0.02411368790926116
717,0.022362816028738144,0.01792443530592175,0.01792443530592175,0.011374381089274133,0.02526326997816302,0.01423410443876448,0.022809425544357727
784,0.022362816028738144,0.01792443530592175,0.01792443530592175,0.011374381089274133,0.0280410477559408,0.01423410443876448,0.022642601288381706
856,0.022362816028738144,0.01792443530592175,0.01792443530592175,0.019707714422607468,0.01692993664482969,0.021036825527199855,0.022187626044810744
924,0.022362816028738144,0.01792443530592175,0.01792443530592175,0.0280410477559408,0.02526326997816302,0.01423410443876448,0.02159615822816849
006,0.02231227907358969,0.017292723366566096,0.017292723366566096,0.019707714422607468,0.019707714422607468,0.021036825527199855,0.02171748495978741
019,0.02231227907358969,0.017292723366566096,0.017292723366566096,0.019707714422607468,0.01692993664482969,0.034642267704070605,0.02221795772771547
029,0.02231227907358969,0.017292723366566096,0.017292723366566096,0.011374381089274133,0.01692993664482969,0.024438186071417543,0.022915586434524286
088,0.02231227907358969,0.017292723366566096,0.017292723366566096,0.019707714422607468,0.01692993664482969,0.010832743894546793,0.021747816642692142
149,0.02231227907358969,0.017292723366566096,0.017292723366566096,0.011374381089274133,0.014152158867051911,0.024438186071417543,0.02246061119095332
275,0.02231227907358969,0.017292723366566096,0.017292723366566096,0.019707714422607468,0.022485492200385242,0.017635464982982168,0.021914640898668163
343,0.02231227907358969,0.017292723366566096,0.017292723366566096,0.019707714422607468,0.01692993664482969,0.024438186071417543,0.022066299313191817
411,0.02231227907358969,0.017292723366566096,0.017292723366566096,0.019707714422607468,0.02526326997816302,0.017635464982982168,0.022172460203358377
443,0.02231227907358969,0.017292723366566096,0.017292723366566096,0.019707714422607468,0.014152158867051911,0.021036825527199855,0.022278621093524936
451,0.02231227907358969,0.017292723366566096,0.017292723366566096,0.011374381089274133,0.014152158867051911,0.010832743894546793,0.023901366128928042
456,0.02231227907358969,0.017292723366566096,0.017292723366566096,0.019707714422607468,0.014152158867051911,0.017635464982982168,0.02188430921576343
474,0.02231227907358969,0.017292723366566096,0.017292723366566096,0.019707714422607468,0.014152158867051911,0.021036825527199855,0.022005635947382356
576,0.02231227907358969,0.017292723366566096,0.017292723366566096,0.011374381089274133,0.011374381089274133,0.017635464982982168,0.02411368790926116
596,0.02231227907358969,0.017292723366566096,0.017292723366566096,0.0280410477559408,0.019707714422607468,0.01423410443876448,0.02138383644783537
628,0.02231227907358969,0.017292723366566096,0.017292723366566096,0.019707714422607468,0.01692993664482969,0.017635464982982168,0.022187626044810744
629,0.02231227907358969,0.017292723366566096,0.017292723366566096,0.019707714422607468,0.014152158867051911,0.017635464982982168,0.021747816642692142
684,0.02231227907358969,0.017292723366566096,0.017292723366566096,0.011374381089274133,0.019707714422607468,0.024438186071417543,0.022733596337095898
802,0.02231227907358969,0.017292723366566096,0.017292723366566096,0.011374381089274133,0.014152158867051911,0.021036825527199855,0.022369616142239125
040,0.02226174211844124,0.016661011427210444,0.016661011427210444,0.019707714422607468,0.01692993664482969,0.017635464982982168,0.021611324069620852
085,0.02226174211844124,0.016661011427210444,0.016661011427210444,0.011374381089274133,0.01692993664482969,0.017635464982982168,0.02267293297128644
253,0.02226174211844124,0.016661011427210444,0.016661011427210444,0.011374381089274133,0.01692993664482969,0.010832743894546793,0.022475777032405685
259,0.02226174211844124,0.016661011427210444,0.016661011427210444,0.011374381089274133,0.01692993664482969,0.017635464982982168,0.02290042059307192
555,0.02226174211844124,0.016661011427210444,0.016661011427210444,0.011374381089274133,0.014152158867051911,0.01423410443876448,0.022521274556762783
658,0.02226174211844124,0.016661011427210444,0.016661011427210444,0.011374381089274133,0.01692993664482969,0.01423410443876448,0.02353738593407127
730,0.02226174211844124,0.016661011427210444,0.016661011427210444,0.019707714422607468,0.022485492200385242,0.024438186071417543,0.021641655752525583
783,0.02226174211844124,0.016661011427210444,0.016661011427210444,0.011374381089274133,0.014152158867051911,0.024438186071417543,0.022445445349500954
795,0.02226174211844124,0.016661011427210444,0.016661011427210444,0.044707714422607465,0.02526326997816302,0.021036825527199855,0.021429333972192464
807,0.02226174211844124,0.016661011427210444,0.016661011427210444,0.019707714422607468,0.019707714422607468,0.01423410443876448,0.021671987435430314
808,0.02226174211844124,0.016661011427210444,0.016661011427210444,0.011374381089274133,0.01692993664482969,0.017635464982982168,0.023582883458428367
828,0.02226174211844124,0.016661011427210444,0.016661011427210444,0.011374381089274133,0.022485492200385242,0.021036825527199855,0.022976249800333748
870,0.02226174211844124,0.016661011427210444,0.016661011427210444,0.011374381089274133,0.01692993664482969,0.021036825527199855,0.023127908214857402
874,0.02226174211844124,0.016661011427210444,0.016661011427210444,0.0280410477559408,0.019707714422607468,0.024438186071417543,0.02147483149654956
893,0.02226174211844124,0.016661011427210444,0.016661011427210444,0.036374381089274134,0.019707714422607468,0.010832743894546793,0.02148999733800193
968,0.02226174211844124,0.016661011427210444,0.016661011427210444,0.019707714422607468,0.019707714422607468,0.017635464982982168,0.022096630996096548
042,0.022211205163292787,0.016029299487854788,0.016029299487854788,0.0280410477559408,0.022485492200385242,0.017635464982982168,0.02168715327688268
090,0.022211205163292787,0.016029299487854788,0.016029299487854788,0.0280410477559408,0.022485492200385242,0.017635464982982168,0.022005635947382356
315,0.022211205163292787,0.016029299487854788,0.016029299487854788,0.011374381089274133,0.011374381089274133,0.017635464982982168,0.02411368790926116
400,0.022211205163292787,0.016029299487854788,0.016029299487854788,0.019707714422607468,0.01692993664482969,0.01423410443876448,0.021702319118335044
434,0.022211205163292787,0.016029299487854788,0.016029299487854788,0.036374381089274134,0.022485492200385242,0.01423410443876448,0.021732650801239775
812,0.022211205163292787,0.016029299487854788,0.016029299487854788,0.0280410477559408,0.019707714422607468,0.01423410443876448,0.021778148325596873
929,0.022211205163292787,0.016029299487854788,0.016029299487854788,0.019707714422607468,0.01692993664482969,0.01423410443876448,0.021975304264477625
979,0.022211205163292787,0.016029299487854788,0.016029299487854788,0.011374381089274133,0.022485492200385242,0.01423410443876448,0.022308952776429667
017,0.022160668208144337,0.015397587548499136,0.015397587548499136,0.0280410477559408,0.022485492200385242,0.017635464982982168,0.02147483149654956
026,0.022160668208144337,0.015397587548499136,0.015397587548499136,0.011374381089274133,0.011374381089274133,0.01423410443876448,0.02411368790926116
135,0.022160668208144337,0.015397587548499136,0.015397587548499136,0.011374381089274133,0.014152158867051911,0.021036825527199855,0.022475777032405685
178,0.022160668208144337,0.015397587548499136,0.015397587548499136,0.019707714422607468,0.014152158867051911,0.01423410443876448,0.022142128520453646
747,0.022110131252995883,0.014765875609143482,0.014765875609143482,0.011374381089274133,0.014152158867051911,0.017635464982982168,0.02327956662938106
