number,probability,raw_model_probability,long_rate,short_rate,recent_long_rate,weekday_rate,gap_signal
662,0.0232136380147761,0.034370658084244075,0.034370658084244075,0.0280410477559408,0.0280410477559408,0.04144498879250598,0.021778148325596873
053,0.023137784664586464,0.03247432432950324,0.03247432432950324,0.0280410477559408,0.022485492200385242,0.034642267704070605,0.021732650801239775
572,0.023137784664586464,0.03247432432950324,0.03247432432950324,0.019707714422607468,0.0280410477559408,0.04144498879250598,0.021762982484144506
369,0.023112500214523254,0.03184221307792297,0.03184221307792297,0.0280410477559408,0.02526326997816302,0.024438186071417543,0.021975304264477625
432,0.023112500214523254,0.03184221307792297,0.03184221307792297,0.044707714422607465,0.03359660331149635,0.034642267704070605,0.02147483149654956
526,0.023112500214523254,0.03184221307792297,0.03184221307792297,0.036374381089274134,0.030818825533718577,0.04144498879250598,0.021702319118335044
592,0.023112500214523254,0.03184221307792297,0.03184221307792297,0.036374381089274134,0.030818825533718577,0.02783954661563523,0.02158099238671612
080,0.02308721576446004,0.031210101826342686,0.031210101826342686,0.0530410477559408,0.04470771442260746,0.031240907159852914,0.021778148325596873
697,0.02308721576446004,0.031210101826342686,0.031210101826342686,0.036374381089274134,0.030818825533718577,0.031240907159852914,0.021656821593977946
114,0.023061931314396832,0.030577990574762407,0.030577990574762407,0.019707714422607468,0.03915215886705191,0.017635464982982168,0.021611324069620852
186,0.023061931314396832,0.030577990574762407,0.030577990574762407,0.011374381089274133,0.0280410477559408,0.031240907159852914,0.022627435446929342
294,0.023061931314396832,0.030577990574762407,0.030577990574762407,0.0280410477559408,0.030818825533718577,0.03804362824828829,0.021641655752525583
370,0.023061931314396832,0.030577990574762407,0.030577990574762407,0.019707714422607468,0.02526326997816302,0.034642267704070605,0.0218539775328587
599,0.023061931314396832,0.030577990574762407,0.030577990574762407,0.036374381089274134,0.030818825533718577,0.031240907159852914,0.02155066070381139
645,0.023061931314396832,0.030577990574762407,0.030577990574762407,0.0280410477559408,0.030818825533718577,0.021036825527199855,0.0218539775328587
867,0.023061931314396832,0.030577990574762407,0.030577990574762407,0.019707714422607468,0.02526326997816302,0.017635464982982168,0.02171748495978741
983,0.023061931314396832,0.030577990574762407,0.030577990574762407,0.019707714422607468,0.030818825533718577,0.031240907159852914,0.022005635947382356
119,0.02303664686433362,0.029945879323182132,0.029945879323182132,0.0280410477559408,0.02526326997816302,0.021036825527199855,0.021611324069620852
179,0.02303664686433362,0.029945879323182132,0.029945879323182132,0.019707714422607468,0.030818825533718577,0.02783954661563523,0.021702319118335044
213,0.02303664686433362,0.029945879323182132,0.029945879323182132,0.019707714422607468,0.022485492200385242,0.04144498879250598,0.021929806740120527
653,0.02303664686433362,0.029945879323182132,0.029945879323182132,0.011374381089274133,0.0280410477559408,0.017635464982982168,0.022490942873858052
875,0.02303664686433362,0.029945879323182132,0.029945879323182132,0.036374381089274134,0.030818825533718577,0.021036825527199855,0.021505163179454292
878,0.02303664686433362,0.029945879323182132,0.029945879323182132,0.019707714422607468,0.022485492200385242,0.03804362824828829,0.021793314167049237
964,0.02303664686433362,0.029945879323182132,0.029945879323182132,0.036374381089274134,0.03359660331149635,0.01423410443876448,0.021747816642692142
057,0.02301136241427041,0.029313768071601853,0.029313768071601853,0.0280410477559408,0.030818825533718577,0.034642267704070605,0.021505163179454292
079,0.02301136241427041,0.029313768071601853,0.029313768071601853,0.019707714422607468,0.01692993664482969,0.034642267704070605,0.02226345525207257
243,0.02301136241427041,0.029313768071601853,0.029313768071601853,0.019707714422607468,0.02526326997816302,0.02783954661563523,0.021732650801239775
473,0.02301136241427041,0.029313768071601853,0.029313768071601853,0.0280410477559408,0.03359660331149635,0.017635464982982168,0.02138383644783537
484,0.02301136241427041,0.029313768071601853,0.029313768071601853,0.019707714422607468,0.019707714422607468,0.024438186071417543,0.022278621093524936
612,0.02301136241427041,0.029313768071601853,0.029313768071601853,0.036374381089274134,0.030818825533718577,0.02783954661563523,0.02138383644783537
676,0.02301136241427041,0.029313768071601853,0.029313768071601853,0.036374381089274134,0.03359660331149635,0.031240907159852914,0.02182364584995397
811,0.02301136241427041,0.029313768071601853,0.029313768071601853,0.044707714422607465,0.0280410477559408,0.024438186071417543,0.021808480008501604
848,0.02301136241427041,0.029313768071601853,0.029313768071601853,0.036374381089274134,0.0280410477559408,0.034642267704070605,0.02148999733800193
013,0.022986077964207197,0.028681656820021575,0.028681656820021575,0.0280410477559408,0.030818825533718577,0.01423410443876448,0.02155066070381139
052,0.022986077964207197,0.028681656820021575,0.028681656820021575,0.0280410477559408,0.02526326997816302,0.034642267704070605,0.021778148325596873
073,0.022986077964207197,0.028681656820021575,0.028681656820021575,0.0280410477559408,0.0280410477559408,0.034642267704070605,0.021899475057215796
267,0.022986077964207197,0.028681656820021575,0.028681656820021575,0.011374381089274133,0.02526326997816302,0.04144498879250598,0.023006581483238482
326,0.022986077964207197,0.028681656820021575,0.028681656820021575,0.044707714422607465,0.0280410477559408,0.034642267704070605,0.021535494862359023
356,0.022986077964207197,0.028681656820021575,0.028681656820021575,0.019707714422607468,0.022485492200385242,0.024438186071417543,0.021838811691406335
522,0.022986077964207197,0.028681656820021575,0.028681656820021575,0.036374381089274134,0.030818825533718577,0.024438186071417543,0.02158099238671612
547,0.022986077964207197,0.028681656820021575,0.028681656820021575,0.036374381089274134,0.03359660331149635,0.021036825527199855,0.02158099238671612
619,0.022986077964207197,0.028681656820021575,0.028681656820021575,0.019707714422607468,0.030818825533718577,0.021036825527199855,0.0214141681307401
661,0.022986077964207197,0.028681656820021575,0.028681656820021575,0.036374381089274134,0.02526326997816302,0.031240907159852914,0.02182364584995397
774,0.022986077964207197,0.028681656820021575,0.028681656820021575,0.019707714422607468,0.036374381089274134,0.02783954661563523,0.02148999733800193
906,0.022986077964207197,0.028681656820021575,0.028681656820021575,0.0280410477559408,0.03359660331149635,0.021036825527199855,0.021505163179454292
957,0.022986077964207197,0.028681656820021575,0.028681656820021575,0.044707714422607465,0.036374381089274134,0.010832743894546793,0.021535494862359023
981,0.022986077964207197,0.028681656820021575,0.028681656820021575,0.044707714422607465,0.030818825533718577,0.031240907159852914,0.021641655752525583
000,0.022960793514143988,0.028049545568441296,0.028049545568441296,0.019707714422607468,0.030818825533718577,0.024438186071417543,0.022187626044810744
112,0.022960793514143988,0.028049545568441296,0.028049545568441296,0.019707714422607468,0.01692993664482969,0.021036825527199855,0.021778148325596873
124,0.022960793514143988,0.028049545568441296,0.028049545568441296,0.019707714422607468,0.01692993664482969,0.031240907159852914,0.021505163179454292
132,0.022960793514143988,0.028049545568441296,0.028049545568441296,0.0530410477559408,0.03359660331149635,0.031240907159852914,0.021399002289287733
194,0.022960793514143988,0.028049545568441296,0.028049545568441296,0.019707714422607468,0.022485492200385242,0.021036825527199855,0.022081465154644184
409,0.022960793514143988,0.028049545568441296,0.028049545568441296,0.036374381089274134,0.036374381089274134,0.034642267704070605,0.021535494862359023
419,0.022960793514143988,0.028049545568441296,0.028049545568441296,0.019707714422607468,0.01692993664482969,0.034642267704070605,0.0214141681307401
422,0.022960793514143988,0.028049545568441296,0.028049545568441296,0.019707714422607468,0.01692993664482969,0.031240907159852914,0.021762982484144506
492,0.022960793514143988,0.028049545568441296,0.028049545568441296,0.0280410477559408,0.030818825533718577,0.044846349336723663,0.0214141681307401
532,0.022960793514143988,0.028049545568441296,0.028049545568441296,0.019707714422607468,0.030818825533718577,0.021036825527199855,0.02196013842302526
573,0.022960793514143988,0.028049545568441296,0.028049545568441296,0.019707714422607468,0.01692993664482969,0.021036825527199855,0.021702319118335044
620,0.022960793514143988,0.028049545568441296,0.028049545568441296,0.0280410477559408,0.019707714422607468,0.034642267704070605,0.02138383644783537
691,0.022960793514143988,0.028049545568441296,0.028049545568441296,0.011374381089274133,0.030818825533718577,0.02783954661563523,0.0222937869349773
724,0.022960793514143988,0.028049545568441296,0.028049545568441296,0.036374381089274134,0.030818825533718577,0.03804362824828829,0.022035967630287086
749,0.022960793514143988,0.028049545568441296,0.028049545568441296,0.0280410477559408,0.022485492200385242,0.02783954661563523,0.021838811691406335
836,0.022960793514143988,0.028049545568441296,0.028049545568441296,0.019707714422607468,0.03359660331149635,0.02783954661563523,0.022096630996096548
854,0.022960793514143988,0.028049545568441296,0.028049545568441296,0.019707714422607468,0.02526326997816302,0.031240907159852914,0.02226345525207257
871,0.022960793514143988,0.028049545568441296,0.028049545568441296,0.019707714422607468,0.019707714422607468,0.031240907159852914,0.02168715327688268
978,0.022960793514143988,0.028049545568441296,0.028049545568441296,0.011374381089274133,0.022485492200385242,0.031240907159852914,0.02235445030078676
059,0.022935509064080775,0.027417434316861018,0.027417434316861018,0.036374381089274134,0.0280410477559408,0.024438186071417543,0.021838811691406335
081,0.022935509064080775,0.027417434316861018,0.027417434316861018,0.0280410477559408,0.030818825533718577,0.02783954661563523,0.02188430921576343
092,0.022935509064080775,0.027417434316861018,0.027417434316861018,0.011374381089274133,0.0280410477559408,0.01423410443876448,0.02285492306871482
151,0.022935509064080775,0.027417434316861018,0.027417434316861018,0.011374381089274133,0.01692993664482969,0.021036825527199855,0.023097576531952674
244,0.022935509064080775,0.027417434316861018,0.027417434316861018,0.019707714422607468,0.022485492200385242,0.02783954661563523,0.02148999733800193
358,0.022935509064080775,0.027417434316861018,0.027417434316861018,0.019707714422607468,0.022485492200385242,0.024438186071417543,0.021914640898668163
362,0.022935509064080775,0.027417434316861018,0.027417434316861018,0.011374381089274133,0.01692993664482969,0.02783954661563523,0.022581937922572244
363,0.022935509064080775,0.027417434316861018,0.027417434316861018,0.019707714422607468,0.022485492200385242,0.024438186071417543,0.022035967630287086
475,0.022935509064080775,0.027417434316861018,0.027417434316861018,0.011374381089274133,0.01692993664482969,0.021036825527199855,0.02256677208111988
491,0.022935509064080775,0.027417434316861018,0.027417434316861018,0.011374381089274133,0.0280410477559408,0.02783954661563523,0.022794259702905363
525,0.022935509064080775,0.027417434316861018,0.027417434316861018,0.0280410477559408,0.022485492200385242,0.04144498879250598,0.022066299313191817
556,0.022935509064080775,0.027417434316861018,0.027417434316861018,0.036374381089274134,0.036374381089274134,0.017635464982982168,0.022142128520453646
606,0.022935509064080775,0.027417434316861018,0.027417434316861018,0.0280410477559408,0.03915215886705191,0.021036825527199855,0.021429333972192464
633,0.022935509064080775,0.027417434316861018,0.027417434316861018,0.044707714422607465,0.030818825533718577,0.017635464982982168,0.021399002289287733
715,0.022935509064080775,0.027417434316861018,0.027417434316861018,0.036374381089274134,0.030818825533718577,0.021036825527199855,0.021671987435430314
932,0.022935509064080775,0.027417434316861018,0.027417434316861018,0.0280410477559408,0.022485492200385242,0.03804362824828829,0.021869143374311065
975,0.022935509064080775,0.027417434316861018,0.027417434316861018,0.019707714422607468,0.02526326997816302,0.02783954661563523,0.021747816642692142
032,0.022910224614017566,0.02678532306528074,0.02678532306528074,0.0280410477559408,0.02526326997816302,0.024438186071417543,0.021520329020906656
035,0.022910224614017566,0.02678532306528074,0.02678532306528074,0.036374381089274134,0.0280410477559408,0.021036825527199855,0.021671987435430314
063,0.022910224614017566,0.02678532306528074,0.02678532306528074,0.0280410477559408,0.030818825533718577,0.017635464982982168,0.021656821593977946
102,0.022910224614017566,0.02678532306528074,0.02678532306528074,0.011374381089274133,0.022485492200385242,0.02783954661563523,0.022308952776429667
115,0.022910224614017566,0.02678532306528074,0.02678532306528074,0.0280410477559408,0.0280410477559408,0.021036825527199855,0.02148999733800193
127,0.022910224614017566,0.02678532306528074,0.02678532306528074,0.019707714422607468,0.019707714422607468,0.021036825527199855,0.022035967630287086
138,0.022910224614017566,0.02678532306528074,0.02678532306528074,0.019707714422607468,0.02526326997816302,0.021036825527199855,0.021838811691406335
189,0.022910224614017566,0.02678532306528074,0.02678532306528074,0.036374381089274134,0.030818825533718577,0.017635464982982168,0.021671987435430314
200,0.022910224614017566,0.02678532306528074,0.02678532306528074,0.0530410477559408,0.0280410477559408,0.034642267704070605,0.021535494862359023
206,0.022910224614017566,0.02678532306528074,0.02678532306528074,0.019707714422607468,0.022485492200385242,0.031240907159852914,0.021459665655097198
221,0.022910224614017566,0.02678532306528074,0.02678532306528074,0.019707714422607468,0.02526326997816302,0.02783954661563523,0.02212696267900128
224,0.022910224614017566,0.02678532306528074,0.02678532306528074,0.019707714422607468,0.02526326997816302,0.01423410443876448,0.0218539775328587
239,0.022910224614017566,0.02678532306528074,0.02678532306528074,0.0280410477559408,0.02526326997816302,0.034642267704070605,0.021565826545263754
254,0.022910224614017566,0.02678532306528074,0.02678532306528074,0.0280410477559408,0.0280410477559408,0.021036825527199855,0.02147483149654956
274,0.022910224614017566,0.02678532306528074,0.02678532306528074,0.011374381089274133,0.014152158867051911,0.017635464982982168,0.022415113666596223
296,0.022910224614017566,0.02678532306528074,0.02678532306528074,0.011374381089274133,0.022485492200385242,0.017635464982982168,0.02235445030078676
336,0.022910224614017566,0.02678532306528074,0.02678532306528074,0.019707714422607468,0.019707714422607468,0.021036825527199855,0.021732650801239775
341,0.022910224614017566,0.02678532306528074,0.02678532306528074,0.019707714422607468,0.02526326997816302,0.02783954661563523,0.021399002289287733
344,0.022910224614017566,0.02678532306528074,0.02678532306528074,0.036374381089274134,0.02526326997816302,0.024438186071417543,0.02155066070381139
394,0.022910224614017566,0.02678532306528074,0.02678532306528074,0.036374381089274134,0.030818825533718577,0.024438186071417543,0.02171748495978741
395,0.022910224614017566,0.02678532306528074,0.02678532306528074,0.019707714422607468,0.0280410477559408,0.021036825527199855,0.021656821593977946
481,0.022910224614017566,0.02678532306528074,0.02678532306528074,0.0280410477559408,0.0280410477559408,0.017635464982982168,0.0214141681307401
523,0.022910224614017566,0.02678532306528074,0.02678532306528074,0.019707714422607468,0.02526326997816302,0.024438186071417543,0.02196013842302526
549,0.022910224614017566,0.02678532306528074,0.02678532306528074,0.011374381089274133,0.01692993664482969,0.031240907159852914,0.022521274556762783
561,0.022910224614017566,0.02678532306528074,0.02678532306528074,0.0280410477559408,0.030818825533718577,0.024438186071417543,0.021399002289287733
634,0.022910224614017566,0.02678532306528074,0.02678532306528074,0.044707714422607465,0.0280410477559408,0.024438186071417543,0.02148999733800193
647,0.022910224614017566,0.02678532306528074,0.02678532306528074,0.0280410477559408,0.022485492200385242,0.02783954661563523,0.022035967630287086
729,0.022910224614017566,0.02678532306528074,0.02678532306528074,0.0280410477559408,0.0280410477559408,0.017635464982982168,0.021793314167049237
742,0.022910224614017566,0.02678532306528074,0.02678532306528074,0.036374381089274134,0.02526326997816302,0.031240907159852914,0.021611324069620852
813,0.022910224614017566,0.02678532306528074,0.02678532306528074,0.019707714422607468,0.019707714422607468,0.017635464982982168,0.021975304264477625
847,0.022910224614017566,0.02678532306528074,0.02678532306528074,0.0280410477559408,0.022485492200385242,0.02783954661563523,0.0214141681307401
879,0.022910224614017566,0.02678532306528074,0.02678532306528074,0.0280410477559408,0.0280410477559408,0.024438186071417543,0.021505163179454292
898,0.022910224614017566,0.02678532306528074,0.02678532306528074,0.011374381089274133,0.019707714422607468,0.02783954661563523,0.023431225043904713
910,0.022910224614017566,0.02678532306528074,0.02678532306528074,0.019707714422607468,0.019707714422607468,0.024438186071417543,0.021656821593977946
916,0.022910224614017566,0.02678532306528074,0.02678532306528074,0.011374381089274133,0.019707714422607468,0.034642267704070605,0.022339284459334394
960,0.022910224614017566,0.02678532306528074,0.02678532306528074,0.0280410477559408,0.022485492200385242,0.01423410443876448,0.021535494862359023
021,0.022884940163954353,0.02615321181370046,0.02615321181370046,0.044707714422607465,0.0280410477559408,0.024438186071417543,0.021611324069620852
031,0.022884940163954353,0.02615321181370046,0.02615321181370046,0.036374381089274134,0.0280410477559408,0.024438186071417543,0.021626489911073216
111,0.022884940163954353,0.02615321181370046,0.02615321181370046,0.0280410477559408,0.02526326997816302,0.03804362824828829,0.022066299313191817
131,0.022884940163954353,0.02615321181370046,0.02615321181370046,0.036374381089274134,0.0280410477559408,0.017635464982982168,0.02168715327688268
147,0.022884940163954353,0.02615321181370046,0.02615321181370046,0.019707714422607468,0.02526326997816302,0.02783954661563523,0.021626489911073216
158,0.022884940163954353,0.02615321181370046,0.02615321181370046,0.011374381089274133,0.01692993664482969,0.024438186071417543,0.022339284459334394
166,0.022884940163954353,0.02615321181370046,0.02615321181370046,0.0280410477559408,0.019707714422607468,0.021036825527199855,0.022187626044810744
169,0.022884940163954353,0.02615321181370046,0.02615321181370046,0.044707714422607465,0.030818825533718577,0.01423410443876448,0.02155066070381139
191,0.022884940163954353,0.02615321181370046,0.02615321181370046,0.019707714422607468,0.030818825533718577,0.021036825527199855,0.022096630996096548
217,0.022884940163954353,0.02615321181370046,0.02615321181370046,0.044707714422607465,0.030818825533718577,0.021036825527199855,0.02148999733800193
250,0.022884940163954353,0.02615321181370046,0.02615321181370046,0.0280410477559408,0.03915215886705191,0.021036825527199855,0.021838811691406335
289,0.022884940163954353,0.02615321181370046,0.02615321181370046,0.011374381089274133,0.014152158867051911,0.031240907159852914,0.023491888409714175
292,0.022884940163954353,0.02615321181370046,0.02615321181370046,0.011374381089274133,0.022485492200385242,0.021036825527199855,0.022506108715310415
313,0.022884940163954353,0.02615321181370046,0.02615321181370046,0.044707714422607465,0.03359660331149635,0.017635464982982168,0.02158099238671612
318,0.022884940163954353,0.02615321181370046,0.02615321181370046,0.036374381089274134,0.022485492200385242,0.017635464982982168,0.021459665655097198
391,0.022884940163954353,0.02615321181370046,0.02615321181370046,0.019707714422607468,0.0280410477559408,0.031240907159852914,0.02196013842302526
396,0.022884940163954353,0.02615321181370046,0.02615321181370046,0.011374381089274133,0.01692993664482969,0.021036825527199855,0.022703264654191167
435,0.022884940163954353,0.02615321181370046,0.02615321181370046,0.0280410477559408,0.02526326997816302,0.024438186071417543,0.02144449981364483
450,0.022884940163954353,0.02615321181370046,0.02615321181370046,0.019707714422607468,0.019707714422607468,0.017635464982982168,0.021793314167049237
509,0.022884940163954353,0.02615321181370046,0.02615321181370046,0.036374381089274134,0.03359660331149635,0.031240907159852914,0.02159615822816849
543,0.022884940163954353,0.02615321181370046,0.02615321181370046,0.011374381089274133,0.01692993664482969,0.017635464982982168,0.02276392802000063
625,0.022884940163954353,0.02615321181370046,0.02615321181370046,0.011374381089274133,0.022485492200385242,0.02783954661563523,0.022733596337095898
665,0.022884940163954353,0.02615321181370046,0.02615321181370046,0.019707714422607468,0.02526326997816302,0.034642267704070605,0.021869143374311065
666,0.022884940163954353,0.02615321181370046,0.02615321181370046,0.019707714422607468,0.03359660331149635,0.031240907159852914,0.02148999733800193
669,0.022884940163954353,0.02615321181370046,0.02615321181370046,0.019707714422607468,0.0280410477559408,0.021036825527199855,0.021793314167049237
720,0.022884940163954353,0.02615321181370046,0.02615321181370046,0.044707714422607465,0.03359660331149635,0.024438186071417543,0.022051133471739454
727,0.022884940163954353,0.02615321181370046,0.02615321181370046,0.019707714422607468,0.0280410477559408,0.01423410443876448,0.022278621093524936
745,0.022884940163954353,0.02615321181370046,0.02615321181370046,0.0280410477559408,0.019707714422607468,0.024438186071417543,0.02144449981364483
761,0.022884940163954353,0.02615321181370046,0.02615321181370046,0.036374381089274134,0.022485492200385242,0.021036825527199855,0.021944972581572894
794,0.022884940163954353,0.02615321181370046,0.02615321181370046,0.0280410477559408,0.02526326997816302,0.024438186071417543,0.021520329020906656
829,0.022884940163954353,0.02615321181370046,0.02615321181370046,0.011374381089274133,0.01692993664482969,0.02783954661563523,0.023188571580666867
844,0.022884940163954353,0.02615321181370046,0.02615321181370046,0.011374381089274133,0.02526326997816302,0.02783954661563523,0.022506108715310415
851,0.022884940163954353,0.02615321181370046,0.02615321181370046,0.036374381089274134,0.036374381089274134,0.024438186071417543,0.021611324069620852
889,0.022884940163954353,0.02615321181370046,0.02615321181370046,0.019707714422607468,0.02526326997816302,0.02783954661563523,0.021641655752525583
902,0.022884940163954353,0.02615321181370046,0.02615321181370046,0.0280410477559408,0.01692993664482969,0.031240907159852914,0.022187626044810744
903,0.022884940163954353,0.02615321181370046,0.02615321181370046,0.044707714422607465,0.0280410477559408,0.034642267704070605,0.02144449981364483
937,0.022884940163954353,0.02615321181370046,0.02615321181370046,0.019707714422607468,0.019707714422607468,0.031240907159852914,0.021702319118335044
990,0.022884940163954353,0.02615321181370046,0.02615321181370046,0.019707714422607468,0.01692993664482969,0.04144498879250598,0.02168715327688268
003,0.022859655713891144,0.025521100562120185,0.025521100562120185,0.036374381089274134,0.022485492200385242,0.024438186071417543,0.021747816642692142
022,0.022859655713891144,0.025521100562120185,0.025521100562120185,0.0280410477559408,0.0280410477559408,0.02783954661563523,0.02155066070381139
046,0.022859655713891144,0.025521100562120185,0.025521100562120185,0.019707714422607468,0.0280410477559408,0.017635464982982168,0.02155066070381139
049,0.022859655713891144,0.025521100562120185,0.025521100562120185,0.011374381089274133,0.01692993664482969,0.021036825527199855,0.02355255177552364
097,0.022859655713891144,0.025521100562120185,0.025521100562120185,0.0280410477559408,0.03359660331149635,0.04144498879250598,0.021626489911073216
121,0.022859655713891144,0.025521100562120185,0.025521100562120185,0.0280410477559408,0.019707714422607468,0.02783954661563523,0.021429333972192464
133,0.022859655713891144,0.025521100562120185,0.025521100562120185,0.019707714422607468,0.019707714422607468,0.02783954661563523,0.02202080178883472
139,0.022859655713891144,0.025521100562120185,0.025521100562120185,0.011374381089274133,0.014152158867051911,0.031240907159852914,0.022703264654191167
168,0.022859655713891144,0.025521100562120185,0.025521100562120185,0.019707714422607468,0.02526326997816302,0.034642267704070605,0.021838811691406335
174,0.022859655713891144,0.025521100562120185,0.025521100562120185,0.011374381089274133,0.02526326997816302,0.017635464982982168,0.02243027950804859
196,0.022859655713891144,0.025521100562120185,0.025521100562120185,0.036374381089274134,0.030818825533718577,0.031240907159852914,0.021429333972192464
208,0.022859655713891144,0.025521100562120185,0.025521100562120185,0.019707714422607468,0.0280410477559408,0.017635464982982168,0.02182364584995397
246,0.022859655713891144,0.025521100562120185,0.025521100562120185,0.019707714422607468,0.030818825533718577,0.017635464982982168,0.02148999733800193
277,0.022859655713891144,0.025521100562120185,0.025521100562120185,0.0280410477559408,0.0280410477559408,0.031240907159852914,0.021505163179454292
314,0.022859655713891144,0.025521100562120185,0.025521100562120185,0.036374381089274134,0.0280410477559408,0.031240907159852914,0.02147483149654956
349,0.022859655713891144,0.025521100562120185,0.025521100562120185,0.0280410477559408,0.022485492200385242,0.021036825527199855,0.021929806740120527
390,0.022859655713891144,0.025521100562120185,0.025521100562120185,0.019707714422607468,0.01692993664482969,0.021036825527199855,0.021611324069620852
398,0.022859655713891144,0.025521100562120185,0.025521100562120185,0.019707714422607468,0.03359660331149635,0.034642267704070605,0.022187626044810744
417,0.022859655713891144,0.025521100562120185,0.025521100562120185,0.036374381089274134,0.030818825533718577,0.017635464982982168,0.0218539775328587
427,0.022859655713891144,0.025521100562120185,0.025521100562120185,0.0280410477559408,0.022485492200385242,0.01423410443876448,0.021641655752525583
447,0.022859655713891144,0.025521100562120185,0.025521100562120185,0.019707714422607468,0.02526326997816302,0.024438186071417543,0.022278621093524936
482,0.022859655713891144,0.025521100562120185,0.025521100562120185,0.011374381089274133,0.014152158867051911,0.024438186071417543,0.022581937922572244
485,0.022859655713891144,0.025521100562120185,0.025521100562120185,0.0280410477559408,0.030818825533718577,0.017635464982982168,0.021429333972192464
559,0.022859655713891144,0.025521100562120185,0.025521100562120185,0.011374381089274133,0.019707714422607468,0.034642267704070605,0.022475777032405685
565,0.022859655713891144,0.025521100562120185,0.025521100562120185,0.0280410477559408,0.022485492200385242,0.021036825527199855,0.021611324069620852
568,0.022859655713891144,0.025521100562120185,0.025521100562120185,0.019707714422607468,0.0280410477559408,0.024438186071417543,0.021929806740120527
586,0.022859655713891144,0.025521100562120185,0.025521100562120185,0.0280410477559408,0.022485492200385242,0.024438186071417543,0.02215729436190601
595,0.022859655713891144,0.025521100562120185,0.025521100562120185,0.044707714422607465,0.030818825533718577,0.021036825527199855,0.021641655752525583
603,0.022859655713891144,0.025521100562120185,0.025521100562120185,0.0280410477559408,0.022485492200385242,0.01423410443876448,0.02168715327688268
609,0.022859655713891144,0.025521100562120185,0.025521100562120185,0.011374381089274133,0.019707714422607468,0.034642267704070605,0.023689044348594923
618,0.022859655713891144,0.025521100562120185,0.025521100562120185,0.0280410477559408,0.02526326997816302,0.021036825527199855,0.022142128520453646
636,0.022859655713891144,0.025521100562120185,0.025521100562120185,0.0280410477559408,0.02526326997816302,0.02783954661563523,0.021732650801239775
651,0.022859655713891144,0.025521100562120185,0.025521100562120185,0.036374381089274134,0.03359660331149635,0.02783954661563523,0.021459665655097198
652,0.022859655713891144,0.025521100562120185,0.025521100562120185,0.0280410477559408,0.02526326997816302,0.02783954661563523,0.021565826545263754
679,0.022859655713891144,0.025521100562120185,0.025521100562120185,0.0280410477559408,0.022485492200385242,0.02783954661563523,0.021399002289287733
686,0.022859655713891144,0.025521100562120185,0.025521100562120185,0.019707714422607468,0.02526326997816302,0.034642267704070605,0.02199047010592999
688,0.022859655713891144,0.025521100562120185,0.025521100562120185,0.0280410477559408,0.0280410477559408,0.024438186071417543,0.021975304264477625
704,0.022859655713891144,0.025521100562120185,0.025521100562120185,0.044707714422607465,0.030818825533718577,0.02783954661563523,0.021429333972192464
710,0.022859655713891144,0.025521100562120185,0.025521100562120185,0.0280410477559408,0.022485492200385242,0.02783954661563523,0.02221795772771547
718,0.022859655713891144,0.025521100562120185,0.025521100562120185,0.036374381089274134,0.030818825533718577,0.031240907159852914,0.02138383644783537
740,0.022859655713891144,0.025521100562120185,0.025521100562120185,0.0280410477559408,0.03359660331149635,0.017635464982982168,0.021671987435430314
764,0.022859655713891144,0.025521100562120185,0.025521100562120185,0.036374381089274134,0.03359660331149635,0.024438186071417543,0.02148999733800193
791,0.022859655713891144,0.025521100562120185,0.025521100562120185,0.0280410477559408,0.02526326997816302,0.024438186071417543,0.02171748495978741
799,0.022859655713891144,0.025521100562120185,0.025521100562120185,0.019707714422607468,0.022485492200385242,0.024438186071417543,0.02159615822816849
814,0.022859655713891144,0.025521100562120185,0.025521100562120185,0.011374381089274133,0.01692993664482969,0.01423410443876448,0.02355255177552364
841,0.022859655713891144,0.025521100562120185,0.025521100562120185,0.0280410477559408,0.019707714422607468,0.024438186071417543,0.02138383644783537
853,0.022859655713891144,0.025521100562120185,0.025521100562120185,0.044707714422607465,0.0280410477559408,0.017635464982982168,0.021520329020906656
869,0.022859655713891144,0.025521100562120185,0.025521100562120185,0.019707714422607468,0.0280410477559408,0.017635464982982168,0.022187626044810744
917,0.022859655713891144,0.025521100562120185,0.025521100562120185,0.0280410477559408,0.036374381089274134,0.017635464982982168,0.021399002289287733
936,0.022859655713891144,0.025521100562120185,0.025521100562120185,0.0280410477559408,0.022485492200385242,0.02783954661563523,0.022096630996096548
946,0.022859655713891144,0.025521100562120185,0.025521100562120185,0.0280410477559408,0.022485492200385242,0.017635464982982168,0.0214141681307401
959,0.022859655713891144,0.025521100562120185,0.025521100562120185,0.044707714422607465,0.036374381089274134,0.02783954661563523,0.02147483149654956
966,0.022859655713891144,0.025521100562120185,0.025521100562120185,0.019707714422607468,0.014152158867051911,0.034642267704070605,0.021641655752525583
014,0.02283437126382793,0.024888989310539907,0.024888989310539907,0.019707714422607468,0.022485492200385242,0.024438186071417543,0.022005635947382356
028,0.02283437126382793,0.024888989310539907,0.024888989310539907,0.036374381089274134,0.022485492200385242,0.024438186071417543,0.02168715327688268
087,0.02283437126382793,0.024888989310539907,0.024888989310539907,0.019707714422607468,0.022485492200385242,0.021036825527199855,0.021671987435430314
098,0.02283437126382793,0.024888989310539907,0.024888989310539907,0.011374381089274133,0.02526326997816302,0.02783954661563523,0.02235445030078676
125,0.02283437126382793,0.024888989310539907,0.024888989310539907,0.019707714422607468,0.0280410477559408,0.024438186071417543,0.022202791886263108
159,0.02283437126382793,0.024888989310539907,0.024888989310539907,0.019707714422607468,0.019707714422607468,0.024438186071417543,0.021505163179454292
205,0.02283437126382793,0.024888989310539907,0.024888989310539907,0.019707714422607468,0.0280410477559408,0.021036825527199855,0.02159615822816849
215,0.02283437126382793,0.024888989310539907,0.024888989310539907,0.011374381089274133,0.01692993664482969,0.04144498879250598,0.022688098812738804
264,0.02283437126382793,0.024888989310539907,0.024888989310539907,0.036374381089274134,0.022485492200385242,0.017635464982982168,0.02155066070381139
299,0.02283437126382793,0.024888989310539907,0.024888989310539907,0.0530410477559408,0.030818825533718577,0.024438186071417543,0.021702319118335044
300,0.02283437126382793,0.024888989310539907,0.024888989310539907,0.044707714422607465,0.02526326997816302,0.01423410443876448,0.02147483149654956
302,0.02283437126382793,0.024888989310539907,0.024888989310539907,0.019707714422607468,0.01692993664482969,0.031240907159852914,0.021778148325596873
310,0.02283437126382793,0.024888989310539907,0.024888989310539907,0.0280410477559408,0.019707714422607468,0.031240907159852914,0.02212696267900128
312,0.02283437126382793,0.024888989310539907,0.024888989310539907,0.011374381089274133,0.019707714422607468,0.031240907159852914,0.022976249800333748
316,0.02283437126382793,0.024888989310539907,0.024888989310539907,0.0280410477559408,0.022485492200385242,0.021036825527199855,0.02147483149654956
339,0.02283437126382793,0.024888989310539907,0.024888989310539907,0.036374381089274134,0.02526326997816302,0.024438186071417543,0.021565826545263754
365,0.02283437126382793,0.024888989310539907,0.024888989310539907,0.0280410477559408,0.02526326997816302,0.02783954661563523,0.021399002289287733
368,0.02283437126382793,0.024888989310539907,0.024888989310539907,0.0280410477559408,0.0280410477559408,0.02783954661563523,0.021399002289287733
379,0.02283437126382793,0.024888989310539907,0.024888989310539907,0.0280410477559408,0.02526326997816302,0.021036825527199855,0.02148999733800193
389,0.02283437126382793,0.024888989310539907,0.024888989310539907,0.011374381089274133,0.019707714422607468,0.031240907159852914,0.02256677208111988
442,0.02283437126382793,0.024888989310539907,0.024888989310539907,0.019707714422607468,0.03359660331149635,0.034642267704070605,0.02212696267900128
460,0.02283437126382793,0.024888989310539907,0.024888989310539907,0.0280410477559408,0.0280410477559408,0.031240907159852914,0.021671987435430314
461,0.02283437126382793,0.024888989310539907,0.024888989310539907,0.011374381089274133,0.022485492200385242,0.017635464982982168,0.02246061119095332
508,0.02283437126382793,0.024888989310539907,0.024888989310539907,0.019707714422607468,0.019707714422607468,0.021036825527199855,0.022066299313191817
517,0.02283437126382793,0.024888989310539907,0.024888989310539907,0.0280410477559408,0.0280410477559408,0.024438186071417543,0.021899475057215796
569,0.02283437126382793,0.024888989310539907,0.024888989310539907,0.0280410477559408,0.030818825533718577,0.017635464982982168,0.021429333972192464
582,0.02283437126382793,0.024888989310539907,0.024888989310539907,0.011374381089274133,0.0280410477559408,0.01423410443876448,0.022384781983691492
594,0.02283437126382793,0.024888989310539907,0.024888989310539907,0.0280410477559408,0.019707714422607468,0.01423410443876448,0.021808480008501604
601,0.02283437126382793,0.024888989310539907,0.024888989310539907,0.0280410477559408,0.022485492200385242,0.034642267704070605,0.02182364584995397
605,0.02283437126382793,0.024888989310539907,0.024888989310539907,0.019707714422607468,0.03359660331149635,0.017635464982982168,0.021747816642692142
610,0.02283437126382793,0.024888989310539907,0.024888989310539907,0.0280410477559408,0.022485492200385242,0.02783954661563523,0.021778148325596873
627,0.02283437126382793,0.024888989310539907,0.024888989310539907,0.011374381089274133,0.022485492200385242,0.017635464982982168,0.0222937869349773
672,0.02283437126382793,0.024888989310539907,0.024888989310539907,0.011374381089274133,0.019707714422607468,0.021036825527199855,0.02324923494647633
683,0.02283437126382793,0.024888989310539907,0.024888989310539907,0.0280410477559408,0.02526326997816302,0.021036825527199855,0.021505163179454292
689,0.02283437126382793,0.024888989310539907,0.024888989310539907,0.036374381089274134,0.0280410477559408,0.010832743894546793,0.021399002289287733
690,0.02283437126382793,0.024888989310539907,0.024888989310539907,0.019707714422607468,0.02526326997816302,0.02783954661563523,0.021505163179454292
705,0.02283437126382793,0.024888989310539907,0.024888989310539907,0.036374381089274134,0.02526326997816302,0.04144498879250598,0.021626489911073216
735,0.02283437126382793,0.024888989310539907,0.024888989310539907,0.036374381089274134,0.02526326997816302,0.017635464982982168,0.021429333972192464
736,0.02283437126382793,0.024888989310539907,0.024888989310539907,0.0280410477559408,0.019707714422607468,0.034642267704070605,0.021459665655097198
752,0.02283437126382793,0.024888989310539907,0.024888989310539907,0.019707714422607468,0.0280410477559408,0.024438186071417543,0.02168715327688268
766,0.02283437126382793,0.024888989310539907,0.024888989310539907,0.011374381089274133,0.014152158867051911,0.034642267704070605,0.023734541872952025
772,0.02283437126382793,0.024888989310539907,0.024888989310539907,0.036374381089274134,0.0280410477559408,0.02783954661563523,0.021505163179454292
850,0.02283437126382793,0.024888989310539907,0.024888989310539907,0.019707714422607468,0.022485492200385242,0.021036825527199855,0.022142128520453646
876,0.02283437126382793,0.024888989310539907,0.024888989310539907,0.0280410477559408,0.02526326997816302,0.02783954661563523,0.021732650801239775
877,0.02283437126382793,0.024888989310539907,0.024888989310539907,0.019707714422607468,0.02526326997816302,0.024438186071417543,0.022202791886263108
887,0.02283437126382793,0.024888989310539907,0.024888989310539907,0.019707714422607468,0.022485492200385242,0.04144498879250598,0.022172460203358377
904,0.02283437126382793,0.024888989310539907,0.024888989310539907,0.019707714422607468,0.019707714422607468,0.034642267704070605,0.02223312356916784
908,0.02283437126382793,0.024888989310539907,0.024888989310539907,0.0280410477559408,0.01692993664482969,0.04144498879250598,0.022051133471739454
913,0.02283437126382793,0.024888989310539907,0.024888989310539907,0.0280410477559408,0.0280410477559408,0.017635464982982168,0.021808480008501604
927,0.02283437126382793,0.024888989310539907,0.024888989310539907,0.011374381089274133,0.030818825533718577,0.024438186071417543,0.022915586434524286
933,0.02283437126382793,0.024888989310539907,0.024888989310539907,0.0280410477559408,0.02526326997816302,0.021036825527199855,0.02138383644783537
938,0.02283437126382793,0.024888989310539907,0.024888989310539907,0.036374381089274134,0.030818825533718577,0.021036825527199855,0.021914640898668163
989,0.02283437126382793,0.024888989310539907,0.024888989310539907,0.019707714422607468,0.030818825533718577,0.024438186071417543,0.021565826545263754
023,0.022809086813764718,0.024256878058959628,0.024256878058959628,0.019707714422607468,0.022485492200385242,0.01423410443876448,0.021899475057215796
034,0.022809086813764718,0.024256878058959628,0.024256878058959628,0.0280410477559408,0.022485492200385242,0.017635464982982168,0.022051133471739454
074,0.022809086813764718,0.024256878058959628,0.024256878058959628,0.036374381089274134,0.030818825533718577,0.02783954661563523,0.02196013842302526
075,0.022809086813764718,0.024256878058959628,0.024256878058959628,0.019707714422607468,0.02526326997816302,0.024438186071417543,0.021535494862359023
106,0.022809086813764718,0.024256878058959628,0.024256878058959628,0.019707714422607468,0.030818825533718577,0.02783954661563523,0.022051133471739454
150,0.022809086813764718,0.024256878058959628,0.024256878058959628,0.0280410477559408,0.03359660331149635,0.017635464982982168,0.021732650801239775
162,0.022809086813764718,0.024256878058959628,0.024256878058959628,0.036374381089274134,0.022485492200385242,0.017635464982982168,0.022081465154644184
183,0.022809086813764718,0.024256878058959628,0.024256878058959628,0.036374381089274134,0.030818825533718577,0.024438186071417543,0.02155066070381139
190,0.022809086813764718,0.024256878058959628,0.024256878058959628,0.011374381089274133,0.01692993664482969,0.010832743894546793,0.022612269605476975
202,0.022809086813764718,0.024256878058959628,0.024256878058959628,0.019707714422607468,0.0280410477559408,0.017635464982982168,0.022142128520453646
225,0.022809086813764718,0.024256878058959628,0.024256878058959628,0.011374381089274133,0.01692993664482969,0.02783954661563523,0.022870088910167192
228,0.022809086813764718,0.024256878058959628,0.024256878058959628,0.019707714422607468,0.022485492200385242,0.021036825527199855,0.02159615822816849
236,0.022809086813764718,0.024256878058959628,0.024256878058959628,0.036374381089274134,0.02526326997816302,0.021036825527199855,0.02188430921576343
252,0.022809086813764718,0.024256878058959628,0.024256878058959628,0.019707714422607468,0.03359660331149635,0.024438186071417543,0.021929806740120527
260,0.022809086813764718,0.024256878058959628,0.024256878058959628,0.0280410477559408,0.022485492200385242,0.024438186071417543,0.021399002289287733
270,0.022809086813764718,0.024256878058959628,0.024256878058959628,0.0280410477559408,0.022485492200385242,0.021036825527199855,0.021762982484144506
278,0.022809086813764718,0.024256878058959628,0.024256878058959628,0.019707714422607468,0.030818825533718577,0.02783954661563523,0.022035967630287086
279,0.022809086813764718,0.024256878058959628,0.024256878058959628,0.019707714422607468,0.019707714422607468,0.017635464982982168,0.0214141681307401
291,0.022809086813764718,0.024256878058959628,0.024256878058959628,0.011374381089274133,0.019707714422607468,0.031240907159852914,0.022597103764024608
297,0.022809086813764718,0.024256878058959628,0.024256878058959628,0.011374381089274133,0.014152158867051911,0.017635464982982168,0.023325064153738157
308,0.022809086813764718,0.024256878058959628,0.024256878058959628,0.019707714422607468,0.019707714422607468,0.024438186071417543,0.022081465154644184
317,0.022809086813764718,0.024256878058959628,0.024256878058959628,0.019707714422607468,0.022485492200385242,0.021036825527199855,0.022066299313191817
322,0.022809086813764718,0.024256878058959628,0.024256878058959628,0.044707714422607465,0.02526326997816302,0.017635464982982168,0.021565826545263754
353,0.022809086813764718,0.024256878058959628,0.024256878058959628,0.019707714422607468,0.022485492200385242,0.017635464982982168,0.021732650801239775
360,0.022809086813764718,0.024256878058959628,0.024256878058959628,0.0280410477559408,0.0280410477559408,0.021036825527199855,0.02159615822816849
381,0.022809086813764718,0.024256878058959628,0.024256878058959628,0.0280410477559408,0.0280410477559408,0.02783954661563523,0.022035967630287086
382,0.022809086813764718,0.024256878058959628,0.024256878058959628,0.019707714422607468,0.0280410477559408,0.021036825527199855,0.021399002289287733
383,0.022809086813764718,0.024256878058959628,0.024256878058959628,0.0530410477559408,0.030818825533718577,0.021036825527199855,0.02147483149654956
392,0.022809086813764718,0.024256878058959628,0.024256878058959628,0.019707714422607468,0.0280410477559408,0.024438186071417543,0.021459665655097198
399,0.022809086813764718,0.024256878058959628,0.024256878058959628,0.0280410477559408,0.019707714422607468,0.021036825527199855,0.021429333972192464
402,0.022809086813764718,0.024256878058959628,0.024256878058959628,0.0280410477559408,0.022485492200385242,0.024438186071417543,0.021611324069620852
431,0.022809086813764718,0.024256878058959628,0.024256878058959628,0.011374381089274133,0.011374381089274133,0.031240907159852914,0.02411368790926116
463,0.022809086813764718,0.024256878058959628,0.024256878058959628,0.019707714422607468,0.022485492200385242,0.02783954661563523,0.022248289410620202
489,0.022809086813764718,0.024256878058959628,0.024256878058959628,0.019707714422607468,0.019707714422607468,0.01423410443876448,0.02158099238671612
490,0.022809086813764718,0.024256878058959628,0.024256878058959628,0.019707714422607468,0.030818825533718577,0.021036825527199855,0.021429333972192464
510,0.022809086813764718,0.024256878058959628,0.024256878058959628,0.0280410477559408,0.03359660331149635,0.021036825527199855,0.021914640898668163
542,0.022809086813764718,0.024256878058959628,0.024256878058959628,0.0280410477559408,0.0280410477559408,0.017635464982982168,0.021762982484144506
545,0.022809086813764718,0.024256878058959628,0.024256878058959628,0.019707714422607468,0.02526326997816302,0.031240907159852914,0.02138383644783537
557,0.022809086813764718,0.024256878058959628,0.024256878058959628,0.0280410477559408,0.019707714422607468,0.024438186071417543,0.021732650801239775
566,0.022809086813764718,0.024256878058959628,0.024256878058959628,0.0280410477559408,0.0280410477559408,0.021036825527199855,0.02138383644783537
567,0.022809086813764718,0.024256878058959628,0.024256878058959628,0.044707714422607465,0.030818825533718577,0.031240907159852914,0.02144449981364483
579,0.022809086813764718,0.024256878058959628,0.024256878058959628,0.019707714422607468,0.02526326997816302,0.021036825527199855,0.02159615822816849
597,0.022809086813764718,0.024256878058959628,0.024256878058959628,0.0280410477559408,0.01692993664482969,0.024438186071417543,0.022081465154644184
615,0.022809086813764718,0.024256878058959628,0.024256878058959628,0.019707714422607468,0.022485492200385242,0.01423410443876448,0.02144449981364483
632,0.022809086813764718,0.024256878058959628,0.024256878058959628,0.011374381089274133,0.019707714422607468,0.01423410443876448,0.02253644039821515
659,0.022809086813764718,0.024256878058959628,0.024256878058959628,0.011374381089274133,0.014152158867051911,0.01423410443876448,0.022885254751619555
668,0.022809086813764718,0.024256878058959628,0.024256878058959628,0.019707714422607468,0.01692993664482969,0.01423410443876448,0.02147483149654956
726,0.022809086813764718,0.024256878058959628,0.024256878058959628,0.0280410477559408,0.0280410477559408,0.021036825527199855,0.021793314167049237
748,0.022809086813764718,0.024256878058959628,0.024256878058959628,0.044707714422607465,0.03359660331149635,0.044846349336723663,0.021399002289287733
801,0.022809086813764718,0.024256878058959628,0.024256878058959628,0.0280410477559408,0.019707714422607468,0.031240907159852914,0.022172460203358377
804,0.022809086813764718,0.024256878058959628,0.024256878058959628,0.019707714422607468,0.022485492200385242,0.017635464982982168,0.021611324069620852
816,0.022809086813764718,0.024256878058959628,0.024256878058959628,0.011374381089274133,0.014152158867051911,0.02783954661563523,0.022809425544357727
862,0.022809086813764718,0.024256878058959628,0.024256878058959628,0.036374381089274134,0.022485492200385242,0.024438186071417543,0.021793314167049237
866,0.022809086813764718,0.024256878058959628,0.024256878058959628,0.011374381089274133,0.022485492200385242,0.031240907159852914,0.02232411861788203
883,0.022809086813764718,0.024256878058959628,0.024256878058959628,0.011374381089274133,0.019707714422607468,0.017635464982982168,0.022506108715310415
888,0.022809086813764718,0.024256878058959628,0.024256878058959628,0.044707714422607465,0.0280410477559408,0.024438186071417543,0.02171748495978741
891,0.022809086813764718,0.024256878058959628,0.024256878058959628,0.019707714422607468,0.030818825533718577,0.021036825527199855,0.022096630996096548
923,0.022809086813764718,0.024256878058959628,0.024256878058959628,0.0280410477559408,0.019707714422607468,0.017635464982982168,0.02221795772771547
930,0.022809086813764718,0.024256878058959628,0.024256878058959628,0.019707714422607468,0.02526326997816302,0.02783954661563523,0.021975304264477625
931,0.022809086813764718,0.024256878058959628,0.024256878058959628,0.036374381089274134,0.0280410477559408,0.024438186071417543,0.02168715327688268
939,0.022809086813764718,0.024256878058959628,0.024256878058959628,0.0280410477559408,0.030818825533718577,0.021036825527199855,0.021808480008501604
943,0.022809086813764718,0.024256878058959628,0.024256878058959628,0.0280410477559408,0.022485492200385242,0.017635464982982168,0.021762982484144506
949,0.022809086813764718,0.024256878058959628,0.024256878058959628,0.0280410477559408,0.0280410477559408,0.017635464982982168,0.021732650801239775
956,0.022809086813764718,0.024256878058959628,0.024256878058959628,0.0280410477559408,0.02526326997816302,0.024438186071417543,0.02158099238671612
974,0.022809086813764718,0.024256878058959628,0.024256878058959628,0.0280410477559408,0.022485492200385242,0.031240907159852914,0.02155066070381139
982,0.022809086813764718,0.024256878058959628,0.024256878058959628,0.0280410477559408,0.030818825533718577,0.02783954661563523,0.022081465154644184
986,0.022809086813764718,0.024256878058959628,0.024256878058959628,0.0280410477559408,0.02526326997816302,0.031240907159852914,0.021702319118335044
996,0.022809086813764718,0.024256878058959628,0.024256878058959628,0.019707714422607468,0.019707714422607468,0.034642267704070605,0.021520329020906656
997,0.022809086813764718,0.024256878058959628,0.024256878058959628,0.011374381089274133,0.019707714422607468,0.021036825527199855,0.023294732470833423
009,0.02278380236370151,0.02362476680737935,0.02362476680737935,0.019707714422607468,0.01692993664482969,0.017635464982982168,0.02215729436190601
036,0.02278380236370151,0.02362476680737935,0.02362476680737935,0.011374381089274133,0.01692993664482969,0.02783954661563523,0.022945918117429014
047,0.02278380236370151,0.02362476680737935,0.02362476680737935,0.011374381089274133,0.014152158867051911,0.02783954661563523,0.023461556726809447
054,0.02278380236370151,0.02362476680737935,0.02362476680737935,0.019707714422607468,0.0280410477559408,0.031240907159852914,0.022066299313191817
071,0.02278380236370151,0.02362476680737935,0.02362476680737935,0.019707714422607468,0.019707714422607468,0.031240907159852914,0.02148999733800193
099,0.02278380236370151,0.02362476680737935,0.02362476680737935,0.0280410477559408,0.022485492200385242,0.017635464982982168,0.02147483149654956
109,0.02278380236370151,0.02362476680737935,0.02362476680737935,0.0280410477559408,0.02526326997816302,0.017635464982982168,0.02144449981364483
116,0.02278380236370151,0.02362476680737935,0.02362476680737935,0.011374381089274133,0.019707714422607468,0.021036825527199855,0.023112742373405038
140,0.02278380236370151,0.02362476680737935,0.02362476680737935,0.011374381089274133,0.01692993664482969,0.017635464982982168,0.022870088910167192
164,0.02278380236370151,0.02362476680737935,0.02362476680737935,0.0280410477559408,0.019707714422607468,0.017635464982982168,0.021535494862359023
173,0.02278380236370151,0.02362476680737935,0.02362476680737935,0.019707714422607468,0.0280410477559408,0.021036825527199855,0.0218539775328587
175,0.02278380236370151,0.02362476680737935,0.02362476680737935,0.011374381089274133,0.019707714422607468,0.02783954661563523,0.022945918117429014
177,0.02278380236370151,0.02362476680737935,0.02362476680737935,0.019707714422607468,0.0280410477559408,0.02783954661563523,0.021778148325596873
216,0.02278380236370151,0.02362476680737935,0.02362476680737935,0.019707714422607468,0.01692993664482969,0.02783954661563523,0.021793314167049237
249,0.02278380236370151,0.02362476680737935,0.02362476680737935,0.036374381089274134,0.0280410477559408,0.017635464982982168,0.021611324069620852
251,0.02278380236370151,0.02362476680737935,0.02362476680737935,0.019707714422607468,0.0280410477559408,0.031240907159852914,0.02199047010592999
257,0.02278380236370151,0.02362476680737935,0.02362476680737935,0.019707714422607468,0.019707714422607468,0.02783954661563523,0.021656821593977946
263,0.02278380236370151,0.02362476680737935,0.02362476680737935,0.019707714422607468,0.02526326997816302,0.034642267704070605,0.021793314167049237
268,0.02278380236370151,0.02362476680737935,0.02362476680737935,0.036374381089274134,0.02526326997816302,0.017635464982982168,0.02138383644783537
306,0.02278380236370151,0.02362476680737935,0.02362476680737935,0.011374381089274133,0.01692993664482969,0.024438186071417543,0.022976249800333748
321,0.02278380236370151,0.02362476680737935,0.02362476680737935,0.0280410477559408,0.030818825533718577,0.02783954661563523,0.021429333972192464
330,0.02278380236370151,0.02362476680737935,0.02362476680737935,0.011374381089274133,0.022485492200385242,0.021036825527199855,0.02303691316614321
335,0.02278380236370151,0.02362476680737935,0.02362476680737935,0.019707714422607468,0.022485492200385242,0.02783954661563523,0.021899475057215796
352,0.02278380236370151,0.02362476680737935,0.02362476680737935,0.0280410477559408,0.030818825533718577,0.021036825527199855,0.021611324069620852
380,0.02278380236370151,0.02362476680737935,0.02362476680737935,0.011374381089274133,0.014152158867051911,0.02783954661563523,0.02359804929988073
407,0.02278380236370151,0.02362476680737935,0.02362476680737935,0.011374381089274133,0.022485492200385242,0.021036825527199855,0.02276392802000063
423,0.02278380236370151,0.02362476680737935,0.02362476680737935,0.011374381089274133,0.01692993664482969,0.03804362824828829,0.022551606239667513
429,0.02278380236370151,0.02362476680737935,0.02362476680737935,0.0280410477559408,0.02526326997816302,0.021036825527199855,0.02147483149654956
430,0.02278380236370151,0.02362476680737935,0.02362476680737935,0.019707714422607468,0.022485492200385242,0.01423410443876448,0.0214141681307401
438,0.02278380236370151,0.02362476680737935,0.02362476680737935,0.036374381089274134,0.0280410477559408,0.017635464982982168,0.021535494862359023
446,0.02278380236370151,0.02362476680737935,0.02362476680737935,0.0530410477559408,0.0280410477559408,0.01423410443876448,0.021459665655097198
449,0.02278380236370151,0.02362476680737935,0.02362476680737935,0.0280410477559408,0.02526326997816302,0.017635464982982168,0.021535494862359023
468,0.02278380236370151,0.02362476680737935,0.02362476680737935,0.036374381089274134,0.0280410477559408,0.021036825527199855,0.021702319118335044
471,0.02278380236370151,0.02362476680737935,0.02362476680737935,0.011374381089274133,0.019707714422607468,0.017635464982982168,0.022551606239667513
488,0.02278380236370151,0.02362476680737935,0.02362476680737935,0.011374381089274133,0.011374381089274133,0.017635464982982168,0.02411368790926116
540,0.02278380236370151,0.02362476680737935,0.02362476680737935,0.0280410477559408,0.02526326997816302,0.024438186071417543,0.021762982484144506
553,0.02278380236370151,0.02362476680737935,0.02362476680737935,0.0280410477559408,0.022485492200385242,0.024438186071417543,0.021626489911073216
577,0.02278380236370151,0.02362476680737935,0.02362476680737935,0.011374381089274133,0.014152158867051911,0.024438186071417543,0.023234069105023965
583,0.02278380236370151,0.02362476680737935,0.02362476680737935,0.0280410477559408,0.0280410477559408,0.024438186071417543,0.02182364584995397
602,0.02278380236370151,0.02362476680737935,0.02362476680737935,0.019707714422607468,0.01692993664482969,0.024438186071417543,0.02158099238671612
642,0.02278380236370151,0.02362476680737935,0.02362476680737935,0.0280410477559408,0.022485492200385242,0.024438186071417543,0.02144449981364483
654,0.02278380236370151,0.02362476680737935,0.02362476680737935,0.0280410477559408,0.030818825533718577,0.034642267704070605,0.021869143374311065
694,0.02278380236370151,0.02362476680737935,0.02362476680737935,0.011374381089274133,0.019707714422607468,0.031240907159852914,0.023127908214857402
696,0.02278380236370151,0.02362476680737935,0.02362476680737935,0.019707714422607468,0.019707714422607468,0.024438186071417543,0.02202080178883472
698,0.02278380236370151,0.02362476680737935,0.02362476680737935,0.019707714422607468,0.01692993664482969,0.024438186071417543,0.021778148325596873
709,0.02278380236370151,0.02362476680737935,0.02362476680737935,0.011374381089274133,0.019707714422607468,0.02783954661563523,0.02387103444602331
712,0.02278380236370151,0.02362476680737935,0.02362476680737935,0.011374381089274133,0.022485492200385242,0.02783954661563523,0.022824591385810094
716,0.02278380236370151,0.02362476680737935,0.02362476680737935,0.011374381089274133,0.01692993664482969,0.024438186071417543,0.023264400787928692
732,0.02278380236370151,0.02362476680737935,0.02362476680737935,0.036374381089274134,0.0280410477559408,0.017635464982982168,0.02147483149654956
738,0.02278380236370151,0.02362476680737935,0.02362476680737935,0.036374381089274134,0.02526326997816302,0.017635464982982168,0.02144449981364483
755,0.02278380236370151,0.02362476680737935,0.02362476680737935,0.011374381089274133,0.022485492200385242,0.021036825527199855,0.022642601288381706
770,0.02278380236370151,0.02362476680737935,0.02362476680737935,0.0280410477559408,0.019707714422607468,0.021036825527199855,0.02171748495978741
775,0.02278380236370151,0.02362476680737935,0.02362476680737935,0.0280410477559408,0.01692993664482969,0.034642267704070605,0.02221795772771547
782,0.02278380236370151,0.02362476680737935,0.02362476680737935,0.019707714422607468,0.014152158867051911,0.024438186071417543,0.021565826545263754
800,0.02278380236370151,0.02362476680737935,0.02362476680737935,0.0280410477559408,0.01692993664482969,0.024438186071417543,0.021671987435430314
817,0.02278380236370151,0.02362476680737935,0.02362476680737935,0.044707714422607465,0.036374381089274134,0.017635464982982168,0.0218539775328587
819,0.02278380236370151,0.02362476680737935,0.02362476680737935,0.0280410477559408,0.022485492200385242,0.017635464982982168,0.021944972581572894
832,0.02278380236370151,0.02362476680737935,0.02362476680737935,0.011374381089274133,0.019707714422607468,0.017635464982982168,0.02256677208111988
840,0.02278380236370151,0.02362476680737935,0.02362476680737935,0.019707714422607468,0.02526326997816302,0.024438186071417543,0.022278621093524936
857,0.02278380236370151,0.02362476680737935,0.02362476680737935,0.011374381089274133,0.01692993664482969,0.021036825527199855,0.022824591385810094
858,0.02278380236370151,0.02362476680737935,0.02362476680737935,0.011374381089274133,0.019707714422607468,0.02783954661563523,0.0222937869349773
882,0.02278380236370151,0.02362476680737935,0.02362476680737935,0.011374381089274133,0.011374381089274133,0.021036825527199855,0.02411368790926116
892,0.02278380236370151,0.02362476680737935,0.02362476680737935,0.036374381089274134,0.0280410477559408,0.017635464982982168,0.0214141681307401
897,0.02278380236370151,0.02362476680737935,0.02362476680737935,0.0280410477559408,0.030818825533718577,0.024438186071417543,0.021747816642692142
909,0.02278380236370151,0.02362476680737935,0.02362476680737935,0.0280410477559408,0.0280410477559408,0.021036825527199855,0.022051133471739454
950,0.02278380236370151,0.02362476680737935,0.02362476680737935,0.0280410477559408,0.022485492200385242,0.024438186071417543,0.02202080178883472
962,0.02278380236370151,0.02362476680737935,0.02362476680737935,0.036374381089274134,0.02526326997816302,0.031240907159852914,0.02159615822816849
965,0.02278380236370151,0.02362476680737935,0.02362476680737935,0.019707714422607468,0.022485492200385242,0.017635464982982168,0.02148999733800193
993,0.02278380236370151,0.02362476680737935,0.02362476680737935,0.0280410477559408,0.02526326997816302,0.031240907159852914,0.021671987435430314
010,0.022758517913638296,0.02299265555579907,0.02299265555579907,0.011374381089274133,0.022485492200385242,0.017635464982982168,0.02235445030078676
020,0.022758517913638296,0.02299265555579907,0.02299265555579907,0.036374381089274134,0.019707714422607468,0.02783954661563523,0.021535494862359023
044,0.022758517913638296,0.02299265555579907,0.02299265555579907,0.0280410477559408,0.0280410477559408,0.02783954661563523,0.0214141681307401
045,0.022758517913638296,0.02299265555579907,0.02299265555579907,0.011374381089274133,0.019707714422607468,0.021036825527199855,0.022339284459334394
076,0.022758517913638296,0.02299265555579907,0.02299265555579907,0.011374381089274133,0.022485492200385242,0.024438186071417543,0.022748762178548265
086,0.022758517913638296,0.02299265555579907,0.02299265555579907,0.0280410477559408,0.02526326997816302,0.021036825527199855,0.02147483149654956
104,0.022758517913638296,0.02299265555579907,0.02299265555579907,0.011374381089274133,0.02526326997816302,0.024438186071417543,0.022642601288381706
110,0.022758517913638296,0.02299265555579907,0.02299265555579907,0.019707714422607468,0.019707714422607468,0.024438186071417543,0.021626489911073216
126,0.022758517913638296,0.02299265555579907,0.02299265555579907,0.036374381089274134,0.022485492200385242,0.017635464982982168,0.02159615822816849
136,0.022758517913638296,0.02299265555579907,0.02299265555579907,0.0280410477559408,0.02526326997816302,0.024438186071417543,0.021520329020906656
157,0.022758517913638296,0.02299265555579907,0.02299265555579907,0.019707714422607468,0.022485492200385242,0.031240907159852914,0.02171748495978741
161,0.022758517913638296,0.02299265555579907,0.02299265555579907,0.011374381089274133,0.014152158867051911,0.021036825527199855,0.023931697811832776
172,0.022758517913638296,0.02299265555579907,0.02299265555579907,0.036374381089274134,0.022485492200385242,0.02783954661563523,0.021505163179454292
198,0.022758517913638296,0.02299265555579907,0.02299265555579907,0.036374381089274134,0.036374381089274134,0.021036825527199855,0.021505163179454292
199,0.022758517913638296,0.02299265555579907,0.02299265555579907,0.036374381089274134,0.022485492200385242,0.024438186071417543,0.02138383644783537
240,0.022758517913638296,0.02299265555579907,0.02299265555579907,0.0280410477559408,0.022485492200385242,0.031240907159852914,0.02159615822816849
248,0.022758517913638296,0.02299265555579907,0.02299265555579907,0.011374381089274133,0.014152158867051911,0.02783954661563523,0.022688098812738804
265,0.022758517913638296,0.02299265555579907,0.02299265555579907,0.019707714422607468,0.0280410477559408,0.017635464982982168,0.02199047010592999
273,0.022758517913638296,0.02299265555579907,0.02299265555579907,0.019707714422607468,0.019707714422607468,0.02783954661563523,0.022142128520453646
283,0.022758517913638296,0.02299265555579907,0.02299265555579907,0.019707714422607468,0.02526326997816302,0.021036825527199855,0.022035967630287086
301,0.022758517913638296,0.02299265555579907,0.02299265555579907,0.011374381089274133,0.011374381089274133,0.021036825527199855,0.02411368790926116
307,0.022758517913638296,0.02299265555579907,0.02299265555579907,0.011374381089274133,0.02526326997816302,0.01423410443876448,0.022824591385810094
311,0.022758517913638296,0.02299265555579907,0.02299265555579907,0.011374381089274133,0.01692993664482969,0.024438186071417543,0.02353738593407127
331,0.022758517913638296,0.02299265555579907,0.02299265555579907,0.011374381089274133,0.02526326997816302,0.017635464982982168,0.02253644039821515
340,0.022758517913638296,0.02299265555579907,0.02299265555579907,0.019707714422607468,0.02526326997816302,0.031240907159852914,0.021762982484144506
371,0.022758517913638296,0.02299265555579907,0.02299265555579907,0.0280410477559408,0.019707714422607468,0.024438186071417543,0.02158099238671612
375,0.022758517913638296,0.02299265555579907,0.02299265555579907,0.011374381089274133,0.01692993664482969,0.02783954661563523,0.022415113666596223
403,0.022758517913638296,0.02299265555579907,0.02299265555579907,0.019707714422607468,0.01692993664482969,0.024438186071417543,0.02182364584995397
413,0.022758517913638296,0.02299265555579907,0.02299265555579907,0.011374381089274133,0.02526326997816302,0.02783954661563523,0.02253644039821515
416,0.022758517913638296,0.02299265555579907,0.02299265555579907,0.0280410477559408,0.022485492200385242,0.017635464982982168,0.02138383644783537
441,0.022758517913638296,0.02299265555579907,0.02299265555579907,0.0280410477559408,0.0280410477559408,0.024438186071417543,0.02168715327688268
452,0.022758517913638296,0.02299265555579907,0.02299265555579907,0.0280410477559408,0.0280410477559408,0.017635464982982168,0.021808480008501604
462,0.022758517913638296,0.02299265555579907,0.02299265555579907,0.036374381089274134,0.019707714422607468,0.02783954661563523,0.02159615822816849
465,0.022758517913638296,0.02299265555579907,0.02299265555579907,0.019707714422607468,0.022485492200385242,0.01423410443876448,0.0214141681307401
472,0.022758517913638296,0.02299265555579907,0.02299265555579907,0.036374381089274134,0.02526326997816302,0.021036825527199855,0.02182364584995397
478,0.022758517913638296,0.02299265555579907,0.02299265555579907,0.019707714422607468,0.01692993664482969,0.017635464982982168,0.021565826545263754
516,0.022758517913638296,0.02299265555579907,0.02299265555579907,0.044707714422607465,0.0280410477559408,0.010832743894546793,0.021702319118335044
519,0.022758517913638296,0.02299265555579907,0.02299265555579907,0.019707714422607468,0.019707714422607468,0.017635464982982168,0.02182364584995397
530,0.022758517913638296,0.02299265555579907,0.02299265555579907,0.044707714422607465,0.02526326997816302,0.017635464982982168,0.0214141681307401
539,0.022758517913638296,0.02299265555579907,0.02299265555579907,0.0280410477559408,0.01692993664482969,0.031240907159852914,0.021565826545263754
546,0.022758517913638296,0.02299265555579907,0.02299265555579907,0.011374381089274133,0.022485492200385242,0.01423410443876448,0.022339284459334394
558,0.022758517913638296,0.02299265555579907,0.02299265555579907,0.019707714422607468,0.019707714422607468,0.024438186071417543,0.022035967630287086
560,0.022758517913638296,0.02299265555579907,0.02299265555579907,0.011374381089274133,0.014152158867051911,0.01423410443876448,0.02334022999519052
578,0.022758517913638296,0.02299265555579907,0.02299265555579907,0.0280410477559408,0.019707714422607468,0.024438186071417543,0.021505163179454292
614,0.022758517913638296,0.02299265555579907,0.02299265555579907,0.036374381089274134,0.022485492200385242,0.024438186071417543,0.021505163179454292
641,0.022758517913638296,0.02299265555579907,0.02299265555579907,0.011374381089274133,0.019707714422607468,0.017635464982982168,0.02232411861788203
643,0.022758517913638296,0.02299265555579907,0.02299265555579907,0.044707714422607465,0.02526326997816302,0.021036825527199855,0.021535494862359023
682,0.022758517913638296,0.02299265555579907,0.02299265555579907,0.019707714422607468,0.019707714422607468,0.017635464982982168,0.022248289410620202
687,0.022758517913638296,0.02299265555579907,0.02299265555579907,0.0530410477559408,0.036374381089274134,0.017635464982982168,0.02144449981364483
695,0.022758517913638296,0.02299265555579907,0.02299265555579907,0.019707714422607468,0.02526326997816302,0.024438186071417543,0.022202791886263108
703,0.022758517913638296,0.02299265555579907,0.02299265555579907,0.011374381089274133,0.019707714422607468,0.024438186071417543,0.02293075227597665
707,0.022758517913638296,0.02299265555579907,0.02299265555579907,0.019707714422607468,0.019707714422607468,0.017635464982982168,0.021929806740120527
728,0.022758517913638296,0.02299265555579907,0.02299265555579907,0.019707714422607468,0.022485492200385242,0.02783954661563523,0.021399002289287733
751,0.022758517913638296,0.02299265555579907,0.02299265555579907,0.036374381089274134,0.02526326997816302,0.021036825527199855,0.021808480008501604
753,0.022758517913638296,0.02299265555579907,0.02299265555579907,0.0280410477559408,0.030818825533718577,0.017635464982982168,0.021429333972192464
758,0.022758517913638296,0.02299265555579907,0.02299265555579907,0.011374381089274133,0.01692993664482969,0.017635464982982168,0.02285492306871482
760,0.022758517913638296,0.02299265555579907,0.02299265555579907,0.0280410477559408,0.03359660331149635,0.021036825527199855,0.022187626044810744
762,0.022758517913638296,0.02299265555579907,0.02299265555579907,0.0280410477559408,0.019707714422607468,0.034642267704070605,0.02168715327688268
765,0.022758517913638296,0.02299265555579907,0.02299265555579907,0.011374381089274133,0.022485492200385242,0.017635464982982168,0.022369616142239125
768,0.022758517913638296,0.02299265555579907,0.02299265555579907,0.019707714422607468,0.019707714422607468,0.031240907159852914,0.021778148325596873
776,0.022758517913638296,0.02299265555579907,0.02299265555579907,0.036374381089274134,0.022485492200385242,0.021036825527199855,0.021520329020906656
777,0.022758517913638296,0.02299265555579907,0.02299265555579907,0.0280410477559408,0.022485492200385242,0.021036825527199855,0.02168715327688268
779,0.022758517913638296,0.02299265555579907,0.02299265555579907,0.019707714422607468,0.0280410477559408,0.024438186071417543,0.02158099238671612
786,0.022758517913638296,0.02299265555579907,0.02299265555579907,0.0280410477559408,0.0280410477559408,0.017635464982982168,0.02155066070381139
788,0.022758517913638296,0.02299265555579907,0.02299265555579907,0.019707714422607468,0.02526326997816302,0.024438186071417543,0.02221795772771547
793,0.022758517913638296,0.02299265555579907,0.02299265555579907,0.019707714422607468,0.02526326997816302,0.021036825527199855,0.021611324069620852
820,0.022758517913638296,0.02299265555579907,0.02299265555579907,0.011374381089274133,0.02526326997816302,0.02783954661563523,0.02327956662938106
823,0.022758517913638296,0.02299265555579907,0.02299265555579907,0.036374381089274134,0.030818825533718577,0.017635464982982168,0.021520329020906656
827,0.022758517913638296,0.02299265555579907,0.02299265555579907,0.0530410477559408,0.03359660331149635,0.017635464982982168,0.021611324069620852
833,0.022758517913638296,0.02299265555579907,0.02299265555579907,0.036374381089274134,0.02526326997816302,0.024438186071417543,0.02199047010592999
859,0.022758517913638296,0.02299265555579907,0.02299265555579907,0.011374381089274133,0.011374381089274133,0.017635464982982168,0.02411368790926116
873,0.022758517913638296,0.02299265555579907,0.02299265555579907,0.0280410477559408,0.01692993664482969,0.024438186071417543,0.021778148325596873
880,0.022758517913638296,0.02299265555579907,0.02299265555579907,0.011374381089274133,0.022485492200385242,0.034642267704070605,0.022612269605476975
895,0.022758517913638296,0.02299265555579907,0.02299265555579907,0.019707714422607468,0.0280410477559408,0.02783954661563523,0.0218539775328587
896,0.022758517913638296,0.02299265555579907,0.02299265555579907,0.036374381089274134,0.02526326997816302,0.021036825527199855,0.021565826545263754
900,0.022758517913638296,0.02299265555579907,0.02299265555579907,0.011374381089274133,0.02526326997816302,0.02783954661563523,0.022612269605476975
915,0.022758517913638296,0.02299265555579907,0.02299265555579907,0.019707714422607468,0.019707714422607468,0.02783954661563523,0.02215729436190601
918,0.022758517913638296,0.02299265555579907,0.02299265555579907,0.0280410477559408,0.019707714422607468,0.024438186071417543,0.0218539775328587
920,0.022758517913638296,0.02299265555579907,0.02299265555579907,0.019707714422607468,0.019707714422607468,0.021036825527199855,0.021429333972192464
921,0.022758517913638296,0.02299265555579907,0.02299265555579907,0.011374381089274133,0.030818825533718577,0.02783954661563523,0.022688098812738804
928,0.022758517913638296,0.02299265555579907,0.02299265555579907,0.019707714422607468,0.01692993664482969,0.03804362824828829,0.022035967630287086
934,0.022758517913638296,0.02299265555579907,0.02299265555579907,0.044707714422607465,0.04192993664482969,0.024438186071417543,0.021535494862359023
942,0.022758517913638296,0.02299265555579907,0.02299265555579907,0.019707714422607468,0.022485492200385242,0.02783954661563523,0.021975304264477625
944,0.022758517913638296,0.02299265555579907,0.02299265555579907,0.044707714422607465,0.02526326997816302,0.024438186071417543,0.021459665655097198
955,0.022758517913638296,0.02299265555579907,0.02299265555579907,0.019707714422607468,0.022485492200385242,0.034642267704070605,0.021762982484144506
970,0.022758517913638296,0.02299265555579907,0.02299265555579907,0.019707714422607468,0.01692993664482969,0.02783954661563523,0.021429333972192464
980,0.022758517913638296,0.02299265555579907,0.02299265555579907,0.011374381089274133,0.022485492200385242,0.017635464982982168,0.022612269605476975
988,0.022758517913638296,0.02299265555579907,0.02299265555579907,0.0280410477559408,0.019707714422607468,0.017635464982982168,0.02158099238671612
998,0.022758517913638296,0.02299265555579907,0.02299265555579907,0.036374381089274134,0.019707714422607468,0.034642267704070605,0.021611324069620852
001,0.022733233463575087,0.022360544304218792,0.022360544304218792,0.019707714422607468,0.02526326997816302,0.02783954661563523,0.021899475057215796
030,0.022733233463575087,0.022360544304218792,0.022360544304218792,0.011374381089274133,0.019707714422607468,0.01423410443876448,0.02239994782514386
039,0.022733233463575087,0.022360544304218792,0.022360544304218792,0.0280410477559408,0.01692993664482969,0.02783954661563523,0.021535494862359023
043,0.022733233463575087,0.022360544304218792,0.022360544304218792,0.0280410477559408,0.02526326997816302,0.024438186071417543,0.021747816642692142
084,0.022733233463575087,0.022360544304218792,0.022360544304218792,0.0280410477559408,0.03359660331149635,0.017635464982982168,0.021399002289287733
096,0.022733233463575087,0.022360544304218792,0.022360544304218792,0.036374381089274134,0.022485492200385242,0.024438186071417543,0.02147483149654956
100,0.022733233463575087,0.022360544304218792,0.022360544304218792,0.011374381089274133,0.022485492200385242,0.02783954661563523,0.022506108715310415
113,0.022733233463575087,0.022360544304218792,0.022360544304218792,0.019707714422607468,0.030818825533718577,0.024438186071417543,0.022172460203358377
117,0.022733233463575087,0.022360544304218792,0.022360544304218792,0.0280410477559408,0.022485492200385242,0.034642267704070605,0.021702319118335044
123,0.022733233463575087,0.022360544304218792,0.022360544304218792,0.0280410477559408,0.030818825533718577,0.021036825527199855,0.021732650801239775
129,0.022733233463575087,0.022360544304218792,0.022360544304218792,0.019707714422607468,0.014152158867051911,0.024438186071417543,0.021808480008501604
130,0.022733233463575087,0.022360544304218792,0.022360544304218792,0.0280410477559408,0.019707714422607468,0.024438186071417543,0.02147483149654956
143,0.022733233463575087,0.022360544304218792,0.022360544304218792,0.011374381089274133,0.01692993664482969,0.017635464982982168,0.022445445349500954
153,0.022733233463575087,0.022360544304218792,0.022360544304218792,0.011374381089274133,0.011374381089274133,0.017635464982982168,0.02411368790926116
155,0.022733233463575087,0.022360544304218792,0.022360544304218792,0.036374381089274134,0.030818825533718577,0.01423410443876448,0.021429333972192464
180,0.022733233463575087,0.022360544304218792,0.022360544304218792,0.0280410477559408,0.02526326997816302,0.02783954661563523,0.021565826545263754
192,0.022733233463575087,0.022360544304218792,0.022360544304218792,0.0280410477559408,0.0280410477559408,0.031240907159852914,0.021459665655097198
195,0.022733233463575087,0.022360544304218792,0.022360544304218792,0.019707714422607468,0.01692993664482969,0.024438186071417543,0.022081465154644184
197,0.022733233463575087,0.022360544304218792,0.022360544304218792,0.019707714422607468,0.02526326997816302,0.024438186071417543,0.0214141681307401
229,0.022733233463575087,0.022360544304218792,0.022360544304218792,0.019707714422607468,0.02526326997816302,0.021036825527199855,0.02202080178883472
232,0.022733233463575087,0.022360544304218792,0.022360544304218792,0.0280410477559408,0.0280410477559408,0.021036825527199855,0.021762982484144506
261,0.022733233463575087,0.022360544304218792,0.022360544304218792,0.036374381089274134,0.02526326997816302,0.031240907159852914,0.021459665655097198
280,0.022733233463575087,0.022360544304218792,0.022360544304218792,0.019707714422607468,0.022485492200385242,0.017635464982982168,0.02138383644783537
327,0.022733233463575087,0.022360544304218792,0.022360544304218792,0.036374381089274134,0.0280410477559408,0.024438186071417543,0.02138383644783537
329,0.022733233463575087,0.022360544304218792,0.022360544304218792,0.036374381089274134,0.030818825533718577,0.024438186071417543,0.02171748495978741
346,0.022733233463575087,0.022360544304218792,0.022360544304218792,0.019707714422607468,0.022485492200385242,0.01423410443876448,0.021520329020906656
348,0.022733233463575087,0.022360544304218792,0.022360544304218792,0.011374381089274133,0.01692993664482969,0.024438186071417543,0.022339284459334394
355,0.022733233463575087,0.022360544304218792,0.022360544304218792,0.0280410477559408,0.036374381089274134,0.02783954661563523,0.021505163179454292
388,0.022733233463575087,0.022360544304218792,0.022360544304218792,0.019707714422607468,0.019707714422607468,0.024438186071417543,0.02182364584995397
412,0.022733233463575087,0.022360544304218792,0.022360544304218792,0.0280410477559408,0.036374381089274134,0.031240907159852914,0.02148999733800193
426,0.022733233463575087,0.022360544304218792,0.022360544304218792,0.019707714422607468,0.022485492200385242,0.021036825527199855,0.02171748495978741
428,0.022733233463575087,0.022360544304218792,0.022360544304218792,0.019707714422607468,0.02526326997816302,0.021036825527199855,0.02223312356916784
437,0.022733233463575087,0.022360544304218792,0.022360544304218792,0.0280410477559408,0.02526326997816302,0.024438186071417543,0.021520329020906656
444,0.022733233463575087,0.022360544304218792,0.022360544304218792,0.011374381089274133,0.019707714422607468,0.02783954661563523,0.023158239897762136
454,0.022733233463575087,0.022360544304218792,0.022360544304218792,0.011374381089274133,0.014152158867051911,0.021036825527199855,0.023021747324690846
458,0.022733233463575087,0.022360544304218792,0.022360544304218792,0.019707714422607468,0.03359660331149635,0.034642267704070605,0.021565826545263754
479,0.022733233463575087,0.022360544304218792,0.022360544304218792,0.036374381089274134,0.0280410477559408,0.02783954661563523,0.021505163179454292
493,0.022733233463575087,0.022360544304218792,0.022360544304218792,0.036374381089274134,0.022485492200385242,0.024438186071417543,0.02158099238671612
495,0.022733233463575087,0.022360544304218792,0.022360544304218792,0.019707714422607468,0.02526326997816302,0.017635464982982168,0.02211179683754891
507,0.022733233463575087,0.022360544304218792,0.022360544304218792,0.0280410477559408,0.0280410477559408,0.024438186071417543,0.02155066070381139
521,0.022733233463575087,0.022360544304218792,0.022360544304218792,0.0280410477559408,0.022485492200385242,0.031240907159852914,0.021778148325596873
536,0.022733233463575087,0.022360544304218792,0.022360544304218792,0.019707714422607468,0.0280410477559408,0.024438186071417543,0.021641655752525583
562,0.022733233463575087,0.022360544304218792,0.022360544304218792,0.019707714422607468,0.030818825533718577,0.02783954661563523,0.022051133471739454
563,0.022733233463575087,0.022360544304218792,0.022360544304218792,0.011374381089274133,0.01692993664482969,0.03804362824828829,0.023052079007595577
587,0.022733233463575087,0.022360544304218792,0.022360544304218792,0.036374381089274134,0.019707714422607468,0.01423410443876448,0.02155066070381139
616,0.022733233463575087,0.022360544304218792,0.022360544304218792,0.0280410477559408,0.019707714422607468,0.017635464982982168,0.021899475057215796
621,0.022733233463575087,0.022360544304218792,0.022360544304218792,0.019707714422607468,0.022485492200385242,0.04144498879250598,0.02202080178883472
630,0.022733233463575087,0.022360544304218792,0.022360544304218792,0.011374381089274133,0.019707714422607468,0.024438186071417543,0.02276392802000063
631,0.022733233463575087,0.022360544304218792,0.022360544304218792,0.019707714422607468,0.02526326997816302,0.017635464982982168,0.02202080178883472
638,0.022733233463575087,0.022360544304218792,0.022360544304218792,0.036374381089274134,0.036374381089274134,0.02783954661563523,0.0218539775328587
646,0.022733233463575087,0.022360544304218792,0.022360544304218792,0.0280410477559408,0.02526326997816302,0.01423410443876448,0.02168715327688268
663,0.022733233463575087,0.022360544304218792,0.022360544304218792,0.011374381089274133,0.014152158867051911,0.021036825527199855,0.022490942873858052
674,0.022733233463575087,0.022360544304218792,0.022360544304218792,0.019707714422607468,0.01692993664482969,0.02783954661563523,0.02138383644783537
675,0.022733233463575087,0.022360544304218792,0.022360544304218792,0.019707714422607468,0.019707714422607468,0.02783954661563523,0.02159615822816849
681,0.022733233463575087,0.022360544304218792,0.022360544304218792,0.011374381089274133,0.014152158867051911,0.04144498879250598,0.023522220092618906
708,0.022733233463575087,0.022360544304218792,0.022360544304218792,0.036374381089274134,0.036374381089274134,0.017635464982982168,0.02147483149654956
731,0.022733233463575087,0.022360544304218792,0.022360544304218792,0.011374381089274133,0.0280410477559408,0.031240907159852914,0.02256677208111988
737,0.022733233463575087,0.022360544304218792,0.022360544304218792,0.036374381089274134,0.030818825533718577,0.01423410443876448,0.021641655752525583
741,0.022733233463575087,0.022360544304218792,0.022360544304218792,0.019707714422607468,0.01692993664482969,0.024438186071417543,0.02223312356916784
756,0.022733233463575087,0.022360544304218792,0.022360544304218792,0.019707714422607468,0.014152158867051911,0.01423410443876448,0.021520329020906656
769,0.022733233463575087,0.022360544304218792,0.022360544304218792,0.011374381089274133,0.022485492200385242,0.02783954661563523,0.02235445030078676
778,0.022733233463575087,0.022360544304218792,0.022360544304218792,0.011374381089274133,0.019707714422607468,0.017635464982982168,0.023021747324690846
787,0.022733233463575087,0.022360544304218792,0.022360544304218792,0.019707714422607468,0.019707714422607468,0.031240907159852914,0.022096630996096548
796,0.022733233463575087,0.022360544304218792,0.022360544304218792,0.019707714422607468,0.0280410477559408,0.02783954661563523,0.021778148325596873
803,0.022733233463575087,0.022360544304218792,0.022360544304218792,0.019707714422607468,0.019707714422607468,0.021036825527199855,0.021429333972192464
809,0.022733233463575087,0.022360544304218792,0.022360544304218792,0.019707714422607468,0.022485492200385242,0.021036825527199855,0.022278621093524936
810,0.022733233463575087,0.022360544304218792,0.022360544304218792,0.019707714422607468,0.019707714422607468,0.02783954661563523,0.021808480008501604
824,0.022733233463575087,0.022360544304218792,0.022360544304218792,0.019707714422607468,0.01692993664482969,0.024438186071417543,0.022096630996096548
852,0.022733233463575087,0.022360544304218792,0.022360544304218792,0.0280410477559408,0.0280410477559408,0.02783954661563523,0.021505163179454292
860,0.022733233463575087,0.022360544304218792,0.022360544304218792,0.011374381089274133,0.03359660331149635,0.01423410443876448,0.02253644039821515
872,0.022733233463575087,0.022360544304218792,0.022360544304218792,0.0280410477559408,0.030818825533718577,0.02783954661563523,0.021732650801239775
890,0.022733233463575087,0.022360544304218792,0.022360544304218792,0.011374381089274133,0.02526326997816302,0.024438186071417543,0.022445445349500954
894,0.022733233463575087,0.022360544304218792,0.022360544304218792,0.036374381089274134,0.02526326997816302,0.024438186071417543,0.021929806740120527
905,0.022733233463575087,0.022360544304218792,0.022360544304218792,0.011374381089274133,0.011374381089274133,0.017635464982982168,0.02411368790926116
907,0.022733233463575087,0.022360544304218792,0.022360544304218792,0.0280410477559408,0.0280410477559408,0.017635464982982168,0.0214141681307401
911,0.022733233463575087,0.022360544304218792,0.022360544304218792,0.044707714422607465,0.030818825533718577,0.021036825527199855,0.02138383644783537
919,0.022733233463575087,0.022360544304218792,0.022360544304218792,0.044707714422607465,0.02526326997816302,0.024438186071417543,0.0214141681307401
945,0.022733233463575087,0.022360544304218792,0.022360544304218792,0.011374381089274133,0.02526326997816302,0.024438186071417543,0.02239994782514386
948,0.022733233463575087,0.022360544304218792,0.022360544304218792,0.0280410477559408,0.0280410477559408,0.024438186071417543,0.021975304264477625
963,0.022733233463575087,0.022360544304218792,0.022360544304218792,0.0280410477559408,0.022485492200385242,0.021036825527199855,0.021565826545263754
969,0.022733233463575087,0.022360544304218792,0.022360544304218792,0.0280410477559408,0.01692993664482969,0.031240907159852914,0.02171748495978741
972,0.022733233463575087,0.022360544304218792,0.022360544304218792,0.011374381089274133,0.022485492200385242,0.017635464982982168,0.02243027950804859
005,0.022707949013511874,0.021728433052638513,0.021728433052638513,0.019707714422607468,0.014152158867051911,0.024438186071417543,0.022096630996096548
011,0.022707949013511874,0.021728433052638513,0.021728433052638513,0.036374381089274134,0.0280410477559408,0.017635464982982168,0.021656821593977946
012,0.022707949013511874,0.021728433052638513,0.021728433052638513,0.0280410477559408,0.02526326997816302,0.021036825527199855,0.02223312356916784
018,0.022707949013511874,0.021728433052638513,0.021728433052638513,0.036374381089274134,0.019707714422607468,0.02783954661563523,0.0218539775328587
024,0.022707949013511874,0.021728433052638513,0.021728433052638513,0.0280410477559408,0.022485492200385242,0.021036825527199855,0.02148999733800193
025,0.022707949013511874,0.021728433052638513,0.021728433052638513,0.019707714422607468,0.02526326997816302,0.02783954661563523,0.02221795772771547
050,0.022707949013511874,0.021728433052638513,0.021728433052638513,0.019707714422607468,0.019707714422607468,0.021036825527199855,0.022081465154644184
064,0.022707949013511874,0.021728433052638513,0.021728433052638513,0.0280410477559408,0.022485492200385242,0.021036825527199855,0.021944972581572894
077,0.022707949013511874,0.021728433052638513,0.021728433052638513,0.06970771442260747,0.030818825533718577,0.031240907159852914,0.021520329020906656
083,0.022707949013511874,0.021728433052638513,0.021728433052638513,0.019707714422607468,0.03359660331149635,0.017635464982982168,0.021626489911073216
093,0.022707949013511874,0.021728433052638513,0.021728433052638513,0.011374381089274133,0.014152158867051911,0.021036825527199855,0.02353738593407127
108,0.022707949013511874,0.021728433052638513,0.021728433052638513,0.011374381089274133,0.01692993664482969,0.017635464982982168,0.022551606239667513
128,0.022707949013511874,0.021728433052638513,0.021728433052638513,0.019707714422607468,0.022485492200385242,0.021036825527199855,0.021808480008501604
141,0.022707949013511874,0.021728433052638513,0.021728433052638513,0.019707714422607468,0.022485492200385242,0.024438186071417543,0.021565826545263754
156,0.022707949013511874,0.021728433052638513,0.021728433052638513,0.019707714422607468,0.022485492200385242,0.01423410443876448,0.021747816642692142
163,0.022707949013511874,0.021728433052638513,0.021728433052638513,0.019707714422607468,0.019707714422607468,0.024438186071417543,0.02211179683754891
165,0.022707949013511874,0.021728433052638513,0.021728433052638513,0.011374381089274133,0.02526326997816302,0.017635464982982168,0.022384781983691492
170,0.022707949013511874,0.021728433052638513,0.021728433052638513,0.019707714422607468,0.022485492200385242,0.024438186071417543,0.021838811691406335
188,0.022707949013511874,0.021728433052638513,0.021728433052638513,0.044707714422607465,0.02526326997816302,0.017635464982982168,0.02144449981364483
210,0.022707949013511874,0.021728433052638513,0.021728433052638513,0.019707714422607468,0.01692993664482969,0.021036825527199855,0.021747816642692142
212,0.022707949013511874,0.021728433052638513,0.021728433052638513,0.0280410477559408,0.02526326997816302,0.021036825527199855,0.021702319118335044
219,0.022707949013511874,0.021728433052638513,0.021728433052638513,0.011374381089274133,0.01692993664482969,0.024438186071417543,0.022597103764024608
237,0.022707949013511874,0.021728433052638513,0.021728433052638513,0.019707714422607468,0.02526326997816302,0.021036825527199855,0.021762982484144506
245,0.022707949013511874,0.021728433052638513,0.021728433052638513,0.0280410477559408,0.0280410477559408,0.02783954661563523,0.021505163179454292
258,0.022707949013511874,0.021728433052638513,0.021728433052638513,0.019707714422607468,0.019707714422607468,0.01423410443876448,0.02171748495978741
266,0.022707949013511874,0.021728433052638513,0.021728433052638513,0.019707714422607468,0.01692993664482969,0.031240907159852914,0.02199047010592999
272,0.022707949013511874,0.021728433052638513,0.021728433052638513,0.011374381089274133,0.019707714422607468,0.024438186071417543,0.023446390885357077
276,0.022707949013511874,0.021728433052638513,0.021728433052638513,0.0280410477559408,0.022485492200385242,0.02783954661563523,0.021429333972192464
286,0.022707949013511874,0.021728433052638513,0.021728433052638513,0.0280410477559408,0.022485492200385242,0.01423410443876448,0.02155066070381139
290,0.022707949013511874,0.021728433052638513,0.021728433052638513,0.019707714422607468,0.0280410477559408,0.017635464982982168,0.02171748495978741
305,0.022707949013511874,0.021728433052638513,0.021728433052638513,0.019707714422607468,0.02526326997816302,0.031240907159852914,0.02226345525207257
309,0.022707949013511874,0.021728433052638513,0.021728433052638513,0.011374381089274133,0.011374381089274133,0.031240907159852914,0.02411368790926116
319,0.022707949013511874,0.021728433052638513,0.021728433052638513,0.011374381089274133,0.019707714422607468,0.021036825527199855,0.02239994782514386
325,0.022707949013511874,0.021728433052638513,0.021728433052638513,0.0280410477559408,0.02526326997816302,0.01423410443876448,0.021732650801239775
334,0.022707949013511874,0.021728433052638513,0.021728433052638513,0.044707714422607465,0.02526326997816302,0.021036825527199855,0.021459665655097198
342,0.022707949013511874,0.021728433052638513,0.021728433052638513,0.011374381089274133,0.022485492200385242,0.017635464982982168,0.022885254751619555
347,0.022707949013511874,0.021728433052638513,0.021728433052638513,0.019707714422607468,0.014152158867051911,0.021036825527199855,0.021747816642692142
350,0.022707949013511874,0.021728433052638513,0.021728433052638513,0.0280410477559408,0.02526326997816302,0.017635464982982168,0.021838811691406335
376,0.022707949013511874,0.021728433052638513,0.021728433052638513,0.019707714422607468,0.022485492200385242,0.017635464982982168,0.021838811691406335
384,0.022707949013511874,0.021728433052638513,0.021728433052638513,0.036374381089274134,0.03359660331149635,0.02783954661563523,0.021459665655097198
385,0.022707949013511874,0.021728433052638513,0.021728433052638513,0.011374381089274133,0.022485492200385242,0.02783954661563523,0.022506108715310415
420,0.022707949013511874,0.021728433052638513,0.021728433052638513,0.036374381089274134,0.022485492200385242,0.01423410443876448,0.02144449981364483
424,0.022707949013511874,0.021728433052638513,0.021728433052638513,0.019707714422607468,0.01692993664482969,0.017635464982982168,0.02226345525207257
433,0.022707949013511874,0.021728433052638513,0.021728433052638513,0.036374381089274134,0.019707714422607468,0.021036825527199855,0.021459665655097198
439,0.022707949013511874,0.021728433052638513,0.021728433052638513,0.019707714422607468,0.014152158867051911,0.024438186071417543,0.02159615822816849
483,0.022707949013511874,0.021728433052638513,0.021728433052638513,0.0280410477559408,0.02526326997816302,0.01423410443876448,0.021429333972192464
494,0.022707949013511874,0.021728433052638513,0.021728433052638513,0.0280410477559408,0.02526326997816302,0.017635464982982168,0.02144449981364483
498,0.022707949013511874,0.021728433052638513,0.021728433052638513,0.0280410477559408,0.02526326997816302,0.021036825527199855,0.021399002289287733
503,0.022707949013511874,0.021728433052638513,0.021728433052638513,0.011374381089274133,0.022485492200385242,0.021036825527199855,0.02253644039821515
504,0.022707949013511874,0.021728433052638513,0.021728433052638513,0.044707714422607465,0.0280410477559408,0.021036825527199855,0.021656821593977946
518,0.022707949013511874,0.021728433052638513,0.021728433052638513,0.036374381089274134,0.022485492200385242,0.031240907159852914,0.021808480008501604
520,0.022707949013511874,0.021728433052638513,0.021728433052638513,0.0280410477559408,0.02526326997816302,0.021036825527199855,0.021793314167049237
528,0.022707949013511874,0.021728433052638513,0.021728433052638513,0.0280410477559408,0.0280410477559408,0.01423410443876448,0.021702319118335044
529,0.022707949013511874,0.021728433052638513,0.021728433052638513,0.019707714422607468,0.01692993664482969,0.021036825527199855,0.02158099238671612
564,0.022707949013511874,0.021728433052638513,0.021728433052638513,0.011374381089274133,0.022485492200385242,0.017635464982982168,0.02285492306871482
585,0.022707949013511874,0.021728433052638513,0.021728433052638513,0.011374381089274133,0.019707714422607468,0.021036825527199855,0.02235445030078676
589,0.022707949013511874,0.021728433052638513,0.021728433052638513,0.011374381089274133,0.01692993664482969,0.017635464982982168,0.023901366128928042
590,0.022707949013511874,0.021728433052638513,0.021728433052638513,0.044707714422607465,0.022485492200385242,0.010832743894546793,0.02147483149654956
622,0.022707949013511874,0.021728433052638513,0.021728433052638513,0.061374381089274135,0.03359660331149635,0.01423410443876448,0.0214141681307401
623,0.022707949013511874,0.021728433052638513,0.021728433052638513,0.011374381089274133,0.01692993664482969,0.021036825527199855,0.022961083958881384
639,0.022707949013511874,0.021728433052638513,0.021728433052638513,0.011374381089274133,0.01692993664482969,0.021036825527199855,0.02232411861788203
644,0.022707949013511874,0.021728433052638513,0.021728433052638513,0.0280410477559408,0.022485492200385242,0.01423410443876448,0.021793314167049237
649,0.022707949013511874,0.021728433052638513,0.021728433052638513,0.036374381089274134,0.02526326997816302,0.031240907159852914,0.02188430921576343
655,0.022707949013511874,0.021728433052638513,0.021728433052638513,0.0280410477559408,0.019707714422607468,0.024438186071417543,0.02138383644783537
671,0.022707949013511874,0.021728433052638513,0.021728433052638513,0.011374381089274133,0.01692993664482969,0.02783954661563523,0.022642601288381706
692,0.022707949013511874,0.021728433052638513,0.021728433052638513,0.011374381089274133,0.01692993664482969,0.021036825527199855,0.02235445030078676
702,0.022707949013511874,0.021728433052638513,0.021728433052638513,0.036374381089274134,0.02526326997816302,0.02783954661563523,0.02182364584995397
711,0.022707949013511874,0.021728433052638513,0.021728433052638513,0.011374381089274133,0.019707714422607468,0.021036825527199855,0.022718430495643534
721,0.022707949013511874,0.021728433052638513,0.021728433052638513,0.011374381089274133,0.01692993664482969,0.024438186071417543,0.023764873555856755
725,0.022707949013511874,0.021728433052638513,0.021728433052638513,0.019707714422607468,0.01692993664482969,0.017635464982982168,0.021914640898668163
744,0.022707949013511874,0.021728433052638513,0.021728433052638513,0.011374381089274133,0.01692993664482969,0.024438186071417543,0.022415113666596223
781,0.022707949013511874,0.021728433052638513,0.021728433052638513,0.019707714422607468,0.019707714422607468,0.017635464982982168,0.021975304264477625
790,0.022707949013511874,0.021728433052638513,0.021728433052638513,0.044707714422607465,0.02526326997816302,0.01423410443876448,0.021565826545263754
798,0.022707949013511874,0.021728433052638513,0.021728433052638513,0.011374381089274133,0.014152158867051911,0.021036825527199855,0.023567717616976003
815,0.022707949013511874,0.021728433052638513,0.021728433052638513,0.011374381089274133,0.014152158867051911,0.021036825527199855,0.022748762178548265
831,0.022707949013511874,0.021728433052638513,0.021728433052638513,0.019707714422607468,0.0280410477559408,0.024438186071417543,0.02155066070381139
835,0.022707949013511874,0.021728433052638513,0.021728433052638513,0.011374381089274133,0.014152158867051911,0.01423410443876448,0.02314307405630977
855,0.022707949013511874,0.021728433052638513,0.021728433052638513,0.0280410477559408,0.02526326997816302,0.02783954661563523,0.02158099238671612
941,0.022707949013511874,0.021728433052638513,0.021728433052638513,0.036374381089274134,0.030818825533718577,0.02783954661563523,0.02182364584995397
951,0.022707949013511874,0.021728433052638513,0.021728433052638513,0.019707714422607468,0.022485492200385242,0.01423410443876448,0.021535494862359023
954,0.022707949013511874,0.021728433052638513,0.021728433052638513,0.0280410477559408,0.02526326997816302,0.02783954661563523,0.021626489911073216
976,0.022707949013511874,0.021728433052638513,0.021728433052638513,0.019707714422607468,0.0280410477559408,0.02783954661563523,0.021702319118335044
984,0.022707949013511874,0.021728433052638513,0.021728433052638513,0.036374381089274134,0.0280410477559408,0.021036825527199855,0.021611324069620852
991,0.022707949013511874,0.021728433052638513,0.021728433052638513,0.011374381089274133,0.01692993664482969,0.021036825527199855,0.023628380982785465
992,0.022707949013511874,0.021728433052638513,0.021728433052638513,0.011374381089274133,0.01692993664482969,0.01423410443876448,0.022733596337095898
994,0.022707949013511874,0.021728433052638513,0.021728433052638513,0.019707714422607468,0.01692993664482969,0.021036825527199855,0.02188430921576343
015,0.022682664563448664,0.02109632180105824,0.02109632180105824,0.0280410477559408,0.019707714422607468,0.02783954661563523,0.022066299313191817
048,0.022682664563448664,0.02109632180105824,0.02109632180105824,0.0280410477559408,0.022485492200385242,0.017635464982982168,0.02147483149654956
062,0.022682664563448664,0.02109632180105824,0.02109632180105824,0.0280410477559408,0.02526326997816302,0.017635464982982168,0.02138383644783537
065,0.022682664563448664,0.02109632180105824,0.02109632180105824,0.011374381089274133,0.019707714422607468,0.017635464982982168,0.02256677208111988
067,0.022682664563448664,0.02109632180105824,0.02109632180105824,0.019707714422607468,0.01692993664482969,0.01423410443876448,0.021762982484144506
070,0.022682664563448664,0.02109632180105824,0.02109632180105824,0.0280410477559408,0.0280410477559408,0.017635464982982168,0.021641655752525583
078,0.022682664563448664,0.02109632180105824,0.02109632180105824,0.019707714422607468,0.014152158867051911,0.017635464982982168,0.02144449981364483
089,0.022682664563448664,0.02109632180105824,0.02109632180105824,0.011374381089274133,0.01692993664482969,0.017635464982982168,0.022612269605476975
101,0.022682664563448664,0.02109632180105824,0.02109632180105824,0.011374381089274133,0.014152158867051911,0.017635464982982168,0.023082410690500304
107,0.022682664563448664,0.02109632180105824,0.02109632180105824,0.0280410477559408,0.019707714422607468,0.017635464982982168,0.021793314167049237
137,0.022682664563448664,0.02109632180105824,0.02109632180105824,0.019707714422607468,0.030818825533718577,0.01423410443876448,0.021671987435430314
145,0.022682664563448664,0.02109632180105824,0.02109632180105824,0.011374381089274133,0.014152158867051911,0.021036825527199855,0.023719376031499657
148,0.022682664563448664,0.02109632180105824,0.02109632180105824,0.019707714422607468,0.03359660331149635,0.02783954661563523,0.021641655752525583
152,0.022682664563448664,0.02109632180105824,0.02109632180105824,0.036374381089274134,0.019707714422607468,0.017635464982982168,0.021732650801239775
154,0.022682664563448664,0.02109632180105824,0.02109632180105824,0.019707714422607468,0.019707714422607468,0.021036825527199855,0.022005635947382356
185,0.022682664563448664,0.02109632180105824,0.02109632180105824,0.0280410477559408,0.030818825533718577,0.024438186071417543,0.02144449981364483
187,0.022682664563448664,0.02109632180105824,0.02109632180105824,0.011374381089274133,0.014152158867051911,0.024438186071417543,0.022839757227262458
201,0.022682664563448664,0.02109632180105824,0.02109632180105824,0.011374381089274133,0.01692993664482969,0.017635464982982168,0.023764873555856755
203,0.022682664563448664,0.02109632180105824,0.02109632180105824,0.011374381089274133,0.019707714422607468,0.031240907159852914,0.022733596337095898
209,0.022682664563448664,0.02109632180105824,0.02109632180105824,0.019707714422607468,0.019707714422607468,0.034642267704070605,0.021459665655097198
214,0.022682664563448664,0.02109632180105824,0.02109632180105824,0.011374381089274133,0.0280410477559408,0.01423410443876448,0.022445445349500954
223,0.022682664563448664,0.02109632180105824,0.02109632180105824,0.019707714422607468,0.02526326997816302,0.031240907159852914,0.02221795772771547
241,0.022682664563448664,0.02109632180105824,0.02109632180105824,0.036374381089274134,0.0280410477559408,0.021036825527199855,0.02138383644783537
262,0.022682664563448664,0.02109632180105824,0.02109632180105824,0.011374381089274133,0.01692993664482969,0.024438186071417543,0.022627435446929342
281,0.022682664563448664,0.02109632180105824,0.02109632180105824,0.011374381089274133,0.019707714422607468,0.024438186071417543,0.022688098812738804
282,0.022682664563448664,0.02109632180105824,0.02109632180105824,0.019707714422607468,0.019707714422607468,0.017635464982982168,0.021429333972192464
284,0.022682664563448664,0.02109632180105824,0.02109632180105824,0.019707714422607468,0.02526326997816302,0.017635464982982168,0.021641655752525583
285,0.022682664563448664,0.02109632180105824,0.02109632180105824,0.011374381089274133,0.014152158867051911,0.017635464982982168,0.023127908214857402
320,0.022682664563448664,0.02109632180105824,0.02109632180105824,0.019707714422607468,0.019707714422607468,0.021036825527199855,0.021838811691406335
332,0.022682664563448664,0.02109632180105824,0.02109632180105824,0.019707714422607468,0.019707714422607468,0.031240907159852914,0.02211179683754891
337,0.022682664563448664,0.02109632180105824,0.02109632180105824,0.011374381089274133,0.019707714422607468,0.024438186071417543,0.02243027950804859
361,0.022682664563448664,0.02109632180105824,0.02109632180105824,0.019707714422607468,0.02526326997816302,0.01423410443876448,0.021869143374311065
364,0.022682664563448664,0.02109632180105824,0.02109632180105824,0.019707714422607468,0.02526326997816302,0.02783954661563523,0.021429333972192464
366,0.022682664563448664,0.02109632180105824,0.02109632180105824,0.011374381089274133,0.019707714422607468,0.02783954661563523,0.022627435446929342
404,0.022682664563448664,0.02109632180105824,0.02109632180105824,0.0280410477559408,0.022485492200385242,0.02783954661563523,0.021565826545263754
410,0.022682664563448664,0.02109632180105824,0.02109632180105824,0.011374381089274133,0.022485492200385242,0.017635464982982168,0.022521274556762783
414,0.022682664563448664,0.02109632180105824,0.02109632180105824,0.011374381089274133,0.019707714422607468,0.024438186071417543,0.02256677208111988
421,0.022682664563448664,0.02109632180105824,0.02109632180105824,0.011374381089274133,0.019707714422607468,0.021036825527199855,0.022627435446929342
448,0.022682664563448664,0.02109632180105824,0.02109632180105824,0.0280410477559408,0.022485492200385242,0.017635464982982168,0.021399002289287733
464,0.022682664563448664,0.02109632180105824,0.02109632180105824,0.019707714422607468,0.019707714422607468,0.021036825527199855,0.022066299313191817
467,0.022682664563448664,0.02109632180105824,0.02109632180105824,0.019707714422607468,0.014152158867051911,0.02783954661563523,0.022202791886263108
476,0.022682664563448664,0.02109632180105824,0.02109632180105824,0.019707714422607468,0.01692993664482969,0.021036825527199855,0.022187626044810744
496,0.022682664563448664,0.02109632180105824,0.02109632180105824,0.019707714422607468,0.01692993664482969,0.021036825527199855,0.021702319118335044
500,0.022682664563448664,0.02109632180105824,0.02109632180105824,0.011374381089274133,0.01692993664482969,0.01423410443876448,0.02256677208111988
514,0.022682664563448664,0.02109632180105824,0.02109632180105824,0.0280410477559408,0.02526326997816302,0.01423410443876448,0.021505163179454292
524,0.022682664563448664,0.02109632180105824,0.02109632180105824,0.036374381089274134,0.02526326997816302,0.02783954661563523,0.021429333972192464
538,0.022682664563448664,0.02109632180105824,0.02109632180105824,0.019707714422607468,0.014152158867051911,0.021036825527199855,0.02148999733800193
554,0.022682664563448664,0.02109632180105824,0.02109632180105824,0.019707714422607468,0.0280410477559408,0.01423410443876448,0.021944972581572894
574,0.022682664563448664,0.02109632180105824,0.02109632180105824,0.011374381089274133,0.02526326997816302,0.010832743894546793,0.02243027950804859
580,0.022682664563448664,0.02109632180105824,0.02109632180105824,0.0280410477559408,0.019707714422607468,0.021036825527199855,0.021535494862359023
591,0.022682664563448664,0.02109632180105824,0.02109632180105824,0.011374381089274133,0.01692993664482969,0.024438186071417543,0.023461556726809447
604,0.022682664563448664,0.02109632180105824,0.02109632180105824,0.011374381089274133,0.014152158867051911,0.017635464982982168,0.022657767129834073
608,0.022682664563448664,0.02109632180105824,0.02109632180105824,0.011374381089274133,0.01692993664482969,0.01423410443876448,0.02267293297128644
611,0.022682664563448664,0.02109632180105824,0.02109632180105824,0.0280410477559408,0.02526326997816302,0.017635464982982168,0.021535494862359023
617,0.022682664563448664,0.02109632180105824,0.02109632180105824,0.019707714422607468,0.022485492200385242,0.021036825527199855,0.022005635947382356
635,0.022682664563448664,0.02109632180105824,0.02109632180105824,0.044707714422607465,0.0280410477559408,0.017635464982982168,0.021611324069620852
637,0.022682664563448664,0.02109632180105824,0.02109632180105824,0.0280410477559408,0.0280410477559408,0.024438186071417543,0.021520329020906656
648,0.022682664563448664,0.02109632180105824,0.02109632180105824,0.044707714422607465,0.02526326997816302,0.017635464982982168,0.02158099238671612
660,0.022682664563448664,0.02109632180105824,0.02109632180105824,0.011374381089274133,0.0280410477559408,0.021036825527199855,0.022597103764024608
673,0.022682664563448664,0.02109632180105824,0.02109632180105824,0.011374381089274133,0.01692993664482969,0.024438186071417543,0.023021747324690846
677,0.022682664563448664,0.02109632180105824,0.02109632180105824,0.0280410477559408,0.019707714422607468,0.01423410443876448,0.021732650801239775
678,0.022682664563448664,0.02109632180105824,0.02109632180105824,0.011374381089274133,0.022485492200385242,0.021036825527199855,0.02267293297128644
699,0.022682664563448664,0.02109632180105824,0.02109632180105824,0.044707714422607465,0.0280410477559408,0.024438186071417543,0.021838811691406335
719,0.022682664563448664,0.02109632180105824,0.02109632180105824,0.0280410477559408,0.022485492200385242,0.021036825527199855,0.021565826545263754
723,0.022682664563448664,0.02109632180105824,0.02109632180105824,0.011374381089274133,0.01692993664482969,0.017635464982982168,0.022384781983691492
746,0.022682664563448664,0.02109632180105824,0.02109632180105824,0.0280410477559408,0.01692993664482969,0.024438186071417543,0.02188430921576343
757,0.022682664563448664,0.02109632180105824,0.02109632180105824,0.011374381089274133,0.01692993664482969,0.024438186071417543,0.022779093861453
763,0.022682664563448664,0.02109632180105824,0.02109632180105824,0.011374381089274133,0.019707714422607468,0.02783954661563523,0.022490942873858052
818,0.022682664563448664,0.02109632180105824,0.02109632180105824,0.011374381089274133,0.01692993664482969,0.021036825527199855,0.023127908214857402
822,0.022682664563448664,0.02109632180105824,0.02109632180105824,0.011374381089274133,0.01692993664482969,0.02783954661563523,0.023461556726809447
837,0.022682664563448664,0.02109632180105824,0.02109632180105824,0.011374381089274133,0.011374381089274133,0.021036825527199855,0.02411368790926116
838,0.022682664563448664,0.02109632180105824,0.02109632180105824,0.019707714422607468,0.022485492200385242,0.017635464982982168,0.021535494862359023
842,0.022682664563448664,0.02109632180105824,0.02109632180105824,0.019707714422607468,0.02526326997816302,0.010832743894546793,0.021520329020906656
843,0.022682664563448664,0.02109632180105824,0.02109632180105824,0.036374381089274134,0.022485492200385242,0.02783954661563523,0.0214141681307401
845,0.022682664563448664,0.02109632180105824,0.02109632180105824,0.011374381089274133,0.022485492200385242,0.021036825527199855,0.02267293297128644
849,0.022682664563448664,0.02109632180105824,0.02109632180105824,0.019707714422607468,0.019707714422607468,0.02783954661563523,0.022096630996096548
861,0.022682664563448664,0.02109632180105824,0.02109632180105824,0.019707714422607468,0.019707714422607468,0.021036825527199855,0.0214141681307401
865,0.022682664563448664,0.02109632180105824,0.02109632180105824,0.011374381089274133,0.019707714422607468,0.02783954661563523,0.023158239897762136
884,0.022682664563448664,0.02109632180105824,0.02109632180105824,0.036374381089274134,0.030818825533718577,0.010832743894546793,0.02159615822816849
885,0.022682664563448664,0.02109632180105824,0.02109632180105824,0.0280410477559408,0.022485492200385242,0.021036825527199855,0.0214141681307401
901,0.022682664563448664,0.02109632180105824,0.02109632180105824,0.011374381089274133,0.022485492200385242,0.024438186071417543,0.02276392802000063
922,0.022682664563448664,0.02109632180105824,0.02109632180105824,0.036374381089274134,0.019707714422607468,0.017635464982982168,0.021459665655097198
940,0.022682664563448664,0.02109632180105824,0.02109632180105824,0.0280410477559408,0.019707714422607468,0.01423410443876448,0.02168715327688268
971,0.022682664563448664,0.02109632180105824,0.02109632180105824,0.019707714422607468,0.019707714422607468,0.021036825527199855,0.021656821593977946
973,0.022682664563448664,0.02109632180105824,0.02109632180105824,0.011374381089274133,0.019707714422607468,0.02783954661563523,0.022703264654191167
985,0.022682664563448664,0.02109632180105824,0.02109632180105824,0.019707714422607468,0.022485492200385242,0.031240907159852914,0.02199047010592999
995,0.022682664563448664,0.02109632180105824,0.02109632180105824,0.011374381089274133,0.014152158867051911,0.02783954661563523,0.02402269286054697
002,0.02265738011338545,0.02046421054947796,0.02046421054947796,0.019707714422607468,0.01692993664482969,0.021036825527199855,0.021626489911073216
007,0.02265738011338545,0.02046421054947796,0.02046421054947796,0.011374381089274133,0.01692993664482969,0.021036825527199855,0.02341605920245235
016,0.02265738011338545,0.02046421054947796,0.02046421054947796,0.011374381089274133,0.01692993664482969,0.01423410443876448,0.022581937922572244
037,0.02265738011338545,0.02046421054947796,0.02046421054947796,0.019707714422607468,0.019707714422607468,0.01423410443876448,0.02171748495978741
038,0.02265738011338545,0.02046421054947796,0.02046421054947796,0.011374381089274133,0.01692993664482969,0.01423410443876448,0.022506108715310415
058,0.02265738011338545,0.02046421054947796,0.02046421054947796,0.011374381089274133,0.02526326997816302,0.021036825527199855,0.022551606239667513
061,0.02265738011338545,0.02046421054947796,0.02046421054947796,0.019707714422607468,0.030818825533718577,0.02783954661563523,0.022202791886263108
066,0.02265738011338545,0.02046421054947796,0.02046421054947796,0.0280410477559408,0.0280410477559408,0.017635464982982168,0.021732650801239775
094,0.02265738011338545,0.02046421054947796,0.02046421054947796,0.011374381089274133,0.01692993664482969,0.01423410443876448,0.02293075227597665
095,0.02265738011338545,0.02046421054947796,0.02046421054947796,0.0280410477559408,0.019707714422607468,0.01423410443876448,0.021793314167049237
103,0.02265738011338545,0.02046421054947796,0.02046421054947796,0.019707714422607468,0.02526326997816302,0.01423410443876448,0.02211179683754891
118,0.02265738011338545,0.02046421054947796,0.02046421054947796,0.0280410477559408,0.022485492200385242,0.02783954661563523,0.021747816642692142
120,0.02265738011338545,0.02046421054947796,0.02046421054947796,0.036374381089274134,0.03359660331149635,0.01423410443876448,0.021838811691406335
122,0.02265738011338545,0.02046421054947796,0.02046421054947796,0.019707714422607468,0.014152158867051911,0.021036825527199855,0.021565826545263754
167,0.02265738011338545,0.02046421054947796,0.02046421054947796,0.0280410477559408,0.02526326997816302,0.02783954661563523,0.021459665655097198
181,0.02265738011338545,0.02046421054947796,0.02046421054947796,0.036374381089274134,0.019707714422607468,0.017635464982982168,0.021611324069620852
193,0.02265738011338545,0.02046421054947796,0.02046421054947796,0.019707714422607468,0.02526326997816302,0.024438186071417543,0.02171748495978741
207,0.02265738011338545,0.02046421054947796,0.02046421054947796,0.0280410477559408,0.019707714422607468,0.010832743894546793,0.021656821593977946
211,0.02265738011338545,0.02046421054947796,0.02046421054947796,0.0280410477559408,0.019707714422607468,0.02783954661563523,0.021732650801239775
226,0.02265738011338545,0.02046421054947796,0.02046421054947796,0.019707714422607468,0.01692993664482969,0.021036825527199855,0.021869143374311065
230,0.02265738011338545,0.02046421054947796,0.02046421054947796,0.011374381089274133,0.019707714422607468,0.021036825527199855,0.02246061119095332
233,0.02265738011338545,0.02046421054947796,0.02046421054947796,0.019707714422607468,0.01692993664482969,0.017635464982982168,0.022035967630287086
295,0.02265738011338545,0.02046421054947796,0.02046421054947796,0.019707714422607468,0.022485492200385242,0.02783954661563523,0.021671987435430314
345,0.02265738011338545,0.02046421054947796,0.02046421054947796,0.0280410477559408,0.022485492200385242,0.024438186071417543,0.021520329020906656
357,0.02265738011338545,0.02046421054947796,0.02046421054947796,0.019707714422607468,0.0280410477559408,0.024438186071417543,0.02144449981364483
386,0.02265738011338545,0.02046421054947796,0.02046421054947796,0.019707714422607468,0.014152158867051911,0.024438186071417543,0.021505163179454292
401,0.02265738011338545,0.02046421054947796,0.02046421054947796,0.011374381089274133,0.02526326997816302,0.01423410443876448,0.02256677208111988
405,0.02265738011338545,0.02046421054947796,0.02046421054947796,0.019707714422607468,0.022485492200385242,0.024438186071417543,0.022051133471739454
425,0.02265738011338545,0.02046421054947796,0.02046421054947796,0.011374381089274133,0.022485492200385242,0.01423410443876448,0.02256677208111988
455,0.02265738011338545,0.02046421054947796,0.02046421054947796,0.019707714422607468,0.02526326997816302,0.021036825527199855,0.02223312356916784
480,0.02265738011338545,0.02046421054947796,0.02046421054947796,0.019707714422607468,0.01692993664482969,0.010832743894546793,0.02138383644783537
487,0.02265738011338545,0.02046421054947796,0.02046421054947796,0.011374381089274133,0.01692993664482969,0.021036825527199855,0.02327956662938106
511,0.02265738011338545,0.02046421054947796,0.02046421054947796,0.0280410477559408,0.019707714422607468,0.01423410443876448,0.02171748495978741
515,0.02265738011338545,0.02046421054947796,0.02046421054947796,0.0280410477559408,0.022485492200385242,0.024438186071417543,0.02188430921576343
531,0.02265738011338545,0.02046421054947796,0.02046421054947796,0.019707714422607468,0.02526326997816302,0.021036825527199855,0.02147483149654956
534,0.02265738011338545,0.02046421054947796,0.02046421054947796,0.011374381089274133,0.011374381089274133,0.024438186071417543,0.02411368790926116
535,0.02265738011338545,0.02046421054947796,0.02046421054947796,0.011374381089274133,0.014152158867051911,0.02783954661563523,0.023400893360999982
537,0.02265738011338545,0.02046421054947796,0.02046421054947796,0.019707714422607468,0.03359660331149635,0.021036825527199855,0.021535494862359023
541,0.02265738011338545,0.02046421054947796,0.02046421054947796,0.0280410477559408,0.01692993664482969,0.024438186071417543,0.021399002289287733
548,0.02265738011338545,0.02046421054947796,0.02046421054947796,0.0280410477559408,0.022485492200385242,0.01423410443876448,0.021535494862359023
550,0.02265738011338545,0.02046421054947796,0.02046421054947796,0.036374381089274134,0.02526326997816302,0.024438186071417543,0.021671987435430314
571,0.02265738011338545,0.02046421054947796,0.02046421054947796,0.019707714422607468,0.02526326997816302,0.031240907159852914,0.021626489911073216
575,0.02265738011338545,0.02046421054947796,0.02046421054947796,0.011374381089274133,0.014152158867051911,0.017635464982982168,0.02235445030078676
581,0.02265738011338545,0.02046421054947796,0.02046421054947796,0.011374381089274133,0.01692993664482969,0.021036825527199855,0.022581937922572244
593,0.02265738011338545,0.02046421054947796,0.02046421054947796,0.0280410477559408,0.022485492200385242,0.031240907159852914,0.02211179683754891
598,0.02265738011338545,0.02046421054947796,0.02046421054947796,0.011374381089274133,0.01692993664482969,0.02783954661563523,0.023431225043904713
613,0.02265738011338545,0.02046421054947796,0.02046421054947796,0.019707714422607468,0.030818825533718577,0.031240907159852914,0.02147483149654956
640,0.02265738011338545,0.02046421054947796,0.02046421054947796,0.019707714422607468,0.02526326997816302,0.02783954661563523,0.02148999733800193
650,0.02265738011338545,0.02046421054947796,0.02046421054947796,0.0280410477559408,0.022485492200385242,0.01423410443876448,0.02144449981364483
656,0.02265738011338545,0.02046421054947796,0.02046421054947796,0.019707714422607468,0.01692993664482969,0.024438186071417543,0.02182364584995397
670,0.02265738011338545,0.02046421054947796,0.02046421054947796,0.0280410477559408,0.02526326997816302,0.017635464982982168,0.021778148325596873
701,0.02265738011338545,0.02046421054947796,0.02046421054947796,0.011374381089274133,0.014152158867051911,0.017635464982982168,0.022748762178548265
739,0.02265738011338545,0.02046421054947796,0.02046421054947796,0.019707714422607468,0.022485492200385242,0.01423410443876448,0.02226345525207257
743,0.02265738011338545,0.02046421054947796,0.02046421054947796,0.019707714422607468,0.019707714422607468,0.021036825527199855,0.02196013842302526
771,0.02265738011338545,0.02046421054947796,0.02046421054947796,0.011374381089274133,0.019707714422607468,0.017635464982982168,0.022657767129834073
785,0.02265738011338545,0.02046421054947796,0.02046421054947796,0.0280410477559408,0.022485492200385242,0.021036825527199855,0.021535494862359023
825,0.02265738011338545,0.02046421054947796,0.02046421054947796,0.011374381089274133,0.01692993664482969,0.017635464982982168,0.022809425544357727
830,0.02265738011338545,0.02046421054947796,0.02046421054947796,0.0280410477559408,0.019707714422607468,0.024438186071417543,0.021656821593977946
863,0.02265738011338545,0.02046421054947796,0.02046421054947796,0.036374381089274134,0.0280410477559408,0.021036825527199855,0.021702319118335044
881,0.02265738011338545,0.02046421054947796,0.02046421054947796,0.019707714422607468,0.022485492200385242,0.01423410443876448,0.021399002289287733
899,0.02265738011338545,0.02046421054947796,0.02046421054947796,0.0280410477559408,0.01692993664482969,0.017635464982982168,0.021611324069620852
912,0.02265738011338545,0.02046421054947796,0.02046421054947796,0.011374381089274133,0.01692993664482969,0.024438186071417543,0.02324923494647633
953,0.02265738011338545,0.02046421054947796,0.02046421054947796,0.011374381089274133,0.01692993664482969,0.02783954661563523,0.022445445349500954
999,0.02265738011338545,0.02046421054947796,0.02046421054947796,0.0280410477559408,0.022485492200385242,0.017635464982982168,0.021626489911073216
027,0.022632095663322242,0.01983209929789768,0.01983209929789768,0.019707714422607468,0.01692993664482969,0.024438186071417543,0.022035967630287086
051,0.022632095663322242,0.01983209929789768,0.01983209929789768,0.019707714422607468,0.030818825533718577,0.021036825527199855,0.021459665655097198
060,0.022632095663322242,0.01983209929789768,0.01983209929789768,0.019707714422607468,0.01692993664482969,0.021036825527199855,0.022172460203358377
072,0.022632095663322242,0.01983209929789768,0.01983209929789768,0.0280410477559408,0.01692993664482969,0.024438186071417543,0.021975304264477625
082,0.022632095663322242,0.01983209929789768,0.01983209929789768,0.0530410477559408,0.030818825533718577,0.021036825527199855,0.0214141681307401
142,0.022632095663322242,0.01983209929789768,0.01983209929789768,0.019707714422607468,0.01692993664482969,0.031240907159852914,0.022187626044810744
171,0.022632095663322242,0.01983209929789768,0.01983209929789768,0.011374381089274133,0.022485492200385242,0.02783954661563523,0.022445445349500954
182,0.022632095663322242,0.01983209929789768,0.01983209929789768,0.011374381089274133,0.014152158867051911,0.017635464982982168,0.022384781983691492
218,0.022632095663322242,0.01983209929789768,0.01983209929789768,0.011374381089274133,0.019707714422607468,0.021036825527199855,0.022688098812738804
222,0.022632095663322242,0.01983209929789768,0.01983209929789768,0.011374381089274133,0.01692993664482969,0.017635464982982168,0.02267293297128644
256,0.022632095663322242,0.01983209929789768,0.01983209929789768,0.0280410477559408,0.022485492200385242,0.017635464982982168,0.02155066070381139
287,0.022632095663322242,0.01983209929789768,0.01983209929789768,0.036374381089274134,0.0280410477559408,0.024438186071417543,0.021671987435430314
288,0.022632095663322242,0.01983209929789768,0.01983209929789768,0.011374381089274133,0.01692993664482969,0.01423410443876448,0.022824591385810094
293,0.022632095663322242,0.01983209929789768,0.01983209929789768,0.044707714422607465,0.02526326997816302,0.024438186071417543,0.021399002289287733
303,0.022632095663322242,0.01983209929789768,0.01983209929789768,0.011374381089274133,0.01692993664482969,0.01423410443876448,0.023188571580666867
324,0.022632095663322242,0.01983209929789768,0.01983209929789768,0.011374381089274133,0.019707714422607468,0.024438186071417543,0.022369616142239125
328,0.022632095663322242,0.01983209929789768,0.01983209929789768,0.011374381089274133,0.019707714422607468,0.02783954661563523,0.022642601288381706
367,0.022632095663322242,0.01983209929789768,0.01983209929789768,0.036374381089274134,0.02526326997816302,0.01423410443876448,0.021459665655097198
372,0.022632095663322242,0.01983209929789768,0.01983209929789768,0.036374381089274134,0.022485492200385242,0.021036825527199855,0.02147483149654956
378,0.022632095663322242,0.01983209929789768,0.01983209929789768,0.011374381089274133,0.01692993664482969,0.021036825527199855,0.023052079007595577
387,0.022632095663322242,0.01983209929789768,0.01983209929789768,0.011374381089274133,0.01692993664482969,0.031240907159852914,0.022794259702905363
393,0.022632095663322242,0.01983209929789768,0.01983209929789768,0.011374381089274133,0.022485492200385242,0.021036825527199855,0.023082410690500304
408,0.022632095663322242,0.01983209929789768,0.01983209929789768,0.019707714422607468,0.019707714422607468,0.021036825527199855,0.02202080178883472
418,0.022632095663322242,0.01983209929789768,0.01983209929789768,0.019707714422607468,0.022485492200385242,0.01423410443876448,0.022187626044810744
440,0.022632095663322242,0.01983209929789768,0.01983209929789768,0.019707714422607468,0.02526326997816302,0.01423410443876448,0.021944972581572894
457,0.022632095663322242,0.01983209929789768,0.01983209929789768,0.0280410477559408,0.019707714422607468,0.024438186071417543,0.02158099238671612
466,0.022632095663322242,0.01983209929789768,0.01983209929789768,0.011374381089274133,0.019707714422607468,0.024438186071417543,0.022384781983691492
486,0.022632095663322242,0.01983209929789768,0.01983209929789768,0.019707714422607468,0.014152158867051911,0.024438186071417543,0.022096630996096548
499,0.022632095663322242,0.01983209929789768,0.01983209929789768,0.011374381089274133,0.01692993664482969,0.02783954661563523,0.022794259702905363
544,0.022632095663322242,0.01983209929789768,0.01983209929789768,0.0280410477559408,0.019707714422607468,0.010832743894546793,0.02182364584995397
552,0.022632095663322242,0.01983209929789768,0.01983209929789768,0.011374381089274133,0.014152158867051911,0.017635464982982168,0.024037858701999332
570,0.022632095663322242,0.01983209929789768,0.01983209929789768,0.0280410477559408,0.022485492200385242,0.021036825527199855,0.021671987435430314
600,0.022632095663322242,0.01983209929789768,0.01983209929789768,0.011374381089274133,0.011374381089274133,0.01423410443876448,0.02411368790926116
607,0.022632095663322242,0.01983209929789768,0.01983209929789768,0.019707714422607468,0.014152158867051911,0.021036825527199855,0.021869143374311065
685,0.022632095663322242,0.01983209929789768,0.01983209929789768,0.019707714422607468,0.019707714422607468,0.017635464982982168,0.02148999733800193
706,0.022632095663322242,0.01983209929789768,0.01983209929789768,0.019707714422607468,0.019707714422607468,0.01423410443876448,0.022172460203358377
722,0.022632095663322242,0.01983209929789768,0.01983209929789768,0.011374381089274133,0.019707714422607468,0.024438186071417543,0.022809425544357727
750,0.022632095663322242,0.01983209929789768,0.01983209929789768,0.011374381089274133,0.014152158867051911,0.01423410443876448,0.02394686365328514
759,0.022632095663322242,0.01983209929789768,0.01983209929789768,0.019707714422607468,0.01692993664482969,0.024438186071417543,0.02196013842302526
767,0.022632095663322242,0.01983209929789768,0.01983209929789768,0.0280410477559408,0.03359660331149635,0.024438186071417543,0.021762982484144506
806,0.022632095663322242,0.01983209929789768,0.01983209929789768,0.019707714422607468,0.01692993664482969,0.034642267704070605,0.021671987435430314
834,0.022632095663322242,0.01983209929789768,0.01983209929789768,0.0280410477559408,0.022485492200385242,0.01423410443876448,0.022035967630287086
839,0.022632095663322242,0.01983209929789768,0.01983209929789768,0.0280410477559408,0.0280410477559408,0.031240907159852914,0.021459665655097198
846,0.022632095663322242,0.01983209929789768,0.01983209929789768,0.019707714422607468,0.019707714422607468,0.017635464982982168,0.021747816642692142
925,0.022632095663322242,0.01983209929789768,0.01983209929789768,0.011374381089274133,0.011374381089274133,0.021036825527199855,0.02411368790926116
926,0.022632095663322242,0.01983209929789768,0.01983209929789768,0.011374381089274133,0.014152158867051911,0.021036825527199855,0.02239994782514386
935,0.022632095663322242,0.01983209929789768,0.01983209929789768,0.019707714422607468,0.014152158867051911,0.021036825527199855,0.02199047010592999
961,0.022632095663322242,0.01983209929789768,0.01983209929789768,0.0280410477559408,0.02526326997816302,0.02783954661563523,0.021459665655097198
977,0.022632095663322242,0.01983209929789768,0.01983209929789768,0.0280410477559408,0.022485492200385242,0.01423410443876448,0.021535494862359023
004,0.02260681121325903,0.019199988046317402,0.019199988046317402,0.019707714422607468,0.01692993664482969,0.02783954661563523,0.02144449981364483
033,0.02260681121325903,0.019199988046317402,0.019199988046317402,0.019707714422607468,0.022485492200385242,0.01423410443876448,0.021747816642692142
068,0.02260681121325903,0.019199988046317402,0.019199988046317402,0.019707714422607468,0.01692993664482969,0.010832743894546793,0.02148999733800193
069,0.02260681121325903,0.019199988046317402,0.019199988046317402,0.011374381089274133,0.01692993664482969,0.01423410443876448,0.023400893360999982
105,0.02260681121325903,0.019199988046317402,0.019199988046317402,0.011374381089274133,0.019707714422607468,0.021036825527199855,0.022339284459334394
144,0.02260681121325903,0.019199988046317402,0.019199988046317402,0.011374381089274133,0.014152158867051911,0.017635464982982168,0.02367387850714256
160,0.02260681121325903,0.019199988046317402,0.019199988046317402,0.0280410477559408,0.02526326997816302,0.017635464982982168,0.022005635947382356
220,0.02260681121325903,0.019199988046317402,0.019199988046317402,0.019707714422607468,0.01692993664482969,0.02783954661563523,0.022096630996096548
235,0.02260681121325903,0.019199988046317402,0.019199988046317402,0.0280410477559408,0.0280410477559408,0.017635464982982168,0.02148999733800193
247,0.02260681121325903,0.019199988046317402,0.019199988046317402,0.019707714422607468,0.019707714422607468,0.01423410443876448,0.02221795772771547
333,0.02260681121325903,0.019199988046317402,0.019199988046317402,0.011374381089274133,0.01692993664482969,0.017635464982982168,0.023294732470833423
338,0.02260681121325903,0.019199988046317402,0.019199988046317402,0.011374381089274133,0.014152158867051911,0.021036825527199855,0.023097576531952674
351,0.02260681121325903,0.019199988046317402,0.019199988046317402,0.0280410477559408,0.02526326997816302,0.02783954661563523,0.02158099238671612
377,0.02260681121325903,0.019199988046317402,0.019199988046317402,0.0280410477559408,0.019707714422607468,0.01423410443876448,0.021399002289287733
415,0.02260681121325903,0.019199988046317402,0.019199988046317402,0.011374381089274133,0.014152158867051911,0.031240907159852914,0.023567717616976003
445,0.02260681121325903,0.019199988046317402,0.019199988046317402,0.011374381089274133,0.019707714422607468,0.024438186071417543,0.022839757227262458
469,0.02260681121325903,0.019199988046317402,0.019199988046317402,0.011374381089274133,0.01692993664482969,0.017635464982982168,0.022551606239667513
497,0.02260681121325903,0.019199988046317402,0.019199988046317402,0.019707714422607468,0.01692993664482969,0.01423410443876448,0.022081465154644184
501,0.02260681121325903,0.019199988046317402,0.019199988046317402,0.019707714422607468,0.019707714422607468,0.017635464982982168,0.021702319118335044
502,0.02260681121325903,0.019199988046317402,0.019199988046317402,0.0280410477559408,0.02526326997816302,0.021036825527199855,0.0214141681307401
505,0.02260681121325903,0.019199988046317402,0.019199988046317402,0.019707714422607468,0.019707714422607468,0.017635464982982168,0.022278621093524936
527,0.02260681121325903,0.019199988046317402,0.019199988046317402,0.0280410477559408,0.022485492200385242,0.031240907159852914,0.02159615822816849
533,0.02260681121325903,0.019199988046317402,0.019199988046317402,0.036374381089274134,0.022485492200385242,0.01423410443876448,0.021520329020906656
551,0.02260681121325903,0.019199988046317402,0.019199988046317402,0.0280410477559408,0.022485492200385242,0.01423410443876448,0.021899475057215796
693,0.02260681121325903,0.019199988046317402,0.019199988046317402,0.0280410477559408,0.022485492200385242,0.017635464982982168,0.02182364584995397
733,0.02260681121325903,0.019199988046317402,0.019199988046317402,0.036374381089274134,0.030818825533718577,0.024438186071417543,0.02138383644783537
789,0.02260681121325903,0.019199988046317402,0.019199988046317402,0.019707714422607468,0.01692993664482969,0.031240907159852914,0.021429333972192464
792,0.02260681121325903,0.019199988046317402,0.019199988046317402,0.0280410477559408,0.019707714422607468,0.024438186071417543,0.02188430921576343
805,0.02260681121325903,0.019199988046317402,0.019199988046317402,0.011374381089274133,0.011374381089274133,0.021036825527199855,0.02411368790926116
864,0.02260681121325903,0.019199988046317402,0.019199988046317402,0.0280410477559408,0.019707714422607468,0.01423410443876448,0.021626489911073216
868,0.02260681121325903,0.019199988046317402,0.019199988046317402,0.011374381089274133,0.014152158867051911,0.017635464982982168,0.0222937869349773
914,0.02260681121325903,0.019199988046317402,0.019199988046317402,0.0280410477559408,0.01692993664482969,0.02783954661563523,0.021565826545263754
947,0.02260681121325903,0.019199988046317402,0.019199988046317402,0.011374381089274133,0.019707714422607468,0.017635464982982168,0.022657767129834073
056,0.02258152676319582,0.018567876794737124,0.018567876794737124,0.011374381089274133,0.014152158867051911,0.017635464982982168,0.022551606239667513
091,0.02258152676319582,0.018567876794737124,0.018567876794737124,0.0280410477559408,0.022485492200385242,0.021036825527199855,0.02155066070381139
134,0.02258152676319582,0.018567876794737124,0.018567876794737124,0.0280410477559408,0.019707714422607468,0.017635464982982168,0.021641655752525583
146,0.02258152676319582,0.018567876794737124,0.018567876794737124,0.011374381089274133,0.01692993664482969,0.017635464982982168,0.022794259702905363
184,0.02258152676319582,0.018567876794737124,0.018567876794737124,0.011374381089274133,0.014152158867051911,0.024438186071417543,0.02235445030078676
231,0.02258152676319582,0.018567876794737124,0.018567876794737124,0.011374381089274133,0.01692993664482969,0.021036825527199855,0.02306724484904794
234,0.02258152676319582,0.018567876794737124,0.018567876794737124,0.011374381089274133,0.014152158867051911,0.01423410443876448,0.02359804929988073
238,0.02258152676319582,0.018567876794737124,0.018567876794737124,0.019707714422607468,0.019707714422607468,0.01423410443876448,0.021899475057215796
255,0.02258152676319582,0.018567876794737124,0.018567876794737124,0.011374381089274133,0.019707714422607468,0.010832743894546793,0.02267293297128644
271,0.02258152676319582,0.018567876794737124,0.018567876794737124,0.019707714422607468,0.02526326997816302,0.01423410443876448,0.021399002289287733
298,0.02258152676319582,0.018567876794737124,0.018567876794737124,0.0280410477559408,0.022485492200385242,0.017635464982982168,0.021611324069620852
354,0.02258152676319582,0.018567876794737124,0.018567876794737124,0.0280410477559408,0.02526326997816302,0.021036825527199855,0.02138383644783537
359,0.02258152676319582,0.018567876794737124,0.018567876794737124,0.011374381089274133,0.022485492200385242,0.024438186071417543,0.022733596337095898
374,0.02258152676319582,0.018567876794737124,0.018567876794737124,0.019707714422607468,0.02526326997816302,0.017635464982982168,0.021399002289287733
397,0.02258152676319582,0.018567876794737124,0.018567876794737124,0.011374381089274133,0.01692993664482969,0.017635464982982168,0.023704210190047294
406,0.02258152676319582,0.018567876794737124,0.018567876794737124,0.036374381089274134,0.02526326997816302,0.02783954661563523,0.02144449981364483
477,0.02258152676319582,0.018567876794737124,0.018567876794737124,0.011374381089274133,0.019707714422607468,0.01423410443876448,0.02243027950804859
506,0.02258152676319582,0.018567876794737124,0.018567876794737124,0.011374381089274133,0.019707714422607468,0.021036825527199855,0.023264400787928692
512,0.02258152676319582,0.018567876794737124,0.018567876794737124,0.019707714422607468,0.01692993664482969,0.021036825527199855,0.02212696267900128
513,0.02258152676319582,0.018567876794737124,0.018567876794737124,0.019707714422607468,0.019707714422607468,0.021036825527199855,0.021793314167049237
584,0.02258152676319582,0.018567876794737124,0.018567876794737124,0.019707714422607468,0.01692993664482969,0.01423410443876448,0.022278621093524936
588,0.02258152676319582,0.018567876794737124,0.018567876794737124,0.011374381089274133,0.01692993664482969,0.017635464982982168,0.022415113666596223
626,0.02258152676319582,0.018567876794737124,0.018567876794737124,0.011374381089274133,0.014152158867051911,0.01423410443876448,0.02256677208111988
657,0.02258152676319582,0.018567876794737124,0.018567876794737124,0.019707714422607468,0.01692993664482969,0.01423410443876448,0.02221795772771547
664,0.02258152676319582,0.018567876794737124,0.018567876794737124,0.0280410477559408,0.019707714422607468,0.017635464982982168,0.02148999733800193
680,0.02258152676319582,0.018567876794737124,0.018567876794737124,0.019707714422607468,0.019707714422607468,0.017635464982982168,0.021838811691406335
700,0.02258152676319582,0.018567876794737124,0.018567876794737124,0.011374381089274133,0.01692993664482969,0.010832743894546793,0.022612269605476975
713,0.02258152676319582,0.018567876794737124,0.018567876794737124,0.011374381089274133,0.022485492200385242,0.024438186071417543,0.022369616142239125
717,0.02258152676319582,0.018567876794737124,0.018567876794737124,0.019707714422607468,0.02526326997816302,0.01423410443876448,0.02158099238671612
734,0.02258152676319582,0.018567876794737124,0.018567876794737124,0.019707714422607468,0.0280410477559408,0.024438186071417543,0.02168715327688268
754,0.02258152676319582,0.018567876794737124,0.018567876794737124,0.011374381089274133,0.01692993664482969,0.024438186071417543,0.022384781983691492
773,0.02258152676319582,0.018567876794737124,0.018567876794737124,0.036374381089274134,0.030818825533718577,0.017635464982982168,0.021702319118335044
797,0.02258152676319582,0.018567876794737124,0.018567876794737124,0.019707714422607468,0.019707714422607468,0.031240907159852914,0.02171748495978741
821,0.02258152676319582,0.018567876794737124,0.018567876794737124,0.019707714422607468,0.019707714422607468,0.010832743894546793,0.022278621093524936
826,0.02258152676319582,0.018567876794737124,0.018567876794737124,0.011374381089274133,0.019707714422607468,0.01423410443876448,0.022415113666596223
886,0.02258152676319582,0.018567876794737124,0.018567876794737124,0.011374381089274133,0.01692993664482969,0.02783954661563523,0.023309898312285787
958,0.02258152676319582,0.018567876794737124,0.018567876794737124,0.011374381089274133,0.014152158867051911,0.010832743894546793,0.02388620028747568
967,0.02258152676319582,0.018567876794737124,0.018567876794737124,0.0280410477559408,0.022485492200385242,0.010832743894546793,0.0214141681307401
987,0.02258152676319582,0.018567876794737124,0.018567876794737124,0.011374381089274133,0.019707714422607468,0.017635464982982168,0.022612269605476975
008,0.022556242313132607,0.017935765543156845,0.017935765543156845,0.019707714422607468,0.022485492200385242,0.017635464982982168,0.021626489911073216
055,0.022556242313132607,0.017935765543156845,0.017935765543156845,0.011374381089274133,0.02526326997816302,0.010832743894546793,0.022824591385810094
176,0.022556242313132607,0.017935765543156845,0.017935765543156845,0.011374381089274133,0.01692993664482969,0.010832743894546793,0.023112742373405038
204,0.022556242313132607,0.017935765543156845,0.017935765543156845,0.019707714422607468,0.022485492200385242,0.01423410443876448,0.022172460203358377
227,0.022556242313132607,0.017935765543156845,0.017935765543156845,0.019707714422607468,0.019707714422607468,0.021036825527199855,0.021565826545263754
242,0.022556242313132607,0.017935765543156845,0.017935765543156845,0.019707714422607468,0.019707714422607468,0.010832743894546793,0.021914640898668163
269,0.022556242313132607,0.017935765543156845,0.017935765543156845,0.019707714422607468,0.01692993664482969,0.017635464982982168,0.02199047010592999
304,0.022556242313132607,0.017935765543156845,0.017935765543156845,0.019707714422607468,0.019707714422607468,0.017635464982982168,0.02138383644783537
373,0.022556242313132607,0.017935765543156845,0.017935765543156845,0.011374381089274133,0.022485492200385242,0.017635464982982168,0.023112742373405038
436,0.022556242313132607,0.017935765543156845,0.017935765543156845,0.011374381089274133,0.019707714422607468,0.024438186071417543,0.02243027950804859
453,0.022556242313132607,0.017935765543156845,0.017935765543156845,0.011374381089274133,0.019707714422607468,0.01423410443876448,0.022369616142239125
459,0.022556242313132607,0.017935765543156845,0.017935765543156845,0.011374381089274133,0.011374381089274133,0.021036825527199855,0.02411368790926116
624,0.022556242313132607,0.017935765543156845,0.017935765543156845,0.019707714422607468,0.01692993664482969,0.02783954661563523,0.021641655752525583
628,0.022556242313132607,0.017935765543156845,0.017935765543156845,0.019707714422607468,0.019707714422607468,0.017635464982982168,0.02155066070381139
629,0.022556242313132607,0.017935765543156845,0.017935765543156845,0.0280410477559408,0.01692993664482969,0.017635464982982168,0.021520329020906656
667,0.022556242313132607,0.017935765543156845,0.017935765543156845,0.011374381089274133,0.011374381089274133,0.017635464982982168,0.02411368790926116
784,0.022556242313132607,0.017935765543156845,0.017935765543156845,0.011374381089274133,0.022485492200385242,0.01423410443876448,0.022945918117429014
856,0.022556242313132607,0.017935765543156845,0.017935765543156845,0.011374381089274133,0.01692993664482969,0.021036825527199855,0.022490942873858052
870,0.022556242313132607,0.017935765543156845,0.017935765543156845,0.0280410477559408,0.022485492200385242,0.021036825527199855,0.02138383644783537
952,0.022556242313132607,0.017935765543156845,0.017935765543156845,0.019707714422607468,0.01692993664482969,0.024438186071417543,0.02226345525207257
006,0.022530957863069398,0.017303654291576567,0.017303654291576567,0.019707714422607468,0.019707714422607468,0.021036825527199855,0.02202080178883472
019,0.022530957863069398,0.017303654291576567,0.017303654291576567,0.019707714422607468,0.019707714422607468,0.034642267704070605,0.02144449981364483
029,0.022530957863069398,0.017303654291576567,0.017303654291576567,0.019707714422607468,0.019707714422607468,0.024438186071417543,0.02159615822816849
040,0.022530957863069398,0.017303654291576567,0.017303654291576567,0.0280410477559408,0.01692993664482969,0.017635464982982168,0.02155066070381139
085,0.022530957863069398,0.017303654291576567,0.017303654291576567,0.019707714422607468,0.01692993664482969,0.017635464982982168,0.02159615822816849
088,0.022530957863069398,0.017303654291576567,0.017303654291576567,0.019707714422607468,0.01692993664482969,0.010832743894546793,0.022051133471739454
275,0.022530957863069398,0.017303654291576567,0.017303654291576567,0.019707714422607468,0.022485492200385242,0.017635464982982168,0.02221795772771547
323,0.022530957863069398,0.017303654291576567,0.017303654291576567,0.011374381089274133,0.01692993664482969,0.01423410443876448,0.023082410690500304
343,0.022530957863069398,0.017303654291576567,0.017303654291576567,0.011374381089274133,0.01692993664482969,0.024438186071417543,0.022369616142239125
411,0.022530957863069398,0.017303654291576567,0.017303654291576567,0.011374381089274133,0.02526326997816302,0.017635464982982168,0.022475777032405685
443,0.022530957863069398,0.017303654291576567,0.017303654291576567,0.019707714422607468,0.01692993664482969,0.021036825527199855,0.021641655752525583
456,0.022530957863069398,0.017303654291576567,0.017303654291576567,0.0280410477559408,0.01692993664482969,0.01423410443876448,0.021505163179454292
470,0.022530957863069398,0.017303654291576567,0.017303654291576567,0.019707714422607468,0.02526326997816302,0.01423410443876448,0.022051133471739454
474,0.022530957863069398,0.017303654291576567,0.017303654291576567,0.011374381089274133,0.014152158867051911,0.021036825527199855,0.022308952776429667
555,0.022530957863069398,0.017303654291576567,0.017303654291576567,0.019707714422607468,0.01692993664482969,0.01423410443876448,0.02148999733800193
684,0.022530957863069398,0.017303654291576567,0.017303654291576567,0.011374381089274133,0.019707714422607468,0.024438186071417543,0.02303691316614321
714,0.022530957863069398,0.017303654291576567,0.017303654291576567,0.011374381089274133,0.02526326997816302,0.017635464982982168,0.023264400787928692
780,0.022530957863069398,0.017303654291576567,0.017303654291576567,0.011374381089274133,0.01692993664482969,0.024438186071417543,0.022733596337095898
808,0.022530957863069398,0.017303654291576567,0.017303654291576567,0.019707714422607468,0.01692993664482969,0.017635464982982168,0.02158099238671612
893,0.022530957863069398,0.017303654291576567,0.017303654291576567,0.044707714422607465,0.022485492200385242,0.010832743894546793,0.02147483149654956
041,0.022505673413006185,0.01667154303999629,0.01667154303999629,0.011374381089274133,0.014152158867051911,0.024438186071417543,0.02378003939730912
149,0.022505673413006185,0.01667154303999629,0.01667154303999629,0.011374381089274133,0.014152158867051911,0.024438186071417543,0.02276392802000063
253,0.022505673413006185,0.01667154303999629,0.01667154303999629,0.011374381089274133,0.01692993664482969,0.010832743894546793,0.022779093861453
259,0.022505673413006185,0.01667154303999629,0.01667154303999629,0.011374381089274133,0.01692993664482969,0.017635464982982168,0.02320373742211923
400,0.022505673413006185,0.01667154303999629,0.01667154303999629,0.0280410477559408,0.019707714422607468,0.017635464982982168,0.021459665655097198
451,0.022505673413006185,0.01667154303999629,0.01667154303999629,0.011374381089274133,0.011374381089274133,0.010832743894546793,0.02411368790926116
576,0.022505673413006185,0.01667154303999629,0.01667154303999629,0.011374381089274133,0.011374381089274133,0.017635464982982168,0.02411368790926116
596,0.022505673413006185,0.01667154303999629,0.01667154303999629,0.0280410477559408,0.019707714422607468,0.01423410443876448,0.02168715327688268
783,0.022505673413006185,0.01667154303999629,0.01667154303999629,0.011374381089274133,0.014152158867051911,0.024438186071417543,0.022748762178548265
795,0.022505673413006185,0.01667154303999629,0.01667154303999629,0.0280410477559408,0.022485492200385242,0.021036825527199855,0.021732650801239775
802,0.022505673413006185,0.01667154303999629,0.01667154303999629,0.011374381089274133,0.014152158867051911,0.021036825527199855,0.02267293297128644
812,0.022505673413006185,0.01667154303999629,0.01667154303999629,0.0280410477559408,0.022485492200385242,0.01423410443876448,0.02159615822816849
828,0.022505673413006185,0.01667154303999629,0.01667154303999629,0.011374381089274133,0.022485492200385242,0.021036825527199855,0.02327956662938106
874,0.022505673413006185,0.01667154303999629,0.01667154303999629,0.019707714422607468,0.01692993664482969,0.024438186071417543,0.021778148325596873
924,0.022505673413006185,0.01667154303999629,0.01667154303999629,0.0280410477559408,0.02526326997816302,0.010832743894546793,0.021899475057215796
017,0.022480388962942976,0.016039431788416013,0.016039431788416013,0.036374381089274134,0.02526326997816302,0.017635464982982168,0.02155066070381139
042,0.022480388962942976,0.016039431788416013,0.016039431788416013,0.0280410477559408,0.02526326997816302,0.01423410443876448,0.021641655752525583
090,0.022480388962942976,0.016039431788416013,0.016039431788416013,0.011374381089274133,0.019707714422607468,0.017635464982982168,0.022308952776429667
178,0.022480388962942976,0.016039431788416013,0.016039431788416013,0.019707714422607468,0.01692993664482969,0.01423410443876448,0.021641655752525583
315,0.022480388962942976,0.016039431788416013,0.016039431788416013,0.011374381089274133,0.011374381089274133,0.017635464982982168,0.02411368790926116
434,0.022480388962942976,0.016039431788416013,0.016039431788416013,0.0280410477559408,0.022485492200385242,0.01423410443876448,0.022035967630287086
658,0.022480388962942976,0.016039431788416013,0.016039431788416013,0.011374381089274133,0.01692993664482969,0.01423410443876448,0.023840702763118584
730,0.022480388962942976,0.016039431788416013,0.016039431788416013,0.019707714422607468,0.022485492200385242,0.024438186071417543,0.021944972581572894
807,0.022480388962942976,0.016039431788416013,0.016039431788416013,0.019707714422607468,0.01692993664482969,0.01423410443876448,0.021975304264477625
929,0.022480388962942976,0.016039431788416013,0.016039431788416013,0.019707714422607468,0.01692993664482969,0.01423410443876448,0.022278621093524936
968,0.022480388962942976,0.016039431788416013,0.016039431788416013,0.011374381089274133,0.019707714422607468,0.017635464982982168,0.02239994782514386
979,0.022480388962942976,0.016039431788416013,0.016039431788416013,0.011374381089274133,0.019707714422607468,0.01423410443876448,0.022612269605476975
135,0.022455104512879763,0.015407320536835734,0.015407320536835734,0.011374381089274133,0.014152158867051911,0.021036825527199855,0.022779093861453
026,0.022429820062816554,0.014775209285255456,0.014775209285255456,0.011374381089274133,0.011374381089274133,0.01423410443876448,0.02411368790926116
747,0.022429820062816554,0.014775209285255456,0.014775209285255456,0.011374381089274133,0.014152158867051911,0.017635464982982168,0.023582883458428367
