number,probability,raw_model_probability,long_rate,short_rate,recent_long_rate,weekday_rate,gap_signal
662,0.023777850772894807,0.03561236960788006,0.03561236960788006,0.036374381089274134,0.0280410477559408,0.04144498879250598,0.02158099238671612
572,0.023575702952301,0.03308552185045744,0.03308552185045744,0.019707714422607468,0.0280410477559408,0.04144498879250598,0.021565826545263754
053,0.02352516599715255,0.03245380991110179,0.03245380991110179,0.0280410477559408,0.022485492200385242,0.034642267704070605,0.021535494862359023
697,0.02352516599715255,0.03245380991110179,0.03245380991110179,0.036374381089274134,0.03359660331149635,0.031240907159852914,0.021459665655097198
983,0.02352516599715255,0.03245380991110179,0.03245380991110179,0.036374381089274134,0.03359660331149635,0.031240907159852914,0.021808480008501604
369,0.023474629042004095,0.031822097971746136,0.031822097971746136,0.036374381089274134,0.02526326997816302,0.024438186071417543,0.021778148325596873
432,0.023474629042004095,0.031822097971746136,0.031822097971746136,0.044707714422607465,0.030818825533718577,0.034642267704070605,0.021762982484144506
526,0.023474629042004095,0.031822097971746136,0.031822097971746136,0.044707714422607465,0.03359660331149635,0.04144498879250598,0.021505163179454292
592,0.023474629042004095,0.031822097971746136,0.031822097971746136,0.044707714422607465,0.03359660331149635,0.02783954661563523,0.02138383644783537
080,0.02342409208685564,0.03119038603239048,0.03119038603239048,0.061374381089274135,0.04748549220038524,0.031240907159852914,0.02158099238671612
114,0.02337355513170719,0.030558674093034827,0.030558674093034827,0.0280410477559408,0.03915215886705191,0.017635464982982168,0.0214141681307401
186,0.02337355513170719,0.030558674093034827,0.030558674093034827,0.011374381089274133,0.0280410477559408,0.031240907159852914,0.02243027950804859
294,0.02337355513170719,0.030558674093034827,0.030558674093034827,0.0280410477559408,0.030818825533718577,0.03804362824828829,0.02144449981364483
370,0.02337355513170719,0.030558674093034827,0.030558674093034827,0.019707714422607468,0.0280410477559408,0.034642267704070605,0.021656821593977946
645,0.02337355513170719,0.030558674093034827,0.030558674093034827,0.0280410477559408,0.030818825533718577,0.021036825527199855,0.021656821593977946
653,0.02337355513170719,0.030558674093034827,0.030558674093034827,0.011374381089274133,0.0280410477559408,0.017635464982982168,0.0222937869349773
867,0.02337355513170719,0.030558674093034827,0.030558674093034827,0.044707714422607465,0.02526326997816302,0.017635464982982168,0.021520329020906656
878,0.02337355513170719,0.030558674093034827,0.030558674093034827,0.019707714422607468,0.022485492200385242,0.03804362824828829,0.02159615822816849
119,0.023323018176558737,0.02992696215367917,0.02992696215367917,0.0280410477559408,0.02526326997816302,0.021036825527199855,0.0214141681307401
179,0.023323018176558737,0.02992696215367917,0.02992696215367917,0.019707714422607468,0.030818825533718577,0.02783954661563523,0.021505163179454292
213,0.023323018176558737,0.02992696215367917,0.02992696215367917,0.019707714422607468,0.02526326997816302,0.04144498879250598,0.021732650801239775
484,0.023323018176558737,0.02992696215367917,0.02992696215367917,0.019707714422607468,0.019707714422607468,0.024438186071417543,0.022081465154644184
599,0.023323018176558737,0.02992696215367917,0.02992696215367917,0.0280410477559408,0.0280410477559408,0.031240907159852914,0.0214141681307401
964,0.023323018176558737,0.02992696215367917,0.02992696215367917,0.036374381089274134,0.03915215886705191,0.01423410443876448,0.02155066070381139
079,0.023272481221410287,0.02929525021432352,0.02929525021432352,0.019707714422607468,0.01692993664482969,0.034642267704070605,0.022066299313191817
243,0.023272481221410287,0.02929525021432352,0.02929525021432352,0.019707714422607468,0.0280410477559408,0.02783954661563523,0.021535494862359023
612,0.023272481221410287,0.02929525021432352,0.02929525021432352,0.0280410477559408,0.0280410477559408,0.031240907159852914,0.021808480008501604
676,0.023272481221410287,0.02929525021432352,0.02929525021432352,0.036374381089274134,0.03359660331149635,0.031240907159852914,0.021626489911073216
811,0.023272481221410287,0.02929525021432352,0.02929525021432352,0.0530410477559408,0.03359660331149635,0.024438186071417543,0.021611324069620852
875,0.023272481221410287,0.02929525021432352,0.02929525021432352,0.0280410477559408,0.030818825533718577,0.021036825527199855,0.021429333972192464
052,0.023221944266261833,0.028663538274967867,0.028663538274967867,0.0280410477559408,0.02526326997816302,0.034642267704070605,0.02158099238671612
057,0.023221944266261833,0.028663538274967867,0.028663538274967867,0.019707714422607468,0.0280410477559408,0.034642267704070605,0.02148999733800193
073,0.023221944266261833,0.028663538274967867,0.028663538274967867,0.0280410477559408,0.030818825533718577,0.034642267704070605,0.021702319118335044
267,0.023221944266261833,0.028663538274967867,0.028663538274967867,0.011374381089274133,0.0280410477559408,0.04144498879250598,0.022809425544357727
356,0.023221944266261833,0.028663538274967867,0.028663538274967867,0.019707714422607468,0.02526326997816302,0.024438186071417543,0.021641655752525583
473,0.023221944266261833,0.028663538274967867,0.028663538274967867,0.019707714422607468,0.030818825533718577,0.017635464982982168,0.021929806740120527
522,0.023221944266261833,0.028663538274967867,0.028663538274967867,0.036374381089274134,0.030818825533718577,0.024438186071417543,0.02138383644783537
547,0.023221944266261833,0.028663538274967867,0.028663538274967867,0.0530410477559408,0.03359660331149635,0.021036825527199855,0.02138383644783537
661,0.023221944266261833,0.028663538274967867,0.028663538274967867,0.044707714422607465,0.02526326997816302,0.031240907159852914,0.021626489911073216
724,0.023221944266261833,0.028663538274967867,0.028663538274967867,0.044707714422607465,0.030818825533718577,0.03804362824828829,0.021838811691406335
848,0.023221944266261833,0.028663538274967867,0.028663538274967867,0.0280410477559408,0.02526326997816302,0.034642267704070605,0.02148999733800193
854,0.023221944266261833,0.028663538274967867,0.028663538274967867,0.019707714422607468,0.02526326997816302,0.031240907159852914,0.022066299313191817
871,0.023221944266261833,0.028663538274967867,0.028663538274967867,0.0280410477559408,0.019707714422607468,0.031240907159852914,0.02148999733800193
906,0.023221944266261833,0.028663538274967867,0.028663538274967867,0.019707714422607468,0.030818825533718577,0.021036825527199855,0.021459665655097198
981,0.023221944266261833,0.028663538274967867,0.028663538274967867,0.044707714422607465,0.030818825533718577,0.031240907159852914,0.02144449981364483
000,0.02317140731111338,0.02803182633561221,0.02803182633561221,0.0280410477559408,0.030818825533718577,0.024438186071417543,0.02199047010592999
013,0.02317140731111338,0.02803182633561221,0.02803182633561221,0.0280410477559408,0.0280410477559408,0.01423410443876448,0.021459665655097198
092,0.02317140731111338,0.02803182633561221,0.02803182633561221,0.011374381089274133,0.0280410477559408,0.01423410443876448,0.022657767129834073
112,0.02317140731111338,0.02803182633561221,0.02803182633561221,0.019707714422607468,0.019707714422607468,0.021036825527199855,0.02158099238671612
151,0.02317140731111338,0.02803182633561221,0.02803182633561221,0.011374381089274133,0.022485492200385242,0.021036825527199855,0.02290042059307192
194,0.02317140731111338,0.02803182633561221,0.02803182633561221,0.019707714422607468,0.0280410477559408,0.021036825527199855,0.02188430921576343
221,0.02317140731111338,0.02803182633561221,0.02803182633561221,0.0280410477559408,0.02526326997816302,0.02783954661563523,0.021929806740120527
326,0.02317140731111338,0.02803182633561221,0.02803182633561221,0.036374381089274134,0.02526326997816302,0.034642267704070605,0.02155066070381139
422,0.02317140731111338,0.02803182633561221,0.02803182633561221,0.019707714422607468,0.019707714422607468,0.031240907159852914,0.021565826545263754
532,0.02317140731111338,0.02803182633561221,0.02803182633561221,0.019707714422607468,0.030818825533718577,0.021036825527199855,0.021762982484144506
556,0.02317140731111338,0.02803182633561221,0.02803182633561221,0.044707714422607465,0.036374381089274134,0.017635464982982168,0.021944972581572894
573,0.02317140731111338,0.02803182633561221,0.02803182633561221,0.019707714422607468,0.019707714422607468,0.021036825527199855,0.021505163179454292
619,0.02317140731111338,0.02803182633561221,0.02803182633561221,0.019707714422607468,0.030818825533718577,0.021036825527199855,0.022142128520453646
691,0.02317140731111338,0.02803182633561221,0.02803182633561221,0.019707714422607468,0.030818825533718577,0.02783954661563523,0.022096630996096548
715,0.02317140731111338,0.02803182633561221,0.02803182633561221,0.044707714422607465,0.030818825533718577,0.021036825527199855,0.02147483149654956
749,0.02317140731111338,0.02803182633561221,0.02803182633561221,0.036374381089274134,0.02526326997816302,0.02783954661563523,0.021641655752525583
774,0.02317140731111338,0.02803182633561221,0.02803182633561221,0.011374381089274133,0.03359660331149635,0.02783954661563523,0.022369616142239125
836,0.02317140731111338,0.02803182633561221,0.02803182633561221,0.0280410477559408,0.03359660331149635,0.02783954661563523,0.021899475057215796
898,0.02317140731111338,0.02803182633561221,0.02803182633561221,0.011374381089274133,0.019707714422607468,0.02783954661563523,0.023234069105023965
932,0.02317140731111338,0.02803182633561221,0.02803182633561221,0.0280410477559408,0.02526326997816302,0.04144498879250598,0.021671987435430314
957,0.02317140731111338,0.02803182633561221,0.02803182633561221,0.036374381089274134,0.036374381089274134,0.010832743894546793,0.021459665655097198
975,0.02317140731111338,0.02803182633561221,0.02803182633561221,0.019707714422607468,0.02526326997816302,0.02783954661563523,0.02155066070381139
978,0.02317140731111338,0.02803182633561221,0.02803182633561221,0.019707714422607468,0.022485492200385242,0.031240907159852914,0.02215729436190601
059,0.02312087035596493,0.02740011439625656,0.02740011439625656,0.036374381089274134,0.0280410477559408,0.024438186071417543,0.021641655752525583
081,0.02312087035596493,0.02740011439625656,0.02740011439625656,0.0280410477559408,0.030818825533718577,0.02783954661563523,0.02168715327688268
124,0.02312087035596493,0.02740011439625656,0.02740011439625656,0.011374381089274133,0.019707714422607468,0.031240907159852914,0.022718430495643534
138,0.02312087035596493,0.02740011439625656,0.02740011439625656,0.019707714422607468,0.0280410477559408,0.024438186071417543,0.021641655752525583
189,0.02312087035596493,0.02740011439625656,0.02740011439625656,0.044707714422607465,0.030818825533718577,0.017635464982982168,0.02147483149654956
292,0.02312087035596493,0.02740011439625656,0.02740011439625656,0.011374381089274133,0.02526326997816302,0.021036825527199855,0.022308952776429667
358,0.02312087035596493,0.02740011439625656,0.02740011439625656,0.019707714422607468,0.02526326997816302,0.024438186071417543,0.02171748495978741
362,0.02312087035596493,0.02740011439625656,0.02740011439625656,0.011374381089274133,0.01692993664482969,0.02783954661563523,0.022384781983691492
363,0.02312087035596493,0.02740011439625656,0.02740011439625656,0.019707714422607468,0.022485492200385242,0.024438186071417543,0.021838811691406335
409,0.02312087035596493,0.02740011439625656,0.02740011439625656,0.036374381089274134,0.036374381089274134,0.034642267704070605,0.021399002289287733
419,0.02312087035596493,0.02740011439625656,0.02740011439625656,0.011374381089274133,0.014152158867051911,0.034642267704070605,0.022506108715310415
475,0.02312087035596493,0.02740011439625656,0.02740011439625656,0.011374381089274133,0.01692993664482969,0.021036825527199855,0.022369616142239125
491,0.02312087035596493,0.02740011439625656,0.02740011439625656,0.011374381089274133,0.030818825533718577,0.02783954661563523,0.022597103764024608
523,0.02312087035596493,0.02740011439625656,0.02740011439625656,0.019707714422607468,0.02526326997816302,0.024438186071417543,0.021762982484144506
525,0.02312087035596493,0.02740011439625656,0.02740011439625656,0.036374381089274134,0.0280410477559408,0.04144498879250598,0.021869143374311065
620,0.02312087035596493,0.02740011439625656,0.02740011439625656,0.0280410477559408,0.022485492200385242,0.034642267704070605,0.021565826545263754
633,0.02312087035596493,0.02740011439625656,0.02740011439625656,0.036374381089274134,0.0280410477559408,0.017635464982982168,0.021429333972192464
729,0.02312087035596493,0.02740011439625656,0.02740011439625656,0.036374381089274134,0.030818825533718577,0.017635464982982168,0.02159615822816849
813,0.02312087035596493,0.02740011439625656,0.02740011439625656,0.019707714422607468,0.019707714422607468,0.017635464982982168,0.021778148325596873
916,0.02312087035596493,0.02740011439625656,0.02740011439625656,0.019707714422607468,0.022485492200385242,0.034642267704070605,0.022142128520453646
021,0.023070333400816476,0.026768402456900903,0.026768402456900903,0.044707714422607465,0.030818825533718577,0.024438186071417543,0.0214141681307401
035,0.023070333400816476,0.026768402456900903,0.026768402456900903,0.044707714422607465,0.0280410477559408,0.021036825527199855,0.02147483149654956
063,0.023070333400816476,0.026768402456900903,0.026768402456900903,0.0280410477559408,0.030818825533718577,0.017635464982982168,0.021459665655097198
102,0.023070333400816476,0.026768402456900903,0.026768402456900903,0.0280410477559408,0.022485492200385242,0.02783954661563523,0.02211179683754891
115,0.023070333400816476,0.026768402456900903,0.026768402456900903,0.019707714422607468,0.02526326997816302,0.021036825527199855,0.022005635947382356
127,0.023070333400816476,0.026768402456900903,0.026768402456900903,0.0280410477559408,0.022485492200385242,0.021036825527199855,0.021838811691406335
132,0.023070333400816476,0.026768402456900903,0.026768402456900903,0.044707714422607465,0.0280410477559408,0.031240907159852914,0.02168715327688268
174,0.023070333400816476,0.026768402456900903,0.026768402456900903,0.019707714422607468,0.0280410477559408,0.021036825527199855,0.02223312356916784
206,0.023070333400816476,0.026768402456900903,0.026768402456900903,0.019707714422607468,0.019707714422607468,0.02783954661563523,0.02221795772771547
224,0.023070333400816476,0.026768402456900903,0.026768402456900903,0.019707714422607468,0.02526326997816302,0.01423410443876448,0.021656821593977946
239,0.023070333400816476,0.026768402456900903,0.026768402456900903,0.019707714422607468,0.022485492200385242,0.031240907159852914,0.02158099238671612
244,0.023070333400816476,0.026768402456900903,0.026768402456900903,0.011374381089274133,0.022485492200385242,0.02783954661563523,0.022551606239667513
254,0.023070333400816476,0.026768402456900903,0.026768402456900903,0.0280410477559408,0.02526326997816302,0.021036825527199855,0.022051133471739454
274,0.023070333400816476,0.026768402456900903,0.026768402456900903,0.019707714422607468,0.014152158867051911,0.017635464982982168,0.02221795772771547
296,0.023070333400816476,0.026768402456900903,0.026768402456900903,0.019707714422607468,0.02526326997816302,0.017635464982982168,0.02215729436190601
336,0.023070333400816476,0.026768402456900903,0.026768402456900903,0.019707714422607468,0.022485492200385242,0.021036825527199855,0.021535494862359023
341,0.023070333400816476,0.026768402456900903,0.026768402456900903,0.011374381089274133,0.022485492200385242,0.02783954661563523,0.022415113666596223
394,0.023070333400816476,0.026768402456900903,0.026768402456900903,0.044707714422607465,0.03359660331149635,0.024438186071417543,0.021520329020906656
395,0.023070333400816476,0.026768402456900903,0.026768402456900903,0.019707714422607468,0.0280410477559408,0.021036825527199855,0.021459665655097198
492,0.023070333400816476,0.026768402456900903,0.026768402456900903,0.011374381089274133,0.02526326997816302,0.044846349336723663,0.022733596337095898
549,0.023070333400816476,0.026768402456900903,0.026768402456900903,0.011374381089274133,0.019707714422607468,0.031240907159852914,0.02232411861788203
605,0.023070333400816476,0.026768402456900903,0.026768402456900903,0.044707714422607465,0.03359660331149635,0.021036825527199855,0.02155066070381139
606,0.023070333400816476,0.026768402456900903,0.026768402456900903,0.036374381089274134,0.036374381089274134,0.021036825527199855,0.021762982484144506
634,0.023070333400816476,0.026768402456900903,0.026768402456900903,0.036374381089274134,0.02526326997816302,0.024438186071417543,0.02155066070381139
647,0.023070333400816476,0.026768402456900903,0.026768402456900903,0.0280410477559408,0.022485492200385242,0.02783954661563523,0.021838811691406335
665,0.023070333400816476,0.026768402456900903,0.026768402456900903,0.0280410477559408,0.02526326997816302,0.034642267704070605,0.021671987435430314
669,0.023070333400816476,0.026768402456900903,0.026768402456900903,0.0280410477559408,0.0280410477559408,0.021036825527199855,0.02159615822816849
727,0.023070333400816476,0.026768402456900903,0.026768402456900903,0.019707714422607468,0.030818825533718577,0.01423410443876448,0.022081465154644184
742,0.023070333400816476,0.026768402456900903,0.026768402456900903,0.036374381089274134,0.0280410477559408,0.031240907159852914,0.0214141681307401
761,0.023070333400816476,0.026768402456900903,0.026768402456900903,0.036374381089274134,0.022485492200385242,0.021036825527199855,0.021747816642692142
910,0.023070333400816476,0.026768402456900903,0.026768402456900903,0.019707714422607468,0.019707714422607468,0.024438186071417543,0.021459665655097198
937,0.023070333400816476,0.026768402456900903,0.026768402456900903,0.019707714422607468,0.019707714422607468,0.031240907159852914,0.021505163179454292
003,0.023019796445668025,0.02613669051754525,0.02613669051754525,0.044707714422607465,0.022485492200385242,0.02783954661563523,0.02155066070381139
031,0.023019796445668025,0.02613669051754525,0.02613669051754525,0.036374381089274134,0.0280410477559408,0.024438186071417543,0.021429333972192464
032,0.023019796445668025,0.02613669051754525,0.02613669051754525,0.019707714422607468,0.022485492200385242,0.024438186071417543,0.021975304264477625
087,0.023019796445668025,0.02613669051754525,0.02613669051754525,0.019707714422607468,0.022485492200385242,0.021036825527199855,0.02147483149654956
097,0.023019796445668025,0.02613669051754525,0.02613669051754525,0.0280410477559408,0.03359660331149635,0.04144498879250598,0.021429333972192464
111,0.023019796445668025,0.02613669051754525,0.02613669051754525,0.0280410477559408,0.02526326997816302,0.03804362824828829,0.021869143374311065
131,0.023019796445668025,0.02613669051754525,0.02613669051754525,0.036374381089274134,0.0280410477559408,0.017635464982982168,0.02148999733800193
147,0.023019796445668025,0.02613669051754525,0.02613669051754525,0.019707714422607468,0.02526326997816302,0.02783954661563523,0.021429333972192464
158,0.023019796445668025,0.02613669051754525,0.02613669051754525,0.019707714422607468,0.01692993664482969,0.024438186071417543,0.022142128520453646
166,0.023019796445668025,0.02613669051754525,0.02613669051754525,0.0280410477559408,0.022485492200385242,0.021036825527199855,0.02199047010592999
169,0.023019796445668025,0.02613669051754525,0.02613669051754525,0.036374381089274134,0.030818825533718577,0.01423410443876448,0.021899475057215796
191,0.023019796445668025,0.02613669051754525,0.02613669051754525,0.019707714422607468,0.03359660331149635,0.021036825527199855,0.021899475057215796
200,0.023019796445668025,0.02613669051754525,0.02613669051754525,0.044707714422607465,0.0280410477559408,0.034642267704070605,0.021429333972192464
208,0.023019796445668025,0.02613669051754525,0.02613669051754525,0.019707714422607468,0.0280410477559408,0.017635464982982168,0.021626489911073216
217,0.023019796445668025,0.02613669051754525,0.02613669051754525,0.044707714422607465,0.0280410477559408,0.021036825527199855,0.021778148325596873
250,0.023019796445668025,0.02613669051754525,0.02613669051754525,0.0530410477559408,0.03915215886705191,0.021036825527199855,0.021641655752525583
289,0.023019796445668025,0.02613669051754525,0.02613669051754525,0.011374381089274133,0.014152158867051911,0.031240907159852914,0.023294732470833423
313,0.023019796445668025,0.02613669051754525,0.02613669051754525,0.044707714422607465,0.03359660331149635,0.017635464982982168,0.02138383644783537
344,0.023019796445668025,0.02613669051754525,0.02613669051754525,0.0280410477559408,0.022485492200385242,0.024438186071417543,0.02147483149654956
349,0.023019796445668025,0.02613669051754525,0.02613669051754525,0.0280410477559408,0.022485492200385242,0.021036825527199855,0.021732650801239775
391,0.023019796445668025,0.02613669051754525,0.02613669051754525,0.019707714422607468,0.0280410477559408,0.031240907159852914,0.021762982484144506
396,0.023019796445668025,0.02613669051754525,0.02613669051754525,0.011374381089274133,0.01692993664482969,0.021036825527199855,0.022506108715310415
417,0.023019796445668025,0.02613669051754525,0.02613669051754525,0.036374381089274134,0.030818825533718577,0.017635464982982168,0.021656821593977946
435,0.023019796445668025,0.02613669051754525,0.02613669051754525,0.0280410477559408,0.022485492200385242,0.024438186071417543,0.021505163179454292
447,0.023019796445668025,0.02613669051754525,0.02613669051754525,0.0280410477559408,0.02526326997816302,0.024438186071417543,0.022081465154644184
450,0.023019796445668025,0.02613669051754525,0.02613669051754525,0.019707714422607468,0.019707714422607468,0.017635464982982168,0.02159615822816849
481,0.023019796445668025,0.02613669051754525,0.02613669051754525,0.036374381089274134,0.0280410477559408,0.017635464982982168,0.021656821593977946
509,0.023019796445668025,0.02613669051754525,0.02613669051754525,0.044707714422607465,0.036374381089274134,0.031240907159852914,0.021399002289287733
543,0.023019796445668025,0.02613669051754525,0.02613669051754525,0.011374381089274133,0.01692993664482969,0.017635464982982168,0.02256677208111988
561,0.023019796445668025,0.02613669051754525,0.02613669051754525,0.0280410477559408,0.0280410477559408,0.024438186071417543,0.021671987435430314
603,0.023019796445668025,0.02613669051754525,0.02613669051754525,0.036374381089274134,0.022485492200385242,0.01423410443876448,0.02148999733800193
625,0.023019796445668025,0.02613669051754525,0.02613669051754525,0.011374381089274133,0.02526326997816302,0.02783954661563523,0.02253644039821515
705,0.023019796445668025,0.02613669051754525,0.02613669051754525,0.044707714422607465,0.0280410477559408,0.04144498879250598,0.021429333972192464
710,0.023019796445668025,0.02613669051754525,0.02613669051754525,0.0280410477559408,0.022485492200385242,0.02783954661563523,0.02202080178883472
720,0.023019796445668025,0.02613669051754525,0.02613669051754525,0.044707714422607465,0.036374381089274134,0.024438186071417543,0.0218539775328587
766,0.023019796445668025,0.02613669051754525,0.02613669051754525,0.011374381089274133,0.014152158867051911,0.03804362824828829,0.02353738593407127
794,0.023019796445668025,0.02613669051754525,0.02613669051754525,0.0280410477559408,0.02526326997816302,0.024438186071417543,0.021762982484144506
814,0.023019796445668025,0.02613669051754525,0.02613669051754525,0.011374381089274133,0.019707714422607468,0.01423410443876448,0.023355395836642884
829,0.023019796445668025,0.02613669051754525,0.02613669051754525,0.011374381089274133,0.019707714422607468,0.02783954661563523,0.02299141564178611
844,0.023019796445668025,0.02613669051754525,0.02613669051754525,0.011374381089274133,0.02526326997816302,0.02783954661563523,0.022308952776429667
847,0.023019796445668025,0.02613669051754525,0.02613669051754525,0.019707714422607468,0.022485492200385242,0.02783954661563523,0.021641655752525583
851,0.023019796445668025,0.02613669051754525,0.02613669051754525,0.044707714422607465,0.036374381089274134,0.024438186071417543,0.0214141681307401
879,0.023019796445668025,0.02613669051754525,0.02613669051754525,0.019707714422607468,0.02526326997816302,0.024438186071417543,0.021671987435430314
889,0.023019796445668025,0.02613669051754525,0.02613669051754525,0.0280410477559408,0.02526326997816302,0.02783954661563523,0.02144449981364483
902,0.023019796445668025,0.02613669051754525,0.02613669051754525,0.0280410477559408,0.022485492200385242,0.031240907159852914,0.02199047010592999
903,0.023019796445668025,0.02613669051754525,0.02613669051754525,0.036374381089274134,0.02526326997816302,0.03804362824828829,0.02147483149654956
960,0.023019796445668025,0.02613669051754525,0.02613669051754525,0.019707714422607468,0.019707714422607468,0.01423410443876448,0.021747816642692142
966,0.023019796445668025,0.02613669051754525,0.02613669051754525,0.019707714422607468,0.014152158867051911,0.034642267704070605,0.02144449981364483
990,0.023019796445668025,0.02613669051754525,0.02613669051754525,0.019707714422607468,0.01692993664482969,0.04144498879250598,0.02148999733800193
014,0.02296925949051957,0.025504978578189598,0.025504978578189598,0.019707714422607468,0.02526326997816302,0.024438186071417543,0.021808480008501604
022,0.02296925949051957,0.025504978578189598,0.025504978578189598,0.019707714422607468,0.02526326997816302,0.02783954661563523,0.02147483149654956
049,0.02296925949051957,0.025504978578189598,0.025504978578189598,0.011374381089274133,0.01692993664482969,0.021036825527199855,0.023355395836642884
133,0.02296925949051957,0.025504978578189598,0.025504978578189598,0.0280410477559408,0.019707714422607468,0.02783954661563523,0.02182364584995397
139,0.02296925949051957,0.025504978578189598,0.025504978578189598,0.011374381089274133,0.014152158867051911,0.031240907159852914,0.022506108715310415
168,0.02296925949051957,0.025504978578189598,0.025504978578189598,0.019707714422607468,0.0280410477559408,0.034642267704070605,0.021641655752525583
205,0.02296925949051957,0.025504978578189598,0.025504978578189598,0.0280410477559408,0.030818825533718577,0.021036825527199855,0.021399002289287733
299,0.02296925949051957,0.025504978578189598,0.025504978578189598,0.0530410477559408,0.030818825533718577,0.024438186071417543,0.021505163179454292
314,0.02296925949051957,0.025504978578189598,0.025504978578189598,0.0280410477559408,0.0280410477559408,0.031240907159852914,0.021914640898668163
318,0.02296925949051957,0.025504978578189598,0.025504978578189598,0.0280410477559408,0.02526326997816302,0.01423410443876448,0.021778148325596873
390,0.02296925949051957,0.025504978578189598,0.025504978578189598,0.0280410477559408,0.019707714422607468,0.021036825527199855,0.0214141681307401
398,0.02296925949051957,0.025504978578189598,0.025504978578189598,0.019707714422607468,0.03359660331149635,0.034642267704070605,0.02199047010592999
427,0.02296925949051957,0.025504978578189598,0.025504978578189598,0.036374381089274134,0.022485492200385242,0.01423410443876448,0.02144449981364483
482,0.02296925949051957,0.025504978578189598,0.025504978578189598,0.011374381089274133,0.014152158867051911,0.024438186071417543,0.022384781983691492
559,0.02296925949051957,0.025504978578189598,0.025504978578189598,0.019707714422607468,0.019707714422607468,0.034642267704070605,0.022278621093524936
565,0.02296925949051957,0.025504978578189598,0.025504978578189598,0.0280410477559408,0.022485492200385242,0.021036825527199855,0.0214141681307401
568,0.02296925949051957,0.025504978578189598,0.025504978578189598,0.0280410477559408,0.030818825533718577,0.024438186071417543,0.021732650801239775
586,0.02296925949051957,0.025504978578189598,0.025504978578189598,0.0280410477559408,0.022485492200385242,0.024438186071417543,0.02196013842302526
594,0.02296925949051957,0.025504978578189598,0.025504978578189598,0.0280410477559408,0.022485492200385242,0.017635464982982168,0.021611324069620852
595,0.02296925949051957,0.025504978578189598,0.025504978578189598,0.0530410477559408,0.030818825533718577,0.021036825527199855,0.02144449981364483
609,0.02296925949051957,0.025504978578189598,0.025504978578189598,0.011374381089274133,0.019707714422607468,0.034642267704070605,0.023491888409714175
618,0.02296925949051957,0.025504978578189598,0.025504978578189598,0.0280410477559408,0.0280410477559408,0.021036825527199855,0.021944972581572894
627,0.02296925949051957,0.025504978578189598,0.025504978578189598,0.019707714422607468,0.02526326997816302,0.017635464982982168,0.022096630996096548
636,0.02296925949051957,0.025504978578189598,0.025504978578189598,0.0280410477559408,0.0280410477559408,0.02783954661563523,0.021535494862359023
666,0.02296925949051957,0.025504978578189598,0.025504978578189598,0.019707714422607468,0.030818825533718577,0.031240907159852914,0.02212696267900128
686,0.02296925949051957,0.025504978578189598,0.025504978578189598,0.019707714422607468,0.02526326997816302,0.034642267704070605,0.021793314167049237
688,0.02296925949051957,0.025504978578189598,0.025504978578189598,0.036374381089274134,0.030818825533718577,0.024438186071417543,0.021778148325596873
718,0.02296925949051957,0.025504978578189598,0.025504978578189598,0.036374381089274134,0.0280410477559408,0.031240907159852914,0.02138383644783537
740,0.02296925949051957,0.025504978578189598,0.025504978578189598,0.036374381089274134,0.03359660331149635,0.017635464982982168,0.02147483149654956
752,0.02296925949051957,0.025504978578189598,0.025504978578189598,0.0280410477559408,0.030818825533718577,0.024438186071417543,0.02148999733800193
764,0.02296925949051957,0.025504978578189598,0.025504978578189598,0.0280410477559408,0.030818825533718577,0.024438186071417543,0.02158099238671612
791,0.02296925949051957,0.025504978578189598,0.025504978578189598,0.0280410477559408,0.0280410477559408,0.024438186071417543,0.021520329020906656
799,0.02296925949051957,0.025504978578189598,0.025504978578189598,0.019707714422607468,0.02526326997816302,0.024438186071417543,0.021399002289287733
841,0.02296925949051957,0.025504978578189598,0.025504978578189598,0.019707714422607468,0.01692993664482969,0.024438186071417543,0.021929806740120527
869,0.02296925949051957,0.025504978578189598,0.025504978578189598,0.019707714422607468,0.0280410477559408,0.017635464982982168,0.02199047010592999
917,0.02296925949051957,0.025504978578189598,0.025504978578189598,0.0280410477559408,0.036374381089274134,0.017635464982982168,0.021702319118335044
936,0.02296925949051957,0.025504978578189598,0.025504978578189598,0.0280410477559408,0.022485492200385242,0.02783954661563523,0.021899475057215796
023,0.022918722535371118,0.024873266638833942,0.024873266638833942,0.019707714422607468,0.022485492200385242,0.01423410443876448,0.021702319118335044
028,0.022918722535371118,0.024873266638833942,0.024873266638833942,0.036374381089274134,0.02526326997816302,0.024438186071417543,0.02148999733800193
034,0.022918722535371118,0.024873266638833942,0.024873266638833942,0.0280410477559408,0.022485492200385242,0.017635464982982168,0.0218539775328587
046,0.022918722535371118,0.024873266638833942,0.024873266638833942,0.019707714422607468,0.0280410477559408,0.017635464982982168,0.022142128520453646
098,0.022918722535371118,0.024873266638833942,0.024873266638833942,0.0280410477559408,0.02526326997816302,0.02783954661563523,0.02215729436190601
106,0.022918722535371118,0.024873266638833942,0.024873266638833942,0.019707714422607468,0.030818825533718577,0.02783954661563523,0.0218539775328587
121,0.022918722535371118,0.024873266638833942,0.024873266638833942,0.019707714422607468,0.019707714422607468,0.02783954661563523,0.021944972581572894
125,0.022918722535371118,0.024873266638833942,0.024873266638833942,0.019707714422607468,0.0280410477559408,0.024438186071417543,0.022005635947382356
202,0.022918722535371118,0.024873266638833942,0.024873266638833942,0.0280410477559408,0.030818825533718577,0.017635464982982168,0.021944972581572894
215,0.022918722535371118,0.024873266638833942,0.024873266638833942,0.011374381089274133,0.01692993664482969,0.04144498879250598,0.022490942873858052
225,0.022918722535371118,0.024873266638833942,0.024873266638833942,0.011374381089274133,0.01692993664482969,0.02783954661563523,0.02267293297128644
228,0.022918722535371118,0.024873266638833942,0.024873266638833942,0.0280410477559408,0.022485492200385242,0.021036825527199855,0.021399002289287733
236,0.022918722535371118,0.024873266638833942,0.024873266638833942,0.036374381089274134,0.02526326997816302,0.024438186071417543,0.02168715327688268
246,0.022918722535371118,0.024873266638833942,0.024873266638833942,0.011374381089274133,0.0280410477559408,0.017635464982982168,0.0222937869349773
277,0.022918722535371118,0.024873266638833942,0.024873266638833942,0.019707714422607468,0.030818825533718577,0.031240907159852914,0.02196013842302526
278,0.022918722535371118,0.024873266638833942,0.024873266638833942,0.036374381089274134,0.030818825533718577,0.031240907159852914,0.021838811691406335
302,0.022918722535371118,0.024873266638833942,0.024873266638833942,0.019707714422607468,0.019707714422607468,0.031240907159852914,0.02158099238671612
310,0.022918722535371118,0.024873266638833942,0.024873266638833942,0.0280410477559408,0.019707714422607468,0.031240907159852914,0.021929806740120527
312,0.022918722535371118,0.024873266638833942,0.024873266638833942,0.011374381089274133,0.019707714422607468,0.031240907159852914,0.022779093861453
316,0.022918722535371118,0.024873266638833942,0.024873266638833942,0.019707714422607468,0.022485492200385242,0.021036825527199855,0.021929806740120527
330,0.022918722535371118,0.024873266638833942,0.024873266638833942,0.011374381089274133,0.02526326997816302,0.021036825527199855,0.022839757227262458
360,0.022918722535371118,0.024873266638833942,0.024873266638833942,0.0280410477559408,0.03359660331149635,0.021036825527199855,0.021399002289287733
365,0.022918722535371118,0.024873266638833942,0.024873266638833942,0.019707714422607468,0.022485492200385242,0.02783954661563523,0.021732650801239775
380,0.022918722535371118,0.024873266638833942,0.024873266638833942,0.011374381089274133,0.01692993664482969,0.031240907159852914,0.023400893360999982
389,0.022918722535371118,0.024873266638833942,0.024873266638833942,0.011374381089274133,0.019707714422607468,0.031240907159852914,0.022369616142239125
431,0.022918722535371118,0.024873266638833942,0.024873266638833942,0.011374381089274133,0.014152158867051911,0.031240907159852914,0.023931697811832776
442,0.022918722535371118,0.024873266638833942,0.024873266638833942,0.0280410477559408,0.03359660331149635,0.034642267704070605,0.021929806740120527
460,0.022918722535371118,0.024873266638833942,0.024873266638833942,0.0280410477559408,0.0280410477559408,0.031240907159852914,0.02147483149654956
461,0.022918722535371118,0.024873266638833942,0.024873266638833942,0.019707714422607468,0.022485492200385242,0.017635464982982168,0.02226345525207257
508,0.022918722535371118,0.024873266638833942,0.024873266638833942,0.0280410477559408,0.019707714422607468,0.021036825527199855,0.021869143374311065
510,0.022918722535371118,0.024873266638833942,0.024873266638833942,0.0280410477559408,0.03359660331149635,0.021036825527199855,0.02171748495978741
517,0.022918722535371118,0.024873266638833942,0.024873266638833942,0.0280410477559408,0.0280410477559408,0.024438186071417543,0.021702319118335044
582,0.022918722535371118,0.024873266638833942,0.024873266638833942,0.0280410477559408,0.0280410477559408,0.01423410443876448,0.022187626044810744
601,0.022918722535371118,0.024873266638833942,0.024873266638833942,0.0280410477559408,0.022485492200385242,0.034642267704070605,0.021626489911073216
610,0.022918722535371118,0.024873266638833942,0.024873266638833942,0.044707714422607465,0.022485492200385242,0.02783954661563523,0.02158099238671612
651,0.022918722535371118,0.024873266638833942,0.024873266638833942,0.036374381089274134,0.030818825533718577,0.024438186071417543,0.021869143374311065
652,0.022918722535371118,0.024873266638833942,0.024873266638833942,0.019707714422607468,0.02526326997816302,0.024438186071417543,0.02199047010592999
672,0.022918722535371118,0.024873266638833942,0.024873266638833942,0.011374381089274133,0.019707714422607468,0.021036825527199855,0.023052079007595577
679,0.022918722535371118,0.024873266638833942,0.024873266638833942,0.019707714422607468,0.019707714422607468,0.02783954661563523,0.021656821593977946
683,0.022918722535371118,0.024873266638833942,0.024873266638833942,0.0280410477559408,0.022485492200385242,0.021036825527199855,0.021732650801239775
704,0.022918722535371118,0.024873266638833942,0.024873266638833942,0.036374381089274134,0.0280410477559408,0.02783954661563523,0.02171748495978741
736,0.022918722535371118,0.024873266638833942,0.024873266638833942,0.019707714422607468,0.019707714422607468,0.031240907159852914,0.021459665655097198
745,0.022918722535371118,0.024873266638833942,0.024873266638833942,0.011374381089274133,0.014152158867051911,0.024438186071417543,0.022703264654191167
804,0.022918722535371118,0.024873266638833942,0.024873266638833942,0.019707714422607468,0.02526326997816302,0.017635464982982168,0.0214141681307401
816,0.022918722535371118,0.024873266638833942,0.024873266638833942,0.011374381089274133,0.014152158867051911,0.031240907159852914,0.022612269605476975
832,0.022918722535371118,0.024873266638833942,0.024873266638833942,0.011374381089274133,0.019707714422607468,0.021036825527199855,0.022369616142239125
850,0.022918722535371118,0.024873266638833942,0.024873266638833942,0.0280410477559408,0.022485492200385242,0.021036825527199855,0.021944972581572894
853,0.022918722535371118,0.024873266638833942,0.024873266638833942,0.036374381089274134,0.02526326997816302,0.017635464982982168,0.021565826545263754
876,0.022918722535371118,0.024873266638833942,0.024873266638833942,0.0280410477559408,0.0280410477559408,0.02783954661563523,0.021535494862359023
877,0.022918722535371118,0.024873266638833942,0.024873266638833942,0.019707714422607468,0.02526326997816302,0.024438186071417543,0.022005635947382356
883,0.022918722535371118,0.024873266638833942,0.024873266638833942,0.011374381089274133,0.022485492200385242,0.021036825527199855,0.022308952776429667
887,0.022918722535371118,0.024873266638833942,0.024873266638833942,0.019707714422607468,0.02526326997816302,0.04144498879250598,0.021975304264477625
888,0.022918722535371118,0.024873266638833942,0.024873266638833942,0.044707714422607465,0.030818825533718577,0.024438186071417543,0.021520329020906656
904,0.022918722535371118,0.024873266638833942,0.024873266638833942,0.019707714422607468,0.019707714422607468,0.034642267704070605,0.022035967630287086
908,0.022918722535371118,0.024873266638833942,0.024873266638833942,0.0280410477559408,0.01692993664482969,0.04144498879250598,0.0218539775328587
913,0.022918722535371118,0.024873266638833942,0.024873266638833942,0.0280410477559408,0.030818825533718577,0.017635464982982168,0.021611324069620852
927,0.022918722535371118,0.024873266638833942,0.024873266638833942,0.011374381089274133,0.03359660331149635,0.024438186071417543,0.022718430495643534
938,0.022918722535371118,0.024873266638833942,0.024873266638833942,0.044707714422607465,0.03359660331149635,0.021036825527199855,0.02171748495978741
946,0.022918722535371118,0.024873266638833942,0.024873266638833942,0.0280410477559408,0.019707714422607468,0.017635464982982168,0.021838811691406335
982,0.022918722535371118,0.024873266638833942,0.024873266638833942,0.036374381089274134,0.03359660331149635,0.02783954661563523,0.02188430921576343
989,0.022918722535371118,0.024873266638833942,0.024873266638833942,0.011374381089274133,0.0280410477559408,0.021036825527199855,0.02232411861788203
074,0.022868185580222668,0.02424155469947829,0.02424155469947829,0.044707714422607465,0.030818825533718577,0.02783954661563523,0.021762982484144506
075,0.022868185580222668,0.02424155469947829,0.02424155469947829,0.019707714422607468,0.022485492200385242,0.024438186071417543,0.022142128520453646
104,0.022868185580222668,0.02424155469947829,0.02424155469947829,0.011374381089274133,0.02526326997816302,0.024438186071417543,0.022445445349500954
109,0.022868185580222668,0.02424155469947829,0.02424155469947829,0.019707714422607468,0.022485492200385242,0.021036825527199855,0.021747816642692142
150,0.022868185580222668,0.02424155469947829,0.02424155469947829,0.0280410477559408,0.036374381089274134,0.017635464982982168,0.021535494862359023
159,0.022868185580222668,0.02424155469947829,0.02424155469947829,0.011374381089274133,0.01692993664482969,0.024438186071417543,0.023749707714404388
162,0.022868185580222668,0.02424155469947829,0.02424155469947829,0.044707714422607465,0.0280410477559408,0.017635464982982168,0.02188430921576343
190,0.022868185580222668,0.02424155469947829,0.02424155469947829,0.011374381089274133,0.01692993664482969,0.010832743894546793,0.022415113666596223
196,0.022868185580222668,0.02424155469947829,0.02424155469947829,0.019707714422607468,0.02526326997816302,0.031240907159852914,0.021899475057215796
216,0.022868185580222668,0.02424155469947829,0.02424155469947829,0.019707714422607468,0.01692993664482969,0.02783954661563523,0.02159615822816849
252,0.022868185580222668,0.02424155469947829,0.02424155469947829,0.0280410477559408,0.03359660331149635,0.024438186071417543,0.021732650801239775
264,0.022868185580222668,0.02424155469947829,0.02424155469947829,0.0280410477559408,0.019707714422607468,0.017635464982982168,0.021611324069620852
270,0.022868185580222668,0.02424155469947829,0.02424155469947829,0.0280410477559408,0.02526326997816302,0.021036825527199855,0.021565826545263754
291,0.022868185580222668,0.02424155469947829,0.02424155469947829,0.011374381089274133,0.019707714422607468,0.031240907159852914,0.02239994782514386
297,0.022868185580222668,0.02424155469947829,0.02424155469947829,0.011374381089274133,0.014152158867051911,0.017635464982982168,0.023127908214857402
300,0.022868185580222668,0.02424155469947829,0.02424155469947829,0.036374381089274134,0.022485492200385242,0.01423410443876448,0.021732650801239775
306,0.022868185580222668,0.02424155469947829,0.02424155469947829,0.011374381089274133,0.01692993664482969,0.024438186071417543,0.022779093861453
307,0.022868185580222668,0.02424155469947829,0.02424155469947829,0.011374381089274133,0.02526326997816302,0.01423410443876448,0.022627435446929342
308,0.022868185580222668,0.02424155469947829,0.02424155469947829,0.019707714422607468,0.019707714422607468,0.024438186071417543,0.02188430921576343
317,0.022868185580222668,0.02424155469947829,0.02424155469947829,0.019707714422607468,0.022485492200385242,0.021036825527199855,0.021869143374311065
335,0.022868185580222668,0.02424155469947829,0.02424155469947829,0.0280410477559408,0.022485492200385242,0.02783954661563523,0.021702319118335044
339,0.022868185580222668,0.02424155469947829,0.02424155469947829,0.036374381089274134,0.02526326997816302,0.021036825527199855,0.021520329020906656
353,0.022868185580222668,0.02424155469947829,0.02424155469947829,0.0280410477559408,0.022485492200385242,0.017635464982982168,0.021535494862359023
368,0.022868185580222668,0.02424155469947829,0.02424155469947829,0.0280410477559408,0.02526326997816302,0.02783954661563523,0.022066299313191817
379,0.022868185580222668,0.02424155469947829,0.02424155469947829,0.0280410477559408,0.022485492200385242,0.021036825527199855,0.021929806740120527
381,0.022868185580222668,0.02424155469947829,0.02424155469947829,0.036374381089274134,0.0280410477559408,0.02783954661563523,0.021838811691406335
402,0.022868185580222668,0.02424155469947829,0.02424155469947829,0.0280410477559408,0.022485492200385242,0.024438186071417543,0.0214141681307401
407,0.022868185580222668,0.02424155469947829,0.02424155469947829,0.011374381089274133,0.022485492200385242,0.021036825527199855,0.02256677208111988
463,0.022868185580222668,0.02424155469947829,0.02424155469947829,0.0280410477559408,0.022485492200385242,0.02783954661563523,0.022051133471739454
485,0.022868185580222668,0.02424155469947829,0.02424155469947829,0.019707714422607468,0.02526326997816302,0.017635464982982168,0.02226345525207257
488,0.022868185580222668,0.02424155469947829,0.02424155469947829,0.011374381089274133,0.011374381089274133,0.017635464982982168,0.02411368790926116
489,0.022868185580222668,0.02424155469947829,0.02424155469947829,0.019707714422607468,0.019707714422607468,0.01423410443876448,0.02138383644783537
490,0.022868185580222668,0.02424155469947829,0.02424155469947829,0.011374381089274133,0.036374381089274134,0.021036825527199855,0.02290042059307192
542,0.022868185580222668,0.02424155469947829,0.02424155469947829,0.0530410477559408,0.0280410477559408,0.017635464982982168,0.021565826545263754
557,0.022868185580222668,0.02424155469947829,0.02424155469947829,0.0280410477559408,0.019707714422607468,0.024438186071417543,0.021535494862359023
566,0.022868185580222668,0.02424155469947829,0.02424155469947829,0.011374381089274133,0.022485492200385242,0.017635464982982168,0.022384781983691492
569,0.022868185580222668,0.02424155469947829,0.02424155469947829,0.019707714422607468,0.030818825533718577,0.017635464982982168,0.021869143374311065
579,0.022868185580222668,0.02424155469947829,0.02424155469947829,0.019707714422607468,0.02526326997816302,0.021036825527199855,0.021399002289287733
597,0.022868185580222668,0.02424155469947829,0.02424155469947829,0.0280410477559408,0.022485492200385242,0.024438186071417543,0.02188430921576343
615,0.022868185580222668,0.02424155469947829,0.02424155469947829,0.019707714422607468,0.022485492200385242,0.017635464982982168,0.022096630996096548
632,0.022868185580222668,0.02424155469947829,0.02424155469947829,0.011374381089274133,0.019707714422607468,0.01423410443876448,0.022339284459334394
659,0.022868185580222668,0.02424155469947829,0.02424155469947829,0.011374381089274133,0.014152158867051911,0.01423410443876448,0.022688098812738804
689,0.022868185580222668,0.02424155469947829,0.02424155469947829,0.019707714422607468,0.022485492200385242,0.010832743894546793,0.02196013842302526
690,0.022868185580222668,0.02424155469947829,0.02424155469947829,0.019707714422607468,0.022485492200385242,0.02783954661563523,0.02211179683754891
694,0.022868185580222668,0.02424155469947829,0.02424155469947829,0.011374381089274133,0.019707714422607468,0.031240907159852914,0.02293075227597665
698,0.022868185580222668,0.02424155469947829,0.02424155469947829,0.0280410477559408,0.01692993664482969,0.024438186071417543,0.02158099238671612
726,0.022868185580222668,0.02424155469947829,0.02424155469947829,0.0280410477559408,0.0280410477559408,0.021036825527199855,0.02159615822816849
735,0.022868185580222668,0.02424155469947829,0.02424155469947829,0.0280410477559408,0.022485492200385242,0.017635464982982168,0.021671987435430314
751,0.022868185580222668,0.02424155469947829,0.02424155469947829,0.036374381089274134,0.02526326997816302,0.021036825527199855,0.021611324069620852
772,0.022868185580222668,0.02424155469947829,0.02424155469947829,0.036374381089274134,0.02526326997816302,0.02783954661563523,0.02144449981364483
775,0.022868185580222668,0.02424155469947829,0.02424155469947829,0.0280410477559408,0.01692993664482969,0.034642267704070605,0.02202080178883472
801,0.022868185580222668,0.02424155469947829,0.02424155469947829,0.0280410477559408,0.019707714422607468,0.031240907159852914,0.021975304264477625
817,0.022868185580222668,0.02424155469947829,0.02424155469947829,0.044707714422607465,0.036374381089274134,0.017635464982982168,0.021656821593977946
819,0.022868185580222668,0.02424155469947829,0.02424155469947829,0.0280410477559408,0.022485492200385242,0.017635464982982168,0.021747816642692142
862,0.022868185580222668,0.02424155469947829,0.02424155469947829,0.036374381089274134,0.022485492200385242,0.024438186071417543,0.02159615822816849
866,0.022868185580222668,0.02424155469947829,0.02424155469947829,0.019707714422607468,0.022485492200385242,0.031240907159852914,0.02212696267900128
891,0.022868185580222668,0.02424155469947829,0.02424155469947829,0.019707714422607468,0.030818825533718577,0.021036825527199855,0.021899475057215796
897,0.022868185580222668,0.02424155469947829,0.02424155469947829,0.036374381089274134,0.030818825533718577,0.024438186071417543,0.02155066070381139
923,0.022868185580222668,0.02424155469947829,0.02424155469947829,0.0280410477559408,0.022485492200385242,0.017635464982982168,0.02202080178883472
930,0.022868185580222668,0.02424155469947829,0.02424155469947829,0.0280410477559408,0.0280410477559408,0.02783954661563523,0.021778148325596873
931,0.022868185580222668,0.02424155469947829,0.02424155469947829,0.036374381089274134,0.0280410477559408,0.024438186071417543,0.02148999733800193
933,0.022868185580222668,0.02424155469947829,0.02424155469947829,0.0280410477559408,0.0280410477559408,0.021036825527199855,0.02168715327688268
939,0.022868185580222668,0.02424155469947829,0.02424155469947829,0.036374381089274134,0.030818825533718577,0.021036825527199855,0.021611324069620852
943,0.022868185580222668,0.02424155469947829,0.02424155469947829,0.0280410477559408,0.022485492200385242,0.017635464982982168,0.021565826545263754
949,0.022868185580222668,0.02424155469947829,0.02424155469947829,0.0280410477559408,0.0280410477559408,0.017635464982982168,0.021535494862359023
956,0.022868185580222668,0.02424155469947829,0.02424155469947829,0.0280410477559408,0.02526326997816302,0.024438186071417543,0.02138383644783537
959,0.022868185580222668,0.02424155469947829,0.02424155469947829,0.0280410477559408,0.030818825533718577,0.02783954661563523,0.021762982484144506
986,0.022868185580222668,0.02424155469947829,0.02424155469947829,0.036374381089274134,0.02526326997816302,0.031240907159852914,0.021505163179454292
996,0.022868185580222668,0.02424155469947829,0.02424155469947829,0.011374381089274133,0.01692993664482969,0.034642267704070605,0.02243027950804859
997,0.022868185580222668,0.02424155469947829,0.02424155469947829,0.011374381089274133,0.019707714422607468,0.021036825527199855,0.023097576531952674
009,0.022817648625074214,0.023609842760122634,0.023609842760122634,0.0280410477559408,0.019707714422607468,0.017635464982982168,0.02196013842302526
036,0.022817648625074214,0.023609842760122634,0.023609842760122634,0.011374381089274133,0.01692993664482969,0.02783954661563523,0.022748762178548265
047,0.022817648625074214,0.023609842760122634,0.023609842760122634,0.011374381089274133,0.014152158867051911,0.02783954661563523,0.023264400787928692
054,0.022817648625074214,0.023609842760122634,0.023609842760122634,0.019707714422607468,0.0280410477559408,0.031240907159852914,0.021869143374311065
116,0.022817648625074214,0.023609842760122634,0.023609842760122634,0.011374381089274133,0.02526326997816302,0.021036825527199855,0.022915586434524286
140,0.022817648625074214,0.023609842760122634,0.023609842760122634,0.011374381089274133,0.01692993664482969,0.017635464982982168,0.02267293297128644
164,0.022817648625074214,0.023609842760122634,0.023609842760122634,0.0280410477559408,0.019707714422607468,0.017635464982982168,0.02148999733800193
173,0.022817648625074214,0.023609842760122634,0.023609842760122634,0.019707714422607468,0.0280410477559408,0.021036825527199855,0.021656821593977946
175,0.022817648625074214,0.023609842760122634,0.023609842760122634,0.011374381089274133,0.022485492200385242,0.02783954661563523,0.022748762178548265
177,0.022817648625074214,0.023609842760122634,0.023609842760122634,0.0280410477559408,0.0280410477559408,0.02783954661563523,0.02158099238671612
183,0.022817648625074214,0.023609842760122634,0.023609842760122634,0.0280410477559408,0.0280410477559408,0.024438186071417543,0.021793314167049237
248,0.022817648625074214,0.023609842760122634,0.023609842760122634,0.011374381089274133,0.014152158867051911,0.031240907159852914,0.022490942873858052
249,0.022817648625074214,0.023609842760122634,0.023609842760122634,0.036374381089274134,0.03359660331149635,0.017635464982982168,0.0214141681307401
251,0.022817648625074214,0.023609842760122634,0.023609842760122634,0.0280410477559408,0.0280410477559408,0.031240907159852914,0.021793314167049237
257,0.022817648625074214,0.023609842760122634,0.023609842760122634,0.019707714422607468,0.019707714422607468,0.02783954661563523,0.021459665655097198
260,0.022817648625074214,0.023609842760122634,0.023609842760122634,0.019707714422607468,0.019707714422607468,0.024438186071417543,0.022051133471739454
263,0.022817648625074214,0.023609842760122634,0.023609842760122634,0.0280410477559408,0.02526326997816302,0.034642267704070605,0.02159615822816849
279,0.022817648625074214,0.023609842760122634,0.023609842760122634,0.011374381089274133,0.01692993664482969,0.017635464982982168,0.022475777032405685
322,0.022817648625074214,0.023609842760122634,0.023609842760122634,0.044707714422607465,0.022485492200385242,0.01423410443876448,0.021656821593977946
352,0.022817648625074214,0.023609842760122634,0.023609842760122634,0.0280410477559408,0.030818825533718577,0.021036825527199855,0.0214141681307401
375,0.022817648625074214,0.023609842760122634,0.023609842760122634,0.019707714422607468,0.019707714422607468,0.02783954661563523,0.02221795772771547
382,0.022817648625074214,0.023609842760122634,0.023609842760122634,0.011374381089274133,0.02526326997816302,0.021036825527199855,0.02232411861788203
392,0.022817648625074214,0.023609842760122634,0.023609842760122634,0.019707714422607468,0.02526326997816302,0.021036825527199855,0.02212696267900128
399,0.022817648625074214,0.023609842760122634,0.023609842760122634,0.019707714422607468,0.01692993664482969,0.021036825527199855,0.0214141681307401
423,0.022817648625074214,0.023609842760122634,0.023609842760122634,0.011374381089274133,0.01692993664482969,0.03804362824828829,0.02235445030078676
449,0.022817648625074214,0.023609842760122634,0.023609842760122634,0.0280410477559408,0.022485492200385242,0.017635464982982168,0.02148999733800193
452,0.022817648625074214,0.023609842760122634,0.023609842760122634,0.036374381089274134,0.030818825533718577,0.021036825527199855,0.021611324069620852
468,0.022817648625074214,0.023609842760122634,0.023609842760122634,0.036374381089274134,0.0280410477559408,0.021036825527199855,0.021505163179454292
471,0.022817648625074214,0.023609842760122634,0.023609842760122634,0.011374381089274133,0.019707714422607468,0.017635464982982168,0.02235445030078676
472,0.022817648625074214,0.023609842760122634,0.023609842760122634,0.036374381089274134,0.02526326997816302,0.021036825527199855,0.021626489911073216
493,0.022817648625074214,0.023609842760122634,0.023609842760122634,0.044707714422607465,0.022485492200385242,0.024438186071417543,0.02138383644783537
540,0.022817648625074214,0.023609842760122634,0.023609842760122634,0.0280410477559408,0.02526326997816302,0.024438186071417543,0.021565826545263754
545,0.022817648625074214,0.023609842760122634,0.023609842760122634,0.019707714422607468,0.022485492200385242,0.031240907159852914,0.022172460203358377
553,0.022817648625074214,0.023609842760122634,0.023609842760122634,0.0280410477559408,0.022485492200385242,0.024438186071417543,0.021429333972192464
577,0.022817648625074214,0.023609842760122634,0.023609842760122634,0.011374381089274133,0.014152158867051911,0.024438186071417543,0.02303691316614321
583,0.022817648625074214,0.023609842760122634,0.023609842760122634,0.0280410477559408,0.0280410477559408,0.024438186071417543,0.021626489911073216
602,0.022817648625074214,0.023609842760122634,0.023609842760122634,0.019707714422607468,0.019707714422607468,0.024438186071417543,0.02138383644783537
654,0.022817648625074214,0.023609842760122634,0.023609842760122634,0.0280410477559408,0.030818825533718577,0.034642267704070605,0.021671987435430314
668,0.022817648625074214,0.023609842760122634,0.023609842760122634,0.011374381089274133,0.014152158867051911,0.01423410443876448,0.023689044348594923
675,0.022817648625074214,0.023609842760122634,0.023609842760122634,0.019707714422607468,0.019707714422607468,0.02783954661563523,0.021399002289287733
695,0.022817648625074214,0.023609842760122634,0.023609842760122634,0.019707714422607468,0.0280410477559408,0.02783954661563523,0.022005635947382356
696,0.022817648625074214,0.023609842760122634,0.023609842760122634,0.019707714422607468,0.022485492200385242,0.024438186071417543,0.02182364584995397
703,0.022817648625074214,0.023609842760122634,0.023609842760122634,0.011374381089274133,0.019707714422607468,0.024438186071417543,0.022733596337095898
707,0.022817648625074214,0.023609842760122634,0.023609842760122634,0.019707714422607468,0.019707714422607468,0.017635464982982168,0.021732650801239775
709,0.022817648625074214,0.023609842760122634,0.023609842760122634,0.011374381089274133,0.019707714422607468,0.02783954661563523,0.02367387850714256
712,0.022817648625074214,0.023609842760122634,0.023609842760122634,0.011374381089274133,0.02526326997816302,0.02783954661563523,0.022627435446929342
716,0.022817648625074214,0.023609842760122634,0.023609842760122634,0.011374381089274133,0.01692993664482969,0.024438186071417543,0.02306724484904794
748,0.022817648625074214,0.023609842760122634,0.023609842760122634,0.036374381089274134,0.030818825533718577,0.044846349336723663,0.02159615822816849
755,0.022817648625074214,0.023609842760122634,0.023609842760122634,0.011374381089274133,0.02526326997816302,0.021036825527199855,0.022445445349500954
758,0.022817648625074214,0.023609842760122634,0.023609842760122634,0.011374381089274133,0.019707714422607468,0.017635464982982168,0.022657767129834073
770,0.022817648625074214,0.023609842760122634,0.023609842760122634,0.036374381089274134,0.019707714422607468,0.021036825527199855,0.021520329020906656
779,0.022817648625074214,0.023609842760122634,0.023609842760122634,0.019707714422607468,0.0280410477559408,0.024438186071417543,0.02138383644783537
788,0.022817648625074214,0.023609842760122634,0.023609842760122634,0.019707714422607468,0.02526326997816302,0.024438186071417543,0.02202080178883472
800,0.022817648625074214,0.023609842760122634,0.023609842760122634,0.0280410477559408,0.01692993664482969,0.024438186071417543,0.02147483149654956
840,0.022817648625074214,0.023609842760122634,0.023609842760122634,0.0280410477559408,0.0280410477559408,0.024438186071417543,0.022081465154644184
857,0.022817648625074214,0.023609842760122634,0.023609842760122634,0.011374381089274133,0.019707714422607468,0.021036825527199855,0.022627435446929342
858,0.022817648625074214,0.023609842760122634,0.023609842760122634,0.019707714422607468,0.019707714422607468,0.02783954661563523,0.022096630996096548
882,0.022817648625074214,0.023609842760122634,0.023609842760122634,0.011374381089274133,0.011374381089274133,0.021036825527199855,0.02411368790926116
894,0.022817648625074214,0.023609842760122634,0.023609842760122634,0.044707714422607465,0.02526326997816302,0.02783954661563523,0.021732650801239775
895,0.022817648625074214,0.023609842760122634,0.023609842760122634,0.0280410477559408,0.0280410477559408,0.031240907159852914,0.021656821593977946
900,0.022817648625074214,0.023609842760122634,0.023609842760122634,0.011374381089274133,0.02526326997816302,0.02783954661563523,0.022415113666596223
909,0.022817648625074214,0.023609842760122634,0.023609842760122634,0.0280410477559408,0.0280410477559408,0.021036825527199855,0.0218539775328587
921,0.022817648625074214,0.023609842760122634,0.023609842760122634,0.011374381089274133,0.030818825533718577,0.02783954661563523,0.022490942873858052
942,0.022817648625074214,0.023609842760122634,0.023609842760122634,0.019707714422607468,0.022485492200385242,0.031240907159852914,0.021778148325596873
950,0.022817648625074214,0.023609842760122634,0.023609842760122634,0.0280410477559408,0.022485492200385242,0.024438186071417543,0.02182364584995397
962,0.022817648625074214,0.023609842760122634,0.023609842760122634,0.036374381089274134,0.02526326997816302,0.031240907159852914,0.021399002289287733
974,0.022817648625074214,0.023609842760122634,0.023609842760122634,0.019707714422607468,0.019707714422607468,0.031240907159852914,0.021429333972192464
980,0.022817648625074214,0.023609842760122634,0.023609842760122634,0.011374381089274133,0.022485492200385242,0.017635464982982168,0.022415113666596223
993,0.022817648625074214,0.023609842760122634,0.023609842760122634,0.036374381089274134,0.02526326997816302,0.031240907159852914,0.02147483149654956
001,0.022767111669925764,0.02297813082076698,0.02297813082076698,0.019707714422607468,0.0280410477559408,0.031240907159852914,0.021702319118335044
010,0.022767111669925764,0.02297813082076698,0.02297813082076698,0.019707714422607468,0.022485492200385242,0.017635464982982168,0.02215729436190601
030,0.022767111669925764,0.02297813082076698,0.02297813082076698,0.019707714422607468,0.022485492200385242,0.01423410443876448,0.022202791886263108
043,0.022767111669925764,0.02297813082076698,0.02297813082076698,0.0280410477559408,0.02526326997816302,0.024438186071417543,0.02155066070381139
044,0.022767111669925764,0.02297813082076698,0.02297813082076698,0.019707714422607468,0.02526326997816302,0.02783954661563523,0.021869143374311065
045,0.022767111669925764,0.02297813082076698,0.02297813082076698,0.019707714422607468,0.019707714422607468,0.021036825527199855,0.022142128520453646
071,0.022767111669925764,0.02297813082076698,0.02297813082076698,0.011374381089274133,0.01692993664482969,0.031240907159852914,0.022415113666596223
076,0.022767111669925764,0.02297813082076698,0.02297813082076698,0.011374381089274133,0.022485492200385242,0.024438186071417543,0.022551606239667513
086,0.022767111669925764,0.02297813082076698,0.02297813082076698,0.0280410477559408,0.022485492200385242,0.021036825527199855,0.021702319118335044
099,0.022767111669925764,0.02297813082076698,0.02297813082076698,0.011374381089274133,0.01692993664482969,0.021036825527199855,0.022870088910167192
100,0.022767111669925764,0.02297813082076698,0.02297813082076698,0.011374381089274133,0.022485492200385242,0.031240907159852914,0.022308952776429667
110,0.022767111669925764,0.02297813082076698,0.02297813082076698,0.019707714422607468,0.022485492200385242,0.024438186071417543,0.021429333972192464
126,0.022767111669925764,0.02297813082076698,0.02297813082076698,0.036374381089274134,0.022485492200385242,0.017635464982982168,0.021399002289287733
143,0.022767111669925764,0.02297813082076698,0.02297813082076698,0.019707714422607468,0.019707714422607468,0.017635464982982168,0.022248289410620202
157,0.022767111669925764,0.02297813082076698,0.02297813082076698,0.019707714422607468,0.022485492200385242,0.031240907159852914,0.021520329020906656
161,0.022767111669925764,0.02297813082076698,0.02297813082076698,0.011374381089274133,0.014152158867051911,0.021036825527199855,0.023734541872952025
197,0.022767111669925764,0.02297813082076698,0.02297813082076698,0.019707714422607468,0.022485492200385242,0.024438186071417543,0.022142128520453646
240,0.022767111669925764,0.02297813082076698,0.02297813082076698,0.0280410477559408,0.02526326997816302,0.031240907159852914,0.021399002289287733
265,0.022767111669925764,0.02297813082076698,0.02297813082076698,0.0280410477559408,0.03359660331149635,0.017635464982982168,0.021793314167049237
273,0.022767111669925764,0.02297813082076698,0.02297813082076698,0.019707714422607468,0.019707714422607468,0.02783954661563523,0.021944972581572894
283,0.022767111669925764,0.02297813082076698,0.02297813082076698,0.019707714422607468,0.02526326997816302,0.021036825527199855,0.021838811691406335
301,0.022767111669925764,0.02297813082076698,0.02297813082076698,0.011374381089274133,0.014152158867051911,0.021036825527199855,0.02408335622635643
311,0.022767111669925764,0.02297813082076698,0.02297813082076698,0.011374381089274133,0.01692993664482969,0.024438186071417543,0.02334022999519052
321,0.022767111669925764,0.02297813082076698,0.02297813082076698,0.0280410477559408,0.0280410477559408,0.02783954661563523,0.021671987435430314
331,0.022767111669925764,0.02297813082076698,0.02297813082076698,0.011374381089274133,0.0280410477559408,0.017635464982982168,0.022339284459334394
340,0.022767111669925764,0.02297813082076698,0.02297813082076698,0.019707714422607468,0.02526326997816302,0.031240907159852914,0.021565826545263754
371,0.022767111669925764,0.02297813082076698,0.02297813082076698,0.0280410477559408,0.019707714422607468,0.024438186071417543,0.02138383644783537
383,0.022767111669925764,0.02297813082076698,0.02297813082076698,0.044707714422607465,0.02526326997816302,0.021036825527199855,0.021429333972192464
403,0.022767111669925764,0.02297813082076698,0.02297813082076698,0.0280410477559408,0.01692993664482969,0.024438186071417543,0.021626489911073216
413,0.022767111669925764,0.02297813082076698,0.02297813082076698,0.011374381089274133,0.0280410477559408,0.02783954661563523,0.022339284459334394
430,0.022767111669925764,0.02297813082076698,0.02297813082076698,0.011374381089274133,0.019707714422607468,0.01423410443876448,0.02293075227597665
438,0.022767111669925764,0.02297813082076698,0.02297813082076698,0.036374381089274134,0.0280410477559408,0.017635464982982168,0.021671987435430314
441,0.022767111669925764,0.02297813082076698,0.02297813082076698,0.036374381089274134,0.0280410477559408,0.024438186071417543,0.02148999733800193
462,0.022767111669925764,0.02297813082076698,0.02297813082076698,0.036374381089274134,0.019707714422607468,0.02783954661563523,0.021399002289287733
516,0.022767111669925764,0.02297813082076698,0.02297813082076698,0.044707714422607465,0.0280410477559408,0.010832743894546793,0.021505163179454292
519,0.022767111669925764,0.02297813082076698,0.02297813082076698,0.019707714422607468,0.019707714422607468,0.017635464982982168,0.021626489911073216
536,0.022767111669925764,0.02297813082076698,0.02297813082076698,0.019707714422607468,0.030818825533718577,0.024438186071417543,0.02144449981364483
546,0.022767111669925764,0.02297813082076698,0.02297813082076698,0.019707714422607468,0.022485492200385242,0.01423410443876448,0.022142128520453646
558,0.022767111669925764,0.02297813082076698,0.02297813082076698,0.036374381089274134,0.019707714422607468,0.024438186071417543,0.021838811691406335
560,0.022767111669925764,0.02297813082076698,0.02297813082076698,0.011374381089274133,0.01692993664482969,0.01423410443876448,0.02314307405630977
562,0.022767111669925764,0.02297813082076698,0.02297813082076698,0.0280410477559408,0.036374381089274134,0.031240907159852914,0.0218539775328587
563,0.022767111669925764,0.02297813082076698,0.02297813082076698,0.011374381089274133,0.019707714422607468,0.03804362824828829,0.02285492306871482
567,0.022767111669925764,0.02297813082076698,0.02297813082076698,0.0280410477559408,0.02526326997816302,0.031240907159852914,0.02155066070381139
621,0.022767111669925764,0.02297813082076698,0.02297813082076698,0.019707714422607468,0.02526326997816302,0.04144498879250598,0.02182364584995397
630,0.022767111669925764,0.02297813082076698,0.02297813082076698,0.011374381089274133,0.019707714422607468,0.02783954661563523,0.02256677208111988
641,0.022767111669925764,0.02297813082076698,0.02297813082076698,0.019707714422607468,0.019707714422607468,0.017635464982982168,0.02212696267900128
642,0.022767111669925764,0.02297813082076698,0.02297813082076698,0.019707714422607468,0.019707714422607468,0.024438186071417543,0.02196013842302526
682,0.022767111669925764,0.02297813082076698,0.02297813082076698,0.019707714422607468,0.022485492200385242,0.017635464982982168,0.022051133471739454
728,0.022767111669925764,0.02297813082076698,0.02297813082076698,0.011374381089274133,0.02526326997816302,0.02783954661563523,0.022824591385810094
731,0.022767111669925764,0.02297813082076698,0.02297813082076698,0.011374381089274133,0.030818825533718577,0.031240907159852914,0.022369616142239125
732,0.022767111669925764,0.02297813082076698,0.02297813082076698,0.0280410477559408,0.02526326997816302,0.017635464982982168,0.021399002289287733
760,0.022767111669925764,0.02297813082076698,0.02297813082076698,0.036374381089274134,0.03359660331149635,0.021036825527199855,0.02199047010592999
762,0.022767111669925764,0.02297813082076698,0.02297813082076698,0.0280410477559408,0.022485492200385242,0.034642267704070605,0.02148999733800193
765,0.022767111669925764,0.02297813082076698,0.02297813082076698,0.019707714422607468,0.022485492200385242,0.017635464982982168,0.022172460203358377
768,0.022767111669925764,0.02297813082076698,0.02297813082076698,0.019707714422607468,0.019707714422607468,0.031240907159852914,0.02158099238671612
777,0.022767111669925764,0.02297813082076698,0.02297813082076698,0.0280410477559408,0.022485492200385242,0.021036825527199855,0.02148999733800193
778,0.022767111669925764,0.02297813082076698,0.02297813082076698,0.011374381089274133,0.019707714422607468,0.017635464982982168,0.022824591385810094
782,0.022767111669925764,0.02297813082076698,0.02297813082076698,0.011374381089274133,0.011374381089274133,0.021036825527199855,0.02411368790926116
793,0.022767111669925764,0.02297813082076698,0.02297813082076698,0.0280410477559408,0.02526326997816302,0.021036825527199855,0.0214141681307401
820,0.022767111669925764,0.02297813082076698,0.02297813082076698,0.011374381089274133,0.02526326997816302,0.02783954661563523,0.023082410690500304
827,0.022767111669925764,0.02297813082076698,0.02297813082076698,0.0530410477559408,0.03359660331149635,0.017635464982982168,0.0214141681307401
833,0.022767111669925764,0.02297813082076698,0.02297813082076698,0.036374381089274134,0.0280410477559408,0.024438186071417543,0.021793314167049237
859,0.022767111669925764,0.02297813082076698,0.02297813082076698,0.011374381089274133,0.014152158867051911,0.017635464982982168,0.024037858701999332
873,0.022767111669925764,0.02297813082076698,0.02297813082076698,0.0280410477559408,0.01692993664482969,0.024438186071417543,0.02158099238671612
880,0.022767111669925764,0.02297813082076698,0.02297813082076698,0.011374381089274133,0.022485492200385242,0.034642267704070605,0.022415113666596223
892,0.022767111669925764,0.02297813082076698,0.02297813082076698,0.0280410477559408,0.02526326997816302,0.017635464982982168,0.022051133471739454
905,0.022767111669925764,0.02297813082076698,0.02297813082076698,0.011374381089274133,0.011374381089274133,0.017635464982982168,0.02411368790926116
915,0.022767111669925764,0.02297813082076698,0.02297813082076698,0.019707714422607468,0.019707714422607468,0.02783954661563523,0.02196013842302526
918,0.022767111669925764,0.02297813082076698,0.02297813082076698,0.0280410477559408,0.019707714422607468,0.024438186071417543,0.021656821593977946
928,0.022767111669925764,0.02297813082076698,0.02297813082076698,0.019707714422607468,0.019707714422607468,0.03804362824828829,0.021838811691406335
948,0.022767111669925764,0.02297813082076698,0.02297813082076698,0.0280410477559408,0.0280410477559408,0.024438186071417543,0.021778148325596873
955,0.022767111669925764,0.02297813082076698,0.02297813082076698,0.019707714422607468,0.022485492200385242,0.034642267704070605,0.021565826545263754
965,0.022767111669925764,0.02297813082076698,0.02297813082076698,0.0280410477559408,0.019707714422607468,0.017635464982982168,0.02211179683754891
969,0.022767111669925764,0.02297813082076698,0.02297813082076698,0.0280410477559408,0.01692993664482969,0.031240907159852914,0.021520329020906656
988,0.022767111669925764,0.02297813082076698,0.02297813082076698,0.0280410477559408,0.02526326997816302,0.017635464982982168,0.02138383644783537
998,0.022767111669925764,0.02297813082076698,0.02297813082076698,0.036374381089274134,0.019707714422607468,0.034642267704070605,0.0214141681307401
005,0.02271657471477731,0.022346418881411326,0.022346418881411326,0.019707714422607468,0.01692993664482969,0.024438186071417543,0.021899475057215796
020,0.02271657471477731,0.022346418881411326,0.022346418881411326,0.0280410477559408,0.019707714422607468,0.02783954661563523,0.02168715327688268
050,0.02271657471477731,0.022346418881411326,0.022346418881411326,0.019707714422607468,0.019707714422607468,0.021036825527199855,0.02188430921576343
067,0.02271657471477731,0.022346418881411326,0.022346418881411326,0.019707714422607468,0.01692993664482969,0.01423410443876448,0.021565826545263754
093,0.02271657471477731,0.022346418881411326,0.022346418881411326,0.011374381089274133,0.014152158867051911,0.021036825527199855,0.02334022999519052
113,0.02271657471477731,0.022346418881411326,0.022346418881411326,0.019707714422607468,0.030818825533718577,0.024438186071417543,0.021975304264477625
117,0.02271657471477731,0.022346418881411326,0.022346418881411326,0.036374381089274134,0.022485492200385242,0.034642267704070605,0.021505163179454292
123,0.02271657471477731,0.022346418881411326,0.022346418881411326,0.0280410477559408,0.030818825533718577,0.021036825527199855,0.021535494862359023
129,0.02271657471477731,0.022346418881411326,0.022346418881411326,0.019707714422607468,0.014152158867051911,0.024438186071417543,0.021611324069620852
136,0.02271657471477731,0.022346418881411326,0.022346418881411326,0.019707714422607468,0.022485492200385242,0.024438186071417543,0.021732650801239775
153,0.02271657471477731,0.022346418881411326,0.022346418881411326,0.011374381089274133,0.011374381089274133,0.017635464982982168,0.02411368790926116
156,0.02271657471477731,0.022346418881411326,0.022346418881411326,0.019707714422607468,0.022485492200385242,0.01423410443876448,0.02155066070381139
165,0.02271657471477731,0.022346418881411326,0.022346418881411326,0.019707714422607468,0.02526326997816302,0.021036825527199855,0.022187626044810744
172,0.02271657471477731,0.022346418881411326,0.022346418881411326,0.0280410477559408,0.019707714422607468,0.02783954661563523,0.02138383644783537
195,0.02271657471477731,0.022346418881411326,0.022346418881411326,0.019707714422607468,0.019707714422607468,0.024438186071417543,0.02188430921576343
198,0.02271657471477731,0.022346418881411326,0.022346418881411326,0.036374381089274134,0.03359660331149635,0.021036825527199855,0.02138383644783537
210,0.02271657471477731,0.022346418881411326,0.022346418881411326,0.019707714422607468,0.01692993664482969,0.021036825527199855,0.02155066070381139
212,0.02271657471477731,0.022346418881411326,0.022346418881411326,0.0280410477559408,0.02526326997816302,0.024438186071417543,0.021505163179454292
229,0.02271657471477731,0.022346418881411326,0.022346418881411326,0.0280410477559408,0.02526326997816302,0.021036825527199855,0.02182364584995397
232,0.02271657471477731,0.022346418881411326,0.022346418881411326,0.036374381089274134,0.0280410477559408,0.021036825527199855,0.021565826545263754
261,0.02271657471477731,0.022346418881411326,0.022346418881411326,0.0280410477559408,0.02526326997816302,0.02783954661563523,0.021565826545263754
266,0.02271657471477731,0.022346418881411326,0.022346418881411326,0.019707714422607468,0.01692993664482969,0.031240907159852914,0.021793314167049237
268,0.02271657471477731,0.022346418881411326,0.022346418881411326,0.019707714422607468,0.019707714422607468,0.017635464982982168,0.021747816642692142
329,0.02271657471477731,0.022346418881411326,0.022346418881411326,0.036374381089274134,0.03359660331149635,0.024438186071417543,0.021520329020906656
348,0.02271657471477731,0.022346418881411326,0.022346418881411326,0.019707714422607468,0.01692993664482969,0.024438186071417543,0.022142128520453646
388,0.02271657471477731,0.022346418881411326,0.022346418881411326,0.019707714422607468,0.022485492200385242,0.024438186071417543,0.021626489911073216
426,0.02271657471477731,0.022346418881411326,0.022346418881411326,0.019707714422607468,0.022485492200385242,0.021036825527199855,0.021520329020906656
428,0.02271657471477731,0.022346418881411326,0.022346418881411326,0.019707714422607468,0.0280410477559408,0.021036825527199855,0.022035967630287086
429,0.02271657471477731,0.022346418881411326,0.022346418881411326,0.011374381089274133,0.019707714422607468,0.017635464982982168,0.022445445349500954
444,0.02271657471477731,0.022346418881411326,0.022346418881411326,0.011374381089274133,0.019707714422607468,0.02783954661563523,0.022961083958881384
446,0.02271657471477731,0.022346418881411326,0.022346418881411326,0.036374381089274134,0.02526326997816302,0.010832743894546793,0.02144449981364483
454,0.02271657471477731,0.022346418881411326,0.022346418881411326,0.011374381089274133,0.01692993664482969,0.021036825527199855,0.022824591385810094
465,0.02271657471477731,0.022346418881411326,0.022346418881411326,0.011374381089274133,0.019707714422607468,0.01423410443876448,0.022521274556762783
478,0.02271657471477731,0.022346418881411326,0.022346418881411326,0.011374381089274133,0.014152158867051911,0.01423410443876448,0.023764873555856755
495,0.02271657471477731,0.022346418881411326,0.022346418881411326,0.0280410477559408,0.0280410477559408,0.017635464982982168,0.021914640898668163
503,0.02271657471477731,0.022346418881411326,0.022346418881411326,0.011374381089274133,0.0280410477559408,0.021036825527199855,0.022339284459334394
518,0.02271657471477731,0.022346418881411326,0.022346418881411326,0.036374381089274134,0.022485492200385242,0.031240907159852914,0.021611324069620852
521,0.02271657471477731,0.022346418881411326,0.022346418881411326,0.0280410477559408,0.022485492200385242,0.031240907159852914,0.02158099238671612
528,0.02271657471477731,0.022346418881411326,0.022346418881411326,0.0280410477559408,0.0280410477559408,0.01423410443876448,0.021505163179454292
530,0.02271657471477731,0.022346418881411326,0.022346418881411326,0.036374381089274134,0.022485492200385242,0.017635464982982168,0.021399002289287733
539,0.02271657471477731,0.022346418881411326,0.022346418881411326,0.019707714422607468,0.014152158867051911,0.02783954661563523,0.021747816642692142
564,0.02271657471477731,0.022346418881411326,0.022346418881411326,0.011374381089274133,0.022485492200385242,0.017635464982982168,0.022657767129834073
578,0.02271657471477731,0.022346418881411326,0.022346418881411326,0.019707714422607468,0.01692993664482969,0.024438186071417543,0.021914640898668163
585,0.02271657471477731,0.022346418881411326,0.022346418881411326,0.019707714422607468,0.019707714422607468,0.021036825527199855,0.02215729436190601
614,0.02271657471477731,0.022346418881411326,0.022346418881411326,0.0280410477559408,0.019707714422607468,0.024438186071417543,0.021808480008501604
616,0.02271657471477731,0.022346418881411326,0.022346418881411326,0.0280410477559408,0.019707714422607468,0.017635464982982168,0.021702319118335044
623,0.02271657471477731,0.022346418881411326,0.022346418881411326,0.011374381089274133,0.01692993664482969,0.021036825527199855,0.02276392802000063
631,0.02271657471477731,0.022346418881411326,0.022346418881411326,0.019707714422607468,0.0280410477559408,0.017635464982982168,0.02182364584995397
638,0.02271657471477731,0.022346418881411326,0.022346418881411326,0.036374381089274134,0.036374381089274134,0.02783954661563523,0.021656821593977946
643,0.02271657471477731,0.022346418881411326,0.022346418881411326,0.036374381089274134,0.022485492200385242,0.021036825527199855,0.021656821593977946
646,0.02271657471477731,0.022346418881411326,0.022346418881411326,0.036374381089274134,0.0280410477559408,0.01423410443876448,0.02148999733800193
649,0.02271657471477731,0.022346418881411326,0.022346418881411326,0.036374381089274134,0.02526326997816302,0.031240907159852914,0.02168715327688268
663,0.02271657471477731,0.022346418881411326,0.022346418881411326,0.011374381089274133,0.014152158867051911,0.021036825527199855,0.0222937869349773
671,0.02271657471477731,0.022346418881411326,0.022346418881411326,0.011374381089274133,0.01692993664482969,0.02783954661563523,0.022445445349500954
681,0.02271657471477731,0.022346418881411326,0.022346418881411326,0.011374381089274133,0.014152158867051911,0.04144498879250598,0.023325064153738157
687,0.02271657471477731,0.022346418881411326,0.022346418881411326,0.044707714422607465,0.03359660331149635,0.017635464982982168,0.02147483149654956
711,0.02271657471477731,0.022346418881411326,0.022346418881411326,0.011374381089274133,0.022485492200385242,0.021036825527199855,0.022521274556762783
737,0.02271657471477731,0.022346418881411326,0.022346418881411326,0.036374381089274134,0.030818825533718577,0.01423410443876448,0.02144449981364483
738,0.02271657471477731,0.022346418881411326,0.022346418881411326,0.0280410477559408,0.019707714422607468,0.01423410443876448,0.0218539775328587
741,0.02271657471477731,0.022346418881411326,0.022346418881411326,0.019707714422607468,0.01692993664482969,0.024438186071417543,0.022035967630287086
753,0.02271657471477731,0.022346418881411326,0.022346418881411326,0.036374381089274134,0.0280410477559408,0.017635464982982168,0.021611324069620852
769,0.02271657471477731,0.022346418881411326,0.022346418881411326,0.019707714422607468,0.022485492200385242,0.02783954661563523,0.02215729436190601
776,0.02271657471477731,0.022346418881411326,0.022346418881411326,0.0280410477559408,0.02526326997816302,0.021036825527199855,0.021793314167049237
781,0.02271657471477731,0.022346418881411326,0.022346418881411326,0.019707714422607468,0.022485492200385242,0.021036825527199855,0.021778148325596873
786,0.02271657471477731,0.022346418881411326,0.022346418881411326,0.0280410477559408,0.0280410477559408,0.017635464982982168,0.021459665655097198
787,0.02271657471477731,0.022346418881411326,0.022346418881411326,0.019707714422607468,0.019707714422607468,0.031240907159852914,0.021899475057215796
796,0.02271657471477731,0.022346418881411326,0.022346418881411326,0.0280410477559408,0.0280410477559408,0.02783954661563523,0.02158099238671612
809,0.02271657471477731,0.022346418881411326,0.022346418881411326,0.019707714422607468,0.022485492200385242,0.021036825527199855,0.022081465154644184
810,0.02271657471477731,0.022346418881411326,0.022346418881411326,0.0280410477559408,0.019707714422607468,0.02783954661563523,0.021611324069620852
823,0.02271657471477731,0.022346418881411326,0.022346418881411326,0.0280410477559408,0.030818825533718577,0.017635464982982168,0.021702319118335044
824,0.02271657471477731,0.022346418881411326,0.022346418881411326,0.019707714422607468,0.01692993664482969,0.024438186071417543,0.021899475057215796
835,0.02271657471477731,0.022346418881411326,0.022346418881411326,0.011374381089274133,0.014152158867051911,0.017635464982982168,0.022945918117429014
852,0.02271657471477731,0.022346418881411326,0.022346418881411326,0.0280410477559408,0.02526326997816302,0.031240907159852914,0.021914640898668163
860,0.02271657471477731,0.022346418881411326,0.022346418881411326,0.011374381089274133,0.03359660331149635,0.01423410443876448,0.022339284459334394
872,0.02271657471477731,0.022346418881411326,0.022346418881411326,0.0280410477559408,0.030818825533718577,0.02783954661563523,0.021535494862359023
890,0.02271657471477731,0.022346418881411326,0.022346418881411326,0.0280410477559408,0.02526326997816302,0.024438186071417543,0.022248289410620202
896,0.02271657471477731,0.022346418881411326,0.022346418881411326,0.0280410477559408,0.022485492200385242,0.017635464982982168,0.021535494862359023
920,0.02271657471477731,0.022346418881411326,0.022346418881411326,0.011374381089274133,0.01692993664482969,0.021036825527199855,0.023158239897762136
934,0.02271657471477731,0.022346418881411326,0.022346418881411326,0.044707714422607465,0.03915215886705191,0.024438186071417543,0.02148999733800193
941,0.02271657471477731,0.022346418881411326,0.022346418881411326,0.036374381089274134,0.030818825533718577,0.02783954661563523,0.021626489911073216
944,0.02271657471477731,0.022346418881411326,0.022346418881411326,0.036374381089274134,0.022485492200385242,0.021036825527199855,0.021565826545263754
945,0.02271657471477731,0.022346418881411326,0.022346418881411326,0.019707714422607468,0.0280410477559408,0.024438186071417543,0.022202791886263108
963,0.02271657471477731,0.022346418881411326,0.022346418881411326,0.019707714422607468,0.019707714422607468,0.021036825527199855,0.021944972581572894
970,0.02271657471477731,0.022346418881411326,0.022346418881411326,0.011374381089274133,0.01692993664482969,0.02783954661563523,0.02381037108021385
972,0.02271657471477731,0.022346418881411326,0.022346418881411326,0.0280410477559408,0.022485492200385242,0.017635464982982168,0.02223312356916784
984,0.02271657471477731,0.022346418881411326,0.022346418881411326,0.044707714422607465,0.030818825533718577,0.021036825527199855,0.0214141681307401
011,0.022666037759628856,0.021714706942055673,0.021714706942055673,0.036374381089274134,0.0280410477559408,0.017635464982982168,0.021459665655097198
012,0.022666037759628856,0.021714706942055673,0.021714706942055673,0.0280410477559408,0.02526326997816302,0.021036825527199855,0.022035967630287086
018,0.022666037759628856,0.021714706942055673,0.021714706942055673,0.036374381089274134,0.019707714422607468,0.02783954661563523,0.021656821593977946
024,0.022666037759628856,0.021714706942055673,0.021714706942055673,0.019707714422607468,0.022485492200385242,0.021036825527199855,0.02171748495978741
025,0.022666037759628856,0.021714706942055673,0.021714706942055673,0.019707714422607468,0.02526326997816302,0.02783954661563523,0.02202080178883472
039,0.022666037759628856,0.021714706942055673,0.021714706942055673,0.019707714422607468,0.014152158867051911,0.02783954661563523,0.021429333972192464
064,0.022666037759628856,0.021714706942055673,0.021714706942055673,0.0280410477559408,0.022485492200385242,0.021036825527199855,0.021747816642692142
065,0.022666037759628856,0.021714706942055673,0.021714706942055673,0.011374381089274133,0.022485492200385242,0.017635464982982168,0.022369616142239125
083,0.022666037759628856,0.021714706942055673,0.021714706942055673,0.019707714422607468,0.03359660331149635,0.017635464982982168,0.021429333972192464
084,0.022666037759628856,0.021714706942055673,0.021714706942055673,0.0280410477559408,0.030818825533718577,0.017635464982982168,0.021520329020906656
089,0.022666037759628856,0.021714706942055673,0.021714706942055673,0.011374381089274133,0.01692993664482969,0.017635464982982168,0.022415113666596223
096,0.022666037759628856,0.021714706942055673,0.021714706942055673,0.0280410477559408,0.019707714422607468,0.024438186071417543,0.02138383644783537
108,0.022666037759628856,0.021714706942055673,0.021714706942055673,0.011374381089274133,0.01692993664482969,0.017635464982982168,0.02235445030078676
128,0.022666037759628856,0.021714706942055673,0.021714706942055673,0.0280410477559408,0.022485492200385242,0.021036825527199855,0.021611324069620852
130,0.022666037759628856,0.021714706942055673,0.021714706942055673,0.0280410477559408,0.019707714422607468,0.024438186071417543,0.021399002289287733
154,0.022666037759628856,0.021714706942055673,0.021714706942055673,0.0280410477559408,0.019707714422607468,0.021036825527199855,0.021808480008501604
155,0.022666037759628856,0.021714706942055673,0.021714706942055673,0.0280410477559408,0.0280410477559408,0.01423410443876448,0.02171748495978741
163,0.022666037759628856,0.021714706942055673,0.021714706942055673,0.0280410477559408,0.022485492200385242,0.024438186071417543,0.021914640898668163
170,0.022666037759628856,0.021714706942055673,0.021714706942055673,0.036374381089274134,0.022485492200385242,0.024438186071417543,0.021641655752525583
180,0.022666037759628856,0.021714706942055673,0.021714706942055673,0.019707714422607468,0.02526326997816302,0.024438186071417543,0.02196013842302526
188,0.022666037759628856,0.021714706942055673,0.021714706942055673,0.044707714422607465,0.0280410477559408,0.017635464982982168,0.02155066070381139
199,0.022666037759628856,0.021714706942055673,0.021714706942055673,0.019707714422607468,0.01692993664482969,0.024438186071417543,0.021656821593977946
201,0.022666037759628856,0.021714706942055673,0.021714706942055673,0.011374381089274133,0.01692993664482969,0.017635464982982168,0.023567717616976003
219,0.022666037759628856,0.021714706942055673,0.021714706942055673,0.011374381089274133,0.01692993664482969,0.024438186071417543,0.02239994782514386
233,0.022666037759628856,0.021714706942055673,0.021714706942055673,0.019707714422607468,0.019707714422607468,0.017635464982982168,0.021838811691406335
237,0.022666037759628856,0.021714706942055673,0.021714706942055673,0.0280410477559408,0.02526326997816302,0.021036825527199855,0.021565826545263754
258,0.022666037759628856,0.021714706942055673,0.021714706942055673,0.019707714422607468,0.019707714422607468,0.01423410443876448,0.021520329020906656
272,0.022666037759628856,0.021714706942055673,0.021714706942055673,0.011374381089274133,0.019707714422607468,0.024438186071417543,0.02324923494647633
280,0.022666037759628856,0.021714706942055673,0.021714706942055673,0.011374381089274133,0.019707714422607468,0.017635464982982168,0.02246061119095332
290,0.022666037759628856,0.021714706942055673,0.021714706942055673,0.0280410477559408,0.030818825533718577,0.017635464982982168,0.021520329020906656
305,0.022666037759628856,0.021714706942055673,0.021714706942055673,0.019707714422607468,0.02526326997816302,0.031240907159852914,0.022066299313191817
309,0.022666037759628856,0.021714706942055673,0.021714706942055673,0.011374381089274133,0.014152158867051911,0.031240907159852914,0.02402269286054697
319,0.022666037759628856,0.021714706942055673,0.021714706942055673,0.019707714422607468,0.019707714422607468,0.021036825527199855,0.022202791886263108
325,0.022666037759628856,0.021714706942055673,0.021714706942055673,0.0280410477559408,0.02526326997816302,0.01423410443876448,0.021535494862359023
327,0.022666037759628856,0.021714706942055673,0.021714706942055673,0.0280410477559408,0.02526326997816302,0.024438186071417543,0.021929806740120527
334,0.022666037759628856,0.021714706942055673,0.021714706942055673,0.036374381089274134,0.022485492200385242,0.017635464982982168,0.02148999733800193
342,0.022666037759628856,0.021714706942055673,0.021714706942055673,0.011374381089274133,0.022485492200385242,0.017635464982982168,0.022688098812738804
346,0.022666037759628856,0.021714706942055673,0.021714706942055673,0.019707714422607468,0.019707714422607468,0.01423410443876448,0.02226345525207257
347,0.022666037759628856,0.021714706942055673,0.021714706942055673,0.019707714422607468,0.014152158867051911,0.021036825527199855,0.02155066070381139
350,0.022666037759628856,0.021714706942055673,0.021714706942055673,0.036374381089274134,0.02526326997816302,0.017635464982982168,0.021641655752525583
355,0.022666037759628856,0.021714706942055673,0.021714706942055673,0.019707714422607468,0.03359660331149635,0.02783954661563523,0.021808480008501604
376,0.022666037759628856,0.021714706942055673,0.021714706942055673,0.019707714422607468,0.022485492200385242,0.017635464982982168,0.021641655752525583
384,0.022666037759628856,0.021714706942055673,0.021714706942055673,0.0280410477559408,0.030818825533718577,0.024438186071417543,0.021732650801239775
385,0.022666037759628856,0.021714706942055673,0.021714706942055673,0.011374381089274133,0.02526326997816302,0.02783954661563523,0.022308952776429667
416,0.022666037759628856,0.021714706942055673,0.021714706942055673,0.011374381089274133,0.01692993664482969,0.017635464982982168,0.02293075227597665
424,0.022666037759628856,0.021714706942055673,0.021714706942055673,0.019707714422607468,0.019707714422607468,0.017635464982982168,0.022066299313191817
437,0.022666037759628856,0.021714706942055673,0.021714706942055673,0.019707714422607468,0.022485492200385242,0.024438186071417543,0.021762982484144506
439,0.022666037759628856,0.021714706942055673,0.021714706942055673,0.019707714422607468,0.014152158867051911,0.024438186071417543,0.021399002289287733
458,0.022666037759628856,0.021714706942055673,0.021714706942055673,0.011374381089274133,0.030818825533718577,0.031240907159852914,0.02239994782514386
466,0.022666037759628856,0.021714706942055673,0.021714706942055673,0.019707714422607468,0.022485492200385242,0.024438186071417543,0.022187626044810744
504,0.022666037759628856,0.021714706942055673,0.021714706942055673,0.0530410477559408,0.0280410477559408,0.021036825527199855,0.021459665655097198
507,0.022666037759628856,0.021714706942055673,0.021714706942055673,0.0280410477559408,0.02526326997816302,0.024438186071417543,0.021611324069620852
520,0.022666037759628856,0.021714706942055673,0.021714706942055673,0.036374381089274134,0.02526326997816302,0.021036825527199855,0.02159615822816849
529,0.022666037759628856,0.021714706942055673,0.021714706942055673,0.0280410477559408,0.01692993664482969,0.021036825527199855,0.02138383644783537
571,0.022666037759628856,0.021714706942055673,0.021714706942055673,0.019707714422607468,0.02526326997816302,0.034642267704070605,0.021429333972192464
587,0.022666037759628856,0.021714706942055673,0.021714706942055673,0.0280410477559408,0.01692993664482969,0.01423410443876448,0.021869143374311065
589,0.022666037759628856,0.021714706942055673,0.021714706942055673,0.011374381089274133,0.01692993664482969,0.017635464982982168,0.023704210190047294
608,0.022666037759628856,0.021714706942055673,0.021714706942055673,0.011374381089274133,0.01692993664482969,0.01423410443876448,0.022475777032405685
617,0.022666037759628856,0.021714706942055673,0.021714706942055673,0.0280410477559408,0.022485492200385242,0.021036825527199855,0.021808480008501604
622,0.022666037759628856,0.021714706942055673,0.021714706942055673,0.0530410477559408,0.030818825533718577,0.01423410443876448,0.02147483149654956
639,0.022666037759628856,0.021714706942055673,0.021714706942055673,0.019707714422607468,0.01692993664482969,0.021036825527199855,0.02212696267900128
644,0.022666037759628856,0.021714706942055673,0.021714706942055673,0.0280410477559408,0.022485492200385242,0.01423410443876448,0.02159615822816849
673,0.022666037759628856,0.021714706942055673,0.021714706942055673,0.011374381089274133,0.01692993664482969,0.024438186071417543,0.022824591385810094
674,0.022666037759628856,0.021714706942055673,0.021714706942055673,0.011374381089274133,0.01692993664482969,0.02783954661563523,0.02232411861788203
692,0.022666037759628856,0.021714706942055673,0.021714706942055673,0.019707714422607468,0.01692993664482969,0.021036825527199855,0.02215729436190601
702,0.022666037759628856,0.021714706942055673,0.021714706942055673,0.036374381089274134,0.02526326997816302,0.02783954661563523,0.021626489911073216
708,0.022666037759628856,0.021714706942055673,0.021714706942055673,0.0280410477559408,0.03359660331149635,0.017635464982982168,0.02148999733800193
721,0.022666037759628856,0.021714706942055673,0.021714706942055673,0.011374381089274133,0.019707714422607468,0.024438186071417543,0.023567717616976003
725,0.022666037759628856,0.021714706942055673,0.021714706942055673,0.019707714422607468,0.019707714422607468,0.017635464982982168,0.02171748495978741
744,0.022666037759628856,0.021714706942055673,0.021714706942055673,0.019707714422607468,0.01692993664482969,0.024438186071417543,0.02221795772771547
756,0.022666037759628856,0.021714706942055673,0.021714706942055673,0.011374381089274133,0.011374381089274133,0.01423410443876448,0.02411368790926116
798,0.022666037759628856,0.021714706942055673,0.021714706942055673,0.011374381089274133,0.014152158867051911,0.021036825527199855,0.023370561678095255
803,0.022666037759628856,0.021714706942055673,0.021714706942055673,0.011374381089274133,0.01692993664482969,0.021036825527199855,0.023097576531952674
815,0.022666037759628856,0.021714706942055673,0.021714706942055673,0.011374381089274133,0.014152158867051911,0.021036825527199855,0.022551606239667513
818,0.022666037759628856,0.021714706942055673,0.021714706942055673,0.011374381089274133,0.01692993664482969,0.024438186071417543,0.02293075227597665
855,0.022666037759628856,0.021714706942055673,0.021714706942055673,0.0280410477559408,0.02526326997816302,0.02783954661563523,0.02138383644783537
885,0.022666037759628856,0.021714706942055673,0.021714706942055673,0.0280410477559408,0.019707714422607468,0.021036825527199855,0.021505163179454292
907,0.022666037759628856,0.021714706942055673,0.021714706942055673,0.019707714422607468,0.0280410477559408,0.017635464982982168,0.021459665655097198
953,0.022666037759628856,0.021714706942055673,0.021714706942055673,0.019707714422607468,0.01692993664482969,0.02783954661563523,0.022248289410620202
954,0.022666037759628856,0.021714706942055673,0.021714706942055673,0.0280410477559408,0.02526326997816302,0.02783954661563523,0.021429333972192464
971,0.022666037759628856,0.021714706942055673,0.021714706942055673,0.019707714422607468,0.019707714422607468,0.021036825527199855,0.021459665655097198
976,0.022666037759628856,0.021714706942055673,0.021714706942055673,0.0280410477559408,0.0280410477559408,0.02783954661563523,0.021505163179454292
991,0.022666037759628856,0.021714706942055673,0.021714706942055673,0.011374381089274133,0.02526326997816302,0.021036825527199855,0.023431225043904713
992,0.022666037759628856,0.021714706942055673,0.021714706942055673,0.011374381089274133,0.019707714422607468,0.01423410443876448,0.02253644039821515
994,0.022666037759628856,0.021714706942055673,0.021714706942055673,0.019707714422607468,0.01692993664482969,0.021036825527199855,0.02168715327688268
015,0.022615500804480406,0.02108299500270002,0.02108299500270002,0.0280410477559408,0.019707714422607468,0.02783954661563523,0.021869143374311065
016,0.022615500804480406,0.02108299500270002,0.02108299500270002,0.011374381089274133,0.019707714422607468,0.01423410443876448,0.022384781983691492
038,0.022615500804480406,0.02108299500270002,0.02108299500270002,0.011374381089274133,0.01692993664482969,0.01423410443876448,0.022308952776429667
048,0.022615500804480406,0.02108299500270002,0.02108299500270002,0.019707714422607468,0.019707714422607468,0.017635464982982168,0.021808480008501604
066,0.022615500804480406,0.02108299500270002,0.02108299500270002,0.0280410477559408,0.0280410477559408,0.017635464982982168,0.021535494862359023
070,0.022615500804480406,0.02108299500270002,0.02108299500270002,0.0530410477559408,0.0280410477559408,0.017635464982982168,0.02144449981364483
077,0.022615500804480406,0.02108299500270002,0.02108299500270002,0.061374381089274135,0.0280410477559408,0.031240907159852914,0.02155066070381139
078,0.022615500804480406,0.02108299500270002,0.02108299500270002,0.011374381089274133,0.011374381089274133,0.017635464982982168,0.02411368790926116
101,0.022615500804480406,0.02108299500270002,0.02108299500270002,0.011374381089274133,0.014152158867051911,0.017635464982982168,0.022885254751619555
103,0.022615500804480406,0.02108299500270002,0.02108299500270002,0.019707714422607468,0.02526326997816302,0.017635464982982168,0.021914640898668163
107,0.022615500804480406,0.02108299500270002,0.02108299500270002,0.0280410477559408,0.019707714422607468,0.017635464982982168,0.02159615822816849
120,0.022615500804480406,0.02108299500270002,0.02108299500270002,0.036374381089274134,0.03359660331149635,0.01423410443876448,0.021641655752525583
137,0.022615500804480406,0.02108299500270002,0.02108299500270002,0.0280410477559408,0.030818825533718577,0.01423410443876448,0.02147483149654956
141,0.022615500804480406,0.02108299500270002,0.02108299500270002,0.019707714422607468,0.019707714422607468,0.021036825527199855,0.022248289410620202
145,0.022615500804480406,0.02108299500270002,0.02108299500270002,0.011374381089274133,0.014152158867051911,0.021036825527199855,0.023522220092618906
148,0.022615500804480406,0.02108299500270002,0.02108299500270002,0.019707714422607468,0.03359660331149635,0.02783954661563523,0.02144449981364483
152,0.022615500804480406,0.02108299500270002,0.02108299500270002,0.036374381089274134,0.019707714422607468,0.017635464982982168,0.021535494862359023
187,0.022615500804480406,0.02108299500270002,0.02108299500270002,0.011374381089274133,0.014152158867051911,0.024438186071417543,0.022642601288381706
192,0.022615500804480406,0.02108299500270002,0.02108299500270002,0.011374381089274133,0.022485492200385242,0.02783954661563523,0.02276392802000063
203,0.022615500804480406,0.02108299500270002,0.02108299500270002,0.011374381089274133,0.019707714422607468,0.031240907159852914,0.02253644039821515
214,0.022615500804480406,0.02108299500270002,0.02108299500270002,0.019707714422607468,0.0280410477559408,0.01423410443876448,0.022248289410620202
223,0.022615500804480406,0.02108299500270002,0.02108299500270002,0.019707714422607468,0.02526326997816302,0.031240907159852914,0.02202080178883472
245,0.022615500804480406,0.02108299500270002,0.02108299500270002,0.019707714422607468,0.02526326997816302,0.02783954661563523,0.021505163179454292
262,0.022615500804480406,0.02108299500270002,0.02108299500270002,0.011374381089274133,0.01692993664482969,0.024438186071417543,0.02243027950804859
276,0.022615500804480406,0.02108299500270002,0.02108299500270002,0.019707714422607468,0.019707714422607468,0.02783954661563523,0.021869143374311065
281,0.022615500804480406,0.02108299500270002,0.02108299500270002,0.011374381089274133,0.02526326997816302,0.024438186071417543,0.022490942873858052
284,0.022615500804480406,0.02108299500270002,0.02108299500270002,0.0280410477559408,0.02526326997816302,0.017635464982982168,0.02144449981364483
285,0.022615500804480406,0.02108299500270002,0.02108299500270002,0.011374381089274133,0.014152158867051911,0.017635464982982168,0.02293075227597665
286,0.022615500804480406,0.02108299500270002,0.02108299500270002,0.0280410477559408,0.022485492200385242,0.01423410443876448,0.021929806740120527
320,0.022615500804480406,0.02108299500270002,0.02108299500270002,0.019707714422607468,0.019707714422607468,0.021036825527199855,0.021641655752525583
332,0.022615500804480406,0.02108299500270002,0.02108299500270002,0.019707714422607468,0.022485492200385242,0.031240907159852914,0.021914640898668163
337,0.022615500804480406,0.02108299500270002,0.02108299500270002,0.019707714422607468,0.019707714422607468,0.024438186071417543,0.02223312356916784
361,0.022615500804480406,0.02108299500270002,0.02108299500270002,0.036374381089274134,0.0280410477559408,0.01423410443876448,0.021671987435430314
364,0.022615500804480406,0.02108299500270002,0.02108299500270002,0.011374381089274133,0.02526326997816302,0.02783954661563523,0.022339284459334394
366,0.022615500804480406,0.02108299500270002,0.02108299500270002,0.011374381089274133,0.019707714422607468,0.02783954661563523,0.02243027950804859
404,0.022615500804480406,0.02108299500270002,0.02108299500270002,0.019707714422607468,0.019707714422607468,0.024438186071417543,0.021762982484144506
405,0.022615500804480406,0.02108299500270002,0.02108299500270002,0.019707714422607468,0.022485492200385242,0.024438186071417543,0.0218539775328587
410,0.022615500804480406,0.02108299500270002,0.02108299500270002,0.011374381089274133,0.022485492200385242,0.017635464982982168,0.02232411861788203
412,0.022615500804480406,0.02108299500270002,0.02108299500270002,0.0280410477559408,0.030818825533718577,0.031240907159852914,0.02211179683754891
414,0.022615500804480406,0.02108299500270002,0.02108299500270002,0.011374381089274133,0.019707714422607468,0.024438186071417543,0.022369616142239125
420,0.022615500804480406,0.02108299500270002,0.02108299500270002,0.0280410477559408,0.019707714422607468,0.01423410443876448,0.021505163179454292
421,0.022615500804480406,0.02108299500270002,0.02108299500270002,0.011374381089274133,0.019707714422607468,0.021036825527199855,0.02243027950804859
433,0.022615500804480406,0.02108299500270002,0.02108299500270002,0.019707714422607468,0.014152158867051911,0.017635464982982168,0.02182364584995397
464,0.022615500804480406,0.02108299500270002,0.02108299500270002,0.0280410477559408,0.022485492200385242,0.021036825527199855,0.021869143374311065
467,0.022615500804480406,0.02108299500270002,0.02108299500270002,0.019707714422607468,0.01692993664482969,0.02783954661563523,0.022005635947382356
476,0.022615500804480406,0.02108299500270002,0.02108299500270002,0.019707714422607468,0.019707714422607468,0.021036825527199855,0.02199047010592999
479,0.022615500804480406,0.02108299500270002,0.02108299500270002,0.019707714422607468,0.022485492200385242,0.024438186071417543,0.02196013842302526
483,0.022615500804480406,0.02108299500270002,0.02108299500270002,0.019707714422607468,0.022485492200385242,0.01423410443876448,0.021914640898668163
494,0.022615500804480406,0.02108299500270002,0.02108299500270002,0.0280410477559408,0.022485492200385242,0.017635464982982168,0.021732650801239775
496,0.022615500804480406,0.02108299500270002,0.02108299500270002,0.0280410477559408,0.01692993664482969,0.021036825527199855,0.021505163179454292
498,0.022615500804480406,0.02108299500270002,0.02108299500270002,0.019707714422607468,0.022485492200385242,0.021036825527199855,0.022035967630287086
500,0.022615500804480406,0.02108299500270002,0.02108299500270002,0.011374381089274133,0.01692993664482969,0.01423410443876448,0.022369616142239125
550,0.022615500804480406,0.02108299500270002,0.02108299500270002,0.036374381089274134,0.02526326997816302,0.024438186071417543,0.02147483149654956
554,0.022615500804480406,0.02108299500270002,0.02108299500270002,0.019707714422607468,0.0280410477559408,0.01423410443876448,0.021747816642692142
574,0.022615500804480406,0.02108299500270002,0.02108299500270002,0.019707714422607468,0.02526326997816302,0.010832743894546793,0.02223312356916784
575,0.022615500804480406,0.02108299500270002,0.02108299500270002,0.019707714422607468,0.014152158867051911,0.017635464982982168,0.02215729436190601
580,0.022615500804480406,0.02108299500270002,0.02108299500270002,0.019707714422607468,0.01692993664482969,0.021036825527199855,0.0218539775328587
581,0.022615500804480406,0.02108299500270002,0.02108299500270002,0.011374381089274133,0.01692993664482969,0.021036825527199855,0.022384781983691492
590,0.022615500804480406,0.02108299500270002,0.02108299500270002,0.036374381089274134,0.019707714422607468,0.010832743894546793,0.021429333972192464
591,0.022615500804480406,0.02108299500270002,0.02108299500270002,0.011374381089274133,0.019707714422607468,0.024438186071417543,0.023264400787928692
598,0.022615500804480406,0.02108299500270002,0.02108299500270002,0.011374381089274133,0.01692993664482969,0.031240907159852914,0.023234069105023965
604,0.022615500804480406,0.02108299500270002,0.02108299500270002,0.011374381089274133,0.01692993664482969,0.017635464982982168,0.02246061119095332
607,0.022615500804480406,0.02108299500270002,0.02108299500270002,0.019707714422607468,0.014152158867051911,0.021036825527199855,0.021671987435430314
611,0.022615500804480406,0.02108299500270002,0.02108299500270002,0.019707714422607468,0.0280410477559408,0.017635464982982168,0.021671987435430314
635,0.022615500804480406,0.02108299500270002,0.02108299500270002,0.0530410477559408,0.0280410477559408,0.017635464982982168,0.0214141681307401
648,0.022615500804480406,0.02108299500270002,0.02108299500270002,0.044707714422607465,0.0280410477559408,0.017635464982982168,0.02138383644783537
655,0.022615500804480406,0.02108299500270002,0.02108299500270002,0.019707714422607468,0.01692993664482969,0.024438186071417543,0.021671987435430314
660,0.022615500804480406,0.02108299500270002,0.02108299500270002,0.011374381089274133,0.0280410477559408,0.021036825527199855,0.02239994782514386
670,0.022615500804480406,0.02108299500270002,0.02108299500270002,0.0280410477559408,0.02526326997816302,0.017635464982982168,0.02158099238671612
677,0.022615500804480406,0.02108299500270002,0.02108299500270002,0.0280410477559408,0.022485492200385242,0.01423410443876448,0.021535494862359023
678,0.022615500804480406,0.02108299500270002,0.02108299500270002,0.011374381089274133,0.022485492200385242,0.021036825527199855,0.022475777032405685
699,0.022615500804480406,0.02108299500270002,0.02108299500270002,0.044707714422607465,0.030818825533718577,0.024438186071417543,0.021641655752525583
701,0.022615500804480406,0.02108299500270002,0.02108299500270002,0.011374381089274133,0.014152158867051911,0.017635464982982168,0.022551606239667513
723,0.022615500804480406,0.02108299500270002,0.02108299500270002,0.019707714422607468,0.01692993664482969,0.017635464982982168,0.022187626044810744
746,0.022615500804480406,0.02108299500270002,0.02108299500270002,0.0280410477559408,0.01692993664482969,0.024438186071417543,0.02168715327688268
757,0.022615500804480406,0.02108299500270002,0.02108299500270002,0.011374381089274133,0.01692993664482969,0.024438186071417543,0.022581937922572244
763,0.022615500804480406,0.02108299500270002,0.02108299500270002,0.011374381089274133,0.019707714422607468,0.02783954661563523,0.0222937869349773
790,0.022615500804480406,0.02108299500270002,0.02108299500270002,0.036374381089274134,0.022485492200385242,0.010832743894546793,0.021732650801239775
822,0.022615500804480406,0.02108299500270002,0.02108299500270002,0.011374381089274133,0.01692993664482969,0.02783954661563523,0.023264400787928692
831,0.022615500804480406,0.02108299500270002,0.02108299500270002,0.011374381089274133,0.0280410477559408,0.024438186071417543,0.022506108715310415
837,0.022615500804480406,0.02108299500270002,0.02108299500270002,0.011374381089274133,0.011374381089274133,0.021036825527199855,0.02411368790926116
842,0.022615500804480406,0.02108299500270002,0.02108299500270002,0.019707714422607468,0.022485492200385242,0.010832743894546793,0.02226345525207257
845,0.022615500804480406,0.02108299500270002,0.02108299500270002,0.011374381089274133,0.022485492200385242,0.021036825527199855,0.022475777032405685
849,0.022615500804480406,0.02108299500270002,0.02108299500270002,0.0280410477559408,0.019707714422607468,0.02783954661563523,0.021899475057215796
863,0.022615500804480406,0.02108299500270002,0.02108299500270002,0.036374381089274134,0.0280410477559408,0.021036825527199855,0.021505163179454292
865,0.022615500804480406,0.02108299500270002,0.02108299500270002,0.011374381089274133,0.019707714422607468,0.02783954661563523,0.022961083958881384
884,0.022615500804480406,0.02108299500270002,0.02108299500270002,0.036374381089274134,0.030818825533718577,0.010832743894546793,0.021399002289287733
901,0.022615500804480406,0.02108299500270002,0.02108299500270002,0.011374381089274133,0.022485492200385242,0.024438186071417543,0.02256677208111988
919,0.022615500804480406,0.02108299500270002,0.02108299500270002,0.0280410477559408,0.022485492200385242,0.021036825527199855,0.021975304264477625
922,0.022615500804480406,0.02108299500270002,0.02108299500270002,0.0280410477559408,0.01692993664482969,0.01423410443876448,0.021762982484144506
925,0.022615500804480406,0.02108299500270002,0.02108299500270002,0.011374381089274133,0.014152158867051911,0.024438186071417543,0.023962029494737504
940,0.022615500804480406,0.02108299500270002,0.02108299500270002,0.0280410477559408,0.019707714422607468,0.01423410443876448,0.02148999733800193
951,0.022615500804480406,0.02108299500270002,0.02108299500270002,0.011374381089274133,0.019707714422607468,0.01423410443876448,0.022506108715310415
973,0.022615500804480406,0.02108299500270002,0.02108299500270002,0.011374381089274133,0.02526326997816302,0.02783954661563523,0.022506108715310415
985,0.022615500804480406,0.02108299500270002,0.02108299500270002,0.019707714422607468,0.02526326997816302,0.031240907159852914,0.021793314167049237
995,0.022615500804480406,0.02108299500270002,0.02108299500270002,0.011374381089274133,0.014152158867051911,0.02783954661563523,0.02382553692166622
002,0.022564963849331952,0.020451283063344365,0.020451283063344365,0.019707714422607468,0.01692993664482969,0.021036825527199855,0.021429333972192464
007,0.022564963849331952,0.020451283063344365,0.020451283063344365,0.011374381089274133,0.019707714422607468,0.021036825527199855,0.023218903263571594
037,0.022564963849331952,0.020451283063344365,0.020451283063344365,0.019707714422607468,0.019707714422607468,0.01423410443876448,0.021520329020906656
058,0.022564963849331952,0.020451283063344365,0.020451283063344365,0.011374381089274133,0.0280410477559408,0.021036825527199855,0.02235445030078676
061,0.022564963849331952,0.020451283063344365,0.020451283063344365,0.019707714422607468,0.030818825533718577,0.02783954661563523,0.022005635947382356
062,0.022564963849331952,0.020451283063344365,0.020451283063344365,0.0280410477559408,0.022485492200385242,0.017635464982982168,0.021565826545263754
072,0.022564963849331952,0.020451283063344365,0.020451283063344365,0.0280410477559408,0.019707714422607468,0.02783954661563523,0.021778148325596873
094,0.022564963849331952,0.020451283063344365,0.020451283063344365,0.011374381089274133,0.01692993664482969,0.01423410443876448,0.022733596337095898
095,0.022564963849331952,0.020451283063344365,0.020451283063344365,0.0280410477559408,0.019707714422607468,0.01423410443876448,0.02159615822816849
118,0.022564963849331952,0.020451283063344365,0.020451283063344365,0.0280410477559408,0.022485492200385242,0.02783954661563523,0.02155066070381139
142,0.022564963849331952,0.020451283063344365,0.020451283063344365,0.019707714422607468,0.019707714422607468,0.031240907159852914,0.02199047010592999
181,0.022564963849331952,0.020451283063344365,0.020451283063344365,0.036374381089274134,0.022485492200385242,0.017635464982982168,0.0214141681307401
185,0.022564963849331952,0.020451283063344365,0.020451283063344365,0.019707714422607468,0.0280410477559408,0.024438186071417543,0.021535494862359023
193,0.022564963849331952,0.020451283063344365,0.020451283063344365,0.019707714422607468,0.02526326997816302,0.024438186071417543,0.021520329020906656
207,0.022564963849331952,0.020451283063344365,0.020451283063344365,0.0280410477559408,0.019707714422607468,0.010832743894546793,0.021459665655097198
209,0.022564963849331952,0.020451283063344365,0.020451283063344365,0.011374381089274133,0.019707714422607468,0.031240907159852914,0.023006581483238482
211,0.022564963849331952,0.020451283063344365,0.020451283063344365,0.0280410477559408,0.022485492200385242,0.02783954661563523,0.021535494862359023
218,0.022564963849331952,0.020451283063344365,0.020451283063344365,0.011374381089274133,0.019707714422607468,0.021036825527199855,0.022490942873858052
226,0.022564963849331952,0.020451283063344365,0.020451283063344365,0.019707714422607468,0.01692993664482969,0.021036825527199855,0.021671987435430314
230,0.022564963849331952,0.020451283063344365,0.020451283063344365,0.019707714422607468,0.022485492200385242,0.021036825527199855,0.02226345525207257
241,0.022564963849331952,0.020451283063344365,0.020451283063344365,0.0280410477559408,0.02526326997816302,0.021036825527199855,0.021611324069620852
282,0.022564963849331952,0.020451283063344365,0.020451283063344365,0.011374381089274133,0.01692993664482969,0.017635464982982168,0.022612269605476975
288,0.022564963849331952,0.020451283063344365,0.020451283063344365,0.011374381089274133,0.01692993664482969,0.01423410443876448,0.022627435446929342
295,0.022564963849331952,0.020451283063344365,0.020451283063344365,0.019707714422607468,0.022485492200385242,0.02783954661563523,0.02147483149654956
303,0.022564963849331952,0.020451283063344365,0.020451283063344365,0.011374381089274133,0.01692993664482969,0.01423410443876448,0.02299141564178611
386,0.022564963849331952,0.020451283063344365,0.020451283063344365,0.011374381089274133,0.011374381089274133,0.024438186071417543,0.02411368790926116
393,0.022564963849331952,0.020451283063344365,0.020451283063344365,0.011374381089274133,0.022485492200385242,0.021036825527199855,0.022885254751619555
401,0.022564963849331952,0.020451283063344365,0.020451283063344365,0.011374381089274133,0.02526326997816302,0.01423410443876448,0.022369616142239125
425,0.022564963849331952,0.020451283063344365,0.020451283063344365,0.011374381089274133,0.022485492200385242,0.01423410443876448,0.022369616142239125
448,0.022564963849331952,0.020451283063344365,0.020451283063344365,0.019707714422607468,0.019707714422607468,0.017635464982982168,0.022051133471739454
455,0.022564963849331952,0.020451283063344365,0.020451283063344365,0.019707714422607468,0.02526326997816302,0.021036825527199855,0.022035967630287086
457,0.022564963849331952,0.020451283063344365,0.020451283063344365,0.0280410477559408,0.022485492200385242,0.024438186071417543,0.02138383644783537
480,0.022564963849331952,0.020451283063344365,0.020451283063344365,0.011374381089274133,0.014152158867051911,0.010832743894546793,0.023006581483238482
487,0.022564963849331952,0.020451283063344365,0.020451283063344365,0.011374381089274133,0.019707714422607468,0.021036825527199855,0.023082410690500304
511,0.022564963849331952,0.020451283063344365,0.020451283063344365,0.0280410477559408,0.019707714422607468,0.01423410443876448,0.021520329020906656
514,0.022564963849331952,0.020451283063344365,0.020451283063344365,0.019707714422607468,0.0280410477559408,0.01423410443876448,0.02182364584995397
515,0.022564963849331952,0.020451283063344365,0.020451283063344365,0.0280410477559408,0.022485492200385242,0.024438186071417543,0.02168715327688268
524,0.022564963849331952,0.020451283063344365,0.020451283063344365,0.0280410477559408,0.019707714422607468,0.02783954661563523,0.02144449981364483
527,0.022564963849331952,0.020451283063344365,0.020451283063344365,0.0280410477559408,0.022485492200385242,0.031240907159852914,0.021399002289287733
531,0.022564963849331952,0.020451283063344365,0.020451283063344365,0.011374381089274133,0.02526326997816302,0.021036825527199855,0.02246061119095332
534,0.022564963849331952,0.020451283063344365,0.020451283063344365,0.011374381089274133,0.01692993664482969,0.024438186071417543,0.02394686365328514
535,0.022564963849331952,0.020451283063344365,0.020451283063344365,0.011374381089274133,0.014152158867051911,0.02783954661563523,0.02320373742211923
538,0.022564963849331952,0.020451283063344365,0.020451283063344365,0.011374381089274133,0.014152158867051911,0.021036825527199855,0.023977195336189874
541,0.022564963849331952,0.020451283063344365,0.020451283063344365,0.019707714422607468,0.014152158867051911,0.024438186071417543,0.021459665655097198
548,0.022564963849331952,0.020451283063344365,0.020451283063344365,0.019707714422607468,0.019707714422607468,0.01423410443876448,0.021459665655097198
593,0.022564963849331952,0.020451283063344365,0.020451283063344365,0.0280410477559408,0.02526326997816302,0.031240907159852914,0.021914640898668163
637,0.022564963849331952,0.020451283063344365,0.020451283063344365,0.019707714422607468,0.02526326997816302,0.024438186071417543,0.02171748495978741
650,0.022564963849331952,0.020451283063344365,0.020451283063344365,0.019707714422607468,0.019707714422607468,0.017635464982982168,0.02171748495978741
656,0.022564963849331952,0.020451283063344365,0.020451283063344365,0.019707714422607468,0.022485492200385242,0.024438186071417543,0.021626489911073216
719,0.022564963849331952,0.020451283063344365,0.020451283063344365,0.0280410477559408,0.019707714422607468,0.017635464982982168,0.02158099238671612
739,0.022564963849331952,0.020451283063344365,0.020451283063344365,0.036374381089274134,0.022485492200385242,0.01423410443876448,0.022066299313191817
743,0.022564963849331952,0.020451283063344365,0.020451283063344365,0.019707714422607468,0.019707714422607468,0.021036825527199855,0.021762982484144506
759,0.022564963849331952,0.020451283063344365,0.020451283063344365,0.019707714422607468,0.01692993664482969,0.024438186071417543,0.021762982484144506
767,0.022564963849331952,0.020451283063344365,0.020451283063344365,0.036374381089274134,0.03359660331149635,0.024438186071417543,0.021565826545263754
771,0.022564963849331952,0.020451283063344365,0.020451283063344365,0.011374381089274133,0.019707714422607468,0.017635464982982168,0.02246061119095332
825,0.022564963849331952,0.020451283063344365,0.020451283063344365,0.011374381089274133,0.01692993664482969,0.017635464982982168,0.022612269605476975
830,0.022564963849331952,0.020451283063344365,0.020451283063344365,0.0280410477559408,0.019707714422607468,0.024438186071417543,0.021459665655097198
838,0.022564963849331952,0.020451283063344365,0.020451283063344365,0.011374381089274133,0.022485492200385242,0.017635464982982168,0.022551606239667513
843,0.022564963849331952,0.020451283063344365,0.020451283063344365,0.0280410477559408,0.022485492200385242,0.02783954661563523,0.02168715327688268
846,0.022564963849331952,0.020451283063344365,0.020451283063344365,0.019707714422607468,0.019707714422607468,0.017635464982982168,0.02155066070381139
861,0.022564963849331952,0.020451283063344365,0.020451283063344365,0.011374381089274133,0.022485492200385242,0.021036825527199855,0.02267293297128644
899,0.022564963849331952,0.020451283063344365,0.020451283063344365,0.0280410477559408,0.01692993664482969,0.017635464982982168,0.0214141681307401
911,0.022564963849331952,0.020451283063344365,0.020451283063344365,0.0280410477559408,0.02526326997816302,0.017635464982982168,0.021778148325596873
912,0.022564963849331952,0.020451283063344365,0.020451283063344365,0.011374381089274133,0.01692993664482969,0.024438186071417543,0.023052079007595577
926,0.022564963849331952,0.020451283063344365,0.020451283063344365,0.019707714422607468,0.014152158867051911,0.021036825527199855,0.022202791886263108
999,0.022564963849331952,0.020451283063344365,0.020451283063344365,0.0280410477559408,0.022485492200385242,0.017635464982982168,0.021429333972192464
027,0.022514426894183502,0.019819571123988713,0.019819571123988713,0.0280410477559408,0.01692993664482969,0.024438186071417543,0.021838811691406335
060,0.022514426894183502,0.019819571123988713,0.019819571123988713,0.019707714422607468,0.01692993664482969,0.021036825527199855,0.021975304264477625
122,0.022514426894183502,0.019819571123988713,0.019819571123988713,0.011374381089274133,0.014152158867051911,0.017635464982982168,0.024098522067808794
167,0.022514426894183502,0.019819571123988713,0.019819571123988713,0.019707714422607468,0.022485492200385242,0.024438186071417543,0.021975304264477625
171,0.022514426894183502,0.019819571123988713,0.019819571123988713,0.019707714422607468,0.022485492200385242,0.02783954661563523,0.022248289410620202
182,0.022514426894183502,0.019819571123988713,0.019819571123988713,0.019707714422607468,0.014152158867051911,0.017635464982982168,0.022187626044810744
222,0.022514426894183502,0.019819571123988713,0.019819571123988713,0.011374381089274133,0.01692993664482969,0.017635464982982168,0.022475777032405685
247,0.022514426894183502,0.019819571123988713,0.019819571123988713,0.019707714422607468,0.019707714422607468,0.01423410443876448,0.02202080178883472
287,0.022514426894183502,0.019819571123988713,0.019819571123988713,0.036374381089274134,0.0280410477559408,0.024438186071417543,0.02147483149654956
324,0.022514426894183502,0.019819571123988713,0.019819571123988713,0.019707714422607468,0.019707714422607468,0.024438186071417543,0.022172460203358377
328,0.022514426894183502,0.019819571123988713,0.019819571123988713,0.011374381089274133,0.019707714422607468,0.02783954661563523,0.022445445349500954
345,0.022514426894183502,0.019819571123988713,0.019819571123988713,0.019707714422607468,0.022485492200385242,0.024438186071417543,0.021899475057215796
357,0.022514426894183502,0.019819571123988713,0.019819571123988713,0.019707714422607468,0.02526326997816302,0.024438186071417543,0.022172460203358377
378,0.022514426894183502,0.019819571123988713,0.019819571123988713,0.011374381089274133,0.019707714422607468,0.021036825527199855,0.02285492306871482
387,0.022514426894183502,0.019819571123988713,0.019819571123988713,0.011374381089274133,0.019707714422607468,0.031240907159852914,0.022597103764024608
408,0.022514426894183502,0.019819571123988713,0.019819571123988713,0.019707714422607468,0.019707714422607468,0.021036825527199855,0.02182364584995397
418,0.022514426894183502,0.019819571123988713,0.019819571123988713,0.019707714422607468,0.02526326997816302,0.01423410443876448,0.02199047010592999
440,0.022514426894183502,0.019819571123988713,0.019819571123988713,0.0280410477559408,0.02526326997816302,0.01423410443876448,0.021747816642692142
486,0.022514426894183502,0.019819571123988713,0.019819571123988713,0.019707714422607468,0.014152158867051911,0.024438186071417543,0.021899475057215796
497,0.022514426894183502,0.019819571123988713,0.019819571123988713,0.019707714422607468,0.019707714422607468,0.01423410443876448,0.02188430921576343
499,0.022514426894183502,0.019819571123988713,0.019819571123988713,0.011374381089274133,0.019707714422607468,0.02783954661563523,0.022597103764024608
505,0.022514426894183502,0.019819571123988713,0.019819571123988713,0.0280410477559408,0.019707714422607468,0.017635464982982168,0.022081465154644184
537,0.022514426894183502,0.019819571123988713,0.019819571123988713,0.011374381089274133,0.030818825533718577,0.021036825527199855,0.022384781983691492
544,0.022514426894183502,0.019819571123988713,0.019819571123988713,0.0280410477559408,0.019707714422607468,0.010832743894546793,0.021626489911073216
552,0.022514426894183502,0.019819571123988713,0.019819571123988713,0.011374381089274133,0.01692993664482969,0.017635464982982168,0.023840702763118584
570,0.022514426894183502,0.019819571123988713,0.019819571123988713,0.0280410477559408,0.022485492200385242,0.021036825527199855,0.02147483149654956
600,0.022514426894183502,0.019819571123988713,0.019819571123988713,0.011374381089274133,0.014152158867051911,0.01423410443876448,0.02408335622635643
613,0.022514426894183502,0.019819571123988713,0.019819571123988713,0.0280410477559408,0.030818825533718577,0.031240907159852914,0.022202791886263108
640,0.022514426894183502,0.019819571123988713,0.019819571123988713,0.011374381089274133,0.022485492200385242,0.02783954661563523,0.022369616142239125
706,0.022514426894183502,0.019819571123988713,0.019819571123988713,0.019707714422607468,0.019707714422607468,0.01423410443876448,0.021975304264477625
722,0.022514426894183502,0.019819571123988713,0.019819571123988713,0.011374381089274133,0.019707714422607468,0.024438186071417543,0.022612269605476975
750,0.022514426894183502,0.019819571123988713,0.019819571123988713,0.011374381089274133,0.014152158867051911,0.01423410443876448,0.023749707714404388
785,0.022514426894183502,0.019819571123988713,0.019819571123988713,0.019707714422607468,0.019707714422607468,0.021036825527199855,0.021611324069620852
806,0.022514426894183502,0.019819571123988713,0.019819571123988713,0.019707714422607468,0.01692993664482969,0.034642267704070605,0.02147483149654956
826,0.022514426894183502,0.019819571123988713,0.019819571123988713,0.019707714422607468,0.019707714422607468,0.01423410443876448,0.02221795772771547
834,0.022514426894183502,0.019819571123988713,0.019819571123988713,0.0280410477559408,0.022485492200385242,0.01423410443876448,0.021838811691406335
839,0.022514426894183502,0.019819571123988713,0.019819571123988713,0.019707714422607468,0.02526326997816302,0.02783954661563523,0.02147483149654956
881,0.022514426894183502,0.019819571123988713,0.019819571123988713,0.0280410477559408,0.019707714422607468,0.01423410443876448,0.02215729436190601
935,0.022514426894183502,0.019819571123988713,0.019819571123988713,0.019707714422607468,0.014152158867051911,0.021036825527199855,0.021793314167049237
033,0.02246388993903505,0.019187859184633057,0.019187859184633057,0.019707714422607468,0.022485492200385242,0.01423410443876448,0.02155066070381139
051,0.02246388993903505,0.019187859184633057,0.019187859184633057,0.011374381089274133,0.030818825533718577,0.017635464982982168,0.02306724484904794
055,0.02246388993903505,0.019187859184633057,0.019187859184633057,0.011374381089274133,0.02526326997816302,0.01423410443876448,0.022627435446929342
068,0.02246388993903505,0.019187859184633057,0.019187859184633057,0.011374381089274133,0.014152158867051911,0.010832743894546793,0.02290042059307192
069,0.02246388993903505,0.019187859184633057,0.019187859184633057,0.011374381089274133,0.019707714422607468,0.01423410443876448,0.02320373742211923
105,0.02246388993903505,0.019187859184633057,0.019187859184633057,0.019707714422607468,0.019707714422607468,0.021036825527199855,0.022142128520453646
144,0.02246388993903505,0.019187859184633057,0.019187859184633057,0.011374381089274133,0.014152158867051911,0.017635464982982168,0.02347672256826181
160,0.02246388993903505,0.019187859184633057,0.019187859184633057,0.036374381089274134,0.02526326997816302,0.017635464982982168,0.021808480008501604
220,0.02246388993903505,0.019187859184633057,0.019187859184633057,0.019707714422607468,0.01692993664482969,0.02783954661563523,0.021899475057215796
231,0.02246388993903505,0.019187859184633057,0.019187859184633057,0.011374381089274133,0.01692993664482969,0.021036825527199855,0.022870088910167192
234,0.02246388993903505,0.019187859184633057,0.019187859184633057,0.011374381089274133,0.01692993664482969,0.01423410443876448,0.023400893360999982
256,0.02246388993903505,0.019187859184633057,0.019187859184633057,0.019707714422607468,0.019707714422607468,0.017635464982982168,0.02182364584995397
298,0.02246388993903505,0.019187859184633057,0.019187859184633057,0.0280410477559408,0.022485492200385242,0.017635464982982168,0.0214141681307401
333,0.02246388993903505,0.019187859184633057,0.019187859184633057,0.011374381089274133,0.01692993664482969,0.017635464982982168,0.023097576531952674
338,0.02246388993903505,0.019187859184633057,0.019187859184633057,0.011374381089274133,0.01692993664482969,0.021036825527199855,0.02290042059307192
351,0.02246388993903505,0.019187859184633057,0.019187859184633057,0.0280410477559408,0.02526326997816302,0.02783954661563523,0.02138383644783537
415,0.02246388993903505,0.019187859184633057,0.019187859184633057,0.011374381089274133,0.01692993664482969,0.031240907159852914,0.023370561678095255
445,0.02246388993903505,0.019187859184633057,0.019187859184633057,0.011374381089274133,0.019707714422607468,0.024438186071417543,0.022642601288381706
469,0.02246388993903505,0.019187859184633057,0.019187859184633057,0.011374381089274133,0.01692993664482969,0.017635464982982168,0.02235445030078676
501,0.02246388993903505,0.019187859184633057,0.019187859184633057,0.019707714422607468,0.019707714422607468,0.017635464982982168,0.021505163179454292
513,0.02246388993903505,0.019187859184633057,0.019187859184633057,0.019707714422607468,0.022485492200385242,0.021036825527199855,0.02159615822816849
551,0.02246388993903505,0.019187859184633057,0.019187859184633057,0.0280410477559408,0.02526326997816302,0.01423410443876448,0.021702319118335044
680,0.02246388993903505,0.019187859184633057,0.019187859184633057,0.019707714422607468,0.019707714422607468,0.017635464982982168,0.021641655752525583
685,0.02246388993903505,0.019187859184633057,0.019187859184633057,0.011374381089274133,0.01692993664482969,0.017635464982982168,0.022339284459334394
693,0.02246388993903505,0.019187859184633057,0.019187859184633057,0.0280410477559408,0.02526326997816302,0.017635464982982168,0.021626489911073216
700,0.02246388993903505,0.019187859184633057,0.019187859184633057,0.011374381089274133,0.01692993664482969,0.010832743894546793,0.022415113666596223
733,0.02246388993903505,0.019187859184633057,0.019187859184633057,0.0280410477559408,0.0280410477559408,0.024438186071417543,0.02168715327688268
734,0.02246388993903505,0.019187859184633057,0.019187859184633057,0.036374381089274134,0.0280410477559408,0.024438186071417543,0.02148999733800193
789,0.02246388993903505,0.019187859184633057,0.019187859184633057,0.019707714422607468,0.014152158867051911,0.031240907159852914,0.02223312356916784
792,0.02246388993903505,0.019187859184633057,0.019187859184633057,0.0280410477559408,0.022485492200385242,0.024438186071417543,0.02168715327688268
805,0.02246388993903505,0.019187859184633057,0.019187859184633057,0.011374381089274133,0.011374381089274133,0.021036825527199855,0.02411368790926116
864,0.02246388993903505,0.019187859184633057,0.019187859184633057,0.0280410477559408,0.019707714422607468,0.01423410443876448,0.021429333972192464
868,0.02246388993903505,0.019187859184633057,0.019187859184633057,0.019707714422607468,0.014152158867051911,0.017635464982982168,0.022096630996096548
947,0.02246388993903505,0.019187859184633057,0.019187859184633057,0.011374381089274133,0.019707714422607468,0.017635464982982168,0.02246061119095332
961,0.02246388993903505,0.019187859184633057,0.019187859184633057,0.0280410477559408,0.022485492200385242,0.024438186071417543,0.021929806740120527
977,0.02246388993903505,0.019187859184633057,0.019187859184633057,0.0280410477559408,0.022485492200385242,0.01423410443876448,0.021459665655097198
004,0.022413352983886595,0.018556147245277405,0.018556147245277405,0.011374381089274133,0.014152158867051911,0.02783954661563523,0.022703264654191167
056,0.022413352983886595,0.018556147245277405,0.018556147245277405,0.011374381089274133,0.014152158867051911,0.017635464982982168,0.02235445030078676
082,0.022413352983886595,0.018556147245277405,0.018556147245277405,0.044707714422607465,0.0280410477559408,0.021036825527199855,0.0214141681307401
134,0.022413352983886595,0.018556147245277405,0.018556147245277405,0.0280410477559408,0.019707714422607468,0.017635464982982168,0.02144449981364483
146,0.022413352983886595,0.018556147245277405,0.018556147245277405,0.011374381089274133,0.01692993664482969,0.017635464982982168,0.022597103764024608
176,0.022413352983886595,0.018556147245277405,0.018556147245277405,0.011374381089274133,0.01692993664482969,0.010832743894546793,0.022915586434524286
184,0.022413352983886595,0.018556147245277405,0.018556147245277405,0.019707714422607468,0.014152158867051911,0.024438186071417543,0.02215729436190601
235,0.022413352983886595,0.018556147245277405,0.018556147245277405,0.019707714422607468,0.02526326997816302,0.017635464982982168,0.021808480008501604
238,0.022413352983886595,0.018556147245277405,0.018556147245277405,0.019707714422607468,0.019707714422607468,0.01423410443876448,0.021702319118335044
255,0.022413352983886595,0.018556147245277405,0.018556147245277405,0.011374381089274133,0.019707714422607468,0.010832743894546793,0.022475777032405685
293,0.022413352983886595,0.018556147245277405,0.018556147245277405,0.0280410477559408,0.02526326997816302,0.024438186071417543,0.021520329020906656
359,0.022413352983886595,0.018556147245277405,0.018556147245277405,0.011374381089274133,0.022485492200385242,0.024438186071417543,0.02253644039821515
367,0.022413352983886595,0.018556147245277405,0.018556147245277405,0.019707714422607468,0.019707714422607468,0.010832743894546793,0.021626489911073216
372,0.022413352983886595,0.018556147245277405,0.018556147245277405,0.019707714422607468,0.01692993664482969,0.021036825527199855,0.021535494862359023
377,0.022413352983886595,0.018556147245277405,0.018556147245277405,0.019707714422607468,0.01692993664482969,0.01423410443876448,0.021641655752525583
397,0.022413352983886595,0.018556147245277405,0.018556147245277405,0.011374381089274133,0.01692993664482969,0.017635464982982168,0.023507054251166542
459,0.022413352983886595,0.018556147245277405,0.018556147245277405,0.011374381089274133,0.011374381089274133,0.021036825527199855,0.02411368790926116
477,0.022413352983886595,0.018556147245277405,0.018556147245277405,0.019707714422607468,0.019707714422607468,0.01423410443876448,0.02223312356916784
502,0.022413352983886595,0.018556147245277405,0.018556147245277405,0.036374381089274134,0.022485492200385242,0.021036825527199855,0.022005635947382356
506,0.022413352983886595,0.018556147245277405,0.018556147245277405,0.011374381089274133,0.019707714422607468,0.021036825527199855,0.02306724484904794
512,0.022413352983886595,0.018556147245277405,0.018556147245277405,0.019707714422607468,0.01692993664482969,0.021036825527199855,0.021929806740120527
533,0.022413352983886595,0.018556147245277405,0.018556147245277405,0.0280410477559408,0.022485492200385242,0.01423410443876448,0.021747816642692142
584,0.022413352983886595,0.018556147245277405,0.018556147245277405,0.019707714422607468,0.01692993664482969,0.01423410443876448,0.022081465154644184
588,0.022413352983886595,0.018556147245277405,0.018556147245277405,0.0280410477559408,0.01692993664482969,0.017635464982982168,0.02221795772771547
626,0.022413352983886595,0.018556147245277405,0.018556147245277405,0.011374381089274133,0.014152158867051911,0.01423410443876448,0.022369616142239125
657,0.022413352983886595,0.018556147245277405,0.018556147245277405,0.019707714422607468,0.01692993664482969,0.01423410443876448,0.02202080178883472
713,0.022413352983886595,0.018556147245277405,0.018556147245277405,0.019707714422607468,0.022485492200385242,0.024438186071417543,0.022172460203358377
714,0.022413352983886595,0.018556147245277405,0.018556147245277405,0.011374381089274133,0.02526326997816302,0.017635464982982168,0.02306724484904794
717,0.022413352983886595,0.018556147245277405,0.018556147245277405,0.019707714422607468,0.0280410477559408,0.01423410443876448,0.02138383644783537
754,0.022413352983886595,0.018556147245277405,0.018556147245277405,0.019707714422607468,0.019707714422607468,0.024438186071417543,0.022187626044810744
773,0.022413352983886595,0.018556147245277405,0.018556147245277405,0.036374381089274134,0.030818825533718577,0.017635464982982168,0.021505163179454292
780,0.022413352983886595,0.018556147245277405,0.018556147245277405,0.011374381089274133,0.01692993664482969,0.02783954661563523,0.02253644039821515
797,0.022413352983886595,0.018556147245277405,0.018556147245277405,0.019707714422607468,0.019707714422607468,0.031240907159852914,0.021520329020906656
821,0.022413352983886595,0.018556147245277405,0.018556147245277405,0.019707714422607468,0.019707714422607468,0.010832743894546793,0.022081465154644184
886,0.022413352983886595,0.018556147245277405,0.018556147245277405,0.011374381089274133,0.01692993664482969,0.02783954661563523,0.023112742373405038
914,0.022413352983886595,0.018556147245277405,0.018556147245277405,0.019707714422607468,0.014152158867051911,0.024438186071417543,0.02171748495978741
952,0.022413352983886595,0.018556147245277405,0.018556147245277405,0.019707714422607468,0.022485492200385242,0.024438186071417543,0.022066299313191817
958,0.022413352983886595,0.018556147245277405,0.018556147245277405,0.011374381089274133,0.014152158867051911,0.010832743894546793,0.023689044348594923
967,0.022413352983886595,0.018556147245277405,0.018556147245277405,0.019707714422607468,0.022485492200385242,0.010832743894546793,0.021702319118335044
987,0.022413352983886595,0.018556147245277405,0.018556147245277405,0.011374381089274133,0.019707714422607468,0.017635464982982168,0.022415113666596223
008,0.022362816028738144,0.01792443530592175,0.01792443530592175,0.0280410477559408,0.022485492200385242,0.017635464982982168,0.021429333972192464
029,0.022362816028738144,0.01792443530592175,0.01792443530592175,0.019707714422607468,0.019707714422607468,0.024438186071417543,0.021399002289287733
041,0.022362816028738144,0.01792443530592175,0.01792443530592175,0.011374381089274133,0.014152158867051911,0.024438186071417543,0.023582883458428367
091,0.022362816028738144,0.01792443530592175,0.01792443530592175,0.019707714422607468,0.022485492200385242,0.021036825527199855,0.021671987435430314
204,0.022362816028738144,0.01792443530592175,0.01792443530592175,0.019707714422607468,0.022485492200385242,0.01423410443876448,0.021975304264477625
242,0.022362816028738144,0.01792443530592175,0.01792443530592175,0.019707714422607468,0.019707714422607468,0.010832743894546793,0.02171748495978741
269,0.022362816028738144,0.01792443530592175,0.01792443530592175,0.019707714422607468,0.01692993664482969,0.017635464982982168,0.021793314167049237
271,0.022362816028738144,0.01792443530592175,0.01792443530592175,0.019707714422607468,0.022485492200385242,0.01423410443876448,0.02226345525207257
323,0.022362816028738144,0.01792443530592175,0.01792443530592175,0.011374381089274133,0.019707714422607468,0.01423410443876448,0.022885254751619555
354,0.022362816028738144,0.01792443530592175,0.01792443530592175,0.0280410477559408,0.022485492200385242,0.021036825527199855,0.021732650801239775
373,0.022362816028738144,0.01792443530592175,0.01792443530592175,0.011374381089274133,0.022485492200385242,0.017635464982982168,0.022915586434524286
374,0.022362816028738144,0.01792443530592175,0.01792443530592175,0.011374381089274133,0.022485492200385242,0.017635464982982168,0.022945918117429014
406,0.022362816028738144,0.01792443530592175,0.01792443530592175,0.036374381089274134,0.02526326997816302,0.02783954661563523,0.02144449981364483
436,0.022362816028738144,0.01792443530592175,0.01792443530592175,0.019707714422607468,0.019707714422607468,0.024438186071417543,0.02223312356916784
443,0.022362816028738144,0.01792443530592175,0.01792443530592175,0.019707714422607468,0.01692993664482969,0.021036825527199855,0.02144449981364483
453,0.022362816028738144,0.01792443530592175,0.01792443530592175,0.0280410477559408,0.019707714422607468,0.01423410443876448,0.022172460203358377
470,0.022362816028738144,0.01792443530592175,0.01792443530592175,0.019707714422607468,0.02526326997816302,0.01423410443876448,0.0218539775328587
624,0.022362816028738144,0.01792443530592175,0.01792443530592175,0.019707714422607468,0.01692993664482969,0.02783954661563523,0.02144449981364483
664,0.022362816028738144,0.01792443530592175,0.01792443530592175,0.019707714422607468,0.01692993664482969,0.017635464982982168,0.022081465154644184
667,0.022362816028738144,0.01792443530592175,0.01792443530592175,0.011374381089274133,0.011374381089274133,0.017635464982982168,0.02411368790926116
784,0.022362816028738144,0.01792443530592175,0.01792443530592175,0.011374381089274133,0.02526326997816302,0.01423410443876448,0.022748762178548265
856,0.022362816028738144,0.01792443530592175,0.01792443530592175,0.011374381089274133,0.01692993664482969,0.021036825527199855,0.0222937869349773
006,0.02231227907358969,0.017292723366566096,0.017292723366566096,0.019707714422607468,0.019707714422607468,0.021036825527199855,0.02182364584995397
019,0.02231227907358969,0.017292723366566096,0.017292723366566096,0.011374381089274133,0.01692993664482969,0.034642267704070605,0.02232411861788203
085,0.02231227907358969,0.017292723366566096,0.017292723366566096,0.019707714422607468,0.01692993664482969,0.017635464982982168,0.021399002289287733
088,0.02231227907358969,0.017292723366566096,0.017292723366566096,0.019707714422607468,0.01692993664482969,0.010832743894546793,0.0218539775328587
227,0.02231227907358969,0.017292723366566096,0.017292723366566096,0.011374381089274133,0.01692993664482969,0.017635464982982168,0.02256677208111988
275,0.02231227907358969,0.017292723366566096,0.017292723366566096,0.019707714422607468,0.022485492200385242,0.017635464982982168,0.02202080178883472
304,0.02231227907358969,0.017292723366566096,0.017292723366566096,0.011374381089274133,0.01692993664482969,0.017635464982982168,0.023112742373405038
343,0.02231227907358969,0.017292723366566096,0.017292723366566096,0.019707714422607468,0.01692993664482969,0.024438186071417543,0.022172460203358377
411,0.02231227907358969,0.017292723366566096,0.017292723366566096,0.019707714422607468,0.02526326997816302,0.017635464982982168,0.022278621093524936
456,0.02231227907358969,0.017292723366566096,0.017292723366566096,0.019707714422607468,0.014152158867051911,0.017635464982982168,0.02199047010592999
474,0.02231227907358969,0.017292723366566096,0.017292723366566096,0.019707714422607468,0.014152158867051911,0.021036825527199855,0.02211179683754891
576,0.02231227907358969,0.017292723366566096,0.017292723366566096,0.011374381089274133,0.011374381089274133,0.017635464982982168,0.02411368790926116
596,0.02231227907358969,0.017292723366566096,0.017292723366566096,0.0280410477559408,0.019707714422607468,0.01423410443876448,0.02148999733800193
628,0.02231227907358969,0.017292723366566096,0.017292723366566096,0.011374381089274133,0.01692993664482969,0.017635464982982168,0.0222937869349773
629,0.02231227907358969,0.017292723366566096,0.017292723366566096,0.019707714422607468,0.014152158867051911,0.017635464982982168,0.0218539775328587
684,0.02231227907358969,0.017292723366566096,0.017292723366566096,0.011374381089274133,0.019707714422607468,0.024438186071417543,0.022839757227262458
808,0.02231227907358969,0.017292723366566096,0.017292723366566096,0.019707714422607468,0.019707714422607468,0.017635464982982168,0.02138383644783537
870,0.02231227907358969,0.017292723366566096,0.017292723366566096,0.019707714422607468,0.019707714422607468,0.021036825527199855,0.021459665655097198
924,0.02231227907358969,0.017292723366566096,0.017292723366566096,0.0280410477559408,0.02526326997816302,0.010832743894546793,0.021702319118335044
040,0.02226174211844124,0.016661011427210444,0.016661011427210444,0.019707714422607468,0.01692993664482969,0.017635464982982168,0.02171748495978741
042,0.02226174211844124,0.016661011427210444,0.016661011427210444,0.036374381089274134,0.02526326997816302,0.017635464982982168,0.02144449981364483
149,0.02226174211844124,0.016661011427210444,0.016661011427210444,0.011374381089274133,0.014152158867051911,0.024438186071417543,0.02256677208111988
253,0.02226174211844124,0.016661011427210444,0.016661011427210444,0.011374381089274133,0.01692993664482969,0.010832743894546793,0.022581937922572244
259,0.02226174211844124,0.016661011427210444,0.016661011427210444,0.011374381089274133,0.01692993664482969,0.017635464982982168,0.023006581483238482
451,0.02226174211844124,0.016661011427210444,0.016661011427210444,0.011374381089274133,0.014152158867051911,0.010832743894546793,0.0240075270190946
555,0.02226174211844124,0.016661011427210444,0.016661011427210444,0.011374381089274133,0.014152158867051911,0.01423410443876448,0.022627435446929342
730,0.02226174211844124,0.016661011427210444,0.016661011427210444,0.019707714422607468,0.022485492200385242,0.024438186071417543,0.021747816642692142
783,0.02226174211844124,0.016661011427210444,0.016661011427210444,0.011374381089274133,0.014152158867051911,0.024438186071417543,0.022551606239667513
795,0.02226174211844124,0.016661011427210444,0.016661011427210444,0.036374381089274134,0.022485492200385242,0.021036825527199855,0.021535494862359023
802,0.02226174211844124,0.016661011427210444,0.016661011427210444,0.011374381089274133,0.014152158867051911,0.021036825527199855,0.022475777032405685
807,0.02226174211844124,0.016661011427210444,0.016661011427210444,0.019707714422607468,0.01692993664482969,0.01423410443876448,0.021778148325596873
812,0.02226174211844124,0.016661011427210444,0.016661011427210444,0.036374381089274134,0.022485492200385242,0.01423410443876448,0.021399002289287733
828,0.02226174211844124,0.016661011427210444,0.016661011427210444,0.011374381089274133,0.022485492200385242,0.021036825527199855,0.023082410690500304
874,0.02226174211844124,0.016661011427210444,0.016661011427210444,0.0280410477559408,0.01692993664482969,0.024438186071417543,0.02158099238671612
893,0.02226174211844124,0.016661011427210444,0.016661011427210444,0.036374381089274134,0.019707714422607468,0.010832743894546793,0.02159615822816849
090,0.022211205163292787,0.016029299487854788,0.016029299487854788,0.019707714422607468,0.022485492200385242,0.017635464982982168,0.02211179683754891
178,0.022211205163292787,0.016029299487854788,0.016029299487854788,0.0280410477559408,0.01692993664482969,0.01423410443876448,0.02144449981364483
315,0.022211205163292787,0.016029299487854788,0.016029299487854788,0.011374381089274133,0.011374381089274133,0.017635464982982168,0.02411368790926116
400,0.022211205163292787,0.016029299487854788,0.016029299487854788,0.019707714422607468,0.01692993664482969,0.01423410443876448,0.021808480008501604
434,0.022211205163292787,0.016029299487854788,0.016029299487854788,0.036374381089274134,0.022485492200385242,0.01423410443876448,0.021838811691406335
658,0.022211205163292787,0.016029299487854788,0.016029299487854788,0.011374381089274133,0.01692993664482969,0.01423410443876448,0.02364354682423783
929,0.022211205163292787,0.016029299487854788,0.016029299487854788,0.019707714422607468,0.01692993664482969,0.01423410443876448,0.022081465154644184
968,0.022211205163292787,0.016029299487854788,0.016029299487854788,0.019707714422607468,0.019707714422607468,0.017635464982982168,0.022202791886263108
979,0.022211205163292787,0.016029299487854788,0.016029299487854788,0.011374381089274133,0.022485492200385242,0.01423410443876448,0.022415113666596223
017,0.022160668208144337,0.015397587548499136,0.015397587548499136,0.0280410477559408,0.022485492200385242,0.017635464982982168,0.02158099238671612
135,0.022160668208144337,0.015397587548499136,0.015397587548499136,0.011374381089274133,0.014152158867051911,0.021036825527199855,0.022581937922572244
026,0.022110131252995883,0.014765875609143482,0.014765875609143482,0.011374381089274133,0.011374381089274133,0.01423410443876448,0.02411368790926116
747,0.022110131252995883,0.014765875609143482,0.014765875609143482,0.011374381089274133,0.014152158867051911,0.017635464982982168,0.02338572751954762
