number,probability,raw_model_probability,long_rate,short_rate,recent_long_rate,weekday_rate,gap_signal
662,0.023676776862597903,0.03434894572916875,0.03434894572916875,0.0280410477559408,0.0280410477559408,0.034642267704070605,0.021929806740120527
053,0.023575702952301,0.03308552185045744,0.03308552185045744,0.036374381089274134,0.02526326997816302,0.04144498879250598,0.021429333972192464
572,0.023575702952301,0.03308552185045744,0.03308552185045744,0.0280410477559408,0.030818825533718577,0.04824770988094135,0.021399002289287733
432,0.023474629042004095,0.031822097971746136,0.031822097971746136,0.0280410477559408,0.03359660331149635,0.02783954661563523,0.021626489911073216
526,0.023474629042004095,0.031822097971746136,0.031822097971746136,0.036374381089274134,0.030818825533718577,0.031240907159852914,0.0218539775328587
592,0.023474629042004095,0.031822097971746136,0.031822097971746136,0.036374381089274134,0.030818825533718577,0.03804362824828829,0.021732650801239775
697,0.023474629042004095,0.031822097971746136,0.031822097971746136,0.036374381089274134,0.03359660331149635,0.034642267704070605,0.021399002289287733
114,0.02342409208685564,0.03119038603239048,0.03119038603239048,0.0280410477559408,0.04192993664482969,0.02783954661563523,0.021399002289287733
186,0.02342409208685564,0.03119038603239048,0.03119038603239048,0.019707714422607468,0.030818825533718577,0.031240907159852914,0.021505163179454292
294,0.02342409208685564,0.03119038603239048,0.03119038603239048,0.0280410477559408,0.03359660331149635,0.031240907159852914,0.021459665655097198
369,0.02342409208685564,0.03119038603239048,0.03119038603239048,0.019707714422607468,0.02526326997816302,0.02783954661563523,0.02212696267900128
080,0.02337355513170719,0.030558674093034827,0.030558674093034827,0.0530410477559408,0.04192993664482969,0.021036825527199855,0.021929806740120527
370,0.02337355513170719,0.030558674093034827,0.030558674093034827,0.0280410477559408,0.0280410477559408,0.024438186071417543,0.021459665655097198
599,0.02337355513170719,0.030558674093034827,0.030558674093034827,0.036374381089274134,0.0280410477559408,0.024438186071417543,0.021702319118335044
645,0.02337355513170719,0.030558674093034827,0.030558674093034827,0.0280410477559408,0.030818825533718577,0.024438186071417543,0.022005635947382356
867,0.02337355513170719,0.030558674093034827,0.030558674093034827,0.019707714422607468,0.02526326997816302,0.031240907159852914,0.021869143374311065
875,0.02337355513170719,0.030558674093034827,0.030558674093034827,0.044707714422607465,0.03359660331149635,0.03804362824828829,0.021399002289287733
119,0.023323018176558737,0.02992696215367917,0.02992696215367917,0.019707714422607468,0.02526326997816302,0.02783954661563523,0.021762982484144506
179,0.023323018176558737,0.02992696215367917,0.02992696215367917,0.019707714422607468,0.0280410477559408,0.03804362824828829,0.0218539775328587
213,0.023323018176558737,0.02992696215367917,0.02992696215367917,0.019707714422607468,0.022485492200385242,0.021036825527199855,0.022081465154644184
243,0.023323018176558737,0.02992696215367917,0.02992696215367917,0.0280410477559408,0.0280410477559408,0.021036825527199855,0.021429333972192464
612,0.023323018176558737,0.02992696215367917,0.02992696215367917,0.036374381089274134,0.03359660331149635,0.03804362824828829,0.02138383644783537
653,0.023323018176558737,0.02992696215367917,0.02992696215367917,0.011374381089274133,0.0280410477559408,0.034642267704070605,0.022642601288381706
878,0.023323018176558737,0.02992696215367917,0.02992696215367917,0.019707714422607468,0.019707714422607468,0.031240907159852914,0.021944972581572894
964,0.023323018176558737,0.02992696215367917,0.02992696215367917,0.036374381089274134,0.030818825533718577,0.024438186071417543,0.021899475057215796
983,0.023323018176558737,0.02992696215367917,0.02992696215367917,0.019707714422607468,0.030818825533718577,0.03804362824828829,0.02215729436190601
052,0.023272481221410287,0.02929525021432352,0.02929525021432352,0.0280410477559408,0.0280410477559408,0.031240907159852914,0.021520329020906656
079,0.023272481221410287,0.02929525021432352,0.02929525021432352,0.011374381089274133,0.01692993664482969,0.031240907159852914,0.022415113666596223
151,0.023272481221410287,0.02929525021432352,0.02929525021432352,0.036374381089274134,0.02526326997816302,0.017635464982982168,0.021399002289287733
473,0.023272481221410287,0.02929525021432352,0.02929525021432352,0.0280410477559408,0.03359660331149635,0.034642267704070605,0.021535494862359023
484,0.023272481221410287,0.02929525021432352,0.02929525021432352,0.011374381089274133,0.019707714422607468,0.024438186071417543,0.02243027950804859
492,0.023272481221410287,0.02929525021432352,0.02929525021432352,0.044707714422607465,0.03359660331149635,0.021036825527199855,0.02138383644783537
676,0.023272481221410287,0.02929525021432352,0.02929525021432352,0.036374381089274134,0.03359660331149635,0.02783954661563523,0.021975304264477625
691,0.023272481221410287,0.02929525021432352,0.02929525021432352,0.0280410477559408,0.03359660331149635,0.024438186071417543,0.02147483149654956
811,0.023272481221410287,0.02929525021432352,0.02929525021432352,0.0280410477559408,0.0280410477559408,0.02783954661563523,0.02196013842302526
848,0.023272481221410287,0.02929525021432352,0.02929525021432352,0.036374381089274134,0.0280410477559408,0.024438186071417543,0.021641655752525583
000,0.023221944266261833,0.028663538274967867,0.028663538274967867,0.019707714422607468,0.03359660331149635,0.01423410443876448,0.021520329020906656
013,0.023221944266261833,0.028663538274967867,0.028663538274967867,0.0280410477559408,0.030818825533718577,0.024438186071417543,0.021702319118335044
057,0.023221944266261833,0.028663538274967867,0.028663538274967867,0.0280410477559408,0.030818825533718577,0.03804362824828829,0.021656821593977946
073,0.023221944266261833,0.028663538274967867,0.028663538274967867,0.0280410477559408,0.0280410477559408,0.031240907159852914,0.022051133471739454
267,0.023221944266261833,0.028663538274967867,0.028663538274967867,0.011374381089274133,0.022485492200385242,0.031240907159852914,0.023158239897762136
326,0.023221944266261833,0.028663538274967867,0.028663538274967867,0.044707714422607465,0.0280410477559408,0.03804362824828829,0.02168715327688268
522,0.023221944266261833,0.028663538274967867,0.028663538274967867,0.036374381089274134,0.0280410477559408,0.02783954661563523,0.021732650801239775
619,0.023221944266261833,0.028663538274967867,0.028663538274967867,0.019707714422607468,0.030818825533718577,0.021036825527199855,0.021565826545263754
661,0.023221944266261833,0.028663538274967867,0.028663538274967867,0.0280410477559408,0.02526326997816302,0.02783954661563523,0.021975304264477625
774,0.023221944266261833,0.028663538274967867,0.028663538274967867,0.019707714422607468,0.03359660331149635,0.02783954661563523,0.021641655752525583
906,0.023221944266261833,0.028663538274967867,0.028663538274967867,0.036374381089274134,0.036374381089274134,0.021036825527199855,0.021459665655097198
957,0.023221944266261833,0.028663538274967867,0.028663538274967867,0.044707714422607465,0.036374381089274134,0.031240907159852914,0.02168715327688268
981,0.023221944266261833,0.028663538274967867,0.028663538274967867,0.044707714422607465,0.030818825533718577,0.031240907159852914,0.021793314167049237
194,0.02317140731111338,0.02803182633561221,0.02803182633561221,0.019707714422607468,0.022485492200385242,0.021036825527199855,0.02223312356916784
356,0.02317140731111338,0.02803182633561221,0.02803182633561221,0.019707714422607468,0.022485492200385242,0.02783954661563523,0.02199047010592999
409,0.02317140731111338,0.02803182633561221,0.02803182633561221,0.036374381089274134,0.03359660331149635,0.02783954661563523,0.02168715327688268
422,0.02317140731111338,0.02803182633561221,0.02803182633561221,0.019707714422607468,0.014152158867051911,0.01423410443876448,0.021914640898668163
532,0.02317140731111338,0.02803182633561221,0.02803182633561221,0.019707714422607468,0.030818825533718577,0.044846349336723663,0.02211179683754891
547,0.02317140731111338,0.02803182633561221,0.02803182633561221,0.036374381089274134,0.03359660331149635,0.021036825527199855,0.021732650801239775
620,0.02317140731111338,0.02803182633561221,0.02803182633561221,0.0280410477559408,0.019707714422607468,0.017635464982982168,0.021535494862359023
724,0.02317140731111338,0.02803182633561221,0.02803182633561221,0.019707714422607468,0.030818825533718577,0.017635464982982168,0.022187626044810744
749,0.02317140731111338,0.02803182633561221,0.02803182633561221,0.0280410477559408,0.022485492200385242,0.02783954661563523,0.02199047010592999
836,0.02317140731111338,0.02803182633561221,0.02803182633561221,0.019707714422607468,0.030818825533718577,0.024438186071417543,0.022248289410620202
854,0.02317140731111338,0.02803182633561221,0.02803182633561221,0.011374381089274133,0.022485492200385242,0.024438186071417543,0.022415113666596223
975,0.02317140731111338,0.02803182633561221,0.02803182633561221,0.0280410477559408,0.02526326997816302,0.04144498879250598,0.02138383644783537
978,0.02317140731111338,0.02803182633561221,0.02803182633561221,0.011374381089274133,0.022485492200385242,0.010832743894546793,0.022506108715310415
059,0.02312087035596493,0.02740011439625656,0.02740011439625656,0.0280410477559408,0.0280410477559408,0.017635464982982168,0.02199047010592999
081,0.02312087035596493,0.02740011439625656,0.02740011439625656,0.0280410477559408,0.030818825533718577,0.034642267704070605,0.022035967630287086
092,0.02312087035596493,0.02740011439625656,0.02740011439625656,0.011374381089274133,0.0280410477559408,0.03804362824828829,0.023006581483238482
102,0.02312087035596493,0.02740011439625656,0.02740011439625656,0.019707714422607468,0.02526326997816302,0.021036825527199855,0.021459665655097198
115,0.02312087035596493,0.02740011439625656,0.02740011439625656,0.0280410477559408,0.030818825533718577,0.02783954661563523,0.021520329020906656
124,0.02312087035596493,0.02740011439625656,0.02740011439625656,0.019707714422607468,0.01692993664482969,0.024438186071417543,0.021656821593977946
132,0.02312087035596493,0.02740011439625656,0.02740011439625656,0.0530410477559408,0.03359660331149635,0.017635464982982168,0.02155066070381139
206,0.02312087035596493,0.02740011439625656,0.02740011439625656,0.0280410477559408,0.02526326997816302,0.034642267704070605,0.021459665655097198
244,0.02312087035596493,0.02740011439625656,0.02740011439625656,0.019707714422607468,0.022485492200385242,0.017635464982982168,0.021641655752525583
344,0.02312087035596493,0.02740011439625656,0.02740011439625656,0.044707714422607465,0.02526326997816302,0.034642267704070605,0.021520329020906656
358,0.02312087035596493,0.02740011439625656,0.02740011439625656,0.019707714422607468,0.019707714422607468,0.021036825527199855,0.022066299313191817
362,0.02312087035596493,0.02740011439625656,0.02740011439625656,0.011374381089274133,0.01692993664482969,0.024438186071417543,0.022733596337095898
363,0.02312087035596493,0.02740011439625656,0.02740011439625656,0.019707714422607468,0.022485492200385242,0.02783954661563523,0.022187626044810744
395,0.02312087035596493,0.02740011439625656,0.02740011439625656,0.0280410477559408,0.0280410477559408,0.024438186071417543,0.02147483149654956
419,0.02312087035596493,0.02740011439625656,0.02740011439625656,0.019707714422607468,0.01692993664482969,0.02783954661563523,0.021565826545263754
475,0.02312087035596493,0.02740011439625656,0.02740011439625656,0.011374381089274133,0.01692993664482969,0.024438186071417543,0.022718430495643534
491,0.02312087035596493,0.02740011439625656,0.02740011439625656,0.011374381089274133,0.02526326997816302,0.017635464982982168,0.022945918117429014
525,0.02312087035596493,0.02740011439625656,0.02740011439625656,0.019707714422607468,0.022485492200385242,0.024438186071417543,0.02221795772771547
606,0.02312087035596493,0.02740011439625656,0.02740011439625656,0.0280410477559408,0.03915215886705191,0.02783954661563523,0.02158099238671612
633,0.02312087035596493,0.02740011439625656,0.02740011439625656,0.044707714422607465,0.0280410477559408,0.034642267704070605,0.02155066070381139
647,0.02312087035596493,0.02740011439625656,0.02740011439625656,0.036374381089274134,0.02526326997816302,0.02783954661563523,0.0214141681307401
871,0.02312087035596493,0.02740011439625656,0.02740011439625656,0.019707714422607468,0.019707714422607468,0.024438186071417543,0.021838811691406335
889,0.02312087035596493,0.02740011439625656,0.02740011439625656,0.036374381089274134,0.030818825533718577,0.02783954661563523,0.0214141681307401
932,0.02312087035596493,0.02740011439625656,0.02740011439625656,0.019707714422607468,0.022485492200385242,0.021036825527199855,0.02202080178883472
032,0.023070333400816476,0.026768402456900903,0.026768402456900903,0.019707714422607468,0.022485492200385242,0.031240907159852914,0.021671987435430314
035,0.023070333400816476,0.026768402456900903,0.026768402456900903,0.0280410477559408,0.0280410477559408,0.024438186071417543,0.02182364584995397
063,0.023070333400816476,0.026768402456900903,0.026768402456900903,0.036374381089274134,0.03359660331149635,0.04144498879250598,0.02144449981364483
112,0.023070333400816476,0.026768402456900903,0.026768402456900903,0.019707714422607468,0.01692993664482969,0.031240907159852914,0.021929806740120527
127,0.023070333400816476,0.026768402456900903,0.026768402456900903,0.019707714422607468,0.019707714422607468,0.034642267704070605,0.022187626044810744
138,0.023070333400816476,0.026768402456900903,0.026768402456900903,0.019707714422607468,0.022485492200385242,0.034642267704070605,0.02199047010592999
169,0.023070333400816476,0.026768402456900903,0.026768402456900903,0.044707714422607465,0.03359660331149635,0.021036825527199855,0.021505163179454292
221,0.023070333400816476,0.026768402456900903,0.026768402456900903,0.019707714422607468,0.022485492200385242,0.02783954661563523,0.022278621093524936
224,0.023070333400816476,0.026768402456900903,0.026768402456900903,0.019707714422607468,0.02526326997816302,0.021036825527199855,0.022005635947382356
254,0.023070333400816476,0.026768402456900903,0.026768402456900903,0.019707714422607468,0.0280410477559408,0.02783954661563523,0.021626489911073216
296,0.023070333400816476,0.026768402456900903,0.026768402456900903,0.011374381089274133,0.022485492200385242,0.034642267704070605,0.022506108715310415
336,0.023070333400816476,0.026768402456900903,0.026768402456900903,0.019707714422607468,0.019707714422607468,0.024438186071417543,0.02188430921576343
341,0.023070333400816476,0.026768402456900903,0.026768402456900903,0.019707714422607468,0.02526326997816302,0.031240907159852914,0.02155066070381139
394,0.023070333400816476,0.026768402456900903,0.026768402456900903,0.036374381089274134,0.030818825533718577,0.034642267704070605,0.021869143374311065
481,0.023070333400816476,0.026768402456900903,0.026768402456900903,0.0280410477559408,0.0280410477559408,0.031240907159852914,0.021565826545263754
509,0.023070333400816476,0.026768402456900903,0.026768402456900903,0.044707714422607465,0.03359660331149635,0.017635464982982168,0.021429333972192464
523,0.023070333400816476,0.026768402456900903,0.026768402456900903,0.019707714422607468,0.02526326997816302,0.031240907159852914,0.02211179683754891
549,0.023070333400816476,0.026768402456900903,0.026768402456900903,0.011374381089274133,0.01692993664482969,0.024438186071417543,0.02267293297128644
556,0.023070333400816476,0.026768402456900903,0.026768402456900903,0.011374381089274133,0.03359660331149635,0.03804362824828829,0.0222937869349773
561,0.023070333400816476,0.026768402456900903,0.026768402456900903,0.0280410477559408,0.0280410477559408,0.017635464982982168,0.02155066070381139
573,0.023070333400816476,0.026768402456900903,0.026768402456900903,0.019707714422607468,0.01692993664482969,0.02783954661563523,0.0218539775328587
634,0.023070333400816476,0.026768402456900903,0.026768402456900903,0.044707714422607465,0.0280410477559408,0.017635464982982168,0.021641655752525583
715,0.023070333400816476,0.026768402456900903,0.026768402456900903,0.0280410477559408,0.030818825533718577,0.021036825527199855,0.02182364584995397
742,0.023070333400816476,0.026768402456900903,0.026768402456900903,0.0280410477559408,0.02526326997816302,0.024438186071417543,0.021762982484144506
745,0.023070333400816476,0.026768402456900903,0.026768402456900903,0.036374381089274134,0.022485492200385242,0.031240907159852914,0.02138383644783537
813,0.023070333400816476,0.026768402456900903,0.026768402456900903,0.019707714422607468,0.019707714422607468,0.031240907159852914,0.02212696267900128
847,0.023070333400816476,0.026768402456900903,0.026768402456900903,0.0280410477559408,0.022485492200385242,0.01423410443876448,0.021565826545263754
879,0.023070333400816476,0.026768402456900903,0.026768402456900903,0.0280410477559408,0.0280410477559408,0.02783954661563523,0.021656821593977946
898,0.023070333400816476,0.026768402456900903,0.026768402456900903,0.011374381089274133,0.019707714422607468,0.017635464982982168,0.023582883458428367
902,0.023070333400816476,0.026768402456900903,0.026768402456900903,0.019707714422607468,0.019707714422607468,0.034642267704070605,0.021505163179454292
021,0.023019796445668025,0.02613669051754525,0.02613669051754525,0.036374381089274134,0.0280410477559408,0.017635464982982168,0.021762982484144506
031,0.023019796445668025,0.02613669051754525,0.02613669051754525,0.036374381089274134,0.0280410477559408,0.02783954661563523,0.021778148325596873
111,0.023019796445668025,0.02613669051754525,0.02613669051754525,0.019707714422607468,0.022485492200385242,0.031240907159852914,0.02221795772771547
131,0.023019796445668025,0.02613669051754525,0.02613669051754525,0.0280410477559408,0.0280410477559408,0.034642267704070605,0.021838811691406335
147,0.023019796445668025,0.02613669051754525,0.02613669051754525,0.019707714422607468,0.022485492200385242,0.03804362824828829,0.021778148325596873
158,0.023019796445668025,0.02613669051754525,0.02613669051754525,0.011374381089274133,0.01692993664482969,0.03804362824828829,0.022490942873858052
166,0.023019796445668025,0.02613669051754525,0.02613669051754525,0.019707714422607468,0.022485492200385242,0.031240907159852914,0.0214141681307401
189,0.023019796445668025,0.02613669051754525,0.02613669051754525,0.036374381089274134,0.030818825533718577,0.021036825527199855,0.02182364584995397
191,0.023019796445668025,0.02613669051754525,0.02613669051754525,0.019707714422607468,0.0280410477559408,0.02783954661563523,0.022248289410620202
208,0.023019796445668025,0.02613669051754525,0.02613669051754525,0.0280410477559408,0.0280410477559408,0.024438186071417543,0.02147483149654956
239,0.023019796445668025,0.02613669051754525,0.02613669051754525,0.0280410477559408,0.02526326997816302,0.017635464982982168,0.02171748495978741
250,0.023019796445668025,0.02613669051754525,0.02613669051754525,0.0280410477559408,0.03915215886705191,0.021036825527199855,0.02199047010592999
274,0.023019796445668025,0.02613669051754525,0.02613669051754525,0.011374381089274133,0.014152158867051911,0.021036825527199855,0.02256677208111988
292,0.023019796445668025,0.02613669051754525,0.02613669051754525,0.011374381089274133,0.022485492200385242,0.021036825527199855,0.022657767129834073
313,0.023019796445668025,0.02613669051754525,0.02613669051754525,0.036374381089274134,0.03359660331149635,0.01423410443876448,0.021732650801239775
349,0.023019796445668025,0.02613669051754525,0.02613669051754525,0.036374381089274134,0.02526326997816302,0.02783954661563523,0.02147483149654956
389,0.023019796445668025,0.02613669051754525,0.02613669051754525,0.0280410477559408,0.02526326997816302,0.017635464982982168,0.021399002289287733
390,0.023019796445668025,0.02613669051754525,0.02613669051754525,0.0280410477559408,0.019707714422607468,0.03804362824828829,0.02147483149654956
391,0.023019796445668025,0.02613669051754525,0.02613669051754525,0.019707714422607468,0.0280410477559408,0.024438186071417543,0.02211179683754891
396,0.023019796445668025,0.02613669051754525,0.02613669051754525,0.011374381089274133,0.01692993664482969,0.021036825527199855,0.02285492306871482
485,0.023019796445668025,0.02613669051754525,0.02613669051754525,0.036374381089274134,0.03359660331149635,0.02783954661563523,0.02148999733800193
543,0.023019796445668025,0.02613669051754525,0.02613669051754525,0.011374381089274133,0.01692993664482969,0.017635464982982168,0.022915586434524286
568,0.023019796445668025,0.02613669051754525,0.02613669051754525,0.0280410477559408,0.030818825533718577,0.02783954661563523,0.02144449981364483
586,0.023019796445668025,0.02613669051754525,0.02613669051754525,0.019707714422607468,0.02526326997816302,0.02783954661563523,0.021399002289287733
609,0.023019796445668025,0.02613669051754525,0.02613669051754525,0.019707714422607468,0.022485492200385242,0.02783954661563523,0.021459665655097198
625,0.023019796445668025,0.02613669051754525,0.02613669051754525,0.011374381089274133,0.019707714422607468,0.02783954661563523,0.022885254751619555
665,0.023019796445668025,0.02613669051754525,0.02613669051754525,0.019707714422607468,0.02526326997816302,0.017635464982982168,0.02202080178883472
666,0.023019796445668025,0.02613669051754525,0.02613669051754525,0.019707714422607468,0.030818825533718577,0.021036825527199855,0.021641655752525583
669,0.023019796445668025,0.02613669051754525,0.02613669051754525,0.019707714422607468,0.02526326997816302,0.024438186071417543,0.021944972581572894
720,0.023019796445668025,0.02613669051754525,0.02613669051754525,0.036374381089274134,0.03359660331149635,0.024438186071417543,0.022202791886263108
729,0.023019796445668025,0.02613669051754525,0.02613669051754525,0.0280410477559408,0.0280410477559408,0.034642267704070605,0.021944972581572894
752,0.023019796445668025,0.02613669051754525,0.02613669051754525,0.036374381089274134,0.03359660331149635,0.02783954661563523,0.0214141681307401
761,0.023019796445668025,0.02613669051754525,0.02613669051754525,0.0280410477559408,0.019707714422607468,0.024438186071417543,0.022096630996096548
799,0.023019796445668025,0.02613669051754525,0.02613669051754525,0.0280410477559408,0.02526326997816302,0.031240907159852914,0.021459665655097198
814,0.023019796445668025,0.02613669051754525,0.02613669051754525,0.019707714422607468,0.019707714422607468,0.02783954661563523,0.021505163179454292
829,0.023019796445668025,0.02613669051754525,0.02613669051754525,0.011374381089274133,0.014152158867051911,0.017635464982982168,0.02334022999519052
851,0.023019796445668025,0.02613669051754525,0.02613669051754525,0.036374381089274134,0.036374381089274134,0.017635464982982168,0.021762982484144506
903,0.023019796445668025,0.02613669051754525,0.02613669051754525,0.044707714422607465,0.0280410477559408,0.017635464982982168,0.02159615822816849
910,0.023019796445668025,0.02613669051754525,0.02613669051754525,0.019707714422607468,0.019707714422607468,0.024438186071417543,0.021808480008501604
916,0.023019796445668025,0.02613669051754525,0.02613669051754525,0.011374381089274133,0.019707714422607468,0.031240907159852914,0.022490942873858052
937,0.023019796445668025,0.02613669051754525,0.02613669051754525,0.019707714422607468,0.01692993664482969,0.021036825527199855,0.0218539775328587
959,0.023019796445668025,0.02613669051754525,0.02613669051754525,0.044707714422607465,0.036374381089274134,0.031240907159852914,0.02138383644783537
960,0.023019796445668025,0.02613669051754525,0.02613669051754525,0.0280410477559408,0.022485492200385242,0.034642267704070605,0.02168715327688268
990,0.023019796445668025,0.02613669051754525,0.02613669051754525,0.019707714422607468,0.01692993664482969,0.021036825527199855,0.021838811691406335
003,0.02296925949051957,0.025504978578189598,0.025504978578189598,0.0280410477559408,0.022485492200385242,0.031240907159852914,0.021899475057215796
022,0.02296925949051957,0.025504978578189598,0.025504978578189598,0.0280410477559408,0.0280410477559408,0.031240907159852914,0.021702319118335044
049,0.02296925949051957,0.025504978578189598,0.025504978578189598,0.011374381089274133,0.014152158867051911,0.02783954661563523,0.023704210190047294
087,0.02296925949051957,0.025504978578189598,0.025504978578189598,0.0280410477559408,0.02526326997816302,0.021036825527199855,0.02144449981364483
097,0.02296925949051957,0.025504978578189598,0.025504978578189598,0.019707714422607468,0.03359660331149635,0.024438186071417543,0.021778148325596873
098,0.02296925949051957,0.025504978578189598,0.025504978578189598,0.019707714422607468,0.0280410477559408,0.01423410443876448,0.02148999733800193
133,0.02296925949051957,0.025504978578189598,0.025504978578189598,0.019707714422607468,0.019707714422607468,0.017635464982982168,0.022172460203358377
139,0.02296925949051957,0.025504978578189598,0.025504978578189598,0.019707714422607468,0.01692993664482969,0.024438186071417543,0.021520329020906656
196,0.02296925949051957,0.025504978578189598,0.025504978578189598,0.036374381089274134,0.030818825533718577,0.031240907159852914,0.02158099238671612
200,0.02296925949051957,0.025504978578189598,0.025504978578189598,0.044707714422607465,0.0280410477559408,0.034642267704070605,0.02168715327688268
217,0.02296925949051957,0.025504978578189598,0.025504978578189598,0.044707714422607465,0.030818825533718577,0.034642267704070605,0.021641655752525583
225,0.02296925949051957,0.025504978578189598,0.025504978578189598,0.0280410477559408,0.019707714422607468,0.017635464982982168,0.02148999733800193
246,0.02296925949051957,0.025504978578189598,0.025504978578189598,0.019707714422607468,0.030818825533718577,0.02783954661563523,0.021641655752525583
289,0.02296925949051957,0.025504978578189598,0.025504978578189598,0.011374381089274133,0.014152158867051911,0.017635464982982168,0.02364354682423783
314,0.02296925949051957,0.025504978578189598,0.025504978578189598,0.036374381089274134,0.0280410477559408,0.02783954661563523,0.021626489911073216
318,0.02296925949051957,0.025504978578189598,0.025504978578189598,0.0280410477559408,0.022485492200385242,0.034642267704070605,0.021611324069620852
398,0.02296925949051957,0.025504978578189598,0.025504978578189598,0.011374381089274133,0.030818825533718577,0.02783954661563523,0.022339284459334394
417,0.02296925949051957,0.025504978578189598,0.025504978578189598,0.0280410477559408,0.030818825533718577,0.017635464982982168,0.022005635947382356
435,0.02296925949051957,0.025504978578189598,0.025504978578189598,0.0280410477559408,0.02526326997816302,0.02783954661563523,0.02159615822816849
447,0.02296925949051957,0.025504978578189598,0.025504978578189598,0.011374381089274133,0.02526326997816302,0.024438186071417543,0.02243027950804859
450,0.02296925949051957,0.025504978578189598,0.025504978578189598,0.019707714422607468,0.01692993664482969,0.02783954661563523,0.021944972581572894
559,0.02296925949051957,0.025504978578189598,0.025504978578189598,0.011374381089274133,0.019707714422607468,0.034642267704070605,0.022627435446929342
565,0.02296925949051957,0.025504978578189598,0.025504978578189598,0.0280410477559408,0.022485492200385242,0.02783954661563523,0.021762982484144506
582,0.02296925949051957,0.025504978578189598,0.025504978578189598,0.019707714422607468,0.030818825533718577,0.02783954661563523,0.021429333972192464
595,0.02296925949051957,0.025504978578189598,0.025504978578189598,0.036374381089274134,0.030818825533718577,0.021036825527199855,0.021793314167049237
605,0.02296925949051957,0.025504978578189598,0.025504978578189598,0.0280410477559408,0.036374381089274134,0.02783954661563523,0.021399002289287733
618,0.02296925949051957,0.025504978578189598,0.025504978578189598,0.011374381089274133,0.02526326997816302,0.017635464982982168,0.0222937869349773
636,0.02296925949051957,0.025504978578189598,0.025504978578189598,0.0280410477559408,0.02526326997816302,0.024438186071417543,0.02188430921576343
651,0.02296925949051957,0.025504978578189598,0.025504978578189598,0.036374381089274134,0.03359660331149635,0.031240907159852914,0.021505163179454292
679,0.02296925949051957,0.025504978578189598,0.025504978578189598,0.0280410477559408,0.022485492200385242,0.02783954661563523,0.02155066070381139
686,0.02296925949051957,0.025504978578189598,0.025504978578189598,0.019707714422607468,0.02526326997816302,0.021036825527199855,0.022142128520453646
688,0.02296925949051957,0.025504978578189598,0.025504978578189598,0.0280410477559408,0.0280410477559408,0.024438186071417543,0.02212696267900128
704,0.02296925949051957,0.025504978578189598,0.025504978578189598,0.044707714422607465,0.0280410477559408,0.01423410443876448,0.02158099238671612
718,0.02296925949051957,0.025504978578189598,0.025504978578189598,0.036374381089274134,0.030818825533718577,0.024438186071417543,0.021535494862359023
727,0.02296925949051957,0.025504978578189598,0.025504978578189598,0.011374381089274133,0.0280410477559408,0.03804362824828829,0.02243027950804859
735,0.02296925949051957,0.025504978578189598,0.025504978578189598,0.036374381089274134,0.0280410477559408,0.017635464982982168,0.0214141681307401
736,0.02296925949051957,0.025504978578189598,0.025504978578189598,0.036374381089274134,0.019707714422607468,0.017635464982982168,0.021399002289287733
740,0.02296925949051957,0.025504978578189598,0.025504978578189598,0.0280410477559408,0.030818825533718577,0.024438186071417543,0.02182364584995397
764,0.02296925949051957,0.025504978578189598,0.025504978578189598,0.0280410477559408,0.03359660331149635,0.01423410443876448,0.021641655752525583
794,0.02296925949051957,0.025504978578189598,0.025504978578189598,0.0280410477559408,0.022485492200385242,0.02783954661563523,0.021671987435430314
841,0.02296925949051957,0.025504978578189598,0.025504978578189598,0.0280410477559408,0.019707714422607468,0.024438186071417543,0.021535494862359023
844,0.02296925949051957,0.025504978578189598,0.025504978578189598,0.011374381089274133,0.022485492200385242,0.024438186071417543,0.022657767129834073
853,0.02296925949051957,0.025504978578189598,0.025504978578189598,0.044707714422607465,0.0280410477559408,0.021036825527199855,0.021671987435430314
869,0.02296925949051957,0.025504978578189598,0.025504978578189598,0.011374381089274133,0.02526326997816302,0.021036825527199855,0.022339284459334394
913,0.02296925949051957,0.025504978578189598,0.025504978578189598,0.0280410477559408,0.030818825533718577,0.017635464982982168,0.021459665655097198
917,0.02296925949051957,0.025504978578189598,0.025504978578189598,0.0280410477559408,0.03359660331149635,0.021036825527199855,0.02155066070381139
927,0.02296925949051957,0.025504978578189598,0.025504978578189598,0.019707714422607468,0.03359660331149635,0.024438186071417543,0.021429333972192464
936,0.02296925949051957,0.025504978578189598,0.025504978578189598,0.019707714422607468,0.022485492200385242,0.034642267704070605,0.022248289410620202
938,0.02296925949051957,0.025504978578189598,0.025504978578189598,0.036374381089274134,0.030818825533718577,0.01423410443876448,0.021459665655097198
946,0.02296925949051957,0.025504978578189598,0.025504978578189598,0.0280410477559408,0.022485492200385242,0.02783954661563523,0.021565826545263754
966,0.02296925949051957,0.025504978578189598,0.025504978578189598,0.0280410477559408,0.01692993664482969,0.02783954661563523,0.021505163179454292
014,0.022918722535371118,0.024873266638833942,0.024873266638833942,0.019707714422607468,0.022485492200385242,0.034642267704070605,0.02215729436190601
028,0.022918722535371118,0.024873266638833942,0.024873266638833942,0.036374381089274134,0.022485492200385242,0.024438186071417543,0.021838811691406335
046,0.022918722535371118,0.024873266638833942,0.024873266638833942,0.019707714422607468,0.0280410477559408,0.024438186071417543,0.021702319118335044
075,0.022918722535371118,0.024873266638833942,0.024873266638833942,0.0280410477559408,0.0280410477559408,0.034642267704070605,0.021459665655097198
125,0.022918722535371118,0.024873266638833942,0.024873266638833942,0.011374381089274133,0.0280410477559408,0.031240907159852914,0.02235445030078676
159,0.022918722535371118,0.024873266638833942,0.024873266638833942,0.019707714422607468,0.01692993664482969,0.017635464982982168,0.021656821593977946
168,0.022918722535371118,0.024873266638833942,0.024873266638833942,0.019707714422607468,0.02526326997816302,0.024438186071417543,0.02199047010592999
174,0.022918722535371118,0.024873266638833942,0.024873266638833942,0.011374381089274133,0.02526326997816302,0.017635464982982168,0.022581937922572244
175,0.022918722535371118,0.024873266638833942,0.024873266638833942,0.0280410477559408,0.02526326997816302,0.01423410443876448,0.02138383644783537
215,0.022918722535371118,0.024873266638833942,0.024873266638833942,0.011374381089274133,0.01692993664482969,0.021036825527199855,0.022839757227262458
264,0.022918722535371118,0.024873266638833942,0.024873266638833942,0.036374381089274134,0.022485492200385242,0.02783954661563523,0.021702319118335044
277,0.022918722535371118,0.024873266638833942,0.024873266638833942,0.019707714422607468,0.0280410477559408,0.021036825527199855,0.021656821593977946
297,0.022918722535371118,0.024873266638833942,0.024873266638833942,0.019707714422607468,0.01692993664482969,0.024438186071417543,0.02148999733800193
299,0.022918722535371118,0.024873266638833942,0.024873266638833942,0.044707714422607465,0.030818825533718577,0.024438186071417543,0.0218539775328587
300,0.022918722535371118,0.024873266638833942,0.024873266638833942,0.036374381089274134,0.02526326997816302,0.021036825527199855,0.021626489911073216
302,0.022918722535371118,0.024873266638833942,0.024873266638833942,0.0280410477559408,0.019707714422607468,0.021036825527199855,0.02148999733800193
308,0.022918722535371118,0.024873266638833942,0.024873266638833942,0.0280410477559408,0.022485492200385242,0.02783954661563523,0.021429333972192464
310,0.022918722535371118,0.024873266638833942,0.024873266638833942,0.019707714422607468,0.019707714422607468,0.021036825527199855,0.022278621093524936
312,0.022918722535371118,0.024873266638833942,0.024873266638833942,0.011374381089274133,0.019707714422607468,0.02783954661563523,0.023127908214857402
322,0.022918722535371118,0.024873266638833942,0.024873266638833942,0.044707714422607465,0.0280410477559408,0.024438186071417543,0.021520329020906656
339,0.022918722535371118,0.024873266638833942,0.024873266638833942,0.036374381089274134,0.02526326997816302,0.024438186071417543,0.02171748495978741
353,0.022918722535371118,0.024873266638833942,0.024873266638833942,0.0280410477559408,0.02526326997816302,0.01423410443876448,0.0214141681307401
365,0.022918722535371118,0.024873266638833942,0.024873266638833942,0.0280410477559408,0.02526326997816302,0.024438186071417543,0.02155066070381139
368,0.022918722535371118,0.024873266638833942,0.024873266638833942,0.019707714422607468,0.0280410477559408,0.034642267704070605,0.02155066070381139
379,0.022918722535371118,0.024873266638833942,0.024873266638833942,0.0280410477559408,0.02526326997816302,0.021036825527199855,0.021641655752525583
380,0.022918722535371118,0.024873266638833942,0.024873266638833942,0.0280410477559408,0.019707714422607468,0.017635464982982168,0.02138383644783537
402,0.022918722535371118,0.024873266638833942,0.024873266638833942,0.036374381089274134,0.02526326997816302,0.031240907159852914,0.02138383644783537
427,0.022918722535371118,0.024873266638833942,0.024873266638833942,0.0280410477559408,0.022485492200385242,0.031240907159852914,0.021793314167049237
442,0.022918722535371118,0.024873266638833942,0.024873266638833942,0.019707714422607468,0.030818825533718577,0.034642267704070605,0.022278621093524936
461,0.022918722535371118,0.024873266638833942,0.024873266638833942,0.011374381089274133,0.022485492200385242,0.021036825527199855,0.022612269605476975
517,0.022918722535371118,0.024873266638833942,0.024873266638833942,0.0280410477559408,0.02526326997816302,0.034642267704070605,0.022051133471739454
557,0.022918722535371118,0.024873266638833942,0.024873266638833942,0.036374381089274134,0.02526326997816302,0.031240907159852914,0.021459665655097198
569,0.022918722535371118,0.024873266638833942,0.024873266638833942,0.0280410477559408,0.0280410477559408,0.024438186071417543,0.02158099238671612
594,0.022918722535371118,0.024873266638833942,0.024873266638833942,0.0280410477559408,0.01692993664482969,0.03804362824828829,0.02196013842302526
601,0.022918722535371118,0.024873266638833942,0.024873266638833942,0.019707714422607468,0.022485492200385242,0.021036825527199855,0.021975304264477625
603,0.022918722535371118,0.024873266638833942,0.024873266638833942,0.0280410477559408,0.022485492200385242,0.02783954661563523,0.021838811691406335
627,0.022918722535371118,0.024873266638833942,0.024873266638833942,0.011374381089274133,0.022485492200385242,0.021036825527199855,0.022445445349500954
652,0.022918722535371118,0.024873266638833942,0.024873266638833942,0.019707714422607468,0.022485492200385242,0.024438186071417543,0.02171748495978741
672,0.022918722535371118,0.024873266638833942,0.024873266638833942,0.019707714422607468,0.019707714422607468,0.02783954661563523,0.02148999733800193
683,0.022918722535371118,0.024873266638833942,0.024873266638833942,0.0280410477559408,0.02526326997816302,0.021036825527199855,0.021656821593977946
689,0.022918722535371118,0.024873266638833942,0.024873266638833942,0.0280410477559408,0.02526326997816302,0.024438186071417543,0.02155066070381139
690,0.022918722535371118,0.024873266638833942,0.024873266638833942,0.019707714422607468,0.02526326997816302,0.024438186071417543,0.021656821593977946
705,0.022918722535371118,0.024873266638833942,0.024873266638833942,0.0280410477559408,0.02526326997816302,0.024438186071417543,0.021778148325596873
710,0.022918722535371118,0.024873266638833942,0.024873266638833942,0.011374381089274133,0.022485492200385242,0.017635464982982168,0.022369616142239125
766,0.022918722535371118,0.024873266638833942,0.024873266638833942,0.011374381089274133,0.014152158867051911,0.017635464982982168,0.02388620028747568
772,0.022918722535371118,0.024873266638833942,0.024873266638833942,0.036374381089274134,0.0280410477559408,0.024438186071417543,0.021656821593977946
791,0.022918722535371118,0.024873266638833942,0.024873266638833942,0.019707714422607468,0.02526326997816302,0.02783954661563523,0.021869143374311065
850,0.022918722535371118,0.024873266638833942,0.024873266638833942,0.011374381089274133,0.022485492200385242,0.021036825527199855,0.0222937869349773
876,0.022918722535371118,0.024873266638833942,0.024873266638833942,0.0280410477559408,0.02526326997816302,0.017635464982982168,0.02188430921576343
877,0.022918722535371118,0.024873266638833942,0.024873266638833942,0.011374381089274133,0.019707714422607468,0.01423410443876448,0.02235445030078676
887,0.022918722535371118,0.024873266638833942,0.024873266638833942,0.011374381089274133,0.022485492200385242,0.024438186071417543,0.02232411861788203
888,0.022918722535371118,0.024873266638833942,0.024873266638833942,0.044707714422607465,0.030818825533718577,0.021036825527199855,0.021399002289287733
891,0.022918722535371118,0.024873266638833942,0.024873266638833942,0.0280410477559408,0.03359660331149635,0.017635464982982168,0.021520329020906656
904,0.022918722535371118,0.024873266638833942,0.024873266638833942,0.011374381089274133,0.01692993664482969,0.031240907159852914,0.022384781983691492
908,0.022918722535371118,0.024873266638833942,0.024873266638833942,0.0280410477559408,0.019707714422607468,0.024438186071417543,0.021520329020906656
933,0.022918722535371118,0.024873266638833942,0.024873266638833942,0.0280410477559408,0.022485492200385242,0.021036825527199855,0.021535494862359023
943,0.022918722535371118,0.024873266638833942,0.024873266638833942,0.0280410477559408,0.019707714422607468,0.024438186071417543,0.021399002289287733
949,0.022918722535371118,0.024873266638833942,0.024873266638833942,0.036374381089274134,0.030818825533718577,0.03804362824828829,0.021520329020906656
956,0.022918722535371118,0.024873266638833942,0.024873266638833942,0.036374381089274134,0.02526326997816302,0.021036825527199855,0.021520329020906656
989,0.022918722535371118,0.024873266638833942,0.024873266638833942,0.019707714422607468,0.0280410477559408,0.031240907159852914,0.02171748495978741
009,0.022868185580222668,0.02424155469947829,0.02424155469947829,0.019707714422607468,0.019707714422607468,0.01423410443876448,0.02138383644783537
023,0.022868185580222668,0.02424155469947829,0.02424155469947829,0.019707714422607468,0.022485492200385242,0.02783954661563523,0.022051133471739454
034,0.022868185580222668,0.02424155469947829,0.02424155469947829,0.019707714422607468,0.022485492200385242,0.017635464982982168,0.022202791886263108
074,0.022868185580222668,0.02424155469947829,0.02424155469947829,0.036374381089274134,0.030818825533718577,0.017635464982982168,0.02211179683754891
106,0.022868185580222668,0.02424155469947829,0.02424155469947829,0.019707714422607468,0.030818825533718577,0.02783954661563523,0.022202791886263108
116,0.022868185580222668,0.02424155469947829,0.02424155469947829,0.019707714422607468,0.019707714422607468,0.031240907159852914,0.02138383644783537
121,0.022868185580222668,0.02424155469947829,0.02424155469947829,0.019707714422607468,0.019707714422607468,0.024438186071417543,0.02158099238671612
140,0.022868185580222668,0.02424155469947829,0.02424155469947829,0.019707714422607468,0.019707714422607468,0.021036825527199855,0.02148999733800193
150,0.022868185580222668,0.02424155469947829,0.02424155469947829,0.0280410477559408,0.030818825533718577,0.02783954661563523,0.02188430921576343
162,0.022868185580222668,0.02424155469947829,0.02424155469947829,0.019707714422607468,0.022485492200385242,0.024438186071417543,0.02223312356916784
183,0.022868185580222668,0.02424155469947829,0.02424155469947829,0.0280410477559408,0.030818825533718577,0.024438186071417543,0.021702319118335044
190,0.022868185580222668,0.02424155469947829,0.02424155469947829,0.011374381089274133,0.01692993664482969,0.034642267704070605,0.02276392802000063
202,0.022868185580222668,0.02424155469947829,0.02424155469947829,0.011374381089274133,0.022485492200385242,0.031240907159852914,0.0222937869349773
205,0.022868185580222668,0.02424155469947829,0.02424155469947829,0.019707714422607468,0.0280410477559408,0.017635464982982168,0.021747816642692142
228,0.022868185580222668,0.02424155469947829,0.02424155469947829,0.019707714422607468,0.022485492200385242,0.02783954661563523,0.021747816642692142
236,0.022868185580222668,0.02424155469947829,0.02424155469947829,0.036374381089274134,0.02526326997816302,0.024438186071417543,0.022035967630287086
251,0.022868185580222668,0.02424155469947829,0.02424155469947829,0.0280410477559408,0.0280410477559408,0.031240907159852914,0.021429333972192464
252,0.022868185580222668,0.02424155469947829,0.02424155469947829,0.019707714422607468,0.030818825533718577,0.021036825527199855,0.022081465154644184
260,0.022868185580222668,0.02424155469947829,0.02424155469947829,0.019707714422607468,0.022485492200385242,0.017635464982982168,0.02155066070381139
270,0.022868185580222668,0.02424155469947829,0.02424155469947829,0.0280410477559408,0.022485492200385242,0.031240907159852914,0.021914640898668163
278,0.022868185580222668,0.02424155469947829,0.02424155469947829,0.019707714422607468,0.030818825533718577,0.02783954661563523,0.022187626044810744
316,0.022868185580222668,0.02424155469947829,0.02424155469947829,0.0280410477559408,0.022485492200385242,0.021036825527199855,0.021626489911073216
317,0.022868185580222668,0.02424155469947829,0.02424155469947829,0.019707714422607468,0.022485492200385242,0.02783954661563523,0.02221795772771547
348,0.022868185580222668,0.02424155469947829,0.02424155469947829,0.036374381089274134,0.02526326997816302,0.01423410443876448,0.021429333972192464
360,0.022868185580222668,0.02424155469947829,0.02424155469947829,0.0280410477559408,0.0280410477559408,0.021036825527199855,0.021747816642692142
383,0.022868185580222668,0.02424155469947829,0.02424155469947829,0.0530410477559408,0.030818825533718577,0.024438186071417543,0.021626489911073216
429,0.022868185580222668,0.02424155469947829,0.02424155469947829,0.044707714422607465,0.030818825533718577,0.021036825527199855,0.02144449981364483
431,0.022868185580222668,0.02424155469947829,0.02424155469947829,0.019707714422607468,0.014152158867051911,0.017635464982982168,0.021429333972192464
460,0.022868185580222668,0.02424155469947829,0.02424155469947829,0.0280410477559408,0.0280410477559408,0.031240907159852914,0.02182364584995397
463,0.022868185580222668,0.02424155469947829,0.02424155469947829,0.011374381089274133,0.022485492200385242,0.031240907159852914,0.02239994782514386
482,0.022868185580222668,0.02424155469947829,0.02424155469947829,0.011374381089274133,0.014152158867051911,0.024438186071417543,0.022733596337095898
488,0.022868185580222668,0.02424155469947829,0.02424155469947829,0.019707714422607468,0.014152158867051911,0.031240907159852914,0.02138383644783537
489,0.022868185580222668,0.02424155469947829,0.02424155469947829,0.019707714422607468,0.019707714422607468,0.017635464982982168,0.021732650801239775
490,0.022868185580222668,0.02424155469947829,0.02424155469947829,0.019707714422607468,0.030818825533718577,0.024438186071417543,0.02158099238671612
510,0.022868185580222668,0.02424155469947829,0.02424155469947829,0.0280410477559408,0.030818825533718577,0.031240907159852914,0.022066299313191817
542,0.022868185580222668,0.02424155469947829,0.02424155469947829,0.019707714422607468,0.0280410477559408,0.02783954661563523,0.021914640898668163
545,0.022868185580222668,0.02424155469947829,0.02424155469947829,0.019707714422607468,0.022485492200385242,0.017635464982982168,0.021535494862359023
553,0.022868185580222668,0.02424155469947829,0.02424155469947829,0.036374381089274134,0.02526326997816302,0.017635464982982168,0.0214141681307401
567,0.022868185580222668,0.02424155469947829,0.02424155469947829,0.044707714422607465,0.030818825533718577,0.017635464982982168,0.02159615822816849
577,0.022868185580222668,0.02424155469947829,0.02424155469947829,0.019707714422607468,0.01692993664482969,0.024438186071417543,0.02144449981364483
579,0.022868185580222668,0.02424155469947829,0.02424155469947829,0.019707714422607468,0.02526326997816302,0.021036825527199855,0.021747816642692142
597,0.022868185580222668,0.02424155469947829,0.02424155469947829,0.019707714422607468,0.01692993664482969,0.02783954661563523,0.02223312356916784
610,0.022868185580222668,0.02424155469947829,0.02424155469947829,0.019707714422607468,0.022485492200385242,0.024438186071417543,0.021929806740120527
615,0.022868185580222668,0.02424155469947829,0.02424155469947829,0.019707714422607468,0.022485492200385242,0.031240907159852914,0.02159615822816849
632,0.022868185580222668,0.02424155469947829,0.02424155469947829,0.011374381089274133,0.01692993664482969,0.034642267704070605,0.022688098812738804
654,0.022868185580222668,0.02424155469947829,0.02424155469947829,0.0280410477559408,0.03359660331149635,0.034642267704070605,0.0214141681307401
659,0.022868185580222668,0.02424155469947829,0.02424155469947829,0.011374381089274133,0.014152158867051911,0.021036825527199855,0.02303691316614321
709,0.022868185580222668,0.02424155469947829,0.02424155469947829,0.0280410477559408,0.019707714422607468,0.031240907159852914,0.021459665655097198
726,0.022868185580222668,0.02424155469947829,0.02424155469947829,0.019707714422607468,0.022485492200385242,0.02783954661563523,0.021944972581572894
748,0.022868185580222668,0.02424155469947829,0.02424155469947829,0.036374381089274134,0.03359660331149635,0.017635464982982168,0.02155066070381139
770,0.022868185580222668,0.02424155469947829,0.02424155469947829,0.036374381089274134,0.022485492200385242,0.017635464982982168,0.02138383644783537
801,0.022868185580222668,0.02424155469947829,0.02424155469947829,0.011374381089274133,0.019707714422607468,0.021036825527199855,0.02232411861788203
804,0.022868185580222668,0.02424155469947829,0.02424155469947829,0.019707714422607468,0.022485492200385242,0.017635464982982168,0.021762982484144506
816,0.022868185580222668,0.02424155469947829,0.02424155469947829,0.019707714422607468,0.01692993664482969,0.02783954661563523,0.02144449981364483
819,0.022868185580222668,0.02424155469947829,0.02424155469947829,0.0280410477559408,0.02526326997816302,0.021036825527199855,0.021399002289287733
862,0.022868185580222668,0.02424155469947829,0.02424155469947829,0.019707714422607468,0.019707714422607468,0.024438186071417543,0.021944972581572894
866,0.022868185580222668,0.02424155469947829,0.02424155469947829,0.011374381089274133,0.022485492200385242,0.031240907159852914,0.022475777032405685
883,0.022868185580222668,0.02424155469947829,0.02424155469947829,0.011374381089274133,0.019707714422607468,0.031240907159852914,0.022657767129834073
923,0.022868185580222668,0.02424155469947829,0.02424155469947829,0.011374381089274133,0.019707714422607468,0.044846349336723663,0.022369616142239125
930,0.022868185580222668,0.02424155469947829,0.02424155469947829,0.019707714422607468,0.022485492200385242,0.024438186071417543,0.02212696267900128
931,0.022868185580222668,0.02424155469947829,0.02424155469947829,0.0280410477559408,0.0280410477559408,0.01423410443876448,0.021838811691406335
965,0.022868185580222668,0.02424155469947829,0.02424155469947829,0.0280410477559408,0.02526326997816302,0.034642267704070605,0.02147483149654956
974,0.022868185580222668,0.02424155469947829,0.02424155469947829,0.0280410477559408,0.022485492200385242,0.01423410443876448,0.021702319118335044
982,0.022868185580222668,0.02424155469947829,0.02424155469947829,0.0280410477559408,0.030818825533718577,0.017635464982982168,0.02223312356916784
996,0.022868185580222668,0.02424155469947829,0.02424155469947829,0.019707714422607468,0.019707714422607468,0.021036825527199855,0.021671987435430314
997,0.022868185580222668,0.02424155469947829,0.02424155469947829,0.011374381089274133,0.019707714422607468,0.021036825527199855,0.023446390885357077
010,0.022817648625074214,0.023609842760122634,0.023609842760122634,0.019707714422607468,0.022485492200385242,0.024438186071417543,0.021505163179454292
036,0.022817648625074214,0.023609842760122634,0.023609842760122634,0.011374381089274133,0.014152158867051911,0.024438186071417543,0.023097576531952674
047,0.022817648625074214,0.023609842760122634,0.023609842760122634,0.011374381089274133,0.014152158867051911,0.02783954661563523,0.0236132151413331
071,0.022817648625074214,0.023609842760122634,0.023609842760122634,0.019707714422607468,0.019707714422607468,0.017635464982982168,0.021641655752525583
099,0.022817648625074214,0.023609842760122634,0.023609842760122634,0.0280410477559408,0.022485492200385242,0.017635464982982168,0.021626489911073216
110,0.022817648625074214,0.023609842760122634,0.023609842760122634,0.036374381089274134,0.02526326997816302,0.021036825527199855,0.02144449981364483
173,0.022817648625074214,0.023609842760122634,0.023609842760122634,0.019707714422607468,0.0280410477559408,0.02783954661563523,0.022005635947382356
177,0.022817648625074214,0.023609842760122634,0.023609842760122634,0.019707714422607468,0.02526326997816302,0.021036825527199855,0.021929806740120527
216,0.022817648625074214,0.023609842760122634,0.023609842760122634,0.019707714422607468,0.01692993664482969,0.017635464982982168,0.021944972581572894
249,0.022817648625074214,0.023609842760122634,0.023609842760122634,0.0280410477559408,0.0280410477559408,0.01423410443876448,0.021762982484144506
257,0.022817648625074214,0.023609842760122634,0.023609842760122634,0.019707714422607468,0.019707714422607468,0.031240907159852914,0.021808480008501604
263,0.022817648625074214,0.023609842760122634,0.023609842760122634,0.019707714422607468,0.02526326997816302,0.021036825527199855,0.021944972581572894
268,0.022817648625074214,0.023609842760122634,0.023609842760122634,0.036374381089274134,0.022485492200385242,0.02783954661563523,0.021535494862359023
291,0.022817648625074214,0.023609842760122634,0.023609842760122634,0.011374381089274133,0.019707714422607468,0.034642267704070605,0.022748762178548265
306,0.022817648625074214,0.023609842760122634,0.023609842760122634,0.011374381089274133,0.01692993664482969,0.02783954661563523,0.023127908214857402
321,0.022817648625074214,0.023609842760122634,0.023609842760122634,0.0280410477559408,0.0280410477559408,0.024438186071417543,0.02158099238671612
330,0.022817648625074214,0.023609842760122634,0.023609842760122634,0.011374381089274133,0.019707714422607468,0.031240907159852914,0.023188571580666867
335,0.022817648625074214,0.023609842760122634,0.023609842760122634,0.019707714422607468,0.022485492200385242,0.017635464982982168,0.022051133471739454
352,0.022817648625074214,0.023609842760122634,0.023609842760122634,0.0280410477559408,0.030818825533718577,0.021036825527199855,0.021762982484144506
381,0.022817648625074214,0.023609842760122634,0.023609842760122634,0.019707714422607468,0.0280410477559408,0.01423410443876448,0.022187626044810744
382,0.022817648625074214,0.023609842760122634,0.023609842760122634,0.019707714422607468,0.02526326997816302,0.02783954661563523,0.02155066070381139
392,0.022817648625074214,0.023609842760122634,0.023609842760122634,0.019707714422607468,0.0280410477559408,0.021036825527199855,0.021611324069620852
399,0.022817648625074214,0.023609842760122634,0.023609842760122634,0.0280410477559408,0.019707714422607468,0.034642267704070605,0.02158099238671612
403,0.022817648625074214,0.023609842760122634,0.023609842760122634,0.0280410477559408,0.019707714422607468,0.02783954661563523,0.021505163179454292
430,0.022817648625074214,0.023609842760122634,0.023609842760122634,0.019707714422607468,0.022485492200385242,0.031240907159852914,0.021565826545263754
446,0.022817648625074214,0.023609842760122634,0.023609842760122634,0.044707714422607465,0.0280410477559408,0.031240907159852914,0.021611324069620852
449,0.022817648625074214,0.023609842760122634,0.023609842760122634,0.0280410477559408,0.022485492200385242,0.02783954661563523,0.02168715327688268
468,0.022817648625074214,0.023609842760122634,0.023609842760122634,0.036374381089274134,0.0280410477559408,0.034642267704070605,0.0218539775328587
471,0.022817648625074214,0.023609842760122634,0.023609842760122634,0.011374381089274133,0.019707714422607468,0.017635464982982168,0.022703264654191167
508,0.022817648625074214,0.023609842760122634,0.023609842760122634,0.019707714422607468,0.019707714422607468,0.02783954661563523,0.02221795772771547
519,0.022817648625074214,0.023609842760122634,0.023609842760122634,0.0280410477559408,0.022485492200385242,0.021036825527199855,0.021505163179454292
540,0.022817648625074214,0.023609842760122634,0.023609842760122634,0.0280410477559408,0.02526326997816302,0.031240907159852914,0.021914640898668163
546,0.022817648625074214,0.023609842760122634,0.023609842760122634,0.019707714422607468,0.02526326997816302,0.031240907159852914,0.02144449981364483
566,0.022817648625074214,0.023609842760122634,0.023609842760122634,0.0280410477559408,0.02526326997816302,0.024438186071417543,0.021535494862359023
583,0.022817648625074214,0.023609842760122634,0.023609842760122634,0.019707714422607468,0.02526326997816302,0.031240907159852914,0.021975304264477625
614,0.022817648625074214,0.023609842760122634,0.023609842760122634,0.044707714422607465,0.02526326997816302,0.021036825527199855,0.021429333972192464
642,0.022817648625074214,0.023609842760122634,0.023609842760122634,0.019707714422607468,0.019707714422607468,0.017635464982982168,0.02159615822816849
668,0.022817648625074214,0.023609842760122634,0.023609842760122634,0.019707714422607468,0.01692993664482969,0.034642267704070605,0.021626489911073216
696,0.022817648625074214,0.023609842760122634,0.023609842760122634,0.019707714422607468,0.019707714422607468,0.034642267704070605,0.022172460203358377
698,0.022817648625074214,0.023609842760122634,0.023609842760122634,0.019707714422607468,0.01692993664482969,0.02783954661563523,0.021929806740120527
712,0.022817648625074214,0.023609842760122634,0.023609842760122634,0.011374381089274133,0.022485492200385242,0.017635464982982168,0.022976249800333748
716,0.022817648625074214,0.023609842760122634,0.023609842760122634,0.011374381089274133,0.01692993664482969,0.01423410443876448,0.02341605920245235
732,0.022817648625074214,0.023609842760122634,0.023609842760122634,0.036374381089274134,0.02526326997816302,0.034642267704070605,0.021626489911073216
738,0.022817648625074214,0.023609842760122634,0.023609842760122634,0.036374381089274134,0.02526326997816302,0.024438186071417543,0.02159615822816849
755,0.022817648625074214,0.023609842760122634,0.023609842760122634,0.011374381089274133,0.022485492200385242,0.021036825527199855,0.022794259702905363
775,0.022817648625074214,0.023609842760122634,0.023609842760122634,0.011374381089274133,0.01692993664482969,0.02783954661563523,0.022369616142239125
782,0.022817648625074214,0.023609842760122634,0.023609842760122634,0.019707714422607468,0.014152158867051911,0.017635464982982168,0.02171748495978741
793,0.022817648625074214,0.023609842760122634,0.023609842760122634,0.0280410477559408,0.0280410477559408,0.031240907159852914,0.02144449981364483
817,0.022817648625074214,0.023609842760122634,0.023609842760122634,0.044707714422607465,0.036374381089274134,0.02783954661563523,0.022005635947382356
840,0.022817648625074214,0.023609842760122634,0.023609842760122634,0.011374381089274133,0.02526326997816302,0.021036825527199855,0.02243027950804859
857,0.022817648625074214,0.023609842760122634,0.023609842760122634,0.011374381089274133,0.01692993664482969,0.02783954661563523,0.022976249800333748
858,0.022817648625074214,0.023609842760122634,0.023609842760122634,0.011374381089274133,0.019707714422607468,0.02783954661563523,0.022445445349500954
873,0.022817648625074214,0.023609842760122634,0.023609842760122634,0.036374381089274134,0.019707714422607468,0.031240907159852914,0.021505163179454292
882,0.022817648625074214,0.023609842760122634,0.023609842760122634,0.011374381089274133,0.011374381089274133,0.010832743894546793,0.02411368790926116
892,0.022817648625074214,0.023609842760122634,0.023609842760122634,0.0280410477559408,0.0280410477559408,0.02783954661563523,0.02147483149654956
896,0.022817648625074214,0.023609842760122634,0.023609842760122634,0.044707714422607465,0.0280410477559408,0.02783954661563523,0.02147483149654956
897,0.022817648625074214,0.023609842760122634,0.023609842760122634,0.0280410477559408,0.0280410477559408,0.021036825527199855,0.021899475057215796
909,0.022817648625074214,0.023609842760122634,0.023609842760122634,0.019707714422607468,0.0280410477559408,0.02783954661563523,0.022202791886263108
939,0.022817648625074214,0.023609842760122634,0.023609842760122634,0.0280410477559408,0.0280410477559408,0.021036825527199855,0.02196013842302526
950,0.022817648625074214,0.023609842760122634,0.023609842760122634,0.019707714422607468,0.022485492200385242,0.024438186071417543,0.022172460203358377
962,0.022817648625074214,0.023609842760122634,0.023609842760122634,0.036374381089274134,0.02526326997816302,0.021036825527199855,0.021747816642692142
986,0.022817648625074214,0.023609842760122634,0.023609842760122634,0.019707714422607468,0.02526326997816302,0.021036825527199855,0.0218539775328587
001,0.022767111669925764,0.02297813082076698,0.02297813082076698,0.0280410477559408,0.02526326997816302,0.017635464982982168,0.02148999733800193
020,0.022767111669925764,0.02297813082076698,0.02297813082076698,0.036374381089274134,0.019707714422607468,0.024438186071417543,0.02168715327688268
044,0.022767111669925764,0.02297813082076698,0.02297813082076698,0.0280410477559408,0.0280410477559408,0.021036825527199855,0.021565826545263754
045,0.022767111669925764,0.02297813082076698,0.02297813082076698,0.011374381089274133,0.019707714422607468,0.02783954661563523,0.022490942873858052
054,0.022767111669925764,0.02297813082076698,0.02297813082076698,0.019707714422607468,0.0280410477559408,0.024438186071417543,0.02221795772771547
076,0.022767111669925764,0.02297813082076698,0.02297813082076698,0.011374381089274133,0.022485492200385242,0.01423410443876448,0.02290042059307192
086,0.022767111669925764,0.02297813082076698,0.02297813082076698,0.0280410477559408,0.02526326997816302,0.01423410443876448,0.021626489911073216
109,0.022767111669925764,0.02297813082076698,0.02297813082076698,0.0280410477559408,0.019707714422607468,0.03804362824828829,0.02159615822816849
126,0.022767111669925764,0.02297813082076698,0.02297813082076698,0.036374381089274134,0.022485492200385242,0.031240907159852914,0.021747816642692142
136,0.022767111669925764,0.02297813082076698,0.02297813082076698,0.0280410477559408,0.02526326997816302,0.017635464982982168,0.021671987435430314
145,0.022767111669925764,0.02297813082076698,0.02297813082076698,0.036374381089274134,0.022485492200385242,0.010832743894546793,0.02138383644783537
155,0.022767111669925764,0.02297813082076698,0.02297813082076698,0.036374381089274134,0.030818825533718577,0.031240907159852914,0.021505163179454292
157,0.022767111669925764,0.02297813082076698,0.02297813082076698,0.019707714422607468,0.022485492200385242,0.024438186071417543,0.021869143374311065
161,0.022767111669925764,0.02297813082076698,0.02297813082076698,0.011374381089274133,0.014152158867051911,0.017635464982982168,0.02408335622635643
164,0.022767111669925764,0.02297813082076698,0.02297813082076698,0.0280410477559408,0.019707714422607468,0.031240907159852914,0.02168715327688268
172,0.022767111669925764,0.02297813082076698,0.02297813082076698,0.036374381089274134,0.022485492200385242,0.021036825527199855,0.021656821593977946
198,0.022767111669925764,0.02297813082076698,0.02297813082076698,0.036374381089274134,0.036374381089274134,0.01423410443876448,0.021656821593977946
240,0.022767111669925764,0.02297813082076698,0.02297813082076698,0.0280410477559408,0.022485492200385242,0.024438186071417543,0.021747816642692142
248,0.022767111669925764,0.02297813082076698,0.02297813082076698,0.011374381089274133,0.014152158867051911,0.01423410443876448,0.022839757227262458
265,0.022767111669925764,0.02297813082076698,0.02297813082076698,0.019707714422607468,0.02526326997816302,0.021036825527199855,0.022142128520453646
272,0.022767111669925764,0.02297813082076698,0.02297813082076698,0.0280410477559408,0.02526326997816302,0.021036825527199855,0.0214141681307401
273,0.022767111669925764,0.02297813082076698,0.02297813082076698,0.019707714422607468,0.022485492200385242,0.024438186071417543,0.02144449981364483
279,0.022767111669925764,0.02297813082076698,0.02297813082076698,0.019707714422607468,0.019707714422607468,0.031240907159852914,0.021565826545263754
280,0.022767111669925764,0.02297813082076698,0.02297813082076698,0.0280410477559408,0.02526326997816302,0.024438186071417543,0.02138383644783537
283,0.022767111669925764,0.02297813082076698,0.02297813082076698,0.019707714422607468,0.022485492200385242,0.02783954661563523,0.022187626044810744
301,0.022767111669925764,0.02297813082076698,0.02297813082076698,0.011374381089274133,0.011374381089274133,0.021036825527199855,0.02411368790926116
307,0.022767111669925764,0.02297813082076698,0.02297813082076698,0.011374381089274133,0.022485492200385242,0.017635464982982168,0.022976249800333748
311,0.022767111669925764,0.02297813082076698,0.02297813082076698,0.011374381089274133,0.01692993664482969,0.02783954661563523,0.023689044348594923
340,0.022767111669925764,0.02297813082076698,0.02297813082076698,0.019707714422607468,0.02526326997816302,0.017635464982982168,0.021914640898668163
371,0.022767111669925764,0.02297813082076698,0.02297813082076698,0.0280410477559408,0.019707714422607468,0.021036825527199855,0.021732650801239775
375,0.022767111669925764,0.02297813082076698,0.02297813082076698,0.011374381089274133,0.01692993664482969,0.021036825527199855,0.02256677208111988
413,0.022767111669925764,0.02297813082076698,0.02297813082076698,0.011374381089274133,0.02526326997816302,0.017635464982982168,0.022688098812738804
416,0.022767111669925764,0.02297813082076698,0.02297813082076698,0.0280410477559408,0.022485492200385242,0.031240907159852914,0.021535494862359023
423,0.022767111669925764,0.02297813082076698,0.02297813082076698,0.011374381089274133,0.01692993664482969,0.017635464982982168,0.022703264654191167
437,0.022767111669925764,0.02297813082076698,0.02297813082076698,0.036374381089274134,0.0280410477559408,0.017635464982982168,0.021505163179454292
438,0.022767111669925764,0.02297813082076698,0.02297813082076698,0.036374381089274134,0.0280410477559408,0.024438186071417543,0.02168715327688268
441,0.022767111669925764,0.02297813082076698,0.02297813082076698,0.019707714422607468,0.0280410477559408,0.010832743894546793,0.021838811691406335
452,0.022767111669925764,0.02297813082076698,0.02297813082076698,0.0280410477559408,0.0280410477559408,0.02783954661563523,0.02196013842302526
462,0.022767111669925764,0.02297813082076698,0.02297813082076698,0.036374381089274134,0.019707714422607468,0.017635464982982168,0.021747816642692142
465,0.022767111669925764,0.02297813082076698,0.02297813082076698,0.0280410477559408,0.02526326997816302,0.017635464982982168,0.02138383644783537
472,0.022767111669925764,0.02297813082076698,0.02297813082076698,0.0280410477559408,0.022485492200385242,0.024438186071417543,0.021975304264477625
478,0.022767111669925764,0.02297813082076698,0.02297813082076698,0.019707714422607468,0.014152158867051911,0.024438186071417543,0.02171748495978741
516,0.022767111669925764,0.02297813082076698,0.02297813082076698,0.044707714422607465,0.0280410477559408,0.017635464982982168,0.0218539775328587
539,0.022767111669925764,0.02297813082076698,0.02297813082076698,0.0280410477559408,0.01692993664482969,0.02783954661563523,0.02171748495978741
558,0.022767111669925764,0.02297813082076698,0.02297813082076698,0.019707714422607468,0.019707714422607468,0.017635464982982168,0.022187626044810744
578,0.022767111669925764,0.02297813082076698,0.02297813082076698,0.0280410477559408,0.019707714422607468,0.02783954661563523,0.021656821593977946
602,0.022767111669925764,0.02297813082076698,0.02297813082076698,0.019707714422607468,0.01692993664482969,0.031240907159852914,0.021732650801239775
641,0.022767111669925764,0.02297813082076698,0.02297813082076698,0.019707714422607468,0.019707714422607468,0.017635464982982168,0.02144449981364483
643,0.022767111669925764,0.02297813082076698,0.02297813082076698,0.036374381089274134,0.02526326997816302,0.024438186071417543,0.02168715327688268
682,0.022767111669925764,0.02297813082076698,0.02297813082076698,0.011374381089274133,0.019707714422607468,0.024438186071417543,0.02239994782514386
687,0.022767111669925764,0.02297813082076698,0.02297813082076698,0.044707714422607465,0.03359660331149635,0.021036825527199855,0.02159615822816849
694,0.022767111669925764,0.02297813082076698,0.02297813082076698,0.011374381089274133,0.019707714422607468,0.017635464982982168,0.02327956662938106
703,0.022767111669925764,0.02297813082076698,0.02297813082076698,0.011374381089274133,0.019707714422607468,0.017635464982982168,0.023082410690500304
728,0.022767111669925764,0.02297813082076698,0.02297813082076698,0.019707714422607468,0.019707714422607468,0.024438186071417543,0.02155066070381139
751,0.022767111669925764,0.02297813082076698,0.02297813082076698,0.0280410477559408,0.02526326997816302,0.021036825527199855,0.02196013842302526
753,0.022767111669925764,0.02297813082076698,0.02297813082076698,0.0280410477559408,0.0280410477559408,0.034642267704070605,0.02158099238671612
758,0.022767111669925764,0.02297813082076698,0.02297813082076698,0.011374381089274133,0.01692993664482969,0.021036825527199855,0.023006581483238482
760,0.022767111669925764,0.02297813082076698,0.02297813082076698,0.011374381089274133,0.0280410477559408,0.024438186071417543,0.022339284459334394
762,0.022767111669925764,0.02297813082076698,0.02297813082076698,0.0280410477559408,0.019707714422607468,0.010832743894546793,0.021838811691406335
765,0.022767111669925764,0.02297813082076698,0.02297813082076698,0.011374381089274133,0.022485492200385242,0.024438186071417543,0.022521274556762783
768,0.022767111669925764,0.02297813082076698,0.02297813082076698,0.019707714422607468,0.019707714422607468,0.024438186071417543,0.021929806740120527
776,0.022767111669925764,0.02297813082076698,0.02297813082076698,0.0280410477559408,0.019707714422607468,0.03804362824828829,0.021671987435430314
777,0.022767111669925764,0.02297813082076698,0.02297813082076698,0.0280410477559408,0.022485492200385242,0.021036825527199855,0.021838811691406335
786,0.022767111669925764,0.02297813082076698,0.02297813082076698,0.0280410477559408,0.0280410477559408,0.01423410443876448,0.021702319118335044
800,0.022767111669925764,0.02297813082076698,0.02297813082076698,0.0280410477559408,0.01692993664482969,0.02783954661563523,0.02182364584995397
820,0.022767111669925764,0.02297813082076698,0.02297813082076698,0.011374381089274133,0.022485492200385242,0.02783954661563523,0.023431225043904713
823,0.022767111669925764,0.02297813082076698,0.02297813082076698,0.0280410477559408,0.030818825533718577,0.02783954661563523,0.021671987435430314
824,0.022767111669925764,0.02297813082076698,0.02297813082076698,0.0280410477559408,0.019707714422607468,0.031240907159852914,0.021429333972192464
827,0.022767111669925764,0.02297813082076698,0.02297813082076698,0.036374381089274134,0.03359660331149635,0.017635464982982168,0.021762982484144506
832,0.022767111669925764,0.02297813082076698,0.02297813082076698,0.011374381089274133,0.019707714422607468,0.01423410443876448,0.022718430495643534
859,0.022767111669925764,0.02297813082076698,0.02297813082076698,0.011374381089274133,0.011374381089274133,0.024438186071417543,0.02411368790926116
880,0.022767111669925764,0.02297813082076698,0.02297813082076698,0.011374381089274133,0.019707714422607468,0.02783954661563523,0.02276392802000063
894,0.022767111669925764,0.02297813082076698,0.02297813082076698,0.0280410477559408,0.0280410477559408,0.024438186071417543,0.02138383644783537
895,0.022767111669925764,0.02297813082076698,0.02297813082076698,0.019707714422607468,0.02526326997816302,0.02783954661563523,0.022005635947382356
900,0.022767111669925764,0.02297813082076698,0.02297813082076698,0.011374381089274133,0.02526326997816302,0.024438186071417543,0.02276392802000063
915,0.022767111669925764,0.02297813082076698,0.02297813082076698,0.011374381089274133,0.01692993664482969,0.017635464982982168,0.022308952776429667
918,0.022767111669925764,0.02297813082076698,0.02297813082076698,0.0280410477559408,0.019707714422607468,0.024438186071417543,0.022005635947382356
921,0.022767111669925764,0.02297813082076698,0.02297813082076698,0.011374381089274133,0.0280410477559408,0.021036825527199855,0.022839757227262458
934,0.022767111669925764,0.02297813082076698,0.02297813082076698,0.044707714422607465,0.036374381089274134,0.031240907159852914,0.02168715327688268
942,0.022767111669925764,0.02297813082076698,0.02297813082076698,0.019707714422607468,0.022485492200385242,0.017635464982982168,0.02212696267900128
944,0.022767111669925764,0.02297813082076698,0.02297813082076698,0.044707714422607465,0.022485492200385242,0.021036825527199855,0.021611324069620852
945,0.022767111669925764,0.02297813082076698,0.02297813082076698,0.019707714422607468,0.02526326997816302,0.021036825527199855,0.0214141681307401
955,0.022767111669925764,0.02297813082076698,0.02297813082076698,0.019707714422607468,0.019707714422607468,0.01423410443876448,0.021914640898668163
970,0.022767111669925764,0.02297813082076698,0.02297813082076698,0.019707714422607468,0.014152158867051911,0.02783954661563523,0.02158099238671612
980,0.022767111669925764,0.02297813082076698,0.02297813082076698,0.011374381089274133,0.019707714422607468,0.017635464982982168,0.02276392802000063
988,0.022767111669925764,0.02297813082076698,0.02297813082076698,0.0280410477559408,0.019707714422607468,0.02783954661563523,0.021732650801239775
993,0.022767111669925764,0.02297813082076698,0.02297813082076698,0.0280410477559408,0.022485492200385242,0.021036825527199855,0.02182364584995397
998,0.022767111669925764,0.02297813082076698,0.02297813082076698,0.0280410477559408,0.019707714422607468,0.02783954661563523,0.021762982484144506
012,0.02271657471477731,0.022346418881411326,0.022346418881411326,0.019707714422607468,0.0280410477559408,0.024438186071417543,0.021520329020906656
030,0.02271657471477731,0.022346418881411326,0.022346418881411326,0.011374381089274133,0.019707714422607468,0.024438186071417543,0.022551606239667513
039,0.02271657471477731,0.022346418881411326,0.022346418881411326,0.0280410477559408,0.01692993664482969,0.021036825527199855,0.02168715327688268
050,0.02271657471477731,0.022346418881411326,0.022346418881411326,0.0280410477559408,0.022485492200385242,0.01423410443876448,0.021459665655097198
077,0.02271657471477731,0.022346418881411326,0.022346418881411326,0.06970771442260747,0.03359660331149635,0.017635464982982168,0.021505163179454292
084,0.02271657471477731,0.022346418881411326,0.022346418881411326,0.0280410477559408,0.030818825533718577,0.02783954661563523,0.02155066070381139
096,0.02271657471477731,0.022346418881411326,0.022346418881411326,0.036374381089274134,0.022485492200385242,0.024438186071417543,0.021626489911073216
104,0.02271657471477731,0.022346418881411326,0.022346418881411326,0.011374381089274133,0.02526326997816302,0.024438186071417543,0.022794259702905363
113,0.02271657471477731,0.022346418881411326,0.022346418881411326,0.011374381089274133,0.030818825533718577,0.031240907159852914,0.02232411861788203
117,0.02271657471477731,0.022346418881411326,0.022346418881411326,0.019707714422607468,0.022485492200385242,0.017635464982982168,0.0218539775328587
123,0.02271657471477731,0.022346418881411326,0.022346418881411326,0.019707714422607468,0.0280410477559408,0.01423410443876448,0.02188430921576343
129,0.02271657471477731,0.022346418881411326,0.022346418881411326,0.019707714422607468,0.014152158867051911,0.010832743894546793,0.02196013842302526
130,0.02271657471477731,0.022346418881411326,0.022346418881411326,0.0280410477559408,0.019707714422607468,0.021036825527199855,0.021626489911073216
143,0.02271657471477731,0.022346418881411326,0.022346418881411326,0.011374381089274133,0.01692993664482969,0.021036825527199855,0.022597103764024608
153,0.02271657471477731,0.022346418881411326,0.022346418881411326,0.011374381089274133,0.011374381089274133,0.021036825527199855,0.02411368790926116
180,0.02271657471477731,0.022346418881411326,0.022346418881411326,0.019707714422607468,0.02526326997816302,0.021036825527199855,0.02171748495978741
188,0.02271657471477731,0.022346418881411326,0.022346418881411326,0.0530410477559408,0.030818825533718577,0.017635464982982168,0.02144449981364483
192,0.02271657471477731,0.022346418881411326,0.022346418881411326,0.0280410477559408,0.02526326997816302,0.017635464982982168,0.021611324069620852
195,0.02271657471477731,0.022346418881411326,0.022346418881411326,0.019707714422607468,0.01692993664482969,0.01423410443876448,0.02223312356916784
197,0.02271657471477731,0.022346418881411326,0.022346418881411326,0.019707714422607468,0.022485492200385242,0.010832743894546793,0.021565826545263754
199,0.02271657471477731,0.022346418881411326,0.022346418881411326,0.036374381089274134,0.022485492200385242,0.031240907159852914,0.021535494862359023
219,0.02271657471477731,0.022346418881411326,0.022346418881411326,0.019707714422607468,0.019707714422607468,0.021036825527199855,0.0214141681307401
232,0.02271657471477731,0.022346418881411326,0.022346418881411326,0.0280410477559408,0.02526326997816302,0.017635464982982168,0.021914640898668163
237,0.02271657471477731,0.022346418881411326,0.022346418881411326,0.036374381089274134,0.0280410477559408,0.017635464982982168,0.021429333972192464
261,0.02271657471477731,0.022346418881411326,0.022346418881411326,0.0280410477559408,0.02526326997816302,0.02783954661563523,0.021611324069620852
327,0.02271657471477731,0.022346418881411326,0.022346418881411326,0.0280410477559408,0.0280410477559408,0.021036825527199855,0.021535494862359023
331,0.02271657471477731,0.022346418881411326,0.022346418881411326,0.011374381089274133,0.022485492200385242,0.024438186071417543,0.022688098812738804
346,0.02271657471477731,0.022346418881411326,0.022346418881411326,0.019707714422607468,0.022485492200385242,0.017635464982982168,0.021671987435430314
347,0.02271657471477731,0.022346418881411326,0.022346418881411326,0.0280410477559408,0.01692993664482969,0.02783954661563523,0.0214141681307401
376,0.02271657471477731,0.022346418881411326,0.022346418881411326,0.0280410477559408,0.02526326997816302,0.021036825527199855,0.021399002289287733
385,0.02271657471477731,0.022346418881411326,0.022346418881411326,0.019707714422607468,0.02526326997816302,0.017635464982982168,0.021429333972192464
388,0.02271657471477731,0.022346418881411326,0.022346418881411326,0.019707714422607468,0.019707714422607468,0.021036825527199855,0.021975304264477625
407,0.02271657471477731,0.022346418881411326,0.022346418881411326,0.011374381089274133,0.022485492200385242,0.024438186071417543,0.022915586434524286
412,0.02271657471477731,0.022346418881411326,0.022346418881411326,0.0280410477559408,0.03359660331149635,0.02783954661563523,0.021641655752525583
426,0.02271657471477731,0.022346418881411326,0.022346418881411326,0.019707714422607468,0.022485492200385242,0.024438186071417543,0.021869143374311065
428,0.02271657471477731,0.022346418881411326,0.022346418881411326,0.011374381089274133,0.022485492200385242,0.021036825527199855,0.022384781983691492
444,0.02271657471477731,0.022346418881411326,0.022346418881411326,0.011374381089274133,0.019707714422607468,0.021036825527199855,0.023309898312285787
458,0.02271657471477731,0.022346418881411326,0.022346418881411326,0.019707714422607468,0.030818825533718577,0.02783954661563523,0.02171748495978741
479,0.02271657471477731,0.022346418881411326,0.022346418881411326,0.0280410477559408,0.0280410477559408,0.017635464982982168,0.021656821593977946
495,0.02271657471477731,0.022346418881411326,0.022346418881411326,0.019707714422607468,0.022485492200385242,0.021036825527199855,0.02226345525207257
498,0.02271657471477731,0.022346418881411326,0.022346418881411326,0.0280410477559408,0.0280410477559408,0.01423410443876448,0.02138383644783537
503,0.02271657471477731,0.022346418881411326,0.022346418881411326,0.019707714422607468,0.02526326997816302,0.021036825527199855,0.021429333972192464
504,0.02271657471477731,0.022346418881411326,0.022346418881411326,0.044707714422607465,0.030818825533718577,0.034642267704070605,0.02147483149654956
507,0.02271657471477731,0.022346418881411326,0.022346418881411326,0.0280410477559408,0.02526326997816302,0.021036825527199855,0.021702319118335044
521,0.02271657471477731,0.022346418881411326,0.022346418881411326,0.0280410477559408,0.022485492200385242,0.01423410443876448,0.021929806740120527
530,0.02271657471477731,0.022346418881411326,0.022346418881411326,0.036374381089274134,0.022485492200385242,0.024438186071417543,0.021565826545263754
536,0.02271657471477731,0.022346418881411326,0.022346418881411326,0.019707714422607468,0.0280410477559408,0.02783954661563523,0.021793314167049237
560,0.02271657471477731,0.022346418881411326,0.022346418881411326,0.011374381089274133,0.014152158867051911,0.031240907159852914,0.023491888409714175
562,0.02271657471477731,0.022346418881411326,0.022346418881411326,0.019707714422607468,0.030818825533718577,0.017635464982982168,0.022202791886263108
585,0.02271657471477731,0.022346418881411326,0.022346418881411326,0.019707714422607468,0.022485492200385242,0.024438186071417543,0.02148999733800193
616,0.02271657471477731,0.022346418881411326,0.022346418881411326,0.0280410477559408,0.019707714422607468,0.024438186071417543,0.022051133471739454
621,0.02271657471477731,0.022346418881411326,0.022346418881411326,0.019707714422607468,0.022485492200385242,0.017635464982982168,0.022172460203358377
630,0.02271657471477731,0.022346418881411326,0.022346418881411326,0.011374381089274133,0.019707714422607468,0.01423410443876448,0.022915586434524286
631,0.02271657471477731,0.022346418881411326,0.022346418881411326,0.019707714422607468,0.022485492200385242,0.021036825527199855,0.022172460203358377
639,0.02271657471477731,0.022346418881411326,0.022346418881411326,0.019707714422607468,0.019707714422607468,0.021036825527199855,0.02147483149654956
644,0.02271657471477731,0.022346418881411326,0.022346418881411326,0.036374381089274134,0.02526326997816302,0.024438186071417543,0.021459665655097198
655,0.02271657471477731,0.022346418881411326,0.022346418881411326,0.036374381089274134,0.022485492200385242,0.031240907159852914,0.02147483149654956
663,0.02271657471477731,0.022346418881411326,0.022346418881411326,0.011374381089274133,0.014152158867051911,0.021036825527199855,0.022642601288381706
674,0.02271657471477731,0.022346418881411326,0.022346418881411326,0.019707714422607468,0.01692993664482969,0.01423410443876448,0.021535494862359023
675,0.02271657471477731,0.022346418881411326,0.022346418881411326,0.019707714422607468,0.019707714422607468,0.021036825527199855,0.021747816642692142
681,0.02271657471477731,0.022346418881411326,0.022346418881411326,0.011374381089274133,0.014152158867051911,0.017635464982982168,0.02367387850714256
695,0.02271657471477731,0.022346418881411326,0.022346418881411326,0.011374381089274133,0.02526326997816302,0.01423410443876448,0.02235445030078676
707,0.02271657471477731,0.022346418881411326,0.022346418881411326,0.019707714422607468,0.019707714422607468,0.021036825527199855,0.022081465154644184
708,0.02271657471477731,0.022346418881411326,0.022346418881411326,0.036374381089274134,0.036374381089274134,0.010832743894546793,0.021626489911073216
731,0.02271657471477731,0.022346418881411326,0.022346418881411326,0.011374381089274133,0.0280410477559408,0.024438186071417543,0.022718430495643534
737,0.02271657471477731,0.022346418881411326,0.022346418881411326,0.036374381089274134,0.0280410477559408,0.031240907159852914,0.021793314167049237
741,0.02271657471477731,0.022346418881411326,0.022346418881411326,0.011374381089274133,0.014152158867051911,0.017635464982982168,0.022384781983691492
746,0.02271657471477731,0.022346418881411326,0.022346418881411326,0.036374381089274134,0.022485492200385242,0.017635464982982168,0.021505163179454292
769,0.02271657471477731,0.022346418881411326,0.022346418881411326,0.011374381089274133,0.022485492200385242,0.01423410443876448,0.022506108715310415
778,0.02271657471477731,0.022346418881411326,0.022346418881411326,0.011374381089274133,0.01692993664482969,0.021036825527199855,0.0231734057392145
779,0.02271657471477731,0.022346418881411326,0.022346418881411326,0.019707714422607468,0.022485492200385242,0.017635464982982168,0.021732650801239775
781,0.02271657471477731,0.022346418881411326,0.022346418881411326,0.0280410477559408,0.022485492200385242,0.01423410443876448,0.021429333972192464
787,0.02271657471477731,0.022346418881411326,0.022346418881411326,0.019707714422607468,0.019707714422607468,0.01423410443876448,0.022248289410620202
788,0.02271657471477731,0.022346418881411326,0.022346418881411326,0.011374381089274133,0.02526326997816302,0.034642267704070605,0.022369616142239125
796,0.02271657471477731,0.022346418881411326,0.022346418881411326,0.019707714422607468,0.0280410477559408,0.034642267704070605,0.021929806740120527
803,0.02271657471477731,0.022346418881411326,0.022346418881411326,0.019707714422607468,0.019707714422607468,0.01423410443876448,0.02158099238671612
810,0.02271657471477731,0.022346418881411326,0.022346418881411326,0.019707714422607468,0.019707714422607468,0.01423410443876448,0.02196013842302526
833,0.02271657471477731,0.022346418881411326,0.022346418881411326,0.019707714422607468,0.02526326997816302,0.017635464982982168,0.022142128520453646
860,0.02271657471477731,0.022346418881411326,0.022346418881411326,0.019707714422607468,0.036374381089274134,0.024438186071417543,0.021399002289287733
872,0.02271657471477731,0.022346418881411326,0.022346418881411326,0.0280410477559408,0.030818825533718577,0.02783954661563523,0.02188430921576343
890,0.02271657471477731,0.022346418881411326,0.022346418881411326,0.011374381089274133,0.019707714422607468,0.02783954661563523,0.022597103764024608
905,0.02271657471477731,0.022346418881411326,0.022346418881411326,0.011374381089274133,0.011374381089274133,0.017635464982982168,0.02411368790926116
907,0.02271657471477731,0.022346418881411326,0.022346418881411326,0.0280410477559408,0.0280410477559408,0.01423410443876448,0.021565826545263754
911,0.02271657471477731,0.022346418881411326,0.022346418881411326,0.044707714422607465,0.030818825533718577,0.024438186071417543,0.021535494862359023
919,0.02271657471477731,0.022346418881411326,0.022346418881411326,0.0280410477559408,0.02526326997816302,0.021036825527199855,0.021565826545263754
928,0.02271657471477731,0.022346418881411326,0.022346418881411326,0.019707714422607468,0.01692993664482969,0.01423410443876448,0.022187626044810744
948,0.02271657471477731,0.022346418881411326,0.022346418881411326,0.0280410477559408,0.0280410477559408,0.021036825527199855,0.02212696267900128
951,0.02271657471477731,0.022346418881411326,0.022346418881411326,0.0280410477559408,0.02526326997816302,0.03804362824828829,0.021429333972192464
963,0.02271657471477731,0.022346418881411326,0.022346418881411326,0.019707714422607468,0.022485492200385242,0.01423410443876448,0.02171748495978741
969,0.02271657471477731,0.022346418881411326,0.022346418881411326,0.0280410477559408,0.019707714422607468,0.010832743894546793,0.021429333972192464
972,0.02271657471477731,0.022346418881411326,0.022346418881411326,0.011374381089274133,0.022485492200385242,0.021036825527199855,0.022581937922572244
976,0.02271657471477731,0.022346418881411326,0.022346418881411326,0.0280410477559408,0.030818825533718577,0.02783954661563523,0.02144449981364483
984,0.02271657471477731,0.022346418881411326,0.022346418881411326,0.044707714422607465,0.030818825533718577,0.017635464982982168,0.02148999733800193
991,0.02271657471477731,0.022346418881411326,0.022346418881411326,0.019707714422607468,0.019707714422607468,0.01423410443876448,0.02148999733800193
994,0.02271657471477731,0.022346418881411326,0.022346418881411326,0.0280410477559408,0.019707714422607468,0.021036825527199855,0.0214141681307401
005,0.022666037759628856,0.021714706942055673,0.021714706942055673,0.019707714422607468,0.014152158867051911,0.021036825527199855,0.022248289410620202
024,0.022666037759628856,0.021714706942055673,0.021714706942055673,0.0280410477559408,0.022485492200385242,0.01423410443876448,0.021641655752525583
025,0.022666037759628856,0.021714706942055673,0.021714706942055673,0.019707714422607468,0.0280410477559408,0.024438186071417543,0.0214141681307401
038,0.022666037759628856,0.021714706942055673,0.021714706942055673,0.0280410477559408,0.022485492200385242,0.024438186071417543,0.0214141681307401
043,0.022666037759628856,0.021714706942055673,0.021714706942055673,0.0280410477559408,0.02526326997816302,0.021036825527199855,0.021899475057215796
083,0.022666037759628856,0.021714706942055673,0.021714706942055673,0.019707714422607468,0.030818825533718577,0.021036825527199855,0.021778148325596873
093,0.022666037759628856,0.021714706942055673,0.021714706942055673,0.011374381089274133,0.014152158867051911,0.021036825527199855,0.023689044348594923
100,0.022666037759628856,0.021714706942055673,0.021714706942055673,0.011374381089274133,0.022485492200385242,0.01423410443876448,0.022657767129834073
108,0.022666037759628856,0.021714706942055673,0.021714706942055673,0.011374381089274133,0.01692993664482969,0.024438186071417543,0.022703264654191167
128,0.022666037759628856,0.021714706942055673,0.021714706942055673,0.019707714422607468,0.022485492200385242,0.017635464982982168,0.02196013842302526
141,0.022666037759628856,0.021714706942055673,0.021714706942055673,0.019707714422607468,0.022485492200385242,0.01423410443876448,0.02171748495978741
165,0.022666037759628856,0.021714706942055673,0.021714706942055673,0.011374381089274133,0.02526326997816302,0.031240907159852914,0.02253644039821515
170,0.022666037759628856,0.021714706942055673,0.021714706942055673,0.019707714422607468,0.022485492200385242,0.01423410443876448,0.02199047010592999
210,0.022666037759628856,0.021714706942055673,0.021714706942055673,0.019707714422607468,0.01692993664482969,0.02783954661563523,0.021899475057215796
212,0.022666037759628856,0.021714706942055673,0.021714706942055673,0.0280410477559408,0.02526326997816302,0.010832743894546793,0.0218539775328587
223,0.022666037759628856,0.021714706942055673,0.021714706942055673,0.019707714422607468,0.02526326997816302,0.017635464982982168,0.02138383644783537
245,0.022666037759628856,0.021714706942055673,0.021714706942055673,0.0280410477559408,0.0280410477559408,0.024438186071417543,0.021656821593977946
258,0.022666037759628856,0.021714706942055673,0.021714706942055673,0.019707714422607468,0.01692993664482969,0.017635464982982168,0.021869143374311065
276,0.022666037759628856,0.021714706942055673,0.021714706942055673,0.0280410477559408,0.022485492200385242,0.02783954661563523,0.02158099238671612
286,0.022666037759628856,0.021714706942055673,0.021714706942055673,0.0280410477559408,0.022485492200385242,0.024438186071417543,0.021702319118335044
290,0.022666037759628856,0.021714706942055673,0.021714706942055673,0.019707714422607468,0.0280410477559408,0.021036825527199855,0.021869143374311065
309,0.022666037759628856,0.021714706942055673,0.021714706942055673,0.011374381089274133,0.011374381089274133,0.021036825527199855,0.02411368790926116
319,0.022666037759628856,0.021714706942055673,0.021714706942055673,0.011374381089274133,0.019707714422607468,0.024438186071417543,0.022551606239667513
325,0.022666037759628856,0.021714706942055673,0.021714706942055673,0.019707714422607468,0.022485492200385242,0.021036825527199855,0.02188430921576343
329,0.022666037759628856,0.021714706942055673,0.021714706942055673,0.0280410477559408,0.0280410477559408,0.021036825527199855,0.021869143374311065
334,0.022666037759628856,0.021714706942055673,0.021714706942055673,0.044707714422607465,0.02526326997816302,0.024438186071417543,0.021611324069620852
342,0.022666037759628856,0.021714706942055673,0.021714706942055673,0.011374381089274133,0.022485492200385242,0.021036825527199855,0.02303691316614321
350,0.022666037759628856,0.021714706942055673,0.021714706942055673,0.019707714422607468,0.02526326997816302,0.02783954661563523,0.02199047010592999
355,0.022666037759628856,0.021714706942055673,0.021714706942055673,0.0280410477559408,0.030818825533718577,0.017635464982982168,0.021656821593977946
384,0.022666037759628856,0.021714706942055673,0.021714706942055673,0.0280410477559408,0.03359660331149635,0.017635464982982168,0.021611324069620852
420,0.022666037759628856,0.021714706942055673,0.021714706942055673,0.036374381089274134,0.022485492200385242,0.017635464982982168,0.02159615822816849
424,0.022666037759628856,0.021714706942055673,0.021714706942055673,0.011374381089274133,0.014152158867051911,0.021036825527199855,0.022415113666596223
433,0.022666037759628856,0.021714706942055673,0.021714706942055673,0.036374381089274134,0.019707714422607468,0.021036825527199855,0.021611324069620852
439,0.022666037759628856,0.021714706942055673,0.021714706942055673,0.019707714422607468,0.014152158867051911,0.024438186071417543,0.021747816642692142
454,0.022666037759628856,0.021714706942055673,0.021714706942055673,0.011374381089274133,0.014152158867051911,0.024438186071417543,0.0231734057392145
483,0.022666037759628856,0.021714706942055673,0.021714706942055673,0.036374381089274134,0.02526326997816302,0.024438186071417543,0.021459665655097198
493,0.022666037759628856,0.021714706942055673,0.021714706942055673,0.036374381089274134,0.022485492200385242,0.021036825527199855,0.021732650801239775
518,0.022666037759628856,0.021714706942055673,0.021714706942055673,0.0280410477559408,0.022485492200385242,0.01423410443876448,0.02196013842302526
528,0.022666037759628856,0.021714706942055673,0.021714706942055673,0.0280410477559408,0.0280410477559408,0.021036825527199855,0.0218539775328587
529,0.022666037759628856,0.021714706942055673,0.021714706942055673,0.019707714422607468,0.01692993664482969,0.021036825527199855,0.021732650801239775
554,0.022666037759628856,0.021714706942055673,0.021714706942055673,0.0280410477559408,0.030818825533718577,0.017635464982982168,0.021399002289287733
563,0.022666037759628856,0.021714706942055673,0.021714706942055673,0.011374381089274133,0.01692993664482969,0.024438186071417543,0.02320373742211923
564,0.022666037759628856,0.021714706942055673,0.021714706942055673,0.011374381089274133,0.022485492200385242,0.031240907159852914,0.023006581483238482
575,0.022666037759628856,0.021714706942055673,0.021714706942055673,0.0280410477559408,0.019707714422607468,0.017635464982982168,0.021459665655097198
580,0.022666037759628856,0.021714706942055673,0.021714706942055673,0.036374381089274134,0.022485492200385242,0.017635464982982168,0.021429333972192464
587,0.022666037759628856,0.021714706942055673,0.021714706942055673,0.0280410477559408,0.019707714422607468,0.024438186071417543,0.021702319118335044
589,0.022666037759628856,0.021714706942055673,0.021714706942055673,0.011374381089274133,0.014152158867051911,0.021036825527199855,0.024053024543451696
590,0.022666037759628856,0.021714706942055673,0.021714706942055673,0.036374381089274134,0.022485492200385242,0.02783954661563523,0.021626489911073216
604,0.022666037759628856,0.021714706942055673,0.021714706942055673,0.019707714422607468,0.01692993664482969,0.021036825527199855,0.021429333972192464
611,0.022666037759628856,0.021714706942055673,0.021714706942055673,0.036374381089274134,0.0280410477559408,0.024438186071417543,0.02148999733800193
635,0.022666037759628856,0.021714706942055673,0.021714706942055673,0.044707714422607465,0.030818825533718577,0.02783954661563523,0.02147483149654956
638,0.022666037759628856,0.021714706942055673,0.021714706942055673,0.0280410477559408,0.03359660331149635,0.017635464982982168,0.022005635947382356
646,0.022666037759628856,0.021714706942055673,0.021714706942055673,0.0280410477559408,0.02526326997816302,0.017635464982982168,0.021838811691406335
648,0.022666037759628856,0.021714706942055673,0.021714706942055673,0.0530410477559408,0.0280410477559408,0.021036825527199855,0.0214141681307401
678,0.022666037759628856,0.021714706942055673,0.021714706942055673,0.019707714422607468,0.022485492200385242,0.01423410443876448,0.021399002289287733
692,0.022666037759628856,0.021714706942055673,0.021714706942055673,0.011374381089274133,0.01692993664482969,0.01423410443876448,0.022506108715310415
702,0.022666037759628856,0.021714706942055673,0.021714706942055673,0.0280410477559408,0.02526326997816302,0.021036825527199855,0.021975304264477625
719,0.022666037759628856,0.021714706942055673,0.021714706942055673,0.036374381089274134,0.02526326997816302,0.010832743894546793,0.021459665655097198
721,0.022666037759628856,0.021714706942055673,0.021714706942055673,0.011374381089274133,0.01692993664482969,0.021036825527199855,0.023916531970380406
725,0.022666037759628856,0.021714706942055673,0.021714706942055673,0.019707714422607468,0.01692993664482969,0.021036825527199855,0.022066299313191817
756,0.022666037759628856,0.021714706942055673,0.021714706942055673,0.019707714422607468,0.014152158867051911,0.024438186071417543,0.021671987435430314
798,0.022666037759628856,0.021714706942055673,0.021714706942055673,0.011374381089274133,0.014152158867051911,0.021036825527199855,0.023719376031499657
815,0.022666037759628856,0.021714706942055673,0.021714706942055673,0.011374381089274133,0.014152158867051911,0.021036825527199855,0.02290042059307192
831,0.022666037759628856,0.021714706942055673,0.021714706942055673,0.019707714422607468,0.02526326997816302,0.024438186071417543,0.021702319118335044
835,0.022666037759628856,0.021714706942055673,0.021714706942055673,0.011374381089274133,0.014152158867051911,0.024438186071417543,0.023294732470833423
837,0.022666037759628856,0.021714706942055673,0.021714706942055673,0.019707714422607468,0.014152158867051911,0.02783954661563523,0.021459665655097198
855,0.022666037759628856,0.021714706942055673,0.021714706942055673,0.0280410477559408,0.022485492200385242,0.017635464982982168,0.021732650801239775
865,0.022666037759628856,0.021714706942055673,0.021714706942055673,0.019707714422607468,0.019707714422607468,0.02783954661563523,0.021505163179454292
920,0.022666037759628856,0.021714706942055673,0.021714706942055673,0.019707714422607468,0.019707714422607468,0.017635464982982168,0.02158099238671612
941,0.022666037759628856,0.021714706942055673,0.021714706942055673,0.0280410477559408,0.030818825533718577,0.021036825527199855,0.021975304264477625
954,0.022666037759628856,0.021714706942055673,0.021714706942055673,0.0280410477559408,0.022485492200385242,0.021036825527199855,0.021778148325596873
985,0.022666037759628856,0.021714706942055673,0.021714706942055673,0.0280410477559408,0.022485492200385242,0.017635464982982168,0.021505163179454292
992,0.022666037759628856,0.021714706942055673,0.021714706942055673,0.011374381089274133,0.01692993664482969,0.01423410443876448,0.022885254751619555
011,0.022615500804480406,0.02108299500270002,0.02108299500270002,0.036374381089274134,0.0280410477559408,0.017635464982982168,0.021808480008501604
015,0.022615500804480406,0.02108299500270002,0.02108299500270002,0.019707714422607468,0.019707714422607468,0.024438186071417543,0.02221795772771547
018,0.022615500804480406,0.02108299500270002,0.02108299500270002,0.0280410477559408,0.019707714422607468,0.024438186071417543,0.022005635947382356
048,0.022615500804480406,0.02108299500270002,0.02108299500270002,0.0280410477559408,0.022485492200385242,0.017635464982982168,0.021626489911073216
064,0.022615500804480406,0.02108299500270002,0.02108299500270002,0.0280410477559408,0.022485492200385242,0.024438186071417543,0.022096630996096548
065,0.022615500804480406,0.02108299500270002,0.02108299500270002,0.011374381089274133,0.019707714422607468,0.024438186071417543,0.022718430495643534
067,0.022615500804480406,0.02108299500270002,0.02108299500270002,0.019707714422607468,0.01692993664482969,0.017635464982982168,0.021914640898668163
078,0.022615500804480406,0.02108299500270002,0.02108299500270002,0.019707714422607468,0.014152158867051911,0.010832743894546793,0.02159615822816849
089,0.022615500804480406,0.02108299500270002,0.02108299500270002,0.011374381089274133,0.01692993664482969,0.01423410443876448,0.02276392802000063
101,0.022615500804480406,0.02108299500270002,0.02108299500270002,0.011374381089274133,0.014152158867051911,0.017635464982982168,0.023234069105023965
107,0.022615500804480406,0.02108299500270002,0.02108299500270002,0.0280410477559408,0.019707714422607468,0.017635464982982168,0.021944972581572894
137,0.022615500804480406,0.02108299500270002,0.02108299500270002,0.019707714422607468,0.030818825533718577,0.024438186071417543,0.02182364584995397
148,0.022615500804480406,0.02108299500270002,0.02108299500270002,0.019707714422607468,0.03359660331149635,0.021036825527199855,0.021793314167049237
154,0.022615500804480406,0.02108299500270002,0.02108299500270002,0.019707714422607468,0.019707714422607468,0.021036825527199855,0.02215729436190601
156,0.022615500804480406,0.02108299500270002,0.02108299500270002,0.019707714422607468,0.022485492200385242,0.02783954661563523,0.021899475057215796
163,0.022615500804480406,0.02108299500270002,0.02108299500270002,0.019707714422607468,0.019707714422607468,0.017635464982982168,0.02226345525207257
185,0.022615500804480406,0.02108299500270002,0.02108299500270002,0.0280410477559408,0.030818825533718577,0.024438186071417543,0.02159615822816849
187,0.022615500804480406,0.02108299500270002,0.02108299500270002,0.011374381089274133,0.014152158867051911,0.024438186071417543,0.02299141564178611
203,0.022615500804480406,0.02108299500270002,0.02108299500270002,0.011374381089274133,0.019707714422607468,0.021036825527199855,0.022885254751619555
209,0.022615500804480406,0.02108299500270002,0.02108299500270002,0.019707714422607468,0.019707714422607468,0.017635464982982168,0.021611324069620852
214,0.022615500804480406,0.02108299500270002,0.02108299500270002,0.011374381089274133,0.022485492200385242,0.024438186071417543,0.022597103764024608
229,0.022615500804480406,0.02108299500270002,0.02108299500270002,0.019707714422607468,0.02526326997816302,0.02783954661563523,0.022172460203358377
241,0.022615500804480406,0.02108299500270002,0.02108299500270002,0.0280410477559408,0.022485492200385242,0.021036825527199855,0.021535494862359023
262,0.022615500804480406,0.02108299500270002,0.02108299500270002,0.019707714422607468,0.019707714422607468,0.021036825527199855,0.02138383644783537
266,0.022615500804480406,0.02108299500270002,0.02108299500270002,0.019707714422607468,0.01692993664482969,0.021036825527199855,0.022142128520453646
281,0.022615500804480406,0.02108299500270002,0.02108299500270002,0.011374381089274133,0.019707714422607468,0.021036825527199855,0.022839757227262458
282,0.022615500804480406,0.02108299500270002,0.02108299500270002,0.019707714422607468,0.01692993664482969,0.02783954661563523,0.02158099238671612
284,0.022615500804480406,0.02108299500270002,0.02108299500270002,0.019707714422607468,0.02526326997816302,0.02783954661563523,0.021793314167049237
285,0.022615500804480406,0.02108299500270002,0.02108299500270002,0.011374381089274133,0.014152158867051911,0.02783954661563523,0.02327956662938106
305,0.022615500804480406,0.02108299500270002,0.02108299500270002,0.019707714422607468,0.0280410477559408,0.024438186071417543,0.021505163179454292
337,0.022615500804480406,0.02108299500270002,0.02108299500270002,0.011374381089274133,0.019707714422607468,0.01423410443876448,0.022581937922572244
361,0.022615500804480406,0.02108299500270002,0.02108299500270002,0.019707714422607468,0.022485492200385242,0.017635464982982168,0.02202080178883472
366,0.022615500804480406,0.02108299500270002,0.02108299500270002,0.011374381089274133,0.01692993664482969,0.02783954661563523,0.022779093861453
386,0.022615500804480406,0.02108299500270002,0.02108299500270002,0.0280410477559408,0.01692993664482969,0.031240907159852914,0.021429333972192464
404,0.022615500804480406,0.02108299500270002,0.02108299500270002,0.0280410477559408,0.022485492200385242,0.031240907159852914,0.02171748495978741
410,0.022615500804480406,0.02108299500270002,0.02108299500270002,0.011374381089274133,0.022485492200385242,0.017635464982982168,0.02267293297128644
414,0.022615500804480406,0.02108299500270002,0.02108299500270002,0.011374381089274133,0.019707714422607468,0.017635464982982168,0.022718430495643534
421,0.022615500804480406,0.02108299500270002,0.02108299500270002,0.011374381089274133,0.01692993664482969,0.017635464982982168,0.022779093861453
448,0.022615500804480406,0.02108299500270002,0.02108299500270002,0.019707714422607468,0.022485492200385242,0.021036825527199855,0.02155066070381139
464,0.022615500804480406,0.02108299500270002,0.02108299500270002,0.019707714422607468,0.019707714422607468,0.017635464982982168,0.02221795772771547
467,0.022615500804480406,0.02108299500270002,0.02108299500270002,0.011374381089274133,0.014152158867051911,0.017635464982982168,0.02235445030078676
476,0.022615500804480406,0.02108299500270002,0.02108299500270002,0.011374381089274133,0.01692993664482969,0.02783954661563523,0.022339284459334394
494,0.022615500804480406,0.02108299500270002,0.02108299500270002,0.0280410477559408,0.02526326997816302,0.017635464982982168,0.02159615822816849
496,0.022615500804480406,0.02108299500270002,0.02108299500270002,0.019707714422607468,0.01692993664482969,0.021036825527199855,0.0218539775328587
500,0.022615500804480406,0.02108299500270002,0.02108299500270002,0.011374381089274133,0.01692993664482969,0.024438186071417543,0.022718430495643534
514,0.022615500804480406,0.02108299500270002,0.02108299500270002,0.0280410477559408,0.02526326997816302,0.021036825527199855,0.021656821593977946
520,0.022615500804480406,0.02108299500270002,0.02108299500270002,0.0280410477559408,0.02526326997816302,0.01423410443876448,0.021944972581572894
524,0.022615500804480406,0.02108299500270002,0.02108299500270002,0.036374381089274134,0.02526326997816302,0.017635464982982168,0.02158099238671612
534,0.022615500804480406,0.02108299500270002,0.02108299500270002,0.019707714422607468,0.014152158867051911,0.017635464982982168,0.021520329020906656
537,0.022615500804480406,0.02108299500270002,0.02108299500270002,0.0280410477559408,0.03359660331149635,0.02783954661563523,0.02147483149654956
538,0.022615500804480406,0.02108299500270002,0.02108299500270002,0.019707714422607468,0.014152158867051911,0.021036825527199855,0.021641655752525583
591,0.022615500804480406,0.02108299500270002,0.02108299500270002,0.011374381089274133,0.01692993664482969,0.034642267704070605,0.0236132151413331
608,0.022615500804480406,0.02108299500270002,0.02108299500270002,0.011374381089274133,0.01692993664482969,0.021036825527199855,0.022824591385810094
622,0.022615500804480406,0.02108299500270002,0.02108299500270002,0.061374381089274135,0.03359660331149635,0.024438186071417543,0.021565826545263754
623,0.022615500804480406,0.02108299500270002,0.02108299500270002,0.011374381089274133,0.01692993664482969,0.024438186071417543,0.023112742373405038
637,0.022615500804480406,0.02108299500270002,0.02108299500270002,0.0280410477559408,0.0280410477559408,0.01423410443876448,0.021671987435430314
649,0.022615500804480406,0.02108299500270002,0.02108299500270002,0.036374381089274134,0.022485492200385242,0.021036825527199855,0.022035967630287086
650,0.022615500804480406,0.02108299500270002,0.02108299500270002,0.036374381089274134,0.02526326997816302,0.034642267704070605,0.02147483149654956
660,0.022615500804480406,0.02108299500270002,0.02108299500270002,0.011374381089274133,0.02526326997816302,0.017635464982982168,0.022748762178548265
671,0.022615500804480406,0.02108299500270002,0.02108299500270002,0.011374381089274133,0.01692993664482969,0.017635464982982168,0.022794259702905363
673,0.022615500804480406,0.02108299500270002,0.02108299500270002,0.011374381089274133,0.014152158867051911,0.024438186071417543,0.0231734057392145
677,0.022615500804480406,0.02108299500270002,0.02108299500270002,0.0280410477559408,0.019707714422607468,0.017635464982982168,0.02188430921576343
699,0.022615500804480406,0.02108299500270002,0.02108299500270002,0.036374381089274134,0.02526326997816302,0.021036825527199855,0.02199047010592999
723,0.022615500804480406,0.02108299500270002,0.02108299500270002,0.011374381089274133,0.01692993664482969,0.02783954661563523,0.02253644039821515
771,0.022615500804480406,0.02108299500270002,0.02108299500270002,0.019707714422607468,0.022485492200385242,0.017635464982982168,0.021399002289287733
790,0.022615500804480406,0.02108299500270002,0.02108299500270002,0.044707714422607465,0.02526326997816302,0.017635464982982168,0.02171748495978741
809,0.022615500804480406,0.02108299500270002,0.02108299500270002,0.011374381089274133,0.022485492200385242,0.01423410443876448,0.02243027950804859
818,0.022615500804480406,0.02108299500270002,0.02108299500270002,0.011374381089274133,0.014152158867051911,0.01423410443876448,0.02327956662938106
822,0.022615500804480406,0.02108299500270002,0.02108299500270002,0.011374381089274133,0.01692993664482969,0.017635464982982168,0.0236132151413331
838,0.022615500804480406,0.02108299500270002,0.02108299500270002,0.0280410477559408,0.02526326997816302,0.017635464982982168,0.02138383644783537
842,0.022615500804480406,0.02108299500270002,0.02108299500270002,0.019707714422607468,0.022485492200385242,0.017635464982982168,0.021671987435430314
843,0.022615500804480406,0.02108299500270002,0.02108299500270002,0.0280410477559408,0.022485492200385242,0.02783954661563523,0.021565826545263754
845,0.022615500804480406,0.02108299500270002,0.02108299500270002,0.011374381089274133,0.019707714422607468,0.021036825527199855,0.022824591385810094
849,0.022615500804480406,0.02108299500270002,0.02108299500270002,0.019707714422607468,0.019707714422607468,0.017635464982982168,0.022248289410620202
852,0.022615500804480406,0.02108299500270002,0.02108299500270002,0.0280410477559408,0.0280410477559408,0.024438186071417543,0.021656821593977946
861,0.022615500804480406,0.02108299500270002,0.02108299500270002,0.019707714422607468,0.019707714422607468,0.024438186071417543,0.021565826545263754
884,0.022615500804480406,0.02108299500270002,0.02108299500270002,0.0280410477559408,0.030818825533718577,0.024438186071417543,0.021747816642692142
885,0.022615500804480406,0.02108299500270002,0.02108299500270002,0.0280410477559408,0.022485492200385242,0.02783954661563523,0.021565826545263754
901,0.022615500804480406,0.02108299500270002,0.02108299500270002,0.011374381089274133,0.022485492200385242,0.017635464982982168,0.022915586434524286
922,0.022615500804480406,0.02108299500270002,0.02108299500270002,0.0280410477559408,0.019707714422607468,0.031240907159852914,0.021611324069620852
940,0.022615500804480406,0.02108299500270002,0.02108299500270002,0.0280410477559408,0.019707714422607468,0.03804362824828829,0.021838811691406335
971,0.022615500804480406,0.02108299500270002,0.02108299500270002,0.019707714422607468,0.019707714422607468,0.02783954661563523,0.021808480008501604
995,0.022615500804480406,0.02108299500270002,0.02108299500270002,0.011374381089274133,0.011374381089274133,0.021036825527199855,0.02411368790926116
007,0.022564963849331952,0.020451283063344365,0.020451283063344365,0.011374381089274133,0.01692993664482969,0.017635464982982168,0.023567717616976003
016,0.022564963849331952,0.020451283063344365,0.020451283063344365,0.011374381089274133,0.01692993664482969,0.021036825527199855,0.022733596337095898
058,0.022564963849331952,0.020451283063344365,0.020451283063344365,0.011374381089274133,0.02526326997816302,0.017635464982982168,0.022703264654191167
061,0.022564963849331952,0.020451283063344365,0.020451283063344365,0.011374381089274133,0.030818825533718577,0.02783954661563523,0.02235445030078676
062,0.022564963849331952,0.020451283063344365,0.020451283063344365,0.036374381089274134,0.0280410477559408,0.01423410443876448,0.0214141681307401
066,0.022564963849331952,0.020451283063344365,0.020451283063344365,0.0280410477559408,0.0280410477559408,0.010832743894546793,0.02188430921576343
070,0.022564963849331952,0.020451283063344365,0.020451283063344365,0.0280410477559408,0.02526326997816302,0.017635464982982168,0.021793314167049237
094,0.022564963849331952,0.020451283063344365,0.020451283063344365,0.011374381089274133,0.014152158867051911,0.021036825527199855,0.023082410690500304
095,0.022564963849331952,0.020451283063344365,0.020451283063344365,0.019707714422607468,0.019707714422607468,0.021036825527199855,0.021944972581572894
103,0.022564963849331952,0.020451283063344365,0.020451283063344365,0.019707714422607468,0.02526326997816302,0.024438186071417543,0.02226345525207257
118,0.022564963849331952,0.020451283063344365,0.020451283063344365,0.019707714422607468,0.019707714422607468,0.024438186071417543,0.021899475057215796
120,0.022564963849331952,0.020451283063344365,0.020451283063344365,0.0280410477559408,0.030818825533718577,0.017635464982982168,0.02199047010592999
122,0.022564963849331952,0.020451283063344365,0.020451283063344365,0.019707714422607468,0.014152158867051911,0.017635464982982168,0.02171748495978741
152,0.022564963849331952,0.020451283063344365,0.020451283063344365,0.036374381089274134,0.019707714422607468,0.017635464982982168,0.02188430921576343
167,0.022564963849331952,0.020451283063344365,0.020451283063344365,0.019707714422607468,0.02526326997816302,0.02783954661563523,0.021611324069620852
193,0.022564963849331952,0.020451283063344365,0.020451283063344365,0.019707714422607468,0.02526326997816302,0.01423410443876448,0.021869143374311065
201,0.022564963849331952,0.020451283063344365,0.020451283063344365,0.011374381089274133,0.014152158867051911,0.02783954661563523,0.023916531970380406
207,0.022564963849331952,0.020451283063344365,0.020451283063344365,0.019707714422607468,0.01692993664482969,0.024438186071417543,0.021808480008501604
211,0.022564963849331952,0.020451283063344365,0.020451283063344365,0.019707714422607468,0.019707714422607468,0.021036825527199855,0.02188430921576343
226,0.022564963849331952,0.020451283063344365,0.020451283063344365,0.019707714422607468,0.01692993664482969,0.021036825527199855,0.02202080178883472
230,0.022564963849331952,0.020451283063344365,0.020451283063344365,0.011374381089274133,0.019707714422607468,0.017635464982982168,0.022612269605476975
233,0.022564963849331952,0.020451283063344365,0.020451283063344365,0.0280410477559408,0.019707714422607468,0.021036825527199855,0.021520329020906656
288,0.022564963849331952,0.020451283063344365,0.020451283063344365,0.019707714422607468,0.019707714422607468,0.017635464982982168,0.02144449981364483
295,0.022564963849331952,0.020451283063344365,0.020451283063344365,0.019707714422607468,0.022485492200385242,0.02783954661563523,0.02182364584995397
320,0.022564963849331952,0.020451283063344365,0.020451283063344365,0.019707714422607468,0.019707714422607468,0.02783954661563523,0.02199047010592999
332,0.022564963849331952,0.020451283063344365,0.020451283063344365,0.019707714422607468,0.01692993664482969,0.021036825527199855,0.02226345525207257
345,0.022564963849331952,0.020451283063344365,0.020451283063344365,0.0280410477559408,0.022485492200385242,0.017635464982982168,0.021671987435430314
357,0.022564963849331952,0.020451283063344365,0.020451283063344365,0.019707714422607468,0.0280410477559408,0.01423410443876448,0.02159615822816849
364,0.022564963849331952,0.020451283063344365,0.020451283063344365,0.019707714422607468,0.022485492200385242,0.017635464982982168,0.02158099238671612
367,0.022564963849331952,0.020451283063344365,0.020451283063344365,0.044707714422607465,0.0280410477559408,0.017635464982982168,0.021520329020906656
401,0.022564963849331952,0.020451283063344365,0.020451283063344365,0.011374381089274133,0.02526326997816302,0.017635464982982168,0.022718430495643534
408,0.022564963849331952,0.020451283063344365,0.020451283063344365,0.0280410477559408,0.019707714422607468,0.024438186071417543,0.021520329020906656
425,0.022564963849331952,0.020451283063344365,0.020451283063344365,0.011374381089274133,0.022485492200385242,0.021036825527199855,0.022718430495643534
455,0.022564963849331952,0.020451283063344365,0.020451283063344365,0.011374381089274133,0.02526326997816302,0.010832743894546793,0.022384781983691492
480,0.022564963849331952,0.020451283063344365,0.020451283063344365,0.019707714422607468,0.01692993664482969,0.021036825527199855,0.021535494862359023
511,0.022564963849331952,0.020451283063344365,0.020451283063344365,0.0280410477559408,0.019707714422607468,0.024438186071417543,0.021869143374311065
515,0.022564963849331952,0.020451283063344365,0.020451283063344365,0.019707714422607468,0.022485492200385242,0.024438186071417543,0.022035967630287086
531,0.022564963849331952,0.020451283063344365,0.020451283063344365,0.019707714422607468,0.019707714422607468,0.021036825527199855,0.021626489911073216
535,0.022564963849331952,0.020451283063344365,0.020451283063344365,0.011374381089274133,0.014152158867051911,0.01423410443876448,0.02355255177552364
541,0.022564963849331952,0.020451283063344365,0.020451283063344365,0.0280410477559408,0.01692993664482969,0.021036825527199855,0.02155066070381139
548,0.022564963849331952,0.020451283063344365,0.020451283063344365,0.0280410477559408,0.022485492200385242,0.017635464982982168,0.02168715327688268
550,0.022564963849331952,0.020451283063344365,0.020451283063344365,0.036374381089274134,0.02526326997816302,0.017635464982982168,0.02182364584995397
571,0.022564963849331952,0.020451283063344365,0.020451283063344365,0.019707714422607468,0.02526326997816302,0.01423410443876448,0.021778148325596873
574,0.022564963849331952,0.020451283063344365,0.020451283063344365,0.011374381089274133,0.02526326997816302,0.024438186071417543,0.022581937922572244
581,0.022564963849331952,0.020451283063344365,0.020451283063344365,0.011374381089274133,0.01692993664482969,0.021036825527199855,0.022733596337095898
593,0.022564963849331952,0.020451283063344365,0.020451283063344365,0.019707714422607468,0.019707714422607468,0.024438186071417543,0.02226345525207257
598,0.022564963849331952,0.020451283063344365,0.020451283063344365,0.011374381089274133,0.014152158867051911,0.021036825527199855,0.023582883458428367
613,0.022564963849331952,0.020451283063344365,0.020451283063344365,0.019707714422607468,0.0280410477559408,0.01423410443876448,0.021626489911073216
617,0.022564963849331952,0.020451283063344365,0.020451283063344365,0.019707714422607468,0.022485492200385242,0.02783954661563523,0.02215729436190601
640,0.022564963849331952,0.020451283063344365,0.020451283063344365,0.019707714422607468,0.02526326997816302,0.010832743894546793,0.021641655752525583
685,0.022564963849331952,0.020451283063344365,0.020451283063344365,0.0280410477559408,0.022485492200385242,0.017635464982982168,0.021459665655097198
701,0.022564963849331952,0.020451283063344365,0.020451283063344365,0.011374381089274133,0.014152158867051911,0.021036825527199855,0.02290042059307192
711,0.022564963849331952,0.020451283063344365,0.020451283063344365,0.011374381089274133,0.019707714422607468,0.021036825527199855,0.022870088910167192
739,0.022564963849331952,0.020451283063344365,0.020451283063344365,0.011374381089274133,0.022485492200385242,0.031240907159852914,0.022415113666596223
743,0.022564963849331952,0.020451283063344365,0.020451283063344365,0.019707714422607468,0.019707714422607468,0.021036825527199855,0.02211179683754891
744,0.022564963849331952,0.020451283063344365,0.020451283063344365,0.011374381089274133,0.01692993664482969,0.024438186071417543,0.02256677208111988
757,0.022564963849331952,0.020451283063344365,0.020451283063344365,0.011374381089274133,0.01692993664482969,0.010832743894546793,0.02293075227597665
763,0.022564963849331952,0.020451283063344365,0.020451283063344365,0.011374381089274133,0.019707714422607468,0.02783954661563523,0.022642601288381706
785,0.022564963849331952,0.020451283063344365,0.020451283063344365,0.0280410477559408,0.022485492200385242,0.021036825527199855,0.02168715327688268
825,0.022564963849331952,0.020451283063344365,0.020451283063344365,0.011374381089274133,0.014152158867051911,0.021036825527199855,0.022961083958881384
863,0.022564963849331952,0.020451283063344365,0.020451283063344365,0.036374381089274134,0.02526326997816302,0.021036825527199855,0.0218539775328587
881,0.022564963849331952,0.020451283063344365,0.020451283063344365,0.019707714422607468,0.022485492200385242,0.017635464982982168,0.02155066070381139
912,0.022564963849331952,0.020451283063344365,0.020451283063344365,0.011374381089274133,0.01692993664482969,0.024438186071417543,0.023400893360999982
935,0.022564963849331952,0.020451283063344365,0.020451283063344365,0.0280410477559408,0.01692993664482969,0.02783954661563523,0.02147483149654956
953,0.022564963849331952,0.020451283063344365,0.020451283063344365,0.011374381089274133,0.01692993664482969,0.017635464982982168,0.022597103764024608
961,0.022564963849331952,0.020451283063344365,0.020451283063344365,0.036374381089274134,0.0280410477559408,0.017635464982982168,0.02144449981364483
999,0.022564963849331952,0.020451283063344365,0.020451283063344365,0.0280410477559408,0.022485492200385242,0.031240907159852914,0.021778148325596873
037,0.022514426894183502,0.019819571123988713,0.019819571123988713,0.019707714422607468,0.019707714422607468,0.034642267704070605,0.021869143374311065
051,0.022514426894183502,0.019819571123988713,0.019819571123988713,0.019707714422607468,0.0280410477559408,0.021036825527199855,0.021611324069620852
060,0.022514426894183502,0.019819571123988713,0.019819571123988713,0.011374381089274133,0.01692993664482969,0.024438186071417543,0.02232411861788203
068,0.022514426894183502,0.019819571123988713,0.019819571123988713,0.0280410477559408,0.019707714422607468,0.024438186071417543,0.02144449981364483
072,0.022514426894183502,0.019819571123988713,0.019819571123988713,0.019707714422607468,0.01692993664482969,0.021036825527199855,0.02212696267900128
082,0.022514426894183502,0.019819571123988713,0.019819571123988713,0.0530410477559408,0.030818825533718577,0.017635464982982168,0.021565826545263754
142,0.022514426894183502,0.019819571123988713,0.019819571123988713,0.011374381089274133,0.01692993664482969,0.01423410443876448,0.022339284459334394
160,0.022514426894183502,0.019819571123988713,0.019819571123988713,0.0280410477559408,0.0280410477559408,0.021036825527199855,0.02148999733800193
171,0.022514426894183502,0.019819571123988713,0.019819571123988713,0.011374381089274133,0.022485492200385242,0.010832743894546793,0.022597103764024608
181,0.022514426894183502,0.019819571123988713,0.019819571123988713,0.0280410477559408,0.019707714422607468,0.017635464982982168,0.021762982484144506
182,0.022514426894183502,0.019819571123988713,0.019819571123988713,0.011374381089274133,0.014152158867051911,0.02783954661563523,0.02253644039821515
218,0.022514426894183502,0.019819571123988713,0.019819571123988713,0.011374381089274133,0.019707714422607468,0.01423410443876448,0.022839757227262458
222,0.022514426894183502,0.019819571123988713,0.019819571123988713,0.011374381089274133,0.01692993664482969,0.01423410443876448,0.022824591385810094
235,0.022514426894183502,0.019819571123988713,0.019819571123988713,0.036374381089274134,0.0280410477559408,0.01423410443876448,0.021429333972192464
256,0.022514426894183502,0.019819571123988713,0.019819571123988713,0.0280410477559408,0.019707714422607468,0.02783954661563523,0.021702319118335044
287,0.022514426894183502,0.019819571123988713,0.019819571123988713,0.036374381089274134,0.02526326997816302,0.021036825527199855,0.02182364584995397
293,0.022514426894183502,0.019819571123988713,0.019819571123988713,0.044707714422607465,0.02526326997816302,0.021036825527199855,0.02155066070381139
303,0.022514426894183502,0.019819571123988713,0.019819571123988713,0.011374381089274133,0.01692993664482969,0.021036825527199855,0.02334022999519052
324,0.022514426894183502,0.019819571123988713,0.019819571123988713,0.011374381089274133,0.01692993664482969,0.017635464982982168,0.022521274556762783
328,0.022514426894183502,0.019819571123988713,0.019819571123988713,0.011374381089274133,0.019707714422607468,0.024438186071417543,0.022794259702905363
372,0.022514426894183502,0.019819571123988713,0.019819571123988713,0.036374381089274134,0.022485492200385242,0.010832743894546793,0.021626489911073216
378,0.022514426894183502,0.019819571123988713,0.019819571123988713,0.011374381089274133,0.01692993664482969,0.01423410443876448,0.02320373742211923
387,0.022514426894183502,0.019819571123988713,0.019819571123988713,0.011374381089274133,0.01692993664482969,0.010832743894546793,0.022945918117429014
393,0.022514426894183502,0.019819571123988713,0.019819571123988713,0.011374381089274133,0.022485492200385242,0.02783954661563523,0.023234069105023965
405,0.022514426894183502,0.019819571123988713,0.019819571123988713,0.019707714422607468,0.01692993664482969,0.021036825527199855,0.022202791886263108
418,0.022514426894183502,0.019819571123988713,0.019819571123988713,0.011374381089274133,0.022485492200385242,0.021036825527199855,0.022339284459334394
440,0.022514426894183502,0.019819571123988713,0.019819571123988713,0.019707714422607468,0.02526326997816302,0.017635464982982168,0.022096630996096548
445,0.022514426894183502,0.019819571123988713,0.019819571123988713,0.019707714422607468,0.022485492200385242,0.021036825527199855,0.021399002289287733
457,0.022514426894183502,0.019819571123988713,0.019819571123988713,0.019707714422607468,0.019707714422607468,0.021036825527199855,0.021732650801239775
466,0.022514426894183502,0.019819571123988713,0.019819571123988713,0.011374381089274133,0.019707714422607468,0.02783954661563523,0.02253644039821515
486,0.022514426894183502,0.019819571123988713,0.019819571123988713,0.019707714422607468,0.014152158867051911,0.017635464982982168,0.022248289410620202
487,0.022514426894183502,0.019819571123988713,0.019819571123988713,0.011374381089274133,0.01692993664482969,0.024438186071417543,0.023431225043904713
499,0.022514426894183502,0.019819571123988713,0.019819571123988713,0.011374381089274133,0.01692993664482969,0.021036825527199855,0.022945918117429014
501,0.022514426894183502,0.019819571123988713,0.019819571123988713,0.0280410477559408,0.022485492200385242,0.017635464982982168,0.0214141681307401
533,0.022514426894183502,0.019819571123988713,0.019819571123988713,0.044707714422607465,0.02526326997816302,0.017635464982982168,0.021520329020906656
544,0.022514426894183502,0.019819571123988713,0.019819571123988713,0.0280410477559408,0.019707714422607468,0.017635464982982168,0.021975304264477625
552,0.022514426894183502,0.019819571123988713,0.019819571123988713,0.011374381089274133,0.011374381089274133,0.03804362824828829,0.02411368790926116
570,0.022514426894183502,0.019819571123988713,0.019819571123988713,0.0280410477559408,0.022485492200385242,0.021036825527199855,0.02182364584995397
600,0.022514426894183502,0.019819571123988713,0.019819571123988713,0.011374381089274133,0.011374381089274133,0.021036825527199855,0.02411368790926116
607,0.022514426894183502,0.019819571123988713,0.019819571123988713,0.019707714422607468,0.014152158867051911,0.017635464982982168,0.02202080178883472
656,0.022514426894183502,0.019819571123988713,0.019819571123988713,0.019707714422607468,0.01692993664482969,0.024438186071417543,0.021975304264477625
670,0.022514426894183502,0.019819571123988713,0.019819571123988713,0.0280410477559408,0.02526326997816302,0.017635464982982168,0.021929806740120527
722,0.022514426894183502,0.019819571123988713,0.019819571123988713,0.011374381089274133,0.019707714422607468,0.024438186071417543,0.022961083958881384
733,0.022514426894183502,0.019819571123988713,0.019819571123988713,0.044707714422607465,0.036374381089274134,0.017635464982982168,0.021399002289287733
759,0.022514426894183502,0.019819571123988713,0.019819571123988713,0.019707714422607468,0.01692993664482969,0.024438186071417543,0.02211179683754891
767,0.022514426894183502,0.019819571123988713,0.019819571123988713,0.0280410477559408,0.03359660331149635,0.017635464982982168,0.021914640898668163
806,0.022514426894183502,0.019819571123988713,0.019819571123988713,0.019707714422607468,0.01692993664482969,0.017635464982982168,0.02182364584995397
830,0.022514426894183502,0.019819571123988713,0.019819571123988713,0.019707714422607468,0.01692993664482969,0.017635464982982168,0.021808480008501604
834,0.022514426894183502,0.019819571123988713,0.019819571123988713,0.019707714422607468,0.022485492200385242,0.017635464982982168,0.022187626044810744
839,0.022514426894183502,0.019819571123988713,0.019819571123988713,0.0280410477559408,0.0280410477559408,0.01423410443876448,0.021611324069620852
846,0.022514426894183502,0.019819571123988713,0.019819571123988713,0.019707714422607468,0.019707714422607468,0.031240907159852914,0.021899475057215796
899,0.022514426894183502,0.019819571123988713,0.019819571123988713,0.0280410477559408,0.01692993664482969,0.031240907159852914,0.021762982484144506
925,0.022514426894183502,0.019819571123988713,0.019819571123988713,0.011374381089274133,0.011374381089274133,0.017635464982982168,0.02411368790926116
926,0.022514426894183502,0.019819571123988713,0.019819571123988713,0.011374381089274133,0.014152158867051911,0.017635464982982168,0.022551606239667513
973,0.022514426894183502,0.019819571123988713,0.019819571123988713,0.011374381089274133,0.019707714422607468,0.024438186071417543,0.02285492306871482
977,0.022514426894183502,0.019819571123988713,0.019819571123988713,0.0280410477559408,0.022485492200385242,0.031240907159852914,0.02168715327688268
002,0.02246388993903505,0.019187859184633057,0.019187859184633057,0.019707714422607468,0.01692993664482969,0.02783954661563523,0.021778148325596873
004,0.02246388993903505,0.019187859184633057,0.019187859184633057,0.019707714422607468,0.01692993664482969,0.01423410443876448,0.02159615822816849
027,0.02246388993903505,0.019187859184633057,0.019187859184633057,0.019707714422607468,0.01692993664482969,0.024438186071417543,0.022187626044810744
033,0.02246388993903505,0.019187859184633057,0.019187859184633057,0.019707714422607468,0.022485492200385242,0.017635464982982168,0.021899475057215796
069,0.02246388993903505,0.019187859184633057,0.019187859184633057,0.011374381089274133,0.014152158867051911,0.021036825527199855,0.02355255177552364
105,0.02246388993903505,0.019187859184633057,0.019187859184633057,0.011374381089274133,0.019707714422607468,0.024438186071417543,0.022490942873858052
220,0.02246388993903505,0.019187859184633057,0.019187859184633057,0.019707714422607468,0.01692993664482969,0.024438186071417543,0.022248289410620202
231,0.02246388993903505,0.019187859184633057,0.019187859184633057,0.019707714422607468,0.019707714422607468,0.017635464982982168,0.0214141681307401
247,0.02246388993903505,0.019187859184633057,0.019187859184633057,0.011374381089274133,0.019707714422607468,0.021036825527199855,0.022369616142239125
271,0.02246388993903505,0.019187859184633057,0.019187859184633057,0.0280410477559408,0.0280410477559408,0.024438186071417543,0.02148999733800193
333,0.02246388993903505,0.019187859184633057,0.019187859184633057,0.019707714422607468,0.019707714422607468,0.021036825527199855,0.021520329020906656
338,0.02246388993903505,0.019187859184633057,0.019187859184633057,0.011374381089274133,0.014152158867051911,0.021036825527199855,0.02324923494647633
374,0.02246388993903505,0.019187859184633057,0.019187859184633057,0.0280410477559408,0.0280410477559408,0.01423410443876448,0.0214141681307401
377,0.02246388993903505,0.019187859184633057,0.019187859184633057,0.0280410477559408,0.019707714422607468,0.01423410443876448,0.02155066070381139
469,0.02246388993903505,0.019187859184633057,0.019187859184633057,0.011374381089274133,0.01692993664482969,0.017635464982982168,0.022703264654191167
497,0.02246388993903505,0.019187859184633057,0.019187859184633057,0.019707714422607468,0.01692993664482969,0.021036825527199855,0.02223312356916784
502,0.02246388993903505,0.019187859184633057,0.019187859184633057,0.019707714422607468,0.022485492200385242,0.01423410443876448,0.021565826545263754
505,0.02246388993903505,0.019187859184633057,0.019187859184633057,0.011374381089274133,0.019707714422607468,0.01423410443876448,0.02243027950804859
527,0.02246388993903505,0.019187859184633057,0.019187859184633057,0.0280410477559408,0.022485492200385242,0.017635464982982168,0.021747816642692142
551,0.02246388993903505,0.019187859184633057,0.019187859184633057,0.019707714422607468,0.022485492200385242,0.02783954661563523,0.022051133471739454
693,0.02246388993903505,0.019187859184633057,0.019187859184633057,0.0280410477559408,0.022485492200385242,0.021036825527199855,0.021975304264477625
700,0.02246388993903505,0.019187859184633057,0.019187859184633057,0.019707714422607468,0.019707714422607468,0.024438186071417543,0.02147483149654956
706,0.02246388993903505,0.019187859184633057,0.019187859184633057,0.011374381089274133,0.019707714422607468,0.021036825527199855,0.02232411861788203
750,0.02246388993903505,0.019187859184633057,0.019187859184633057,0.011374381089274133,0.014152158867051911,0.024438186071417543,0.024098522067808794
754,0.02246388993903505,0.019187859184633057,0.019187859184633057,0.019707714422607468,0.019707714422607468,0.021036825527199855,0.021459665655097198
789,0.02246388993903505,0.019187859184633057,0.019187859184633057,0.019707714422607468,0.01692993664482969,0.017635464982982168,0.02158099238671612
792,0.02246388993903505,0.019187859184633057,0.019187859184633057,0.019707714422607468,0.019707714422607468,0.01423410443876448,0.022035967630287086
805,0.02246388993903505,0.019187859184633057,0.019187859184633057,0.011374381089274133,0.011374381089274133,0.024438186071417543,0.02411368790926116
821,0.02246388993903505,0.019187859184633057,0.019187859184633057,0.019707714422607468,0.019707714422607468,0.024438186071417543,0.02144449981364483
864,0.02246388993903505,0.019187859184633057,0.019187859184633057,0.0280410477559408,0.019707714422607468,0.017635464982982168,0.021778148325596873
868,0.02246388993903505,0.019187859184633057,0.019187859184633057,0.011374381089274133,0.014152158867051911,0.01423410443876448,0.022445445349500954
914,0.02246388993903505,0.019187859184633057,0.019187859184633057,0.0280410477559408,0.01692993664482969,0.017635464982982168,0.02171748495978741
947,0.02246388993903505,0.019187859184633057,0.019187859184633057,0.011374381089274133,0.019707714422607468,0.017635464982982168,0.022809425544357727
967,0.02246388993903505,0.019187859184633057,0.019187859184633057,0.036374381089274134,0.02526326997816302,0.02783954661563523,0.021459665655097198
056,0.022413352983886595,0.018556147245277405,0.018556147245277405,0.019707714422607468,0.01692993664482969,0.017635464982982168,0.02144449981364483
091,0.022413352983886595,0.018556147245277405,0.018556147245277405,0.0280410477559408,0.022485492200385242,0.02783954661563523,0.021702319118335044
134,0.022413352983886595,0.018556147245277405,0.018556147245277405,0.036374381089274134,0.022485492200385242,0.021036825527199855,0.02138383644783537
144,0.022413352983886595,0.018556147245277405,0.018556147245277405,0.019707714422607468,0.01692993664482969,0.021036825527199855,0.021520329020906656
146,0.022413352983886595,0.018556147245277405,0.018556147245277405,0.011374381089274133,0.01692993664482969,0.01423410443876448,0.022945918117429014
184,0.022413352983886595,0.018556147245277405,0.018556147245277405,0.011374381089274133,0.014152158867051911,0.017635464982982168,0.022506108715310415
234,0.022413352983886595,0.018556147245277405,0.018556147245277405,0.011374381089274133,0.014152158867051911,0.017635464982982168,0.023749707714404388
238,0.022413352983886595,0.018556147245277405,0.018556147245277405,0.019707714422607468,0.019707714422607468,0.01423410443876448,0.022051133471739454
242,0.022413352983886595,0.018556147245277405,0.018556147245277405,0.0280410477559408,0.022485492200385242,0.02783954661563523,0.02148999733800193
255,0.022413352983886595,0.018556147245277405,0.018556147245277405,0.011374381089274133,0.019707714422607468,0.010832743894546793,0.022824591385810094
269,0.022413352983886595,0.018556147245277405,0.018556147245277405,0.0280410477559408,0.019707714422607468,0.017635464982982168,0.02138383644783537
298,0.022413352983886595,0.018556147245277405,0.018556147245277405,0.019707714422607468,0.019707714422607468,0.017635464982982168,0.021762982484144506
323,0.022413352983886595,0.018556147245277405,0.018556147245277405,0.0280410477559408,0.019707714422607468,0.021036825527199855,0.02148999733800193
351,0.022413352983886595,0.018556147245277405,0.018556147245277405,0.0280410477559408,0.022485492200385242,0.021036825527199855,0.021732650801239775
354,0.022413352983886595,0.018556147245277405,0.018556147245277405,0.0280410477559408,0.02526326997816302,0.01423410443876448,0.021535494862359023
397,0.022413352983886595,0.018556147245277405,0.018556147245277405,0.011374381089274133,0.01692993664482969,0.017635464982982168,0.023855868604570948
406,0.022413352983886595,0.018556147245277405,0.018556147245277405,0.0280410477559408,0.022485492200385242,0.021036825527199855,0.02159615822816849
415,0.022413352983886595,0.018556147245277405,0.018556147245277405,0.011374381089274133,0.014152158867051911,0.017635464982982168,0.023719376031499657
453,0.022413352983886595,0.018556147245277405,0.018556147245277405,0.019707714422607468,0.019707714422607468,0.02783954661563523,0.02147483149654956
477,0.022413352983886595,0.018556147245277405,0.018556147245277405,0.011374381089274133,0.019707714422607468,0.024438186071417543,0.022581937922572244
506,0.022413352983886595,0.018556147245277405,0.018556147245277405,0.011374381089274133,0.01692993664482969,0.021036825527199855,0.02341605920245235
512,0.022413352983886595,0.018556147245277405,0.018556147245277405,0.019707714422607468,0.01692993664482969,0.01423410443876448,0.022278621093524936
513,0.022413352983886595,0.018556147245277405,0.018556147245277405,0.019707714422607468,0.019707714422607468,0.031240907159852914,0.021944972581572894
584,0.022413352983886595,0.018556147245277405,0.018556147245277405,0.011374381089274133,0.01692993664482969,0.021036825527199855,0.02243027950804859
588,0.022413352983886595,0.018556147245277405,0.018556147245277405,0.011374381089274133,0.01692993664482969,0.024438186071417543,0.02256677208111988
626,0.022413352983886595,0.018556147245277405,0.018556147245277405,0.011374381089274133,0.014152158867051911,0.017635464982982168,0.022718430495643534
664,0.022413352983886595,0.018556147245277405,0.018556147245277405,0.019707714422607468,0.019707714422607468,0.024438186071417543,0.021641655752525583
680,0.022413352983886595,0.018556147245277405,0.018556147245277405,0.019707714422607468,0.019707714422607468,0.010832743894546793,0.02199047010592999
713,0.022413352983886595,0.018556147245277405,0.018556147245277405,0.011374381089274133,0.022485492200385242,0.02783954661563523,0.022521274556762783
717,0.022413352983886595,0.018556147245277405,0.018556147245277405,0.019707714422607468,0.022485492200385242,0.021036825527199855,0.021732650801239775
734,0.022413352983886595,0.018556147245277405,0.018556147245277405,0.019707714422607468,0.02526326997816302,0.021036825527199855,0.021838811691406335
797,0.022413352983886595,0.018556147245277405,0.018556147245277405,0.019707714422607468,0.01692993664482969,0.01423410443876448,0.021869143374311065
886,0.022413352983886595,0.018556147245277405,0.018556147245277405,0.011374381089274133,0.014152158867051911,0.010832743894546793,0.023461556726809447
952,0.022413352983886595,0.018556147245277405,0.018556147245277405,0.019707714422607468,0.019707714422607468,0.01423410443876448,0.02144449981364483
958,0.022413352983886595,0.018556147245277405,0.018556147245277405,0.011374381089274133,0.014152158867051911,0.031240907159852914,0.024037858701999332
987,0.022413352983886595,0.018556147245277405,0.018556147245277405,0.011374381089274133,0.01692993664482969,0.021036825527199855,0.02276392802000063
006,0.022362816028738144,0.01792443530592175,0.01792443530592175,0.0280410477559408,0.022485492200385242,0.021036825527199855,0.02148999733800193
008,0.022362816028738144,0.01792443530592175,0.01792443530592175,0.019707714422607468,0.019707714422607468,0.01423410443876448,0.021778148325596873
055,0.022362816028738144,0.01792443530592175,0.01792443530592175,0.011374381089274133,0.02526326997816302,0.01423410443876448,0.022976249800333748
176,0.022362816028738144,0.01792443530592175,0.01792443530592175,0.011374381089274133,0.014152158867051911,0.021036825527199855,0.023264400787928692
204,0.022362816028738144,0.01792443530592175,0.01792443530592175,0.011374381089274133,0.019707714422607468,0.021036825527199855,0.02232411861788203
304,0.022362816028738144,0.01792443530592175,0.01792443530592175,0.019707714422607468,0.019707714422607468,0.01423410443876448,0.021535494862359023
359,0.022362816028738144,0.01792443530592175,0.01792443530592175,0.011374381089274133,0.022485492200385242,0.017635464982982168,0.022885254751619555
373,0.022362816028738144,0.01792443530592175,0.01792443530592175,0.011374381089274133,0.022485492200385242,0.01423410443876448,0.023264400787928692
459,0.022362816028738144,0.01792443530592175,0.01792443530592175,0.011374381089274133,0.011374381089274133,0.017635464982982168,0.02411368790926116
624,0.022362816028738144,0.01792443530592175,0.01792443530592175,0.019707714422607468,0.01692993664482969,0.021036825527199855,0.021793314167049237
628,0.022362816028738144,0.01792443530592175,0.01792443530592175,0.019707714422607468,0.019707714422607468,0.024438186071417543,0.021702319118335044
629,0.022362816028738144,0.01792443530592175,0.01792443530592175,0.0280410477559408,0.01692993664482969,0.024438186071417543,0.021671987435430314
667,0.022362816028738144,0.01792443530592175,0.01792443530592175,0.011374381089274133,0.011374381089274133,0.021036825527199855,0.02411368790926116
684,0.022362816028738144,0.01792443530592175,0.01792443530592175,0.019707714422607468,0.022485492200385242,0.017635464982982168,0.021399002289287733
714,0.022362816028738144,0.01792443530592175,0.01792443530592175,0.019707714422607468,0.0280410477559408,0.01423410443876448,0.02144449981364483
773,0.022362816028738144,0.01792443530592175,0.01792443530592175,0.036374381089274134,0.0280410477559408,0.01423410443876448,0.0218539775328587
808,0.022362816028738144,0.01792443530592175,0.01792443530592175,0.0280410477559408,0.019707714422607468,0.021036825527199855,0.021399002289287733
826,0.022362816028738144,0.01792443530592175,0.01792443530592175,0.011374381089274133,0.019707714422607468,0.021036825527199855,0.02256677208111988
856,0.022362816028738144,0.01792443530592175,0.01792443530592175,0.011374381089274133,0.01692993664482969,0.024438186071417543,0.022642601288381706
019,0.02231227907358969,0.017292723366566096,0.017292723366566096,0.019707714422607468,0.019707714422607468,0.01423410443876448,0.02159615822816849
029,0.02231227907358969,0.017292723366566096,0.017292723366566096,0.019707714422607468,0.01692993664482969,0.017635464982982168,0.021747816642692142
040,0.02231227907358969,0.017292723366566096,0.017292723366566096,0.0280410477559408,0.01692993664482969,0.010832743894546793,0.021702319118335044
085,0.02231227907358969,0.017292723366566096,0.017292723366566096,0.019707714422607468,0.01692993664482969,0.01423410443876448,0.021747816642692142
088,0.02231227907358969,0.017292723366566096,0.017292723366566096,0.019707714422607468,0.01692993664482969,0.017635464982982168,0.022202791886263108
227,0.02231227907358969,0.017292723366566096,0.017292723366566096,0.019707714422607468,0.019707714422607468,0.017635464982982168,0.02171748495978741
275,0.02231227907358969,0.017292723366566096,0.017292723366566096,0.011374381089274133,0.022485492200385242,0.01423410443876448,0.022369616142239125
343,0.02231227907358969,0.017292723366566096,0.017292723366566096,0.011374381089274133,0.01692993664482969,0.01423410443876448,0.022521274556762783
411,0.02231227907358969,0.017292723366566096,0.017292723366566096,0.011374381089274133,0.022485492200385242,0.010832743894546793,0.022627435446929342
436,0.02231227907358969,0.017292723366566096,0.017292723366566096,0.011374381089274133,0.019707714422607468,0.021036825527199855,0.022581937922572244
443,0.02231227907358969,0.017292723366566096,0.017292723366566096,0.019707714422607468,0.01692993664482969,0.017635464982982168,0.021793314167049237
456,0.02231227907358969,0.017292723366566096,0.017292723366566096,0.019707714422607468,0.01692993664482969,0.021036825527199855,0.021656821593977946
470,0.02231227907358969,0.017292723366566096,0.017292723366566096,0.019707714422607468,0.02526326997816302,0.017635464982982168,0.022202791886263108
474,0.02231227907358969,0.017292723366566096,0.017292723366566096,0.011374381089274133,0.014152158867051911,0.021036825527199855,0.02246061119095332
555,0.02231227907358969,0.017292723366566096,0.017292723366566096,0.019707714422607468,0.01692993664482969,0.01423410443876448,0.021641655752525583
657,0.02231227907358969,0.017292723366566096,0.017292723366566096,0.011374381089274133,0.01692993664482969,0.017635464982982168,0.022369616142239125
780,0.02231227907358969,0.017292723366566096,0.017292723366566096,0.011374381089274133,0.01692993664482969,0.021036825527199855,0.022885254751619555
784,0.02231227907358969,0.017292723366566096,0.017292723366566096,0.011374381089274133,0.022485492200385242,0.01423410443876448,0.023097576531952674
795,0.02231227907358969,0.017292723366566096,0.017292723366566096,0.036374381089274134,0.02526326997816302,0.017635464982982168,0.0214141681307401
870,0.02231227907358969,0.017292723366566096,0.017292723366566096,0.0280410477559408,0.022485492200385242,0.010832743894546793,0.021535494862359023
874,0.02231227907358969,0.017292723366566096,0.017292723366566096,0.0280410477559408,0.019707714422607468,0.010832743894546793,0.02144449981364483
041,0.02226174211844124,0.016661011427210444,0.016661011427210444,0.011374381089274133,0.014152158867051911,0.01423410443876448,0.023931697811832776
149,0.02226174211844124,0.016661011427210444,0.016661011427210444,0.011374381089274133,0.014152158867051911,0.017635464982982168,0.022915586434524286
253,0.02226174211844124,0.016661011427210444,0.016661011427210444,0.011374381089274133,0.01692993664482969,0.024438186071417543,0.02293075227597665
259,0.02226174211844124,0.016661011427210444,0.016661011427210444,0.011374381089274133,0.014152158867051911,0.017635464982982168,0.023355395836642884
434,0.02226174211844124,0.016661011427210444,0.016661011427210444,0.036374381089274134,0.02526326997816302,0.024438186071417543,0.02147483149654956
451,0.02226174211844124,0.016661011427210444,0.016661011427210444,0.011374381089274133,0.011374381089274133,0.01423410443876448,0.02411368790926116
576,0.02226174211844124,0.016661011427210444,0.016661011427210444,0.011374381089274133,0.011374381089274133,0.01423410443876448,0.02411368790926116
783,0.02226174211844124,0.016661011427210444,0.016661011427210444,0.011374381089274133,0.014152158867051911,0.01423410443876448,0.02290042059307192
802,0.02226174211844124,0.016661011427210444,0.016661011427210444,0.019707714422607468,0.01692993664482969,0.021036825527199855,0.02138383644783537
807,0.02226174211844124,0.016661011427210444,0.016661011427210444,0.0280410477559408,0.019707714422607468,0.01423410443876448,0.02147483149654956
812,0.02226174211844124,0.016661011427210444,0.016661011427210444,0.0280410477559408,0.022485492200385242,0.024438186071417543,0.021747816642692142
924,0.02226174211844124,0.016661011427210444,0.016661011427210444,0.019707714422607468,0.02526326997816302,0.021036825527199855,0.022051133471739454
017,0.022211205163292787,0.016029299487854788,0.016029299487854788,0.036374381089274134,0.02526326997816302,0.017635464982982168,0.021702319118335044
042,0.022211205163292787,0.016029299487854788,0.016029299487854788,0.0280410477559408,0.02526326997816302,0.024438186071417543,0.021793314167049237
090,0.022211205163292787,0.016029299487854788,0.016029299487854788,0.011374381089274133,0.019707714422607468,0.017635464982982168,0.02246061119095332
178,0.022211205163292787,0.016029299487854788,0.016029299487854788,0.019707714422607468,0.01692993664482969,0.021036825527199855,0.021793314167049237
400,0.022211205163292787,0.016029299487854788,0.016029299487854788,0.0280410477559408,0.019707714422607468,0.017635464982982168,0.021611324069620852
596,0.022211205163292787,0.016029299487854788,0.016029299487854788,0.0280410477559408,0.019707714422607468,0.021036825527199855,0.021838811691406335
658,0.022211205163292787,0.016029299487854788,0.016029299487854788,0.011374381089274133,0.01692993664482969,0.021036825527199855,0.023992361177642238
730,0.022211205163292787,0.016029299487854788,0.016029299487854788,0.0280410477559408,0.02526326997816302,0.01423410443876448,0.02148999733800193
828,0.022211205163292787,0.016029299487854788,0.016029299487854788,0.011374381089274133,0.022485492200385242,0.017635464982982168,0.023431225043904713
893,0.022211205163292787,0.016029299487854788,0.016029299487854788,0.036374381089274134,0.022485492200385242,0.010832743894546793,0.021626489911073216
929,0.022211205163292787,0.016029299487854788,0.016029299487854788,0.011374381089274133,0.01692993664482969,0.021036825527199855,0.02243027950804859
968,0.022211205163292787,0.016029299487854788,0.016029299487854788,0.011374381089274133,0.019707714422607468,0.01423410443876448,0.022551606239667513
979,0.022211205163292787,0.016029299487854788,0.016029299487854788,0.011374381089274133,0.01692993664482969,0.010832743894546793,0.02276392802000063
135,0.022160668208144337,0.015397587548499136,0.015397587548499136,0.011374381089274133,0.014152158867051911,0.021036825527199855,0.02293075227597665
315,0.022160668208144337,0.015397587548499136,0.015397587548499136,0.011374381089274133,0.011374381089274133,0.010832743894546793,0.02411368790926116
026,0.022110131252995883,0.014765875609143482,0.014765875609143482,0.011374381089274133,0.011374381089274133,0.017635464982982168,0.02411368790926116
747,0.02205959429784743,0.014134163669787828,0.014134163669787828,0.011374381089274133,0.014152158867051911,0.01423410443876448,0.023734541872952025
