number,probability,raw_model_probability,long_rate,short_rate,recent_long_rate,weekday_rate,gap_signal
662,0.023777850772894807,0.03561236960788006,0.03561236960788006,0.036374381089274134,0.0280410477559408,0.031240907159852914,0.021565826545263754
572,0.023575702952301,0.03308552185045744,0.03308552185045744,0.019707714422607468,0.0280410477559408,0.031240907159852914,0.02155066070381139
053,0.02352516599715255,0.03245380991110179,0.03245380991110179,0.0280410477559408,0.022485492200385242,0.02783954661563523,0.021520329020906656
697,0.02352516599715255,0.03245380991110179,0.03245380991110179,0.036374381089274134,0.03359660331149635,0.02783954661563523,0.02144449981364483
983,0.02352516599715255,0.03245380991110179,0.03245380991110179,0.036374381089274134,0.03359660331149635,0.044846349336723663,0.021793314167049237
369,0.023474629042004095,0.031822097971746136,0.031822097971746136,0.036374381089274134,0.02526326997816302,0.03804362824828829,0.021762982484144506
432,0.023474629042004095,0.031822097971746136,0.031822097971746136,0.044707714422607465,0.030818825533718577,0.04144498879250598,0.021747816642692142
526,0.023474629042004095,0.031822097971746136,0.031822097971746136,0.044707714422607465,0.03359660331149635,0.017635464982982168,0.02148999733800193
080,0.02342409208685564,0.03119038603239048,0.03119038603239048,0.061374381089274135,0.04748549220038524,0.034642267704070605,0.021565826545263754
592,0.02342409208685564,0.03119038603239048,0.03119038603239048,0.036374381089274134,0.030818825533718577,0.031240907159852914,0.021429333972192464
114,0.02337355513170719,0.030558674093034827,0.030558674093034827,0.0280410477559408,0.03915215886705191,0.04144498879250598,0.021399002289287733
186,0.02337355513170719,0.030558674093034827,0.030558674093034827,0.011374381089274133,0.0280410477559408,0.021036825527199855,0.022415113666596223
294,0.02337355513170719,0.030558674093034827,0.030558674093034827,0.0280410477559408,0.030818825533718577,0.021036825527199855,0.021429333972192464
370,0.02337355513170719,0.030558674093034827,0.030558674093034827,0.019707714422607468,0.0280410477559408,0.034642267704070605,0.021641655752525583
645,0.02337355513170719,0.030558674093034827,0.030558674093034827,0.0280410477559408,0.030818825533718577,0.031240907159852914,0.021641655752525583
653,0.02337355513170719,0.030558674093034827,0.030558674093034827,0.019707714422607468,0.0280410477559408,0.02783954661563523,0.022278621093524936
867,0.02337355513170719,0.030558674093034827,0.030558674093034827,0.044707714422607465,0.02526326997816302,0.021036825527199855,0.021505163179454292
878,0.02337355513170719,0.030558674093034827,0.030558674093034827,0.019707714422607468,0.022485492200385242,0.021036825527199855,0.02158099238671612
119,0.023323018176558737,0.02992696215367917,0.02992696215367917,0.0280410477559408,0.02526326997816302,0.02783954661563523,0.021399002289287733
179,0.023323018176558737,0.02992696215367917,0.02992696215367917,0.019707714422607468,0.030818825533718577,0.017635464982982168,0.02148999733800193
213,0.023323018176558737,0.02992696215367917,0.02992696215367917,0.019707714422607468,0.02526326997816302,0.017635464982982168,0.02171748495978741
484,0.023323018176558737,0.02992696215367917,0.02992696215367917,0.019707714422607468,0.019707714422607468,0.034642267704070605,0.022066299313191817
599,0.023323018176558737,0.02992696215367917,0.02992696215367917,0.0280410477559408,0.0280410477559408,0.02783954661563523,0.021399002289287733
964,0.023323018176558737,0.02992696215367917,0.02992696215367917,0.036374381089274134,0.03915215886705191,0.03804362824828829,0.021535494862359023
079,0.023272481221410287,0.02929525021432352,0.02929525021432352,0.019707714422607468,0.01692993664482969,0.024438186071417543,0.022051133471739454
243,0.023272481221410287,0.02929525021432352,0.02929525021432352,0.019707714422607468,0.0280410477559408,0.021036825527199855,0.021520329020906656
612,0.023272481221410287,0.02929525021432352,0.02929525021432352,0.0280410477559408,0.0280410477559408,0.024438186071417543,0.021793314167049237
676,0.023272481221410287,0.02929525021432352,0.02929525021432352,0.036374381089274134,0.03359660331149635,0.02783954661563523,0.021611324069620852
811,0.023272481221410287,0.02929525021432352,0.02929525021432352,0.0530410477559408,0.03359660331149635,0.034642267704070605,0.02159615822816849
875,0.023272481221410287,0.02929525021432352,0.02929525021432352,0.0280410477559408,0.030818825533718577,0.034642267704070605,0.0214141681307401
052,0.023221944266261833,0.028663538274967867,0.028663538274967867,0.0280410477559408,0.02526326997816302,0.02783954661563523,0.021565826545263754
057,0.023221944266261833,0.028663538274967867,0.028663538274967867,0.019707714422607468,0.030818825533718577,0.02783954661563523,0.02147483149654956
073,0.023221944266261833,0.028663538274967867,0.028663538274967867,0.0280410477559408,0.030818825533718577,0.021036825527199855,0.02168715327688268
267,0.023221944266261833,0.028663538274967867,0.028663538274967867,0.011374381089274133,0.0280410477559408,0.021036825527199855,0.022794259702905363
356,0.023221944266261833,0.028663538274967867,0.028663538274967867,0.019707714422607468,0.02526326997816302,0.031240907159852914,0.021626489911073216
473,0.023221944266261833,0.028663538274967867,0.028663538274967867,0.019707714422607468,0.030818825533718577,0.024438186071417543,0.021914640898668163
661,0.023221944266261833,0.028663538274967867,0.028663538274967867,0.044707714422607465,0.02526326997816302,0.021036825527199855,0.021611324069620852
724,0.023221944266261833,0.028663538274967867,0.028663538274967867,0.044707714422607465,0.030818825533718577,0.021036825527199855,0.02182364584995397
848,0.023221944266261833,0.028663538274967867,0.028663538274967867,0.0280410477559408,0.02526326997816302,0.02783954661563523,0.02147483149654956
854,0.023221944266261833,0.028663538274967867,0.028663538274967867,0.019707714422607468,0.02526326997816302,0.021036825527199855,0.022051133471739454
871,0.023221944266261833,0.028663538274967867,0.028663538274967867,0.0280410477559408,0.019707714422607468,0.02783954661563523,0.02147483149654956
906,0.023221944266261833,0.028663538274967867,0.028663538274967867,0.019707714422607468,0.030818825533718577,0.044846349336723663,0.02144449981364483
981,0.023221944266261833,0.028663538274967867,0.028663538274967867,0.044707714422607465,0.03359660331149635,0.024438186071417543,0.021429333972192464
000,0.02317140731111338,0.02803182633561221,0.02803182633561221,0.0280410477559408,0.030818825533718577,0.021036825527199855,0.021975304264477625
013,0.02317140731111338,0.02803182633561221,0.02803182633561221,0.0280410477559408,0.0280410477559408,0.021036825527199855,0.02144449981364483
092,0.02317140731111338,0.02803182633561221,0.02803182633561221,0.011374381089274133,0.0280410477559408,0.021036825527199855,0.022642601288381706
112,0.02317140731111338,0.02803182633561221,0.02803182633561221,0.019707714422607468,0.019707714422607468,0.02783954661563523,0.021565826545263754
151,0.02317140731111338,0.02803182633561221,0.02803182633561221,0.011374381089274133,0.022485492200385242,0.031240907159852914,0.022885254751619555
194,0.02317140731111338,0.02803182633561221,0.02803182633561221,0.019707714422607468,0.0280410477559408,0.02783954661563523,0.021869143374311065
221,0.02317140731111338,0.02803182633561221,0.02803182633561221,0.0280410477559408,0.02526326997816302,0.03804362824828829,0.021914640898668163
326,0.02317140731111338,0.02803182633561221,0.02803182633561221,0.036374381089274134,0.02526326997816302,0.024438186071417543,0.021535494862359023
422,0.02317140731111338,0.02803182633561221,0.02803182633561221,0.019707714422607468,0.019707714422607468,0.017635464982982168,0.02155066070381139
522,0.02317140731111338,0.02803182633561221,0.02803182633561221,0.0280410477559408,0.0280410477559408,0.024438186071417543,0.02155066070381139
532,0.02317140731111338,0.02803182633561221,0.02803182633561221,0.019707714422607468,0.030818825533718577,0.03804362824828829,0.021747816642692142
547,0.02317140731111338,0.02803182633561221,0.02803182633561221,0.044707714422607465,0.030818825533718577,0.02783954661563523,0.02148999733800193
556,0.02317140731111338,0.02803182633561221,0.02803182633561221,0.044707714422607465,0.036374381089274134,0.02783954661563523,0.021929806740120527
573,0.02317140731111338,0.02803182633561221,0.02803182633561221,0.019707714422607468,0.019707714422607468,0.031240907159852914,0.02148999733800193
619,0.02317140731111338,0.02803182633561221,0.02803182633561221,0.019707714422607468,0.030818825533718577,0.024438186071417543,0.02212696267900128
691,0.02317140731111338,0.02803182633561221,0.02803182633561221,0.019707714422607468,0.03359660331149635,0.04144498879250598,0.022081465154644184
715,0.02317140731111338,0.02803182633561221,0.02803182633561221,0.044707714422607465,0.030818825533718577,0.024438186071417543,0.021459665655097198
749,0.02317140731111338,0.02803182633561221,0.02803182633561221,0.036374381089274134,0.02526326997816302,0.017635464982982168,0.021626489911073216
774,0.02317140731111338,0.02803182633561221,0.02803182633561221,0.011374381089274133,0.03359660331149635,0.024438186071417543,0.02235445030078676
836,0.02317140731111338,0.02803182633561221,0.02803182633561221,0.0280410477559408,0.03359660331149635,0.017635464982982168,0.02188430921576343
898,0.02317140731111338,0.02803182633561221,0.02803182633561221,0.011374381089274133,0.019707714422607468,0.021036825527199855,0.023218903263571594
932,0.02317140731111338,0.02803182633561221,0.02803182633561221,0.0280410477559408,0.02526326997816302,0.02783954661563523,0.021656821593977946
957,0.02317140731111338,0.02803182633561221,0.02803182633561221,0.036374381089274134,0.036374381089274134,0.044846349336723663,0.02144449981364483
975,0.02317140731111338,0.02803182633561221,0.02803182633561221,0.019707714422607468,0.02526326997816302,0.02783954661563523,0.021535494862359023
978,0.02317140731111338,0.02803182633561221,0.02803182633561221,0.019707714422607468,0.022485492200385242,0.017635464982982168,0.022142128520453646
059,0.02312087035596493,0.02740011439625656,0.02740011439625656,0.036374381089274134,0.0280410477559408,0.02783954661563523,0.021626489911073216
081,0.02312087035596493,0.02740011439625656,0.02740011439625656,0.0280410477559408,0.030818825533718577,0.031240907159852914,0.021671987435430314
124,0.02312087035596493,0.02740011439625656,0.02740011439625656,0.011374381089274133,0.019707714422607468,0.02783954661563523,0.022703264654191167
138,0.02312087035596493,0.02740011439625656,0.02740011439625656,0.019707714422607468,0.0280410477559408,0.02783954661563523,0.021626489911073216
189,0.02312087035596493,0.02740011439625656,0.02740011439625656,0.044707714422607465,0.030818825533718577,0.031240907159852914,0.021459665655097198
292,0.02312087035596493,0.02740011439625656,0.02740011439625656,0.011374381089274133,0.02526326997816302,0.02783954661563523,0.0222937869349773
358,0.02312087035596493,0.02740011439625656,0.02740011439625656,0.019707714422607468,0.02526326997816302,0.02783954661563523,0.021702319118335044
362,0.02312087035596493,0.02740011439625656,0.02740011439625656,0.011374381089274133,0.01692993664482969,0.024438186071417543,0.022369616142239125
363,0.02312087035596493,0.02740011439625656,0.02740011439625656,0.019707714422607468,0.022485492200385242,0.031240907159852914,0.02182364584995397
409,0.02312087035596493,0.02740011439625656,0.02740011439625656,0.036374381089274134,0.036374381089274134,0.017635464982982168,0.02138383644783537
419,0.02312087035596493,0.02740011439625656,0.02740011439625656,0.011374381089274133,0.014152158867051911,0.02783954661563523,0.022490942873858052
475,0.02312087035596493,0.02740011439625656,0.02740011439625656,0.011374381089274133,0.019707714422607468,0.044846349336723663,0.02235445030078676
491,0.02312087035596493,0.02740011439625656,0.02740011439625656,0.011374381089274133,0.030818825533718577,0.02783954661563523,0.022581937922572244
523,0.02312087035596493,0.02740011439625656,0.02740011439625656,0.019707714422607468,0.02526326997816302,0.02783954661563523,0.021747816642692142
525,0.02312087035596493,0.02740011439625656,0.02740011439625656,0.036374381089274134,0.0280410477559408,0.031240907159852914,0.0218539775328587
620,0.02312087035596493,0.02740011439625656,0.02740011439625656,0.0280410477559408,0.022485492200385242,0.024438186071417543,0.02155066070381139
633,0.02312087035596493,0.02740011439625656,0.02740011439625656,0.036374381089274134,0.0280410477559408,0.024438186071417543,0.0214141681307401
729,0.02312087035596493,0.02740011439625656,0.02740011439625656,0.036374381089274134,0.030818825533718577,0.044846349336723663,0.02158099238671612
813,0.02312087035596493,0.02740011439625656,0.02740011439625656,0.019707714422607468,0.019707714422607468,0.031240907159852914,0.021762982484144506
916,0.02312087035596493,0.02740011439625656,0.02740011439625656,0.0280410477559408,0.022485492200385242,0.024438186071417543,0.02212696267900128
021,0.023070333400816476,0.026768402456900903,0.026768402456900903,0.044707714422607465,0.030818825533718577,0.021036825527199855,0.021399002289287733
035,0.023070333400816476,0.026768402456900903,0.026768402456900903,0.044707714422607465,0.0280410477559408,0.04144498879250598,0.021459665655097198
063,0.023070333400816476,0.026768402456900903,0.026768402456900903,0.036374381089274134,0.030818825533718577,0.024438186071417543,0.02144449981364483
102,0.023070333400816476,0.026768402456900903,0.026768402456900903,0.0280410477559408,0.022485492200385242,0.017635464982982168,0.022096630996096548
115,0.023070333400816476,0.026768402456900903,0.026768402456900903,0.019707714422607468,0.02526326997816302,0.01423410443876448,0.02199047010592999
127,0.023070333400816476,0.026768402456900903,0.026768402456900903,0.0280410477559408,0.022485492200385242,0.02783954661563523,0.02182364584995397
132,0.023070333400816476,0.026768402456900903,0.026768402456900903,0.044707714422607465,0.0280410477559408,0.021036825527199855,0.021671987435430314
174,0.023070333400816476,0.026768402456900903,0.026768402456900903,0.019707714422607468,0.030818825533718577,0.031240907159852914,0.02221795772771547
206,0.023070333400816476,0.026768402456900903,0.026768402456900903,0.019707714422607468,0.019707714422607468,0.021036825527199855,0.022202791886263108
224,0.023070333400816476,0.026768402456900903,0.026768402456900903,0.019707714422607468,0.02526326997816302,0.034642267704070605,0.021641655752525583
239,0.023070333400816476,0.026768402456900903,0.026768402456900903,0.019707714422607468,0.022485492200385242,0.044846349336723663,0.021565826545263754
244,0.023070333400816476,0.026768402456900903,0.026768402456900903,0.011374381089274133,0.022485492200385242,0.02783954661563523,0.02253644039821515
254,0.023070333400816476,0.026768402456900903,0.026768402456900903,0.0280410477559408,0.02526326997816302,0.021036825527199855,0.022035967630287086
274,0.023070333400816476,0.026768402456900903,0.026768402456900903,0.019707714422607468,0.014152158867051911,0.034642267704070605,0.022202791886263108
296,0.023070333400816476,0.026768402456900903,0.026768402456900903,0.019707714422607468,0.02526326997816302,0.024438186071417543,0.022142128520453646
336,0.023070333400816476,0.026768402456900903,0.026768402456900903,0.019707714422607468,0.022485492200385242,0.031240907159852914,0.021520329020906656
341,0.023070333400816476,0.026768402456900903,0.026768402456900903,0.011374381089274133,0.022485492200385242,0.021036825527199855,0.02239994782514386
394,0.023070333400816476,0.026768402456900903,0.026768402456900903,0.044707714422607465,0.03359660331149635,0.021036825527199855,0.021505163179454292
395,0.023070333400816476,0.026768402456900903,0.026768402456900903,0.019707714422607468,0.0280410477559408,0.031240907159852914,0.02144449981364483
492,0.023070333400816476,0.026768402456900903,0.026768402456900903,0.011374381089274133,0.02526326997816302,0.024438186071417543,0.022718430495643534
549,0.023070333400816476,0.026768402456900903,0.026768402456900903,0.011374381089274133,0.019707714422607468,0.017635464982982168,0.022308952776429667
605,0.023070333400816476,0.026768402456900903,0.026768402456900903,0.044707714422607465,0.03359660331149635,0.024438186071417543,0.021535494862359023
606,0.023070333400816476,0.026768402456900903,0.026768402456900903,0.036374381089274134,0.036374381089274134,0.02783954661563523,0.021747816642692142
634,0.023070333400816476,0.026768402456900903,0.026768402456900903,0.036374381089274134,0.02526326997816302,0.021036825527199855,0.021535494862359023
647,0.023070333400816476,0.026768402456900903,0.026768402456900903,0.0280410477559408,0.022485492200385242,0.010832743894546793,0.02182364584995397
665,0.023070333400816476,0.026768402456900903,0.026768402456900903,0.036374381089274134,0.02526326997816302,0.024438186071417543,0.021656821593977946
669,0.023070333400816476,0.026768402456900903,0.026768402456900903,0.0280410477559408,0.0280410477559408,0.034642267704070605,0.02158099238671612
720,0.023070333400816476,0.026768402456900903,0.026768402456900903,0.044707714422607465,0.036374381089274134,0.02783954661563523,0.021838811691406335
727,0.023070333400816476,0.026768402456900903,0.026768402456900903,0.019707714422607468,0.030818825533718577,0.01423410443876448,0.022066299313191817
742,0.023070333400816476,0.026768402456900903,0.026768402456900903,0.036374381089274134,0.0280410477559408,0.031240907159852914,0.021399002289287733
761,0.023070333400816476,0.026768402456900903,0.026768402456900903,0.036374381089274134,0.022485492200385242,0.034642267704070605,0.021732650801239775
902,0.023070333400816476,0.026768402456900903,0.026768402456900903,0.0280410477559408,0.022485492200385242,0.031240907159852914,0.021975304264477625
910,0.023070333400816476,0.026768402456900903,0.026768402456900903,0.019707714422607468,0.019707714422607468,0.024438186071417543,0.02144449981364483
937,0.023070333400816476,0.026768402456900903,0.026768402456900903,0.019707714422607468,0.019707714422607468,0.02783954661563523,0.02148999733800193
003,0.023019796445668025,0.02613669051754525,0.02613669051754525,0.044707714422607465,0.022485492200385242,0.017635464982982168,0.021535494862359023
031,0.023019796445668025,0.02613669051754525,0.02613669051754525,0.036374381089274134,0.0280410477559408,0.02783954661563523,0.0214141681307401
032,0.023019796445668025,0.02613669051754525,0.02613669051754525,0.019707714422607468,0.022485492200385242,0.024438186071417543,0.02196013842302526
087,0.023019796445668025,0.02613669051754525,0.02613669051754525,0.019707714422607468,0.022485492200385242,0.02783954661563523,0.021459665655097198
097,0.023019796445668025,0.02613669051754525,0.02613669051754525,0.0280410477559408,0.03359660331149635,0.02783954661563523,0.0214141681307401
111,0.023019796445668025,0.02613669051754525,0.02613669051754525,0.0280410477559408,0.02526326997816302,0.024438186071417543,0.0218539775328587
131,0.023019796445668025,0.02613669051754525,0.02613669051754525,0.036374381089274134,0.0280410477559408,0.02783954661563523,0.02147483149654956
139,0.023019796445668025,0.02613669051754525,0.02613669051754525,0.011374381089274133,0.014152158867051911,0.021036825527199855,0.022490942873858052
147,0.023019796445668025,0.02613669051754525,0.02613669051754525,0.019707714422607468,0.02526326997816302,0.024438186071417543,0.0214141681307401
158,0.023019796445668025,0.02613669051754525,0.02613669051754525,0.019707714422607468,0.01692993664482969,0.01423410443876448,0.02212696267900128
166,0.023019796445668025,0.02613669051754525,0.02613669051754525,0.0280410477559408,0.022485492200385242,0.024438186071417543,0.021975304264477625
169,0.023019796445668025,0.02613669051754525,0.02613669051754525,0.036374381089274134,0.030818825533718577,0.031240907159852914,0.02188430921576343
191,0.023019796445668025,0.02613669051754525,0.02613669051754525,0.019707714422607468,0.03359660331149635,0.021036825527199855,0.02188430921576343
200,0.023019796445668025,0.02613669051754525,0.02613669051754525,0.044707714422607465,0.0280410477559408,0.024438186071417543,0.0214141681307401
208,0.023019796445668025,0.02613669051754525,0.02613669051754525,0.019707714422607468,0.0280410477559408,0.024438186071417543,0.021611324069620852
217,0.023019796445668025,0.02613669051754525,0.02613669051754525,0.044707714422607465,0.0280410477559408,0.02783954661563523,0.021762982484144506
250,0.023019796445668025,0.02613669051754525,0.02613669051754525,0.0530410477559408,0.03915215886705191,0.017635464982982168,0.021626489911073216
289,0.023019796445668025,0.02613669051754525,0.02613669051754525,0.011374381089274133,0.014152158867051911,0.02783954661563523,0.02327956662938106
299,0.023019796445668025,0.02613669051754525,0.02613669051754525,0.0530410477559408,0.030818825533718577,0.024438186071417543,0.02148999733800193
344,0.023019796445668025,0.02613669051754525,0.02613669051754525,0.0280410477559408,0.022485492200385242,0.02783954661563523,0.021459665655097198
349,0.023019796445668025,0.02613669051754525,0.02613669051754525,0.0280410477559408,0.022485492200385242,0.024438186071417543,0.02171748495978741
391,0.023019796445668025,0.02613669051754525,0.02613669051754525,0.019707714422607468,0.0280410477559408,0.01423410443876448,0.021747816642692142
396,0.023019796445668025,0.02613669051754525,0.02613669051754525,0.011374381089274133,0.01692993664482969,0.024438186071417543,0.022490942873858052
417,0.023019796445668025,0.02613669051754525,0.02613669051754525,0.036374381089274134,0.030818825533718577,0.021036825527199855,0.021641655752525583
435,0.023019796445668025,0.02613669051754525,0.02613669051754525,0.0280410477559408,0.022485492200385242,0.017635464982982168,0.02148999733800193
447,0.023019796445668025,0.02613669051754525,0.02613669051754525,0.0280410477559408,0.02526326997816302,0.02783954661563523,0.022066299313191817
450,0.023019796445668025,0.02613669051754525,0.02613669051754525,0.019707714422607468,0.019707714422607468,0.034642267704070605,0.02158099238671612
481,0.023019796445668025,0.02613669051754525,0.02613669051754525,0.036374381089274134,0.0280410477559408,0.02783954661563523,0.021641655752525583
509,0.023019796445668025,0.02613669051754525,0.02613669051754525,0.044707714422607465,0.036374381089274134,0.01423410443876448,0.02138383644783537
543,0.023019796445668025,0.02613669051754525,0.02613669051754525,0.011374381089274133,0.01692993664482969,0.024438186071417543,0.022551606239667513
561,0.023019796445668025,0.02613669051754525,0.02613669051754525,0.0280410477559408,0.0280410477559408,0.031240907159852914,0.021656821593977946
568,0.023019796445668025,0.02613669051754525,0.02613669051754525,0.0280410477559408,0.030818825533718577,0.017635464982982168,0.02171748495978741
603,0.023019796445668025,0.02613669051754525,0.02613669051754525,0.036374381089274134,0.022485492200385242,0.03804362824828829,0.02147483149654956
625,0.023019796445668025,0.02613669051754525,0.02613669051754525,0.011374381089274133,0.0280410477559408,0.024438186071417543,0.022521274556762783
705,0.023019796445668025,0.02613669051754525,0.02613669051754525,0.044707714422607465,0.0280410477559408,0.021036825527199855,0.0214141681307401
710,0.023019796445668025,0.02613669051754525,0.02613669051754525,0.0280410477559408,0.022485492200385242,0.017635464982982168,0.022005635947382356
766,0.023019796445668025,0.02613669051754525,0.02613669051754525,0.011374381089274133,0.014152158867051911,0.017635464982982168,0.023522220092618906
794,0.023019796445668025,0.02613669051754525,0.02613669051754525,0.0280410477559408,0.02526326997816302,0.017635464982982168,0.021747816642692142
814,0.023019796445668025,0.02613669051754525,0.02613669051754525,0.011374381089274133,0.019707714422607468,0.031240907159852914,0.02334022999519052
829,0.023019796445668025,0.02613669051754525,0.02613669051754525,0.011374381089274133,0.019707714422607468,0.031240907159852914,0.022976249800333748
844,0.023019796445668025,0.02613669051754525,0.02613669051754525,0.011374381089274133,0.02526326997816302,0.02783954661563523,0.0222937869349773
847,0.023019796445668025,0.02613669051754525,0.02613669051754525,0.019707714422607468,0.022485492200385242,0.024438186071417543,0.021626489911073216
851,0.023019796445668025,0.02613669051754525,0.02613669051754525,0.044707714422607465,0.036374381089274134,0.03804362824828829,0.021399002289287733
879,0.023019796445668025,0.02613669051754525,0.02613669051754525,0.0280410477559408,0.02526326997816302,0.021036825527199855,0.021656821593977946
889,0.023019796445668025,0.02613669051754525,0.02613669051754525,0.0280410477559408,0.02526326997816302,0.02783954661563523,0.021429333972192464
903,0.023019796445668025,0.02613669051754525,0.02613669051754525,0.036374381089274134,0.02526326997816302,0.01423410443876448,0.021459665655097198
960,0.023019796445668025,0.02613669051754525,0.02613669051754525,0.019707714422607468,0.019707714422607468,0.021036825527199855,0.021732650801239775
966,0.023019796445668025,0.02613669051754525,0.02613669051754525,0.019707714422607468,0.014152158867051911,0.02783954661563523,0.021429333972192464
990,0.023019796445668025,0.02613669051754525,0.02613669051754525,0.019707714422607468,0.01692993664482969,0.017635464982982168,0.02147483149654956
014,0.02296925949051957,0.025504978578189598,0.025504978578189598,0.019707714422607468,0.02526326997816302,0.024438186071417543,0.021793314167049237
022,0.02296925949051957,0.025504978578189598,0.025504978578189598,0.019707714422607468,0.02526326997816302,0.031240907159852914,0.021459665655097198
049,0.02296925949051957,0.025504978578189598,0.025504978578189598,0.011374381089274133,0.01692993664482969,0.024438186071417543,0.02334022999519052
133,0.02296925949051957,0.025504978578189598,0.025504978578189598,0.0280410477559408,0.019707714422607468,0.034642267704070605,0.021808480008501604
168,0.02296925949051957,0.025504978578189598,0.025504978578189598,0.019707714422607468,0.0280410477559408,0.017635464982982168,0.021626489911073216
205,0.02296925949051957,0.025504978578189598,0.025504978578189598,0.0280410477559408,0.030818825533718577,0.024438186071417543,0.02138383644783537
313,0.02296925949051957,0.025504978578189598,0.025504978578189598,0.036374381089274134,0.030818825533718577,0.024438186071417543,0.021505163179454292
314,0.02296925949051957,0.025504978578189598,0.025504978578189598,0.0280410477559408,0.0280410477559408,0.021036825527199855,0.021899475057215796
318,0.02296925949051957,0.025504978578189598,0.025504978578189598,0.0280410477559408,0.02526326997816302,0.02783954661563523,0.021762982484144506
390,0.02296925949051957,0.025504978578189598,0.025504978578189598,0.0280410477559408,0.019707714422607468,0.02783954661563523,0.021399002289287733
398,0.02296925949051957,0.025504978578189598,0.025504978578189598,0.019707714422607468,0.03359660331149635,0.021036825527199855,0.021975304264477625
427,0.02296925949051957,0.025504978578189598,0.025504978578189598,0.036374381089274134,0.022485492200385242,0.017635464982982168,0.021429333972192464
482,0.02296925949051957,0.025504978578189598,0.025504978578189598,0.011374381089274133,0.014152158867051911,0.021036825527199855,0.022369616142239125
559,0.02296925949051957,0.025504978578189598,0.025504978578189598,0.019707714422607468,0.019707714422607468,0.031240907159852914,0.02226345525207257
565,0.02296925949051957,0.025504978578189598,0.025504978578189598,0.0280410477559408,0.022485492200385242,0.017635464982982168,0.021399002289287733
586,0.02296925949051957,0.025504978578189598,0.025504978578189598,0.0280410477559408,0.022485492200385242,0.024438186071417543,0.021944972581572894
594,0.02296925949051957,0.025504978578189598,0.025504978578189598,0.0280410477559408,0.022485492200385242,0.017635464982982168,0.02159615822816849
595,0.02296925949051957,0.025504978578189598,0.025504978578189598,0.0530410477559408,0.030818825533718577,0.01423410443876448,0.021429333972192464
609,0.02296925949051957,0.025504978578189598,0.025504978578189598,0.011374381089274133,0.019707714422607468,0.02783954661563523,0.02347672256826181
618,0.02296925949051957,0.025504978578189598,0.025504978578189598,0.0280410477559408,0.0280410477559408,0.021036825527199855,0.021929806740120527
627,0.02296925949051957,0.025504978578189598,0.025504978578189598,0.019707714422607468,0.02526326997816302,0.044846349336723663,0.022081465154644184
636,0.02296925949051957,0.025504978578189598,0.025504978578189598,0.0280410477559408,0.0280410477559408,0.017635464982982168,0.021520329020906656
666,0.02296925949051957,0.025504978578189598,0.025504978578189598,0.019707714422607468,0.030818825533718577,0.021036825527199855,0.02211179683754891
672,0.02296925949051957,0.025504978578189598,0.025504978578189598,0.011374381089274133,0.019707714422607468,0.024438186071417543,0.02303691316614321
686,0.02296925949051957,0.025504978578189598,0.025504978578189598,0.019707714422607468,0.02526326997816302,0.02783954661563523,0.021778148325596873
688,0.02296925949051957,0.025504978578189598,0.025504978578189598,0.036374381089274134,0.030818825533718577,0.024438186071417543,0.021762982484144506
740,0.02296925949051957,0.025504978578189598,0.025504978578189598,0.036374381089274134,0.03359660331149635,0.017635464982982168,0.021459665655097198
752,0.02296925949051957,0.025504978578189598,0.025504978578189598,0.0280410477559408,0.030818825533718577,0.021036825527199855,0.02147483149654956
764,0.02296925949051957,0.025504978578189598,0.025504978578189598,0.0280410477559408,0.030818825533718577,0.031240907159852914,0.021565826545263754
791,0.02296925949051957,0.025504978578189598,0.025504978578189598,0.0280410477559408,0.0280410477559408,0.021036825527199855,0.021505163179454292
799,0.02296925949051957,0.025504978578189598,0.025504978578189598,0.019707714422607468,0.02526326997816302,0.034642267704070605,0.02138383644783537
841,0.02296925949051957,0.025504978578189598,0.025504978578189598,0.019707714422607468,0.01692993664482969,0.021036825527199855,0.021914640898668163
853,0.02296925949051957,0.025504978578189598,0.025504978578189598,0.036374381089274134,0.02526326997816302,0.024438186071417543,0.02155066070381139
869,0.02296925949051957,0.025504978578189598,0.025504978578189598,0.019707714422607468,0.0280410477559408,0.017635464982982168,0.021975304264477625
877,0.02296925949051957,0.025504978578189598,0.025504978578189598,0.019707714422607468,0.02526326997816302,0.02783954661563523,0.02199047010592999
917,0.02296925949051957,0.025504978578189598,0.025504978578189598,0.0280410477559408,0.036374381089274134,0.017635464982982168,0.02168715327688268
936,0.02296925949051957,0.025504978578189598,0.025504978578189598,0.0280410477559408,0.022485492200385242,0.021036825527199855,0.02188430921576343
023,0.022918722535371118,0.024873266638833942,0.024873266638833942,0.019707714422607468,0.022485492200385242,0.024438186071417543,0.02168715327688268
028,0.022918722535371118,0.024873266638833942,0.024873266638833942,0.036374381089274134,0.02526326997816302,0.017635464982982168,0.02147483149654956
034,0.022918722535371118,0.024873266638833942,0.024873266638833942,0.0280410477559408,0.022485492200385242,0.02783954661563523,0.021838811691406335
046,0.022918722535371118,0.024873266638833942,0.024873266638833942,0.019707714422607468,0.0280410477559408,0.01423410443876448,0.02212696267900128
098,0.022918722535371118,0.024873266638833942,0.024873266638833942,0.0280410477559408,0.02526326997816302,0.02783954661563523,0.022142128520453646
106,0.022918722535371118,0.024873266638833942,0.024873266638833942,0.019707714422607468,0.030818825533718577,0.01423410443876448,0.021838811691406335
121,0.022918722535371118,0.024873266638833942,0.024873266638833942,0.019707714422607468,0.019707714422607468,0.017635464982982168,0.021929806740120527
125,0.022918722535371118,0.024873266638833942,0.024873266638833942,0.019707714422607468,0.0280410477559408,0.024438186071417543,0.02199047010592999
202,0.022918722535371118,0.024873266638833942,0.024873266638833942,0.0280410477559408,0.030818825533718577,0.021036825527199855,0.021929806740120527
215,0.022918722535371118,0.024873266638833942,0.024873266638833942,0.011374381089274133,0.01692993664482969,0.024438186071417543,0.022475777032405685
225,0.022918722535371118,0.024873266638833942,0.024873266638833942,0.011374381089274133,0.01692993664482969,0.021036825527199855,0.022657767129834073
228,0.022918722535371118,0.024873266638833942,0.024873266638833942,0.0280410477559408,0.022485492200385242,0.017635464982982168,0.02138383644783537
236,0.022918722535371118,0.024873266638833942,0.024873266638833942,0.036374381089274134,0.02526326997816302,0.021036825527199855,0.021671987435430314
246,0.022918722535371118,0.024873266638833942,0.024873266638833942,0.019707714422607468,0.0280410477559408,0.024438186071417543,0.022278621093524936
277,0.022918722535371118,0.024873266638833942,0.024873266638833942,0.019707714422607468,0.030818825533718577,0.02783954661563523,0.021944972581572894
278,0.022918722535371118,0.024873266638833942,0.024873266638833942,0.036374381089274134,0.030818825533718577,0.017635464982982168,0.02182364584995397
302,0.022918722535371118,0.024873266638833942,0.024873266638833942,0.019707714422607468,0.019707714422607468,0.03804362824828829,0.021565826545263754
310,0.022918722535371118,0.024873266638833942,0.024873266638833942,0.0280410477559408,0.019707714422607468,0.024438186071417543,0.021914640898668163
312,0.022918722535371118,0.024873266638833942,0.024873266638833942,0.011374381089274133,0.019707714422607468,0.021036825527199855,0.02276392802000063
316,0.022918722535371118,0.024873266638833942,0.024873266638833942,0.019707714422607468,0.022485492200385242,0.034642267704070605,0.021914640898668163
330,0.022918722535371118,0.024873266638833942,0.024873266638833942,0.011374381089274133,0.02526326997816302,0.024438186071417543,0.022824591385810094
360,0.022918722535371118,0.024873266638833942,0.024873266638833942,0.036374381089274134,0.036374381089274134,0.021036825527199855,0.02138383644783537
365,0.022918722535371118,0.024873266638833942,0.024873266638833942,0.019707714422607468,0.022485492200385242,0.017635464982982168,0.02171748495978741
380,0.022918722535371118,0.024873266638833942,0.024873266638833942,0.011374381089274133,0.01692993664482969,0.02783954661563523,0.02338572751954762
389,0.022918722535371118,0.024873266638833942,0.024873266638833942,0.011374381089274133,0.019707714422607468,0.02783954661563523,0.02235445030078676
431,0.022918722535371118,0.024873266638833942,0.024873266638833942,0.011374381089274133,0.014152158867051911,0.02783954661563523,0.023916531970380406
442,0.022918722535371118,0.024873266638833942,0.024873266638833942,0.0280410477559408,0.03359660331149635,0.024438186071417543,0.021914640898668163
460,0.022918722535371118,0.024873266638833942,0.024873266638833942,0.0280410477559408,0.0280410477559408,0.02783954661563523,0.021459665655097198
461,0.022918722535371118,0.024873266638833942,0.024873266638833942,0.019707714422607468,0.022485492200385242,0.024438186071417543,0.022248289410620202
463,0.022918722535371118,0.024873266638833942,0.024873266638833942,0.0280410477559408,0.022485492200385242,0.02783954661563523,0.022035967630287086
508,0.022918722535371118,0.024873266638833942,0.024873266638833942,0.0280410477559408,0.019707714422607468,0.02783954661563523,0.0218539775328587
510,0.022918722535371118,0.024873266638833942,0.024873266638833942,0.0280410477559408,0.03359660331149635,0.024438186071417543,0.021702319118335044
517,0.022918722535371118,0.024873266638833942,0.024873266638833942,0.036374381089274134,0.0280410477559408,0.024438186071417543,0.02168715327688268
582,0.022918722535371118,0.024873266638833942,0.024873266638833942,0.0280410477559408,0.0280410477559408,0.03804362824828829,0.022172460203358377
601,0.022918722535371118,0.024873266638833942,0.024873266638833942,0.0280410477559408,0.022485492200385242,0.01423410443876448,0.021611324069620852
610,0.022918722535371118,0.024873266638833942,0.024873266638833942,0.044707714422607465,0.022485492200385242,0.017635464982982168,0.021565826545263754
651,0.022918722535371118,0.024873266638833942,0.024873266638833942,0.036374381089274134,0.030818825533718577,0.02783954661563523,0.0218539775328587
652,0.022918722535371118,0.024873266638833942,0.024873266638833942,0.019707714422607468,0.02526326997816302,0.024438186071417543,0.021975304264477625
679,0.022918722535371118,0.024873266638833942,0.024873266638833942,0.019707714422607468,0.019707714422607468,0.02783954661563523,0.021641655752525583
683,0.022918722535371118,0.024873266638833942,0.024873266638833942,0.0280410477559408,0.022485492200385242,0.02783954661563523,0.02171748495978741
704,0.022918722535371118,0.024873266638833942,0.024873266638833942,0.036374381089274134,0.0280410477559408,0.034642267704070605,0.021702319118335044
718,0.022918722535371118,0.024873266638833942,0.024873266638833942,0.0280410477559408,0.02526326997816302,0.01423410443876448,0.02182364584995397
736,0.022918722535371118,0.024873266638833942,0.024873266638833942,0.019707714422607468,0.019707714422607468,0.010832743894546793,0.02144449981364483
745,0.022918722535371118,0.024873266638833942,0.024873266638833942,0.011374381089274133,0.014152158867051911,0.02783954661563523,0.022688098812738804
775,0.022918722535371118,0.024873266638833942,0.024873266638833942,0.0280410477559408,0.01692993664482969,0.01423410443876448,0.022005635947382356
804,0.022918722535371118,0.024873266638833942,0.024873266638833942,0.019707714422607468,0.02526326997816302,0.02783954661563523,0.021399002289287733
816,0.022918722535371118,0.024873266638833942,0.024873266638833942,0.011374381089274133,0.014152158867051911,0.01423410443876448,0.022597103764024608
832,0.022918722535371118,0.024873266638833942,0.024873266638833942,0.011374381089274133,0.019707714422607468,0.02783954661563523,0.02235445030078676
850,0.022918722535371118,0.024873266638833942,0.024873266638833942,0.0280410477559408,0.022485492200385242,0.02783954661563523,0.021929806740120527
876,0.022918722535371118,0.024873266638833942,0.024873266638833942,0.0280410477559408,0.0280410477559408,0.034642267704070605,0.021520329020906656
883,0.022918722535371118,0.024873266638833942,0.024873266638833942,0.011374381089274133,0.022485492200385242,0.031240907159852914,0.0222937869349773
887,0.022918722535371118,0.024873266638833942,0.024873266638833942,0.019707714422607468,0.02526326997816302,0.010832743894546793,0.02196013842302526
888,0.022918722535371118,0.024873266638833942,0.024873266638833942,0.044707714422607465,0.030818825533718577,0.010832743894546793,0.021505163179454292
904,0.022918722535371118,0.024873266638833942,0.024873266638833942,0.0280410477559408,0.019707714422607468,0.017635464982982168,0.02202080178883472
908,0.022918722535371118,0.024873266638833942,0.024873266638833942,0.0280410477559408,0.01692993664482969,0.017635464982982168,0.021838811691406335
913,0.022918722535371118,0.024873266638833942,0.024873266638833942,0.0280410477559408,0.030818825533718577,0.02783954661563523,0.02159615822816849
927,0.022918722535371118,0.024873266638833942,0.024873266638833942,0.011374381089274133,0.03359660331149635,0.021036825527199855,0.022703264654191167
938,0.022918722535371118,0.024873266638833942,0.024873266638833942,0.044707714422607465,0.03359660331149635,0.021036825527199855,0.021702319118335044
946,0.022918722535371118,0.024873266638833942,0.024873266638833942,0.036374381089274134,0.019707714422607468,0.024438186071417543,0.02182364584995397
982,0.022918722535371118,0.024873266638833942,0.024873266638833942,0.036374381089274134,0.03359660331149635,0.021036825527199855,0.021869143374311065
989,0.022918722535371118,0.024873266638833942,0.024873266638833942,0.011374381089274133,0.0280410477559408,0.024438186071417543,0.022308952776429667
074,0.022868185580222668,0.02424155469947829,0.02424155469947829,0.044707714422607465,0.030818825533718577,0.02783954661563523,0.021747816642692142
075,0.022868185580222668,0.02424155469947829,0.02424155469947829,0.019707714422607468,0.022485492200385242,0.01423410443876448,0.02212696267900128
104,0.022868185580222668,0.02424155469947829,0.02424155469947829,0.011374381089274133,0.02526326997816302,0.021036825527199855,0.02243027950804859
109,0.022868185580222668,0.02424155469947829,0.02424155469947829,0.019707714422607468,0.022485492200385242,0.024438186071417543,0.021732650801239775
150,0.022868185580222668,0.02424155469947829,0.02424155469947829,0.0280410477559408,0.036374381089274134,0.02783954661563523,0.021520329020906656
159,0.022868185580222668,0.02424155469947829,0.02424155469947829,0.011374381089274133,0.01692993664482969,0.017635464982982168,0.023734541872952025
162,0.022868185580222668,0.02424155469947829,0.02424155469947829,0.044707714422607465,0.0280410477559408,0.031240907159852914,0.021869143374311065
190,0.022868185580222668,0.02424155469947829,0.02424155469947829,0.011374381089274133,0.01692993664482969,0.017635464982982168,0.02239994782514386
196,0.022868185580222668,0.02424155469947829,0.02424155469947829,0.019707714422607468,0.02526326997816302,0.02783954661563523,0.02188430921576343
216,0.022868185580222668,0.02424155469947829,0.02424155469947829,0.019707714422607468,0.01692993664482969,0.024438186071417543,0.02158099238671612
252,0.022868185580222668,0.02424155469947829,0.02424155469947829,0.0280410477559408,0.03359660331149635,0.034642267704070605,0.02171748495978741
264,0.022868185580222668,0.02424155469947829,0.02424155469947829,0.0280410477559408,0.019707714422607468,0.021036825527199855,0.02159615822816849
270,0.022868185580222668,0.02424155469947829,0.02424155469947829,0.0280410477559408,0.02526326997816302,0.021036825527199855,0.02155066070381139
291,0.022868185580222668,0.02424155469947829,0.02424155469947829,0.011374381089274133,0.019707714422607468,0.017635464982982168,0.022384781983691492
297,0.022868185580222668,0.02424155469947829,0.02424155469947829,0.011374381089274133,0.014152158867051911,0.024438186071417543,0.023112742373405038
300,0.022868185580222668,0.02424155469947829,0.02424155469947829,0.036374381089274134,0.022485492200385242,0.021036825527199855,0.02171748495978741
306,0.022868185580222668,0.02424155469947829,0.02424155469947829,0.011374381089274133,0.01692993664482969,0.024438186071417543,0.02276392802000063
307,0.022868185580222668,0.02424155469947829,0.02424155469947829,0.011374381089274133,0.02526326997816302,0.01423410443876448,0.022612269605476975
308,0.022868185580222668,0.02424155469947829,0.02424155469947829,0.019707714422607468,0.019707714422607468,0.024438186071417543,0.021869143374311065
317,0.022868185580222668,0.02424155469947829,0.02424155469947829,0.019707714422607468,0.022485492200385242,0.017635464982982168,0.0218539775328587
335,0.022868185580222668,0.02424155469947829,0.02424155469947829,0.0280410477559408,0.022485492200385242,0.02783954661563523,0.02168715327688268
339,0.022868185580222668,0.02424155469947829,0.02424155469947829,0.036374381089274134,0.02526326997816302,0.02783954661563523,0.021505163179454292
353,0.022868185580222668,0.02424155469947829,0.02424155469947829,0.0280410477559408,0.022485492200385242,0.031240907159852914,0.021520329020906656
368,0.022868185580222668,0.02424155469947829,0.02424155469947829,0.0280410477559408,0.02526326997816302,0.01423410443876448,0.022051133471739454
379,0.022868185580222668,0.02424155469947829,0.02424155469947829,0.0280410477559408,0.022485492200385242,0.021036825527199855,0.021914640898668163
381,0.022868185580222668,0.02424155469947829,0.02424155469947829,0.036374381089274134,0.030818825533718577,0.02783954661563523,0.02182364584995397
382,0.022868185580222668,0.02424155469947829,0.02424155469947829,0.011374381089274133,0.02526326997816302,0.021036825527199855,0.022308952776429667
402,0.022868185580222668,0.02424155469947829,0.02424155469947829,0.0280410477559408,0.022485492200385242,0.01423410443876448,0.021399002289287733
407,0.022868185580222668,0.02424155469947829,0.02424155469947829,0.011374381089274133,0.022485492200385242,0.034642267704070605,0.022551606239667513
472,0.022868185580222668,0.02424155469947829,0.02424155469947829,0.036374381089274134,0.02526326997816302,0.024438186071417543,0.021611324069620852
485,0.022868185580222668,0.02424155469947829,0.02424155469947829,0.019707714422607468,0.02526326997816302,0.024438186071417543,0.022248289410620202
488,0.022868185580222668,0.02424155469947829,0.02424155469947829,0.011374381089274133,0.011374381089274133,0.021036825527199855,0.02411368790926116
490,0.022868185580222668,0.02424155469947829,0.02424155469947829,0.011374381089274133,0.036374381089274134,0.021036825527199855,0.022885254751619555
542,0.022868185580222668,0.02424155469947829,0.02424155469947829,0.0530410477559408,0.0280410477559408,0.031240907159852914,0.02155066070381139
557,0.022868185580222668,0.02424155469947829,0.02424155469947829,0.0280410477559408,0.019707714422607468,0.01423410443876448,0.021520329020906656
566,0.022868185580222668,0.02424155469947829,0.02424155469947829,0.011374381089274133,0.022485492200385242,0.017635464982982168,0.022369616142239125
569,0.022868185580222668,0.02424155469947829,0.02424155469947829,0.019707714422607468,0.030818825533718577,0.021036825527199855,0.0218539775328587
579,0.022868185580222668,0.02424155469947829,0.02424155469947829,0.019707714422607468,0.02526326997816302,0.021036825527199855,0.02138383644783537
597,0.022868185580222668,0.02424155469947829,0.02424155469947829,0.0280410477559408,0.022485492200385242,0.024438186071417543,0.021869143374311065
615,0.022868185580222668,0.02424155469947829,0.02424155469947829,0.019707714422607468,0.022485492200385242,0.024438186071417543,0.022081465154644184
632,0.022868185580222668,0.02424155469947829,0.02424155469947829,0.011374381089274133,0.019707714422607468,0.024438186071417543,0.02232411861788203
659,0.022868185580222668,0.02424155469947829,0.02424155469947829,0.011374381089274133,0.014152158867051911,0.02783954661563523,0.02267293297128644
689,0.022868185580222668,0.02424155469947829,0.02424155469947829,0.019707714422607468,0.022485492200385242,0.024438186071417543,0.021944972581572894
690,0.022868185580222668,0.02424155469947829,0.02424155469947829,0.019707714422607468,0.022485492200385242,0.02783954661563523,0.022096630996096548
694,0.022868185580222668,0.02424155469947829,0.02424155469947829,0.011374381089274133,0.019707714422607468,0.03804362824828829,0.022915586434524286
698,0.022868185580222668,0.02424155469947829,0.02424155469947829,0.0280410477559408,0.01692993664482969,0.021036825527199855,0.021565826545263754
726,0.022868185580222668,0.02424155469947829,0.02424155469947829,0.0280410477559408,0.0280410477559408,0.024438186071417543,0.02158099238671612
735,0.022868185580222668,0.02424155469947829,0.02424155469947829,0.0280410477559408,0.022485492200385242,0.017635464982982168,0.021656821593977946
751,0.022868185580222668,0.02424155469947829,0.02424155469947829,0.036374381089274134,0.02526326997816302,0.024438186071417543,0.02159615822816849
772,0.022868185580222668,0.02424155469947829,0.02424155469947829,0.036374381089274134,0.02526326997816302,0.024438186071417543,0.021429333972192464
801,0.022868185580222668,0.02424155469947829,0.02424155469947829,0.0280410477559408,0.019707714422607468,0.024438186071417543,0.02196013842302526
817,0.022868185580222668,0.02424155469947829,0.02424155469947829,0.044707714422607465,0.036374381089274134,0.02783954661563523,0.021641655752525583
819,0.022868185580222668,0.02424155469947829,0.02424155469947829,0.0280410477559408,0.022485492200385242,0.021036825527199855,0.021732650801239775
862,0.022868185580222668,0.02424155469947829,0.02424155469947829,0.036374381089274134,0.022485492200385242,0.02783954661563523,0.02158099238671612
866,0.022868185580222668,0.02424155469947829,0.02424155469947829,0.019707714422607468,0.022485492200385242,0.021036825527199855,0.02211179683754891
891,0.022868185580222668,0.02424155469947829,0.02424155469947829,0.019707714422607468,0.030818825533718577,0.031240907159852914,0.02188430921576343
897,0.022868185580222668,0.02424155469947829,0.02424155469947829,0.036374381089274134,0.030818825533718577,0.024438186071417543,0.021535494862359023
923,0.022868185580222668,0.02424155469947829,0.02424155469947829,0.0280410477559408,0.022485492200385242,0.024438186071417543,0.022005635947382356
930,0.022868185580222668,0.02424155469947829,0.02424155469947829,0.0280410477559408,0.0280410477559408,0.024438186071417543,0.021762982484144506
931,0.022868185580222668,0.02424155469947829,0.02424155469947829,0.036374381089274134,0.0280410477559408,0.024438186071417543,0.02147483149654956
933,0.022868185580222668,0.02424155469947829,0.02424155469947829,0.0280410477559408,0.0280410477559408,0.024438186071417543,0.021671987435430314
939,0.022868185580222668,0.02424155469947829,0.02424155469947829,0.036374381089274134,0.030818825533718577,0.024438186071417543,0.02159615822816849
943,0.022868185580222668,0.02424155469947829,0.02424155469947829,0.0280410477559408,0.022485492200385242,0.021036825527199855,0.02155066070381139
949,0.022868185580222668,0.02424155469947829,0.02424155469947829,0.0280410477559408,0.0280410477559408,0.021036825527199855,0.021520329020906656
959,0.022868185580222668,0.02424155469947829,0.02424155469947829,0.0280410477559408,0.030818825533718577,0.01423410443876448,0.021747816642692142
986,0.022868185580222668,0.02424155469947829,0.02424155469947829,0.036374381089274134,0.02526326997816302,0.021036825527199855,0.02148999733800193
996,0.022868185580222668,0.02424155469947829,0.02424155469947829,0.011374381089274133,0.01692993664482969,0.017635464982982168,0.022415113666596223
997,0.022868185580222668,0.02424155469947829,0.02424155469947829,0.011374381089274133,0.019707714422607468,0.021036825527199855,0.023082410690500304
009,0.022817648625074214,0.023609842760122634,0.023609842760122634,0.0280410477559408,0.019707714422607468,0.02783954661563523,0.021944972581572894
036,0.022817648625074214,0.023609842760122634,0.023609842760122634,0.011374381089274133,0.01692993664482969,0.024438186071417543,0.022733596337095898
047,0.022817648625074214,0.023609842760122634,0.023609842760122634,0.011374381089274133,0.014152158867051911,0.017635464982982168,0.02324923494647633
054,0.022817648625074214,0.023609842760122634,0.023609842760122634,0.019707714422607468,0.0280410477559408,0.021036825527199855,0.0218539775328587
116,0.022817648625074214,0.023609842760122634,0.023609842760122634,0.011374381089274133,0.02526326997816302,0.017635464982982168,0.02290042059307192
140,0.022817648625074214,0.023609842760122634,0.023609842760122634,0.011374381089274133,0.01692993664482969,0.02783954661563523,0.022657767129834073
164,0.022817648625074214,0.023609842760122634,0.023609842760122634,0.0280410477559408,0.019707714422607468,0.024438186071417543,0.02147483149654956
173,0.022817648625074214,0.023609842760122634,0.023609842760122634,0.019707714422607468,0.0280410477559408,0.01423410443876448,0.021641655752525583
175,0.022817648625074214,0.023609842760122634,0.023609842760122634,0.011374381089274133,0.022485492200385242,0.021036825527199855,0.022733596337095898
177,0.022817648625074214,0.023609842760122634,0.023609842760122634,0.036374381089274134,0.0280410477559408,0.017635464982982168,0.021565826545263754
183,0.022817648625074214,0.023609842760122634,0.023609842760122634,0.0280410477559408,0.0280410477559408,0.017635464982982168,0.021778148325596873
197,0.022817648625074214,0.023609842760122634,0.023609842760122634,0.019707714422607468,0.022485492200385242,0.017635464982982168,0.02212696267900128
248,0.022817648625074214,0.023609842760122634,0.023609842760122634,0.011374381089274133,0.014152158867051911,0.031240907159852914,0.022475777032405685
249,0.022817648625074214,0.023609842760122634,0.023609842760122634,0.036374381089274134,0.03359660331149635,0.02783954661563523,0.021399002289287733
251,0.022817648625074214,0.023609842760122634,0.023609842760122634,0.0280410477559408,0.0280410477559408,0.021036825527199855,0.021778148325596873
257,0.022817648625074214,0.023609842760122634,0.023609842760122634,0.019707714422607468,0.019707714422607468,0.02783954661563523,0.02144449981364483
260,0.022817648625074214,0.023609842760122634,0.023609842760122634,0.019707714422607468,0.019707714422607468,0.034642267704070605,0.022035967630287086
263,0.022817648625074214,0.023609842760122634,0.023609842760122634,0.0280410477559408,0.02526326997816302,0.024438186071417543,0.02158099238671612
279,0.022817648625074214,0.023609842760122634,0.023609842760122634,0.011374381089274133,0.01692993664482969,0.017635464982982168,0.02246061119095332
322,0.022817648625074214,0.023609842760122634,0.023609842760122634,0.044707714422607465,0.022485492200385242,0.034642267704070605,0.021641655752525583
352,0.022817648625074214,0.023609842760122634,0.023609842760122634,0.0280410477559408,0.030818825533718577,0.017635464982982168,0.021399002289287733
375,0.022817648625074214,0.023609842760122634,0.023609842760122634,0.019707714422607468,0.019707714422607468,0.031240907159852914,0.022202791886263108
392,0.022817648625074214,0.023609842760122634,0.023609842760122634,0.019707714422607468,0.02526326997816302,0.031240907159852914,0.02211179683754891
399,0.022817648625074214,0.023609842760122634,0.023609842760122634,0.019707714422607468,0.01692993664482969,0.02783954661563523,0.021399002289287733
423,0.022817648625074214,0.023609842760122634,0.023609842760122634,0.011374381089274133,0.01692993664482969,0.024438186071417543,0.022339284459334394
449,0.022817648625074214,0.023609842760122634,0.023609842760122634,0.0280410477559408,0.022485492200385242,0.02783954661563523,0.02147483149654956
452,0.022817648625074214,0.023609842760122634,0.023609842760122634,0.044707714422607465,0.030818825533718577,0.021036825527199855,0.02159615822816849
468,0.022817648625074214,0.023609842760122634,0.023609842760122634,0.036374381089274134,0.0280410477559408,0.02783954661563523,0.02148999733800193
471,0.022817648625074214,0.023609842760122634,0.023609842760122634,0.011374381089274133,0.019707714422607468,0.02783954661563523,0.022339284459334394
489,0.022817648625074214,0.023609842760122634,0.023609842760122634,0.011374381089274133,0.01692993664482969,0.021036825527199855,0.022748762178548265
540,0.022817648625074214,0.023609842760122634,0.023609842760122634,0.0280410477559408,0.02526326997816302,0.021036825527199855,0.02155066070381139
545,0.022817648625074214,0.023609842760122634,0.023609842760122634,0.019707714422607468,0.022485492200385242,0.02783954661563523,0.02215729436190601
553,0.022817648625074214,0.023609842760122634,0.023609842760122634,0.0280410477559408,0.022485492200385242,0.024438186071417543,0.0214141681307401
577,0.022817648625074214,0.023609842760122634,0.023609842760122634,0.011374381089274133,0.014152158867051911,0.017635464982982168,0.023021747324690846
583,0.022817648625074214,0.023609842760122634,0.023609842760122634,0.0280410477559408,0.0280410477559408,0.024438186071417543,0.021611324069620852
602,0.022817648625074214,0.023609842760122634,0.023609842760122634,0.011374381089274133,0.01692993664482969,0.017635464982982168,0.022612269605476975
654,0.022817648625074214,0.023609842760122634,0.023609842760122634,0.0280410477559408,0.030818825533718577,0.017635464982982168,0.021656821593977946
668,0.022817648625074214,0.023609842760122634,0.023609842760122634,0.011374381089274133,0.014152158867051911,0.021036825527199855,0.02367387850714256
675,0.022817648625074214,0.023609842760122634,0.023609842760122634,0.019707714422607468,0.019707714422607468,0.031240907159852914,0.02138383644783537
695,0.022817648625074214,0.023609842760122634,0.023609842760122634,0.019707714422607468,0.0280410477559408,0.031240907159852914,0.02199047010592999
696,0.022817648625074214,0.023609842760122634,0.023609842760122634,0.019707714422607468,0.022485492200385242,0.021036825527199855,0.021808480008501604
703,0.022817648625074214,0.023609842760122634,0.023609842760122634,0.011374381089274133,0.019707714422607468,0.017635464982982168,0.022718430495643534
707,0.022817648625074214,0.023609842760122634,0.023609842760122634,0.019707714422607468,0.019707714422607468,0.02783954661563523,0.02171748495978741
709,0.022817648625074214,0.023609842760122634,0.023609842760122634,0.011374381089274133,0.019707714422607468,0.01423410443876448,0.023658712665690196
712,0.022817648625074214,0.023609842760122634,0.023609842760122634,0.011374381089274133,0.02526326997816302,0.021036825527199855,0.022612269605476975
716,0.022817648625074214,0.023609842760122634,0.023609842760122634,0.011374381089274133,0.01692993664482969,0.021036825527199855,0.023052079007595577
748,0.022817648625074214,0.023609842760122634,0.023609842760122634,0.036374381089274134,0.030818825533718577,0.024438186071417543,0.02158099238671612
755,0.022817648625074214,0.023609842760122634,0.023609842760122634,0.011374381089274133,0.02526326997816302,0.024438186071417543,0.02243027950804859
758,0.022817648625074214,0.023609842760122634,0.023609842760122634,0.011374381089274133,0.019707714422607468,0.024438186071417543,0.022642601288381706
770,0.022817648625074214,0.023609842760122634,0.023609842760122634,0.036374381089274134,0.019707714422607468,0.02783954661563523,0.021505163179454292
788,0.022817648625074214,0.023609842760122634,0.023609842760122634,0.019707714422607468,0.02526326997816302,0.024438186071417543,0.022005635947382356
800,0.022817648625074214,0.023609842760122634,0.023609842760122634,0.0280410477559408,0.01692993664482969,0.024438186071417543,0.021459665655097198
840,0.022817648625074214,0.023609842760122634,0.023609842760122634,0.0280410477559408,0.0280410477559408,0.024438186071417543,0.022066299313191817
857,0.022817648625074214,0.023609842760122634,0.023609842760122634,0.011374381089274133,0.019707714422607468,0.024438186071417543,0.022612269605476975
858,0.022817648625074214,0.023609842760122634,0.023609842760122634,0.019707714422607468,0.019707714422607468,0.021036825527199855,0.022081465154644184
882,0.022817648625074214,0.023609842760122634,0.023609842760122634,0.011374381089274133,0.011374381089274133,0.034642267704070605,0.02411368790926116
894,0.022817648625074214,0.023609842760122634,0.023609842760122634,0.044707714422607465,0.02526326997816302,0.021036825527199855,0.02171748495978741
895,0.022817648625074214,0.023609842760122634,0.023609842760122634,0.0280410477559408,0.030818825533718577,0.021036825527199855,0.021641655752525583
900,0.022817648625074214,0.023609842760122634,0.023609842760122634,0.011374381089274133,0.02526326997816302,0.02783954661563523,0.02239994782514386
909,0.022817648625074214,0.023609842760122634,0.023609842760122634,0.0280410477559408,0.0280410477559408,0.024438186071417543,0.021838811691406335
921,0.022817648625074214,0.023609842760122634,0.023609842760122634,0.011374381089274133,0.030818825533718577,0.01423410443876448,0.022475777032405685
942,0.022817648625074214,0.023609842760122634,0.023609842760122634,0.019707714422607468,0.022485492200385242,0.01423410443876448,0.021762982484144506
950,0.022817648625074214,0.023609842760122634,0.023609842760122634,0.0280410477559408,0.022485492200385242,0.01423410443876448,0.021808480008501604
956,0.022817648625074214,0.023609842760122634,0.023609842760122634,0.019707714422607468,0.022485492200385242,0.031240907159852914,0.021535494862359023
962,0.022817648625074214,0.023609842760122634,0.023609842760122634,0.036374381089274134,0.02526326997816302,0.01423410443876448,0.02138383644783537
974,0.022817648625074214,0.023609842760122634,0.023609842760122634,0.019707714422607468,0.019707714422607468,0.024438186071417543,0.0214141681307401
980,0.022817648625074214,0.023609842760122634,0.023609842760122634,0.011374381089274133,0.022485492200385242,0.021036825527199855,0.02239994782514386
993,0.022817648625074214,0.023609842760122634,0.023609842760122634,0.036374381089274134,0.02526326997816302,0.021036825527199855,0.021459665655097198
001,0.022767111669925764,0.02297813082076698,0.02297813082076698,0.019707714422607468,0.0280410477559408,0.03804362824828829,0.02168715327688268
010,0.022767111669925764,0.02297813082076698,0.02297813082076698,0.019707714422607468,0.022485492200385242,0.017635464982982168,0.022142128520453646
030,0.022767111669925764,0.02297813082076698,0.02297813082076698,0.019707714422607468,0.022485492200385242,0.021036825527199855,0.022187626044810744
043,0.022767111669925764,0.02297813082076698,0.02297813082076698,0.0280410477559408,0.02526326997816302,0.01423410443876448,0.021535494862359023
044,0.022767111669925764,0.02297813082076698,0.02297813082076698,0.019707714422607468,0.02526326997816302,0.02783954661563523,0.0218539775328587
045,0.022767111669925764,0.02297813082076698,0.02297813082076698,0.019707714422607468,0.019707714422607468,0.024438186071417543,0.02212696267900128
071,0.022767111669925764,0.02297813082076698,0.02297813082076698,0.011374381089274133,0.01692993664482969,0.034642267704070605,0.02239994782514386
076,0.022767111669925764,0.02297813082076698,0.02297813082076698,0.011374381089274133,0.022485492200385242,0.017635464982982168,0.02253644039821515
086,0.022767111669925764,0.02297813082076698,0.02297813082076698,0.0280410477559408,0.022485492200385242,0.021036825527199855,0.02168715327688268
099,0.022767111669925764,0.02297813082076698,0.02297813082076698,0.011374381089274133,0.01692993664482969,0.017635464982982168,0.02285492306871482
100,0.022767111669925764,0.02297813082076698,0.02297813082076698,0.011374381089274133,0.022485492200385242,0.024438186071417543,0.0222937869349773
110,0.022767111669925764,0.02297813082076698,0.02297813082076698,0.019707714422607468,0.022485492200385242,0.024438186071417543,0.0214141681307401
126,0.022767111669925764,0.02297813082076698,0.02297813082076698,0.036374381089274134,0.022485492200385242,0.021036825527199855,0.02138383644783537
143,0.022767111669925764,0.02297813082076698,0.02297813082076698,0.019707714422607468,0.019707714422607468,0.017635464982982168,0.02223312356916784
157,0.022767111669925764,0.02297813082076698,0.02297813082076698,0.019707714422607468,0.022485492200385242,0.01423410443876448,0.021505163179454292
161,0.022767111669925764,0.02297813082076698,0.02297813082076698,0.011374381089274133,0.014152158867051911,0.024438186071417543,0.023719376031499657
240,0.022767111669925764,0.02297813082076698,0.02297813082076698,0.0280410477559408,0.02526326997816302,0.024438186071417543,0.02138383644783537
265,0.022767111669925764,0.02297813082076698,0.02297813082076698,0.0280410477559408,0.03359660331149635,0.03804362824828829,0.021778148325596873
266,0.022767111669925764,0.02297813082076698,0.02297813082076698,0.019707714422607468,0.01692993664482969,0.010832743894546793,0.021778148325596873
273,0.022767111669925764,0.02297813082076698,0.02297813082076698,0.019707714422607468,0.019707714422607468,0.021036825527199855,0.021929806740120527
283,0.022767111669925764,0.02297813082076698,0.02297813082076698,0.019707714422607468,0.02526326997816302,0.024438186071417543,0.02182364584995397
301,0.022767111669925764,0.02297813082076698,0.02297813082076698,0.011374381089274133,0.014152158867051911,0.02783954661563523,0.024068190384904067
311,0.022767111669925764,0.02297813082076698,0.02297813082076698,0.011374381089274133,0.01692993664482969,0.021036825527199855,0.023325064153738157
321,0.022767111669925764,0.02297813082076698,0.02297813082076698,0.0280410477559408,0.0280410477559408,0.031240907159852914,0.021656821593977946
331,0.022767111669925764,0.02297813082076698,0.02297813082076698,0.011374381089274133,0.0280410477559408,0.02783954661563523,0.02232411861788203
340,0.022767111669925764,0.02297813082076698,0.02297813082076698,0.019707714422607468,0.02526326997816302,0.024438186071417543,0.02155066070381139
383,0.022767111669925764,0.02297813082076698,0.02297813082076698,0.044707714422607465,0.02526326997816302,0.017635464982982168,0.0214141681307401
403,0.022767111669925764,0.02297813082076698,0.02297813082076698,0.0280410477559408,0.01692993664482969,0.017635464982982168,0.021611324069620852
413,0.022767111669925764,0.02297813082076698,0.02297813082076698,0.011374381089274133,0.0280410477559408,0.02783954661563523,0.02232411861788203
430,0.022767111669925764,0.02297813082076698,0.02297813082076698,0.011374381089274133,0.019707714422607468,0.021036825527199855,0.022915586434524286
438,0.022767111669925764,0.02297813082076698,0.02297813082076698,0.036374381089274134,0.0280410477559408,0.031240907159852914,0.021656821593977946
441,0.022767111669925764,0.02297813082076698,0.02297813082076698,0.036374381089274134,0.0280410477559408,0.031240907159852914,0.02147483149654956
462,0.022767111669925764,0.02297813082076698,0.02297813082076698,0.036374381089274134,0.019707714422607468,0.031240907159852914,0.02138383644783537
493,0.022767111669925764,0.02297813082076698,0.02297813082076698,0.036374381089274134,0.019707714422607468,0.034642267704070605,0.02148999733800193
516,0.022767111669925764,0.02297813082076698,0.02297813082076698,0.044707714422607465,0.0280410477559408,0.021036825527199855,0.02148999733800193
519,0.022767111669925764,0.02297813082076698,0.02297813082076698,0.019707714422607468,0.019707714422607468,0.024438186071417543,0.021611324069620852
536,0.022767111669925764,0.02297813082076698,0.02297813082076698,0.019707714422607468,0.030818825533718577,0.02783954661563523,0.021429333972192464
546,0.022767111669925764,0.02297813082076698,0.02297813082076698,0.019707714422607468,0.022485492200385242,0.02783954661563523,0.02212696267900128
558,0.022767111669925764,0.02297813082076698,0.02297813082076698,0.036374381089274134,0.019707714422607468,0.034642267704070605,0.02182364584995397
560,0.022767111669925764,0.02297813082076698,0.02297813082076698,0.011374381089274133,0.01692993664482969,0.031240907159852914,0.023127908214857402
562,0.022767111669925764,0.02297813082076698,0.02297813082076698,0.0280410477559408,0.036374381089274134,0.024438186071417543,0.021838811691406335
563,0.022767111669925764,0.02297813082076698,0.02297813082076698,0.011374381089274133,0.019707714422607468,0.021036825527199855,0.022839757227262458
567,0.022767111669925764,0.02297813082076698,0.02297813082076698,0.0280410477559408,0.02526326997816302,0.021036825527199855,0.021535494862359023
621,0.022767111669925764,0.02297813082076698,0.02297813082076698,0.019707714422607468,0.02526326997816302,0.017635464982982168,0.021808480008501604
630,0.022767111669925764,0.02297813082076698,0.02297813082076698,0.011374381089274133,0.019707714422607468,0.021036825527199855,0.022551606239667513
641,0.022767111669925764,0.02297813082076698,0.02297813082076698,0.019707714422607468,0.019707714422607468,0.021036825527199855,0.02211179683754891
642,0.022767111669925764,0.02297813082076698,0.02297813082076698,0.019707714422607468,0.019707714422607468,0.024438186071417543,0.021944972581572894
682,0.022767111669925764,0.02297813082076698,0.02297813082076698,0.019707714422607468,0.022485492200385242,0.017635464982982168,0.022035967630287086
728,0.022767111669925764,0.02297813082076698,0.02297813082076698,0.011374381089274133,0.02526326997816302,0.024438186071417543,0.022809425544357727
731,0.022767111669925764,0.02297813082076698,0.02297813082076698,0.011374381089274133,0.030818825533718577,0.024438186071417543,0.02235445030078676
732,0.022767111669925764,0.02297813082076698,0.02297813082076698,0.0280410477559408,0.02526326997816302,0.021036825527199855,0.02138383644783537
760,0.022767111669925764,0.02297813082076698,0.02297813082076698,0.036374381089274134,0.03359660331149635,0.021036825527199855,0.021975304264477625
762,0.022767111669925764,0.02297813082076698,0.02297813082076698,0.0280410477559408,0.022485492200385242,0.02783954661563523,0.02147483149654956
765,0.022767111669925764,0.02297813082076698,0.02297813082076698,0.019707714422607468,0.022485492200385242,0.024438186071417543,0.02215729436190601
768,0.022767111669925764,0.02297813082076698,0.02297813082076698,0.019707714422607468,0.019707714422607468,0.021036825527199855,0.021565826545263754
777,0.022767111669925764,0.02297813082076698,0.02297813082076698,0.0280410477559408,0.022485492200385242,0.024438186071417543,0.02147483149654956
778,0.022767111669925764,0.02297813082076698,0.02297813082076698,0.011374381089274133,0.019707714422607468,0.021036825527199855,0.022809425544357727
779,0.022767111669925764,0.02297813082076698,0.02297813082076698,0.011374381089274133,0.02526326997816302,0.03804362824828829,0.023446390885357077
782,0.022767111669925764,0.02297813082076698,0.02297813082076698,0.011374381089274133,0.011374381089274133,0.021036825527199855,0.02411368790926116
793,0.022767111669925764,0.02297813082076698,0.02297813082076698,0.0280410477559408,0.02526326997816302,0.021036825527199855,0.021399002289287733
820,0.022767111669925764,0.02297813082076698,0.02297813082076698,0.011374381089274133,0.02526326997816302,0.021036825527199855,0.02306724484904794
827,0.022767111669925764,0.02297813082076698,0.02297813082076698,0.0530410477559408,0.03359660331149635,0.024438186071417543,0.021399002289287733
833,0.022767111669925764,0.02297813082076698,0.02297813082076698,0.036374381089274134,0.0280410477559408,0.017635464982982168,0.021778148325596873
859,0.022767111669925764,0.02297813082076698,0.02297813082076698,0.011374381089274133,0.014152158867051911,0.034642267704070605,0.02402269286054697
873,0.022767111669925764,0.02297813082076698,0.02297813082076698,0.0280410477559408,0.01692993664482969,0.02783954661563523,0.021565826545263754
880,0.022767111669925764,0.02297813082076698,0.02297813082076698,0.011374381089274133,0.022485492200385242,0.017635464982982168,0.02239994782514386
892,0.022767111669925764,0.02297813082076698,0.02297813082076698,0.0280410477559408,0.02526326997816302,0.02783954661563523,0.022035967630287086
905,0.022767111669925764,0.02297813082076698,0.02297813082076698,0.011374381089274133,0.011374381089274133,0.02783954661563523,0.02411368790926116
915,0.022767111669925764,0.02297813082076698,0.02297813082076698,0.019707714422607468,0.019707714422607468,0.031240907159852914,0.021944972581572894
918,0.022767111669925764,0.02297813082076698,0.02297813082076698,0.0280410477559408,0.019707714422607468,0.017635464982982168,0.021641655752525583
928,0.022767111669925764,0.02297813082076698,0.02297813082076698,0.019707714422607468,0.019707714422607468,0.02783954661563523,0.02182364584995397
948,0.022767111669925764,0.02297813082076698,0.02297813082076698,0.0280410477559408,0.0280410477559408,0.02783954661563523,0.021762982484144506
955,0.022767111669925764,0.02297813082076698,0.02297813082076698,0.019707714422607468,0.022485492200385242,0.010832743894546793,0.02155066070381139
965,0.022767111669925764,0.02297813082076698,0.02297813082076698,0.0280410477559408,0.019707714422607468,0.02783954661563523,0.022096630996096548
969,0.022767111669925764,0.02297813082076698,0.02297813082076698,0.0280410477559408,0.01692993664482969,0.024438186071417543,0.021505163179454292
998,0.022767111669925764,0.02297813082076698,0.02297813082076698,0.036374381089274134,0.022485492200385242,0.01423410443876448,0.021399002289287733
005,0.02271657471477731,0.022346418881411326,0.022346418881411326,0.019707714422607468,0.01692993664482969,0.02783954661563523,0.02188430921576343
020,0.02271657471477731,0.022346418881411326,0.022346418881411326,0.0280410477559408,0.019707714422607468,0.031240907159852914,0.021671987435430314
050,0.02271657471477731,0.022346418881411326,0.022346418881411326,0.019707714422607468,0.019707714422607468,0.02783954661563523,0.021869143374311065
067,0.02271657471477731,0.022346418881411326,0.022346418881411326,0.019707714422607468,0.01692993664482969,0.010832743894546793,0.02155066070381139
093,0.02271657471477731,0.022346418881411326,0.022346418881411326,0.011374381089274133,0.014152158867051911,0.021036825527199855,0.023325064153738157
113,0.02271657471477731,0.022346418881411326,0.022346418881411326,0.019707714422607468,0.030818825533718577,0.017635464982982168,0.02196013842302526
117,0.02271657471477731,0.022346418881411326,0.022346418881411326,0.036374381089274134,0.022485492200385242,0.024438186071417543,0.02148999733800193
123,0.02271657471477731,0.022346418881411326,0.022346418881411326,0.0280410477559408,0.030818825533718577,0.017635464982982168,0.021520329020906656
129,0.02271657471477731,0.022346418881411326,0.022346418881411326,0.019707714422607468,0.014152158867051911,0.021036825527199855,0.02159615822816849
136,0.02271657471477731,0.022346418881411326,0.022346418881411326,0.019707714422607468,0.022485492200385242,0.021036825527199855,0.02171748495978741
153,0.02271657471477731,0.022346418881411326,0.022346418881411326,0.011374381089274133,0.011374381089274133,0.021036825527199855,0.02411368790926116
156,0.02271657471477731,0.022346418881411326,0.022346418881411326,0.019707714422607468,0.022485492200385242,0.02783954661563523,0.021535494862359023
165,0.02271657471477731,0.022346418881411326,0.022346418881411326,0.0280410477559408,0.02526326997816302,0.017635464982982168,0.022172460203358377
195,0.02271657471477731,0.022346418881411326,0.022346418881411326,0.019707714422607468,0.019707714422607468,0.024438186071417543,0.021869143374311065
210,0.02271657471477731,0.022346418881411326,0.022346418881411326,0.019707714422607468,0.01692993664482969,0.02783954661563523,0.021535494862359023
212,0.02271657471477731,0.022346418881411326,0.022346418881411326,0.0280410477559408,0.02526326997816302,0.024438186071417543,0.02148999733800193
229,0.02271657471477731,0.022346418881411326,0.022346418881411326,0.0280410477559408,0.02526326997816302,0.017635464982982168,0.021808480008501604
232,0.02271657471477731,0.022346418881411326,0.022346418881411326,0.036374381089274134,0.0280410477559408,0.017635464982982168,0.02155066070381139
261,0.02271657471477731,0.022346418881411326,0.022346418881411326,0.0280410477559408,0.02526326997816302,0.024438186071417543,0.02155066070381139
268,0.02271657471477731,0.022346418881411326,0.022346418881411326,0.019707714422607468,0.019707714422607468,0.024438186071417543,0.021732650801239775
329,0.02271657471477731,0.022346418881411326,0.022346418881411326,0.044707714422607465,0.03359660331149635,0.024438186071417543,0.021505163179454292
348,0.02271657471477731,0.022346418881411326,0.022346418881411326,0.019707714422607468,0.01692993664482969,0.017635464982982168,0.02212696267900128
371,0.02271657471477731,0.022346418881411326,0.022346418881411326,0.019707714422607468,0.01692993664482969,0.017635464982982168,0.021671987435430314
388,0.02271657471477731,0.022346418881411326,0.022346418881411326,0.019707714422607468,0.022485492200385242,0.024438186071417543,0.021611324069620852
426,0.02271657471477731,0.022346418881411326,0.022346418881411326,0.019707714422607468,0.022485492200385242,0.024438186071417543,0.021505163179454292
428,0.02271657471477731,0.022346418881411326,0.022346418881411326,0.019707714422607468,0.0280410477559408,0.024438186071417543,0.02202080178883472
429,0.02271657471477731,0.022346418881411326,0.022346418881411326,0.011374381089274133,0.019707714422607468,0.02783954661563523,0.02243027950804859
444,0.02271657471477731,0.022346418881411326,0.022346418881411326,0.011374381089274133,0.019707714422607468,0.02783954661563523,0.022945918117429014
446,0.02271657471477731,0.022346418881411326,0.022346418881411326,0.036374381089274134,0.02526326997816302,0.021036825527199855,0.021429333972192464
454,0.02271657471477731,0.022346418881411326,0.022346418881411326,0.011374381089274133,0.01692993664482969,0.024438186071417543,0.022809425544357727
465,0.02271657471477731,0.022346418881411326,0.022346418881411326,0.011374381089274133,0.019707714422607468,0.04144498879250598,0.022506108715310415
478,0.02271657471477731,0.022346418881411326,0.022346418881411326,0.011374381089274133,0.014152158867051911,0.017635464982982168,0.023749707714404388
495,0.02271657471477731,0.022346418881411326,0.022346418881411326,0.0280410477559408,0.0280410477559408,0.03804362824828829,0.021899475057215796
503,0.02271657471477731,0.022346418881411326,0.022346418881411326,0.011374381089274133,0.0280410477559408,0.034642267704070605,0.02232411861788203
518,0.02271657471477731,0.022346418881411326,0.022346418881411326,0.036374381089274134,0.022485492200385242,0.024438186071417543,0.02159615822816849
521,0.02271657471477731,0.022346418881411326,0.022346418881411326,0.0280410477559408,0.022485492200385242,0.024438186071417543,0.021565826545263754
528,0.02271657471477731,0.022346418881411326,0.022346418881411326,0.0280410477559408,0.0280410477559408,0.017635464982982168,0.02148999733800193
530,0.02271657471477731,0.022346418881411326,0.022346418881411326,0.036374381089274134,0.02526326997816302,0.02783954661563523,0.02138383644783537
539,0.02271657471477731,0.022346418881411326,0.022346418881411326,0.019707714422607468,0.014152158867051911,0.017635464982982168,0.021732650801239775
564,0.02271657471477731,0.022346418881411326,0.022346418881411326,0.011374381089274133,0.022485492200385242,0.02783954661563523,0.022642601288381706
578,0.02271657471477731,0.022346418881411326,0.022346418881411326,0.019707714422607468,0.01692993664482969,0.024438186071417543,0.021899475057215796
585,0.02271657471477731,0.022346418881411326,0.022346418881411326,0.019707714422607468,0.022485492200385242,0.010832743894546793,0.022142128520453646
614,0.02271657471477731,0.022346418881411326,0.022346418881411326,0.0280410477559408,0.019707714422607468,0.02783954661563523,0.021793314167049237
616,0.02271657471477731,0.022346418881411326,0.022346418881411326,0.0280410477559408,0.019707714422607468,0.02783954661563523,0.02168715327688268
623,0.02271657471477731,0.022346418881411326,0.022346418881411326,0.011374381089274133,0.01692993664482969,0.024438186071417543,0.022748762178548265
631,0.02271657471477731,0.022346418881411326,0.022346418881411326,0.019707714422607468,0.0280410477559408,0.031240907159852914,0.021808480008501604
638,0.02271657471477731,0.022346418881411326,0.022346418881411326,0.036374381089274134,0.036374381089274134,0.017635464982982168,0.021641655752525583
643,0.02271657471477731,0.022346418881411326,0.022346418881411326,0.036374381089274134,0.022485492200385242,0.021036825527199855,0.021641655752525583
646,0.02271657471477731,0.022346418881411326,0.022346418881411326,0.036374381089274134,0.0280410477559408,0.044846349336723663,0.02147483149654956
649,0.02271657471477731,0.022346418881411326,0.022346418881411326,0.036374381089274134,0.02526326997816302,0.021036825527199855,0.021671987435430314
663,0.02271657471477731,0.022346418881411326,0.022346418881411326,0.019707714422607468,0.014152158867051911,0.024438186071417543,0.022278621093524936
671,0.02271657471477731,0.022346418881411326,0.022346418881411326,0.011374381089274133,0.01692993664482969,0.017635464982982168,0.02243027950804859
681,0.02271657471477731,0.022346418881411326,0.022346418881411326,0.011374381089274133,0.014152158867051911,0.017635464982982168,0.023309898312285787
687,0.02271657471477731,0.022346418881411326,0.022346418881411326,0.044707714422607465,0.03359660331149635,0.02783954661563523,0.021459665655097198
692,0.02271657471477731,0.022346418881411326,0.022346418881411326,0.019707714422607468,0.01692993664482969,0.01423410443876448,0.022142128520453646
711,0.02271657471477731,0.022346418881411326,0.022346418881411326,0.011374381089274133,0.022485492200385242,0.021036825527199855,0.022506108715310415
737,0.02271657471477731,0.022346418881411326,0.022346418881411326,0.036374381089274134,0.030818825533718577,0.017635464982982168,0.021429333972192464
738,0.02271657471477731,0.022346418881411326,0.022346418881411326,0.0280410477559408,0.019707714422607468,0.031240907159852914,0.021838811691406335
741,0.02271657471477731,0.022346418881411326,0.022346418881411326,0.019707714422607468,0.01692993664482969,0.01423410443876448,0.02202080178883472
753,0.02271657471477731,0.022346418881411326,0.022346418881411326,0.036374381089274134,0.0280410477559408,0.02783954661563523,0.02159615822816849
769,0.02271657471477731,0.022346418881411326,0.022346418881411326,0.019707714422607468,0.022485492200385242,0.024438186071417543,0.022142128520453646
776,0.02271657471477731,0.022346418881411326,0.022346418881411326,0.0280410477559408,0.02526326997816302,0.021036825527199855,0.021778148325596873
781,0.02271657471477731,0.022346418881411326,0.022346418881411326,0.019707714422607468,0.022485492200385242,0.024438186071417543,0.021762982484144506
786,0.02271657471477731,0.022346418881411326,0.022346418881411326,0.0280410477559408,0.0280410477559408,0.021036825527199855,0.02144449981364483
787,0.02271657471477731,0.022346418881411326,0.022346418881411326,0.019707714422607468,0.019707714422607468,0.01423410443876448,0.02188430921576343
796,0.02271657471477731,0.022346418881411326,0.022346418881411326,0.0280410477559408,0.0280410477559408,0.01423410443876448,0.021565826545263754
809,0.02271657471477731,0.022346418881411326,0.022346418881411326,0.019707714422607468,0.022485492200385242,0.02783954661563523,0.022066299313191817
810,0.02271657471477731,0.022346418881411326,0.022346418881411326,0.0280410477559408,0.019707714422607468,0.01423410443876448,0.02159615822816849
823,0.02271657471477731,0.022346418881411326,0.022346418881411326,0.0280410477559408,0.030818825533718577,0.021036825527199855,0.02168715327688268
824,0.02271657471477731,0.022346418881411326,0.022346418881411326,0.019707714422607468,0.01692993664482969,0.01423410443876448,0.02188430921576343
835,0.02271657471477731,0.022346418881411326,0.022346418881411326,0.011374381089274133,0.014152158867051911,0.01423410443876448,0.02293075227597665
852,0.02271657471477731,0.022346418881411326,0.022346418881411326,0.0280410477559408,0.02526326997816302,0.021036825527199855,0.021899475057215796
860,0.02271657471477731,0.022346418881411326,0.022346418881411326,0.011374381089274133,0.03359660331149635,0.024438186071417543,0.02232411861788203
872,0.02271657471477731,0.022346418881411326,0.022346418881411326,0.0280410477559408,0.030818825533718577,0.021036825527199855,0.021520329020906656
890,0.02271657471477731,0.022346418881411326,0.022346418881411326,0.0280410477559408,0.02526326997816302,0.021036825527199855,0.02223312356916784
896,0.02271657471477731,0.022346418881411326,0.022346418881411326,0.0280410477559408,0.022485492200385242,0.01423410443876448,0.021520329020906656
920,0.02271657471477731,0.022346418881411326,0.022346418881411326,0.011374381089274133,0.01692993664482969,0.017635464982982168,0.02314307405630977
934,0.02271657471477731,0.022346418881411326,0.022346418881411326,0.044707714422607465,0.03915215886705191,0.03804362824828829,0.02147483149654956
941,0.02271657471477731,0.022346418881411326,0.022346418881411326,0.036374381089274134,0.030818825533718577,0.017635464982982168,0.021611324069620852
944,0.02271657471477731,0.022346418881411326,0.022346418881411326,0.036374381089274134,0.022485492200385242,0.017635464982982168,0.02155066070381139
945,0.02271657471477731,0.022346418881411326,0.022346418881411326,0.019707714422607468,0.0280410477559408,0.02783954661563523,0.022187626044810744
963,0.02271657471477731,0.022346418881411326,0.022346418881411326,0.019707714422607468,0.022485492200385242,0.021036825527199855,0.021929806740120527
970,0.02271657471477731,0.022346418881411326,0.022346418881411326,0.011374381089274133,0.01692993664482969,0.01423410443876448,0.023795205238761486
972,0.02271657471477731,0.022346418881411326,0.022346418881411326,0.0280410477559408,0.02526326997816302,0.021036825527199855,0.02221795772771547
984,0.02271657471477731,0.022346418881411326,0.022346418881411326,0.044707714422607465,0.030818825533718577,0.024438186071417543,0.021399002289287733
988,0.02271657471477731,0.022346418881411326,0.022346418881411326,0.019707714422607468,0.022485492200385242,0.031240907159852914,0.02138383644783537
011,0.022666037759628856,0.021714706942055673,0.021714706942055673,0.036374381089274134,0.0280410477559408,0.021036825527199855,0.02144449981364483
012,0.022666037759628856,0.021714706942055673,0.021714706942055673,0.0280410477559408,0.02526326997816302,0.021036825527199855,0.02202080178883472
018,0.022666037759628856,0.021714706942055673,0.021714706942055673,0.036374381089274134,0.019707714422607468,0.021036825527199855,0.021641655752525583
024,0.022666037759628856,0.021714706942055673,0.021714706942055673,0.019707714422607468,0.022485492200385242,0.02783954661563523,0.021702319118335044
025,0.022666037759628856,0.021714706942055673,0.021714706942055673,0.019707714422607468,0.02526326997816302,0.024438186071417543,0.022005635947382356
039,0.022666037759628856,0.021714706942055673,0.021714706942055673,0.019707714422607468,0.014152158867051911,0.021036825527199855,0.0214141681307401
064,0.022666037759628856,0.021714706942055673,0.021714706942055673,0.0280410477559408,0.022485492200385242,0.02783954661563523,0.021732650801239775
065,0.022666037759628856,0.021714706942055673,0.021714706942055673,0.011374381089274133,0.022485492200385242,0.02783954661563523,0.02235445030078676
083,0.022666037759628856,0.021714706942055673,0.021714706942055673,0.0280410477559408,0.03359660331149635,0.017635464982982168,0.0214141681307401
084,0.022666037759628856,0.021714706942055673,0.021714706942055673,0.0280410477559408,0.030818825533718577,0.017635464982982168,0.021505163179454292
089,0.022666037759628856,0.021714706942055673,0.021714706942055673,0.011374381089274133,0.01692993664482969,0.017635464982982168,0.02239994782514386
107,0.022666037759628856,0.021714706942055673,0.021714706942055673,0.0280410477559408,0.019707714422607468,0.024438186071417543,0.02158099238671612
108,0.022666037759628856,0.021714706942055673,0.021714706942055673,0.011374381089274133,0.01692993664482969,0.024438186071417543,0.022339284459334394
128,0.022666037759628856,0.021714706942055673,0.021714706942055673,0.0280410477559408,0.022485492200385242,0.017635464982982168,0.02159615822816849
130,0.022666037759628856,0.021714706942055673,0.021714706942055673,0.0280410477559408,0.019707714422607468,0.024438186071417543,0.02138383644783537
154,0.022666037759628856,0.021714706942055673,0.021714706942055673,0.0280410477559408,0.019707714422607468,0.02783954661563523,0.021793314167049237
155,0.022666037759628856,0.021714706942055673,0.021714706942055673,0.0280410477559408,0.0280410477559408,0.021036825527199855,0.021702319118335044
163,0.022666037759628856,0.021714706942055673,0.021714706942055673,0.0280410477559408,0.022485492200385242,0.031240907159852914,0.021899475057215796
170,0.022666037759628856,0.021714706942055673,0.021714706942055673,0.036374381089274134,0.022485492200385242,0.024438186071417543,0.021626489911073216
172,0.022666037759628856,0.021714706942055673,0.021714706942055673,0.019707714422607468,0.01692993664482969,0.021036825527199855,0.021869143374311065
180,0.022666037759628856,0.021714706942055673,0.021714706942055673,0.019707714422607468,0.02526326997816302,0.017635464982982168,0.021944972581572894
188,0.022666037759628856,0.021714706942055673,0.021714706942055673,0.044707714422607465,0.0280410477559408,0.01423410443876448,0.021535494862359023
198,0.022666037759628856,0.021714706942055673,0.021714706942055673,0.0280410477559408,0.030818825533718577,0.024438186071417543,0.021656821593977946
199,0.022666037759628856,0.021714706942055673,0.021714706942055673,0.019707714422607468,0.01692993664482969,0.024438186071417543,0.021641655752525583
201,0.022666037759628856,0.021714706942055673,0.021714706942055673,0.011374381089274133,0.01692993664482969,0.024438186071417543,0.02355255177552364
219,0.022666037759628856,0.021714706942055673,0.021714706942055673,0.011374381089274133,0.01692993664482969,0.031240907159852914,0.022384781983691492
233,0.022666037759628856,0.021714706942055673,0.021714706942055673,0.019707714422607468,0.022485492200385242,0.017635464982982168,0.02182364584995397
237,0.022666037759628856,0.021714706942055673,0.021714706942055673,0.0280410477559408,0.02526326997816302,0.021036825527199855,0.02155066070381139
258,0.022666037759628856,0.021714706942055673,0.021714706942055673,0.019707714422607468,0.019707714422607468,0.017635464982982168,0.021505163179454292
272,0.022666037759628856,0.021714706942055673,0.021714706942055673,0.011374381089274133,0.019707714422607468,0.02783954661563523,0.023234069105023965
280,0.022666037759628856,0.021714706942055673,0.021714706942055673,0.011374381089274133,0.019707714422607468,0.017635464982982168,0.022445445349500954
290,0.022666037759628856,0.021714706942055673,0.021714706942055673,0.0280410477559408,0.030818825533718577,0.021036825527199855,0.021505163179454292
305,0.022666037759628856,0.021714706942055673,0.021714706942055673,0.019707714422607468,0.02526326997816302,0.024438186071417543,0.022051133471739454
309,0.022666037759628856,0.021714706942055673,0.021714706942055673,0.011374381089274133,0.014152158867051911,0.017635464982982168,0.0240075270190946
319,0.022666037759628856,0.021714706942055673,0.021714706942055673,0.019707714422607468,0.019707714422607468,0.021036825527199855,0.022187626044810744
325,0.022666037759628856,0.021714706942055673,0.021714706942055673,0.0280410477559408,0.02526326997816302,0.021036825527199855,0.021520329020906656
327,0.022666037759628856,0.021714706942055673,0.021714706942055673,0.0280410477559408,0.02526326997816302,0.01423410443876448,0.021914640898668163
334,0.022666037759628856,0.021714706942055673,0.021714706942055673,0.036374381089274134,0.022485492200385242,0.031240907159852914,0.02147483149654956
342,0.022666037759628856,0.021714706942055673,0.021714706942055673,0.011374381089274133,0.022485492200385242,0.017635464982982168,0.02267293297128644
346,0.022666037759628856,0.021714706942055673,0.021714706942055673,0.019707714422607468,0.019707714422607468,0.031240907159852914,0.022248289410620202
347,0.022666037759628856,0.021714706942055673,0.021714706942055673,0.019707714422607468,0.014152158867051911,0.01423410443876448,0.021535494862359023
350,0.022666037759628856,0.021714706942055673,0.021714706942055673,0.036374381089274134,0.02526326997816302,0.017635464982982168,0.021626489911073216
355,0.022666037759628856,0.021714706942055673,0.021714706942055673,0.019707714422607468,0.03359660331149635,0.02783954661563523,0.021793314167049237
376,0.022666037759628856,0.021714706942055673,0.021714706942055673,0.019707714422607468,0.022485492200385242,0.017635464982982168,0.021626489911073216
384,0.022666037759628856,0.021714706942055673,0.021714706942055673,0.0280410477559408,0.030818825533718577,0.021036825527199855,0.02171748495978741
385,0.022666037759628856,0.021714706942055673,0.021714706942055673,0.011374381089274133,0.02526326997816302,0.01423410443876448,0.0222937869349773
416,0.022666037759628856,0.021714706942055673,0.021714706942055673,0.011374381089274133,0.01692993664482969,0.021036825527199855,0.022915586434524286
424,0.022666037759628856,0.021714706942055673,0.021714706942055673,0.019707714422607468,0.022485492200385242,0.024438186071417543,0.022051133471739454
437,0.022666037759628856,0.021714706942055673,0.021714706942055673,0.019707714422607468,0.022485492200385242,0.02783954661563523,0.021747816642692142
439,0.022666037759628856,0.021714706942055673,0.021714706942055673,0.019707714422607468,0.014152158867051911,0.017635464982982168,0.02138383644783537
458,0.022666037759628856,0.021714706942055673,0.021714706942055673,0.011374381089274133,0.030818825533718577,0.010832743894546793,0.022384781983691492
466,0.022666037759628856,0.021714706942055673,0.021714706942055673,0.019707714422607468,0.022485492200385242,0.017635464982982168,0.022172460203358377
504,0.022666037759628856,0.021714706942055673,0.021714706942055673,0.0530410477559408,0.0280410477559408,0.021036825527199855,0.02144449981364483
507,0.022666037759628856,0.021714706942055673,0.021714706942055673,0.0280410477559408,0.02526326997816302,0.01423410443876448,0.02159615822816849
520,0.022666037759628856,0.021714706942055673,0.021714706942055673,0.036374381089274134,0.02526326997816302,0.02783954661563523,0.02158099238671612
571,0.022666037759628856,0.021714706942055673,0.021714706942055673,0.019707714422607468,0.02526326997816302,0.01423410443876448,0.0214141681307401
587,0.022666037759628856,0.021714706942055673,0.021714706942055673,0.0280410477559408,0.01692993664482969,0.02783954661563523,0.0218539775328587
589,0.022666037759628856,0.021714706942055673,0.021714706942055673,0.011374381089274133,0.01692993664482969,0.021036825527199855,0.023689044348594923
608,0.022666037759628856,0.021714706942055673,0.021714706942055673,0.011374381089274133,0.019707714422607468,0.021036825527199855,0.02246061119095332
617,0.022666037759628856,0.021714706942055673,0.021714706942055673,0.0280410477559408,0.022485492200385242,0.01423410443876448,0.021793314167049237
622,0.022666037759628856,0.021714706942055673,0.021714706942055673,0.0530410477559408,0.030818825533718577,0.024438186071417543,0.021459665655097198
639,0.022666037759628856,0.021714706942055673,0.021714706942055673,0.019707714422607468,0.01692993664482969,0.024438186071417543,0.02211179683754891
644,0.022666037759628856,0.021714706942055673,0.021714706942055673,0.0280410477559408,0.022485492200385242,0.021036825527199855,0.02158099238671612
673,0.022666037759628856,0.021714706942055673,0.021714706942055673,0.011374381089274133,0.01692993664482969,0.02783954661563523,0.022809425544357727
674,0.022666037759628856,0.021714706942055673,0.021714706942055673,0.011374381089274133,0.01692993664482969,0.021036825527199855,0.022308952776429667
702,0.022666037759628856,0.021714706942055673,0.021714706942055673,0.036374381089274134,0.02526326997816302,0.021036825527199855,0.021611324069620852
708,0.022666037759628856,0.021714706942055673,0.021714706942055673,0.0280410477559408,0.03359660331149635,0.04144498879250598,0.02147483149654956
721,0.022666037759628856,0.021714706942055673,0.021714706942055673,0.011374381089274133,0.019707714422607468,0.02783954661563523,0.02355255177552364
725,0.022666037759628856,0.021714706942055673,0.021714706942055673,0.019707714422607468,0.019707714422607468,0.02783954661563523,0.021702319118335044
744,0.022666037759628856,0.021714706942055673,0.021714706942055673,0.019707714422607468,0.01692993664482969,0.01423410443876448,0.022202791886263108
756,0.022666037759628856,0.021714706942055673,0.021714706942055673,0.011374381089274133,0.011374381089274133,0.021036825527199855,0.02411368790926116
798,0.022666037759628856,0.021714706942055673,0.021714706942055673,0.011374381089274133,0.014152158867051911,0.024438186071417543,0.023355395836642884
803,0.022666037759628856,0.021714706942055673,0.021714706942055673,0.011374381089274133,0.01692993664482969,0.021036825527199855,0.023082410690500304
815,0.022666037759628856,0.021714706942055673,0.021714706942055673,0.011374381089274133,0.014152158867051911,0.021036825527199855,0.02253644039821515
818,0.022666037759628856,0.021714706942055673,0.021714706942055673,0.011374381089274133,0.01692993664482969,0.021036825527199855,0.022915586434524286
885,0.022666037759628856,0.021714706942055673,0.021714706942055673,0.0280410477559408,0.019707714422607468,0.01423410443876448,0.02148999733800193
907,0.022666037759628856,0.021714706942055673,0.021714706942055673,0.019707714422607468,0.0280410477559408,0.02783954661563523,0.02144449981364483
953,0.022666037759628856,0.021714706942055673,0.021714706942055673,0.019707714422607468,0.01692993664482969,0.021036825527199855,0.02223312356916784
954,0.022666037759628856,0.021714706942055673,0.021714706942055673,0.0280410477559408,0.02526326997816302,0.01423410443876448,0.0214141681307401
971,0.022666037759628856,0.021714706942055673,0.021714706942055673,0.019707714422607468,0.019707714422607468,0.017635464982982168,0.02144449981364483
976,0.022666037759628856,0.021714706942055673,0.021714706942055673,0.0280410477559408,0.0280410477559408,0.01423410443876448,0.02148999733800193
991,0.022666037759628856,0.021714706942055673,0.021714706942055673,0.011374381089274133,0.02526326997816302,0.017635464982982168,0.02341605920245235
992,0.022666037759628856,0.021714706942055673,0.021714706942055673,0.011374381089274133,0.019707714422607468,0.017635464982982168,0.022521274556762783
994,0.022666037759628856,0.021714706942055673,0.021714706942055673,0.019707714422607468,0.01692993664482969,0.017635464982982168,0.021671987435430314
015,0.022615500804480406,0.02108299500270002,0.02108299500270002,0.0280410477559408,0.019707714422607468,0.024438186071417543,0.0218539775328587
016,0.022615500804480406,0.02108299500270002,0.02108299500270002,0.011374381089274133,0.019707714422607468,0.021036825527199855,0.022369616142239125
038,0.022615500804480406,0.02108299500270002,0.02108299500270002,0.011374381089274133,0.01692993664482969,0.021036825527199855,0.0222937869349773
048,0.022615500804480406,0.02108299500270002,0.02108299500270002,0.019707714422607468,0.019707714422607468,0.024438186071417543,0.021793314167049237
066,0.022615500804480406,0.02108299500270002,0.02108299500270002,0.0280410477559408,0.0280410477559408,0.02783954661563523,0.021520329020906656
070,0.022615500804480406,0.02108299500270002,0.02108299500270002,0.0530410477559408,0.0280410477559408,0.017635464982982168,0.021429333972192464
077,0.022615500804480406,0.02108299500270002,0.02108299500270002,0.061374381089274135,0.0280410477559408,0.01423410443876448,0.021535494862359023
078,0.022615500804480406,0.02108299500270002,0.02108299500270002,0.011374381089274133,0.011374381089274133,0.017635464982982168,0.02411368790926116
096,0.022615500804480406,0.02108299500270002,0.02108299500270002,0.019707714422607468,0.01692993664482969,0.024438186071417543,0.021747816642692142
101,0.022615500804480406,0.02108299500270002,0.02108299500270002,0.011374381089274133,0.014152158867051911,0.024438186071417543,0.022870088910167192
103,0.022615500804480406,0.02108299500270002,0.02108299500270002,0.019707714422607468,0.02526326997816302,0.021036825527199855,0.021899475057215796
120,0.022615500804480406,0.02108299500270002,0.02108299500270002,0.036374381089274134,0.03359660331149635,0.02783954661563523,0.021626489911073216
137,0.022615500804480406,0.02108299500270002,0.02108299500270002,0.036374381089274134,0.030818825533718577,0.021036825527199855,0.021459665655097198
141,0.022615500804480406,0.02108299500270002,0.02108299500270002,0.019707714422607468,0.019707714422607468,0.017635464982982168,0.02223312356916784
145,0.022615500804480406,0.02108299500270002,0.02108299500270002,0.011374381089274133,0.014152158867051911,0.02783954661563523,0.023507054251166542
148,0.022615500804480406,0.02108299500270002,0.02108299500270002,0.019707714422607468,0.03359660331149635,0.021036825527199855,0.021429333972192464
152,0.022615500804480406,0.02108299500270002,0.02108299500270002,0.036374381089274134,0.019707714422607468,0.017635464982982168,0.021520329020906656
187,0.022615500804480406,0.02108299500270002,0.02108299500270002,0.011374381089274133,0.014152158867051911,0.017635464982982168,0.022627435446929342
192,0.022615500804480406,0.02108299500270002,0.02108299500270002,0.011374381089274133,0.022485492200385242,0.021036825527199855,0.022748762178548265
203,0.022615500804480406,0.02108299500270002,0.02108299500270002,0.011374381089274133,0.019707714422607468,0.01423410443876448,0.022521274556762783
214,0.022615500804480406,0.02108299500270002,0.02108299500270002,0.019707714422607468,0.0280410477559408,0.021036825527199855,0.02223312356916784
223,0.022615500804480406,0.02108299500270002,0.02108299500270002,0.019707714422607468,0.02526326997816302,0.017635464982982168,0.022005635947382356
245,0.022615500804480406,0.02108299500270002,0.02108299500270002,0.019707714422607468,0.02526326997816302,0.01423410443876448,0.02148999733800193
262,0.022615500804480406,0.02108299500270002,0.02108299500270002,0.011374381089274133,0.01692993664482969,0.024438186071417543,0.022415113666596223
276,0.022615500804480406,0.02108299500270002,0.02108299500270002,0.019707714422607468,0.019707714422607468,0.01423410443876448,0.0218539775328587
281,0.022615500804480406,0.02108299500270002,0.02108299500270002,0.011374381089274133,0.02526326997816302,0.031240907159852914,0.022475777032405685
284,0.022615500804480406,0.02108299500270002,0.02108299500270002,0.0280410477559408,0.02526326997816302,0.021036825527199855,0.021429333972192464
285,0.022615500804480406,0.02108299500270002,0.02108299500270002,0.011374381089274133,0.014152158867051911,0.024438186071417543,0.022915586434524286
286,0.022615500804480406,0.02108299500270002,0.02108299500270002,0.0280410477559408,0.022485492200385242,0.017635464982982168,0.021914640898668163
320,0.022615500804480406,0.02108299500270002,0.02108299500270002,0.019707714422607468,0.019707714422607468,0.017635464982982168,0.021626489911073216
332,0.022615500804480406,0.02108299500270002,0.02108299500270002,0.019707714422607468,0.022485492200385242,0.02783954661563523,0.021899475057215796
337,0.022615500804480406,0.02108299500270002,0.02108299500270002,0.019707714422607468,0.019707714422607468,0.021036825527199855,0.02221795772771547
361,0.022615500804480406,0.02108299500270002,0.02108299500270002,0.036374381089274134,0.0280410477559408,0.031240907159852914,0.021656821593977946
364,0.022615500804480406,0.02108299500270002,0.02108299500270002,0.011374381089274133,0.0280410477559408,0.01423410443876448,0.02232411861788203
366,0.022615500804480406,0.02108299500270002,0.02108299500270002,0.011374381089274133,0.022485492200385242,0.01423410443876448,0.022415113666596223
404,0.022615500804480406,0.02108299500270002,0.02108299500270002,0.019707714422607468,0.019707714422607468,0.017635464982982168,0.021747816642692142
405,0.022615500804480406,0.02108299500270002,0.02108299500270002,0.019707714422607468,0.022485492200385242,0.017635464982982168,0.021838811691406335
410,0.022615500804480406,0.02108299500270002,0.02108299500270002,0.011374381089274133,0.022485492200385242,0.021036825527199855,0.022308952776429667
412,0.022615500804480406,0.02108299500270002,0.02108299500270002,0.0280410477559408,0.030818825533718577,0.017635464982982168,0.022096630996096548
414,0.022615500804480406,0.02108299500270002,0.02108299500270002,0.011374381089274133,0.019707714422607468,0.01423410443876448,0.02235445030078676
420,0.022615500804480406,0.02108299500270002,0.02108299500270002,0.0280410477559408,0.019707714422607468,0.02783954661563523,0.02148999733800193
421,0.022615500804480406,0.02108299500270002,0.02108299500270002,0.011374381089274133,0.019707714422607468,0.02783954661563523,0.022415113666596223
433,0.022615500804480406,0.02108299500270002,0.02108299500270002,0.019707714422607468,0.014152158867051911,0.02783954661563523,0.021808480008501604
464,0.022615500804480406,0.02108299500270002,0.02108299500270002,0.0280410477559408,0.022485492200385242,0.031240907159852914,0.0218539775328587
467,0.022615500804480406,0.02108299500270002,0.02108299500270002,0.019707714422607468,0.01692993664482969,0.021036825527199855,0.02199047010592999
476,0.022615500804480406,0.02108299500270002,0.02108299500270002,0.019707714422607468,0.019707714422607468,0.017635464982982168,0.021975304264477625
479,0.022615500804480406,0.02108299500270002,0.02108299500270002,0.019707714422607468,0.022485492200385242,0.017635464982982168,0.021944972581572894
483,0.022615500804480406,0.02108299500270002,0.02108299500270002,0.019707714422607468,0.022485492200385242,0.017635464982982168,0.021899475057215796
494,0.022615500804480406,0.02108299500270002,0.02108299500270002,0.0280410477559408,0.022485492200385242,0.01423410443876448,0.02171748495978741
496,0.022615500804480406,0.02108299500270002,0.02108299500270002,0.0280410477559408,0.01692993664482969,0.024438186071417543,0.02148999733800193
498,0.022615500804480406,0.02108299500270002,0.02108299500270002,0.019707714422607468,0.022485492200385242,0.024438186071417543,0.02202080178883472
500,0.022615500804480406,0.02108299500270002,0.02108299500270002,0.011374381089274133,0.01692993664482969,0.017635464982982168,0.02235445030078676
529,0.022615500804480406,0.02108299500270002,0.02108299500270002,0.019707714422607468,0.014152158867051911,0.024438186071417543,0.022142128520453646
531,0.022615500804480406,0.02108299500270002,0.02108299500270002,0.011374381089274133,0.02526326997816302,0.021036825527199855,0.022445445349500954
550,0.022615500804480406,0.02108299500270002,0.02108299500270002,0.036374381089274134,0.02526326997816302,0.034642267704070605,0.021459665655097198
554,0.022615500804480406,0.02108299500270002,0.02108299500270002,0.019707714422607468,0.0280410477559408,0.021036825527199855,0.021732650801239775
574,0.022615500804480406,0.02108299500270002,0.02108299500270002,0.019707714422607468,0.02526326997816302,0.024438186071417543,0.02221795772771547
575,0.022615500804480406,0.02108299500270002,0.02108299500270002,0.019707714422607468,0.014152158867051911,0.02783954661563523,0.022142128520453646
580,0.022615500804480406,0.02108299500270002,0.02108299500270002,0.019707714422607468,0.019707714422607468,0.024438186071417543,0.021838811691406335
581,0.022615500804480406,0.02108299500270002,0.02108299500270002,0.011374381089274133,0.01692993664482969,0.021036825527199855,0.022369616142239125
590,0.022615500804480406,0.02108299500270002,0.02108299500270002,0.036374381089274134,0.019707714422607468,0.031240907159852914,0.0214141681307401
591,0.022615500804480406,0.02108299500270002,0.02108299500270002,0.011374381089274133,0.019707714422607468,0.024438186071417543,0.02324923494647633
598,0.022615500804480406,0.02108299500270002,0.02108299500270002,0.011374381089274133,0.01692993664482969,0.024438186071417543,0.023218903263571594
604,0.022615500804480406,0.02108299500270002,0.02108299500270002,0.011374381089274133,0.01692993664482969,0.021036825527199855,0.022445445349500954
607,0.022615500804480406,0.02108299500270002,0.02108299500270002,0.019707714422607468,0.014152158867051911,0.01423410443876448,0.021656821593977946
611,0.022615500804480406,0.02108299500270002,0.02108299500270002,0.019707714422607468,0.0280410477559408,0.017635464982982168,0.021656821593977946
635,0.022615500804480406,0.02108299500270002,0.02108299500270002,0.0530410477559408,0.0280410477559408,0.010832743894546793,0.021399002289287733
655,0.022615500804480406,0.02108299500270002,0.02108299500270002,0.019707714422607468,0.01692993664482969,0.02783954661563523,0.021656821593977946
660,0.022615500804480406,0.02108299500270002,0.02108299500270002,0.011374381089274133,0.0280410477559408,0.024438186071417543,0.022384781983691492
670,0.022615500804480406,0.02108299500270002,0.02108299500270002,0.0280410477559408,0.02526326997816302,0.021036825527199855,0.021565826545263754
677,0.022615500804480406,0.02108299500270002,0.02108299500270002,0.0280410477559408,0.022485492200385242,0.02783954661563523,0.021520329020906656
678,0.022615500804480406,0.02108299500270002,0.02108299500270002,0.011374381089274133,0.022485492200385242,0.017635464982982168,0.02246061119095332
699,0.022615500804480406,0.02108299500270002,0.02108299500270002,0.044707714422607465,0.03359660331149635,0.017635464982982168,0.021626489911073216
701,0.022615500804480406,0.02108299500270002,0.02108299500270002,0.011374381089274133,0.014152158867051911,0.024438186071417543,0.02253644039821515
723,0.022615500804480406,0.02108299500270002,0.02108299500270002,0.019707714422607468,0.01692993664482969,0.021036825527199855,0.022172460203358377
746,0.022615500804480406,0.02108299500270002,0.02108299500270002,0.0280410477559408,0.01692993664482969,0.031240907159852914,0.021671987435430314
757,0.022615500804480406,0.02108299500270002,0.02108299500270002,0.011374381089274133,0.01692993664482969,0.021036825527199855,0.02256677208111988
763,0.022615500804480406,0.02108299500270002,0.02108299500270002,0.019707714422607468,0.019707714422607468,0.017635464982982168,0.022278621093524936
790,0.022615500804480406,0.02108299500270002,0.02108299500270002,0.036374381089274134,0.022485492200385242,0.021036825527199855,0.02171748495978741
822,0.022615500804480406,0.02108299500270002,0.02108299500270002,0.011374381089274133,0.01692993664482969,0.017635464982982168,0.02324923494647633
831,0.022615500804480406,0.02108299500270002,0.02108299500270002,0.011374381089274133,0.0280410477559408,0.017635464982982168,0.022490942873858052
837,0.022615500804480406,0.02108299500270002,0.02108299500270002,0.011374381089274133,0.011374381089274133,0.021036825527199855,0.02411368790926116
842,0.022615500804480406,0.02108299500270002,0.02108299500270002,0.019707714422607468,0.022485492200385242,0.024438186071417543,0.022248289410620202
845,0.022615500804480406,0.02108299500270002,0.02108299500270002,0.011374381089274133,0.022485492200385242,0.024438186071417543,0.02246061119095332
849,0.022615500804480406,0.02108299500270002,0.02108299500270002,0.0280410477559408,0.019707714422607468,0.021036825527199855,0.02188430921576343
855,0.022615500804480406,0.02108299500270002,0.02108299500270002,0.019707714422607468,0.022485492200385242,0.017635464982982168,0.021838811691406335
863,0.022615500804480406,0.02108299500270002,0.02108299500270002,0.036374381089274134,0.0280410477559408,0.021036825527199855,0.02148999733800193
865,0.022615500804480406,0.02108299500270002,0.02108299500270002,0.011374381089274133,0.019707714422607468,0.021036825527199855,0.022945918117429014
884,0.022615500804480406,0.02108299500270002,0.02108299500270002,0.036374381089274134,0.030818825533718577,0.02783954661563523,0.02138383644783537
901,0.022615500804480406,0.02108299500270002,0.02108299500270002,0.011374381089274133,0.022485492200385242,0.024438186071417543,0.022551606239667513
919,0.022615500804480406,0.02108299500270002,0.02108299500270002,0.0280410477559408,0.022485492200385242,0.031240907159852914,0.02196013842302526
922,0.022615500804480406,0.02108299500270002,0.02108299500270002,0.0280410477559408,0.01692993664482969,0.017635464982982168,0.021747816642692142
925,0.022615500804480406,0.02108299500270002,0.02108299500270002,0.011374381089274133,0.014152158867051911,0.02783954661563523,0.02394686365328514
940,0.022615500804480406,0.02108299500270002,0.02108299500270002,0.0280410477559408,0.019707714422607468,0.017635464982982168,0.02147483149654956
951,0.022615500804480406,0.02108299500270002,0.02108299500270002,0.011374381089274133,0.019707714422607468,0.021036825527199855,0.022490942873858052
973,0.022615500804480406,0.02108299500270002,0.02108299500270002,0.011374381089274133,0.02526326997816302,0.021036825527199855,0.022490942873858052
985,0.022615500804480406,0.02108299500270002,0.02108299500270002,0.019707714422607468,0.02526326997816302,0.02783954661563523,0.021778148325596873
995,0.022615500804480406,0.02108299500270002,0.02108299500270002,0.011374381089274133,0.014152158867051911,0.024438186071417543,0.02381037108021385
002,0.022564963849331952,0.020451283063344365,0.020451283063344365,0.019707714422607468,0.01692993664482969,0.021036825527199855,0.0214141681307401
007,0.022564963849331952,0.020451283063344365,0.020451283063344365,0.011374381089274133,0.019707714422607468,0.021036825527199855,0.02320373742211923
037,0.022564963849331952,0.020451283063344365,0.020451283063344365,0.0280410477559408,0.019707714422607468,0.010832743894546793,0.021505163179454292
058,0.022564963849331952,0.020451283063344365,0.020451283063344365,0.011374381089274133,0.0280410477559408,0.010832743894546793,0.022339284459334394
061,0.022564963849331952,0.020451283063344365,0.020451283063344365,0.019707714422607468,0.030818825533718577,0.01423410443876448,0.02199047010592999
062,0.022564963849331952,0.020451283063344365,0.020451283063344365,0.0280410477559408,0.022485492200385242,0.010832743894546793,0.02155066070381139
072,0.022564963849331952,0.020451283063344365,0.020451283063344365,0.0280410477559408,0.019707714422607468,0.024438186071417543,0.021762982484144506
094,0.022564963849331952,0.020451283063344365,0.020451283063344365,0.011374381089274133,0.01692993664482969,0.017635464982982168,0.022718430495643534
095,0.022564963849331952,0.020451283063344365,0.020451283063344365,0.0280410477559408,0.019707714422607468,0.024438186071417543,0.02158099238671612
118,0.022564963849331952,0.020451283063344365,0.020451283063344365,0.0280410477559408,0.022485492200385242,0.021036825527199855,0.021535494862359023
142,0.022564963849331952,0.020451283063344365,0.020451283063344365,0.019707714422607468,0.019707714422607468,0.017635464982982168,0.021975304264477625
181,0.022564963849331952,0.020451283063344365,0.020451283063344365,0.036374381089274134,0.022485492200385242,0.021036825527199855,0.021399002289287733
185,0.022564963849331952,0.020451283063344365,0.020451283063344365,0.019707714422607468,0.0280410477559408,0.021036825527199855,0.021520329020906656
193,0.022564963849331952,0.020451283063344365,0.020451283063344365,0.019707714422607468,0.02526326997816302,0.024438186071417543,0.021505163179454292
207,0.022564963849331952,0.020451283063344365,0.020451283063344365,0.0280410477559408,0.019707714422607468,0.021036825527199855,0.02144449981364483
209,0.022564963849331952,0.020451283063344365,0.020451283063344365,0.011374381089274133,0.019707714422607468,0.010832743894546793,0.02299141564178611
211,0.022564963849331952,0.020451283063344365,0.020451283063344365,0.0280410477559408,0.022485492200385242,0.021036825527199855,0.021520329020906656
218,0.022564963849331952,0.020451283063344365,0.020451283063344365,0.011374381089274133,0.019707714422607468,0.01423410443876448,0.022475777032405685
226,0.022564963849331952,0.020451283063344365,0.020451283063344365,0.019707714422607468,0.01692993664482969,0.01423410443876448,0.021656821593977946
230,0.022564963849331952,0.020451283063344365,0.020451283063344365,0.019707714422607468,0.022485492200385242,0.017635464982982168,0.022248289410620202
241,0.022564963849331952,0.020451283063344365,0.020451283063344365,0.0280410477559408,0.02526326997816302,0.017635464982982168,0.02159615822816849
282,0.022564963849331952,0.020451283063344365,0.020451283063344365,0.011374381089274133,0.01692993664482969,0.024438186071417543,0.022597103764024608
288,0.022564963849331952,0.020451283063344365,0.020451283063344365,0.011374381089274133,0.01692993664482969,0.024438186071417543,0.022612269605476975
295,0.022564963849331952,0.020451283063344365,0.020451283063344365,0.019707714422607468,0.022485492200385242,0.01423410443876448,0.021459665655097198
303,0.022564963849331952,0.020451283063344365,0.020451283063344365,0.011374381089274133,0.01692993664482969,0.021036825527199855,0.022976249800333748
386,0.022564963849331952,0.020451283063344365,0.020451283063344365,0.011374381089274133,0.011374381089274133,0.021036825527199855,0.02411368790926116
393,0.022564963849331952,0.020451283063344365,0.020451283063344365,0.011374381089274133,0.022485492200385242,0.02783954661563523,0.022870088910167192
401,0.022564963849331952,0.020451283063344365,0.020451283063344365,0.011374381089274133,0.02526326997816302,0.02783954661563523,0.02235445030078676
425,0.022564963849331952,0.020451283063344365,0.020451283063344365,0.011374381089274133,0.022485492200385242,0.02783954661563523,0.02235445030078676
448,0.022564963849331952,0.020451283063344365,0.020451283063344365,0.019707714422607468,0.019707714422607468,0.01423410443876448,0.022035967630287086
455,0.022564963849331952,0.020451283063344365,0.020451283063344365,0.019707714422607468,0.02526326997816302,0.02783954661563523,0.02202080178883472
480,0.022564963849331952,0.020451283063344365,0.020451283063344365,0.011374381089274133,0.014152158867051911,0.01423410443876448,0.02299141564178611
487,0.022564963849331952,0.020451283063344365,0.020451283063344365,0.011374381089274133,0.019707714422607468,0.021036825527199855,0.02306724484904794
511,0.022564963849331952,0.020451283063344365,0.020451283063344365,0.0280410477559408,0.019707714422607468,0.024438186071417543,0.021505163179454292
514,0.022564963849331952,0.020451283063344365,0.020451283063344365,0.019707714422607468,0.0280410477559408,0.024438186071417543,0.021808480008501604
515,0.022564963849331952,0.020451283063344365,0.020451283063344365,0.0280410477559408,0.022485492200385242,0.010832743894546793,0.021671987435430314
524,0.022564963849331952,0.020451283063344365,0.020451283063344365,0.0280410477559408,0.019707714422607468,0.021036825527199855,0.021429333972192464
527,0.022564963849331952,0.020451283063344365,0.020451283063344365,0.0280410477559408,0.022485492200385242,0.024438186071417543,0.02138383644783537
534,0.022564963849331952,0.020451283063344365,0.020451283063344365,0.011374381089274133,0.01692993664482969,0.02783954661563523,0.023931697811832776
535,0.022564963849331952,0.020451283063344365,0.020451283063344365,0.011374381089274133,0.014152158867051911,0.024438186071417543,0.023188571580666867
538,0.022564963849331952,0.020451283063344365,0.020451283063344365,0.011374381089274133,0.014152158867051911,0.021036825527199855,0.023962029494737504
541,0.022564963849331952,0.020451283063344365,0.020451283063344365,0.019707714422607468,0.014152158867051911,0.024438186071417543,0.02144449981364483
548,0.022564963849331952,0.020451283063344365,0.020451283063344365,0.019707714422607468,0.019707714422607468,0.02783954661563523,0.02144449981364483
593,0.022564963849331952,0.020451283063344365,0.020451283063344365,0.0280410477559408,0.02526326997816302,0.024438186071417543,0.021899475057215796
637,0.022564963849331952,0.020451283063344365,0.020451283063344365,0.019707714422607468,0.02526326997816302,0.024438186071417543,0.021702319118335044
648,0.022564963849331952,0.020451283063344365,0.020451283063344365,0.036374381089274134,0.02526326997816302,0.01423410443876448,0.02138383644783537
650,0.022564963849331952,0.020451283063344365,0.020451283063344365,0.019707714422607468,0.019707714422607468,0.024438186071417543,0.021702319118335044
656,0.022564963849331952,0.020451283063344365,0.020451283063344365,0.019707714422607468,0.022485492200385242,0.010832743894546793,0.021611324069620852
719,0.022564963849331952,0.020451283063344365,0.020451283063344365,0.0280410477559408,0.019707714422607468,0.02783954661563523,0.021565826545263754
739,0.022564963849331952,0.020451283063344365,0.020451283063344365,0.036374381089274134,0.022485492200385242,0.024438186071417543,0.022051133471739454
743,0.022564963849331952,0.020451283063344365,0.020451283063344365,0.019707714422607468,0.019707714422607468,0.017635464982982168,0.021747816642692142
759,0.022564963849331952,0.020451283063344365,0.020451283063344365,0.019707714422607468,0.01692993664482969,0.017635464982982168,0.021747816642692142
767,0.022564963849331952,0.020451283063344365,0.020451283063344365,0.036374381089274134,0.03359660331149635,0.02783954661563523,0.02155066070381139
771,0.022564963849331952,0.020451283063344365,0.020451283063344365,0.011374381089274133,0.019707714422607468,0.024438186071417543,0.022445445349500954
825,0.022564963849331952,0.020451283063344365,0.020451283063344365,0.011374381089274133,0.01692993664482969,0.02783954661563523,0.022597103764024608
830,0.022564963849331952,0.020451283063344365,0.020451283063344365,0.0280410477559408,0.019707714422607468,0.01423410443876448,0.02144449981364483
838,0.022564963849331952,0.020451283063344365,0.020451283063344365,0.011374381089274133,0.022485492200385242,0.031240907159852914,0.02253644039821515
843,0.022564963849331952,0.020451283063344365,0.020451283063344365,0.0280410477559408,0.022485492200385242,0.01423410443876448,0.021671987435430314
846,0.022564963849331952,0.020451283063344365,0.020451283063344365,0.019707714422607468,0.019707714422607468,0.02783954661563523,0.021535494862359023
861,0.022564963849331952,0.020451283063344365,0.020451283063344365,0.011374381089274133,0.022485492200385242,0.024438186071417543,0.022657767129834073
899,0.022564963849331952,0.020451283063344365,0.020451283063344365,0.0280410477559408,0.01692993664482969,0.024438186071417543,0.021399002289287733
911,0.022564963849331952,0.020451283063344365,0.020451283063344365,0.0280410477559408,0.02526326997816302,0.010832743894546793,0.021762982484144506
912,0.022564963849331952,0.020451283063344365,0.020451283063344365,0.011374381089274133,0.01692993664482969,0.02783954661563523,0.02303691316614321
926,0.022564963849331952,0.020451283063344365,0.020451283063344365,0.019707714422607468,0.014152158867051911,0.017635464982982168,0.022187626044810744
999,0.022564963849331952,0.020451283063344365,0.020451283063344365,0.0280410477559408,0.022485492200385242,0.01423410443876448,0.0214141681307401
027,0.022514426894183502,0.019819571123988713,0.019819571123988713,0.0280410477559408,0.01692993664482969,0.017635464982982168,0.02182364584995397
060,0.022514426894183502,0.019819571123988713,0.019819571123988713,0.019707714422607468,0.01692993664482969,0.024438186071417543,0.02196013842302526
122,0.022514426894183502,0.019819571123988713,0.019819571123988713,0.011374381089274133,0.014152158867051911,0.021036825527199855,0.02408335622635643
167,0.022514426894183502,0.019819571123988713,0.019819571123988713,0.019707714422607468,0.022485492200385242,0.02783954661563523,0.02196013842302526
171,0.022514426894183502,0.019819571123988713,0.019819571123988713,0.019707714422607468,0.022485492200385242,0.021036825527199855,0.02223312356916784
182,0.022514426894183502,0.019819571123988713,0.019819571123988713,0.019707714422607468,0.014152158867051911,0.024438186071417543,0.022172460203358377
222,0.022514426894183502,0.019819571123988713,0.019819571123988713,0.011374381089274133,0.01692993664482969,0.021036825527199855,0.02246061119095332
247,0.022514426894183502,0.019819571123988713,0.019819571123988713,0.019707714422607468,0.019707714422607468,0.021036825527199855,0.022005635947382356
287,0.022514426894183502,0.019819571123988713,0.019819571123988713,0.044707714422607465,0.030818825533718577,0.024438186071417543,0.021459665655097198
324,0.022514426894183502,0.019819571123988713,0.019819571123988713,0.019707714422607468,0.019707714422607468,0.01423410443876448,0.02215729436190601
328,0.022514426894183502,0.019819571123988713,0.019819571123988713,0.011374381089274133,0.019707714422607468,0.02783954661563523,0.02243027950804859
345,0.022514426894183502,0.019819571123988713,0.019819571123988713,0.019707714422607468,0.022485492200385242,0.024438186071417543,0.02188430921576343
357,0.022514426894183502,0.019819571123988713,0.019819571123988713,0.019707714422607468,0.02526326997816302,0.017635464982982168,0.02215729436190601
378,0.022514426894183502,0.019819571123988713,0.019819571123988713,0.011374381089274133,0.019707714422607468,0.01423410443876448,0.022839757227262458
387,0.022514426894183502,0.019819571123988713,0.019819571123988713,0.011374381089274133,0.019707714422607468,0.01423410443876448,0.022581937922572244
408,0.022514426894183502,0.019819571123988713,0.019819571123988713,0.019707714422607468,0.019707714422607468,0.024438186071417543,0.021808480008501604
418,0.022514426894183502,0.019819571123988713,0.019819571123988713,0.019707714422607468,0.02526326997816302,0.017635464982982168,0.021975304264477625
440,0.022514426894183502,0.019819571123988713,0.019819571123988713,0.0280410477559408,0.02526326997816302,0.02783954661563523,0.021732650801239775
457,0.022514426894183502,0.019819571123988713,0.019819571123988713,0.019707714422607468,0.019707714422607468,0.01423410443876448,0.022035967630287086
486,0.022514426894183502,0.019819571123988713,0.019819571123988713,0.019707714422607468,0.014152158867051911,0.01423410443876448,0.02188430921576343
497,0.022514426894183502,0.019819571123988713,0.019819571123988713,0.019707714422607468,0.019707714422607468,0.017635464982982168,0.021869143374311065
499,0.022514426894183502,0.019819571123988713,0.019819571123988713,0.011374381089274133,0.019707714422607468,0.010832743894546793,0.022581937922572244
505,0.022514426894183502,0.019819571123988713,0.019819571123988713,0.0280410477559408,0.019707714422607468,0.024438186071417543,0.022066299313191817
537,0.022514426894183502,0.019819571123988713,0.019819571123988713,0.011374381089274133,0.030818825533718577,0.01423410443876448,0.022369616142239125
544,0.022514426894183502,0.019819571123988713,0.019819571123988713,0.0280410477559408,0.019707714422607468,0.017635464982982168,0.021611324069620852
552,0.022514426894183502,0.019819571123988713,0.019819571123988713,0.011374381089274133,0.01692993664482969,0.021036825527199855,0.02382553692166622
570,0.022514426894183502,0.019819571123988713,0.019819571123988713,0.0280410477559408,0.02526326997816302,0.017635464982982168,0.021459665655097198
600,0.022514426894183502,0.019819571123988713,0.019819571123988713,0.011374381089274133,0.014152158867051911,0.021036825527199855,0.024068190384904067
613,0.022514426894183502,0.019819571123988713,0.019819571123988713,0.0280410477559408,0.030818825533718577,0.021036825527199855,0.022187626044810744
640,0.022514426894183502,0.019819571123988713,0.019819571123988713,0.011374381089274133,0.022485492200385242,0.021036825527199855,0.02235445030078676
706,0.022514426894183502,0.019819571123988713,0.019819571123988713,0.019707714422607468,0.019707714422607468,0.017635464982982168,0.02196013842302526
722,0.022514426894183502,0.019819571123988713,0.019819571123988713,0.011374381089274133,0.019707714422607468,0.02783954661563523,0.022597103764024608
750,0.022514426894183502,0.019819571123988713,0.019819571123988713,0.011374381089274133,0.014152158867051911,0.031240907159852914,0.023734541872952025
785,0.022514426894183502,0.019819571123988713,0.019819571123988713,0.019707714422607468,0.019707714422607468,0.021036825527199855,0.02159615822816849
806,0.022514426894183502,0.019819571123988713,0.019819571123988713,0.019707714422607468,0.01692993664482969,0.01423410443876448,0.021459665655097198
826,0.022514426894183502,0.019819571123988713,0.019819571123988713,0.019707714422607468,0.019707714422607468,0.024438186071417543,0.022202791886263108
834,0.022514426894183502,0.019819571123988713,0.019819571123988713,0.0280410477559408,0.022485492200385242,0.021036825527199855,0.02182364584995397
839,0.022514426894183502,0.019819571123988713,0.019819571123988713,0.019707714422607468,0.02526326997816302,0.017635464982982168,0.021459665655097198
881,0.022514426894183502,0.019819571123988713,0.019819571123988713,0.0280410477559408,0.019707714422607468,0.021036825527199855,0.022142128520453646
935,0.022514426894183502,0.019819571123988713,0.019819571123988713,0.019707714422607468,0.014152158867051911,0.017635464982982168,0.021778148325596873
033,0.02246388993903505,0.019187859184633057,0.019187859184633057,0.019707714422607468,0.022485492200385242,0.021036825527199855,0.021535494862359023
051,0.02246388993903505,0.019187859184633057,0.019187859184633057,0.011374381089274133,0.030818825533718577,0.017635464982982168,0.023052079007595577
055,0.02246388993903505,0.019187859184633057,0.019187859184633057,0.011374381089274133,0.02526326997816302,0.024438186071417543,0.022612269605476975
068,0.02246388993903505,0.019187859184633057,0.019187859184633057,0.011374381089274133,0.014152158867051911,0.01423410443876448,0.022885254751619555
069,0.02246388993903505,0.019187859184633057,0.019187859184633057,0.011374381089274133,0.019707714422607468,0.02783954661563523,0.023188571580666867
105,0.02246388993903505,0.019187859184633057,0.019187859184633057,0.019707714422607468,0.019707714422607468,0.024438186071417543,0.02212696267900128
144,0.02246388993903505,0.019187859184633057,0.019187859184633057,0.011374381089274133,0.014152158867051911,0.024438186071417543,0.023461556726809447
160,0.02246388993903505,0.019187859184633057,0.019187859184633057,0.036374381089274134,0.02526326997816302,0.024438186071417543,0.021793314167049237
220,0.02246388993903505,0.019187859184633057,0.019187859184633057,0.019707714422607468,0.01692993664482969,0.017635464982982168,0.02188430921576343
231,0.02246388993903505,0.019187859184633057,0.019187859184633057,0.011374381089274133,0.01692993664482969,0.024438186071417543,0.02285492306871482
234,0.02246388993903505,0.019187859184633057,0.019187859184633057,0.011374381089274133,0.01692993664482969,0.017635464982982168,0.02338572751954762
256,0.02246388993903505,0.019187859184633057,0.019187859184633057,0.019707714422607468,0.019707714422607468,0.01423410443876448,0.021808480008501604
293,0.02246388993903505,0.019187859184633057,0.019187859184633057,0.0280410477559408,0.02526326997816302,0.021036825527199855,0.021505163179454292
298,0.02246388993903505,0.019187859184633057,0.019187859184633057,0.0280410477559408,0.022485492200385242,0.017635464982982168,0.021399002289287733
333,0.02246388993903505,0.019187859184633057,0.019187859184633057,0.011374381089274133,0.01692993664482969,0.017635464982982168,0.023082410690500304
338,0.02246388993903505,0.019187859184633057,0.019187859184633057,0.011374381089274133,0.01692993664482969,0.01423410443876448,0.022885254751619555
415,0.02246388993903505,0.019187859184633057,0.019187859184633057,0.011374381089274133,0.01692993664482969,0.017635464982982168,0.023355395836642884
445,0.02246388993903505,0.019187859184633057,0.019187859184633057,0.011374381089274133,0.019707714422607468,0.021036825527199855,0.022627435446929342
469,0.02246388993903505,0.019187859184633057,0.019187859184633057,0.011374381089274133,0.01692993664482969,0.024438186071417543,0.022339284459334394
501,0.02246388993903505,0.019187859184633057,0.019187859184633057,0.019707714422607468,0.019707714422607468,0.024438186071417543,0.02148999733800193
513,0.02246388993903505,0.019187859184633057,0.019187859184633057,0.019707714422607468,0.022485492200385242,0.021036825527199855,0.02158099238671612
533,0.02246388993903505,0.019187859184633057,0.019187859184633057,0.0280410477559408,0.022485492200385242,0.01423410443876448,0.021732650801239775
551,0.02246388993903505,0.019187859184633057,0.019187859184633057,0.0280410477559408,0.02526326997816302,0.024438186071417543,0.02168715327688268
680,0.02246388993903505,0.019187859184633057,0.019187859184633057,0.019707714422607468,0.019707714422607468,0.021036825527199855,0.021626489911073216
685,0.02246388993903505,0.019187859184633057,0.019187859184633057,0.011374381089274133,0.01692993664482969,0.02783954661563523,0.02232411861788203
693,0.02246388993903505,0.019187859184633057,0.019187859184633057,0.0280410477559408,0.02526326997816302,0.017635464982982168,0.021611324069620852
700,0.02246388993903505,0.019187859184633057,0.019187859184633057,0.011374381089274133,0.01692993664482969,0.021036825527199855,0.02239994782514386
713,0.02246388993903505,0.019187859184633057,0.019187859184633057,0.019707714422607468,0.022485492200385242,0.01423410443876448,0.02215729436190601
733,0.02246388993903505,0.019187859184633057,0.019187859184633057,0.036374381089274134,0.0280410477559408,0.01423410443876448,0.021671987435430314
734,0.02246388993903505,0.019187859184633057,0.019187859184633057,0.036374381089274134,0.0280410477559408,0.01423410443876448,0.02147483149654956
789,0.02246388993903505,0.019187859184633057,0.019187859184633057,0.019707714422607468,0.014152158867051911,0.024438186071417543,0.02221795772771547
792,0.02246388993903505,0.019187859184633057,0.019187859184633057,0.0280410477559408,0.022485492200385242,0.01423410443876448,0.021671987435430314
805,0.02246388993903505,0.019187859184633057,0.019187859184633057,0.011374381089274133,0.011374381089274133,0.024438186071417543,0.02411368790926116
864,0.02246388993903505,0.019187859184633057,0.019187859184633057,0.0280410477559408,0.019707714422607468,0.021036825527199855,0.0214141681307401
868,0.02246388993903505,0.019187859184633057,0.019187859184633057,0.019707714422607468,0.014152158867051911,0.024438186071417543,0.022081465154644184
947,0.02246388993903505,0.019187859184633057,0.019187859184633057,0.011374381089274133,0.019707714422607468,0.021036825527199855,0.022445445349500954
961,0.02246388993903505,0.019187859184633057,0.019187859184633057,0.0280410477559408,0.022485492200385242,0.017635464982982168,0.021914640898668163
977,0.02246388993903505,0.019187859184633057,0.019187859184633057,0.0280410477559408,0.022485492200385242,0.017635464982982168,0.02144449981364483
004,0.022413352983886595,0.018556147245277405,0.018556147245277405,0.011374381089274133,0.014152158867051911,0.017635464982982168,0.022688098812738804
041,0.022413352983886595,0.018556147245277405,0.018556147245277405,0.011374381089274133,0.014152158867051911,0.01423410443876448,0.023567717616976003
056,0.022413352983886595,0.018556147245277405,0.018556147245277405,0.011374381089274133,0.014152158867051911,0.024438186071417543,0.022339284459334394
082,0.022413352983886595,0.018556147245277405,0.018556147245277405,0.044707714422607465,0.0280410477559408,0.01423410443876448,0.021399002289287733
134,0.022413352983886595,0.018556147245277405,0.018556147245277405,0.0280410477559408,0.019707714422607468,0.017635464982982168,0.021429333972192464
146,0.022413352983886595,0.018556147245277405,0.018556147245277405,0.011374381089274133,0.01692993664482969,0.024438186071417543,0.022581937922572244
176,0.022413352983886595,0.018556147245277405,0.018556147245277405,0.011374381089274133,0.01692993664482969,0.017635464982982168,0.02290042059307192
184,0.022413352983886595,0.018556147245277405,0.018556147245277405,0.019707714422607468,0.014152158867051911,0.017635464982982168,0.022142128520453646
235,0.022413352983886595,0.018556147245277405,0.018556147245277405,0.019707714422607468,0.02526326997816302,0.02783954661563523,0.021793314167049237
238,0.022413352983886595,0.018556147245277405,0.018556147245277405,0.019707714422607468,0.019707714422607468,0.031240907159852914,0.02168715327688268
242,0.022413352983886595,0.018556147245277405,0.018556147245277405,0.019707714422607468,0.019707714422607468,0.021036825527199855,0.021702319118335044
255,0.022413352983886595,0.018556147245277405,0.018556147245277405,0.011374381089274133,0.019707714422607468,0.024438186071417543,0.02246061119095332
351,0.022413352983886595,0.018556147245277405,0.018556147245277405,0.019707714422607468,0.022485492200385242,0.01423410443876448,0.021762982484144506
359,0.022413352983886595,0.018556147245277405,0.018556147245277405,0.011374381089274133,0.022485492200385242,0.017635464982982168,0.022521274556762783
367,0.022413352983886595,0.018556147245277405,0.018556147245277405,0.019707714422607468,0.019707714422607468,0.024438186071417543,0.021611324069620852
372,0.022413352983886595,0.018556147245277405,0.018556147245277405,0.019707714422607468,0.01692993664482969,0.021036825527199855,0.021520329020906656
377,0.022413352983886595,0.018556147245277405,0.018556147245277405,0.019707714422607468,0.01692993664482969,0.017635464982982168,0.021626489911073216
397,0.022413352983886595,0.018556147245277405,0.018556147245277405,0.011374381089274133,0.01692993664482969,0.017635464982982168,0.023491888409714175
459,0.022413352983886595,0.018556147245277405,0.018556147245277405,0.011374381089274133,0.011374381089274133,0.017635464982982168,0.02411368790926116
477,0.022413352983886595,0.018556147245277405,0.018556147245277405,0.019707714422607468,0.019707714422607468,0.017635464982982168,0.02221795772771547
502,0.022413352983886595,0.018556147245277405,0.018556147245277405,0.036374381089274134,0.022485492200385242,0.02783954661563523,0.02199047010592999
506,0.022413352983886595,0.018556147245277405,0.018556147245277405,0.011374381089274133,0.019707714422607468,0.01423410443876448,0.023052079007595577
512,0.022413352983886595,0.018556147245277405,0.018556147245277405,0.019707714422607468,0.01692993664482969,0.017635464982982168,0.021914640898668163
584,0.022413352983886595,0.018556147245277405,0.018556147245277405,0.019707714422607468,0.01692993664482969,0.01423410443876448,0.022066299313191817
588,0.022413352983886595,0.018556147245277405,0.018556147245277405,0.0280410477559408,0.01692993664482969,0.021036825527199855,0.022202791886263108
626,0.022413352983886595,0.018556147245277405,0.018556147245277405,0.011374381089274133,0.014152158867051911,0.017635464982982168,0.02235445030078676
657,0.022413352983886595,0.018556147245277405,0.018556147245277405,0.019707714422607468,0.01692993664482969,0.021036825527199855,0.022005635947382356
714,0.022413352983886595,0.018556147245277405,0.018556147245277405,0.011374381089274133,0.02526326997816302,0.024438186071417543,0.023052079007595577
754,0.022413352983886595,0.018556147245277405,0.018556147245277405,0.019707714422607468,0.019707714422607468,0.017635464982982168,0.022172460203358377
773,0.022413352983886595,0.018556147245277405,0.018556147245277405,0.036374381089274134,0.030818825533718577,0.02783954661563523,0.02148999733800193
780,0.022413352983886595,0.018556147245277405,0.018556147245277405,0.011374381089274133,0.01692993664482969,0.021036825527199855,0.022521274556762783
797,0.022413352983886595,0.018556147245277405,0.018556147245277405,0.019707714422607468,0.019707714422607468,0.010832743894546793,0.021505163179454292
821,0.022413352983886595,0.018556147245277405,0.018556147245277405,0.019707714422607468,0.019707714422607468,0.017635464982982168,0.022066299313191817
886,0.022413352983886595,0.018556147245277405,0.018556147245277405,0.011374381089274133,0.01692993664482969,0.024438186071417543,0.023097576531952674
914,0.022413352983886595,0.018556147245277405,0.018556147245277405,0.019707714422607468,0.014152158867051911,0.021036825527199855,0.021702319118335044
952,0.022413352983886595,0.018556147245277405,0.018556147245277405,0.019707714422607468,0.022485492200385242,0.021036825527199855,0.022051133471739454
958,0.022413352983886595,0.018556147245277405,0.018556147245277405,0.011374381089274133,0.014152158867051911,0.010832743894546793,0.02367387850714256
967,0.022413352983886595,0.018556147245277405,0.018556147245277405,0.019707714422607468,0.022485492200385242,0.024438186071417543,0.02168715327688268
987,0.022413352983886595,0.018556147245277405,0.018556147245277405,0.011374381089274133,0.019707714422607468,0.024438186071417543,0.02239994782514386
008,0.022362816028738144,0.01792443530592175,0.01792443530592175,0.0280410477559408,0.022485492200385242,0.02783954661563523,0.0214141681307401
029,0.022362816028738144,0.01792443530592175,0.01792443530592175,0.019707714422607468,0.019707714422607468,0.024438186071417543,0.02138383644783537
091,0.022362816028738144,0.01792443530592175,0.01792443530592175,0.019707714422607468,0.022485492200385242,0.010832743894546793,0.021656821593977946
204,0.022362816028738144,0.01792443530592175,0.01792443530592175,0.019707714422607468,0.022485492200385242,0.017635464982982168,0.02196013842302526
269,0.022362816028738144,0.01792443530592175,0.01792443530592175,0.019707714422607468,0.01692993664482969,0.01423410443876448,0.021778148325596873
271,0.022362816028738144,0.01792443530592175,0.01792443530592175,0.019707714422607468,0.022485492200385242,0.021036825527199855,0.022248289410620202
323,0.022362816028738144,0.01792443530592175,0.01792443530592175,0.011374381089274133,0.019707714422607468,0.021036825527199855,0.022870088910167192
354,0.022362816028738144,0.01792443530592175,0.01792443530592175,0.0280410477559408,0.022485492200385242,0.01423410443876448,0.02171748495978741
373,0.022362816028738144,0.01792443530592175,0.01792443530592175,0.011374381089274133,0.022485492200385242,0.017635464982982168,0.02290042059307192
374,0.022362816028738144,0.01792443530592175,0.01792443530592175,0.011374381089274133,0.022485492200385242,0.02783954661563523,0.02293075227597665
406,0.022362816028738144,0.01792443530592175,0.01792443530592175,0.036374381089274134,0.02526326997816302,0.021036825527199855,0.021429333972192464
436,0.022362816028738144,0.01792443530592175,0.01792443530592175,0.019707714422607468,0.019707714422607468,0.024438186071417543,0.02221795772771547
443,0.022362816028738144,0.01792443530592175,0.01792443530592175,0.019707714422607468,0.01692993664482969,0.017635464982982168,0.021429333972192464
453,0.022362816028738144,0.01792443530592175,0.01792443530592175,0.0280410477559408,0.019707714422607468,0.017635464982982168,0.02215729436190601
470,0.022362816028738144,0.01792443530592175,0.01792443530592175,0.019707714422607468,0.02526326997816302,0.017635464982982168,0.021838811691406335
624,0.022362816028738144,0.01792443530592175,0.01792443530592175,0.019707714422607468,0.01692993664482969,0.01423410443876448,0.021429333972192464
664,0.022362816028738144,0.01792443530592175,0.01792443530592175,0.019707714422607468,0.01692993664482969,0.024438186071417543,0.022066299313191817
667,0.022362816028738144,0.01792443530592175,0.01792443530592175,0.011374381089274133,0.011374381089274133,0.034642267704070605,0.02411368790926116
717,0.022362816028738144,0.01792443530592175,0.01792443530592175,0.011374381089274133,0.02526326997816302,0.021036825527199855,0.02290042059307192
784,0.022362816028738144,0.01792443530592175,0.01792443530592175,0.011374381089274133,0.02526326997816302,0.031240907159852914,0.022733596337095898
856,0.022362816028738144,0.01792443530592175,0.01792443530592175,0.019707714422607468,0.01692993664482969,0.021036825527199855,0.022278621093524936
006,0.02231227907358969,0.017292723366566096,0.017292723366566096,0.019707714422607468,0.019707714422607468,0.01423410443876448,0.021808480008501604
019,0.02231227907358969,0.017292723366566096,0.017292723366566096,0.011374381089274133,0.01692993664482969,0.021036825527199855,0.022308952776429667
085,0.02231227907358969,0.017292723366566096,0.017292723366566096,0.019707714422607468,0.01692993664482969,0.010832743894546793,0.02138383644783537
088,0.02231227907358969,0.017292723366566096,0.017292723366566096,0.019707714422607468,0.01692993664482969,0.01423410443876448,0.021838811691406335
227,0.02231227907358969,0.017292723366566096,0.017292723366566096,0.011374381089274133,0.01692993664482969,0.017635464982982168,0.022551606239667513
275,0.02231227907358969,0.017292723366566096,0.017292723366566096,0.019707714422607468,0.022485492200385242,0.021036825527199855,0.022005635947382356
304,0.02231227907358969,0.017292723366566096,0.017292723366566096,0.011374381089274133,0.01692993664482969,0.01423410443876448,0.023097576531952674
343,0.02231227907358969,0.017292723366566096,0.017292723366566096,0.019707714422607468,0.01692993664482969,0.017635464982982168,0.02215729436190601
411,0.02231227907358969,0.017292723366566096,0.017292723366566096,0.019707714422607468,0.02526326997816302,0.01423410443876448,0.02226345525207257
456,0.02231227907358969,0.017292723366566096,0.017292723366566096,0.019707714422607468,0.014152158867051911,0.021036825527199855,0.021975304264477625
474,0.02231227907358969,0.017292723366566096,0.017292723366566096,0.019707714422607468,0.014152158867051911,0.017635464982982168,0.022096630996096548
576,0.02231227907358969,0.017292723366566096,0.017292723366566096,0.011374381089274133,0.011374381089274133,0.024438186071417543,0.02411368790926116
596,0.02231227907358969,0.017292723366566096,0.017292723366566096,0.0280410477559408,0.019707714422607468,0.024438186071417543,0.02147483149654956
628,0.02231227907358969,0.017292723366566096,0.017292723366566096,0.019707714422607468,0.01692993664482969,0.01423410443876448,0.022278621093524936
629,0.02231227907358969,0.017292723366566096,0.017292723366566096,0.019707714422607468,0.014152158867051911,0.017635464982982168,0.021838811691406335
684,0.02231227907358969,0.017292723366566096,0.017292723366566096,0.011374381089274133,0.019707714422607468,0.021036825527199855,0.022824591385810094
870,0.02231227907358969,0.017292723366566096,0.017292723366566096,0.019707714422607468,0.019707714422607468,0.010832743894546793,0.02144449981364483
924,0.02231227907358969,0.017292723366566096,0.017292723366566096,0.0280410477559408,0.02526326997816302,0.01423410443876448,0.02168715327688268
040,0.02226174211844124,0.016661011427210444,0.016661011427210444,0.019707714422607468,0.01692993664482969,0.021036825527199855,0.021702319118335044
042,0.02226174211844124,0.016661011427210444,0.016661011427210444,0.036374381089274134,0.02526326997816302,0.017635464982982168,0.021429333972192464
149,0.02226174211844124,0.016661011427210444,0.016661011427210444,0.011374381089274133,0.014152158867051911,0.017635464982982168,0.022551606239667513
253,0.02226174211844124,0.016661011427210444,0.016661011427210444,0.011374381089274133,0.01692993664482969,0.021036825527199855,0.02256677208111988
259,0.02226174211844124,0.016661011427210444,0.016661011427210444,0.011374381089274133,0.01692993664482969,0.021036825527199855,0.02299141564178611
451,0.02226174211844124,0.016661011427210444,0.016661011427210444,0.011374381089274133,0.014152158867051911,0.017635464982982168,0.023992361177642238
555,0.02226174211844124,0.016661011427210444,0.016661011427210444,0.011374381089274133,0.014152158867051911,0.021036825527199855,0.022612269605476975
730,0.02226174211844124,0.016661011427210444,0.016661011427210444,0.019707714422607468,0.022485492200385242,0.017635464982982168,0.021732650801239775
783,0.02226174211844124,0.016661011427210444,0.016661011427210444,0.011374381089274133,0.014152158867051911,0.017635464982982168,0.02253644039821515
795,0.02226174211844124,0.016661011427210444,0.016661011427210444,0.036374381089274134,0.022485492200385242,0.01423410443876448,0.021520329020906656
802,0.02226174211844124,0.016661011427210444,0.016661011427210444,0.011374381089274133,0.014152158867051911,0.010832743894546793,0.02246061119095332
807,0.02226174211844124,0.016661011427210444,0.016661011427210444,0.019707714422607468,0.01692993664482969,0.021036825527199855,0.021762982484144506
808,0.02226174211844124,0.016661011427210444,0.016661011427210444,0.011374381089274133,0.01692993664482969,0.02783954661563523,0.02367387850714256
812,0.02226174211844124,0.016661011427210444,0.016661011427210444,0.036374381089274134,0.022485492200385242,0.017635464982982168,0.02138383644783537
828,0.02226174211844124,0.016661011427210444,0.016661011427210444,0.011374381089274133,0.022485492200385242,0.017635464982982168,0.02306724484904794
874,0.02226174211844124,0.016661011427210444,0.016661011427210444,0.0280410477559408,0.01692993664482969,0.021036825527199855,0.021565826545263754
893,0.02226174211844124,0.016661011427210444,0.016661011427210444,0.036374381089274134,0.019707714422607468,0.021036825527199855,0.02158099238671612
090,0.022211205163292787,0.016029299487854788,0.016029299487854788,0.019707714422607468,0.022485492200385242,0.017635464982982168,0.022096630996096548
178,0.022211205163292787,0.016029299487854788,0.016029299487854788,0.0280410477559408,0.01692993664482969,0.017635464982982168,0.021429333972192464
315,0.022211205163292787,0.016029299487854788,0.016029299487854788,0.011374381089274133,0.011374381089274133,0.017635464982982168,0.02411368790926116
400,0.022211205163292787,0.016029299487854788,0.016029299487854788,0.019707714422607468,0.01692993664482969,0.024438186071417543,0.021793314167049237
434,0.022211205163292787,0.016029299487854788,0.016029299487854788,0.036374381089274134,0.022485492200385242,0.017635464982982168,0.02182364584995397
658,0.022211205163292787,0.016029299487854788,0.016029299487854788,0.011374381089274133,0.01692993664482969,0.01423410443876448,0.023628380982785465
929,0.022211205163292787,0.016029299487854788,0.016029299487854788,0.019707714422607468,0.01692993664482969,0.010832743894546793,0.022066299313191817
968,0.022211205163292787,0.016029299487854788,0.016029299487854788,0.019707714422607468,0.019707714422607468,0.01423410443876448,0.022187626044810744
979,0.022211205163292787,0.016029299487854788,0.016029299487854788,0.011374381089274133,0.022485492200385242,0.01423410443876448,0.02239994782514386
017,0.022160668208144337,0.015397587548499136,0.015397587548499136,0.0280410477559408,0.022485492200385242,0.021036825527199855,0.021565826545263754
135,0.022160668208144337,0.015397587548499136,0.015397587548499136,0.011374381089274133,0.014152158867051911,0.01423410443876448,0.02256677208111988
026,0.022110131252995883,0.014765875609143482,0.014765875609143482,0.011374381089274133,0.011374381089274133,0.01423410443876448,0.02411368790926116
747,0.022110131252995883,0.014765875609143482,0.014765875609143482,0.011374381089274133,0.014152158867051911,0.017635464982982168,0.023370561678095255
