number,probability,raw_model_probability,long_rate,short_rate,recent_long_rate,weekday_rate,gap_signal
662,0.023777850772894807,0.03561236960788006,0.03561236960788006,0.036374381089274134,0.0280410477559408,0.034642267704070605,0.021520329020906656
572,0.023575702952301,0.03308552185045744,0.03308552185045744,0.019707714422607468,0.0280410477559408,0.021036825527199855,0.021505163179454292
697,0.023575702952301,0.03308552185045744,0.03308552185045744,0.036374381089274134,0.03359660331149635,0.024438186071417543,0.021399002289287733
053,0.02352516599715255,0.03245380991110179,0.03245380991110179,0.0280410477559408,0.022485492200385242,0.024438186071417543,0.02147483149654956
983,0.02352516599715255,0.03245380991110179,0.03245380991110179,0.036374381089274134,0.03359660331149635,0.04144498879250598,0.021747816642692142
369,0.023474629042004095,0.031822097971746136,0.031822097971746136,0.036374381089274134,0.02526326997816302,0.02783954661563523,0.02171748495978741
432,0.023474629042004095,0.031822097971746136,0.031822097971746136,0.044707714422607465,0.030818825533718577,0.024438186071417543,0.021702319118335044
526,0.023474629042004095,0.031822097971746136,0.031822097971746136,0.044707714422607465,0.03359660331149635,0.034642267704070605,0.02144449981364483
592,0.023474629042004095,0.031822097971746136,0.031822097971746136,0.044707714422607465,0.030818825533718577,0.03804362824828829,0.02138383644783537
080,0.02342409208685564,0.03119038603239048,0.03119038603239048,0.0780410477559408,0.04748549220038524,0.03804362824828829,0.021520329020906656
186,0.02337355513170719,0.030558674093034827,0.030558674093034827,0.011374381089274133,0.0280410477559408,0.034642267704070605,0.022369616142239125
294,0.02337355513170719,0.030558674093034827,0.030558674093034827,0.0280410477559408,0.030818825533718577,0.031240907159852914,0.02138383644783537
370,0.02337355513170719,0.030558674093034827,0.030558674093034827,0.019707714422607468,0.0280410477559408,0.03804362824828829,0.02159615822816849
645,0.02337355513170719,0.030558674093034827,0.030558674093034827,0.0280410477559408,0.030818825533718577,0.021036825527199855,0.02159615822816849
653,0.02337355513170719,0.030558674093034827,0.030558674093034827,0.019707714422607468,0.0280410477559408,0.031240907159852914,0.02223312356916784
867,0.02337355513170719,0.030558674093034827,0.030558674093034827,0.044707714422607465,0.02526326997816302,0.03804362824828829,0.021459665655097198
878,0.02337355513170719,0.030558674093034827,0.030558674093034827,0.019707714422607468,0.022485492200385242,0.034642267704070605,0.021535494862359023
114,0.023323018176558737,0.02992696215367917,0.02992696215367917,0.019707714422607468,0.036374381089274134,0.017635464982982168,0.022172460203358377
179,0.023323018176558737,0.02992696215367917,0.02992696215367917,0.019707714422607468,0.030818825533718577,0.021036825527199855,0.02144449981364483
213,0.023323018176558737,0.02992696215367917,0.02992696215367917,0.019707714422607468,0.02526326997816302,0.02783954661563523,0.021671987435430314
484,0.023323018176558737,0.02992696215367917,0.02992696215367917,0.019707714422607468,0.019707714422607468,0.04144498879250598,0.02202080178883472
676,0.023323018176558737,0.02992696215367917,0.02992696215367917,0.036374381089274134,0.03359660331149635,0.034642267704070605,0.021565826545263754
964,0.023323018176558737,0.02992696215367917,0.02992696215367917,0.036374381089274134,0.03915215886705191,0.024438186071417543,0.02148999733800193
079,0.023272481221410287,0.02929525021432352,0.02929525021432352,0.019707714422607468,0.01692993664482969,0.031240907159852914,0.022005635947382356
119,0.023272481221410287,0.02929525021432352,0.02929525021432352,0.0280410477559408,0.022485492200385242,0.02783954661563523,0.02188430921576343
243,0.023272481221410287,0.02929525021432352,0.02929525021432352,0.019707714422607468,0.0280410477559408,0.034642267704070605,0.02147483149654956
599,0.023272481221410287,0.02929525021432352,0.02929525021432352,0.0280410477559408,0.02526326997816302,0.02783954661563523,0.02147483149654956
612,0.023272481221410287,0.02929525021432352,0.02929525021432352,0.036374381089274134,0.0280410477559408,0.024438186071417543,0.021747816642692142
811,0.023272481221410287,0.02929525021432352,0.02929525021432352,0.0530410477559408,0.03359660331149635,0.031240907159852914,0.02155066070381139
052,0.023221944266261833,0.028663538274967867,0.028663538274967867,0.0280410477559408,0.030818825533718577,0.021036825527199855,0.021520329020906656
057,0.023221944266261833,0.028663538274967867,0.028663538274967867,0.0280410477559408,0.03359660331149635,0.01423410443876448,0.021429333972192464
073,0.023221944266261833,0.028663538274967867,0.028663538274967867,0.0280410477559408,0.030818825533718577,0.024438186071417543,0.021641655752525583
267,0.023221944266261833,0.028663538274967867,0.028663538274967867,0.011374381089274133,0.0280410477559408,0.02783954661563523,0.022748762178548265
356,0.023221944266261833,0.028663538274967867,0.028663538274967867,0.019707714422607468,0.02526326997816302,0.01423410443876448,0.02158099238671612
473,0.023221944266261833,0.028663538274967867,0.028663538274967867,0.019707714422607468,0.030818825533718577,0.02783954661563523,0.021869143374311065
532,0.023221944266261833,0.028663538274967867,0.028663538274967867,0.019707714422607468,0.030818825533718577,0.017635464982982168,0.021702319118335044
661,0.023221944266261833,0.028663538274967867,0.028663538274967867,0.044707714422607465,0.02526326997816302,0.02783954661563523,0.021565826545263754
724,0.023221944266261833,0.028663538274967867,0.028663538274967867,0.044707714422607465,0.030818825533718577,0.024438186071417543,0.021778148325596873
848,0.023221944266261833,0.028663538274967867,0.028663538274967867,0.0280410477559408,0.02526326997816302,0.031240907159852914,0.021429333972192464
854,0.023221944266261833,0.028663538274967867,0.028663538274967867,0.019707714422607468,0.02526326997816302,0.044846349336723663,0.022005635947382356
871,0.023221944266261833,0.028663538274967867,0.028663538274967867,0.0280410477559408,0.019707714422607468,0.02783954661563523,0.021429333972192464
875,0.023221944266261833,0.028663538274967867,0.028663538274967867,0.019707714422607468,0.0280410477559408,0.021036825527199855,0.02168715327688268
906,0.023221944266261833,0.028663538274967867,0.028663538274967867,0.019707714422607468,0.030818825533718577,0.021036825527199855,0.021399002289287733
981,0.023221944266261833,0.028663538274967867,0.028663538274967867,0.044707714422607465,0.03359660331149635,0.031240907159852914,0.02138383644783537
000,0.02317140731111338,0.02803182633561221,0.02803182633561221,0.0280410477559408,0.030818825533718577,0.04144498879250598,0.021929806740120527
013,0.02317140731111338,0.02803182633561221,0.02803182633561221,0.0280410477559408,0.030818825533718577,0.017635464982982168,0.021399002289287733
092,0.02317140731111338,0.02803182633561221,0.02803182633561221,0.011374381089274133,0.0280410477559408,0.02783954661563523,0.022597103764024608
112,0.02317140731111338,0.02803182633561221,0.02803182633561221,0.019707714422607468,0.019707714422607468,0.021036825527199855,0.021520329020906656
151,0.02317140731111338,0.02803182633561221,0.02803182633561221,0.011374381089274133,0.02526326997816302,0.02783954661563523,0.022839757227262458
194,0.02317140731111338,0.02803182633561221,0.02803182633561221,0.019707714422607468,0.0280410477559408,0.03804362824828829,0.02182364584995397
221,0.02317140731111338,0.02803182633561221,0.02803182633561221,0.0280410477559408,0.02526326997816302,0.021036825527199855,0.021869143374311065
326,0.02317140731111338,0.02803182633561221,0.02803182633561221,0.036374381089274134,0.02526326997816302,0.017635464982982168,0.02148999733800193
422,0.02317140731111338,0.02803182633561221,0.02803182633561221,0.019707714422607468,0.019707714422607468,0.024438186071417543,0.021505163179454292
522,0.02317140731111338,0.02803182633561221,0.02803182633561221,0.0280410477559408,0.030818825533718577,0.02783954661563523,0.021505163179454292
547,0.02317140731111338,0.02803182633561221,0.02803182633561221,0.0530410477559408,0.030818825533718577,0.03804362824828829,0.02144449981364483
556,0.02317140731111338,0.02803182633561221,0.02803182633561221,0.044707714422607465,0.03915215886705191,0.024438186071417543,0.02188430921576343
573,0.02317140731111338,0.02803182633561221,0.02803182633561221,0.019707714422607468,0.019707714422607468,0.017635464982982168,0.02144449981364483
619,0.02317140731111338,0.02803182633561221,0.02803182633561221,0.019707714422607468,0.030818825533718577,0.017635464982982168,0.022081465154644184
691,0.02317140731111338,0.02803182633561221,0.02803182633561221,0.019707714422607468,0.03359660331149635,0.021036825527199855,0.022035967630287086
715,0.02317140731111338,0.02803182633561221,0.02803182633561221,0.044707714422607465,0.030818825533718577,0.031240907159852914,0.0214141681307401
749,0.02317140731111338,0.02803182633561221,0.02803182633561221,0.036374381089274134,0.02526326997816302,0.031240907159852914,0.02158099238671612
774,0.02317140731111338,0.02803182633561221,0.02803182633561221,0.011374381089274133,0.03359660331149635,0.024438186071417543,0.022308952776429667
836,0.02317140731111338,0.02803182633561221,0.02803182633561221,0.0280410477559408,0.03359660331149635,0.02783954661563523,0.021838811691406335
898,0.02317140731111338,0.02803182633561221,0.02803182633561221,0.011374381089274133,0.019707714422607468,0.021036825527199855,0.0231734057392145
916,0.02317140731111338,0.02803182633561221,0.02803182633561221,0.0280410477559408,0.022485492200385242,0.017635464982982168,0.022081465154644184
932,0.02317140731111338,0.02803182633561221,0.02803182633561221,0.0280410477559408,0.02526326997816302,0.031240907159852914,0.021611324069620852
957,0.02317140731111338,0.02803182633561221,0.02803182633561221,0.036374381089274134,0.036374381089274134,0.021036825527199855,0.021399002289287733
975,0.02317140731111338,0.02803182633561221,0.02803182633561221,0.019707714422607468,0.02526326997816302,0.024438186071417543,0.02148999733800193
978,0.02317140731111338,0.02803182633561221,0.02803182633561221,0.019707714422607468,0.022485492200385242,0.02783954661563523,0.022096630996096548
059,0.02312087035596493,0.02740011439625656,0.02740011439625656,0.036374381089274134,0.0280410477559408,0.02783954661563523,0.02158099238671612
081,0.02312087035596493,0.02740011439625656,0.02740011439625656,0.0280410477559408,0.030818825533718577,0.021036825527199855,0.021626489911073216
124,0.02312087035596493,0.02740011439625656,0.02740011439625656,0.011374381089274133,0.019707714422607468,0.03804362824828829,0.022657767129834073
132,0.02312087035596493,0.02740011439625656,0.02740011439625656,0.044707714422607465,0.0280410477559408,0.031240907159852914,0.021626489911073216
138,0.02312087035596493,0.02740011439625656,0.02740011439625656,0.019707714422607468,0.0280410477559408,0.017635464982982168,0.02158099238671612
189,0.02312087035596493,0.02740011439625656,0.02740011439625656,0.044707714422607465,0.030818825533718577,0.021036825527199855,0.0214141681307401
292,0.02312087035596493,0.02740011439625656,0.02740011439625656,0.019707714422607468,0.02526326997816302,0.024438186071417543,0.022248289410620202
358,0.02312087035596493,0.02740011439625656,0.02740011439625656,0.019707714422607468,0.02526326997816302,0.017635464982982168,0.021656821593977946
362,0.02312087035596493,0.02740011439625656,0.02740011439625656,0.011374381089274133,0.019707714422607468,0.034642267704070605,0.02232411861788203
363,0.02312087035596493,0.02740011439625656,0.02740011439625656,0.019707714422607468,0.02526326997816302,0.02783954661563523,0.021778148325596873
419,0.02312087035596493,0.02740011439625656,0.02740011439625656,0.011374381089274133,0.014152158867051911,0.021036825527199855,0.022445445349500954
475,0.02312087035596493,0.02740011439625656,0.02740011439625656,0.011374381089274133,0.019707714422607468,0.01423410443876448,0.022308952776429667
491,0.02312087035596493,0.02740011439625656,0.02740011439625656,0.011374381089274133,0.030818825533718577,0.031240907159852914,0.02253644039821515
523,0.02312087035596493,0.02740011439625656,0.02740011439625656,0.019707714422607468,0.02526326997816302,0.021036825527199855,0.021702319118335044
525,0.02312087035596493,0.02740011439625656,0.02740011439625656,0.036374381089274134,0.0280410477559408,0.024438186071417543,0.021808480008501604
549,0.02312087035596493,0.02740011439625656,0.02740011439625656,0.019707714422607468,0.019707714422607468,0.017635464982982168,0.02226345525207257
620,0.02312087035596493,0.02740011439625656,0.02740011439625656,0.0280410477559408,0.02526326997816302,0.031240907159852914,0.021505163179454292
729,0.02312087035596493,0.02740011439625656,0.02740011439625656,0.036374381089274134,0.030818825533718577,0.021036825527199855,0.021535494862359023
813,0.02312087035596493,0.02740011439625656,0.02740011439625656,0.019707714422607468,0.019707714422607468,0.017635464982982168,0.02171748495978741
035,0.023070333400816476,0.026768402456900903,0.026768402456900903,0.044707714422607465,0.0280410477559408,0.031240907159852914,0.0214141681307401
063,0.023070333400816476,0.026768402456900903,0.026768402456900903,0.036374381089274134,0.030818825533718577,0.021036825527199855,0.021399002289287733
102,0.023070333400816476,0.026768402456900903,0.026768402456900903,0.0280410477559408,0.022485492200385242,0.04144498879250598,0.022051133471739454
115,0.023070333400816476,0.026768402456900903,0.026768402456900903,0.019707714422607468,0.02526326997816302,0.02783954661563523,0.021944972581572894
127,0.023070333400816476,0.026768402456900903,0.026768402456900903,0.0280410477559408,0.022485492200385242,0.024438186071417543,0.021778148325596873
174,0.023070333400816476,0.026768402456900903,0.026768402456900903,0.019707714422607468,0.030818825533718577,0.024438186071417543,0.022172460203358377
206,0.023070333400816476,0.026768402456900903,0.026768402456900903,0.019707714422607468,0.019707714422607468,0.021036825527199855,0.02215729436190601
224,0.023070333400816476,0.026768402456900903,0.026768402456900903,0.0280410477559408,0.02526326997816302,0.031240907159852914,0.02159615822816849
239,0.023070333400816476,0.026768402456900903,0.026768402456900903,0.019707714422607468,0.02526326997816302,0.01423410443876448,0.021520329020906656
244,0.023070333400816476,0.026768402456900903,0.026768402456900903,0.011374381089274133,0.022485492200385242,0.04144498879250598,0.022490942873858052
254,0.023070333400816476,0.026768402456900903,0.026768402456900903,0.0280410477559408,0.02526326997816302,0.02783954661563523,0.02199047010592999
274,0.023070333400816476,0.026768402456900903,0.026768402456900903,0.019707714422607468,0.014152158867051911,0.02783954661563523,0.02215729436190601
296,0.023070333400816476,0.026768402456900903,0.026768402456900903,0.019707714422607468,0.0280410477559408,0.024438186071417543,0.022096630996096548
336,0.023070333400816476,0.026768402456900903,0.026768402456900903,0.019707714422607468,0.022485492200385242,0.024438186071417543,0.02147483149654956
341,0.023070333400816476,0.026768402456900903,0.026768402456900903,0.011374381089274133,0.022485492200385242,0.021036825527199855,0.02235445030078676
394,0.023070333400816476,0.026768402456900903,0.026768402456900903,0.044707714422607465,0.03359660331149635,0.031240907159852914,0.021459665655097198
395,0.023070333400816476,0.026768402456900903,0.026768402456900903,0.019707714422607468,0.0280410477559408,0.031240907159852914,0.021399002289287733
409,0.023070333400816476,0.026768402456900903,0.026768402456900903,0.0280410477559408,0.03359660331149635,0.031240907159852914,0.021656821593977946
492,0.023070333400816476,0.026768402456900903,0.026768402456900903,0.011374381089274133,0.02526326997816302,0.017635464982982168,0.02267293297128644
605,0.023070333400816476,0.026768402456900903,0.026768402456900903,0.044707714422607465,0.03359660331149635,0.031240907159852914,0.02148999733800193
606,0.023070333400816476,0.026768402456900903,0.026768402456900903,0.044707714422607465,0.036374381089274134,0.021036825527199855,0.021702319118335044
633,0.023070333400816476,0.026768402456900903,0.026768402456900903,0.0280410477559408,0.02526326997816302,0.02783954661563523,0.021626489911073216
634,0.023070333400816476,0.026768402456900903,0.026768402456900903,0.036374381089274134,0.02526326997816302,0.034642267704070605,0.02148999733800193
647,0.023070333400816476,0.026768402456900903,0.026768402456900903,0.0280410477559408,0.022485492200385242,0.017635464982982168,0.021778148325596873
665,0.023070333400816476,0.026768402456900903,0.026768402456900903,0.036374381089274134,0.02526326997816302,0.024438186071417543,0.021611324069620852
669,0.023070333400816476,0.026768402456900903,0.026768402456900903,0.0280410477559408,0.030818825533718577,0.024438186071417543,0.021535494862359023
710,0.023070333400816476,0.026768402456900903,0.026768402456900903,0.0280410477559408,0.022485492200385242,0.024438186071417543,0.02196013842302526
720,0.023070333400816476,0.026768402456900903,0.026768402456900903,0.044707714422607465,0.036374381089274134,0.044846349336723663,0.021793314167049237
727,0.023070333400816476,0.026768402456900903,0.026768402456900903,0.019707714422607468,0.030818825533718577,0.024438186071417543,0.02202080178883472
761,0.023070333400816476,0.026768402456900903,0.026768402456900903,0.036374381089274134,0.022485492200385242,0.024438186071417543,0.02168715327688268
902,0.023070333400816476,0.026768402456900903,0.026768402456900903,0.0280410477559408,0.022485492200385242,0.024438186071417543,0.021929806740120527
910,0.023070333400816476,0.026768402456900903,0.026768402456900903,0.019707714422607468,0.019707714422607468,0.034642267704070605,0.021399002289287733
937,0.023070333400816476,0.026768402456900903,0.026768402456900903,0.019707714422607468,0.019707714422607468,0.01423410443876448,0.02144449981364483
003,0.023019796445668025,0.02613669051754525,0.02613669051754525,0.044707714422607465,0.02526326997816302,0.010832743894546793,0.02148999733800193
021,0.023019796445668025,0.02613669051754525,0.02613669051754525,0.036374381089274134,0.0280410477559408,0.034642267704070605,0.021459665655097198
032,0.023019796445668025,0.02613669051754525,0.02613669051754525,0.019707714422607468,0.022485492200385242,0.024438186071417543,0.021914640898668163
087,0.023019796445668025,0.02613669051754525,0.02613669051754525,0.019707714422607468,0.022485492200385242,0.031240907159852914,0.0214141681307401
111,0.023019796445668025,0.02613669051754525,0.02613669051754525,0.0280410477559408,0.02526326997816302,0.021036825527199855,0.021808480008501604
131,0.023019796445668025,0.02613669051754525,0.02613669051754525,0.036374381089274134,0.0280410477559408,0.02783954661563523,0.021429333972192464
139,0.023019796445668025,0.02613669051754525,0.02613669051754525,0.011374381089274133,0.014152158867051911,0.031240907159852914,0.022445445349500954
158,0.023019796445668025,0.02613669051754525,0.02613669051754525,0.019707714422607468,0.01692993664482969,0.024438186071417543,0.022081465154644184
166,0.023019796445668025,0.02613669051754525,0.02613669051754525,0.0280410477559408,0.022485492200385242,0.024438186071417543,0.021929806740120527
169,0.023019796445668025,0.02613669051754525,0.02613669051754525,0.036374381089274134,0.030818825533718577,0.01423410443876448,0.021838811691406335
191,0.023019796445668025,0.02613669051754525,0.02613669051754525,0.019707714422607468,0.03359660331149635,0.031240907159852914,0.021838811691406335
208,0.023019796445668025,0.02613669051754525,0.02613669051754525,0.019707714422607468,0.0280410477559408,0.034642267704070605,0.021565826545263754
217,0.023019796445668025,0.02613669051754525,0.02613669051754525,0.044707714422607465,0.0280410477559408,0.024438186071417543,0.02171748495978741
250,0.023019796445668025,0.02613669051754525,0.02613669051754525,0.0530410477559408,0.03915215886705191,0.024438186071417543,0.02158099238671612
289,0.023019796445668025,0.02613669051754525,0.02613669051754525,0.011374381089274133,0.014152158867051911,0.031240907159852914,0.023234069105023965
299,0.023019796445668025,0.02613669051754525,0.02613669051754525,0.061374381089274135,0.030818825533718577,0.03804362824828829,0.02144449981364483
344,0.023019796445668025,0.02613669051754525,0.02613669051754525,0.0280410477559408,0.02526326997816302,0.024438186071417543,0.0214141681307401
349,0.023019796445668025,0.02613669051754525,0.02613669051754525,0.0280410477559408,0.022485492200385242,0.031240907159852914,0.021671987435430314
391,0.023019796445668025,0.02613669051754525,0.02613669051754525,0.019707714422607468,0.0280410477559408,0.034642267704070605,0.021702319118335044
396,0.023019796445668025,0.02613669051754525,0.02613669051754525,0.011374381089274133,0.019707714422607468,0.034642267704070605,0.022445445349500954
417,0.023019796445668025,0.02613669051754525,0.02613669051754525,0.036374381089274134,0.030818825533718577,0.024438186071417543,0.02159615822816849
435,0.023019796445668025,0.02613669051754525,0.02613669051754525,0.0280410477559408,0.02526326997816302,0.034642267704070605,0.02144449981364483
447,0.023019796445668025,0.02613669051754525,0.02613669051754525,0.0280410477559408,0.02526326997816302,0.02783954661563523,0.02202080178883472
450,0.023019796445668025,0.02613669051754525,0.02613669051754525,0.019707714422607468,0.019707714422607468,0.02783954661563523,0.021535494862359023
481,0.023019796445668025,0.02613669051754525,0.02613669051754525,0.036374381089274134,0.0280410477559408,0.02783954661563523,0.02159615822816849
543,0.023019796445668025,0.02613669051754525,0.02613669051754525,0.011374381089274133,0.01692993664482969,0.02783954661563523,0.022506108715310415
561,0.023019796445668025,0.02613669051754525,0.02613669051754525,0.0280410477559408,0.0280410477559408,0.024438186071417543,0.021611324069620852
568,0.023019796445668025,0.02613669051754525,0.02613669051754525,0.0280410477559408,0.030818825533718577,0.031240907159852914,0.021671987435430314
603,0.023019796445668025,0.02613669051754525,0.02613669051754525,0.036374381089274134,0.022485492200385242,0.017635464982982168,0.021429333972192464
625,0.023019796445668025,0.02613669051754525,0.02613669051754525,0.011374381089274133,0.0280410477559408,0.02783954661563523,0.022475777032405685
742,0.023019796445668025,0.02613669051754525,0.02613669051754525,0.0280410477559408,0.02526326997816302,0.02783954661563523,0.021869143374311065
766,0.023019796445668025,0.02613669051754525,0.02613669051754525,0.011374381089274133,0.014152158867051911,0.024438186071417543,0.02347672256826181
791,0.023019796445668025,0.02613669051754525,0.02613669051754525,0.0280410477559408,0.0280410477559408,0.017635464982982168,0.021459665655097198
794,0.023019796445668025,0.02613669051754525,0.02613669051754525,0.0280410477559408,0.02526326997816302,0.03804362824828829,0.021702319118335044
814,0.023019796445668025,0.02613669051754525,0.02613669051754525,0.011374381089274133,0.019707714422607468,0.02783954661563523,0.023294732470833423
829,0.023019796445668025,0.02613669051754525,0.02613669051754525,0.011374381089274133,0.019707714422607468,0.024438186071417543,0.02293075227597665
844,0.023019796445668025,0.02613669051754525,0.02613669051754525,0.019707714422607468,0.02526326997816302,0.031240907159852914,0.022248289410620202
847,0.023019796445668025,0.02613669051754525,0.02613669051754525,0.019707714422607468,0.022485492200385242,0.03804362824828829,0.02158099238671612
879,0.023019796445668025,0.02613669051754525,0.02613669051754525,0.036374381089274134,0.02526326997816302,0.031240907159852914,0.021611324069620852
889,0.023019796445668025,0.02613669051754525,0.02613669051754525,0.036374381089274134,0.02526326997816302,0.01423410443876448,0.02138383644783537
903,0.023019796445668025,0.02613669051754525,0.02613669051754525,0.036374381089274134,0.02526326997816302,0.017635464982982168,0.0214141681307401
960,0.023019796445668025,0.02613669051754525,0.02613669051754525,0.019707714422607468,0.019707714422607468,0.031240907159852914,0.02168715327688268
966,0.023019796445668025,0.02613669051754525,0.02613669051754525,0.019707714422607468,0.014152158867051911,0.017635464982982168,0.02138383644783537
990,0.023019796445668025,0.02613669051754525,0.02613669051754525,0.019707714422607468,0.01692993664482969,0.031240907159852914,0.021429333972192464
014,0.02296925949051957,0.025504978578189598,0.025504978578189598,0.019707714422607468,0.02526326997816302,0.021036825527199855,0.021747816642692142
022,0.02296925949051957,0.025504978578189598,0.025504978578189598,0.019707714422607468,0.02526326997816302,0.031240907159852914,0.0214141681307401
023,0.02296925949051957,0.025504978578189598,0.025504978578189598,0.019707714422607468,0.022485492200385242,0.017635464982982168,0.021641655752525583
031,0.02296925949051957,0.025504978578189598,0.025504978578189598,0.0280410477559408,0.02526326997816302,0.021036825527199855,0.021656821593977946
049,0.02296925949051957,0.025504978578189598,0.025504978578189598,0.011374381089274133,0.01692993664482969,0.01423410443876448,0.023294732470833423
097,0.02296925949051957,0.025504978578189598,0.025504978578189598,0.0280410477559408,0.030818825533718577,0.017635464982982168,0.02202080178883472
133,0.02296925949051957,0.025504978578189598,0.025504978578189598,0.0280410477559408,0.022485492200385242,0.021036825527199855,0.021762982484144506
147,0.02296925949051957,0.025504978578189598,0.025504978578189598,0.019707714422607468,0.022485492200385242,0.02783954661563523,0.02226345525207257
168,0.02296925949051957,0.025504978578189598,0.025504978578189598,0.019707714422607468,0.0280410477559408,0.034642267704070605,0.02158099238671612
200,0.02296925949051957,0.025504978578189598,0.025504978578189598,0.036374381089274134,0.02526326997816302,0.017635464982982168,0.021399002289287733
313,0.02296925949051957,0.025504978578189598,0.025504978578189598,0.036374381089274134,0.030818825533718577,0.02783954661563523,0.021459665655097198
314,0.02296925949051957,0.025504978578189598,0.025504978578189598,0.0280410477559408,0.0280410477559408,0.024438186071417543,0.0218539775328587
318,0.02296925949051957,0.025504978578189598,0.025504978578189598,0.0280410477559408,0.02526326997816302,0.017635464982982168,0.02171748495978741
380,0.02296925949051957,0.025504978578189598,0.025504978578189598,0.011374381089274133,0.01692993664482969,0.024438186071417543,0.02334022999519052
398,0.02296925949051957,0.025504978578189598,0.025504978578189598,0.019707714422607468,0.03359660331149635,0.024438186071417543,0.021929806740120527
427,0.02296925949051957,0.025504978578189598,0.025504978578189598,0.036374381089274134,0.022485492200385242,0.04144498879250598,0.02138383644783537
442,0.02296925949051957,0.025504978578189598,0.025504978578189598,0.0280410477559408,0.03359660331149635,0.021036825527199855,0.021869143374311065
482,0.02296925949051957,0.025504978578189598,0.025504978578189598,0.011374381089274133,0.014152158867051911,0.02783954661563523,0.02232411861788203
509,0.02296925949051957,0.025504978578189598,0.025504978578189598,0.036374381089274134,0.03359660331149635,0.031240907159852914,0.02158099238671612
559,0.02296925949051957,0.025504978578189598,0.025504978578189598,0.019707714422607468,0.019707714422607468,0.031240907159852914,0.02221795772771547
586,0.02296925949051957,0.025504978578189598,0.025504978578189598,0.0280410477559408,0.02526326997816302,0.03804362824828829,0.021899475057215796
594,0.02296925949051957,0.025504978578189598,0.025504978578189598,0.0280410477559408,0.022485492200385242,0.031240907159852914,0.02155066070381139
595,0.02296925949051957,0.025504978578189598,0.025504978578189598,0.0530410477559408,0.030818825533718577,0.034642267704070605,0.02138383644783537
609,0.02296925949051957,0.025504978578189598,0.025504978578189598,0.011374381089274133,0.019707714422607468,0.021036825527199855,0.023431225043904713
618,0.02296925949051957,0.025504978578189598,0.025504978578189598,0.0280410477559408,0.030818825533718577,0.02783954661563523,0.02188430921576343
627,0.02296925949051957,0.025504978578189598,0.025504978578189598,0.019707714422607468,0.0280410477559408,0.021036825527199855,0.022035967630287086
636,0.02296925949051957,0.025504978578189598,0.025504978578189598,0.0280410477559408,0.0280410477559408,0.02783954661563523,0.02147483149654956
666,0.02296925949051957,0.025504978578189598,0.025504978578189598,0.0280410477559408,0.03359660331149635,0.031240907159852914,0.022066299313191817
672,0.02296925949051957,0.025504978578189598,0.025504978578189598,0.011374381089274133,0.019707714422607468,0.021036825527199855,0.02299141564178611
686,0.02296925949051957,0.025504978578189598,0.025504978578189598,0.0280410477559408,0.02526326997816302,0.017635464982982168,0.021732650801239775
688,0.02296925949051957,0.025504978578189598,0.025504978578189598,0.036374381089274134,0.030818825533718577,0.024438186071417543,0.02171748495978741
704,0.02296925949051957,0.025504978578189598,0.025504978578189598,0.036374381089274134,0.0280410477559408,0.021036825527199855,0.021656821593977946
705,0.02296925949051957,0.025504978578189598,0.025504978578189598,0.036374381089274134,0.02526326997816302,0.017635464982982168,0.021520329020906656
740,0.02296925949051957,0.025504978578189598,0.025504978578189598,0.036374381089274134,0.03359660331149635,0.02783954661563523,0.0214141681307401
752,0.02296925949051957,0.025504978578189598,0.025504978578189598,0.0280410477559408,0.03359660331149635,0.021036825527199855,0.021429333972192464
764,0.02296925949051957,0.025504978578189598,0.025504978578189598,0.036374381089274134,0.03359660331149635,0.034642267704070605,0.021520329020906656
841,0.02296925949051957,0.025504978578189598,0.025504978578189598,0.019707714422607468,0.01692993664482969,0.031240907159852914,0.021869143374311065
851,0.02296925949051957,0.025504978578189598,0.025504978578189598,0.036374381089274134,0.03359660331149635,0.031240907159852914,0.02158099238671612
853,0.02296925949051957,0.025504978578189598,0.025504978578189598,0.036374381089274134,0.02526326997816302,0.031240907159852914,0.021505163179454292
869,0.02296925949051957,0.025504978578189598,0.025504978578189598,0.019707714422607468,0.0280410477559408,0.024438186071417543,0.021929806740120527
877,0.02296925949051957,0.025504978578189598,0.025504978578189598,0.019707714422607468,0.02526326997816302,0.02783954661563523,0.021944972581572894
883,0.02296925949051957,0.025504978578189598,0.025504978578189598,0.019707714422607468,0.022485492200385242,0.010832743894546793,0.022248289410620202
917,0.02296925949051957,0.025504978578189598,0.025504978578189598,0.036374381089274134,0.036374381089274134,0.02783954661563523,0.021641655752525583
936,0.02296925949051957,0.025504978578189598,0.025504978578189598,0.0280410477559408,0.022485492200385242,0.021036825527199855,0.021838811691406335
028,0.022918722535371118,0.024873266638833942,0.024873266638833942,0.036374381089274134,0.02526326997816302,0.031240907159852914,0.021429333972192464
034,0.022918722535371118,0.024873266638833942,0.024873266638833942,0.0280410477559408,0.022485492200385242,0.034642267704070605,0.021793314167049237
046,0.022918722535371118,0.024873266638833942,0.024873266638833942,0.0280410477559408,0.0280410477559408,0.02783954661563523,0.022081465154644184
098,0.022918722535371118,0.024873266638833942,0.024873266638833942,0.0280410477559408,0.02526326997816302,0.031240907159852914,0.022096630996096548
106,0.022918722535371118,0.024873266638833942,0.024873266638833942,0.019707714422607468,0.030818825533718577,0.034642267704070605,0.021793314167049237
121,0.022918722535371118,0.024873266638833942,0.024873266638833942,0.019707714422607468,0.019707714422607468,0.024438186071417543,0.02188430921576343
125,0.022918722535371118,0.024873266638833942,0.024873266638833942,0.019707714422607468,0.0280410477559408,0.024438186071417543,0.021944972581572894
202,0.022918722535371118,0.024873266638833942,0.024873266638833942,0.0280410477559408,0.030818825533718577,0.021036825527199855,0.02188430921576343
205,0.022918722535371118,0.024873266638833942,0.024873266638833942,0.019707714422607468,0.0280410477559408,0.024438186071417543,0.022035967630287086
215,0.022918722535371118,0.024873266638833942,0.024873266638833942,0.011374381089274133,0.01692993664482969,0.024438186071417543,0.02243027950804859
225,0.022918722535371118,0.024873266638833942,0.024873266638833942,0.011374381089274133,0.01692993664482969,0.02783954661563523,0.022612269605476975
236,0.022918722535371118,0.024873266638833942,0.024873266638833942,0.036374381089274134,0.02526326997816302,0.02783954661563523,0.021626489911073216
246,0.022918722535371118,0.024873266638833942,0.024873266638833942,0.019707714422607468,0.030818825533718577,0.021036825527199855,0.02223312356916784
277,0.022918722535371118,0.024873266638833942,0.024873266638833942,0.019707714422607468,0.030818825533718577,0.031240907159852914,0.021899475057215796
278,0.022918722535371118,0.024873266638833942,0.024873266638833942,0.036374381089274134,0.030818825533718577,0.021036825527199855,0.021778148325596873
302,0.022918722535371118,0.024873266638833942,0.024873266638833942,0.019707714422607468,0.019707714422607468,0.017635464982982168,0.021520329020906656
310,0.022918722535371118,0.024873266638833942,0.024873266638833942,0.0280410477559408,0.022485492200385242,0.021036825527199855,0.021869143374311065
312,0.022918722535371118,0.024873266638833942,0.024873266638833942,0.011374381089274133,0.019707714422607468,0.021036825527199855,0.022718430495643534
316,0.022918722535371118,0.024873266638833942,0.024873266638833942,0.019707714422607468,0.022485492200385242,0.021036825527199855,0.021869143374311065
330,0.022918722535371118,0.024873266638833942,0.024873266638833942,0.011374381089274133,0.0280410477559408,0.02783954661563523,0.022779093861453
339,0.022918722535371118,0.024873266638833942,0.024873266638833942,0.036374381089274134,0.02526326997816302,0.017635464982982168,0.021459665655097198
365,0.022918722535371118,0.024873266638833942,0.024873266638833942,0.019707714422607468,0.022485492200385242,0.01423410443876448,0.021671987435430314
389,0.022918722535371118,0.024873266638833942,0.024873266638833942,0.011374381089274133,0.019707714422607468,0.021036825527199855,0.022308952776429667
390,0.022918722535371118,0.024873266638833942,0.024873266638833942,0.019707714422607468,0.01692993664482969,0.010832743894546793,0.02212696267900128
431,0.022918722535371118,0.024873266638833942,0.024873266638833942,0.011374381089274133,0.014152158867051911,0.024438186071417543,0.02387103444602331
460,0.022918722535371118,0.024873266638833942,0.024873266638833942,0.0280410477559408,0.0280410477559408,0.024438186071417543,0.0214141681307401
461,0.022918722535371118,0.024873266638833942,0.024873266638833942,0.019707714422607468,0.02526326997816302,0.017635464982982168,0.022202791886263108
463,0.022918722535371118,0.024873266638833942,0.024873266638833942,0.0280410477559408,0.022485492200385242,0.02783954661563523,0.02199047010592999
472,0.022918722535371118,0.024873266638833942,0.024873266638833942,0.036374381089274134,0.02526326997816302,0.031240907159852914,0.021565826545263754
508,0.022918722535371118,0.024873266638833942,0.024873266638833942,0.036374381089274134,0.019707714422607468,0.021036825527199855,0.021808480008501604
510,0.022918722535371118,0.024873266638833942,0.024873266638833942,0.0280410477559408,0.03359660331149635,0.031240907159852914,0.021656821593977946
517,0.022918722535371118,0.024873266638833942,0.024873266638833942,0.036374381089274134,0.0280410477559408,0.021036825527199855,0.021641655752525583
557,0.022918722535371118,0.024873266638833942,0.024873266638833942,0.036374381089274134,0.019707714422607468,0.02783954661563523,0.02147483149654956
565,0.022918722535371118,0.024873266638833942,0.024873266638833942,0.019707714422607468,0.019707714422607468,0.017635464982982168,0.021399002289287733
582,0.022918722535371118,0.024873266638833942,0.024873266638833942,0.0280410477559408,0.0280410477559408,0.021036825527199855,0.02212696267900128
601,0.022918722535371118,0.024873266638833942,0.024873266638833942,0.0280410477559408,0.022485492200385242,0.024438186071417543,0.021565826545263754
610,0.022918722535371118,0.024873266638833942,0.024873266638833942,0.044707714422607465,0.022485492200385242,0.02783954661563523,0.021520329020906656
651,0.022918722535371118,0.024873266638833942,0.024873266638833942,0.036374381089274134,0.030818825533718577,0.024438186071417543,0.021808480008501604
652,0.022918722535371118,0.024873266638833942,0.024873266638833942,0.019707714422607468,0.02526326997816302,0.024438186071417543,0.021929806740120527
679,0.022918722535371118,0.024873266638833942,0.024873266638833942,0.019707714422607468,0.019707714422607468,0.017635464982982168,0.02159615822816849
683,0.022918722535371118,0.024873266638833942,0.024873266638833942,0.0280410477559408,0.022485492200385242,0.02783954661563523,0.021671987435430314
718,0.022918722535371118,0.024873266638833942,0.024873266638833942,0.036374381089274134,0.02526326997816302,0.024438186071417543,0.021778148325596873
726,0.022918722535371118,0.024873266638833942,0.024873266638833942,0.0280410477559408,0.0280410477559408,0.031240907159852914,0.021535494862359023
736,0.022918722535371118,0.024873266638833942,0.024873266638833942,0.019707714422607468,0.019707714422607468,0.021036825527199855,0.021399002289287733
745,0.022918722535371118,0.024873266638833942,0.024873266638833942,0.011374381089274133,0.014152158867051911,0.021036825527199855,0.022642601288381706
775,0.022918722535371118,0.024873266638833942,0.024873266638833942,0.0280410477559408,0.01692993664482969,0.024438186071417543,0.02196013842302526
799,0.022918722535371118,0.024873266638833942,0.024873266638833942,0.011374381089274133,0.02526326997816302,0.01423410443876448,0.022384781983691492
816,0.022918722535371118,0.024873266638833942,0.024873266638833942,0.011374381089274133,0.014152158867051911,0.02783954661563523,0.022551606239667513
832,0.022918722535371118,0.024873266638833942,0.024873266638833942,0.011374381089274133,0.019707714422607468,0.02783954661563523,0.022308952776429667
850,0.022918722535371118,0.024873266638833942,0.024873266638833942,0.0280410477559408,0.022485492200385242,0.034642267704070605,0.02188430921576343
876,0.022918722535371118,0.024873266638833942,0.024873266638833942,0.0280410477559408,0.0280410477559408,0.02783954661563523,0.02147483149654956
887,0.022918722535371118,0.024873266638833942,0.024873266638833942,0.019707714422607468,0.02526326997816302,0.02783954661563523,0.021914640898668163
888,0.022918722535371118,0.024873266638833942,0.024873266638833942,0.044707714422607465,0.030818825533718577,0.03804362824828829,0.021459665655097198
904,0.022918722535371118,0.024873266638833942,0.024873266638833942,0.0280410477559408,0.019707714422607468,0.021036825527199855,0.021975304264477625
908,0.022918722535371118,0.024873266638833942,0.024873266638833942,0.0280410477559408,0.01692993664482969,0.02783954661563523,0.021793314167049237
913,0.022918722535371118,0.024873266638833942,0.024873266638833942,0.0280410477559408,0.030818825533718577,0.024438186071417543,0.02155066070381139
927,0.022918722535371118,0.024873266638833942,0.024873266638833942,0.011374381089274133,0.03359660331149635,0.024438186071417543,0.022657767129834073
938,0.022918722535371118,0.024873266638833942,0.024873266638833942,0.044707714422607465,0.03359660331149635,0.031240907159852914,0.021656821593977946
946,0.022918722535371118,0.024873266638833942,0.024873266638833942,0.036374381089274134,0.019707714422607468,0.01423410443876448,0.021778148325596873
982,0.022918722535371118,0.024873266638833942,0.024873266638833942,0.036374381089274134,0.03359660331149635,0.02783954661563523,0.02182364584995397
989,0.022918722535371118,0.024873266638833942,0.024873266638833942,0.019707714422607468,0.0280410477559408,0.017635464982982168,0.02226345525207257
074,0.022868185580222668,0.02424155469947829,0.02424155469947829,0.044707714422607465,0.030818825533718577,0.034642267704070605,0.021702319118335044
075,0.022868185580222668,0.02424155469947829,0.02424155469947829,0.0280410477559408,0.022485492200385242,0.034642267704070605,0.022081465154644184
104,0.022868185580222668,0.02424155469947829,0.02424155469947829,0.011374381089274133,0.02526326997816302,0.021036825527199855,0.022384781983691492
109,0.022868185580222668,0.02424155469947829,0.02424155469947829,0.019707714422607468,0.022485492200385242,0.024438186071417543,0.02168715327688268
150,0.022868185580222668,0.02424155469947829,0.02424155469947829,0.036374381089274134,0.036374381089274134,0.02783954661563523,0.02147483149654956
159,0.022868185580222668,0.02424155469947829,0.02424155469947829,0.011374381089274133,0.01692993664482969,0.034642267704070605,0.023689044348594923
162,0.022868185580222668,0.02424155469947829,0.02424155469947829,0.044707714422607465,0.0280410477559408,0.010832743894546793,0.02182364584995397
190,0.022868185580222668,0.02424155469947829,0.02424155469947829,0.011374381089274133,0.01692993664482969,0.02783954661563523,0.02235445030078676
196,0.022868185580222668,0.02424155469947829,0.02424155469947829,0.019707714422607468,0.02526326997816302,0.017635464982982168,0.021838811691406335
197,0.022868185580222668,0.02424155469947829,0.02424155469947829,0.019707714422607468,0.022485492200385242,0.044846349336723663,0.022081465154644184
216,0.022868185580222668,0.02424155469947829,0.02424155469947829,0.019707714422607468,0.01692993664482969,0.024438186071417543,0.021535494862359023
228,0.022868185580222668,0.02424155469947829,0.02424155469947829,0.019707714422607468,0.019707714422607468,0.017635464982982168,0.022096630996096548
252,0.022868185580222668,0.02424155469947829,0.02424155469947829,0.0280410477559408,0.03359660331149635,0.02783954661563523,0.021671987435430314
264,0.022868185580222668,0.02424155469947829,0.02424155469947829,0.0280410477559408,0.019707714422607468,0.017635464982982168,0.02155066070381139
270,0.022868185580222668,0.02424155469947829,0.02424155469947829,0.0280410477559408,0.02526326997816302,0.024438186071417543,0.021505163179454292
291,0.022868185580222668,0.02424155469947829,0.02424155469947829,0.011374381089274133,0.019707714422607468,0.02783954661563523,0.022339284459334394
297,0.022868185580222668,0.02424155469947829,0.02424155469947829,0.011374381089274133,0.014152158867051911,0.021036825527199855,0.02306724484904794
300,0.022868185580222668,0.02424155469947829,0.02424155469947829,0.036374381089274134,0.022485492200385242,0.02783954661563523,0.021671987435430314
306,0.022868185580222668,0.02424155469947829,0.02424155469947829,0.011374381089274133,0.01692993664482969,0.021036825527199855,0.022718430495643534
307,0.022868185580222668,0.02424155469947829,0.02424155469947829,0.011374381089274133,0.0280410477559408,0.031240907159852914,0.02256677208111988
308,0.022868185580222668,0.02424155469947829,0.02424155469947829,0.019707714422607468,0.019707714422607468,0.024438186071417543,0.02182364584995397
317,0.022868185580222668,0.02424155469947829,0.02424155469947829,0.019707714422607468,0.022485492200385242,0.017635464982982168,0.021808480008501604
335,0.022868185580222668,0.02424155469947829,0.02424155469947829,0.0280410477559408,0.022485492200385242,0.031240907159852914,0.021641655752525583
353,0.022868185580222668,0.02424155469947829,0.02424155469947829,0.0280410477559408,0.022485492200385242,0.034642267704070605,0.02147483149654956
360,0.022868185580222668,0.02424155469947829,0.02424155469947829,0.0280410477559408,0.03359660331149635,0.031240907159852914,0.021808480008501604
368,0.022868185580222668,0.02424155469947829,0.02424155469947829,0.0280410477559408,0.02526326997816302,0.02783954661563523,0.022005635947382356
379,0.022868185580222668,0.02424155469947829,0.02424155469947829,0.0280410477559408,0.022485492200385242,0.017635464982982168,0.021869143374311065
381,0.022868185580222668,0.02424155469947829,0.02424155469947829,0.036374381089274134,0.030818825533718577,0.01423410443876448,0.021778148325596873
382,0.022868185580222668,0.02424155469947829,0.02424155469947829,0.019707714422607468,0.02526326997816302,0.024438186071417543,0.02226345525207257
407,0.022868185580222668,0.02424155469947829,0.02424155469947829,0.011374381089274133,0.022485492200385242,0.024438186071417543,0.022506108715310415
452,0.022868185580222668,0.02424155469947829,0.02424155469947829,0.044707714422607465,0.030818825533718577,0.017635464982982168,0.02155066070381139
485,0.022868185580222668,0.02424155469947829,0.02424155469947829,0.019707714422607468,0.02526326997816302,0.021036825527199855,0.022202791886263108
488,0.022868185580222668,0.02424155469947829,0.02424155469947829,0.011374381089274133,0.011374381089274133,0.02783954661563523,0.02411368790926116
490,0.022868185580222668,0.02424155469947829,0.02424155469947829,0.011374381089274133,0.036374381089274134,0.024438186071417543,0.022839757227262458
542,0.022868185580222668,0.02424155469947829,0.02424155469947829,0.0530410477559408,0.0280410477559408,0.021036825527199855,0.021505163179454292
566,0.022868185580222668,0.02424155469947829,0.02424155469947829,0.011374381089274133,0.022485492200385242,0.031240907159852914,0.02232411861788203
569,0.022868185580222668,0.02424155469947829,0.02424155469947829,0.019707714422607468,0.030818825533718577,0.024438186071417543,0.021808480008501604
597,0.022868185580222668,0.02424155469947829,0.02424155469947829,0.0280410477559408,0.022485492200385242,0.024438186071417543,0.02182364584995397
615,0.022868185580222668,0.02424155469947829,0.02424155469947829,0.019707714422607468,0.022485492200385242,0.02783954661563523,0.022035967630287086
632,0.022868185580222668,0.02424155469947829,0.02424155469947829,0.019707714422607468,0.019707714422607468,0.02783954661563523,0.022278621093524936
659,0.022868185580222668,0.02424155469947829,0.02424155469947829,0.011374381089274133,0.01692993664482969,0.024438186071417543,0.022627435446929342
689,0.022868185580222668,0.02424155469947829,0.02424155469947829,0.019707714422607468,0.022485492200385242,0.031240907159852914,0.021899475057215796
690,0.022868185580222668,0.02424155469947829,0.02424155469947829,0.019707714422607468,0.02526326997816302,0.024438186071417543,0.022051133471739454
694,0.022868185580222668,0.02424155469947829,0.02424155469947829,0.011374381089274133,0.019707714422607468,0.021036825527199855,0.022870088910167192
698,0.022868185580222668,0.02424155469947829,0.02424155469947829,0.0280410477559408,0.01692993664482969,0.021036825527199855,0.021520329020906656
703,0.022868185580222668,0.02424155469947829,0.02424155469947829,0.011374381089274133,0.019707714422607468,0.024438186071417543,0.02267293297128644
735,0.022868185580222668,0.02424155469947829,0.02424155469947829,0.036374381089274134,0.022485492200385242,0.031240907159852914,0.021611324069620852
751,0.022868185580222668,0.02424155469947829,0.02424155469947829,0.036374381089274134,0.02526326997816302,0.010832743894546793,0.02155066070381139
772,0.022868185580222668,0.02424155469947829,0.02424155469947829,0.044707714422607465,0.02526326997816302,0.024438186071417543,0.02138383644783537
801,0.022868185580222668,0.02424155469947829,0.02424155469947829,0.0280410477559408,0.022485492200385242,0.021036825527199855,0.021914640898668163
804,0.022868185580222668,0.02424155469947829,0.02424155469947829,0.011374381089274133,0.022485492200385242,0.02783954661563523,0.02253644039821515
817,0.022868185580222668,0.02424155469947829,0.02424155469947829,0.0530410477559408,0.036374381089274134,0.017635464982982168,0.02159615822816849
819,0.022868185580222668,0.02424155469947829,0.02424155469947829,0.0280410477559408,0.022485492200385242,0.021036825527199855,0.02168715327688268
862,0.022868185580222668,0.02424155469947829,0.02424155469947829,0.036374381089274134,0.022485492200385242,0.017635464982982168,0.021535494862359023
866,0.022868185580222668,0.02424155469947829,0.02424155469947829,0.019707714422607468,0.022485492200385242,0.031240907159852914,0.022066299313191817
891,0.022868185580222668,0.02424155469947829,0.02424155469947829,0.019707714422607468,0.030818825533718577,0.021036825527199855,0.021838811691406335
894,0.022868185580222668,0.02424155469947829,0.02424155469947829,0.044707714422607465,0.02526326997816302,0.02783954661563523,0.021671987435430314
897,0.022868185580222668,0.02424155469947829,0.02424155469947829,0.036374381089274134,0.030818825533718577,0.021036825527199855,0.02148999733800193
923,0.022868185580222668,0.02424155469947829,0.02424155469947829,0.0280410477559408,0.022485492200385242,0.017635464982982168,0.02196013842302526
930,0.022868185580222668,0.02424155469947829,0.02424155469947829,0.036374381089274134,0.03359660331149635,0.017635464982982168,0.02171748495978741
931,0.022868185580222668,0.02424155469947829,0.02424155469947829,0.036374381089274134,0.0280410477559408,0.024438186071417543,0.021429333972192464
933,0.022868185580222668,0.02424155469947829,0.02424155469947829,0.0280410477559408,0.0280410477559408,0.024438186071417543,0.021626489911073216
939,0.022868185580222668,0.02424155469947829,0.02424155469947829,0.036374381089274134,0.030818825533718577,0.021036825527199855,0.02155066070381139
943,0.022868185580222668,0.02424155469947829,0.02424155469947829,0.0280410477559408,0.022485492200385242,0.021036825527199855,0.021505163179454292
949,0.022868185580222668,0.02424155469947829,0.02424155469947829,0.0280410477559408,0.0280410477559408,0.031240907159852914,0.02147483149654956
959,0.022868185580222668,0.02424155469947829,0.02424155469947829,0.0280410477559408,0.030818825533718577,0.02783954661563523,0.021702319118335044
986,0.022868185580222668,0.02424155469947829,0.02424155469947829,0.036374381089274134,0.02526326997816302,0.017635464982982168,0.02144449981364483
996,0.022868185580222668,0.02424155469947829,0.02424155469947829,0.011374381089274133,0.01692993664482969,0.024438186071417543,0.022369616142239125
997,0.022868185580222668,0.02424155469947829,0.02424155469947829,0.011374381089274133,0.022485492200385242,0.034642267704070605,0.02303691316614321
001,0.022817648625074214,0.023609842760122634,0.023609842760122634,0.036374381089274134,0.030818825533718577,0.024438186071417543,0.021641655752525583
009,0.022817648625074214,0.023609842760122634,0.023609842760122634,0.0280410477559408,0.019707714422607468,0.021036825527199855,0.021899475057215796
036,0.022817648625074214,0.023609842760122634,0.023609842760122634,0.011374381089274133,0.01692993664482969,0.024438186071417543,0.022688098812738804
047,0.022817648625074214,0.023609842760122634,0.023609842760122634,0.011374381089274133,0.014152158867051911,0.024438186071417543,0.02320373742211923
054,0.022817648625074214,0.023609842760122634,0.023609842760122634,0.019707714422607468,0.0280410477559408,0.017635464982982168,0.021808480008501604
076,0.022817648625074214,0.023609842760122634,0.023609842760122634,0.011374381089274133,0.022485492200385242,0.02783954661563523,0.022490942873858052
116,0.022817648625074214,0.023609842760122634,0.023609842760122634,0.011374381089274133,0.02526326997816302,0.024438186071417543,0.02285492306871482
140,0.022817648625074214,0.023609842760122634,0.023609842760122634,0.011374381089274133,0.01692993664482969,0.017635464982982168,0.022612269605476975
164,0.022817648625074214,0.023609842760122634,0.023609842760122634,0.0280410477559408,0.019707714422607468,0.017635464982982168,0.021429333972192464
173,0.022817648625074214,0.023609842760122634,0.023609842760122634,0.019707714422607468,0.0280410477559408,0.02783954661563523,0.02159615822816849
175,0.022817648625074214,0.023609842760122634,0.023609842760122634,0.011374381089274133,0.022485492200385242,0.024438186071417543,0.022688098812738804
177,0.022817648625074214,0.023609842760122634,0.023609842760122634,0.036374381089274134,0.0280410477559408,0.02783954661563523,0.021520329020906656
183,0.022817648625074214,0.023609842760122634,0.023609842760122634,0.0280410477559408,0.0280410477559408,0.024438186071417543,0.021732650801239775
248,0.022817648625074214,0.023609842760122634,0.023609842760122634,0.011374381089274133,0.014152158867051911,0.017635464982982168,0.02243027950804859
251,0.022817648625074214,0.023609842760122634,0.023609842760122634,0.0280410477559408,0.0280410477559408,0.010832743894546793,0.021732650801239775
257,0.022817648625074214,0.023609842760122634,0.023609842760122634,0.019707714422607468,0.019707714422607468,0.01423410443876448,0.021399002289287733
260,0.022817648625074214,0.023609842760122634,0.023609842760122634,0.019707714422607468,0.019707714422607468,0.01423410443876448,0.02199047010592999
263,0.022817648625074214,0.023609842760122634,0.023609842760122634,0.0280410477559408,0.02526326997816302,0.010832743894546793,0.021535494862359023
266,0.022817648625074214,0.023609842760122634,0.023609842760122634,0.019707714422607468,0.01692993664482969,0.021036825527199855,0.021732650801239775
279,0.022817648625074214,0.023609842760122634,0.023609842760122634,0.011374381089274133,0.01692993664482969,0.021036825527199855,0.022415113666596223
322,0.022817648625074214,0.023609842760122634,0.023609842760122634,0.044707714422607465,0.022485492200385242,0.017635464982982168,0.02159615822816849
375,0.022817648625074214,0.023609842760122634,0.023609842760122634,0.019707714422607468,0.019707714422607468,0.017635464982982168,0.02215729436190601
392,0.022817648625074214,0.023609842760122634,0.023609842760122634,0.019707714422607468,0.02526326997816302,0.031240907159852914,0.022066299313191817
402,0.022817648625074214,0.023609842760122634,0.023609842760122634,0.019707714422607468,0.019707714422607468,0.02783954661563523,0.021702319118335044
423,0.022817648625074214,0.023609842760122634,0.023609842760122634,0.011374381089274133,0.01692993664482969,0.021036825527199855,0.0222937869349773
449,0.022817648625074214,0.023609842760122634,0.023609842760122634,0.0280410477559408,0.022485492200385242,0.021036825527199855,0.021429333972192464
468,0.022817648625074214,0.023609842760122634,0.023609842760122634,0.036374381089274134,0.0280410477559408,0.017635464982982168,0.02144449981364483
471,0.022817648625074214,0.023609842760122634,0.023609842760122634,0.011374381089274133,0.019707714422607468,0.034642267704070605,0.0222937869349773
489,0.022817648625074214,0.023609842760122634,0.023609842760122634,0.011374381089274133,0.01692993664482969,0.017635464982982168,0.022703264654191167
540,0.022817648625074214,0.023609842760122634,0.023609842760122634,0.0280410477559408,0.02526326997816302,0.017635464982982168,0.021505163179454292
545,0.022817648625074214,0.023609842760122634,0.023609842760122634,0.019707714422607468,0.022485492200385242,0.02783954661563523,0.02211179683754891
577,0.022817648625074214,0.023609842760122634,0.023609842760122634,0.011374381089274133,0.014152158867051911,0.021036825527199855,0.022976249800333748
579,0.022817648625074214,0.023609842760122634,0.023609842760122634,0.011374381089274133,0.022485492200385242,0.02783954661563523,0.022369616142239125
583,0.022817648625074214,0.023609842760122634,0.023609842760122634,0.0280410477559408,0.0280410477559408,0.024438186071417543,0.021565826545263754
602,0.022817648625074214,0.023609842760122634,0.023609842760122634,0.011374381089274133,0.01692993664482969,0.017635464982982168,0.02256677208111988
654,0.022817648625074214,0.023609842760122634,0.023609842760122634,0.0280410477559408,0.030818825533718577,0.017635464982982168,0.021611324069620852
668,0.022817648625074214,0.023609842760122634,0.023609842760122634,0.011374381089274133,0.014152158867051911,0.034642267704070605,0.023628380982785465
695,0.022817648625074214,0.023609842760122634,0.023609842760122634,0.019707714422607468,0.0280410477559408,0.024438186071417543,0.021944972581572894
696,0.022817648625074214,0.023609842760122634,0.023609842760122634,0.019707714422607468,0.022485492200385242,0.017635464982982168,0.021762982484144506
707,0.022817648625074214,0.023609842760122634,0.023609842760122634,0.019707714422607468,0.019707714422607468,0.021036825527199855,0.021671987435430314
709,0.022817648625074214,0.023609842760122634,0.023609842760122634,0.011374381089274133,0.019707714422607468,0.034642267704070605,0.0236132151413331
712,0.022817648625074214,0.023609842760122634,0.023609842760122634,0.011374381089274133,0.02526326997816302,0.017635464982982168,0.02256677208111988
716,0.022817648625074214,0.023609842760122634,0.023609842760122634,0.011374381089274133,0.01692993664482969,0.031240907159852914,0.023006581483238482
748,0.022817648625074214,0.023609842760122634,0.023609842760122634,0.044707714422607465,0.030818825533718577,0.021036825527199855,0.021535494862359023
755,0.022817648625074214,0.023609842760122634,0.023609842760122634,0.011374381089274133,0.02526326997816302,0.024438186071417543,0.022384781983691492
758,0.022817648625074214,0.023609842760122634,0.023609842760122634,0.011374381089274133,0.019707714422607468,0.021036825527199855,0.022597103764024608
768,0.022817648625074214,0.023609842760122634,0.023609842760122634,0.019707714422607468,0.019707714422607468,0.021036825527199855,0.021520329020906656
770,0.022817648625074214,0.023609842760122634,0.023609842760122634,0.036374381089274134,0.022485492200385242,0.021036825527199855,0.021459665655097198
781,0.022817648625074214,0.023609842760122634,0.023609842760122634,0.019707714422607468,0.022485492200385242,0.03804362824828829,0.02171748495978741
788,0.022817648625074214,0.023609842760122634,0.023609842760122634,0.0280410477559408,0.0280410477559408,0.024438186071417543,0.02196013842302526
800,0.022817648625074214,0.023609842760122634,0.023609842760122634,0.0280410477559408,0.01692993664482969,0.01423410443876448,0.0214141681307401
840,0.022817648625074214,0.023609842760122634,0.023609842760122634,0.0280410477559408,0.0280410477559408,0.024438186071417543,0.02202080178883472
857,0.022817648625074214,0.023609842760122634,0.023609842760122634,0.011374381089274133,0.022485492200385242,0.021036825527199855,0.02256677208111988
858,0.022817648625074214,0.023609842760122634,0.023609842760122634,0.019707714422607468,0.022485492200385242,0.021036825527199855,0.022035967630287086
882,0.022817648625074214,0.023609842760122634,0.023609842760122634,0.011374381089274133,0.011374381089274133,0.01423410443876448,0.02411368790926116
895,0.022817648625074214,0.023609842760122634,0.023609842760122634,0.0280410477559408,0.030818825533718577,0.021036825527199855,0.02159615822816849
900,0.022817648625074214,0.023609842760122634,0.023609842760122634,0.011374381089274133,0.02526326997816302,0.017635464982982168,0.02235445030078676
909,0.022817648625074214,0.023609842760122634,0.023609842760122634,0.0280410477559408,0.0280410477559408,0.02783954661563523,0.021793314167049237
921,0.022817648625074214,0.023609842760122634,0.023609842760122634,0.011374381089274133,0.030818825533718577,0.03804362824828829,0.02243027950804859
942,0.022817648625074214,0.023609842760122634,0.023609842760122634,0.019707714422607468,0.022485492200385242,0.021036825527199855,0.02171748495978741
950,0.022817648625074214,0.023609842760122634,0.023609842760122634,0.0280410477559408,0.022485492200385242,0.034642267704070605,0.021762982484144506
956,0.022817648625074214,0.023609842760122634,0.023609842760122634,0.0280410477559408,0.022485492200385242,0.021036825527199855,0.02148999733800193
980,0.022817648625074214,0.023609842760122634,0.023609842760122634,0.011374381089274133,0.022485492200385242,0.024438186071417543,0.02235445030078676
993,0.022817648625074214,0.023609842760122634,0.023609842760122634,0.036374381089274134,0.02526326997816302,0.021036825527199855,0.0214141681307401
010,0.022767111669925764,0.02297813082076698,0.02297813082076698,0.019707714422607468,0.022485492200385242,0.034642267704070605,0.022096630996096548
030,0.022767111669925764,0.02297813082076698,0.02297813082076698,0.019707714422607468,0.022485492200385242,0.021036825527199855,0.022142128520453646
043,0.022767111669925764,0.02297813082076698,0.02297813082076698,0.0280410477559408,0.02526326997816302,0.031240907159852914,0.02148999733800193
044,0.022767111669925764,0.02297813082076698,0.02297813082076698,0.019707714422607468,0.02526326997816302,0.024438186071417543,0.021808480008501604
045,0.022767111669925764,0.02297813082076698,0.02297813082076698,0.019707714422607468,0.019707714422607468,0.024438186071417543,0.022081465154644184
071,0.022767111669925764,0.02297813082076698,0.02297813082076698,0.011374381089274133,0.01692993664482969,0.01423410443876448,0.02235445030078676
086,0.022767111669925764,0.02297813082076698,0.02297813082076698,0.036374381089274134,0.022485492200385242,0.01423410443876448,0.021641655752525583
099,0.022767111669925764,0.02297813082076698,0.02297813082076698,0.011374381089274133,0.01692993664482969,0.02783954661563523,0.022809425544357727
100,0.022767111669925764,0.02297813082076698,0.02297813082076698,0.019707714422607468,0.022485492200385242,0.01423410443876448,0.022248289410620202
143,0.022767111669925764,0.02297813082076698,0.02297813082076698,0.019707714422607468,0.019707714422607468,0.01423410443876448,0.022187626044810744
157,0.022767111669925764,0.02297813082076698,0.02297813082076698,0.019707714422607468,0.022485492200385242,0.024438186071417543,0.021459665655097198
161,0.022767111669925764,0.02297813082076698,0.02297813082076698,0.011374381089274133,0.014152158867051911,0.024438186071417543,0.02367387850714256
240,0.022767111669925764,0.02297813082076698,0.02297813082076698,0.019707714422607468,0.022485492200385242,0.024438186071417543,0.021793314167049237
249,0.022767111669925764,0.02297813082076698,0.02297813082076698,0.0280410477559408,0.030818825533718577,0.024438186071417543,0.021505163179454292
265,0.022767111669925764,0.02297813082076698,0.02297813082076698,0.0280410477559408,0.03359660331149635,0.02783954661563523,0.021732650801239775
273,0.022767111669925764,0.02297813082076698,0.02297813082076698,0.019707714422607468,0.019707714422607468,0.024438186071417543,0.02188430921576343
283,0.022767111669925764,0.02297813082076698,0.02297813082076698,0.019707714422607468,0.02526326997816302,0.01423410443876448,0.021778148325596873
301,0.022767111669925764,0.02297813082076698,0.02297813082076698,0.011374381089274133,0.014152158867051911,0.034642267704070605,0.02402269286054697
311,0.022767111669925764,0.02297813082076698,0.02297813082076698,0.011374381089274133,0.01692993664482969,0.031240907159852914,0.02327956662938106
321,0.022767111669925764,0.02297813082076698,0.02297813082076698,0.0280410477559408,0.0280410477559408,0.02783954661563523,0.021611324069620852
331,0.022767111669925764,0.02297813082076698,0.02297813082076698,0.019707714422607468,0.0280410477559408,0.021036825527199855,0.022278621093524936
340,0.022767111669925764,0.02297813082076698,0.02297813082076698,0.019707714422607468,0.02526326997816302,0.010832743894546793,0.021505163179454292
399,0.022767111669925764,0.02297813082076698,0.02297813082076698,0.011374381089274133,0.014152158867051911,0.021036825527199855,0.022779093861453
403,0.022767111669925764,0.02297813082076698,0.02297813082076698,0.0280410477559408,0.01692993664482969,0.021036825527199855,0.021565826545263754
413,0.022767111669925764,0.02297813082076698,0.02297813082076698,0.019707714422607468,0.0280410477559408,0.021036825527199855,0.022278621093524936
430,0.022767111669925764,0.02297813082076698,0.02297813082076698,0.011374381089274133,0.019707714422607468,0.031240907159852914,0.022870088910167192
438,0.022767111669925764,0.02297813082076698,0.02297813082076698,0.036374381089274134,0.0280410477559408,0.021036825527199855,0.021611324069620852
441,0.022767111669925764,0.02297813082076698,0.02297813082076698,0.036374381089274134,0.0280410477559408,0.031240907159852914,0.021429333972192464
446,0.022767111669925764,0.02297813082076698,0.02297813082076698,0.036374381089274134,0.0280410477559408,0.017635464982982168,0.02138383644783537
478,0.022767111669925764,0.02297813082076698,0.02297813082076698,0.011374381089274133,0.014152158867051911,0.021036825527199855,0.023704210190047294
493,0.022767111669925764,0.02297813082076698,0.02297813082076698,0.036374381089274134,0.019707714422607468,0.01423410443876448,0.02144449981364483
516,0.022767111669925764,0.02297813082076698,0.02297813082076698,0.044707714422607465,0.0280410477559408,0.021036825527199855,0.02144449981364483
519,0.022767111669925764,0.02297813082076698,0.02297813082076698,0.019707714422607468,0.019707714422607468,0.024438186071417543,0.021565826545263754
536,0.022767111669925764,0.02297813082076698,0.02297813082076698,0.019707714422607468,0.030818825533718577,0.02783954661563523,0.02138383644783537
546,0.022767111669925764,0.02297813082076698,0.02297813082076698,0.019707714422607468,0.022485492200385242,0.021036825527199855,0.022081465154644184
553,0.022767111669925764,0.02297813082076698,0.02297813082076698,0.0280410477559408,0.019707714422607468,0.01423410443876448,0.021732650801239775
558,0.022767111669925764,0.02297813082076698,0.02297813082076698,0.036374381089274134,0.019707714422607468,0.017635464982982168,0.021778148325596873
560,0.022767111669925764,0.02297813082076698,0.02297813082076698,0.011374381089274133,0.01692993664482969,0.024438186071417543,0.023082410690500304
562,0.022767111669925764,0.02297813082076698,0.02297813082076698,0.0280410477559408,0.036374381089274134,0.024438186071417543,0.021793314167049237
563,0.022767111669925764,0.02297813082076698,0.02297813082076698,0.011374381089274133,0.019707714422607468,0.021036825527199855,0.022794259702905363
567,0.022767111669925764,0.02297813082076698,0.02297813082076698,0.0280410477559408,0.02526326997816302,0.010832743894546793,0.02148999733800193
621,0.022767111669925764,0.02297813082076698,0.02297813082076698,0.019707714422607468,0.02526326997816302,0.01423410443876448,0.021762982484144506
630,0.022767111669925764,0.02297813082076698,0.02297813082076698,0.011374381089274133,0.019707714422607468,0.017635464982982168,0.022506108715310415
641,0.022767111669925764,0.02297813082076698,0.02297813082076698,0.019707714422607468,0.019707714422607468,0.02783954661563523,0.022066299313191817
642,0.022767111669925764,0.02297813082076698,0.02297813082076698,0.019707714422607468,0.019707714422607468,0.024438186071417543,0.021899475057215796
675,0.022767111669925764,0.02297813082076698,0.02297813082076698,0.011374381089274133,0.01692993664482969,0.024438186071417543,0.022657767129834073
682,0.022767111669925764,0.02297813082076698,0.02297813082076698,0.019707714422607468,0.022485492200385242,0.02783954661563523,0.02199047010592999
728,0.022767111669925764,0.02297813082076698,0.02297813082076698,0.011374381089274133,0.02526326997816302,0.024438186071417543,0.02276392802000063
731,0.022767111669925764,0.02297813082076698,0.02297813082076698,0.011374381089274133,0.030818825533718577,0.017635464982982168,0.022308952776429667
737,0.022767111669925764,0.02297813082076698,0.02297813082076698,0.036374381089274134,0.030818825533718577,0.017635464982982168,0.02138383644783537
760,0.022767111669925764,0.02297813082076698,0.02297813082076698,0.036374381089274134,0.03359660331149635,0.021036825527199855,0.021929806740120527
762,0.022767111669925764,0.02297813082076698,0.02297813082076698,0.0280410477559408,0.022485492200385242,0.021036825527199855,0.021429333972192464
765,0.022767111669925764,0.02297813082076698,0.02297813082076698,0.019707714422607468,0.022485492200385242,0.024438186071417543,0.02211179683754891
777,0.022767111669925764,0.02297813082076698,0.02297813082076698,0.036374381089274134,0.02526326997816302,0.02783954661563523,0.021429333972192464
778,0.022767111669925764,0.02297813082076698,0.02297813082076698,0.011374381089274133,0.019707714422607468,0.031240907159852914,0.02276392802000063
779,0.022767111669925764,0.02297813082076698,0.02297813082076698,0.011374381089274133,0.02526326997816302,0.02783954661563523,0.023400893360999982
782,0.022767111669925764,0.02297813082076698,0.02297813082076698,0.011374381089274133,0.011374381089274133,0.034642267704070605,0.02411368790926116
820,0.022767111669925764,0.02297813082076698,0.02297813082076698,0.011374381089274133,0.02526326997816302,0.021036825527199855,0.023021747324690846
823,0.022767111669925764,0.02297813082076698,0.02297813082076698,0.0280410477559408,0.030818825533718577,0.02783954661563523,0.021641655752525583
833,0.022767111669925764,0.02297813082076698,0.02297813082076698,0.044707714422607465,0.0280410477559408,0.02783954661563523,0.021732650801239775
859,0.022767111669925764,0.02297813082076698,0.02297813082076698,0.011374381089274133,0.014152158867051911,0.024438186071417543,0.023977195336189874
873,0.022767111669925764,0.02297813082076698,0.02297813082076698,0.0280410477559408,0.01692993664482969,0.01423410443876448,0.021520329020906656
880,0.022767111669925764,0.02297813082076698,0.02297813082076698,0.011374381089274133,0.022485492200385242,0.017635464982982168,0.02235445030078676
892,0.022767111669925764,0.02297813082076698,0.02297813082076698,0.036374381089274134,0.02526326997816302,0.021036825527199855,0.02199047010592999
905,0.022767111669925764,0.02297813082076698,0.02297813082076698,0.011374381089274133,0.011374381089274133,0.024438186071417543,0.02411368790926116
915,0.022767111669925764,0.02297813082076698,0.02297813082076698,0.019707714422607468,0.019707714422607468,0.021036825527199855,0.021899475057215796
918,0.022767111669925764,0.02297813082076698,0.02297813082076698,0.0280410477559408,0.019707714422607468,0.02783954661563523,0.02159615822816849
928,0.022767111669925764,0.02297813082076698,0.02297813082076698,0.019707714422607468,0.019707714422607468,0.02783954661563523,0.021778148325596873
948,0.022767111669925764,0.02297813082076698,0.02297813082076698,0.0280410477559408,0.0280410477559408,0.01423410443876448,0.02171748495978741
955,0.022767111669925764,0.02297813082076698,0.02297813082076698,0.019707714422607468,0.022485492200385242,0.017635464982982168,0.021505163179454292
962,0.022767111669925764,0.02297813082076698,0.02297813082076698,0.0280410477559408,0.022485492200385242,0.01423410443876448,0.02171748495978741
965,0.022767111669925764,0.02297813082076698,0.02297813082076698,0.0280410477559408,0.019707714422607468,0.021036825527199855,0.022051133471739454
969,0.022767111669925764,0.02297813082076698,0.02297813082076698,0.0280410477559408,0.019707714422607468,0.017635464982982168,0.021459665655097198
974,0.022767111669925764,0.02297813082076698,0.02297813082076698,0.011374381089274133,0.019707714422607468,0.031240907159852914,0.023112742373405038
005,0.02271657471477731,0.022346418881411326,0.022346418881411326,0.019707714422607468,0.01692993664482969,0.021036825527199855,0.021838811691406335
020,0.02271657471477731,0.022346418881411326,0.022346418881411326,0.0280410477559408,0.019707714422607468,0.024438186071417543,0.021626489911073216
050,0.02271657471477731,0.022346418881411326,0.022346418881411326,0.019707714422607468,0.019707714422607468,0.02783954661563523,0.02182364584995397
067,0.02271657471477731,0.022346418881411326,0.022346418881411326,0.019707714422607468,0.01692993664482969,0.031240907159852914,0.021505163179454292
093,0.02271657471477731,0.022346418881411326,0.022346418881411326,0.011374381089274133,0.014152158867051911,0.024438186071417543,0.02327956662938106
110,0.02271657471477731,0.022346418881411326,0.022346418881411326,0.011374381089274133,0.019707714422607468,0.031240907159852914,0.022490942873858052
113,0.02271657471477731,0.022346418881411326,0.022346418881411326,0.019707714422607468,0.030818825533718577,0.021036825527199855,0.021914640898668163
117,0.02271657471477731,0.022346418881411326,0.022346418881411326,0.036374381089274134,0.022485492200385242,0.021036825527199855,0.02144449981364483
123,0.02271657471477731,0.022346418881411326,0.022346418881411326,0.0280410477559408,0.030818825533718577,0.034642267704070605,0.02147483149654956
126,0.02271657471477731,0.022346418881411326,0.022346418881411326,0.0280410477559408,0.019707714422607468,0.02783954661563523,0.02148999733800193
129,0.02271657471477731,0.022346418881411326,0.022346418881411326,0.019707714422607468,0.014152158867051911,0.01423410443876448,0.02155066070381139
136,0.02271657471477731,0.022346418881411326,0.022346418881411326,0.019707714422607468,0.022485492200385242,0.031240907159852914,0.021671987435430314
153,0.02271657471477731,0.022346418881411326,0.022346418881411326,0.011374381089274133,0.011374381089274133,0.031240907159852914,0.02411368790926116
156,0.02271657471477731,0.022346418881411326,0.022346418881411326,0.019707714422607468,0.022485492200385242,0.021036825527199855,0.02148999733800193
165,0.02271657471477731,0.022346418881411326,0.022346418881411326,0.0280410477559408,0.02526326997816302,0.01423410443876448,0.02212696267900128
195,0.02271657471477731,0.022346418881411326,0.022346418881411326,0.019707714422607468,0.019707714422607468,0.024438186071417543,0.02182364584995397
210,0.02271657471477731,0.022346418881411326,0.022346418881411326,0.019707714422607468,0.01692993664482969,0.01423410443876448,0.02148999733800193
212,0.02271657471477731,0.022346418881411326,0.022346418881411326,0.0280410477559408,0.02526326997816302,0.017635464982982168,0.02144449981364483
229,0.02271657471477731,0.022346418881411326,0.022346418881411326,0.0280410477559408,0.02526326997816302,0.01423410443876448,0.021762982484144506
232,0.02271657471477731,0.022346418881411326,0.022346418881411326,0.036374381089274134,0.0280410477559408,0.021036825527199855,0.021505163179454292
261,0.02271657471477731,0.022346418881411326,0.022346418881411326,0.0280410477559408,0.02526326997816302,0.01423410443876448,0.021505163179454292
268,0.02271657471477731,0.022346418881411326,0.022346418881411326,0.0280410477559408,0.019707714422607468,0.01423410443876448,0.02168715327688268
305,0.02271657471477731,0.022346418881411326,0.022346418881411326,0.019707714422607468,0.02526326997816302,0.017635464982982168,0.022005635947382356
329,0.02271657471477731,0.022346418881411326,0.022346418881411326,0.044707714422607465,0.03359660331149635,0.017635464982982168,0.021459665655097198
348,0.02271657471477731,0.022346418881411326,0.022346418881411326,0.019707714422607468,0.01692993664482969,0.021036825527199855,0.022081465154644184
352,0.02271657471477731,0.022346418881411326,0.022346418881411326,0.011374381089274133,0.02526326997816302,0.031240907159852914,0.022733596337095898
371,0.02271657471477731,0.022346418881411326,0.022346418881411326,0.019707714422607468,0.01692993664482969,0.017635464982982168,0.021626489911073216
383,0.02271657471477731,0.022346418881411326,0.022346418881411326,0.036374381089274134,0.022485492200385242,0.021036825527199855,0.021611324069620852
388,0.02271657471477731,0.022346418881411326,0.022346418881411326,0.019707714422607468,0.022485492200385242,0.031240907159852914,0.021565826545263754
426,0.02271657471477731,0.022346418881411326,0.022346418881411326,0.019707714422607468,0.02526326997816302,0.021036825527199855,0.021459665655097198
428,0.02271657471477731,0.022346418881411326,0.022346418881411326,0.019707714422607468,0.0280410477559408,0.021036825527199855,0.021975304264477625
429,0.02271657471477731,0.022346418881411326,0.022346418881411326,0.011374381089274133,0.019707714422607468,0.017635464982982168,0.022384781983691492
444,0.02271657471477731,0.022346418881411326,0.022346418881411326,0.011374381089274133,0.019707714422607468,0.010832743894546793,0.02290042059307192
454,0.02271657471477731,0.022346418881411326,0.022346418881411326,0.011374381089274133,0.01692993664482969,0.017635464982982168,0.02276392802000063
462,0.02271657471477731,0.022346418881411326,0.022346418881411326,0.019707714422607468,0.014152158867051911,0.017635464982982168,0.0214141681307401
465,0.02271657471477731,0.022346418881411326,0.022346418881411326,0.011374381089274133,0.019707714422607468,0.017635464982982168,0.02246061119095332
495,0.02271657471477731,0.022346418881411326,0.022346418881411326,0.0280410477559408,0.0280410477559408,0.01423410443876448,0.0218539775328587
503,0.02271657471477731,0.022346418881411326,0.022346418881411326,0.019707714422607468,0.0280410477559408,0.01423410443876448,0.022278621093524936
518,0.02271657471477731,0.022346418881411326,0.022346418881411326,0.036374381089274134,0.022485492200385242,0.021036825527199855,0.02155066070381139
521,0.02271657471477731,0.022346418881411326,0.022346418881411326,0.0280410477559408,0.022485492200385242,0.017635464982982168,0.021520329020906656
528,0.02271657471477731,0.022346418881411326,0.022346418881411326,0.0280410477559408,0.0280410477559408,0.021036825527199855,0.02144449981364483
539,0.02271657471477731,0.022346418881411326,0.022346418881411326,0.019707714422607468,0.014152158867051911,0.031240907159852914,0.02168715327688268
564,0.02271657471477731,0.022346418881411326,0.022346418881411326,0.011374381089274133,0.022485492200385242,0.017635464982982168,0.022597103764024608
578,0.02271657471477731,0.022346418881411326,0.022346418881411326,0.019707714422607468,0.01692993664482969,0.021036825527199855,0.0218539775328587
585,0.02271657471477731,0.022346418881411326,0.022346418881411326,0.019707714422607468,0.022485492200385242,0.021036825527199855,0.022096630996096548
589,0.02271657471477731,0.022346418881411326,0.022346418881411326,0.011374381089274133,0.01692993664482969,0.01423410443876448,0.02364354682423783
614,0.02271657471477731,0.022346418881411326,0.022346418881411326,0.0280410477559408,0.019707714422607468,0.021036825527199855,0.021747816642692142
616,0.02271657471477731,0.022346418881411326,0.022346418881411326,0.0280410477559408,0.019707714422607468,0.017635464982982168,0.021641655752525583
623,0.02271657471477731,0.022346418881411326,0.022346418881411326,0.011374381089274133,0.01692993664482969,0.010832743894546793,0.022703264654191167
631,0.02271657471477731,0.022346418881411326,0.022346418881411326,0.019707714422607468,0.0280410477559408,0.017635464982982168,0.021762982484144506
638,0.02271657471477731,0.022346418881411326,0.022346418881411326,0.036374381089274134,0.036374381089274134,0.021036825527199855,0.02159615822816849
643,0.02271657471477731,0.022346418881411326,0.022346418881411326,0.036374381089274134,0.022485492200385242,0.031240907159852914,0.02159615822816849
646,0.02271657471477731,0.022346418881411326,0.022346418881411326,0.036374381089274134,0.0280410477559408,0.021036825527199855,0.021429333972192464
649,0.02271657471477731,0.022346418881411326,0.022346418881411326,0.036374381089274134,0.02526326997816302,0.01423410443876448,0.021626489911073216
663,0.02271657471477731,0.022346418881411326,0.022346418881411326,0.019707714422607468,0.014152158867051911,0.01423410443876448,0.02223312356916784
671,0.02271657471477731,0.022346418881411326,0.022346418881411326,0.011374381089274133,0.01692993664482969,0.024438186071417543,0.022384781983691492
681,0.02271657471477731,0.022346418881411326,0.022346418881411326,0.011374381089274133,0.014152158867051911,0.021036825527199855,0.023264400787928692
687,0.02271657471477731,0.022346418881411326,0.022346418881411326,0.044707714422607465,0.03359660331149635,0.017635464982982168,0.0214141681307401
692,0.02271657471477731,0.022346418881411326,0.022346418881411326,0.019707714422607468,0.01692993664482969,0.021036825527199855,0.022096630996096548
711,0.02271657471477731,0.022346418881411326,0.022346418881411326,0.011374381089274133,0.022485492200385242,0.024438186071417543,0.02246061119095332
732,0.02271657471477731,0.022346418881411326,0.022346418881411326,0.019707714422607468,0.022485492200385242,0.02783954661563523,0.02147483149654956
738,0.02271657471477731,0.022346418881411326,0.022346418881411326,0.0280410477559408,0.019707714422607468,0.021036825527199855,0.021793314167049237
741,0.02271657471477731,0.022346418881411326,0.022346418881411326,0.019707714422607468,0.01692993664482969,0.031240907159852914,0.021975304264477625
753,0.02271657471477731,0.022346418881411326,0.022346418881411326,0.036374381089274134,0.0280410477559408,0.017635464982982168,0.02155066070381139
769,0.02271657471477731,0.022346418881411326,0.022346418881411326,0.019707714422607468,0.022485492200385242,0.021036825527199855,0.022096630996096548
776,0.02271657471477731,0.022346418881411326,0.022346418881411326,0.0280410477559408,0.02526326997816302,0.021036825527199855,0.021732650801239775
786,0.02271657471477731,0.022346418881411326,0.022346418881411326,0.0280410477559408,0.0280410477559408,0.017635464982982168,0.021399002289287733
787,0.02271657471477731,0.022346418881411326,0.022346418881411326,0.019707714422607468,0.019707714422607468,0.02783954661563523,0.021838811691406335
793,0.02271657471477731,0.022346418881411326,0.022346418881411326,0.019707714422607468,0.022485492200385242,0.017635464982982168,0.02212696267900128
796,0.02271657471477731,0.022346418881411326,0.022346418881411326,0.0280410477559408,0.0280410477559408,0.021036825527199855,0.021520329020906656
809,0.02271657471477731,0.022346418881411326,0.022346418881411326,0.019707714422607468,0.022485492200385242,0.04144498879250598,0.02202080178883472
810,0.02271657471477731,0.022346418881411326,0.022346418881411326,0.0280410477559408,0.022485492200385242,0.017635464982982168,0.02155066070381139
824,0.02271657471477731,0.022346418881411326,0.022346418881411326,0.019707714422607468,0.01692993664482969,0.021036825527199855,0.021838811691406335
827,0.02271657471477731,0.022346418881411326,0.022346418881411326,0.036374381089274134,0.0280410477559408,0.024438186071417543,0.021747816642692142
835,0.02271657471477731,0.022346418881411326,0.022346418881411326,0.011374381089274133,0.014152158867051911,0.02783954661563523,0.022885254751619555
852,0.02271657471477731,0.022346418881411326,0.022346418881411326,0.0280410477559408,0.02526326997816302,0.017635464982982168,0.0218539775328587
860,0.02271657471477731,0.022346418881411326,0.022346418881411326,0.019707714422607468,0.03359660331149635,0.021036825527199855,0.022278621093524936
872,0.02271657471477731,0.022346418881411326,0.022346418881411326,0.0280410477559408,0.030818825533718577,0.024438186071417543,0.02147483149654956
890,0.02271657471477731,0.022346418881411326,0.022346418881411326,0.0280410477559408,0.02526326997816302,0.010832743894546793,0.022187626044810744
896,0.02271657471477731,0.022346418881411326,0.022346418881411326,0.0280410477559408,0.022485492200385242,0.021036825527199855,0.02147483149654956
920,0.02271657471477731,0.022346418881411326,0.022346418881411326,0.011374381089274133,0.01692993664482969,0.017635464982982168,0.023097576531952674
934,0.02271657471477731,0.022346418881411326,0.022346418881411326,0.044707714422607465,0.04192993664482969,0.01423410443876448,0.021429333972192464
941,0.02271657471477731,0.022346418881411326,0.022346418881411326,0.036374381089274134,0.030818825533718577,0.021036825527199855,0.021565826545263754
944,0.02271657471477731,0.022346418881411326,0.022346418881411326,0.036374381089274134,0.022485492200385242,0.034642267704070605,0.021505163179454292
945,0.02271657471477731,0.022346418881411326,0.022346418881411326,0.019707714422607468,0.0280410477559408,0.021036825527199855,0.022142128520453646
954,0.02271657471477731,0.022346418881411326,0.022346418881411326,0.019707714422607468,0.022485492200385242,0.024438186071417543,0.021732650801239775
963,0.02271657471477731,0.022346418881411326,0.022346418881411326,0.019707714422607468,0.022485492200385242,0.024438186071417543,0.02188430921576343
970,0.02271657471477731,0.022346418881411326,0.022346418881411326,0.011374381089274133,0.01692993664482969,0.010832743894546793,0.023749707714404388
972,0.02271657471477731,0.022346418881411326,0.022346418881411326,0.0280410477559408,0.0280410477559408,0.02783954661563523,0.022172460203358377
998,0.02271657471477731,0.022346418881411326,0.022346418881411326,0.0280410477559408,0.019707714422607468,0.024438186071417543,0.021656821593977946
011,0.022666037759628856,0.021714706942055673,0.021714706942055673,0.044707714422607465,0.0280410477559408,0.024438186071417543,0.021399002289287733
012,0.022666037759628856,0.021714706942055673,0.021714706942055673,0.0280410477559408,0.02526326997816302,0.024438186071417543,0.021975304264477625
018,0.022666037759628856,0.021714706942055673,0.021714706942055673,0.036374381089274134,0.019707714422607468,0.02783954661563523,0.02159615822816849
024,0.022666037759628856,0.021714706942055673,0.021714706942055673,0.019707714422607468,0.022485492200385242,0.024438186071417543,0.021656821593977946
025,0.022666037759628856,0.021714706942055673,0.021714706942055673,0.019707714422607468,0.02526326997816302,0.021036825527199855,0.02196013842302526
064,0.022666037759628856,0.021714706942055673,0.021714706942055673,0.0280410477559408,0.022485492200385242,0.024438186071417543,0.02168715327688268
065,0.022666037759628856,0.021714706942055673,0.021714706942055673,0.011374381089274133,0.022485492200385242,0.017635464982982168,0.022308952776429667
084,0.022666037759628856,0.021714706942055673,0.021714706942055673,0.0280410477559408,0.030818825533718577,0.031240907159852914,0.021459665655097198
089,0.022666037759628856,0.021714706942055673,0.021714706942055673,0.011374381089274133,0.01692993664482969,0.02783954661563523,0.02235445030078676
096,0.022666037759628856,0.021714706942055673,0.021714706942055673,0.019707714422607468,0.01692993664482969,0.02783954661563523,0.021702319118335044
107,0.022666037759628856,0.021714706942055673,0.021714706942055673,0.0280410477559408,0.019707714422607468,0.031240907159852914,0.021535494862359023
108,0.022666037759628856,0.021714706942055673,0.021714706942055673,0.011374381089274133,0.01692993664482969,0.02783954661563523,0.0222937869349773
128,0.022666037759628856,0.021714706942055673,0.021714706942055673,0.0280410477559408,0.022485492200385242,0.021036825527199855,0.02155066070381139
154,0.022666037759628856,0.021714706942055673,0.021714706942055673,0.0280410477559408,0.019707714422607468,0.010832743894546793,0.021747816642692142
155,0.022666037759628856,0.021714706942055673,0.021714706942055673,0.0280410477559408,0.0280410477559408,0.031240907159852914,0.021656821593977946
163,0.022666037759628856,0.021714706942055673,0.021714706942055673,0.0280410477559408,0.022485492200385242,0.017635464982982168,0.0218539775328587
170,0.022666037759628856,0.021714706942055673,0.021714706942055673,0.044707714422607465,0.022485492200385242,0.017635464982982168,0.02158099238671612
172,0.022666037759628856,0.021714706942055673,0.021714706942055673,0.019707714422607468,0.01692993664482969,0.024438186071417543,0.02182364584995397
180,0.022666037759628856,0.021714706942055673,0.021714706942055673,0.019707714422607468,0.02526326997816302,0.02783954661563523,0.021899475057215796
188,0.022666037759628856,0.021714706942055673,0.021714706942055673,0.044707714422607465,0.0280410477559408,0.01423410443876448,0.02148999733800193
198,0.022666037759628856,0.021714706942055673,0.021714706942055673,0.0280410477559408,0.03359660331149635,0.021036825527199855,0.021611324069620852
199,0.022666037759628856,0.021714706942055673,0.021714706942055673,0.019707714422607468,0.01692993664482969,0.02783954661563523,0.02159615822816849
201,0.022666037759628856,0.021714706942055673,0.021714706942055673,0.011374381089274133,0.01692993664482969,0.02783954661563523,0.023507054251166542
219,0.022666037759628856,0.021714706942055673,0.021714706942055673,0.011374381089274133,0.01692993664482969,0.02783954661563523,0.022339284459334394
223,0.022666037759628856,0.021714706942055673,0.021714706942055673,0.019707714422607468,0.02526326997816302,0.024438186071417543,0.02196013842302526
233,0.022666037759628856,0.021714706942055673,0.021714706942055673,0.019707714422607468,0.022485492200385242,0.021036825527199855,0.021778148325596873
237,0.022666037759628856,0.021714706942055673,0.021714706942055673,0.0280410477559408,0.02526326997816302,0.02783954661563523,0.021505163179454292
258,0.022666037759628856,0.021714706942055673,0.021714706942055673,0.019707714422607468,0.019707714422607468,0.024438186071417543,0.021459665655097198
262,0.022666037759628856,0.021714706942055673,0.021714706942055673,0.011374381089274133,0.01692993664482969,0.024438186071417543,0.022369616142239125
272,0.022666037759628856,0.021714706942055673,0.021714706942055673,0.011374381089274133,0.019707714422607468,0.021036825527199855,0.023188571580666867
280,0.022666037759628856,0.021714706942055673,0.021714706942055673,0.011374381089274133,0.022485492200385242,0.017635464982982168,0.02239994782514386
290,0.022666037759628856,0.021714706942055673,0.021714706942055673,0.0280410477559408,0.030818825533718577,0.02783954661563523,0.021459665655097198
309,0.022666037759628856,0.021714706942055673,0.021714706942055673,0.011374381089274133,0.014152158867051911,0.01423410443876448,0.023962029494737504
319,0.022666037759628856,0.021714706942055673,0.021714706942055673,0.019707714422607468,0.019707714422607468,0.021036825527199855,0.022142128520453646
325,0.022666037759628856,0.021714706942055673,0.021714706942055673,0.0280410477559408,0.02526326997816302,0.031240907159852914,0.02147483149654956
327,0.022666037759628856,0.021714706942055673,0.021714706942055673,0.0280410477559408,0.02526326997816302,0.021036825527199855,0.021869143374311065
334,0.022666037759628856,0.021714706942055673,0.021714706942055673,0.036374381089274134,0.022485492200385242,0.021036825527199855,0.021429333972192464
342,0.022666037759628856,0.021714706942055673,0.021714706942055673,0.011374381089274133,0.022485492200385242,0.021036825527199855,0.022627435446929342
346,0.022666037759628856,0.021714706942055673,0.021714706942055673,0.019707714422607468,0.019707714422607468,0.017635464982982168,0.022202791886263108
347,0.022666037759628856,0.021714706942055673,0.021714706942055673,0.019707714422607468,0.014152158867051911,0.021036825527199855,0.02148999733800193
350,0.022666037759628856,0.021714706942055673,0.021714706942055673,0.036374381089274134,0.02526326997816302,0.021036825527199855,0.02158099238671612
355,0.022666037759628856,0.021714706942055673,0.021714706942055673,0.019707714422607468,0.03359660331149635,0.024438186071417543,0.021747816642692142
376,0.022666037759628856,0.021714706942055673,0.021714706942055673,0.019707714422607468,0.022485492200385242,0.02783954661563523,0.02158099238671612
384,0.022666037759628856,0.021714706942055673,0.021714706942055673,0.0280410477559408,0.030818825533718577,0.021036825527199855,0.021671987435430314
385,0.022666037759628856,0.021714706942055673,0.021714706942055673,0.019707714422607468,0.02526326997816302,0.021036825527199855,0.022248289410620202
405,0.022666037759628856,0.021714706942055673,0.021714706942055673,0.019707714422607468,0.022485492200385242,0.021036825527199855,0.021793314167049237
416,0.022666037759628856,0.021714706942055673,0.021714706942055673,0.011374381089274133,0.01692993664482969,0.017635464982982168,0.022870088910167192
424,0.022666037759628856,0.021714706942055673,0.021714706942055673,0.019707714422607468,0.022485492200385242,0.02783954661563523,0.022005635947382356
437,0.022666037759628856,0.021714706942055673,0.021714706942055673,0.019707714422607468,0.022485492200385242,0.021036825527199855,0.021702319118335044
439,0.022666037759628856,0.021714706942055673,0.021714706942055673,0.011374381089274133,0.011374381089274133,0.021036825527199855,0.02411368790926116
458,0.022666037759628856,0.021714706942055673,0.021714706942055673,0.011374381089274133,0.030818825533718577,0.017635464982982168,0.022339284459334394
466,0.022666037759628856,0.021714706942055673,0.021714706942055673,0.019707714422607468,0.022485492200385242,0.010832743894546793,0.02212696267900128
504,0.022666037759628856,0.021714706942055673,0.021714706942055673,0.0530410477559408,0.0280410477559408,0.017635464982982168,0.021399002289287733
507,0.022666037759628856,0.021714706942055673,0.021714706942055673,0.0280410477559408,0.02526326997816302,0.024438186071417543,0.02155066070381139
520,0.022666037759628856,0.021714706942055673,0.021714706942055673,0.036374381089274134,0.02526326997816302,0.02783954661563523,0.021535494862359023
530,0.022666037759628856,0.021714706942055673,0.021714706942055673,0.0280410477559408,0.022485492200385242,0.021036825527199855,0.021535494862359023
554,0.022666037759628856,0.021714706942055673,0.021714706942055673,0.019707714422607468,0.0280410477559408,0.03804362824828829,0.02168715327688268
587,0.022666037759628856,0.021714706942055673,0.021714706942055673,0.0280410477559408,0.019707714422607468,0.021036825527199855,0.021808480008501604
608,0.022666037759628856,0.021714706942055673,0.021714706942055673,0.011374381089274133,0.019707714422607468,0.01423410443876448,0.022415113666596223
617,0.022666037759628856,0.021714706942055673,0.021714706942055673,0.0280410477559408,0.022485492200385242,0.021036825527199855,0.021747816642692142
622,0.022666037759628856,0.021714706942055673,0.021714706942055673,0.0530410477559408,0.030818825533718577,0.021036825527199855,0.0214141681307401
639,0.022666037759628856,0.021714706942055673,0.021714706942055673,0.019707714422607468,0.01692993664482969,0.021036825527199855,0.022066299313191817
644,0.022666037759628856,0.021714706942055673,0.021714706942055673,0.0280410477559408,0.022485492200385242,0.024438186071417543,0.021535494862359023
673,0.022666037759628856,0.021714706942055673,0.021714706942055673,0.011374381089274133,0.01692993664482969,0.01423410443876448,0.02276392802000063
674,0.022666037759628856,0.021714706942055673,0.021714706942055673,0.019707714422607468,0.01692993664482969,0.017635464982982168,0.02226345525207257
702,0.022666037759628856,0.021714706942055673,0.021714706942055673,0.036374381089274134,0.02526326997816302,0.02783954661563523,0.021565826545263754
708,0.022666037759628856,0.021714706942055673,0.021714706942055673,0.0280410477559408,0.03359660331149635,0.021036825527199855,0.021429333972192464
721,0.022666037759628856,0.021714706942055673,0.021714706942055673,0.011374381089274133,0.022485492200385242,0.024438186071417543,0.023507054251166542
725,0.022666037759628856,0.021714706942055673,0.021714706942055673,0.019707714422607468,0.019707714422607468,0.01423410443876448,0.021656821593977946
744,0.022666037759628856,0.021714706942055673,0.021714706942055673,0.019707714422607468,0.01692993664482969,0.021036825527199855,0.02215729436190601
756,0.022666037759628856,0.021714706942055673,0.021714706942055673,0.011374381089274133,0.011374381089274133,0.024438186071417543,0.02411368790926116
757,0.022666037759628856,0.021714706942055673,0.021714706942055673,0.011374381089274133,0.01692993664482969,0.021036825527199855,0.022521274556762783
763,0.022666037759628856,0.021714706942055673,0.021714706942055673,0.019707714422607468,0.019707714422607468,0.010832743894546793,0.02223312356916784
790,0.022666037759628856,0.021714706942055673,0.021714706942055673,0.036374381089274134,0.022485492200385242,0.021036825527199855,0.021671987435430314
798,0.022666037759628856,0.021714706942055673,0.021714706942055673,0.011374381089274133,0.014152158867051911,0.017635464982982168,0.023309898312285787
803,0.022666037759628856,0.021714706942055673,0.021714706942055673,0.011374381089274133,0.01692993664482969,0.021036825527199855,0.02303691316614321
815,0.022666037759628856,0.021714706942055673,0.021714706942055673,0.011374381089274133,0.014152158867051911,0.024438186071417543,0.022490942873858052
818,0.022666037759628856,0.021714706942055673,0.021714706942055673,0.011374381089274133,0.01692993664482969,0.02783954661563523,0.022870088910167192
885,0.022666037759628856,0.021714706942055673,0.021714706942055673,0.0280410477559408,0.019707714422607468,0.024438186071417543,0.02144449981364483
907,0.022666037759628856,0.021714706942055673,0.021714706942055673,0.019707714422607468,0.0280410477559408,0.021036825527199855,0.021399002289287733
953,0.022666037759628856,0.021714706942055673,0.021714706942055673,0.019707714422607468,0.01692993664482969,0.021036825527199855,0.022187626044810744
971,0.022666037759628856,0.021714706942055673,0.021714706942055673,0.019707714422607468,0.019707714422607468,0.024438186071417543,0.021399002289287733
976,0.022666037759628856,0.021714706942055673,0.021714706942055673,0.0280410477559408,0.0280410477559408,0.021036825527199855,0.02144449981364483
984,0.022666037759628856,0.021714706942055673,0.021714706942055673,0.036374381089274134,0.0280410477559408,0.02783954661563523,0.021520329020906656
988,0.022666037759628856,0.021714706942055673,0.021714706942055673,0.011374381089274133,0.019707714422607468,0.017635464982982168,0.022521274556762783
991,0.022666037759628856,0.021714706942055673,0.021714706942055673,0.011374381089274133,0.0280410477559408,0.024438186071417543,0.023370561678095255
992,0.022666037759628856,0.021714706942055673,0.021714706942055673,0.011374381089274133,0.019707714422607468,0.034642267704070605,0.022475777032405685
994,0.022666037759628856,0.021714706942055673,0.021714706942055673,0.019707714422607468,0.01692993664482969,0.024438186071417543,0.021626489911073216
015,0.022615500804480406,0.02108299500270002,0.02108299500270002,0.0280410477559408,0.022485492200385242,0.017635464982982168,0.021808480008501604
016,0.022615500804480406,0.02108299500270002,0.02108299500270002,0.011374381089274133,0.019707714422607468,0.034642267704070605,0.02232411861788203
038,0.022615500804480406,0.02108299500270002,0.02108299500270002,0.019707714422607468,0.01692993664482969,0.021036825527199855,0.022248289410620202
039,0.022615500804480406,0.02108299500270002,0.02108299500270002,0.011374381089274133,0.011374381089274133,0.02783954661563523,0.02411368790926116
048,0.022615500804480406,0.02108299500270002,0.02108299500270002,0.019707714422607468,0.019707714422607468,0.021036825527199855,0.021747816642692142
066,0.022615500804480406,0.02108299500270002,0.02108299500270002,0.0280410477559408,0.0280410477559408,0.021036825527199855,0.02147483149654956
070,0.022615500804480406,0.02108299500270002,0.02108299500270002,0.0530410477559408,0.0280410477559408,0.024438186071417543,0.02138383644783537
077,0.022615500804480406,0.02108299500270002,0.02108299500270002,0.061374381089274135,0.0280410477559408,0.017635464982982168,0.02148999733800193
078,0.022615500804480406,0.02108299500270002,0.02108299500270002,0.011374381089274133,0.011374381089274133,0.02783954661563523,0.02411368790926116
083,0.022615500804480406,0.02108299500270002,0.02108299500270002,0.019707714422607468,0.030818825533718577,0.017635464982982168,0.02223312356916784
101,0.022615500804480406,0.02108299500270002,0.02108299500270002,0.011374381089274133,0.01692993664482969,0.021036825527199855,0.022824591385810094
103,0.022615500804480406,0.02108299500270002,0.02108299500270002,0.019707714422607468,0.0280410477559408,0.024438186071417543,0.0218539775328587
120,0.022615500804480406,0.02108299500270002,0.02108299500270002,0.036374381089274134,0.03359660331149635,0.021036825527199855,0.02158099238671612
130,0.022615500804480406,0.02108299500270002,0.02108299500270002,0.019707714422607468,0.01692993664482969,0.024438186071417543,0.022066299313191817
137,0.022615500804480406,0.02108299500270002,0.02108299500270002,0.036374381089274134,0.030818825533718577,0.01423410443876448,0.0214141681307401
141,0.022615500804480406,0.02108299500270002,0.02108299500270002,0.019707714422607468,0.019707714422607468,0.01423410443876448,0.022187626044810744
145,0.022615500804480406,0.02108299500270002,0.02108299500270002,0.011374381089274133,0.014152158867051911,0.024438186071417543,0.023461556726809447
148,0.022615500804480406,0.02108299500270002,0.02108299500270002,0.019707714422607468,0.03359660331149635,0.021036825527199855,0.02138383644783537
152,0.022615500804480406,0.02108299500270002,0.02108299500270002,0.036374381089274134,0.019707714422607468,0.031240907159852914,0.02147483149654956
187,0.022615500804480406,0.02108299500270002,0.02108299500270002,0.011374381089274133,0.014152158867051911,0.01423410443876448,0.022581937922572244
192,0.022615500804480406,0.02108299500270002,0.02108299500270002,0.011374381089274133,0.022485492200385242,0.010832743894546793,0.022703264654191167
203,0.022615500804480406,0.02108299500270002,0.02108299500270002,0.011374381089274133,0.019707714422607468,0.017635464982982168,0.022475777032405685
209,0.022615500804480406,0.02108299500270002,0.02108299500270002,0.011374381089274133,0.019707714422607468,0.010832743894546793,0.022945918117429014
214,0.022615500804480406,0.02108299500270002,0.02108299500270002,0.019707714422607468,0.0280410477559408,0.017635464982982168,0.022187626044810744
245,0.022615500804480406,0.02108299500270002,0.02108299500270002,0.019707714422607468,0.02526326997816302,0.031240907159852914,0.02144449981364483
276,0.022615500804480406,0.02108299500270002,0.02108299500270002,0.019707714422607468,0.019707714422607468,0.021036825527199855,0.021808480008501604
281,0.022615500804480406,0.02108299500270002,0.02108299500270002,0.011374381089274133,0.02526326997816302,0.017635464982982168,0.02243027950804859
284,0.022615500804480406,0.02108299500270002,0.02108299500270002,0.0280410477559408,0.02526326997816302,0.017635464982982168,0.02138383644783537
285,0.022615500804480406,0.02108299500270002,0.02108299500270002,0.011374381089274133,0.014152158867051911,0.01423410443876448,0.022870088910167192
286,0.022615500804480406,0.02108299500270002,0.02108299500270002,0.0280410477559408,0.022485492200385242,0.031240907159852914,0.021869143374311065
320,0.022615500804480406,0.02108299500270002,0.02108299500270002,0.019707714422607468,0.019707714422607468,0.017635464982982168,0.02158099238671612
332,0.022615500804480406,0.02108299500270002,0.02108299500270002,0.019707714422607468,0.022485492200385242,0.021036825527199855,0.0218539775328587
337,0.022615500804480406,0.02108299500270002,0.02108299500270002,0.019707714422607468,0.019707714422607468,0.034642267704070605,0.022172460203358377
361,0.022615500804480406,0.02108299500270002,0.02108299500270002,0.036374381089274134,0.0280410477559408,0.017635464982982168,0.021611324069620852
364,0.022615500804480406,0.02108299500270002,0.02108299500270002,0.019707714422607468,0.0280410477559408,0.024438186071417543,0.022278621093524936
366,0.022615500804480406,0.02108299500270002,0.02108299500270002,0.011374381089274133,0.022485492200385242,0.021036825527199855,0.022369616142239125
404,0.022615500804480406,0.02108299500270002,0.02108299500270002,0.019707714422607468,0.019707714422607468,0.021036825527199855,0.021702319118335044
410,0.022615500804480406,0.02108299500270002,0.02108299500270002,0.019707714422607468,0.022485492200385242,0.021036825527199855,0.02226345525207257
412,0.022615500804480406,0.02108299500270002,0.02108299500270002,0.0280410477559408,0.030818825533718577,0.021036825527199855,0.022051133471739454
414,0.022615500804480406,0.02108299500270002,0.02108299500270002,0.011374381089274133,0.019707714422607468,0.010832743894546793,0.022308952776429667
420,0.022615500804480406,0.02108299500270002,0.02108299500270002,0.0280410477559408,0.019707714422607468,0.021036825527199855,0.02144449981364483
421,0.022615500804480406,0.02108299500270002,0.02108299500270002,0.011374381089274133,0.019707714422607468,0.021036825527199855,0.022369616142239125
433,0.022615500804480406,0.02108299500270002,0.02108299500270002,0.019707714422607468,0.014152158867051911,0.02783954661563523,0.021762982484144506
464,0.022615500804480406,0.02108299500270002,0.02108299500270002,0.036374381089274134,0.022485492200385242,0.021036825527199855,0.021808480008501604
467,0.022615500804480406,0.02108299500270002,0.02108299500270002,0.019707714422607468,0.01692993664482969,0.024438186071417543,0.021944972581572894
476,0.022615500804480406,0.02108299500270002,0.02108299500270002,0.019707714422607468,0.019707714422607468,0.02783954661563523,0.021929806740120527
479,0.022615500804480406,0.02108299500270002,0.02108299500270002,0.019707714422607468,0.022485492200385242,0.021036825527199855,0.021899475057215796
483,0.022615500804480406,0.02108299500270002,0.02108299500270002,0.019707714422607468,0.022485492200385242,0.024438186071417543,0.0218539775328587
494,0.022615500804480406,0.02108299500270002,0.02108299500270002,0.0280410477559408,0.022485492200385242,0.017635464982982168,0.021671987435430314
496,0.022615500804480406,0.02108299500270002,0.02108299500270002,0.0280410477559408,0.01692993664482969,0.017635464982982168,0.02144449981364483
498,0.022615500804480406,0.02108299500270002,0.02108299500270002,0.019707714422607468,0.022485492200385242,0.021036825527199855,0.021975304264477625
500,0.022615500804480406,0.02108299500270002,0.02108299500270002,0.011374381089274133,0.01692993664482969,0.021036825527199855,0.022308952776429667
515,0.022615500804480406,0.02108299500270002,0.02108299500270002,0.0280410477559408,0.022485492200385242,0.024438186071417543,0.021626489911073216
529,0.022615500804480406,0.02108299500270002,0.02108299500270002,0.019707714422607468,0.014152158867051911,0.017635464982982168,0.022096630996096548
531,0.022615500804480406,0.02108299500270002,0.02108299500270002,0.011374381089274133,0.02526326997816302,0.031240907159852914,0.02239994782514386
550,0.022615500804480406,0.02108299500270002,0.02108299500270002,0.036374381089274134,0.02526326997816302,0.021036825527199855,0.0214141681307401
571,0.022615500804480406,0.02108299500270002,0.02108299500270002,0.011374381089274133,0.022485492200385242,0.024438186071417543,0.022839757227262458
574,0.022615500804480406,0.02108299500270002,0.02108299500270002,0.019707714422607468,0.02526326997816302,0.031240907159852914,0.022172460203358377
575,0.022615500804480406,0.02108299500270002,0.02108299500270002,0.019707714422607468,0.014152158867051911,0.024438186071417543,0.022096630996096548
580,0.022615500804480406,0.02108299500270002,0.02108299500270002,0.019707714422607468,0.019707714422607468,0.017635464982982168,0.021793314167049237
581,0.022615500804480406,0.02108299500270002,0.02108299500270002,0.011374381089274133,0.01692993664482969,0.02783954661563523,0.02232411861788203
591,0.022615500804480406,0.02108299500270002,0.02108299500270002,0.011374381089274133,0.019707714422607468,0.01423410443876448,0.02320373742211923
598,0.022615500804480406,0.02108299500270002,0.02108299500270002,0.011374381089274133,0.01692993664482969,0.024438186071417543,0.0231734057392145
604,0.022615500804480406,0.02108299500270002,0.02108299500270002,0.011374381089274133,0.01692993664482969,0.024438186071417543,0.02239994782514386
607,0.022615500804480406,0.02108299500270002,0.02108299500270002,0.019707714422607468,0.014152158867051911,0.017635464982982168,0.021611324069620852
611,0.022615500804480406,0.02108299500270002,0.02108299500270002,0.019707714422607468,0.0280410477559408,0.02783954661563523,0.021611324069620852
635,0.022615500804480406,0.02108299500270002,0.02108299500270002,0.044707714422607465,0.02526326997816302,0.024438186071417543,0.02171748495978741
650,0.022615500804480406,0.02108299500270002,0.02108299500270002,0.019707714422607468,0.019707714422607468,0.017635464982982168,0.021656821593977946
655,0.022615500804480406,0.02108299500270002,0.02108299500270002,0.019707714422607468,0.01692993664482969,0.01423410443876448,0.021611324069620852
660,0.022615500804480406,0.02108299500270002,0.02108299500270002,0.011374381089274133,0.0280410477559408,0.021036825527199855,0.022339284459334394
670,0.022615500804480406,0.02108299500270002,0.02108299500270002,0.0280410477559408,0.02526326997816302,0.024438186071417543,0.021520329020906656
677,0.022615500804480406,0.02108299500270002,0.02108299500270002,0.0280410477559408,0.022485492200385242,0.024438186071417543,0.02147483149654956
678,0.022615500804480406,0.02108299500270002,0.02108299500270002,0.011374381089274133,0.022485492200385242,0.017635464982982168,0.022415113666596223
699,0.022615500804480406,0.02108299500270002,0.02108299500270002,0.044707714422607465,0.03359660331149635,0.02783954661563523,0.02158099238671612
701,0.022615500804480406,0.02108299500270002,0.02108299500270002,0.011374381089274133,0.014152158867051911,0.01423410443876448,0.022490942873858052
723,0.022615500804480406,0.02108299500270002,0.02108299500270002,0.019707714422607468,0.01692993664482969,0.021036825527199855,0.02212696267900128
746,0.022615500804480406,0.02108299500270002,0.02108299500270002,0.0280410477559408,0.01692993664482969,0.02783954661563523,0.021626489911073216
822,0.022615500804480406,0.02108299500270002,0.02108299500270002,0.011374381089274133,0.01692993664482969,0.024438186071417543,0.02320373742211923
831,0.022615500804480406,0.02108299500270002,0.02108299500270002,0.011374381089274133,0.0280410477559408,0.021036825527199855,0.022445445349500954
837,0.022615500804480406,0.02108299500270002,0.02108299500270002,0.011374381089274133,0.011374381089274133,0.021036825527199855,0.02411368790926116
842,0.022615500804480406,0.02108299500270002,0.02108299500270002,0.0280410477559408,0.02526326997816302,0.01423410443876448,0.022202791886263108
845,0.022615500804480406,0.02108299500270002,0.02108299500270002,0.011374381089274133,0.022485492200385242,0.017635464982982168,0.022415113666596223
849,0.022615500804480406,0.02108299500270002,0.02108299500270002,0.0280410477559408,0.019707714422607468,0.021036825527199855,0.021838811691406335
855,0.022615500804480406,0.02108299500270002,0.02108299500270002,0.019707714422607468,0.022485492200385242,0.017635464982982168,0.021793314167049237
863,0.022615500804480406,0.02108299500270002,0.02108299500270002,0.036374381089274134,0.0280410477559408,0.021036825527199855,0.02144449981364483
865,0.022615500804480406,0.02108299500270002,0.02108299500270002,0.011374381089274133,0.019707714422607468,0.017635464982982168,0.02290042059307192
901,0.022615500804480406,0.02108299500270002,0.02108299500270002,0.011374381089274133,0.022485492200385242,0.017635464982982168,0.022506108715310415
911,0.022615500804480406,0.02108299500270002,0.02108299500270002,0.0280410477559408,0.02526326997816302,0.01423410443876448,0.02171748495978741
919,0.022615500804480406,0.02108299500270002,0.02108299500270002,0.0280410477559408,0.022485492200385242,0.017635464982982168,0.021914640898668163
922,0.022615500804480406,0.02108299500270002,0.02108299500270002,0.0280410477559408,0.01692993664482969,0.021036825527199855,0.021702319118335044
925,0.022615500804480406,0.02108299500270002,0.02108299500270002,0.011374381089274133,0.014152158867051911,0.017635464982982168,0.023901366128928042
940,0.022615500804480406,0.02108299500270002,0.02108299500270002,0.0280410477559408,0.019707714422607468,0.021036825527199855,0.021429333972192464
951,0.022615500804480406,0.02108299500270002,0.02108299500270002,0.011374381089274133,0.019707714422607468,0.021036825527199855,0.022445445349500954
973,0.022615500804480406,0.02108299500270002,0.02108299500270002,0.011374381089274133,0.02526326997816302,0.02783954661563523,0.022445445349500954
985,0.022615500804480406,0.02108299500270002,0.02108299500270002,0.019707714422607468,0.02526326997816302,0.021036825527199855,0.021732650801239775
995,0.022615500804480406,0.02108299500270002,0.02108299500270002,0.011374381089274133,0.014152158867051911,0.01423410443876448,0.023764873555856755
007,0.022564963849331952,0.020451283063344365,0.020451283063344365,0.011374381089274133,0.019707714422607468,0.017635464982982168,0.023158239897762136
037,0.022564963849331952,0.020451283063344365,0.020451283063344365,0.0280410477559408,0.019707714422607468,0.01423410443876448,0.021459665655097198
058,0.022564963849331952,0.020451283063344365,0.020451283063344365,0.011374381089274133,0.0280410477559408,0.021036825527199855,0.0222937869349773
061,0.022564963849331952,0.020451283063344365,0.020451283063344365,0.019707714422607468,0.030818825533718577,0.017635464982982168,0.021944972581572894
062,0.022564963849331952,0.020451283063344365,0.020451283063344365,0.0280410477559408,0.022485492200385242,0.01423410443876448,0.021505163179454292
072,0.022564963849331952,0.020451283063344365,0.020451283063344365,0.0280410477559408,0.019707714422607468,0.017635464982982168,0.02171748495978741
094,0.022564963849331952,0.020451283063344365,0.020451283063344365,0.011374381089274133,0.01692993664482969,0.017635464982982168,0.02267293297128644
095,0.022564963849331952,0.020451283063344365,0.020451283063344365,0.0280410477559408,0.019707714422607468,0.021036825527199855,0.021535494862359023
118,0.022564963849331952,0.020451283063344365,0.020451283063344365,0.0280410477559408,0.022485492200385242,0.017635464982982168,0.02148999733800193
142,0.022564963849331952,0.020451283063344365,0.020451283063344365,0.019707714422607468,0.019707714422607468,0.021036825527199855,0.021929806740120527
185,0.022564963849331952,0.020451283063344365,0.020451283063344365,0.019707714422607468,0.0280410477559408,0.021036825527199855,0.02147483149654956
193,0.022564963849331952,0.020451283063344365,0.020451283063344365,0.019707714422607468,0.02526326997816302,0.021036825527199855,0.021459665655097198
207,0.022564963849331952,0.020451283063344365,0.020451283063344365,0.0280410477559408,0.019707714422607468,0.02783954661563523,0.021399002289287733
211,0.022564963849331952,0.020451283063344365,0.020451283063344365,0.0280410477559408,0.022485492200385242,0.024438186071417543,0.02147483149654956
218,0.022564963849331952,0.020451283063344365,0.020451283063344365,0.011374381089274133,0.019707714422607468,0.031240907159852914,0.02243027950804859
226,0.022564963849331952,0.020451283063344365,0.020451283063344365,0.019707714422607468,0.01692993664482969,0.01423410443876448,0.021611324069620852
230,0.022564963849331952,0.020451283063344365,0.020451283063344365,0.019707714422607468,0.022485492200385242,0.024438186071417543,0.022202791886263108
234,0.022564963849331952,0.020451283063344365,0.020451283063344365,0.011374381089274133,0.01692993664482969,0.021036825527199855,0.02334022999519052
241,0.022564963849331952,0.020451283063344365,0.020451283063344365,0.0280410477559408,0.02526326997816302,0.021036825527199855,0.02155066070381139
282,0.022564963849331952,0.020451283063344365,0.020451283063344365,0.011374381089274133,0.01692993664482969,0.017635464982982168,0.022551606239667513
288,0.022564963849331952,0.020451283063344365,0.020451283063344365,0.011374381089274133,0.01692993664482969,0.017635464982982168,0.02256677208111988
295,0.022564963849331952,0.020451283063344365,0.020451283063344365,0.019707714422607468,0.022485492200385242,0.017635464982982168,0.0214141681307401
303,0.022564963849331952,0.020451283063344365,0.020451283063344365,0.011374381089274133,0.01692993664482969,0.021036825527199855,0.02293075227597665
386,0.022564963849331952,0.020451283063344365,0.020451283063344365,0.011374381089274133,0.011374381089274133,0.017635464982982168,0.02411368790926116
393,0.022564963849331952,0.020451283063344365,0.020451283063344365,0.011374381089274133,0.022485492200385242,0.017635464982982168,0.022824591385810094
401,0.022564963849331952,0.020451283063344365,0.020451283063344365,0.011374381089274133,0.02526326997816302,0.021036825527199855,0.022308952776429667
425,0.022564963849331952,0.020451283063344365,0.020451283063344365,0.011374381089274133,0.022485492200385242,0.021036825527199855,0.022308952776429667
448,0.022564963849331952,0.020451283063344365,0.020451283063344365,0.019707714422607468,0.019707714422607468,0.021036825527199855,0.02199047010592999
455,0.022564963849331952,0.020451283063344365,0.020451283063344365,0.0280410477559408,0.02526326997816302,0.021036825527199855,0.021975304264477625
457,0.022564963849331952,0.020451283063344365,0.020451283063344365,0.019707714422607468,0.019707714422607468,0.021036825527199855,0.02199047010592999
480,0.022564963849331952,0.020451283063344365,0.020451283063344365,0.011374381089274133,0.014152158867051911,0.024438186071417543,0.022945918117429014
487,0.022564963849331952,0.020451283063344365,0.020451283063344365,0.011374381089274133,0.019707714422607468,0.024438186071417543,0.023021747324690846
511,0.022564963849331952,0.020451283063344365,0.020451283063344365,0.0280410477559408,0.019707714422607468,0.021036825527199855,0.021459665655097198
514,0.022564963849331952,0.020451283063344365,0.020451283063344365,0.019707714422607468,0.0280410477559408,0.021036825527199855,0.021762982484144506
524,0.022564963849331952,0.020451283063344365,0.020451283063344365,0.0280410477559408,0.019707714422607468,0.024438186071417543,0.02138383644783537
534,0.022564963849331952,0.020451283063344365,0.020451283063344365,0.011374381089274133,0.01692993664482969,0.017635464982982168,0.02388620028747568
535,0.022564963849331952,0.020451283063344365,0.020451283063344365,0.011374381089274133,0.01692993664482969,0.01423410443876448,0.02314307405630977
538,0.022564963849331952,0.020451283063344365,0.020451283063344365,0.011374381089274133,0.014152158867051911,0.017635464982982168,0.023916531970380406
541,0.022564963849331952,0.020451283063344365,0.020451283063344365,0.019707714422607468,0.014152158867051911,0.017635464982982168,0.021399002289287733
548,0.022564963849331952,0.020451283063344365,0.020451283063344365,0.019707714422607468,0.019707714422607468,0.017635464982982168,0.021399002289287733
590,0.022564963849331952,0.020451283063344365,0.020451283063344365,0.0280410477559408,0.01692993664482969,0.017635464982982168,0.02168715327688268
593,0.022564963849331952,0.020451283063344365,0.020451283063344365,0.0280410477559408,0.02526326997816302,0.017635464982982168,0.0218539775328587
637,0.022564963849331952,0.020451283063344365,0.020451283063344365,0.019707714422607468,0.02526326997816302,0.017635464982982168,0.021656821593977946
656,0.022564963849331952,0.020451283063344365,0.020451283063344365,0.019707714422607468,0.022485492200385242,0.017635464982982168,0.021565826545263754
680,0.022564963849331952,0.020451283063344365,0.020451283063344365,0.019707714422607468,0.019707714422607468,0.024438186071417543,0.02158099238671612
719,0.022564963849331952,0.020451283063344365,0.020451283063344365,0.036374381089274134,0.019707714422607468,0.021036825527199855,0.021520329020906656
722,0.022564963849331952,0.020451283063344365,0.020451283063344365,0.011374381089274133,0.019707714422607468,0.01423410443876448,0.022551606239667513
739,0.022564963849331952,0.020451283063344365,0.020451283063344365,0.036374381089274134,0.022485492200385242,0.021036825527199855,0.022005635947382356
743,0.022564963849331952,0.020451283063344365,0.020451283063344365,0.019707714422607468,0.019707714422607468,0.024438186071417543,0.021702319118335044
750,0.022564963849331952,0.020451283063344365,0.020451283063344365,0.011374381089274133,0.014152158867051911,0.021036825527199855,0.023689044348594923
759,0.022564963849331952,0.020451283063344365,0.020451283063344365,0.019707714422607468,0.01692993664482969,0.017635464982982168,0.021702319118335044
767,0.022564963849331952,0.020451283063344365,0.020451283063344365,0.044707714422607465,0.03359660331149635,0.024438186071417543,0.021505163179454292
771,0.022564963849331952,0.020451283063344365,0.020451283063344365,0.011374381089274133,0.019707714422607468,0.021036825527199855,0.02239994782514386
825,0.022564963849331952,0.020451283063344365,0.020451283063344365,0.011374381089274133,0.01692993664482969,0.017635464982982168,0.022551606239667513
830,0.022564963849331952,0.020451283063344365,0.020451283063344365,0.0280410477559408,0.019707714422607468,0.010832743894546793,0.021399002289287733
838,0.022564963849331952,0.020451283063344365,0.020451283063344365,0.011374381089274133,0.022485492200385242,0.021036825527199855,0.022490942873858052
843,0.022564963849331952,0.020451283063344365,0.020451283063344365,0.0280410477559408,0.022485492200385242,0.021036825527199855,0.021626489911073216
846,0.022564963849331952,0.020451283063344365,0.020451283063344365,0.019707714422607468,0.019707714422607468,0.017635464982982168,0.02148999733800193
861,0.022564963849331952,0.020451283063344365,0.020451283063344365,0.011374381089274133,0.022485492200385242,0.01423410443876448,0.022612269605476975
884,0.022564963849331952,0.020451283063344365,0.020451283063344365,0.0280410477559408,0.0280410477559408,0.010832743894546793,0.021656821593977946
912,0.022564963849331952,0.020451283063344365,0.020451283063344365,0.011374381089274133,0.01692993664482969,0.021036825527199855,0.02299141564178611
926,0.022564963849331952,0.020451283063344365,0.020451283063344365,0.019707714422607468,0.014152158867051911,0.024438186071417543,0.022142128520453646
002,0.022514426894183502,0.019819571123988713,0.019819571123988713,0.011374381089274133,0.014152158867051911,0.017635464982982168,0.023021747324690846
027,0.022514426894183502,0.019819571123988713,0.019819571123988713,0.0280410477559408,0.01692993664482969,0.021036825527199855,0.021778148325596873
060,0.022514426894183502,0.019819571123988713,0.019819571123988713,0.019707714422607468,0.01692993664482969,0.017635464982982168,0.021914640898668163
122,0.022514426894183502,0.019819571123988713,0.019819571123988713,0.011374381089274133,0.01692993664482969,0.01423410443876448,0.024037858701999332
167,0.022514426894183502,0.019819571123988713,0.019819571123988713,0.019707714422607468,0.022485492200385242,0.010832743894546793,0.021914640898668163
171,0.022514426894183502,0.019819571123988713,0.019819571123988713,0.019707714422607468,0.022485492200385242,0.024438186071417543,0.022187626044810744
181,0.022514426894183502,0.019819571123988713,0.019819571123988713,0.0280410477559408,0.019707714422607468,0.017635464982982168,0.021808480008501604
182,0.022514426894183502,0.019819571123988713,0.019819571123988713,0.019707714422607468,0.014152158867051911,0.021036825527199855,0.02212696267900128
222,0.022514426894183502,0.019819571123988713,0.019819571123988713,0.011374381089274133,0.01692993664482969,0.021036825527199855,0.022415113666596223
247,0.022514426894183502,0.019819571123988713,0.019819571123988713,0.019707714422607468,0.019707714422607468,0.021036825527199855,0.02196013842302526
287,0.022514426894183502,0.019819571123988713,0.019819571123988713,0.044707714422607465,0.030818825533718577,0.024438186071417543,0.0214141681307401
324,0.022514426894183502,0.019819571123988713,0.019819571123988713,0.019707714422607468,0.019707714422607468,0.024438186071417543,0.02211179683754891
328,0.022514426894183502,0.019819571123988713,0.019819571123988713,0.011374381089274133,0.019707714422607468,0.01423410443876448,0.022384781983691492
345,0.022514426894183502,0.019819571123988713,0.019819571123988713,0.019707714422607468,0.022485492200385242,0.024438186071417543,0.021838811691406335
357,0.022514426894183502,0.019819571123988713,0.019819571123988713,0.019707714422607468,0.02526326997816302,0.024438186071417543,0.02211179683754891
378,0.022514426894183502,0.019819571123988713,0.019819571123988713,0.011374381089274133,0.019707714422607468,0.024438186071417543,0.022794259702905363
387,0.022514426894183502,0.019819571123988713,0.019819571123988713,0.011374381089274133,0.019707714422607468,0.021036825527199855,0.02253644039821515
408,0.022514426894183502,0.019819571123988713,0.019819571123988713,0.019707714422607468,0.019707714422607468,0.010832743894546793,0.021762982484144506
418,0.022514426894183502,0.019819571123988713,0.019819571123988713,0.019707714422607468,0.02526326997816302,0.017635464982982168,0.021929806740120527
440,0.022514426894183502,0.019819571123988713,0.019819571123988713,0.0280410477559408,0.02526326997816302,0.024438186071417543,0.02168715327688268
486,0.022514426894183502,0.019819571123988713,0.019819571123988713,0.019707714422607468,0.014152158867051911,0.017635464982982168,0.021838811691406335
497,0.022514426894183502,0.019819571123988713,0.019819571123988713,0.019707714422607468,0.019707714422607468,0.02783954661563523,0.02182364584995397
499,0.022514426894183502,0.019819571123988713,0.019819571123988713,0.011374381089274133,0.019707714422607468,0.031240907159852914,0.02253644039821515
505,0.022514426894183502,0.019819571123988713,0.019819571123988713,0.0280410477559408,0.019707714422607468,0.021036825527199855,0.02202080178883472
527,0.022514426894183502,0.019819571123988713,0.019819571123988713,0.019707714422607468,0.019707714422607468,0.021036825527199855,0.0214141681307401
537,0.022514426894183502,0.019819571123988713,0.019819571123988713,0.011374381089274133,0.030818825533718577,0.031240907159852914,0.02232411861788203
544,0.022514426894183502,0.019819571123988713,0.019819571123988713,0.0280410477559408,0.019707714422607468,0.017635464982982168,0.021565826545263754
552,0.022514426894183502,0.019819571123988713,0.019819571123988713,0.011374381089274133,0.019707714422607468,0.01423410443876448,0.02378003939730912
570,0.022514426894183502,0.019819571123988713,0.019819571123988713,0.0280410477559408,0.02526326997816302,0.021036825527199855,0.0214141681307401
600,0.022514426894183502,0.019819571123988713,0.019819571123988713,0.011374381089274133,0.014152158867051911,0.02783954661563523,0.02402269286054697
613,0.022514426894183502,0.019819571123988713,0.019819571123988713,0.0280410477559408,0.030818825533718577,0.021036825527199855,0.022142128520453646
640,0.022514426894183502,0.019819571123988713,0.019819571123988713,0.011374381089274133,0.022485492200385242,0.017635464982982168,0.022308952776429667
648,0.022514426894183502,0.019819571123988713,0.019819571123988713,0.0280410477559408,0.022485492200385242,0.01423410443876448,0.02159615822816849
706,0.022514426894183502,0.019819571123988713,0.019819571123988713,0.019707714422607468,0.019707714422607468,0.021036825527199855,0.021914640898668163
785,0.022514426894183502,0.019819571123988713,0.019819571123988713,0.019707714422607468,0.019707714422607468,0.021036825527199855,0.02155066070381139
806,0.022514426894183502,0.019819571123988713,0.019819571123988713,0.019707714422607468,0.01692993664482969,0.017635464982982168,0.0214141681307401
826,0.022514426894183502,0.019819571123988713,0.019819571123988713,0.019707714422607468,0.019707714422607468,0.024438186071417543,0.02215729436190601
834,0.022514426894183502,0.019819571123988713,0.019819571123988713,0.0280410477559408,0.022485492200385242,0.024438186071417543,0.021778148325596873
839,0.022514426894183502,0.019819571123988713,0.019819571123988713,0.019707714422607468,0.02526326997816302,0.01423410443876448,0.0214141681307401
881,0.022514426894183502,0.019819571123988713,0.019819571123988713,0.0280410477559408,0.019707714422607468,0.017635464982982168,0.022096630996096548
899,0.022514426894183502,0.019819571123988713,0.019819571123988713,0.019707714422607468,0.014152158867051911,0.017635464982982168,0.02138383644783537
935,0.022514426894183502,0.019819571123988713,0.019819571123988713,0.019707714422607468,0.014152158867051911,0.021036825527199855,0.021732650801239775
999,0.022514426894183502,0.019819571123988713,0.019819571123988713,0.019707714422607468,0.019707714422607468,0.024438186071417543,0.02155066070381139
033,0.02246388993903505,0.019187859184633057,0.019187859184633057,0.019707714422607468,0.022485492200385242,0.021036825527199855,0.02148999733800193
051,0.02246388993903505,0.019187859184633057,0.019187859184633057,0.011374381089274133,0.030818825533718577,0.021036825527199855,0.023006581483238482
055,0.02246388993903505,0.019187859184633057,0.019187859184633057,0.011374381089274133,0.02526326997816302,0.02783954661563523,0.02256677208111988
056,0.02246388993903505,0.019187859184633057,0.019187859184633057,0.011374381089274133,0.014152158867051911,0.017635464982982168,0.0222937869349773
068,0.02246388993903505,0.019187859184633057,0.019187859184633057,0.011374381089274133,0.014152158867051911,0.017635464982982168,0.022839757227262458
069,0.02246388993903505,0.019187859184633057,0.019187859184633057,0.011374381089274133,0.019707714422607468,0.021036825527199855,0.02314307405630977
105,0.02246388993903505,0.019187859184633057,0.019187859184633057,0.019707714422607468,0.019707714422607468,0.010832743894546793,0.022081465154644184
144,0.02246388993903505,0.019187859184633057,0.019187859184633057,0.011374381089274133,0.014152158867051911,0.017635464982982168,0.02341605920245235
160,0.02246388993903505,0.019187859184633057,0.019187859184633057,0.036374381089274134,0.02526326997816302,0.021036825527199855,0.021747816642692142
220,0.02246388993903505,0.019187859184633057,0.019187859184633057,0.019707714422607468,0.01692993664482969,0.01423410443876448,0.021838811691406335
231,0.02246388993903505,0.019187859184633057,0.019187859184633057,0.011374381089274133,0.01692993664482969,0.01423410443876448,0.022809425544357727
256,0.02246388993903505,0.019187859184633057,0.019187859184633057,0.019707714422607468,0.019707714422607468,0.02783954661563523,0.021762982484144506
293,0.02246388993903505,0.019187859184633057,0.019187859184633057,0.0280410477559408,0.02526326997816302,0.021036825527199855,0.021459665655097198
333,0.02246388993903505,0.019187859184633057,0.019187859184633057,0.011374381089274133,0.01692993664482969,0.017635464982982168,0.02303691316614321
338,0.02246388993903505,0.019187859184633057,0.019187859184633057,0.011374381089274133,0.01692993664482969,0.021036825527199855,0.022839757227262458
372,0.02246388993903505,0.019187859184633057,0.019187859184633057,0.019707714422607468,0.019707714422607468,0.031240907159852914,0.02147483149654956
415,0.02246388993903505,0.019187859184633057,0.019187859184633057,0.011374381089274133,0.01692993664482969,0.021036825527199855,0.023309898312285787
445,0.02246388993903505,0.019187859184633057,0.019187859184633057,0.011374381089274133,0.019707714422607468,0.01423410443876448,0.022581937922572244
469,0.02246388993903505,0.019187859184633057,0.019187859184633057,0.011374381089274133,0.01692993664482969,0.02783954661563523,0.0222937869349773
501,0.02246388993903505,0.019187859184633057,0.019187859184633057,0.019707714422607468,0.019707714422607468,0.017635464982982168,0.02144449981364483
513,0.02246388993903505,0.019187859184633057,0.019187859184633057,0.019707714422607468,0.022485492200385242,0.01423410443876448,0.021535494862359023
533,0.02246388993903505,0.019187859184633057,0.019187859184633057,0.036374381089274134,0.022485492200385242,0.024438186071417543,0.02168715327688268
551,0.02246388993903505,0.019187859184633057,0.019187859184633057,0.0280410477559408,0.02526326997816302,0.021036825527199855,0.021641655752525583
685,0.02246388993903505,0.019187859184633057,0.019187859184633057,0.019707714422607468,0.01692993664482969,0.01423410443876448,0.022278621093524936
693,0.02246388993903505,0.019187859184633057,0.019187859184633057,0.0280410477559408,0.02526326997816302,0.021036825527199855,0.021565826545263754
700,0.02246388993903505,0.019187859184633057,0.019187859184633057,0.011374381089274133,0.01692993664482969,0.01423410443876448,0.02235445030078676
713,0.02246388993903505,0.019187859184633057,0.019187859184633057,0.019707714422607468,0.022485492200385242,0.021036825527199855,0.02211179683754891
733,0.02246388993903505,0.019187859184633057,0.019187859184633057,0.036374381089274134,0.0280410477559408,0.024438186071417543,0.021626489911073216
734,0.02246388993903505,0.019187859184633057,0.019187859184633057,0.036374381089274134,0.0280410477559408,0.01423410443876448,0.021429333972192464
789,0.02246388993903505,0.019187859184633057,0.019187859184633057,0.019707714422607468,0.014152158867051911,0.021036825527199855,0.022172460203358377
792,0.02246388993903505,0.019187859184633057,0.019187859184633057,0.0280410477559408,0.022485492200385242,0.03804362824828829,0.021626489911073216
805,0.02246388993903505,0.019187859184633057,0.019187859184633057,0.011374381089274133,0.011374381089274133,0.017635464982982168,0.02411368790926116
864,0.02246388993903505,0.019187859184633057,0.019187859184633057,0.019707714422607468,0.01692993664482969,0.024438186071417543,0.021641655752525583
868,0.02246388993903505,0.019187859184633057,0.019187859184633057,0.019707714422607468,0.014152158867051911,0.017635464982982168,0.022035967630287086
947,0.02246388993903505,0.019187859184633057,0.019187859184633057,0.011374381089274133,0.019707714422607468,0.01423410443876448,0.02239994782514386
958,0.02246388993903505,0.019187859184633057,0.019187859184633057,0.011374381089274133,0.014152158867051911,0.017635464982982168,0.023628380982785465
961,0.02246388993903505,0.019187859184633057,0.019187859184633057,0.0280410477559408,0.022485492200385242,0.017635464982982168,0.021869143374311065
977,0.02246388993903505,0.019187859184633057,0.019187859184633057,0.0280410477559408,0.022485492200385242,0.017635464982982168,0.021399002289287733
004,0.022413352983886595,0.018556147245277405,0.018556147245277405,0.011374381089274133,0.014152158867051911,0.021036825527199855,0.022642601288381706
041,0.022413352983886595,0.018556147245277405,0.018556147245277405,0.011374381089274133,0.014152158867051911,0.021036825527199855,0.023522220092618906
134,0.022413352983886595,0.018556147245277405,0.018556147245277405,0.0280410477559408,0.019707714422607468,0.021036825527199855,0.02138383644783537
146,0.022413352983886595,0.018556147245277405,0.018556147245277405,0.011374381089274133,0.01692993664482969,0.024438186071417543,0.02253644039821515
176,0.022413352983886595,0.018556147245277405,0.018556147245277405,0.011374381089274133,0.01692993664482969,0.02783954661563523,0.02285492306871482
184,0.022413352983886595,0.018556147245277405,0.018556147245277405,0.019707714422607468,0.014152158867051911,0.021036825527199855,0.022096630996096548
235,0.022413352983886595,0.018556147245277405,0.018556147245277405,0.019707714422607468,0.0280410477559408,0.024438186071417543,0.021747816642692142
238,0.022413352983886595,0.018556147245277405,0.018556147245277405,0.019707714422607468,0.019707714422607468,0.021036825527199855,0.021641655752525583
242,0.022413352983886595,0.018556147245277405,0.018556147245277405,0.019707714422607468,0.019707714422607468,0.02783954661563523,0.021656821593977946
255,0.022413352983886595,0.018556147245277405,0.018556147245277405,0.011374381089274133,0.019707714422607468,0.024438186071417543,0.022415113666596223
298,0.022413352983886595,0.018556147245277405,0.018556147245277405,0.019707714422607468,0.019707714422607468,0.024438186071417543,0.021975304264477625
351,0.022413352983886595,0.018556147245277405,0.018556147245277405,0.019707714422607468,0.022485492200385242,0.017635464982982168,0.02171748495978741
359,0.022413352983886595,0.018556147245277405,0.018556147245277405,0.011374381089274133,0.022485492200385242,0.021036825527199855,0.022475777032405685
367,0.022413352983886595,0.018556147245277405,0.018556147245277405,0.019707714422607468,0.019707714422607468,0.021036825527199855,0.021565826545263754
377,0.022413352983886595,0.018556147245277405,0.018556147245277405,0.019707714422607468,0.01692993664482969,0.02783954661563523,0.02158099238671612
397,0.022413352983886595,0.018556147245277405,0.018556147245277405,0.011374381089274133,0.019707714422607468,0.024438186071417543,0.023446390885357077
406,0.022413352983886595,0.018556147245277405,0.018556147245277405,0.036374381089274134,0.02526326997816302,0.017635464982982168,0.02138383644783537
459,0.022413352983886595,0.018556147245277405,0.018556147245277405,0.011374381089274133,0.011374381089274133,0.02783954661563523,0.02411368790926116
470,0.022413352983886595,0.018556147245277405,0.018556147245277405,0.019707714422607468,0.02526326997816302,0.02783954661563523,0.021793314167049237
477,0.022413352983886595,0.018556147245277405,0.018556147245277405,0.019707714422607468,0.019707714422607468,0.021036825527199855,0.022172460203358377
502,0.022413352983886595,0.018556147245277405,0.018556147245277405,0.036374381089274134,0.022485492200385242,0.017635464982982168,0.021944972581572894
506,0.022413352983886595,0.018556147245277405,0.018556147245277405,0.011374381089274133,0.019707714422607468,0.017635464982982168,0.023006581483238482
512,0.022413352983886595,0.018556147245277405,0.018556147245277405,0.019707714422607468,0.01692993664482969,0.017635464982982168,0.021869143374311065
584,0.022413352983886595,0.018556147245277405,0.018556147245277405,0.019707714422607468,0.01692993664482969,0.024438186071417543,0.02202080178883472
588,0.022413352983886595,0.018556147245277405,0.018556147245277405,0.0280410477559408,0.01692993664482969,0.01423410443876448,0.02215729436190601
624,0.022413352983886595,0.018556147245277405,0.018556147245277405,0.019707714422607468,0.01692993664482969,0.017635464982982168,0.02138383644783537
626,0.022413352983886595,0.018556147245277405,0.018556147245277405,0.011374381089274133,0.014152158867051911,0.024438186071417543,0.022308952776429667
657,0.022413352983886595,0.018556147245277405,0.018556147245277405,0.019707714422607468,0.01692993664482969,0.021036825527199855,0.02196013842302526
714,0.022413352983886595,0.018556147245277405,0.018556147245277405,0.011374381089274133,0.02526326997816302,0.02783954661563523,0.023006581483238482
754,0.022413352983886595,0.018556147245277405,0.018556147245277405,0.019707714422607468,0.022485492200385242,0.01423410443876448,0.02212696267900128
773,0.022413352983886595,0.018556147245277405,0.018556147245277405,0.036374381089274134,0.030818825533718577,0.017635464982982168,0.02144449981364483
780,0.022413352983886595,0.018556147245277405,0.018556147245277405,0.011374381089274133,0.01692993664482969,0.017635464982982168,0.022475777032405685
797,0.022413352983886595,0.018556147245277405,0.018556147245277405,0.019707714422607468,0.019707714422607468,0.024438186071417543,0.021459665655097198
821,0.022413352983886595,0.018556147245277405,0.018556147245277405,0.019707714422607468,0.019707714422607468,0.021036825527199855,0.02202080178883472
886,0.022413352983886595,0.018556147245277405,0.018556147245277405,0.011374381089274133,0.01692993664482969,0.017635464982982168,0.023052079007595577
914,0.022413352983886595,0.018556147245277405,0.018556147245277405,0.019707714422607468,0.014152158867051911,0.021036825527199855,0.021656821593977946
952,0.022413352983886595,0.018556147245277405,0.018556147245277405,0.019707714422607468,0.022485492200385242,0.024438186071417543,0.022005635947382356
967,0.022413352983886595,0.018556147245277405,0.018556147245277405,0.019707714422607468,0.022485492200385242,0.010832743894546793,0.021641655752525583
987,0.022413352983886595,0.018556147245277405,0.018556147245277405,0.011374381089274133,0.019707714422607468,0.024438186071417543,0.02235445030078676
082,0.022362816028738144,0.01792443530592175,0.01792443530592175,0.036374381089274134,0.02526326997816302,0.017635464982982168,0.021656821593977946
091,0.022362816028738144,0.01792443530592175,0.01792443530592175,0.019707714422607468,0.022485492200385242,0.01423410443876448,0.021611324069620852
204,0.022362816028738144,0.01792443530592175,0.01792443530592175,0.019707714422607468,0.022485492200385242,0.021036825527199855,0.021914640898668163
227,0.022362816028738144,0.01792443530592175,0.01792443530592175,0.011374381089274133,0.01692993664482969,0.01423410443876448,0.022506108715310415
269,0.022362816028738144,0.01792443530592175,0.01792443530592175,0.019707714422607468,0.01692993664482969,0.024438186071417543,0.021732650801239775
271,0.022362816028738144,0.01792443530592175,0.01792443530592175,0.019707714422607468,0.022485492200385242,0.017635464982982168,0.022202791886263108
323,0.022362816028738144,0.01792443530592175,0.01792443530592175,0.011374381089274133,0.019707714422607468,0.021036825527199855,0.022824591385810094
354,0.022362816028738144,0.01792443530592175,0.01792443530592175,0.0280410477559408,0.022485492200385242,0.01423410443876448,0.021671987435430314
373,0.022362816028738144,0.01792443530592175,0.01792443530592175,0.011374381089274133,0.022485492200385242,0.017635464982982168,0.02285492306871482
374,0.022362816028738144,0.01792443530592175,0.01792443530592175,0.011374381089274133,0.022485492200385242,0.017635464982982168,0.022885254751619555
436,0.022362816028738144,0.01792443530592175,0.01792443530592175,0.019707714422607468,0.019707714422607468,0.01423410443876448,0.022172460203358377
443,0.022362816028738144,0.01792443530592175,0.01792443530592175,0.019707714422607468,0.01692993664482969,0.02783954661563523,0.02138383644783537
453,0.022362816028738144,0.01792443530592175,0.01792443530592175,0.0280410477559408,0.019707714422607468,0.017635464982982168,0.02211179683754891
664,0.022362816028738144,0.01792443530592175,0.01792443530592175,0.019707714422607468,0.01692993664482969,0.01423410443876448,0.02202080178883472
667,0.022362816028738144,0.01792443530592175,0.01792443530592175,0.011374381089274133,0.011374381089274133,0.01423410443876448,0.02411368790926116
717,0.022362816028738144,0.01792443530592175,0.01792443530592175,0.011374381089274133,0.02526326997816302,0.024438186071417543,0.02285492306871482
784,0.022362816028738144,0.01792443530592175,0.01792443530592175,0.011374381089274133,0.0280410477559408,0.024438186071417543,0.022688098812738804
856,0.022362816028738144,0.01792443530592175,0.01792443530592175,0.019707714422607468,0.01692993664482969,0.017635464982982168,0.02223312356916784
924,0.022362816028738144,0.01792443530592175,0.01792443530592175,0.0280410477559408,0.02526326997816302,0.017635464982982168,0.021641655752525583
006,0.02231227907358969,0.017292723366566096,0.017292723366566096,0.019707714422607468,0.019707714422607468,0.01423410443876448,0.021762982484144506
008,0.02231227907358969,0.017292723366566096,0.017292723366566096,0.019707714422607468,0.019707714422607468,0.021036825527199855,0.02211179683754891
019,0.02231227907358969,0.017292723366566096,0.017292723366566096,0.019707714422607468,0.01692993664482969,0.01423410443876448,0.02226345525207257
029,0.02231227907358969,0.017292723366566096,0.017292723366566096,0.011374381089274133,0.01692993664482969,0.017635464982982168,0.022961083958881384
088,0.02231227907358969,0.017292723366566096,0.017292723366566096,0.019707714422607468,0.01692993664482969,0.024438186071417543,0.021793314167049237
275,0.02231227907358969,0.017292723366566096,0.017292723366566096,0.019707714422607468,0.022485492200385242,0.021036825527199855,0.02196013842302526
304,0.02231227907358969,0.017292723366566096,0.017292723366566096,0.011374381089274133,0.01692993664482969,0.021036825527199855,0.023052079007595577
343,0.02231227907358969,0.017292723366566096,0.017292723366566096,0.019707714422607468,0.01692993664482969,0.021036825527199855,0.02211179683754891
411,0.02231227907358969,0.017292723366566096,0.017292723366566096,0.019707714422607468,0.02526326997816302,0.024438186071417543,0.02221795772771547
456,0.02231227907358969,0.017292723366566096,0.017292723366566096,0.019707714422607468,0.014152158867051911,0.01423410443876448,0.021929806740120527
474,0.02231227907358969,0.017292723366566096,0.017292723366566096,0.019707714422607468,0.014152158867051911,0.010832743894546793,0.022051133471739454
576,0.02231227907358969,0.017292723366566096,0.017292723366566096,0.011374381089274133,0.011374381089274133,0.017635464982982168,0.02411368790926116
596,0.02231227907358969,0.017292723366566096,0.017292723366566096,0.0280410477559408,0.019707714422607468,0.021036825527199855,0.021429333972192464
628,0.02231227907358969,0.017292723366566096,0.017292723366566096,0.019707714422607468,0.01692993664482969,0.01423410443876448,0.02223312356916784
629,0.02231227907358969,0.017292723366566096,0.017292723366566096,0.019707714422607468,0.014152158867051911,0.02783954661563523,0.021793314167049237
684,0.02231227907358969,0.017292723366566096,0.017292723366566096,0.011374381089274133,0.019707714422607468,0.01423410443876448,0.022779093861453
870,0.02231227907358969,0.017292723366566096,0.017292723366566096,0.019707714422607468,0.019707714422607468,0.024438186071417543,0.021399002289287733
040,0.02226174211844124,0.016661011427210444,0.016661011427210444,0.019707714422607468,0.01692993664482969,0.017635464982982168,0.021656821593977946
042,0.02226174211844124,0.016661011427210444,0.016661011427210444,0.036374381089274134,0.02526326997816302,0.017635464982982168,0.02138383644783537
085,0.02226174211844124,0.016661011427210444,0.016661011427210444,0.011374381089274133,0.01692993664482969,0.02783954661563523,0.022718430495643534
149,0.02226174211844124,0.016661011427210444,0.016661011427210444,0.011374381089274133,0.014152158867051911,0.01423410443876448,0.022506108715310415
253,0.02226174211844124,0.016661011427210444,0.016661011427210444,0.011374381089274133,0.01692993664482969,0.021036825527199855,0.022521274556762783
259,0.02226174211844124,0.016661011427210444,0.016661011427210444,0.011374381089274133,0.01692993664482969,0.021036825527199855,0.022945918117429014
451,0.02226174211844124,0.016661011427210444,0.016661011427210444,0.011374381089274133,0.014152158867051911,0.024438186071417543,0.02394686365328514
555,0.02226174211844124,0.016661011427210444,0.016661011427210444,0.011374381089274133,0.014152158867051911,0.01423410443876448,0.02256677208111988
730,0.02226174211844124,0.016661011427210444,0.016661011427210444,0.019707714422607468,0.022485492200385242,0.021036825527199855,0.02168715327688268
783,0.02226174211844124,0.016661011427210444,0.016661011427210444,0.011374381089274133,0.014152158867051911,0.01423410443876448,0.022490942873858052
795,0.02226174211844124,0.016661011427210444,0.016661011427210444,0.044707714422607465,0.02526326997816302,0.021036825527199855,0.02147483149654956
802,0.02226174211844124,0.016661011427210444,0.016661011427210444,0.011374381089274133,0.014152158867051911,0.010832743894546793,0.022415113666596223
807,0.02226174211844124,0.016661011427210444,0.016661011427210444,0.019707714422607468,0.01692993664482969,0.01423410443876448,0.02171748495978741
808,0.02226174211844124,0.016661011427210444,0.016661011427210444,0.011374381089274133,0.01692993664482969,0.01423410443876448,0.023628380982785465
828,0.02226174211844124,0.016661011427210444,0.016661011427210444,0.011374381089274133,0.022485492200385242,0.010832743894546793,0.023021747324690846
874,0.02226174211844124,0.016661011427210444,0.016661011427210444,0.0280410477559408,0.019707714422607468,0.017635464982982168,0.021520329020906656
893,0.02226174211844124,0.016661011427210444,0.016661011427210444,0.036374381089274134,0.019707714422607468,0.024438186071417543,0.021535494862359023
090,0.022211205163292787,0.016029299487854788,0.016029299487854788,0.0280410477559408,0.022485492200385242,0.017635464982982168,0.022051133471739454
178,0.022211205163292787,0.016029299487854788,0.016029299487854788,0.0280410477559408,0.01692993664482969,0.01423410443876448,0.02138383644783537
315,0.022211205163292787,0.016029299487854788,0.016029299487854788,0.011374381089274133,0.011374381089274133,0.017635464982982168,0.02411368790926116
400,0.022211205163292787,0.016029299487854788,0.016029299487854788,0.019707714422607468,0.01692993664482969,0.01423410443876448,0.021747816642692142
434,0.022211205163292787,0.016029299487854788,0.016029299487854788,0.036374381089274134,0.022485492200385242,0.01423410443876448,0.021778148325596873
658,0.022211205163292787,0.016029299487854788,0.016029299487854788,0.011374381089274133,0.01692993664482969,0.01423410443876448,0.023582883458428367
812,0.022211205163292787,0.016029299487854788,0.016029299487854788,0.0280410477559408,0.019707714422607468,0.017635464982982168,0.02182364584995397
929,0.022211205163292787,0.016029299487854788,0.016029299487854788,0.019707714422607468,0.01692993664482969,0.01423410443876448,0.02202080178883472
968,0.022211205163292787,0.016029299487854788,0.016029299487854788,0.019707714422607468,0.019707714422607468,0.01423410443876448,0.022142128520453646
979,0.022211205163292787,0.016029299487854788,0.016029299487854788,0.011374381089274133,0.022485492200385242,0.010832743894546793,0.02235445030078676
017,0.022160668208144337,0.015397587548499136,0.015397587548499136,0.0280410477559408,0.022485492200385242,0.021036825527199855,0.021520329020906656
135,0.022160668208144337,0.015397587548499136,0.015397587548499136,0.011374381089274133,0.014152158867051911,0.017635464982982168,0.022521274556762783
026,0.022110131252995883,0.014765875609143482,0.014765875609143482,0.011374381089274133,0.011374381089274133,0.01423410443876448,0.02411368790926116
747,0.022110131252995883,0.014765875609143482,0.014765875609143482,0.011374381089274133,0.014152158867051911,0.017635464982982168,0.023325064153738157
