number,probability,raw_model_probability,long_rate,short_rate,recent_long_rate,weekday_rate,gap_signal
662,0.023444773191585493,0.03434894572916875,0.03434894572916875,0.0280410477559408,0.0280410477559408,0.034642267704070605,0.021838811691406335
053,0.023331065042501476,0.03245380991110179,0.03245380991110179,0.0280410477559408,0.022485492200385242,0.024438186071417543,0.021793314167049237
572,0.023331065042501476,0.03245380991110179,0.03245380991110179,0.019707714422607468,0.0280410477559408,0.021036825527199855,0.02182364584995397
369,0.02329316232614014,0.031822097971746136,0.031822097971746136,0.0280410477559408,0.02526326997816302,0.02783954661563523,0.022035967630287086
432,0.02329316232614014,0.031822097971746136,0.031822097971746136,0.044707714422607465,0.03359660331149635,0.021036825527199855,0.021535494862359023
526,0.02329316232614014,0.031822097971746136,0.031822097971746136,0.036374381089274134,0.030818825533718577,0.034642267704070605,0.021762982484144506
592,0.02329316232614014,0.031822097971746136,0.031822097971746136,0.036374381089274134,0.030818825533718577,0.03804362824828829,0.021641655752525583
080,0.023255259609778797,0.03119038603239048,0.03119038603239048,0.0530410477559408,0.04470771442260746,0.03804362824828829,0.021838811691406335
186,0.023255259609778797,0.03119038603239048,0.03119038603239048,0.019707714422607468,0.030818825533718577,0.034642267704070605,0.0214141681307401
697,0.023255259609778797,0.03119038603239048,0.03119038603239048,0.036374381089274134,0.030818825533718577,0.024438186071417543,0.02171748495978741
114,0.02321735689341746,0.030558674093034827,0.030558674093034827,0.019707714422607468,0.03915215886705191,0.017635464982982168,0.021671987435430314
294,0.02321735689341746,0.030558674093034827,0.030558674093034827,0.019707714422607468,0.030818825533718577,0.031240907159852914,0.021702319118335044
370,0.02321735689341746,0.030558674093034827,0.030558674093034827,0.019707714422607468,0.02526326997816302,0.03804362824828829,0.021914640898668163
599,0.02321735689341746,0.030558674093034827,0.030558674093034827,0.036374381089274134,0.030818825533718577,0.02783954661563523,0.021611324069620852
645,0.02321735689341746,0.030558674093034827,0.030558674093034827,0.0280410477559408,0.030818825533718577,0.021036825527199855,0.021914640898668163
867,0.02321735689341746,0.030558674093034827,0.030558674093034827,0.019707714422607468,0.02526326997816302,0.03804362824828829,0.021778148325596873
983,0.02321735689341746,0.030558674093034827,0.030558674093034827,0.019707714422607468,0.030818825533718577,0.03804362824828829,0.022066299313191817
119,0.02317945417705612,0.02992696215367917,0.02992696215367917,0.0280410477559408,0.02526326997816302,0.02783954661563523,0.021671987435430314
179,0.02317945417705612,0.02992696215367917,0.02992696215367917,0.019707714422607468,0.030818825533718577,0.021036825527199855,0.021762982484144506
213,0.02317945417705612,0.02992696215367917,0.02992696215367917,0.019707714422607468,0.022485492200385242,0.02783954661563523,0.02199047010592999
653,0.02317945417705612,0.02992696215367917,0.02992696215367917,0.011374381089274133,0.0280410477559408,0.031240907159852914,0.022551606239667513
875,0.02317945417705612,0.02992696215367917,0.02992696215367917,0.036374381089274134,0.030818825533718577,0.024438186071417543,0.021565826545263754
878,0.02317945417705612,0.02992696215367917,0.02992696215367917,0.019707714422607468,0.022485492200385242,0.034642267704070605,0.0218539775328587
964,0.02317945417705612,0.02992696215367917,0.02992696215367917,0.036374381089274134,0.03359660331149635,0.024438186071417543,0.021808480008501604
052,0.02314155146069478,0.02929525021432352,0.02929525021432352,0.0280410477559408,0.0280410477559408,0.021036825527199855,0.021429333972192464
057,0.02314155146069478,0.02929525021432352,0.02929525021432352,0.0280410477559408,0.030818825533718577,0.01423410443876448,0.021565826545263754
079,0.02314155146069478,0.02929525021432352,0.02929525021432352,0.011374381089274133,0.01692993664482969,0.031240907159852914,0.02232411861788203
243,0.02314155146069478,0.02929525021432352,0.02929525021432352,0.019707714422607468,0.02526326997816302,0.034642267704070605,0.021793314167049237
473,0.02314155146069478,0.02929525021432352,0.02929525021432352,0.0280410477559408,0.03359660331149635,0.02783954661563523,0.02144449981364483
484,0.02314155146069478,0.02929525021432352,0.02929525021432352,0.011374381089274133,0.019707714422607468,0.03804362824828829,0.022339284459334394
612,0.02314155146069478,0.02929525021432352,0.02929525021432352,0.0280410477559408,0.030818825533718577,0.024438186071417543,0.02144449981364483
676,0.02314155146069478,0.02929525021432352,0.02929525021432352,0.036374381089274134,0.03359660331149635,0.034642267704070605,0.02188430921576343
691,0.02314155146069478,0.02929525021432352,0.02929525021432352,0.0280410477559408,0.036374381089274134,0.021036825527199855,0.02138383644783537
811,0.02314155146069478,0.02929525021432352,0.02929525021432352,0.036374381089274134,0.0280410477559408,0.031240907159852914,0.021869143374311065
848,0.02314155146069478,0.02929525021432352,0.02929525021432352,0.036374381089274134,0.0280410477559408,0.031240907159852914,0.02155066070381139
000,0.02310364874433344,0.028663538274967867,0.028663538274967867,0.0280410477559408,0.03359660331149635,0.04144498879250598,0.021429333972192464
013,0.02310364874433344,0.028663538274967867,0.028663538274967867,0.0280410477559408,0.030818825533718577,0.017635464982982168,0.021611324069620852
073,0.02310364874433344,0.028663538274967867,0.028663538274967867,0.0280410477559408,0.0280410477559408,0.024438186071417543,0.02196013842302526
267,0.02310364874433344,0.028663538274967867,0.028663538274967867,0.011374381089274133,0.022485492200385242,0.02783954661563523,0.02306724484904794
326,0.02310364874433344,0.028663538274967867,0.028663538274967867,0.044707714422607465,0.0280410477559408,0.017635464982982168,0.02159615822816849
356,0.02310364874433344,0.028663538274967867,0.028663538274967867,0.019707714422607468,0.022485492200385242,0.01423410443876448,0.021899475057215796
492,0.02310364874433344,0.028663538274967867,0.028663538274967867,0.036374381089274134,0.03359660331149635,0.021036825527199855,0.02138383644783537
522,0.02310364874433344,0.028663538274967867,0.028663538274967867,0.036374381089274134,0.030818825533718577,0.02783954661563523,0.021641655752525583
547,0.02310364874433344,0.028663538274967867,0.028663538274967867,0.036374381089274134,0.03359660331149635,0.03804362824828829,0.021641655752525583
619,0.02310364874433344,0.028663538274967867,0.028663538274967867,0.019707714422607468,0.030818825533718577,0.021036825527199855,0.02147483149654956
661,0.02310364874433344,0.028663538274967867,0.028663538274967867,0.036374381089274134,0.02526326997816302,0.02783954661563523,0.02188430921576343
774,0.02310364874433344,0.028663538274967867,0.028663538274967867,0.019707714422607468,0.03359660331149635,0.024438186071417543,0.02155066070381139
957,0.02310364874433344,0.028663538274967867,0.028663538274967867,0.044707714422607465,0.036374381089274134,0.021036825527199855,0.02159615822816849
981,0.02310364874433344,0.028663538274967867,0.028663538274967867,0.044707714422607465,0.030818825533718577,0.031240907159852914,0.021702319118335044
124,0.023065746027972102,0.02803182633561221,0.02803182633561221,0.019707714422607468,0.01692993664482969,0.03804362824828829,0.021565826545263754
194,0.023065746027972102,0.02803182633561221,0.02803182633561221,0.019707714422607468,0.022485492200385242,0.03804362824828829,0.022142128520453646
409,0.023065746027972102,0.02803182633561221,0.02803182633561221,0.036374381089274134,0.03359660331149635,0.031240907159852914,0.02159615822816849
419,0.023065746027972102,0.02803182633561221,0.02803182633561221,0.019707714422607468,0.01692993664482969,0.024438186071417543,0.02147483149654956
422,0.023065746027972102,0.02803182633561221,0.02803182633561221,0.019707714422607468,0.01692993664482969,0.024438186071417543,0.02182364584995397
532,0.023065746027972102,0.02803182633561221,0.02803182633561221,0.019707714422607468,0.030818825533718577,0.017635464982982168,0.02202080178883472
620,0.023065746027972102,0.02803182633561221,0.02803182633561221,0.0280410477559408,0.019707714422607468,0.031240907159852914,0.02144449981364483
724,0.023065746027972102,0.02803182633561221,0.02803182633561221,0.036374381089274134,0.030818825533718577,0.024438186071417543,0.022096630996096548
749,0.023065746027972102,0.02803182633561221,0.02803182633561221,0.0280410477559408,0.022485492200385242,0.031240907159852914,0.021899475057215796
836,0.023065746027972102,0.02803182633561221,0.02803182633561221,0.019707714422607468,0.03359660331149635,0.02783954661563523,0.02215729436190601
854,0.023065746027972102,0.02803182633561221,0.02803182633561221,0.011374381089274133,0.02526326997816302,0.044846349336723663,0.02232411861788203
906,0.023065746027972102,0.02803182633561221,0.02803182633561221,0.0280410477559408,0.03359660331149635,0.021036825527199855,0.021565826545263754
978,0.023065746027972102,0.02803182633561221,0.02803182633561221,0.011374381089274133,0.022485492200385242,0.02783954661563523,0.022415113666596223
059,0.023027843311610764,0.02740011439625656,0.02740011439625656,0.0280410477559408,0.0280410477559408,0.02783954661563523,0.021899475057215796
081,0.023027843311610764,0.02740011439625656,0.02740011439625656,0.0280410477559408,0.030818825533718577,0.021036825527199855,0.021944972581572894
092,0.023027843311610764,0.02740011439625656,0.02740011439625656,0.011374381089274133,0.0280410477559408,0.02783954661563523,0.022915586434524286
112,0.023027843311610764,0.02740011439625656,0.02740011439625656,0.019707714422607468,0.01692993664482969,0.021036825527199855,0.021838811691406335
115,0.023027843311610764,0.02740011439625656,0.02740011439625656,0.036374381089274134,0.030818825533718577,0.02783954661563523,0.021429333972192464
132,0.023027843311610764,0.02740011439625656,0.02740011439625656,0.0530410477559408,0.03359660331149635,0.034642267704070605,0.021459665655097198
151,0.023027843311610764,0.02740011439625656,0.02740011439625656,0.011374381089274133,0.01692993664482969,0.02783954661563523,0.023158239897762136
244,0.023027843311610764,0.02740011439625656,0.02740011439625656,0.019707714422607468,0.022485492200385242,0.04144498879250598,0.02155066070381139
344,0.023027843311610764,0.02740011439625656,0.02740011439625656,0.044707714422607465,0.02526326997816302,0.024438186071417543,0.021429333972192464
358,0.023027843311610764,0.02740011439625656,0.02740011439625656,0.019707714422607468,0.022485492200385242,0.017635464982982168,0.021975304264477625
362,0.023027843311610764,0.02740011439625656,0.02740011439625656,0.011374381089274133,0.01692993664482969,0.034642267704070605,0.022642601288381706
363,0.023027843311610764,0.02740011439625656,0.02740011439625656,0.019707714422607468,0.022485492200385242,0.02783954661563523,0.022096630996096548
395,0.023027843311610764,0.02740011439625656,0.02740011439625656,0.0280410477559408,0.0280410477559408,0.031240907159852914,0.02138383644783537
475,0.023027843311610764,0.02740011439625656,0.02740011439625656,0.011374381089274133,0.01692993664482969,0.01423410443876448,0.022627435446929342
491,0.023027843311610764,0.02740011439625656,0.02740011439625656,0.011374381089274133,0.02526326997816302,0.031240907159852914,0.02285492306871482
525,0.023027843311610764,0.02740011439625656,0.02740011439625656,0.0280410477559408,0.022485492200385242,0.024438186071417543,0.02212696267900128
556,0.023027843311610764,0.02740011439625656,0.02740011439625656,0.0280410477559408,0.036374381089274134,0.024438186071417543,0.022202791886263108
573,0.023027843311610764,0.02740011439625656,0.02740011439625656,0.019707714422607468,0.01692993664482969,0.017635464982982168,0.021762982484144506
606,0.023027843311610764,0.02740011439625656,0.02740011439625656,0.0280410477559408,0.03915215886705191,0.021036825527199855,0.02148999733800193
633,0.023027843311610764,0.02740011439625656,0.02740011439625656,0.044707714422607465,0.030818825533718577,0.02783954661563523,0.021459665655097198
715,0.023027843311610764,0.02740011439625656,0.02740011439625656,0.0280410477559408,0.030818825533718577,0.02783954661563523,0.021732650801239775
871,0.023027843311610764,0.02740011439625656,0.02740011439625656,0.019707714422607468,0.019707714422607468,0.02783954661563523,0.021747816642692142
932,0.023027843311610764,0.02740011439625656,0.02740011439625656,0.0280410477559408,0.022485492200385242,0.031240907159852914,0.021929806740120527
975,0.023027843311610764,0.02740011439625656,0.02740011439625656,0.019707714422607468,0.022485492200385242,0.024438186071417543,0.021808480008501604
032,0.022989940595249423,0.026768402456900903,0.026768402456900903,0.0280410477559408,0.02526326997816302,0.02783954661563523,0.02158099238671612
035,0.022989940595249423,0.026768402456900903,0.026768402456900903,0.0280410477559408,0.0280410477559408,0.031240907159852914,0.021732650801239775
102,0.022989940595249423,0.026768402456900903,0.026768402456900903,0.011374381089274133,0.022485492200385242,0.04144498879250598,0.022369616142239125
127,0.022989940595249423,0.026768402456900903,0.026768402456900903,0.019707714422607468,0.019707714422607468,0.024438186071417543,0.022096630996096548
138,0.022989940595249423,0.026768402456900903,0.026768402456900903,0.019707714422607468,0.02526326997816302,0.017635464982982168,0.021899475057215796
169,0.022989940595249423,0.026768402456900903,0.026768402456900903,0.044707714422607465,0.03359660331149635,0.01423410443876448,0.0214141681307401
189,0.022989940595249423,0.026768402456900903,0.026768402456900903,0.036374381089274134,0.030818825533718577,0.021036825527199855,0.021732650801239775
200,0.022989940595249423,0.026768402456900903,0.026768402456900903,0.0530410477559408,0.0280410477559408,0.021036825527199855,0.02159615822816849
206,0.022989940595249423,0.026768402456900903,0.026768402456900903,0.019707714422607468,0.022485492200385242,0.021036825527199855,0.021520329020906656
221,0.022989940595249423,0.026768402456900903,0.026768402456900903,0.019707714422607468,0.022485492200385242,0.021036825527199855,0.022187626044810744
224,0.022989940595249423,0.026768402456900903,0.026768402456900903,0.019707714422607468,0.02526326997816302,0.031240907159852914,0.021914640898668163
239,0.022989940595249423,0.026768402456900903,0.026768402456900903,0.0280410477559408,0.02526326997816302,0.01423410443876448,0.021626489911073216
254,0.022989940595249423,0.026768402456900903,0.026768402456900903,0.019707714422607468,0.0280410477559408,0.02783954661563523,0.021535494862359023
296,0.022989940595249423,0.026768402456900903,0.026768402456900903,0.011374381089274133,0.022485492200385242,0.024438186071417543,0.022415113666596223
336,0.022989940595249423,0.026768402456900903,0.026768402456900903,0.019707714422607468,0.019707714422607468,0.024438186071417543,0.021793314167049237
341,0.022989940595249423,0.026768402456900903,0.026768402456900903,0.019707714422607468,0.02526326997816302,0.021036825527199855,0.021459665655097198
394,0.022989940595249423,0.026768402456900903,0.026768402456900903,0.036374381089274134,0.030818825533718577,0.031240907159852914,0.021778148325596873
481,0.022989940595249423,0.026768402456900903,0.026768402456900903,0.0280410477559408,0.0280410477559408,0.031240907159852914,0.02147483149654956
523,0.022989940595249423,0.026768402456900903,0.026768402456900903,0.019707714422607468,0.02526326997816302,0.021036825527199855,0.02202080178883472
549,0.022989940595249423,0.026768402456900903,0.026768402456900903,0.011374381089274133,0.01692993664482969,0.017635464982982168,0.022581937922572244
561,0.022989940595249423,0.026768402456900903,0.026768402456900903,0.0280410477559408,0.030818825533718577,0.024438186071417543,0.021459665655097198
634,0.022989940595249423,0.026768402456900903,0.026768402456900903,0.044707714422607465,0.0280410477559408,0.034642267704070605,0.02155066070381139
647,0.022989940595249423,0.026768402456900903,0.026768402456900903,0.0280410477559408,0.022485492200385242,0.017635464982982168,0.022096630996096548
742,0.022989940595249423,0.026768402456900903,0.026768402456900903,0.036374381089274134,0.02526326997816302,0.02783954661563523,0.021671987435430314
813,0.022989940595249423,0.026768402456900903,0.026768402456900903,0.019707714422607468,0.019707714422607468,0.017635464982982168,0.022035967630287086
847,0.022989940595249423,0.026768402456900903,0.026768402456900903,0.0280410477559408,0.022485492200385242,0.04144498879250598,0.02147483149654956
879,0.022989940595249423,0.026768402456900903,0.026768402456900903,0.0280410477559408,0.0280410477559408,0.031240907159852914,0.021565826545263754
898,0.022989940595249423,0.026768402456900903,0.026768402456900903,0.011374381089274133,0.019707714422607468,0.021036825527199855,0.023491888409714175
902,0.022989940595249423,0.026768402456900903,0.026768402456900903,0.036374381089274134,0.019707714422607468,0.021036825527199855,0.0214141681307401
910,0.022989940595249423,0.026768402456900903,0.026768402456900903,0.019707714422607468,0.019707714422607468,0.034642267704070605,0.02171748495978741
916,0.022989940595249423,0.026768402456900903,0.026768402456900903,0.011374381089274133,0.019707714422607468,0.017635464982982168,0.02239994782514386
960,0.022989940595249423,0.026768402456900903,0.026768402456900903,0.0280410477559408,0.022485492200385242,0.031240907159852914,0.02159615822816849
021,0.022952037878888085,0.02613669051754525,0.02613669051754525,0.044707714422607465,0.0280410477559408,0.031240907159852914,0.021671987435430314
031,0.022952037878888085,0.02613669051754525,0.02613669051754525,0.036374381089274134,0.0280410477559408,0.024438186071417543,0.02168715327688268
063,0.022952037878888085,0.02613669051754525,0.02613669051754525,0.0280410477559408,0.030818825533718577,0.021036825527199855,0.02171748495978741
111,0.022952037878888085,0.02613669051754525,0.02613669051754525,0.0280410477559408,0.022485492200385242,0.021036825527199855,0.02212696267900128
131,0.022952037878888085,0.02613669051754525,0.02613669051754525,0.036374381089274134,0.0280410477559408,0.02783954661563523,0.021747816642692142
139,0.022952037878888085,0.02613669051754525,0.02613669051754525,0.019707714422607468,0.01692993664482969,0.02783954661563523,0.021429333972192464
147,0.022952037878888085,0.02613669051754525,0.02613669051754525,0.019707714422607468,0.02526326997816302,0.031240907159852914,0.02168715327688268
158,0.022952037878888085,0.02613669051754525,0.02613669051754525,0.011374381089274133,0.01692993664482969,0.024438186071417543,0.02239994782514386
166,0.022952037878888085,0.02613669051754525,0.02613669051754525,0.019707714422607468,0.019707714422607468,0.024438186071417543,0.022248289410620202
191,0.022952037878888085,0.02613669051754525,0.02613669051754525,0.019707714422607468,0.0280410477559408,0.031240907159852914,0.02215729436190601
208,0.022952037878888085,0.02613669051754525,0.02613669051754525,0.0280410477559408,0.030818825533718577,0.034642267704070605,0.02138383644783537
217,0.022952037878888085,0.02613669051754525,0.02613669051754525,0.044707714422607465,0.030818825533718577,0.024438186071417543,0.02155066070381139
250,0.022952037878888085,0.02613669051754525,0.02613669051754525,0.0280410477559408,0.03915215886705191,0.024438186071417543,0.021899475057215796
274,0.022952037878888085,0.02613669051754525,0.02613669051754525,0.011374381089274133,0.014152158867051911,0.02783954661563523,0.022475777032405685
292,0.022952037878888085,0.02613669051754525,0.02613669051754525,0.011374381089274133,0.022485492200385242,0.024438186071417543,0.02256677208111988
313,0.022952037878888085,0.02613669051754525,0.02613669051754525,0.036374381089274134,0.03359660331149635,0.02783954661563523,0.021641655752525583
318,0.022952037878888085,0.02613669051754525,0.02613669051754525,0.036374381089274134,0.022485492200385242,0.017635464982982168,0.021520329020906656
349,0.022952037878888085,0.02613669051754525,0.02613669051754525,0.036374381089274134,0.02526326997816302,0.02783954661563523,0.02138383644783537
390,0.022952037878888085,0.02613669051754525,0.02613669051754525,0.0280410477559408,0.019707714422607468,0.010832743894546793,0.02138383644783537
391,0.022952037878888085,0.02613669051754525,0.02613669051754525,0.019707714422607468,0.0280410477559408,0.034642267704070605,0.02202080178883472
396,0.022952037878888085,0.02613669051754525,0.02613669051754525,0.011374381089274133,0.01692993664482969,0.034642267704070605,0.02276392802000063
485,0.022952037878888085,0.02613669051754525,0.02613669051754525,0.036374381089274134,0.03359660331149635,0.021036825527199855,0.021399002289287733
509,0.022952037878888085,0.02613669051754525,0.02613669051754525,0.036374381089274134,0.030818825533718577,0.031240907159852914,0.021656821593977946
543,0.022952037878888085,0.02613669051754525,0.02613669051754525,0.011374381089274133,0.01692993664482969,0.02783954661563523,0.022824591385810094
625,0.022952037878888085,0.02613669051754525,0.02613669051754525,0.011374381089274133,0.022485492200385242,0.02783954661563523,0.022794259702905363
651,0.022952037878888085,0.02613669051754525,0.02613669051754525,0.044707714422607465,0.03359660331149635,0.024438186071417543,0.0214141681307401
665,0.022952037878888085,0.02613669051754525,0.02613669051754525,0.019707714422607468,0.02526326997816302,0.024438186071417543,0.021929806740120527
666,0.022952037878888085,0.02613669051754525,0.02613669051754525,0.019707714422607468,0.030818825533718577,0.031240907159852914,0.02155066070381139
669,0.022952037878888085,0.02613669051754525,0.02613669051754525,0.019707714422607468,0.0280410477559408,0.024438186071417543,0.0218539775328587
720,0.022952037878888085,0.02613669051754525,0.02613669051754525,0.044707714422607465,0.03359660331149635,0.04144498879250598,0.02211179683754891
727,0.022952037878888085,0.02613669051754525,0.02613669051754525,0.011374381089274133,0.0280410477559408,0.024438186071417543,0.022339284459334394
729,0.022952037878888085,0.02613669051754525,0.02613669051754525,0.0280410477559408,0.0280410477559408,0.021036825527199855,0.0218539775328587
745,0.022952037878888085,0.02613669051754525,0.02613669051754525,0.0280410477559408,0.019707714422607468,0.024438186071417543,0.021505163179454292
761,0.022952037878888085,0.02613669051754525,0.02613669051754525,0.036374381089274134,0.022485492200385242,0.024438186071417543,0.022005635947382356
794,0.022952037878888085,0.02613669051754525,0.02613669051754525,0.0280410477559408,0.022485492200385242,0.04144498879250598,0.02158099238671612
814,0.022952037878888085,0.02613669051754525,0.02613669051754525,0.019707714422607468,0.019707714422607468,0.02783954661563523,0.0214141681307401
829,0.022952037878888085,0.02613669051754525,0.02613669051754525,0.011374381089274133,0.01692993664482969,0.024438186071417543,0.02324923494647633
851,0.022952037878888085,0.02613669051754525,0.02613669051754525,0.036374381089274134,0.036374381089274134,0.031240907159852914,0.021671987435430314
889,0.022952037878888085,0.02613669051754525,0.02613669051754525,0.019707714422607468,0.02526326997816302,0.01423410443876448,0.021702319118335044
903,0.022952037878888085,0.02613669051754525,0.02613669051754525,0.044707714422607465,0.0280410477559408,0.017635464982982168,0.021505163179454292
937,0.022952037878888085,0.02613669051754525,0.02613669051754525,0.019707714422607468,0.019707714422607468,0.01423410443876448,0.021762982484144506
990,0.022952037878888085,0.02613669051754525,0.02613669051754525,0.019707714422607468,0.01692993664482969,0.031240907159852914,0.021747816642692142
003,0.022914135162526744,0.025504978578189598,0.025504978578189598,0.0280410477559408,0.022485492200385242,0.010832743894546793,0.021808480008501604
022,0.022914135162526744,0.025504978578189598,0.025504978578189598,0.0280410477559408,0.0280410477559408,0.031240907159852914,0.021611324069620852
046,0.022914135162526744,0.025504978578189598,0.025504978578189598,0.019707714422607468,0.0280410477559408,0.02783954661563523,0.021611324069620852
049,0.022914135162526744,0.025504978578189598,0.025504978578189598,0.011374381089274133,0.014152158867051911,0.01423410443876448,0.0236132151413331
097,0.022914135162526744,0.025504978578189598,0.025504978578189598,0.019707714422607468,0.03359660331149635,0.017635464982982168,0.02168715327688268
098,0.022914135162526744,0.025504978578189598,0.025504978578189598,0.019707714422607468,0.0280410477559408,0.031240907159852914,0.021399002289287733
121,0.022914135162526744,0.025504978578189598,0.025504978578189598,0.0280410477559408,0.019707714422607468,0.024438186071417543,0.02148999733800193
133,0.022914135162526744,0.025504978578189598,0.025504978578189598,0.019707714422607468,0.019707714422607468,0.021036825527199855,0.022081465154644184
168,0.022914135162526744,0.025504978578189598,0.025504978578189598,0.019707714422607468,0.02526326997816302,0.034642267704070605,0.021899475057215796
196,0.022914135162526744,0.025504978578189598,0.025504978578189598,0.036374381089274134,0.030818825533718577,0.021036825527199855,0.02148999733800193
225,0.022914135162526744,0.025504978578189598,0.025504978578189598,0.0280410477559408,0.022485492200385242,0.02783954661563523,0.021399002289287733
246,0.022914135162526744,0.025504978578189598,0.025504978578189598,0.019707714422607468,0.030818825533718577,0.021036825527199855,0.02155066070381139
277,0.022914135162526744,0.025504978578189598,0.025504978578189598,0.0280410477559408,0.0280410477559408,0.031240907159852914,0.021565826545263754
289,0.022914135162526744,0.025504978578189598,0.025504978578189598,0.011374381089274133,0.014152158867051911,0.031240907159852914,0.02355255177552364
302,0.022914135162526744,0.025504978578189598,0.025504978578189598,0.0280410477559408,0.019707714422607468,0.017635464982982168,0.021399002289287733
314,0.022914135162526744,0.025504978578189598,0.025504978578189598,0.036374381089274134,0.0280410477559408,0.024438186071417543,0.021535494862359023
389,0.022914135162526744,0.025504978578189598,0.025504978578189598,0.019707714422607468,0.022485492200385242,0.021036825527199855,0.0214141681307401
398,0.022914135162526744,0.025504978578189598,0.025504978578189598,0.019707714422607468,0.030818825533718577,0.024438186071417543,0.022248289410620202
417,0.022914135162526744,0.025504978578189598,0.025504978578189598,0.036374381089274134,0.030818825533718577,0.024438186071417543,0.021914640898668163
427,0.022914135162526744,0.025504978578189598,0.025504978578189598,0.0280410477559408,0.022485492200385242,0.04144498879250598,0.021702319118335044
435,0.022914135162526744,0.025504978578189598,0.025504978578189598,0.0280410477559408,0.02526326997816302,0.031240907159852914,0.021505163179454292
447,0.022914135162526744,0.025504978578189598,0.025504978578189598,0.011374381089274133,0.02526326997816302,0.02783954661563523,0.022339284459334394
450,0.022914135162526744,0.025504978578189598,0.025504978578189598,0.019707714422607468,0.019707714422607468,0.02783954661563523,0.0218539775328587
482,0.022914135162526744,0.025504978578189598,0.025504978578189598,0.011374381089274133,0.014152158867051911,0.02783954661563523,0.022642601288381706
559,0.022914135162526744,0.025504978578189598,0.025504978578189598,0.011374381089274133,0.019707714422607468,0.031240907159852914,0.02253644039821515
565,0.022914135162526744,0.025504978578189598,0.025504978578189598,0.0280410477559408,0.022485492200385242,0.017635464982982168,0.021671987435430314
568,0.022914135162526744,0.025504978578189598,0.025504978578189598,0.019707714422607468,0.0280410477559408,0.02783954661563523,0.02199047010592999
586,0.022914135162526744,0.025504978578189598,0.025504978578189598,0.0280410477559408,0.022485492200385242,0.03804362824828829,0.02221795772771547
595,0.022914135162526744,0.025504978578189598,0.025504978578189598,0.036374381089274134,0.030818825533718577,0.034642267704070605,0.021702319118335044
603,0.022914135162526744,0.025504978578189598,0.025504978578189598,0.0280410477559408,0.022485492200385242,0.017635464982982168,0.021747816642692142
609,0.022914135162526744,0.025504978578189598,0.025504978578189598,0.011374381089274133,0.019707714422607468,0.021036825527199855,0.023749707714404388
618,0.022914135162526744,0.025504978578189598,0.025504978578189598,0.0280410477559408,0.02526326997816302,0.02783954661563523,0.022202791886263108
636,0.022914135162526744,0.025504978578189598,0.025504978578189598,0.0280410477559408,0.02526326997816302,0.02783954661563523,0.021793314167049237
672,0.022914135162526744,0.025504978578189598,0.025504978578189598,0.019707714422607468,0.019707714422607468,0.017635464982982168,0.021399002289287733
679,0.022914135162526744,0.025504978578189598,0.025504978578189598,0.0280410477559408,0.022485492200385242,0.017635464982982168,0.021459665655097198
686,0.022914135162526744,0.025504978578189598,0.025504978578189598,0.019707714422607468,0.02526326997816302,0.017635464982982168,0.022051133471739454
688,0.022914135162526744,0.025504978578189598,0.025504978578189598,0.0280410477559408,0.0280410477559408,0.024438186071417543,0.022035967630287086
704,0.022914135162526744,0.025504978578189598,0.025504978578189598,0.044707714422607465,0.0280410477559408,0.021036825527199855,0.02148999733800193
710,0.022914135162526744,0.025504978578189598,0.025504978578189598,0.019707714422607468,0.022485492200385242,0.024438186071417543,0.022278621093524936
718,0.022914135162526744,0.025504978578189598,0.025504978578189598,0.036374381089274134,0.030818825533718577,0.024438186071417543,0.02144449981364483
740,0.022914135162526744,0.025504978578189598,0.025504978578189598,0.0280410477559408,0.03359660331149635,0.02783954661563523,0.021732650801239775
752,0.022914135162526744,0.025504978578189598,0.025504978578189598,0.0280410477559408,0.030818825533718577,0.017635464982982168,0.02138383644783537
764,0.022914135162526744,0.025504978578189598,0.025504978578189598,0.0280410477559408,0.03359660331149635,0.034642267704070605,0.02155066070381139
791,0.022914135162526744,0.025504978578189598,0.025504978578189598,0.0280410477559408,0.02526326997816302,0.017635464982982168,0.021778148325596873
799,0.022914135162526744,0.025504978578189598,0.025504978578189598,0.019707714422607468,0.022485492200385242,0.01423410443876448,0.021656821593977946
841,0.022914135162526744,0.025504978578189598,0.025504978578189598,0.0280410477559408,0.019707714422607468,0.031240907159852914,0.02144449981364483
844,0.022914135162526744,0.025504978578189598,0.025504978578189598,0.011374381089274133,0.022485492200385242,0.031240907159852914,0.02256677208111988
853,0.022914135162526744,0.025504978578189598,0.025504978578189598,0.044707714422607465,0.0280410477559408,0.031240907159852914,0.02158099238671612
869,0.022914135162526744,0.025504978578189598,0.025504978578189598,0.019707714422607468,0.0280410477559408,0.024438186071417543,0.022248289410620202
917,0.022914135162526744,0.025504978578189598,0.025504978578189598,0.0280410477559408,0.03359660331149635,0.02783954661563523,0.021459665655097198
936,0.022914135162526744,0.025504978578189598,0.025504978578189598,0.019707714422607468,0.022485492200385242,0.021036825527199855,0.02215729436190601
946,0.022914135162526744,0.025504978578189598,0.025504978578189598,0.0280410477559408,0.022485492200385242,0.017635464982982168,0.02147483149654956
959,0.022914135162526744,0.025504978578189598,0.025504978578189598,0.036374381089274134,0.036374381089274134,0.02783954661563523,0.021535494862359023
966,0.022914135162526744,0.025504978578189598,0.025504978578189598,0.0280410477559408,0.01692993664482969,0.017635464982982168,0.0214141681307401
014,0.022876232446165407,0.024873266638833942,0.024873266638833942,0.019707714422607468,0.022485492200385242,0.021036825527199855,0.022066299313191817
028,0.022876232446165407,0.024873266638833942,0.024873266638833942,0.036374381089274134,0.022485492200385242,0.031240907159852914,0.021747816642692142
087,0.022876232446165407,0.024873266638833942,0.024873266638833942,0.019707714422607468,0.022485492200385242,0.031240907159852914,0.021732650801239775
125,0.022876232446165407,0.024873266638833942,0.024873266638833942,0.019707714422607468,0.0280410477559408,0.024438186071417543,0.02226345525207257
159,0.022876232446165407,0.024873266638833942,0.024873266638833942,0.019707714422607468,0.019707714422607468,0.034642267704070605,0.021565826545263754
174,0.022876232446165407,0.024873266638833942,0.024873266638833942,0.011374381089274133,0.02526326997816302,0.024438186071417543,0.022490942873858052
205,0.022876232446165407,0.024873266638833942,0.024873266638833942,0.019707714422607468,0.0280410477559408,0.024438186071417543,0.021656821593977946
215,0.022876232446165407,0.024873266638833942,0.024873266638833942,0.011374381089274133,0.01692993664482969,0.024438186071417543,0.022748762178548265
264,0.022876232446165407,0.024873266638833942,0.024873266638833942,0.036374381089274134,0.022485492200385242,0.017635464982982168,0.021611324069620852
297,0.022876232446165407,0.024873266638833942,0.024873266638833942,0.019707714422607468,0.01692993664482969,0.021036825527199855,0.021399002289287733
299,0.022876232446165407,0.024873266638833942,0.024873266638833942,0.0530410477559408,0.030818825533718577,0.034642267704070605,0.021762982484144506
300,0.022876232446165407,0.024873266638833942,0.024873266638833942,0.044707714422607465,0.02526326997816302,0.02783954661563523,0.021535494862359023
310,0.022876232446165407,0.024873266638833942,0.024873266638833942,0.0280410477559408,0.019707714422607468,0.021036825527199855,0.022187626044810744
312,0.022876232446165407,0.024873266638833942,0.024873266638833942,0.011374381089274133,0.019707714422607468,0.021036825527199855,0.02303691316614321
322,0.022876232446165407,0.024873266638833942,0.024873266638833942,0.0530410477559408,0.0280410477559408,0.017635464982982168,0.021429333972192464
339,0.022876232446165407,0.024873266638833942,0.024873266638833942,0.036374381089274134,0.02526326997816302,0.017635464982982168,0.021626489911073216
365,0.022876232446165407,0.024873266638833942,0.024873266638833942,0.0280410477559408,0.02526326997816302,0.01423410443876448,0.021459665655097198
368,0.022876232446165407,0.024873266638833942,0.024873266638833942,0.019707714422607468,0.0280410477559408,0.02783954661563523,0.021459665655097198
379,0.022876232446165407,0.024873266638833942,0.024873266638833942,0.0280410477559408,0.02526326997816302,0.017635464982982168,0.02155066070381139
442,0.022876232446165407,0.024873266638833942,0.024873266638833942,0.019707714422607468,0.030818825533718577,0.021036825527199855,0.022187626044810744
460,0.022876232446165407,0.024873266638833942,0.024873266638833942,0.0280410477559408,0.0280410477559408,0.024438186071417543,0.021732650801239775
461,0.022876232446165407,0.024873266638833942,0.024873266638833942,0.011374381089274133,0.022485492200385242,0.017635464982982168,0.022521274556762783
517,0.022876232446165407,0.024873266638833942,0.024873266638833942,0.0280410477559408,0.02526326997816302,0.021036825527199855,0.02196013842302526
569,0.022876232446165407,0.024873266638833942,0.024873266638833942,0.0280410477559408,0.030818825533718577,0.024438186071417543,0.02148999733800193
582,0.022876232446165407,0.024873266638833942,0.024873266638833942,0.011374381089274133,0.0280410477559408,0.021036825527199855,0.022445445349500954
594,0.022876232446165407,0.024873266638833942,0.024873266638833942,0.0280410477559408,0.019707714422607468,0.031240907159852914,0.021869143374311065
601,0.022876232446165407,0.024873266638833942,0.024873266638833942,0.0280410477559408,0.022485492200385242,0.024438186071417543,0.02188430921576343
605,0.022876232446165407,0.024873266638833942,0.024873266638833942,0.019707714422607468,0.03359660331149635,0.02783954661563523,0.021808480008501604
627,0.022876232446165407,0.024873266638833942,0.024873266638833942,0.011374381089274133,0.022485492200385242,0.021036825527199855,0.02235445030078676
652,0.022876232446165407,0.024873266638833942,0.024873266638833942,0.0280410477559408,0.022485492200385242,0.024438186071417543,0.021626489911073216
683,0.022876232446165407,0.024873266638833942,0.024873266638833942,0.0280410477559408,0.02526326997816302,0.024438186071417543,0.021565826545263754
689,0.022876232446165407,0.024873266638833942,0.024873266638833942,0.036374381089274134,0.0280410477559408,0.031240907159852914,0.021459665655097198
690,0.022876232446165407,0.024873266638833942,0.024873266638833942,0.019707714422607468,0.02526326997816302,0.024438186071417543,0.021565826545263754
705,0.022876232446165407,0.024873266638833942,0.024873266638833942,0.036374381089274134,0.02526326997816302,0.021036825527199855,0.02168715327688268
735,0.022876232446165407,0.024873266638833942,0.024873266638833942,0.0280410477559408,0.02526326997816302,0.031240907159852914,0.02148999733800193
736,0.022876232446165407,0.024873266638833942,0.024873266638833942,0.0280410477559408,0.019707714422607468,0.021036825527199855,0.021520329020906656
766,0.022876232446165407,0.024873266638833942,0.024873266638833942,0.011374381089274133,0.014152158867051911,0.024438186071417543,0.023795205238761486
772,0.022876232446165407,0.024873266638833942,0.024873266638833942,0.036374381089274134,0.0280410477559408,0.024438186071417543,0.021565826545263754
850,0.022876232446165407,0.024873266638833942,0.024873266638833942,0.019707714422607468,0.022485492200385242,0.034642267704070605,0.022202791886263108
876,0.022876232446165407,0.024873266638833942,0.024873266638833942,0.0280410477559408,0.02526326997816302,0.02783954661563523,0.021793314167049237
877,0.022876232446165407,0.024873266638833942,0.024873266638833942,0.019707714422607468,0.02526326997816302,0.024438186071417543,0.02226345525207257
887,0.022876232446165407,0.024873266638833942,0.024873266638833942,0.019707714422607468,0.022485492200385242,0.02783954661563523,0.02223312356916784
891,0.022876232446165407,0.024873266638833942,0.024873266638833942,0.0280410477559408,0.03359660331149635,0.021036825527199855,0.021429333972192464
904,0.022876232446165407,0.024873266638833942,0.024873266638833942,0.011374381089274133,0.01692993664482969,0.021036825527199855,0.0222937869349773
908,0.022876232446165407,0.024873266638833942,0.024873266638833942,0.0280410477559408,0.019707714422607468,0.02783954661563523,0.021429333972192464
913,0.022876232446165407,0.024873266638833942,0.024873266638833942,0.019707714422607468,0.0280410477559408,0.024438186071417543,0.021869143374311065
927,0.022876232446165407,0.024873266638833942,0.024873266638833942,0.011374381089274133,0.030818825533718577,0.024438186071417543,0.022976249800333748
933,0.022876232446165407,0.024873266638833942,0.024873266638833942,0.0280410477559408,0.02526326997816302,0.024438186071417543,0.02144449981364483
938,0.022876232446165407,0.024873266638833942,0.024873266638833942,0.0280410477559408,0.0280410477559408,0.031240907159852914,0.021975304264477625
949,0.022876232446165407,0.024873266638833942,0.024873266638833942,0.036374381089274134,0.030818825533718577,0.031240907159852914,0.021429333972192464
956,0.022876232446165407,0.024873266638833942,0.024873266638833942,0.036374381089274134,0.0280410477559408,0.021036825527199855,0.021429333972192464
989,0.022876232446165407,0.024873266638833942,0.024873266638833942,0.019707714422607468,0.0280410477559408,0.017635464982982168,0.021626489911073216
023,0.022838329729804065,0.02424155469947829,0.02424155469947829,0.019707714422607468,0.022485492200385242,0.017635464982982168,0.02196013842302526
034,0.022838329729804065,0.02424155469947829,0.02424155469947829,0.019707714422607468,0.022485492200385242,0.034642267704070605,0.02211179683754891
074,0.022838329729804065,0.02424155469947829,0.02424155469947829,0.036374381089274134,0.030818825533718577,0.034642267704070605,0.02202080178883472
075,0.022838329729804065,0.02424155469947829,0.02424155469947829,0.019707714422607468,0.02526326997816302,0.034642267704070605,0.02159615822816849
106,0.022838329729804065,0.02424155469947829,0.02424155469947829,0.019707714422607468,0.030818825533718577,0.034642267704070605,0.02211179683754891
140,0.022838329729804065,0.02424155469947829,0.02424155469947829,0.019707714422607468,0.019707714422607468,0.017635464982982168,0.021399002289287733
150,0.022838329729804065,0.02424155469947829,0.02424155469947829,0.0280410477559408,0.030818825533718577,0.02783954661563523,0.021793314167049237
162,0.022838329729804065,0.02424155469947829,0.02424155469947829,0.0280410477559408,0.022485492200385242,0.010832743894546793,0.022142128520453646
175,0.022838329729804065,0.02424155469947829,0.02424155469947829,0.019707714422607468,0.022485492200385242,0.024438186071417543,0.021399002289287733
183,0.022838329729804065,0.02424155469947829,0.02424155469947829,0.0280410477559408,0.030818825533718577,0.024438186071417543,0.021611324069620852
190,0.022838329729804065,0.02424155469947829,0.02424155469947829,0.011374381089274133,0.01692993664482969,0.02783954661563523,0.02267293297128644
202,0.022838329729804065,0.02424155469947829,0.02424155469947829,0.019707714422607468,0.02526326997816302,0.021036825527199855,0.022202791886263108
228,0.022838329729804065,0.02424155469947829,0.02424155469947829,0.019707714422607468,0.022485492200385242,0.017635464982982168,0.021656821593977946
236,0.022838329729804065,0.02424155469947829,0.02424155469947829,0.036374381089274134,0.02526326997816302,0.02783954661563523,0.021944972581572894
252,0.022838329729804065,0.02424155469947829,0.02424155469947829,0.019707714422607468,0.03359660331149635,0.02783954661563523,0.02199047010592999
260,0.022838329729804065,0.02424155469947829,0.02424155469947829,0.019707714422607468,0.022485492200385242,0.01423410443876448,0.021459665655097198
270,0.022838329729804065,0.02424155469947829,0.02424155469947829,0.0280410477559408,0.022485492200385242,0.024438186071417543,0.02182364584995397
278,0.022838329729804065,0.02424155469947829,0.02424155469947829,0.019707714422607468,0.030818825533718577,0.021036825527199855,0.022096630996096548
308,0.022838329729804065,0.02424155469947829,0.02424155469947829,0.019707714422607468,0.019707714422607468,0.024438186071417543,0.022142128520453646
316,0.022838329729804065,0.02424155469947829,0.02424155469947829,0.0280410477559408,0.022485492200385242,0.021036825527199855,0.021535494862359023
317,0.022838329729804065,0.02424155469947829,0.02424155469947829,0.019707714422607468,0.022485492200385242,0.017635464982982168,0.02212696267900128
353,0.022838329729804065,0.02424155469947829,0.02424155469947829,0.019707714422607468,0.022485492200385242,0.034642267704070605,0.021793314167049237
360,0.022838329729804065,0.02424155469947829,0.02424155469947829,0.0280410477559408,0.0280410477559408,0.031240907159852914,0.021656821593977946
382,0.022838329729804065,0.02424155469947829,0.02424155469947829,0.019707714422607468,0.0280410477559408,0.021036825527199855,0.021459665655097198
383,0.022838329729804065,0.02424155469947829,0.02424155469947829,0.0530410477559408,0.030818825533718577,0.024438186071417543,0.021535494862359023
392,0.022838329729804065,0.02424155469947829,0.02424155469947829,0.019707714422607468,0.0280410477559408,0.031240907159852914,0.021520329020906656
402,0.022838329729804065,0.02424155469947829,0.02424155469947829,0.0280410477559408,0.022485492200385242,0.02783954661563523,0.021671987435430314
431,0.022838329729804065,0.02424155469947829,0.02424155469947829,0.011374381089274133,0.011374381089274133,0.024438186071417543,0.02411368790926116
463,0.022838329729804065,0.02424155469947829,0.02424155469947829,0.011374381089274133,0.022485492200385242,0.024438186071417543,0.022308952776429667
489,0.022838329729804065,0.02424155469947829,0.02424155469947829,0.019707714422607468,0.019707714422607468,0.017635464982982168,0.021641655752525583
490,0.022838329729804065,0.02424155469947829,0.02424155469947829,0.019707714422607468,0.030818825533718577,0.021036825527199855,0.02148999733800193
508,0.022838329729804065,0.02424155469947829,0.02424155469947829,0.019707714422607468,0.019707714422607468,0.021036825527199855,0.02212696267900128
510,0.022838329729804065,0.02424155469947829,0.02424155469947829,0.0280410477559408,0.03359660331149635,0.02783954661563523,0.021975304264477625
542,0.022838329729804065,0.02424155469947829,0.02424155469947829,0.0280410477559408,0.0280410477559408,0.021036825527199855,0.02182364584995397
545,0.022838329729804065,0.02424155469947829,0.02424155469947829,0.019707714422607468,0.02526326997816302,0.02783954661563523,0.02144449981364483
557,0.022838329729804065,0.02424155469947829,0.02424155469947829,0.036374381089274134,0.022485492200385242,0.02783954661563523,0.021429333972192464
566,0.022838329729804065,0.02424155469947829,0.02424155469947829,0.0280410477559408,0.02526326997816302,0.031240907159852914,0.02144449981364483
567,0.022838329729804065,0.02424155469947829,0.02424155469947829,0.044707714422607465,0.030818825533718577,0.01423410443876448,0.021505163179454292
579,0.022838329729804065,0.02424155469947829,0.02424155469947829,0.019707714422607468,0.02526326997816302,0.02783954661563523,0.021656821593977946
597,0.022838329729804065,0.02424155469947829,0.02424155469947829,0.019707714422607468,0.01692993664482969,0.024438186071417543,0.022142128520453646
610,0.022838329729804065,0.02424155469947829,0.02424155469947829,0.0280410477559408,0.022485492200385242,0.02783954661563523,0.021838811691406335
615,0.022838329729804065,0.02424155469947829,0.02424155469947829,0.019707714422607468,0.022485492200385242,0.02783954661563523,0.021505163179454292
632,0.022838329729804065,0.02424155469947829,0.02424155469947829,0.011374381089274133,0.01692993664482969,0.02783954661563523,0.022597103764024608
659,0.022838329729804065,0.02424155469947829,0.02424155469947829,0.011374381089274133,0.014152158867051911,0.024438186071417543,0.022945918117429014
726,0.022838329729804065,0.02424155469947829,0.02424155469947829,0.019707714422607468,0.02526326997816302,0.031240907159852914,0.0218539775328587
748,0.022838329729804065,0.02424155469947829,0.02424155469947829,0.036374381089274134,0.03359660331149635,0.021036825527199855,0.021459665655097198
801,0.022838329729804065,0.02424155469947829,0.02424155469947829,0.019707714422607468,0.019707714422607468,0.021036825527199855,0.02223312356916784
804,0.022838329729804065,0.02424155469947829,0.02424155469947829,0.019707714422607468,0.022485492200385242,0.024438186071417543,0.021671987435430314
816,0.022838329729804065,0.02424155469947829,0.02424155469947829,0.011374381089274133,0.014152158867051911,0.02783954661563523,0.022870088910167192
862,0.022838329729804065,0.02424155469947829,0.02424155469947829,0.036374381089274134,0.019707714422607468,0.017635464982982168,0.0218539775328587
866,0.022838329729804065,0.02424155469947829,0.02424155469947829,0.011374381089274133,0.022485492200385242,0.031240907159852914,0.022384781983691492
883,0.022838329729804065,0.02424155469947829,0.02424155469947829,0.011374381089274133,0.019707714422607468,0.010832743894546793,0.02256677208111988
888,0.022838329729804065,0.02424155469947829,0.02424155469947829,0.036374381089274134,0.0280410477559408,0.03804362824828829,0.021778148325596873
892,0.022838329729804065,0.02424155469947829,0.02424155469947829,0.0280410477559408,0.030818825533718577,0.024438186071417543,0.02138383644783537
923,0.022838329729804065,0.02424155469947829,0.02424155469947829,0.019707714422607468,0.019707714422607468,0.017635464982982168,0.022278621093524936
930,0.022838329729804065,0.02424155469947829,0.02424155469947829,0.019707714422607468,0.02526326997816302,0.017635464982982168,0.022035967630287086
931,0.022838329729804065,0.02424155469947829,0.02424155469947829,0.036374381089274134,0.0280410477559408,0.024438186071417543,0.021747816642692142
939,0.022838329729804065,0.02424155469947829,0.02424155469947829,0.0280410477559408,0.030818825533718577,0.021036825527199855,0.021869143374311065
943,0.022838329729804065,0.02424155469947829,0.02424155469947829,0.0280410477559408,0.019707714422607468,0.021036825527199855,0.02182364584995397
965,0.022838329729804065,0.02424155469947829,0.02424155469947829,0.0280410477559408,0.02526326997816302,0.021036825527199855,0.02138383644783537
974,0.022838329729804065,0.02424155469947829,0.02424155469947829,0.0280410477559408,0.022485492200385242,0.034642267704070605,0.021611324069620852
982,0.022838329729804065,0.02424155469947829,0.02424155469947829,0.0280410477559408,0.030818825533718577,0.02783954661563523,0.022142128520453646
986,0.022838329729804065,0.02424155469947829,0.02424155469947829,0.0280410477559408,0.02526326997816302,0.017635464982982168,0.021762982484144506
996,0.022838329729804065,0.02424155469947829,0.02424155469947829,0.019707714422607468,0.019707714422607468,0.02783954661563523,0.02158099238671612
997,0.022838329729804065,0.02424155469947829,0.02424155469947829,0.011374381089274133,0.019707714422607468,0.034642267704070605,0.023355395836642884
009,0.022800427013442728,0.023609842760122634,0.023609842760122634,0.019707714422607468,0.01692993664482969,0.021036825527199855,0.02221795772771547
010,0.022800427013442728,0.023609842760122634,0.023609842760122634,0.019707714422607468,0.02526326997816302,0.034642267704070605,0.0214141681307401
036,0.022800427013442728,0.023609842760122634,0.023609842760122634,0.011374381089274133,0.014152158867051911,0.024438186071417543,0.023006581483238482
047,0.022800427013442728,0.023609842760122634,0.023609842760122634,0.011374381089274133,0.014152158867051911,0.024438186071417543,0.023522220092618906
071,0.022800427013442728,0.023609842760122634,0.023609842760122634,0.019707714422607468,0.019707714422607468,0.01423410443876448,0.02155066070381139
099,0.022800427013442728,0.023609842760122634,0.023609842760122634,0.0280410477559408,0.022485492200385242,0.02783954661563523,0.021535494862359023
110,0.022800427013442728,0.023609842760122634,0.023609842760122634,0.0280410477559408,0.022485492200385242,0.034642267704070605,0.021429333972192464
116,0.022800427013442728,0.023609842760122634,0.023609842760122634,0.011374381089274133,0.01692993664482969,0.024438186071417543,0.0231734057392145
164,0.022800427013442728,0.023609842760122634,0.023609842760122634,0.0280410477559408,0.019707714422607468,0.01423410443876448,0.02159615822816849
173,0.022800427013442728,0.023609842760122634,0.023609842760122634,0.019707714422607468,0.0280410477559408,0.02783954661563523,0.021914640898668163
177,0.022800427013442728,0.023609842760122634,0.023609842760122634,0.019707714422607468,0.0280410477559408,0.02783954661563523,0.021838811691406335
216,0.022800427013442728,0.023609842760122634,0.023609842760122634,0.019707714422607468,0.01692993664482969,0.024438186071417543,0.0218539775328587
249,0.022800427013442728,0.023609842760122634,0.023609842760122634,0.0280410477559408,0.0280410477559408,0.024438186071417543,0.021671987435430314
251,0.022800427013442728,0.023609842760122634,0.023609842760122634,0.019707714422607468,0.02526326997816302,0.010832743894546793,0.022051133471739454
257,0.022800427013442728,0.023609842760122634,0.023609842760122634,0.019707714422607468,0.019707714422607468,0.01423410443876448,0.02171748495978741
263,0.022800427013442728,0.023609842760122634,0.023609842760122634,0.019707714422607468,0.02526326997816302,0.010832743894546793,0.0218539775328587
268,0.022800427013442728,0.023609842760122634,0.023609842760122634,0.036374381089274134,0.02526326997816302,0.01423410443876448,0.02144449981364483
291,0.022800427013442728,0.023609842760122634,0.023609842760122634,0.011374381089274133,0.019707714422607468,0.02783954661563523,0.022657767129834073
306,0.022800427013442728,0.023609842760122634,0.023609842760122634,0.011374381089274133,0.01692993664482969,0.021036825527199855,0.02303691316614321
321,0.022800427013442728,0.023609842760122634,0.023609842760122634,0.0280410477559408,0.0280410477559408,0.02783954661563523,0.02148999733800193
330,0.022800427013442728,0.023609842760122634,0.023609842760122634,0.011374381089274133,0.022485492200385242,0.024438186071417543,0.023097576531952674
335,0.022800427013442728,0.023609842760122634,0.023609842760122634,0.019707714422607468,0.022485492200385242,0.031240907159852914,0.02196013842302526
352,0.022800427013442728,0.023609842760122634,0.023609842760122634,0.0280410477559408,0.030818825533718577,0.034642267704070605,0.021671987435430314
380,0.022800427013442728,0.023609842760122634,0.023609842760122634,0.011374381089274133,0.014152158867051911,0.024438186071417543,0.023658712665690196
381,0.022800427013442728,0.023609842760122634,0.023609842760122634,0.0280410477559408,0.0280410477559408,0.01423410443876448,0.022096630996096548
399,0.022800427013442728,0.023609842760122634,0.023609842760122634,0.0280410477559408,0.019707714422607468,0.021036825527199855,0.02148999733800193
403,0.022800427013442728,0.023609842760122634,0.023609842760122634,0.0280410477559408,0.019707714422607468,0.021036825527199855,0.0214141681307401
423,0.022800427013442728,0.023609842760122634,0.023609842760122634,0.011374381089274133,0.01692993664482969,0.021036825527199855,0.022612269605476975
429,0.022800427013442728,0.023609842760122634,0.023609842760122634,0.036374381089274134,0.0280410477559408,0.017635464982982168,0.0214141681307401
430,0.022800427013442728,0.023609842760122634,0.023609842760122634,0.019707714422607468,0.022485492200385242,0.034642267704070605,0.02147483149654956
438,0.022800427013442728,0.023609842760122634,0.023609842760122634,0.036374381089274134,0.0280410477559408,0.021036825527199855,0.02159615822816849
446,0.022800427013442728,0.023609842760122634,0.023609842760122634,0.0530410477559408,0.0280410477559408,0.017635464982982168,0.021520329020906656
449,0.022800427013442728,0.023609842760122634,0.023609842760122634,0.0280410477559408,0.02526326997816302,0.017635464982982168,0.02159615822816849
468,0.022800427013442728,0.023609842760122634,0.023609842760122634,0.036374381089274134,0.0280410477559408,0.017635464982982168,0.021762982484144506
471,0.022800427013442728,0.023609842760122634,0.023609842760122634,0.011374381089274133,0.019707714422607468,0.034642267704070605,0.022612269605476975
488,0.022800427013442728,0.023609842760122634,0.023609842760122634,0.011374381089274133,0.011374381089274133,0.02783954661563523,0.02411368790926116
519,0.022800427013442728,0.023609842760122634,0.023609842760122634,0.0280410477559408,0.022485492200385242,0.024438186071417543,0.0214141681307401
540,0.022800427013442728,0.023609842760122634,0.023609842760122634,0.0280410477559408,0.02526326997816302,0.017635464982982168,0.02182364584995397
553,0.022800427013442728,0.023609842760122634,0.023609842760122634,0.0280410477559408,0.022485492200385242,0.017635464982982168,0.02168715327688268
577,0.022800427013442728,0.023609842760122634,0.023609842760122634,0.011374381089274133,0.014152158867051911,0.021036825527199855,0.023294732470833423
583,0.022800427013442728,0.023609842760122634,0.023609842760122634,0.0280410477559408,0.02526326997816302,0.024438186071417543,0.02188430921576343
602,0.022800427013442728,0.023609842760122634,0.023609842760122634,0.019707714422607468,0.01692993664482969,0.01423410443876448,0.021641655752525583
642,0.022800427013442728,0.023609842760122634,0.023609842760122634,0.0280410477559408,0.019707714422607468,0.024438186071417543,0.021505163179454292
654,0.022800427013442728,0.023609842760122634,0.023609842760122634,0.0280410477559408,0.030818825533718577,0.017635464982982168,0.021929806740120527
668,0.022800427013442728,0.023609842760122634,0.023609842760122634,0.019707714422607468,0.01692993664482969,0.034642267704070605,0.021535494862359023
696,0.022800427013442728,0.023609842760122634,0.023609842760122634,0.019707714422607468,0.019707714422607468,0.017635464982982168,0.022081465154644184
698,0.022800427013442728,0.023609842760122634,0.023609842760122634,0.019707714422607468,0.01692993664482969,0.021036825527199855,0.021838811691406335
709,0.022800427013442728,0.023609842760122634,0.023609842760122634,0.019707714422607468,0.019707714422607468,0.034642267704070605,0.02138383644783537
712,0.022800427013442728,0.023609842760122634,0.023609842760122634,0.011374381089274133,0.022485492200385242,0.017635464982982168,0.022885254751619555
716,0.022800427013442728,0.023609842760122634,0.023609842760122634,0.011374381089274133,0.01692993664482969,0.031240907159852914,0.023325064153738157
732,0.022800427013442728,0.023609842760122634,0.023609842760122634,0.036374381089274134,0.0280410477559408,0.02783954661563523,0.021535494862359023
738,0.022800427013442728,0.023609842760122634,0.023609842760122634,0.036374381089274134,0.02526326997816302,0.021036825527199855,0.021505163179454292
755,0.022800427013442728,0.023609842760122634,0.023609842760122634,0.011374381089274133,0.022485492200385242,0.024438186071417543,0.022703264654191167
770,0.022800427013442728,0.023609842760122634,0.023609842760122634,0.0280410477559408,0.019707714422607468,0.021036825527199855,0.021778148325596873
775,0.022800427013442728,0.023609842760122634,0.023609842760122634,0.019707714422607468,0.01692993664482969,0.021036825527199855,0.022278621093524936
782,0.022800427013442728,0.023609842760122634,0.023609842760122634,0.019707714422607468,0.014152158867051911,0.034642267704070605,0.021626489911073216
800,0.022800427013442728,0.023609842760122634,0.023609842760122634,0.0280410477559408,0.01692993664482969,0.01423410443876448,0.021732650801239775
817,0.022800427013442728,0.023609842760122634,0.023609842760122634,0.044707714422607465,0.036374381089274134,0.017635464982982168,0.021914640898668163
819,0.022800427013442728,0.023609842760122634,0.023609842760122634,0.019707714422607468,0.022485492200385242,0.021036825527199855,0.022005635947382356
840,0.022800427013442728,0.023609842760122634,0.023609842760122634,0.011374381089274133,0.02526326997816302,0.024438186071417543,0.022339284459334394
857,0.022800427013442728,0.023609842760122634,0.023609842760122634,0.011374381089274133,0.01692993664482969,0.021036825527199855,0.022885254751619555
858,0.022800427013442728,0.023609842760122634,0.023609842760122634,0.011374381089274133,0.019707714422607468,0.021036825527199855,0.02235445030078676
873,0.022800427013442728,0.023609842760122634,0.023609842760122634,0.036374381089274134,0.019707714422607468,0.01423410443876448,0.0214141681307401
882,0.022800427013442728,0.023609842760122634,0.023609842760122634,0.011374381089274133,0.011374381089274133,0.01423410443876448,0.02411368790926116
896,0.022800427013442728,0.023609842760122634,0.023609842760122634,0.044707714422607465,0.0280410477559408,0.021036825527199855,0.02138383644783537
897,0.022800427013442728,0.023609842760122634,0.023609842760122634,0.0280410477559408,0.0280410477559408,0.021036825527199855,0.021808480008501604
909,0.022800427013442728,0.023609842760122634,0.023609842760122634,0.019707714422607468,0.0280410477559408,0.02783954661563523,0.02211179683754891
950,0.022800427013442728,0.023609842760122634,0.023609842760122634,0.0280410477559408,0.022485492200385242,0.034642267704070605,0.022081465154644184
962,0.022800427013442728,0.023609842760122634,0.023609842760122634,0.036374381089274134,0.02526326997816302,0.01423410443876448,0.021656821593977946
993,0.022800427013442728,0.023609842760122634,0.023609842760122634,0.0280410477559408,0.022485492200385242,0.021036825527199855,0.021732650801239775
001,0.022762524297081387,0.02297813082076698,0.02297813082076698,0.0280410477559408,0.0280410477559408,0.024438186071417543,0.021399002289287733
020,0.022762524297081387,0.02297813082076698,0.02297813082076698,0.036374381089274134,0.019707714422607468,0.024438186071417543,0.02159615822816849
044,0.022762524297081387,0.02297813082076698,0.02297813082076698,0.0280410477559408,0.0280410477559408,0.024438186071417543,0.02147483149654956
045,0.022762524297081387,0.02297813082076698,0.02297813082076698,0.011374381089274133,0.019707714422607468,0.024438186071417543,0.02239994782514386
054,0.022762524297081387,0.02297813082076698,0.02297813082076698,0.019707714422607468,0.0280410477559408,0.017635464982982168,0.02212696267900128
076,0.022762524297081387,0.02297813082076698,0.02297813082076698,0.011374381089274133,0.022485492200385242,0.02783954661563523,0.022809425544357727
086,0.022762524297081387,0.02297813082076698,0.02297813082076698,0.0280410477559408,0.02526326997816302,0.01423410443876448,0.021535494862359023
109,0.022762524297081387,0.02297813082076698,0.02297813082076698,0.0280410477559408,0.022485492200385242,0.021036825527199855,0.021505163179454292
126,0.022762524297081387,0.02297813082076698,0.02297813082076698,0.036374381089274134,0.022485492200385242,0.02783954661563523,0.021656821593977946
136,0.022762524297081387,0.02297813082076698,0.02297813082076698,0.0280410477559408,0.02526326997816302,0.034642267704070605,0.02158099238671612
155,0.022762524297081387,0.02297813082076698,0.02297813082076698,0.036374381089274134,0.030818825533718577,0.031240907159852914,0.0214141681307401
157,0.022762524297081387,0.02297813082076698,0.02297813082076698,0.019707714422607468,0.022485492200385242,0.024438186071417543,0.021778148325596873
161,0.022762524297081387,0.02297813082076698,0.02297813082076698,0.011374381089274133,0.014152158867051911,0.024438186071417543,0.023992361177642238
172,0.022762524297081387,0.02297813082076698,0.02297813082076698,0.036374381089274134,0.022485492200385242,0.024438186071417543,0.021565826545263754
198,0.022762524297081387,0.02297813082076698,0.02297813082076698,0.036374381089274134,0.036374381089274134,0.021036825527199855,0.021565826545263754
240,0.022762524297081387,0.02297813082076698,0.02297813082076698,0.0280410477559408,0.022485492200385242,0.024438186071417543,0.021656821593977946
248,0.022762524297081387,0.02297813082076698,0.02297813082076698,0.011374381089274133,0.014152158867051911,0.017635464982982168,0.022748762178548265
265,0.022762524297081387,0.02297813082076698,0.02297813082076698,0.019707714422607468,0.0280410477559408,0.02783954661563523,0.022051133471739454
273,0.022762524297081387,0.02297813082076698,0.02297813082076698,0.019707714422607468,0.019707714422607468,0.024438186071417543,0.022202791886263108
279,0.022762524297081387,0.02297813082076698,0.02297813082076698,0.019707714422607468,0.019707714422607468,0.024438186071417543,0.02147483149654956
283,0.022762524297081387,0.02297813082076698,0.02297813082076698,0.019707714422607468,0.02526326997816302,0.01423410443876448,0.022096630996096548
301,0.022762524297081387,0.02297813082076698,0.02297813082076698,0.011374381089274133,0.011374381089274133,0.034642267704070605,0.02411368790926116
307,0.022762524297081387,0.02297813082076698,0.02297813082076698,0.011374381089274133,0.02526326997816302,0.02783954661563523,0.022885254751619555
311,0.022762524297081387,0.02297813082076698,0.02297813082076698,0.011374381089274133,0.01692993664482969,0.031240907159852914,0.02359804929988073
331,0.022762524297081387,0.02297813082076698,0.02297813082076698,0.011374381089274133,0.02526326997816302,0.021036825527199855,0.022597103764024608
340,0.022762524297081387,0.02297813082076698,0.02297813082076698,0.019707714422607468,0.02526326997816302,0.010832743894546793,0.02182364584995397
348,0.022762524297081387,0.02297813082076698,0.02297813082076698,0.019707714422607468,0.019707714422607468,0.021036825527199855,0.021399002289287733
371,0.022762524297081387,0.02297813082076698,0.02297813082076698,0.0280410477559408,0.019707714422607468,0.017635464982982168,0.021641655752525583
375,0.022762524297081387,0.02297813082076698,0.02297813082076698,0.011374381089274133,0.01692993664482969,0.017635464982982168,0.022475777032405685
407,0.022762524297081387,0.02297813082076698,0.02297813082076698,0.011374381089274133,0.022485492200385242,0.024438186071417543,0.022824591385810094
413,0.022762524297081387,0.02297813082076698,0.02297813082076698,0.011374381089274133,0.02526326997816302,0.021036825527199855,0.022597103764024608
416,0.022762524297081387,0.02297813082076698,0.02297813082076698,0.0280410477559408,0.022485492200385242,0.017635464982982168,0.02144449981364483
437,0.022762524297081387,0.02297813082076698,0.02297813082076698,0.036374381089274134,0.0280410477559408,0.024438186071417543,0.0214141681307401
441,0.022762524297081387,0.02297813082076698,0.02297813082076698,0.019707714422607468,0.0280410477559408,0.031240907159852914,0.021747816642692142
452,0.022762524297081387,0.02297813082076698,0.02297813082076698,0.0280410477559408,0.0280410477559408,0.017635464982982168,0.021869143374311065
462,0.022762524297081387,0.02297813082076698,0.02297813082076698,0.036374381089274134,0.019707714422607468,0.017635464982982168,0.021656821593977946
465,0.022762524297081387,0.02297813082076698,0.02297813082076698,0.019707714422607468,0.022485492200385242,0.021036825527199855,0.02147483149654956
472,0.022762524297081387,0.02297813082076698,0.02297813082076698,0.036374381089274134,0.02526326997816302,0.02783954661563523,0.02188430921576343
478,0.022762524297081387,0.02297813082076698,0.02297813082076698,0.019707714422607468,0.01692993664482969,0.021036825527199855,0.021626489911073216
516,0.022762524297081387,0.02297813082076698,0.02297813082076698,0.044707714422607465,0.0280410477559408,0.021036825527199855,0.021762982484144506
530,0.022762524297081387,0.02297813082076698,0.02297813082076698,0.044707714422607465,0.02526326997816302,0.024438186071417543,0.02147483149654956
539,0.022762524297081387,0.02297813082076698,0.02297813082076698,0.0280410477559408,0.01692993664482969,0.031240907159852914,0.021626489911073216
546,0.022762524297081387,0.02297813082076698,0.02297813082076698,0.011374381089274133,0.022485492200385242,0.021036825527199855,0.02239994782514386
558,0.022762524297081387,0.02297813082076698,0.02297813082076698,0.019707714422607468,0.019707714422607468,0.017635464982982168,0.022096630996096548
578,0.022762524297081387,0.02297813082076698,0.02297813082076698,0.0280410477559408,0.019707714422607468,0.021036825527199855,0.021565826545263754
614,0.022762524297081387,0.02297813082076698,0.02297813082076698,0.036374381089274134,0.022485492200385242,0.021036825527199855,0.021565826545263754
641,0.022762524297081387,0.02297813082076698,0.02297813082076698,0.011374381089274133,0.019707714422607468,0.02783954661563523,0.022384781983691492
643,0.022762524297081387,0.02297813082076698,0.02297813082076698,0.044707714422607465,0.02526326997816302,0.031240907159852914,0.02159615822816849
682,0.022762524297081387,0.02297813082076698,0.02297813082076698,0.011374381089274133,0.019707714422607468,0.02783954661563523,0.022308952776429667
687,0.022762524297081387,0.02297813082076698,0.02297813082076698,0.044707714422607465,0.03359660331149635,0.017635464982982168,0.021505163179454292
694,0.022762524297081387,0.02297813082076698,0.02297813082076698,0.011374381089274133,0.019707714422607468,0.021036825527199855,0.023188571580666867
695,0.022762524297081387,0.02297813082076698,0.02297813082076698,0.019707714422607468,0.02526326997816302,0.024438186071417543,0.02226345525207257
703,0.022762524297081387,0.02297813082076698,0.02297813082076698,0.011374381089274133,0.019707714422607468,0.024438186071417543,0.02299141564178611
707,0.022762524297081387,0.02297813082076698,0.02297813082076698,0.019707714422607468,0.019707714422607468,0.021036825527199855,0.02199047010592999
728,0.022762524297081387,0.02297813082076698,0.02297813082076698,0.019707714422607468,0.019707714422607468,0.024438186071417543,0.021459665655097198
751,0.022762524297081387,0.02297813082076698,0.02297813082076698,0.036374381089274134,0.02526326997816302,0.010832743894546793,0.021869143374311065
753,0.022762524297081387,0.02297813082076698,0.02297813082076698,0.0280410477559408,0.030818825533718577,0.017635464982982168,0.02148999733800193
758,0.022762524297081387,0.02297813082076698,0.02297813082076698,0.011374381089274133,0.01692993664482969,0.021036825527199855,0.022915586434524286
760,0.022762524297081387,0.02297813082076698,0.02297813082076698,0.019707714422607468,0.030818825533718577,0.021036825527199855,0.022248289410620202
762,0.022762524297081387,0.02297813082076698,0.02297813082076698,0.0280410477559408,0.019707714422607468,0.021036825527199855,0.021747816642692142
765,0.022762524297081387,0.02297813082076698,0.02297813082076698,0.011374381089274133,0.022485492200385242,0.024438186071417543,0.02243027950804859
768,0.022762524297081387,0.02297813082076698,0.02297813082076698,0.019707714422607468,0.019707714422607468,0.021036825527199855,0.021838811691406335
776,0.022762524297081387,0.02297813082076698,0.02297813082076698,0.0280410477559408,0.019707714422607468,0.024438186071417543,0.02158099238671612
777,0.022762524297081387,0.02297813082076698,0.02297813082076698,0.0280410477559408,0.022485492200385242,0.02783954661563523,0.021747816642692142
779,0.022762524297081387,0.02297813082076698,0.02297813082076698,0.019707714422607468,0.02526326997816302,0.02783954661563523,0.021641655752525583
786,0.022762524297081387,0.02297813082076698,0.02297813082076698,0.0280410477559408,0.0280410477559408,0.017635464982982168,0.021611324069620852
793,0.022762524297081387,0.02297813082076698,0.02297813082076698,0.019707714422607468,0.02526326997816302,0.017635464982982168,0.021671987435430314
820,0.022762524297081387,0.02297813082076698,0.02297813082076698,0.011374381089274133,0.02526326997816302,0.021036825527199855,0.02334022999519052
823,0.022762524297081387,0.02297813082076698,0.02297813082076698,0.0280410477559408,0.030818825533718577,0.031240907159852914,0.02158099238671612
827,0.022762524297081387,0.02297813082076698,0.02297813082076698,0.044707714422607465,0.03359660331149635,0.02783954661563523,0.021671987435430314
832,0.022762524297081387,0.02297813082076698,0.02297813082076698,0.011374381089274133,0.019707714422607468,0.02783954661563523,0.022627435446929342
859,0.022762524297081387,0.02297813082076698,0.02297813082076698,0.011374381089274133,0.011374381089274133,0.024438186071417543,0.02411368790926116
880,0.022762524297081387,0.02297813082076698,0.02297813082076698,0.011374381089274133,0.019707714422607468,0.017635464982982168,0.02267293297128644
895,0.022762524297081387,0.02297813082076698,0.02297813082076698,0.019707714422607468,0.0280410477559408,0.021036825527199855,0.021914640898668163
900,0.022762524297081387,0.02297813082076698,0.02297813082076698,0.011374381089274133,0.02526326997816302,0.017635464982982168,0.02267293297128644
915,0.022762524297081387,0.02297813082076698,0.02297813082076698,0.019707714422607468,0.019707714422607468,0.021036825527199855,0.02221795772771547
918,0.022762524297081387,0.02297813082076698,0.02297813082076698,0.0280410477559408,0.019707714422607468,0.02783954661563523,0.021914640898668163
920,0.022762524297081387,0.02297813082076698,0.02297813082076698,0.019707714422607468,0.019707714422607468,0.017635464982982168,0.02148999733800193
921,0.022762524297081387,0.02297813082076698,0.02297813082076698,0.011374381089274133,0.0280410477559408,0.034642267704070605,0.022748762178548265
928,0.022762524297081387,0.02297813082076698,0.02297813082076698,0.019707714422607468,0.01692993664482969,0.02783954661563523,0.022096630996096548
934,0.022762524297081387,0.02297813082076698,0.02297813082076698,0.044707714422607465,0.03915215886705191,0.01423410443876448,0.02159615822816849
942,0.022762524297081387,0.02297813082076698,0.02297813082076698,0.019707714422607468,0.022485492200385242,0.021036825527199855,0.022035967630287086
944,0.022762524297081387,0.02297813082076698,0.02297813082076698,0.044707714422607465,0.022485492200385242,0.034642267704070605,0.021520329020906656
955,0.022762524297081387,0.02297813082076698,0.02297813082076698,0.019707714422607468,0.019707714422607468,0.017635464982982168,0.02182364584995397
970,0.022762524297081387,0.02297813082076698,0.02297813082076698,0.019707714422607468,0.01692993664482969,0.010832743894546793,0.02148999733800193
980,0.022762524297081387,0.02297813082076698,0.02297813082076698,0.011374381089274133,0.019707714422607468,0.024438186071417543,0.02267293297128644
988,0.022762524297081387,0.02297813082076698,0.02297813082076698,0.0280410477559408,0.019707714422607468,0.017635464982982168,0.021641655752525583
998,0.022762524297081387,0.02297813082076698,0.02297813082076698,0.0280410477559408,0.019707714422607468,0.024438186071417543,0.021671987435430314
012,0.02272462158072005,0.022346418881411326,0.022346418881411326,0.019707714422607468,0.0280410477559408,0.024438186071417543,0.021429333972192464
030,0.02272462158072005,0.022346418881411326,0.022346418881411326,0.011374381089274133,0.019707714422607468,0.021036825527199855,0.02246061119095332
039,0.02272462158072005,0.022346418881411326,0.022346418881411326,0.0280410477559408,0.01692993664482969,0.031240907159852914,0.02159615822816849
043,0.02272462158072005,0.022346418881411326,0.022346418881411326,0.0280410477559408,0.02526326997816302,0.031240907159852914,0.021808480008501604
077,0.02272462158072005,0.022346418881411326,0.022346418881411326,0.0780410477559408,0.03359660331149635,0.021036825527199855,0.0214141681307401
084,0.02272462158072005,0.022346418881411326,0.022346418881411326,0.0280410477559408,0.030818825533718577,0.031240907159852914,0.021459665655097198
096,0.02272462158072005,0.022346418881411326,0.022346418881411326,0.036374381089274134,0.022485492200385242,0.02783954661563523,0.021535494862359023
100,0.02272462158072005,0.022346418881411326,0.022346418881411326,0.011374381089274133,0.022485492200385242,0.01423410443876448,0.02256677208111988
104,0.02272462158072005,0.022346418881411326,0.022346418881411326,0.011374381089274133,0.02526326997816302,0.021036825527199855,0.022703264654191167
113,0.02272462158072005,0.022346418881411326,0.022346418881411326,0.019707714422607468,0.030818825533718577,0.021036825527199855,0.02223312356916784
117,0.02272462158072005,0.022346418881411326,0.022346418881411326,0.019707714422607468,0.022485492200385242,0.021036825527199855,0.021762982484144506
123,0.02272462158072005,0.022346418881411326,0.022346418881411326,0.019707714422607468,0.030818825533718577,0.034642267704070605,0.021793314167049237
129,0.02272462158072005,0.022346418881411326,0.022346418881411326,0.019707714422607468,0.014152158867051911,0.01423410443876448,0.021869143374311065
130,0.02272462158072005,0.022346418881411326,0.022346418881411326,0.0280410477559408,0.019707714422607468,0.024438186071417543,0.021535494862359023
143,0.02272462158072005,0.022346418881411326,0.022346418881411326,0.011374381089274133,0.01692993664482969,0.01423410443876448,0.022506108715310415
153,0.02272462158072005,0.022346418881411326,0.022346418881411326,0.011374381089274133,0.011374381089274133,0.031240907159852914,0.02411368790926116
180,0.02272462158072005,0.022346418881411326,0.022346418881411326,0.0280410477559408,0.02526326997816302,0.02783954661563523,0.021626489911073216
188,0.02272462158072005,0.022346418881411326,0.022346418881411326,0.0530410477559408,0.0280410477559408,0.01423410443876448,0.021399002289287733
192,0.02272462158072005,0.022346418881411326,0.022346418881411326,0.0280410477559408,0.0280410477559408,0.01423410443876448,0.021520329020906656
195,0.02272462158072005,0.022346418881411326,0.022346418881411326,0.019707714422607468,0.01692993664482969,0.024438186071417543,0.022142128520453646
197,0.02272462158072005,0.022346418881411326,0.022346418881411326,0.019707714422607468,0.02526326997816302,0.04144498879250598,0.02147483149654956
199,0.02272462158072005,0.022346418881411326,0.022346418881411326,0.036374381089274134,0.022485492200385242,0.031240907159852914,0.02144449981364483
229,0.02272462158072005,0.022346418881411326,0.022346418881411326,0.019707714422607468,0.02526326997816302,0.01423410443876448,0.022081465154644184
232,0.02272462158072005,0.022346418881411326,0.022346418881411326,0.0280410477559408,0.0280410477559408,0.021036825527199855,0.02182364584995397
261,0.02272462158072005,0.022346418881411326,0.022346418881411326,0.0280410477559408,0.02526326997816302,0.01423410443876448,0.021520329020906656
272,0.02272462158072005,0.022346418881411326,0.022346418881411326,0.019707714422607468,0.022485492200385242,0.021036825527199855,0.021399002289287733
280,0.02272462158072005,0.022346418881411326,0.022346418881411326,0.019707714422607468,0.022485492200385242,0.017635464982982168,0.02144449981364483
305,0.02272462158072005,0.022346418881411326,0.022346418881411326,0.019707714422607468,0.0280410477559408,0.017635464982982168,0.0214141681307401
327,0.02272462158072005,0.022346418881411326,0.022346418881411326,0.036374381089274134,0.0280410477559408,0.021036825527199855,0.02144449981364483
329,0.02272462158072005,0.022346418881411326,0.022346418881411326,0.036374381089274134,0.0280410477559408,0.017635464982982168,0.021778148325596873
346,0.02272462158072005,0.022346418881411326,0.022346418881411326,0.019707714422607468,0.022485492200385242,0.021036825527199855,0.02158099238671612
355,0.02272462158072005,0.022346418881411326,0.022346418881411326,0.0280410477559408,0.030818825533718577,0.024438186071417543,0.021565826545263754
388,0.02272462158072005,0.022346418881411326,0.022346418881411326,0.019707714422607468,0.019707714422607468,0.031240907159852914,0.02188430921576343
412,0.02272462158072005,0.022346418881411326,0.022346418881411326,0.0280410477559408,0.036374381089274134,0.021036825527199855,0.02155066070381139
426,0.02272462158072005,0.022346418881411326,0.022346418881411326,0.019707714422607468,0.022485492200385242,0.021036825527199855,0.021778148325596873
428,0.02272462158072005,0.022346418881411326,0.022346418881411326,0.011374381089274133,0.02526326997816302,0.021036825527199855,0.0222937869349773
444,0.02272462158072005,0.022346418881411326,0.022346418881411326,0.011374381089274133,0.019707714422607468,0.010832743894546793,0.023218903263571594
458,0.02272462158072005,0.022346418881411326,0.022346418881411326,0.019707714422607468,0.030818825533718577,0.017635464982982168,0.021626489911073216
479,0.02272462158072005,0.022346418881411326,0.022346418881411326,0.036374381089274134,0.0280410477559408,0.021036825527199855,0.021565826545263754
493,0.02272462158072005,0.022346418881411326,0.022346418881411326,0.036374381089274134,0.022485492200385242,0.01423410443876448,0.021641655752525583
495,0.02272462158072005,0.022346418881411326,0.022346418881411326,0.019707714422607468,0.02526326997816302,0.01423410443876448,0.022172460203358377
504,0.02272462158072005,0.022346418881411326,0.022346418881411326,0.0530410477559408,0.030818825533718577,0.017635464982982168,0.02138383644783537
507,0.02272462158072005,0.022346418881411326,0.022346418881411326,0.0280410477559408,0.0280410477559408,0.024438186071417543,0.021611324069620852
521,0.02272462158072005,0.022346418881411326,0.022346418881411326,0.0280410477559408,0.022485492200385242,0.017635464982982168,0.021838811691406335
536,0.02272462158072005,0.022346418881411326,0.022346418881411326,0.019707714422607468,0.0280410477559408,0.02783954661563523,0.021702319118335044
560,0.02272462158072005,0.022346418881411326,0.022346418881411326,0.011374381089274133,0.014152158867051911,0.024438186071417543,0.023400893360999982
562,0.02272462158072005,0.022346418881411326,0.022346418881411326,0.019707714422607468,0.030818825533718577,0.024438186071417543,0.02211179683754891
585,0.02272462158072005,0.022346418881411326,0.022346418881411326,0.019707714422607468,0.022485492200385242,0.021036825527199855,0.021399002289287733
587,0.02272462158072005,0.022346418881411326,0.022346418881411326,0.0280410477559408,0.019707714422607468,0.021036825527199855,0.021611324069620852
616,0.02272462158072005,0.022346418881411326,0.022346418881411326,0.0280410477559408,0.019707714422607468,0.017635464982982168,0.02196013842302526
621,0.02272462158072005,0.022346418881411326,0.022346418881411326,0.019707714422607468,0.022485492200385242,0.01423410443876448,0.022081465154644184
630,0.02272462158072005,0.022346418881411326,0.022346418881411326,0.011374381089274133,0.019707714422607468,0.017635464982982168,0.022824591385810094
631,0.02272462158072005,0.022346418881411326,0.022346418881411326,0.019707714422607468,0.02526326997816302,0.017635464982982168,0.022081465154644184
638,0.02272462158072005,0.022346418881411326,0.022346418881411326,0.0280410477559408,0.036374381089274134,0.021036825527199855,0.021914640898668163
639,0.02272462158072005,0.022346418881411326,0.022346418881411326,0.019707714422607468,0.019707714422607468,0.021036825527199855,0.02138383644783537
646,0.02272462158072005,0.022346418881411326,0.022346418881411326,0.0280410477559408,0.02526326997816302,0.021036825527199855,0.021747816642692142
655,0.02272462158072005,0.022346418881411326,0.022346418881411326,0.036374381089274134,0.022485492200385242,0.01423410443876448,0.02138383644783537
663,0.02272462158072005,0.022346418881411326,0.022346418881411326,0.011374381089274133,0.014152158867051911,0.01423410443876448,0.022551606239667513
674,0.02272462158072005,0.022346418881411326,0.022346418881411326,0.019707714422607468,0.01692993664482969,0.017635464982982168,0.02144449981364483
675,0.02272462158072005,0.022346418881411326,0.022346418881411326,0.019707714422607468,0.019707714422607468,0.017635464982982168,0.021656821593977946
681,0.02272462158072005,0.022346418881411326,0.022346418881411326,0.011374381089274133,0.014152158867051911,0.021036825527199855,0.023582883458428367
708,0.02272462158072005,0.022346418881411326,0.022346418881411326,0.036374381089274134,0.036374381089274134,0.021036825527199855,0.021535494862359023
731,0.02272462158072005,0.022346418881411326,0.022346418881411326,0.011374381089274133,0.0280410477559408,0.017635464982982168,0.022627435446929342
737,0.02272462158072005,0.022346418881411326,0.022346418881411326,0.036374381089274134,0.0280410477559408,0.017635464982982168,0.021702319118335044
741,0.02272462158072005,0.022346418881411326,0.022346418881411326,0.011374381089274133,0.01692993664482969,0.031240907159852914,0.0222937869349773
746,0.02272462158072005,0.022346418881411326,0.022346418881411326,0.044707714422607465,0.022485492200385242,0.02783954661563523,0.0214141681307401
769,0.02272462158072005,0.022346418881411326,0.022346418881411326,0.011374381089274133,0.022485492200385242,0.021036825527199855,0.022415113666596223
778,0.02272462158072005,0.022346418881411326,0.022346418881411326,0.011374381089274133,0.01692993664482969,0.031240907159852914,0.023082410690500304
787,0.02272462158072005,0.022346418881411326,0.022346418881411326,0.019707714422607468,0.019707714422607468,0.02783954661563523,0.02215729436190601
788,0.02272462158072005,0.022346418881411326,0.022346418881411326,0.019707714422607468,0.02526326997816302,0.024438186071417543,0.022278621093524936
796,0.02272462158072005,0.022346418881411326,0.022346418881411326,0.019707714422607468,0.0280410477559408,0.021036825527199855,0.021838811691406335
803,0.02272462158072005,0.022346418881411326,0.022346418881411326,0.019707714422607468,0.019707714422607468,0.021036825527199855,0.02148999733800193
810,0.02272462158072005,0.022346418881411326,0.022346418881411326,0.019707714422607468,0.019707714422607468,0.017635464982982168,0.021869143374311065
824,0.02272462158072005,0.022346418881411326,0.022346418881411326,0.019707714422607468,0.01692993664482969,0.021036825527199855,0.02215729436190601
833,0.02272462158072005,0.022346418881411326,0.022346418881411326,0.0280410477559408,0.02526326997816302,0.02783954661563523,0.022051133471739454
852,0.02272462158072005,0.022346418881411326,0.022346418881411326,0.0280410477559408,0.0280410477559408,0.017635464982982168,0.021565826545263754
872,0.02272462158072005,0.022346418881411326,0.022346418881411326,0.0280410477559408,0.030818825533718577,0.024438186071417543,0.021793314167049237
890,0.02272462158072005,0.022346418881411326,0.022346418881411326,0.011374381089274133,0.019707714422607468,0.010832743894546793,0.022506108715310415
894,0.02272462158072005,0.022346418881411326,0.022346418881411326,0.036374381089274134,0.02526326997816302,0.02783954661563523,0.02199047010592999
905,0.02272462158072005,0.022346418881411326,0.022346418881411326,0.011374381089274133,0.011374381089274133,0.024438186071417543,0.02411368790926116
907,0.02272462158072005,0.022346418881411326,0.022346418881411326,0.0280410477559408,0.0280410477559408,0.024438186071417543,0.02147483149654956
911,0.02272462158072005,0.022346418881411326,0.022346418881411326,0.044707714422607465,0.030818825533718577,0.01423410443876448,0.02144449981364483
919,0.02272462158072005,0.022346418881411326,0.022346418881411326,0.044707714422607465,0.02526326997816302,0.021036825527199855,0.02147483149654956
945,0.02272462158072005,0.022346418881411326,0.022346418881411326,0.011374381089274133,0.02526326997816302,0.021036825527199855,0.02246061119095332
948,0.02272462158072005,0.022346418881411326,0.022346418881411326,0.0280410477559408,0.0280410477559408,0.01423410443876448,0.022035967630287086
963,0.02272462158072005,0.022346418881411326,0.022346418881411326,0.0280410477559408,0.022485492200385242,0.024438186071417543,0.021626489911073216
972,0.02272462158072005,0.022346418881411326,0.022346418881411326,0.011374381089274133,0.022485492200385242,0.02783954661563523,0.022490942873858052
984,0.02272462158072005,0.022346418881411326,0.022346418881411326,0.044707714422607465,0.030818825533718577,0.02783954661563523,0.021399002289287733
991,0.02272462158072005,0.022346418881411326,0.022346418881411326,0.019707714422607468,0.019707714422607468,0.024438186071417543,0.021399002289287733
005,0.02268671886435871,0.021714706942055673,0.021714706942055673,0.019707714422607468,0.014152158867051911,0.021036825527199855,0.02215729436190601
018,0.02268671886435871,0.021714706942055673,0.021714706942055673,0.036374381089274134,0.019707714422607468,0.02783954661563523,0.021914640898668163
024,0.02268671886435871,0.021714706942055673,0.021714706942055673,0.0280410477559408,0.022485492200385242,0.024438186071417543,0.02155066070381139
025,0.02268671886435871,0.021714706942055673,0.021714706942055673,0.019707714422607468,0.02526326997816302,0.021036825527199855,0.022278621093524936
050,0.02268671886435871,0.021714706942055673,0.021714706942055673,0.019707714422607468,0.019707714422607468,0.02783954661563523,0.022142128520453646
064,0.02268671886435871,0.021714706942055673,0.021714706942055673,0.0280410477559408,0.022485492200385242,0.024438186071417543,0.022005635947382356
083,0.02268671886435871,0.021714706942055673,0.021714706942055673,0.019707714422607468,0.030818825533718577,0.021036825527199855,0.02168715327688268
093,0.02268671886435871,0.021714706942055673,0.021714706942055673,0.011374381089274133,0.014152158867051911,0.024438186071417543,0.02359804929988073
108,0.02268671886435871,0.021714706942055673,0.021714706942055673,0.011374381089274133,0.01692993664482969,0.02783954661563523,0.022612269605476975
128,0.02268671886435871,0.021714706942055673,0.021714706942055673,0.019707714422607468,0.022485492200385242,0.021036825527199855,0.021869143374311065
141,0.02268671886435871,0.021714706942055673,0.021714706942055673,0.019707714422607468,0.022485492200385242,0.01423410443876448,0.021626489911073216
156,0.02268671886435871,0.021714706942055673,0.021714706942055673,0.019707714422607468,0.022485492200385242,0.021036825527199855,0.021808480008501604
163,0.02268671886435871,0.021714706942055673,0.021714706942055673,0.019707714422607468,0.019707714422607468,0.017635464982982168,0.022172460203358377
165,0.02268671886435871,0.021714706942055673,0.021714706942055673,0.011374381089274133,0.02526326997816302,0.01423410443876448,0.022445445349500954
170,0.02268671886435871,0.021714706942055673,0.021714706942055673,0.019707714422607468,0.022485492200385242,0.017635464982982168,0.021899475057215796
210,0.02268671886435871,0.021714706942055673,0.021714706942055673,0.019707714422607468,0.01692993664482969,0.01423410443876448,0.021808480008501604
212,0.02268671886435871,0.021714706942055673,0.021714706942055673,0.0280410477559408,0.02526326997816302,0.017635464982982168,0.021762982484144506
219,0.02268671886435871,0.021714706942055673,0.021714706942055673,0.011374381089274133,0.01692993664482969,0.02783954661563523,0.022657767129834073
237,0.02268671886435871,0.021714706942055673,0.021714706942055673,0.0280410477559408,0.0280410477559408,0.02783954661563523,0.021429333972192464
245,0.02268671886435871,0.021714706942055673,0.021714706942055673,0.0280410477559408,0.0280410477559408,0.031240907159852914,0.021565826545263754
258,0.02268671886435871,0.021714706942055673,0.021714706942055673,0.019707714422607468,0.01692993664482969,0.024438186071417543,0.021778148325596873
266,0.02268671886435871,0.021714706942055673,0.021714706942055673,0.019707714422607468,0.01692993664482969,0.017635464982982168,0.022051133471739454
276,0.02268671886435871,0.021714706942055673,0.021714706942055673,0.0280410477559408,0.022485492200385242,0.021036825527199855,0.02148999733800193
286,0.02268671886435871,0.021714706942055673,0.021714706942055673,0.0280410477559408,0.022485492200385242,0.031240907159852914,0.021611324069620852
290,0.02268671886435871,0.021714706942055673,0.021714706942055673,0.019707714422607468,0.0280410477559408,0.02783954661563523,0.021778148325596873
309,0.02268671886435871,0.021714706942055673,0.021714706942055673,0.011374381089274133,0.011374381089274133,0.01423410443876448,0.02411368790926116
319,0.02268671886435871,0.021714706942055673,0.021714706942055673,0.011374381089274133,0.019707714422607468,0.021036825527199855,0.02246061119095332
325,0.02268671886435871,0.021714706942055673,0.021714706942055673,0.0280410477559408,0.02526326997816302,0.031240907159852914,0.021793314167049237
334,0.02268671886435871,0.021714706942055673,0.021714706942055673,0.044707714422607465,0.02526326997816302,0.021036825527199855,0.021520329020906656
342,0.02268671886435871,0.021714706942055673,0.021714706942055673,0.011374381089274133,0.022485492200385242,0.021036825527199855,0.022945918117429014
347,0.02268671886435871,0.021714706942055673,0.021714706942055673,0.019707714422607468,0.014152158867051911,0.021036825527199855,0.021808480008501604
350,0.02268671886435871,0.021714706942055673,0.021714706942055673,0.0280410477559408,0.02526326997816302,0.021036825527199855,0.021899475057215796
376,0.02268671886435871,0.021714706942055673,0.021714706942055673,0.019707714422607468,0.022485492200385242,0.02783954661563523,0.021899475057215796
384,0.02268671886435871,0.021714706942055673,0.021714706942055673,0.036374381089274134,0.03359660331149635,0.021036825527199855,0.021520329020906656
385,0.02268671886435871,0.021714706942055673,0.021714706942055673,0.011374381089274133,0.022485492200385242,0.021036825527199855,0.02256677208111988
420,0.02268671886435871,0.021714706942055673,0.021714706942055673,0.036374381089274134,0.022485492200385242,0.021036825527199855,0.021505163179454292
424,0.02268671886435871,0.021714706942055673,0.021714706942055673,0.011374381089274133,0.014152158867051911,0.02783954661563523,0.02232411861788203
433,0.02268671886435871,0.021714706942055673,0.021714706942055673,0.036374381089274134,0.019707714422607468,0.024438186071417543,0.021520329020906656
439,0.02268671886435871,0.021714706942055673,0.021714706942055673,0.019707714422607468,0.014152158867051911,0.021036825527199855,0.021656821593977946
454,0.02268671886435871,0.021714706942055673,0.021714706942055673,0.011374381089274133,0.014152158867051911,0.017635464982982168,0.023082410690500304
483,0.02268671886435871,0.021714706942055673,0.021714706942055673,0.0280410477559408,0.02526326997816302,0.024438186071417543,0.02148999733800193
494,0.02268671886435871,0.021714706942055673,0.021714706942055673,0.0280410477559408,0.02526326997816302,0.017635464982982168,0.021505163179454292
498,0.02268671886435871,0.021714706942055673,0.021714706942055673,0.019707714422607468,0.02526326997816302,0.021036825527199855,0.021459665655097198
503,0.02268671886435871,0.021714706942055673,0.021714706942055673,0.011374381089274133,0.022485492200385242,0.010832743894546793,0.022597103764024608
518,0.02268671886435871,0.021714706942055673,0.021714706942055673,0.036374381089274134,0.022485492200385242,0.021036825527199855,0.021869143374311065
520,0.02268671886435871,0.021714706942055673,0.021714706942055673,0.0280410477559408,0.02526326997816302,0.02783954661563523,0.0218539775328587
528,0.02268671886435871,0.021714706942055673,0.021714706942055673,0.0280410477559408,0.0280410477559408,0.021036825527199855,0.021762982484144506
529,0.02268671886435871,0.021714706942055673,0.021714706942055673,0.019707714422607468,0.01692993664482969,0.017635464982982168,0.021641655752525583
563,0.02268671886435871,0.021714706942055673,0.021714706942055673,0.011374381089274133,0.01692993664482969,0.021036825527199855,0.023112742373405038
564,0.02268671886435871,0.021714706942055673,0.021714706942055673,0.011374381089274133,0.022485492200385242,0.017635464982982168,0.022915586434524286
589,0.02268671886435871,0.021714706942055673,0.021714706942055673,0.011374381089274133,0.014152158867051911,0.01423410443876448,0.023962029494737504
590,0.02268671886435871,0.021714706942055673,0.021714706942055673,0.036374381089274134,0.022485492200385242,0.021036825527199855,0.021535494862359023
611,0.02268671886435871,0.021714706942055673,0.021714706942055673,0.036374381089274134,0.0280410477559408,0.02783954661563523,0.021399002289287733
622,0.02268671886435871,0.021714706942055673,0.021714706942055673,0.061374381089274135,0.03359660331149635,0.024438186071417543,0.02147483149654956
635,0.02268671886435871,0.021714706942055673,0.021714706942055673,0.044707714422607465,0.030818825533718577,0.024438186071417543,0.02138383644783537
644,0.02268671886435871,0.021714706942055673,0.021714706942055673,0.0280410477559408,0.022485492200385242,0.024438186071417543,0.0218539775328587
649,0.02268671886435871,0.021714706942055673,0.021714706942055673,0.036374381089274134,0.02526326997816302,0.01423410443876448,0.021944972581572894
671,0.02268671886435871,0.021714706942055673,0.021714706942055673,0.011374381089274133,0.01692993664482969,0.024438186071417543,0.022703264654191167
692,0.02268671886435871,0.021714706942055673,0.021714706942055673,0.011374381089274133,0.01692993664482969,0.017635464982982168,0.022415113666596223
702,0.02268671886435871,0.021714706942055673,0.021714706942055673,0.036374381089274134,0.02526326997816302,0.02783954661563523,0.02188430921576343
721,0.02268671886435871,0.021714706942055673,0.021714706942055673,0.011374381089274133,0.01692993664482969,0.024438186071417543,0.02382553692166622
725,0.02268671886435871,0.021714706942055673,0.021714706942055673,0.019707714422607468,0.01692993664482969,0.01423410443876448,0.021975304264477625
756,0.02268671886435871,0.021714706942055673,0.021714706942055673,0.019707714422607468,0.014152158867051911,0.02783954661563523,0.02158099238671612
781,0.02268671886435871,0.021714706942055673,0.021714706942055673,0.019707714422607468,0.019707714422607468,0.03804362824828829,0.022035967630287086
790,0.02268671886435871,0.021714706942055673,0.021714706942055673,0.044707714422607465,0.02526326997816302,0.021036825527199855,0.021626489911073216
798,0.02268671886435871,0.021714706942055673,0.021714706942055673,0.011374381089274133,0.014152158867051911,0.017635464982982168,0.023628380982785465
809,0.02268671886435871,0.021714706942055673,0.021714706942055673,0.011374381089274133,0.022485492200385242,0.04144498879250598,0.022339284459334394
815,0.02268671886435871,0.021714706942055673,0.021714706942055673,0.011374381089274133,0.014152158867051911,0.024438186071417543,0.022809425544357727
831,0.02268671886435871,0.021714706942055673,0.021714706942055673,0.019707714422607468,0.02526326997816302,0.021036825527199855,0.021611324069620852
835,0.02268671886435871,0.021714706942055673,0.021714706942055673,0.011374381089274133,0.014152158867051911,0.02783954661563523,0.02320373742211923
855,0.02268671886435871,0.021714706942055673,0.021714706942055673,0.0280410477559408,0.02526326997816302,0.017635464982982168,0.021641655752525583
860,0.02268671886435871,0.021714706942055673,0.021714706942055673,0.011374381089274133,0.03359660331149635,0.021036825527199855,0.022597103764024608
865,0.02268671886435871,0.021714706942055673,0.021714706942055673,0.019707714422607468,0.019707714422607468,0.017635464982982168,0.0214141681307401
941,0.02268671886435871,0.021714706942055673,0.021714706942055673,0.036374381089274134,0.030818825533718577,0.017635464982982168,0.02188430921576343
951,0.02268671886435871,0.021714706942055673,0.021714706942055673,0.019707714422607468,0.022485492200385242,0.021036825527199855,0.02159615822816849
954,0.02268671886435871,0.021714706942055673,0.021714706942055673,0.0280410477559408,0.022485492200385242,0.02783954661563523,0.02168715327688268
969,0.02268671886435871,0.021714706942055673,0.021714706942055673,0.0280410477559408,0.01692993664482969,0.01423410443876448,0.021778148325596873
976,0.02268671886435871,0.021714706942055673,0.021714706942055673,0.019707714422607468,0.0280410477559408,0.021036825527199855,0.021762982484144506
985,0.02268671886435871,0.021714706942055673,0.021714706942055673,0.0280410477559408,0.02526326997816302,0.021036825527199855,0.0214141681307401
992,0.02268671886435871,0.021714706942055673,0.021714706942055673,0.011374381089274133,0.01692993664482969,0.034642267704070605,0.022794259702905363
994,0.02268671886435871,0.021714706942055673,0.021714706942055673,0.019707714422607468,0.01692993664482969,0.024438186071417543,0.021944972581572894
011,0.02264881614799737,0.02108299500270002,0.02108299500270002,0.036374381089274134,0.0280410477559408,0.024438186071417543,0.02171748495978741
015,0.02264881614799737,0.02108299500270002,0.02108299500270002,0.0280410477559408,0.019707714422607468,0.017635464982982168,0.02212696267900128
048,0.02264881614799737,0.02108299500270002,0.02108299500270002,0.0280410477559408,0.022485492200385242,0.021036825527199855,0.021535494862359023
065,0.02264881614799737,0.02108299500270002,0.02108299500270002,0.011374381089274133,0.019707714422607468,0.017635464982982168,0.022627435446929342
067,0.02264881614799737,0.02108299500270002,0.02108299500270002,0.019707714422607468,0.01692993664482969,0.02783954661563523,0.02182364584995397
070,0.02264881614799737,0.02108299500270002,0.02108299500270002,0.0280410477559408,0.0280410477559408,0.024438186071417543,0.021702319118335044
078,0.02264881614799737,0.02108299500270002,0.02108299500270002,0.019707714422607468,0.014152158867051911,0.02783954661563523,0.021505163179454292
089,0.02264881614799737,0.02108299500270002,0.02108299500270002,0.011374381089274133,0.01692993664482969,0.024438186071417543,0.02267293297128644
101,0.02264881614799737,0.02108299500270002,0.02108299500270002,0.011374381089274133,0.014152158867051911,0.021036825527199855,0.02314307405630977
107,0.02264881614799737,0.02108299500270002,0.02108299500270002,0.0280410477559408,0.019707714422607468,0.02783954661563523,0.0218539775328587
137,0.02264881614799737,0.02108299500270002,0.02108299500270002,0.019707714422607468,0.030818825533718577,0.01423410443876448,0.021732650801239775
145,0.02264881614799737,0.02108299500270002,0.02108299500270002,0.011374381089274133,0.014152158867051911,0.024438186071417543,0.02378003939730912
148,0.02264881614799737,0.02108299500270002,0.02108299500270002,0.019707714422607468,0.03359660331149635,0.021036825527199855,0.021702319118335044
152,0.02264881614799737,0.02108299500270002,0.02108299500270002,0.036374381089274134,0.019707714422607468,0.031240907159852914,0.021793314167049237
154,0.02264881614799737,0.02108299500270002,0.02108299500270002,0.019707714422607468,0.019707714422607468,0.010832743894546793,0.022066299313191817
185,0.02264881614799737,0.02108299500270002,0.02108299500270002,0.0280410477559408,0.030818825533718577,0.021036825527199855,0.021505163179454292
187,0.02264881614799737,0.02108299500270002,0.02108299500270002,0.011374381089274133,0.014152158867051911,0.01423410443876448,0.02290042059307192
201,0.02264881614799737,0.02108299500270002,0.02108299500270002,0.011374381089274133,0.01692993664482969,0.02783954661563523,0.02382553692166622
203,0.02264881614799737,0.02108299500270002,0.02108299500270002,0.011374381089274133,0.019707714422607468,0.017635464982982168,0.022794259702905363
209,0.02264881614799737,0.02108299500270002,0.02108299500270002,0.019707714422607468,0.019707714422607468,0.010832743894546793,0.021520329020906656
214,0.02264881614799737,0.02108299500270002,0.02108299500270002,0.011374381089274133,0.02526326997816302,0.017635464982982168,0.022506108715310415
223,0.02264881614799737,0.02108299500270002,0.02108299500270002,0.019707714422607468,0.022485492200385242,0.024438186071417543,0.022278621093524936
241,0.02264881614799737,0.02108299500270002,0.02108299500270002,0.036374381089274134,0.02526326997816302,0.021036825527199855,0.02144449981364483
281,0.02264881614799737,0.02108299500270002,0.02108299500270002,0.011374381089274133,0.019707714422607468,0.017635464982982168,0.022748762178548265
282,0.02264881614799737,0.02108299500270002,0.02108299500270002,0.019707714422607468,0.01692993664482969,0.017635464982982168,0.02148999733800193
284,0.02264881614799737,0.02108299500270002,0.02108299500270002,0.019707714422607468,0.02526326997816302,0.017635464982982168,0.021702319118335044
285,0.02264881614799737,0.02108299500270002,0.02108299500270002,0.011374381089274133,0.014152158867051911,0.01423410443876448,0.023188571580666867
332,0.02264881614799737,0.02108299500270002,0.02108299500270002,0.019707714422607468,0.019707714422607468,0.021036825527199855,0.022172460203358377
337,0.02264881614799737,0.02108299500270002,0.02108299500270002,0.011374381089274133,0.019707714422607468,0.034642267704070605,0.022490942873858052
361,0.02264881614799737,0.02108299500270002,0.02108299500270002,0.019707714422607468,0.022485492200385242,0.017635464982982168,0.021929806740120527
364,0.02264881614799737,0.02108299500270002,0.02108299500270002,0.019707714422607468,0.02526326997816302,0.024438186071417543,0.02148999733800193
366,0.02264881614799737,0.02108299500270002,0.02108299500270002,0.011374381089274133,0.019707714422607468,0.021036825527199855,0.022688098812738804
404,0.02264881614799737,0.02108299500270002,0.02108299500270002,0.0280410477559408,0.022485492200385242,0.021036825527199855,0.021626489911073216
410,0.02264881614799737,0.02108299500270002,0.02108299500270002,0.011374381089274133,0.022485492200385242,0.021036825527199855,0.022581937922572244
414,0.02264881614799737,0.02108299500270002,0.02108299500270002,0.011374381089274133,0.019707714422607468,0.010832743894546793,0.022627435446929342
421,0.02264881614799737,0.02108299500270002,0.02108299500270002,0.011374381089274133,0.019707714422607468,0.021036825527199855,0.022688098812738804
448,0.02264881614799737,0.02108299500270002,0.02108299500270002,0.019707714422607468,0.022485492200385242,0.021036825527199855,0.021459665655097198
464,0.02264881614799737,0.02108299500270002,0.02108299500270002,0.019707714422607468,0.019707714422607468,0.021036825527199855,0.02212696267900128
467,0.02264881614799737,0.02108299500270002,0.02108299500270002,0.019707714422607468,0.014152158867051911,0.024438186071417543,0.02226345525207257
476,0.02264881614799737,0.02108299500270002,0.02108299500270002,0.019707714422607468,0.01692993664482969,0.02783954661563523,0.022248289410620202
496,0.02264881614799737,0.02108299500270002,0.02108299500270002,0.019707714422607468,0.01692993664482969,0.017635464982982168,0.021762982484144506
500,0.02264881614799737,0.02108299500270002,0.02108299500270002,0.011374381089274133,0.01692993664482969,0.021036825527199855,0.022627435446929342
514,0.02264881614799737,0.02108299500270002,0.02108299500270002,0.0280410477559408,0.02526326997816302,0.021036825527199855,0.021565826545263754
524,0.02264881614799737,0.02108299500270002,0.02108299500270002,0.036374381089274134,0.02526326997816302,0.024438186071417543,0.02148999733800193
534,0.02264881614799737,0.02108299500270002,0.02108299500270002,0.019707714422607468,0.014152158867051911,0.017635464982982168,0.021429333972192464
537,0.02264881614799737,0.02108299500270002,0.02108299500270002,0.0280410477559408,0.036374381089274134,0.031240907159852914,0.02138383644783537
538,0.02264881614799737,0.02108299500270002,0.02108299500270002,0.019707714422607468,0.014152158867051911,0.017635464982982168,0.02155066070381139
554,0.02264881614799737,0.02108299500270002,0.02108299500270002,0.019707714422607468,0.0280410477559408,0.03804362824828829,0.022005635947382356
574,0.02264881614799737,0.02108299500270002,0.02108299500270002,0.011374381089274133,0.02526326997816302,0.031240907159852914,0.022490942873858052
575,0.02264881614799737,0.02108299500270002,0.02108299500270002,0.019707714422607468,0.01692993664482969,0.024438186071417543,0.0214141681307401
580,0.02264881614799737,0.02108299500270002,0.02108299500270002,0.0280410477559408,0.019707714422607468,0.017635464982982168,0.02159615822816849
591,0.02264881614799737,0.02108299500270002,0.02108299500270002,0.011374381089274133,0.01692993664482969,0.01423410443876448,0.023522220092618906
604,0.02264881614799737,0.02108299500270002,0.02108299500270002,0.011374381089274133,0.014152158867051911,0.024438186071417543,0.022718430495643534
608,0.02264881614799737,0.02108299500270002,0.02108299500270002,0.011374381089274133,0.01692993664482969,0.01423410443876448,0.022733596337095898
623,0.02264881614799737,0.02108299500270002,0.02108299500270002,0.011374381089274133,0.01692993664482969,0.010832743894546793,0.023021747324690846
637,0.02264881614799737,0.02108299500270002,0.02108299500270002,0.0280410477559408,0.0280410477559408,0.021036825527199855,0.02158099238671612
648,0.02264881614799737,0.02108299500270002,0.02108299500270002,0.044707714422607465,0.02526326997816302,0.01423410443876448,0.021641655752525583
650,0.02264881614799737,0.02108299500270002,0.02108299500270002,0.036374381089274134,0.02526326997816302,0.017635464982982168,0.02138383644783537
660,0.02264881614799737,0.02108299500270002,0.02108299500270002,0.011374381089274133,0.02526326997816302,0.021036825527199855,0.022657767129834073
673,0.02264881614799737,0.02108299500270002,0.02108299500270002,0.011374381089274133,0.01692993664482969,0.01423410443876448,0.023082410690500304
677,0.02264881614799737,0.02108299500270002,0.02108299500270002,0.0280410477559408,0.019707714422607468,0.024438186071417543,0.021793314167049237
678,0.02264881614799737,0.02108299500270002,0.02108299500270002,0.011374381089274133,0.022485492200385242,0.017635464982982168,0.022733596337095898
699,0.02264881614799737,0.02108299500270002,0.02108299500270002,0.036374381089274134,0.0280410477559408,0.02783954661563523,0.021899475057215796
711,0.02264881614799737,0.02108299500270002,0.02108299500270002,0.011374381089274133,0.019707714422607468,0.024438186071417543,0.022779093861453
719,0.02264881614799737,0.02108299500270002,0.02108299500270002,0.0280410477559408,0.022485492200385242,0.021036825527199855,0.021626489911073216
723,0.02264881614799737,0.02108299500270002,0.02108299500270002,0.011374381089274133,0.01692993664482969,0.021036825527199855,0.022445445349500954
744,0.02264881614799737,0.02108299500270002,0.02108299500270002,0.011374381089274133,0.01692993664482969,0.021036825527199855,0.022475777032405685
757,0.02264881614799737,0.02108299500270002,0.02108299500270002,0.011374381089274133,0.01692993664482969,0.021036825527199855,0.022839757227262458
763,0.02264881614799737,0.02108299500270002,0.02108299500270002,0.011374381089274133,0.019707714422607468,0.010832743894546793,0.022551606239667513
818,0.02264881614799737,0.02108299500270002,0.02108299500270002,0.011374381089274133,0.01692993664482969,0.02783954661563523,0.023188571580666867
822,0.02264881614799737,0.02108299500270002,0.02108299500270002,0.011374381089274133,0.01692993664482969,0.024438186071417543,0.023522220092618906
837,0.02264881614799737,0.02108299500270002,0.02108299500270002,0.011374381089274133,0.011374381089274133,0.021036825527199855,0.02411368790926116
842,0.02264881614799737,0.02108299500270002,0.02108299500270002,0.019707714422607468,0.02526326997816302,0.017635464982982168,0.02158099238671612
843,0.02264881614799737,0.02108299500270002,0.02108299500270002,0.036374381089274134,0.022485492200385242,0.024438186071417543,0.02147483149654956
845,0.02264881614799737,0.02108299500270002,0.02108299500270002,0.011374381089274133,0.022485492200385242,0.017635464982982168,0.022733596337095898
849,0.02264881614799737,0.02108299500270002,0.02108299500270002,0.019707714422607468,0.019707714422607468,0.021036825527199855,0.02215729436190601
861,0.02264881614799737,0.02108299500270002,0.02108299500270002,0.019707714422607468,0.019707714422607468,0.017635464982982168,0.02147483149654956
884,0.02264881614799737,0.02108299500270002,0.02108299500270002,0.036374381089274134,0.030818825533718577,0.010832743894546793,0.021656821593977946
885,0.02264881614799737,0.02108299500270002,0.02108299500270002,0.0280410477559408,0.022485492200385242,0.02783954661563523,0.02147483149654956
901,0.02264881614799737,0.02108299500270002,0.02108299500270002,0.011374381089274133,0.022485492200385242,0.017635464982982168,0.022824591385810094
922,0.02264881614799737,0.02108299500270002,0.02108299500270002,0.036374381089274134,0.019707714422607468,0.021036825527199855,0.021520329020906656
940,0.02264881614799737,0.02108299500270002,0.02108299500270002,0.0280410477559408,0.019707714422607468,0.021036825527199855,0.021747816642692142
971,0.02264881614799737,0.02108299500270002,0.02108299500270002,0.019707714422607468,0.019707714422607468,0.024438186071417543,0.02171748495978741
995,0.02264881614799737,0.02108299500270002,0.02108299500270002,0.011374381089274133,0.014152158867051911,0.01423410443876448,0.02408335622635643
007,0.022610913431636032,0.020451283063344365,0.020451283063344365,0.011374381089274133,0.01692993664482969,0.017635464982982168,0.02347672256826181
016,0.022610913431636032,0.020451283063344365,0.020451283063344365,0.011374381089274133,0.01692993664482969,0.034642267704070605,0.022642601288381706
037,0.022610913431636032,0.020451283063344365,0.020451283063344365,0.019707714422607468,0.019707714422607468,0.01423410443876448,0.021778148325596873
038,0.022610913431636032,0.020451283063344365,0.020451283063344365,0.011374381089274133,0.01692993664482969,0.021036825527199855,0.02256677208111988
058,0.022610913431636032,0.020451283063344365,0.020451283063344365,0.011374381089274133,0.02526326997816302,0.021036825527199855,0.022612269605476975
061,0.022610913431636032,0.020451283063344365,0.020451283063344365,0.019707714422607468,0.030818825533718577,0.017635464982982168,0.02226345525207257
062,0.022610913431636032,0.020451283063344365,0.020451283063344365,0.0280410477559408,0.02526326997816302,0.01423410443876448,0.02144449981364483
066,0.022610913431636032,0.020451283063344365,0.020451283063344365,0.0280410477559408,0.0280410477559408,0.017635464982982168,0.021793314167049237
094,0.022610913431636032,0.020451283063344365,0.020451283063344365,0.011374381089274133,0.01692993664482969,0.017635464982982168,0.02299141564178611
095,0.022610913431636032,0.020451283063344365,0.020451283063344365,0.0280410477559408,0.019707714422607468,0.021036825527199855,0.0218539775328587
103,0.022610913431636032,0.020451283063344365,0.020451283063344365,0.019707714422607468,0.02526326997816302,0.024438186071417543,0.022172460203358377
118,0.022610913431636032,0.020451283063344365,0.020451283063344365,0.0280410477559408,0.022485492200385242,0.017635464982982168,0.021808480008501604
120,0.022610913431636032,0.020451283063344365,0.020451283063344365,0.036374381089274134,0.03359660331149635,0.021036825527199855,0.021899475057215796
122,0.022610913431636032,0.020451283063344365,0.020451283063344365,0.019707714422607468,0.014152158867051911,0.01423410443876448,0.021626489911073216
167,0.022610913431636032,0.020451283063344365,0.020451283063344365,0.0280410477559408,0.02526326997816302,0.010832743894546793,0.021520329020906656
181,0.022610913431636032,0.020451283063344365,0.020451283063344365,0.0280410477559408,0.019707714422607468,0.017635464982982168,0.021671987435430314
193,0.022610913431636032,0.020451283063344365,0.020451283063344365,0.019707714422607468,0.02526326997816302,0.021036825527199855,0.021778148325596873
207,0.022610913431636032,0.020451283063344365,0.020451283063344365,0.019707714422607468,0.019707714422607468,0.02783954661563523,0.02171748495978741
211,0.022610913431636032,0.020451283063344365,0.020451283063344365,0.0280410477559408,0.019707714422607468,0.024438186071417543,0.021793314167049237
226,0.022610913431636032,0.020451283063344365,0.020451283063344365,0.019707714422607468,0.01692993664482969,0.01423410443876448,0.021929806740120527
230,0.022610913431636032,0.020451283063344365,0.020451283063344365,0.011374381089274133,0.019707714422607468,0.024438186071417543,0.022521274556762783
233,0.022610913431636032,0.020451283063344365,0.020451283063344365,0.0280410477559408,0.019707714422607468,0.021036825527199855,0.021429333972192464
262,0.022610913431636032,0.020451283063344365,0.020451283063344365,0.011374381089274133,0.01692993664482969,0.024438186071417543,0.022688098812738804
295,0.022610913431636032,0.020451283063344365,0.020451283063344365,0.019707714422607468,0.022485492200385242,0.017635464982982168,0.021732650801239775
320,0.022610913431636032,0.020451283063344365,0.020451283063344365,0.019707714422607468,0.019707714422607468,0.017635464982982168,0.021899475057215796
345,0.022610913431636032,0.020451283063344365,0.020451283063344365,0.0280410477559408,0.022485492200385242,0.02783954661563523,0.02158099238671612
357,0.022610913431636032,0.020451283063344365,0.020451283063344365,0.019707714422607468,0.0280410477559408,0.024438186071417543,0.021505163179454292
367,0.022610913431636032,0.020451283063344365,0.020451283063344365,0.044707714422607465,0.0280410477559408,0.024438186071417543,0.021429333972192464
386,0.022610913431636032,0.020451283063344365,0.020451283063344365,0.019707714422607468,0.014152158867051911,0.017635464982982168,0.021565826545263754
401,0.022610913431636032,0.020451283063344365,0.020451283063344365,0.011374381089274133,0.02526326997816302,0.021036825527199855,0.022627435446929342
405,0.022610913431636032,0.020451283063344365,0.020451283063344365,0.019707714422607468,0.022485492200385242,0.021036825527199855,0.02211179683754891
408,0.022610913431636032,0.020451283063344365,0.020451283063344365,0.0280410477559408,0.019707714422607468,0.010832743894546793,0.021429333972192464
425,0.022610913431636032,0.020451283063344365,0.020451283063344365,0.011374381089274133,0.022485492200385242,0.021036825527199855,0.022627435446929342
455,0.022610913431636032,0.020451283063344365,0.020451283063344365,0.011374381089274133,0.02526326997816302,0.021036825527199855,0.0222937869349773
480,0.022610913431636032,0.020451283063344365,0.020451283063344365,0.019707714422607468,0.01692993664482969,0.021036825527199855,0.02144449981364483
487,0.022610913431636032,0.020451283063344365,0.020451283063344365,0.011374381089274133,0.01692993664482969,0.024438186071417543,0.02334022999519052
511,0.022610913431636032,0.020451283063344365,0.020451283063344365,0.0280410477559408,0.019707714422607468,0.021036825527199855,0.021778148325596873
515,0.022610913431636032,0.020451283063344365,0.020451283063344365,0.019707714422607468,0.022485492200385242,0.024438186071417543,0.021944972581572894
531,0.022610913431636032,0.020451283063344365,0.020451283063344365,0.019707714422607468,0.02526326997816302,0.02783954661563523,0.021535494862359023
535,0.022610913431636032,0.020451283063344365,0.020451283063344365,0.011374381089274133,0.014152158867051911,0.01423410443876448,0.023461556726809447
541,0.022610913431636032,0.020451283063344365,0.020451283063344365,0.0280410477559408,0.01692993664482969,0.017635464982982168,0.021459665655097198
548,0.022610913431636032,0.020451283063344365,0.020451283063344365,0.0280410477559408,0.022485492200385242,0.017635464982982168,0.02159615822816849
550,0.022610913431636032,0.020451283063344365,0.020451283063344365,0.036374381089274134,0.02526326997816302,0.017635464982982168,0.021732650801239775
571,0.022610913431636032,0.020451283063344365,0.020451283063344365,0.019707714422607468,0.02526326997816302,0.02783954661563523,0.02168715327688268
581,0.022610913431636032,0.020451283063344365,0.020451283063344365,0.011374381089274133,0.01692993664482969,0.024438186071417543,0.022642601288381706
593,0.022610913431636032,0.020451283063344365,0.020451283063344365,0.0280410477559408,0.022485492200385242,0.017635464982982168,0.022172460203358377
598,0.022610913431636032,0.020451283063344365,0.020451283063344365,0.011374381089274133,0.014152158867051911,0.024438186071417543,0.023491888409714175
613,0.022610913431636032,0.020451283063344365,0.020451283063344365,0.019707714422607468,0.030818825533718577,0.021036825527199855,0.021535494862359023
617,0.022610913431636032,0.020451283063344365,0.020451283063344365,0.019707714422607468,0.022485492200385242,0.021036825527199855,0.022066299313191817
640,0.022610913431636032,0.020451283063344365,0.020451283063344365,0.019707714422607468,0.02526326997816302,0.017635464982982168,0.02155066070381139
670,0.022610913431636032,0.020451283063344365,0.020451283063344365,0.0280410477559408,0.02526326997816302,0.024438186071417543,0.021838811691406335
701,0.022610913431636032,0.020451283063344365,0.020451283063344365,0.011374381089274133,0.014152158867051911,0.01423410443876448,0.022809425544357727
739,0.022610913431636032,0.020451283063344365,0.020451283063344365,0.011374381089274133,0.022485492200385242,0.021036825527199855,0.02232411861788203
743,0.022610913431636032,0.020451283063344365,0.020451283063344365,0.019707714422607468,0.019707714422607468,0.024438186071417543,0.02202080178883472
771,0.022610913431636032,0.020451283063344365,0.020451283063344365,0.011374381089274133,0.019707714422607468,0.021036825527199855,0.022718430495643534
785,0.022610913431636032,0.020451283063344365,0.020451283063344365,0.0280410477559408,0.022485492200385242,0.021036825527199855,0.02159615822816849
825,0.022610913431636032,0.020451283063344365,0.020451283063344365,0.011374381089274133,0.01692993664482969,0.017635464982982168,0.022870088910167192
830,0.022610913431636032,0.020451283063344365,0.020451283063344365,0.019707714422607468,0.019707714422607468,0.010832743894546793,0.02171748495978741
838,0.022610913431636032,0.020451283063344365,0.020451283063344365,0.019707714422607468,0.022485492200385242,0.021036825527199855,0.02159615822816849
863,0.022610913431636032,0.020451283063344365,0.020451283063344365,0.036374381089274134,0.02526326997816302,0.017635464982982168,0.021762982484144506
881,0.022610913431636032,0.020451283063344365,0.020451283063344365,0.019707714422607468,0.022485492200385242,0.017635464982982168,0.021459665655097198
899,0.022610913431636032,0.020451283063344365,0.020451283063344365,0.0280410477559408,0.01692993664482969,0.017635464982982168,0.021671987435430314
912,0.022610913431636032,0.020451283063344365,0.020451283063344365,0.011374381089274133,0.01692993664482969,0.021036825527199855,0.023309898312285787
935,0.022610913431636032,0.020451283063344365,0.020451283063344365,0.0280410477559408,0.01692993664482969,0.021036825527199855,0.02138383644783537
953,0.022610913431636032,0.020451283063344365,0.020451283063344365,0.011374381089274133,0.01692993664482969,0.021036825527199855,0.022506108715310415
973,0.022610913431636032,0.020451283063344365,0.020451283063344365,0.011374381089274133,0.019707714422607468,0.02783954661563523,0.02276392802000063
999,0.022610913431636032,0.020451283063344365,0.020451283063344365,0.0280410477559408,0.022485492200385242,0.02783954661563523,0.02168715327688268
002,0.02257301071527469,0.019819571123988713,0.019819571123988713,0.019707714422607468,0.01692993664482969,0.021036825527199855,0.02168715327688268
051,0.02257301071527469,0.019819571123988713,0.019819571123988713,0.019707714422607468,0.0280410477559408,0.021036825527199855,0.021520329020906656
060,0.02257301071527469,0.019819571123988713,0.019819571123988713,0.019707714422607468,0.01692993664482969,0.017635464982982168,0.02223312356916784
072,0.02257301071527469,0.019819571123988713,0.019819571123988713,0.0280410477559408,0.01692993664482969,0.017635464982982168,0.022035967630287086
082,0.02257301071527469,0.019819571123988713,0.019819571123988713,0.0530410477559408,0.030818825533718577,0.021036825527199855,0.02147483149654956
142,0.02257301071527469,0.019819571123988713,0.019819571123988713,0.019707714422607468,0.01692993664482969,0.021036825527199855,0.022248289410620202
160,0.02257301071527469,0.019819571123988713,0.019819571123988713,0.036374381089274134,0.0280410477559408,0.021036825527199855,0.021399002289287733
171,0.02257301071527469,0.019819571123988713,0.019819571123988713,0.011374381089274133,0.022485492200385242,0.024438186071417543,0.022506108715310415
182,0.02257301071527469,0.019819571123988713,0.019819571123988713,0.011374381089274133,0.014152158867051911,0.021036825527199855,0.022445445349500954
218,0.02257301071527469,0.019819571123988713,0.019819571123988713,0.011374381089274133,0.019707714422607468,0.02783954661563523,0.022748762178548265
222,0.02257301071527469,0.019819571123988713,0.019819571123988713,0.011374381089274133,0.01692993664482969,0.021036825527199855,0.022733596337095898
256,0.02257301071527469,0.019819571123988713,0.019819571123988713,0.0280410477559408,0.019707714422607468,0.02783954661563523,0.021611324069620852
287,0.02257301071527469,0.019819571123988713,0.019819571123988713,0.036374381089274134,0.0280410477559408,0.024438186071417543,0.021732650801239775
288,0.02257301071527469,0.019819571123988713,0.019819571123988713,0.011374381089274133,0.01692993664482969,0.017635464982982168,0.022885254751619555
293,0.02257301071527469,0.019819571123988713,0.019819571123988713,0.044707714422607465,0.02526326997816302,0.017635464982982168,0.021459665655097198
303,0.02257301071527469,0.019819571123988713,0.019819571123988713,0.011374381089274133,0.01692993664482969,0.021036825527199855,0.02324923494647633
324,0.02257301071527469,0.019819571123988713,0.019819571123988713,0.011374381089274133,0.019707714422607468,0.024438186071417543,0.02243027950804859
328,0.02257301071527469,0.019819571123988713,0.019819571123988713,0.011374381089274133,0.019707714422607468,0.01423410443876448,0.022703264654191167
372,0.02257301071527469,0.019819571123988713,0.019819571123988713,0.036374381089274134,0.022485492200385242,0.031240907159852914,0.021535494862359023
378,0.02257301071527469,0.019819571123988713,0.019819571123988713,0.011374381089274133,0.01692993664482969,0.024438186071417543,0.023112742373405038
387,0.02257301071527469,0.019819571123988713,0.019819571123988713,0.011374381089274133,0.01692993664482969,0.021036825527199855,0.02285492306871482
393,0.02257301071527469,0.019819571123988713,0.019819571123988713,0.011374381089274133,0.022485492200385242,0.017635464982982168,0.02314307405630977
418,0.02257301071527469,0.019819571123988713,0.019819571123988713,0.019707714422607468,0.022485492200385242,0.017635464982982168,0.022248289410620202
440,0.02257301071527469,0.019819571123988713,0.019819571123988713,0.019707714422607468,0.02526326997816302,0.024438186071417543,0.022005635947382356
457,0.02257301071527469,0.019819571123988713,0.019819571123988713,0.019707714422607468,0.019707714422607468,0.017635464982982168,0.021641655752525583
466,0.02257301071527469,0.019819571123988713,0.019819571123988713,0.011374381089274133,0.019707714422607468,0.010832743894546793,0.022445445349500954
486,0.02257301071527469,0.019819571123988713,0.019819571123988713,0.019707714422607468,0.014152158867051911,0.017635464982982168,0.02215729436190601
499,0.02257301071527469,0.019819571123988713,0.019819571123988713,0.011374381089274133,0.01692993664482969,0.031240907159852914,0.02285492306871482
533,0.02257301071527469,0.019819571123988713,0.019819571123988713,0.044707714422607465,0.02526326997816302,0.024438186071417543,0.021429333972192464
544,0.02257301071527469,0.019819571123988713,0.019819571123988713,0.0280410477559408,0.019707714422607468,0.017635464982982168,0.02188430921576343
552,0.02257301071527469,0.019819571123988713,0.019819571123988713,0.011374381089274133,0.014152158867051911,0.01423410443876448,0.024098522067808794
570,0.02257301071527469,0.019819571123988713,0.019819571123988713,0.0280410477559408,0.022485492200385242,0.021036825527199855,0.021732650801239775
600,0.02257301071527469,0.019819571123988713,0.019819571123988713,0.011374381089274133,0.011374381089274133,0.02783954661563523,0.02411368790926116
607,0.02257301071527469,0.019819571123988713,0.019819571123988713,0.019707714422607468,0.014152158867051911,0.01423410443876448,0.021929806740120527
656,0.02257301071527469,0.019819571123988713,0.019819571123988713,0.019707714422607468,0.01692993664482969,0.017635464982982168,0.02188430921576343
685,0.02257301071527469,0.019819571123988713,0.019819571123988713,0.019707714422607468,0.019707714422607468,0.01423410443876448,0.02155066070381139
706,0.02257301071527469,0.019819571123988713,0.019819571123988713,0.019707714422607468,0.019707714422607468,0.021036825527199855,0.02223312356916784
722,0.02257301071527469,0.019819571123988713,0.019819571123988713,0.011374381089274133,0.019707714422607468,0.01423410443876448,0.022870088910167192
733,0.02257301071527469,0.019819571123988713,0.019819571123988713,0.044707714422607465,0.03359660331149635,0.024438186071417543,0.0214141681307401
750,0.02257301071527469,0.019819571123988713,0.019819571123988713,0.011374381089274133,0.014152158867051911,0.021036825527199855,0.0240075270190946
759,0.02257301071527469,0.019819571123988713,0.019819571123988713,0.019707714422607468,0.01692993664482969,0.017635464982982168,0.02202080178883472
767,0.02257301071527469,0.019819571123988713,0.019819571123988713,0.0280410477559408,0.03359660331149635,0.024438186071417543,0.02182364584995397
806,0.02257301071527469,0.019819571123988713,0.019819571123988713,0.019707714422607468,0.01692993664482969,0.017635464982982168,0.021732650801239775
834,0.02257301071527469,0.019819571123988713,0.019819571123988713,0.019707714422607468,0.022485492200385242,0.024438186071417543,0.022096630996096548
839,0.02257301071527469,0.019819571123988713,0.019819571123988713,0.0280410477559408,0.0280410477559408,0.01423410443876448,0.021520329020906656
846,0.02257301071527469,0.019819571123988713,0.019819571123988713,0.019707714422607468,0.019707714422607468,0.017635464982982168,0.021808480008501604
925,0.02257301071527469,0.019819571123988713,0.019819571123988713,0.011374381089274133,0.011374381089274133,0.017635464982982168,0.02411368790926116
926,0.02257301071527469,0.019819571123988713,0.019819571123988713,0.011374381089274133,0.014152158867051911,0.021036825527199855,0.02246061119095332
961,0.02257301071527469,0.019819571123988713,0.019819571123988713,0.0280410477559408,0.02526326997816302,0.017635464982982168,0.021520329020906656
977,0.02257301071527469,0.019819571123988713,0.019819571123988713,0.0280410477559408,0.022485492200385242,0.017635464982982168,0.02159615822816849
004,0.022535107998913353,0.019187859184633057,0.019187859184633057,0.019707714422607468,0.01692993664482969,0.021036825527199855,0.021505163179454292
027,0.022535107998913353,0.019187859184633057,0.019187859184633057,0.019707714422607468,0.01692993664482969,0.021036825527199855,0.022096630996096548
033,0.022535107998913353,0.019187859184633057,0.019187859184633057,0.019707714422607468,0.022485492200385242,0.021036825527199855,0.021808480008501604
068,0.022535107998913353,0.019187859184633057,0.019187859184633057,0.019707714422607468,0.01692993664482969,0.017635464982982168,0.02155066070381139
069,0.022535107998913353,0.019187859184633057,0.019187859184633057,0.011374381089274133,0.01692993664482969,0.021036825527199855,0.023461556726809447
105,0.022535107998913353,0.019187859184633057,0.019187859184633057,0.011374381089274133,0.019707714422607468,0.010832743894546793,0.02239994782514386
220,0.022535107998913353,0.019187859184633057,0.019187859184633057,0.019707714422607468,0.01692993664482969,0.01423410443876448,0.02215729436190601
235,0.022535107998913353,0.019187859184633057,0.019187859184633057,0.0280410477559408,0.0280410477559408,0.024438186071417543,0.02155066070381139
247,0.022535107998913353,0.019187859184633057,0.019187859184633057,0.019707714422607468,0.019707714422607468,0.021036825527199855,0.022278621093524936
271,0.022535107998913353,0.019187859184633057,0.019187859184633057,0.0280410477559408,0.0280410477559408,0.017635464982982168,0.021399002289287733
333,0.022535107998913353,0.019187859184633057,0.019187859184633057,0.019707714422607468,0.019707714422607468,0.017635464982982168,0.021429333972192464
338,0.022535107998913353,0.019187859184633057,0.019187859184633057,0.011374381089274133,0.014152158867051911,0.021036825527199855,0.023158239897762136
351,0.022535107998913353,0.019187859184633057,0.019187859184633057,0.0280410477559408,0.022485492200385242,0.017635464982982168,0.021641655752525583
377,0.022535107998913353,0.019187859184633057,0.019187859184633057,0.0280410477559408,0.019707714422607468,0.02783954661563523,0.021459665655097198
445,0.022535107998913353,0.019187859184633057,0.019187859184633057,0.011374381089274133,0.019707714422607468,0.01423410443876448,0.02290042059307192
469,0.022535107998913353,0.019187859184633057,0.019187859184633057,0.011374381089274133,0.01692993664482969,0.02783954661563523,0.022612269605476975
497,0.022535107998913353,0.019187859184633057,0.019187859184633057,0.019707714422607468,0.01692993664482969,0.02783954661563523,0.022142128520453646
501,0.022535107998913353,0.019187859184633057,0.019187859184633057,0.019707714422607468,0.019707714422607468,0.017635464982982168,0.021762982484144506
502,0.022535107998913353,0.019187859184633057,0.019187859184633057,0.0280410477559408,0.022485492200385242,0.021036825527199855,0.02147483149654956
505,0.022535107998913353,0.019187859184633057,0.019187859184633057,0.011374381089274133,0.019707714422607468,0.021036825527199855,0.022339284459334394
527,0.022535107998913353,0.019187859184633057,0.019187859184633057,0.0280410477559408,0.022485492200385242,0.021036825527199855,0.021656821593977946
551,0.022535107998913353,0.019187859184633057,0.019187859184633057,0.0280410477559408,0.022485492200385242,0.021036825527199855,0.02196013842302526
693,0.022535107998913353,0.019187859184633057,0.019187859184633057,0.0280410477559408,0.022485492200385242,0.021036825527199855,0.02188430921576343
700,0.022535107998913353,0.019187859184633057,0.019187859184633057,0.019707714422607468,0.019707714422607468,0.01423410443876448,0.02138383644783537
789,0.022535107998913353,0.019187859184633057,0.019187859184633057,0.019707714422607468,0.01692993664482969,0.017635464982982168,0.02148999733800193
792,0.022535107998913353,0.019187859184633057,0.019187859184633057,0.0280410477559408,0.019707714422607468,0.03804362824828829,0.021944972581572894
805,0.022535107998913353,0.019187859184633057,0.019187859184633057,0.011374381089274133,0.011374381089274133,0.017635464982982168,0.02411368790926116
864,0.022535107998913353,0.019187859184633057,0.019187859184633057,0.0280410477559408,0.019707714422607468,0.02783954661563523,0.02168715327688268
868,0.022535107998913353,0.019187859184633057,0.019187859184633057,0.011374381089274133,0.014152158867051911,0.017635464982982168,0.02235445030078676
914,0.022535107998913353,0.019187859184633057,0.019187859184633057,0.0280410477559408,0.01692993664482969,0.021036825527199855,0.021626489911073216
947,0.022535107998913353,0.019187859184633057,0.019187859184633057,0.011374381089274133,0.019707714422607468,0.01423410443876448,0.022718430495643534
056,0.022497205282552012,0.018556147245277405,0.018556147245277405,0.011374381089274133,0.014152158867051911,0.017635464982982168,0.022612269605476975
091,0.022497205282552012,0.018556147245277405,0.018556147245277405,0.0280410477559408,0.022485492200385242,0.01423410443876448,0.021611324069620852
134,0.022497205282552012,0.018556147245277405,0.018556147245277405,0.0280410477559408,0.019707714422607468,0.021036825527199855,0.021702319118335044
144,0.022497205282552012,0.018556147245277405,0.018556147245277405,0.019707714422607468,0.01692993664482969,0.017635464982982168,0.021429333972192464
146,0.022497205282552012,0.018556147245277405,0.018556147245277405,0.011374381089274133,0.01692993664482969,0.024438186071417543,0.02285492306871482
184,0.022497205282552012,0.018556147245277405,0.018556147245277405,0.011374381089274133,0.014152158867051911,0.021036825527199855,0.022415113666596223
231,0.022497205282552012,0.018556147245277405,0.018556147245277405,0.011374381089274133,0.01692993664482969,0.01423410443876448,0.023127908214857402
234,0.022497205282552012,0.018556147245277405,0.018556147245277405,0.011374381089274133,0.014152158867051911,0.021036825527199855,0.023658712665690196
238,0.022497205282552012,0.018556147245277405,0.018556147245277405,0.019707714422607468,0.019707714422607468,0.021036825527199855,0.02196013842302526
242,0.022497205282552012,0.018556147245277405,0.018556147245277405,0.0280410477559408,0.022485492200385242,0.024438186071417543,0.021399002289287733
255,0.022497205282552012,0.018556147245277405,0.018556147245277405,0.011374381089274133,0.019707714422607468,0.024438186071417543,0.022733596337095898
298,0.022497205282552012,0.018556147245277405,0.018556147245277405,0.019707714422607468,0.022485492200385242,0.024438186071417543,0.021671987435430314
323,0.022497205282552012,0.018556147245277405,0.018556147245277405,0.0280410477559408,0.022485492200385242,0.021036825527199855,0.021399002289287733
354,0.022497205282552012,0.018556147245277405,0.018556147245277405,0.0280410477559408,0.02526326997816302,0.01423410443876448,0.02144449981364483
374,0.022497205282552012,0.018556147245277405,0.018556147245277405,0.019707714422607468,0.02526326997816302,0.017635464982982168,0.021459665655097198
397,0.022497205282552012,0.018556147245277405,0.018556147245277405,0.011374381089274133,0.01692993664482969,0.024438186071417543,0.023764873555856755
406,0.022497205282552012,0.018556147245277405,0.018556147245277405,0.036374381089274134,0.02526326997816302,0.017635464982982168,0.021505163179454292
415,0.022497205282552012,0.018556147245277405,0.018556147245277405,0.011374381089274133,0.014152158867051911,0.021036825527199855,0.023628380982785465
453,0.022497205282552012,0.018556147245277405,0.018556147245277405,0.019707714422607468,0.022485492200385242,0.017635464982982168,0.02138383644783537
477,0.022497205282552012,0.018556147245277405,0.018556147245277405,0.011374381089274133,0.019707714422607468,0.021036825527199855,0.022490942873858052
506,0.022497205282552012,0.018556147245277405,0.018556147245277405,0.011374381089274133,0.01692993664482969,0.017635464982982168,0.023325064153738157
512,0.022497205282552012,0.018556147245277405,0.018556147245277405,0.019707714422607468,0.01692993664482969,0.017635464982982168,0.022187626044810744
513,0.022497205282552012,0.018556147245277405,0.018556147245277405,0.019707714422607468,0.019707714422607468,0.01423410443876448,0.0218539775328587
584,0.022497205282552012,0.018556147245277405,0.018556147245277405,0.011374381089274133,0.01692993664482969,0.024438186071417543,0.022339284459334394
588,0.022497205282552012,0.018556147245277405,0.018556147245277405,0.011374381089274133,0.01692993664482969,0.01423410443876448,0.022475777032405685
626,0.022497205282552012,0.018556147245277405,0.018556147245277405,0.011374381089274133,0.014152158867051911,0.024438186071417543,0.022627435446929342
657,0.022497205282552012,0.018556147245277405,0.018556147245277405,0.019707714422607468,0.01692993664482969,0.021036825527199855,0.022278621093524936
664,0.022497205282552012,0.018556147245277405,0.018556147245277405,0.019707714422607468,0.019707714422607468,0.01423410443876448,0.02155066070381139
680,0.022497205282552012,0.018556147245277405,0.018556147245277405,0.019707714422607468,0.019707714422607468,0.024438186071417543,0.021899475057215796
713,0.022497205282552012,0.018556147245277405,0.018556147245277405,0.011374381089274133,0.022485492200385242,0.017635464982982168,0.02243027950804859
717,0.022497205282552012,0.018556147245277405,0.018556147245277405,0.019707714422607468,0.02526326997816302,0.024438186071417543,0.021641655752525583
734,0.022497205282552012,0.018556147245277405,0.018556147245277405,0.019707714422607468,0.0280410477559408,0.01423410443876448,0.021747816642692142
754,0.022497205282552012,0.018556147245277405,0.018556147245277405,0.011374381089274133,0.01692993664482969,0.01423410443876448,0.022445445349500954
773,0.022497205282552012,0.018556147245277405,0.018556147245277405,0.036374381089274134,0.030818825533718577,0.017635464982982168,0.021762982484144506
797,0.022497205282552012,0.018556147245277405,0.018556147245277405,0.019707714422607468,0.01692993664482969,0.024438186071417543,0.021778148325596873
821,0.022497205282552012,0.018556147245277405,0.018556147245277405,0.011374381089274133,0.01692993664482969,0.021036825527199855,0.022339284459334394
826,0.022497205282552012,0.018556147245277405,0.018556147245277405,0.011374381089274133,0.019707714422607468,0.021036825527199855,0.022475777032405685
886,0.022497205282552012,0.018556147245277405,0.018556147245277405,0.011374381089274133,0.01692993664482969,0.017635464982982168,0.023370561678095255
958,0.022497205282552012,0.018556147245277405,0.018556147245277405,0.011374381089274133,0.014152158867051911,0.017635464982982168,0.02394686365328514
967,0.022497205282552012,0.018556147245277405,0.018556147245277405,0.0280410477559408,0.022485492200385242,0.01423410443876448,0.02147483149654956
987,0.022497205282552012,0.018556147245277405,0.018556147245277405,0.011374381089274133,0.019707714422607468,0.024438186071417543,0.02267293297128644
006,0.022459302566190675,0.01792443530592175,0.01792443530592175,0.0280410477559408,0.022485492200385242,0.01423410443876448,0.021399002289287733
008,0.022459302566190675,0.01792443530592175,0.01792443530592175,0.019707714422607468,0.022485492200385242,0.024438186071417543,0.02168715327688268
055,0.022459302566190675,0.01792443530592175,0.01792443530592175,0.011374381089274133,0.02526326997816302,0.024438186071417543,0.022885254751619555
176,0.022459302566190675,0.01792443530592175,0.01792443530592175,0.011374381089274133,0.014152158867051911,0.02783954661563523,0.0231734057392145
204,0.022459302566190675,0.01792443530592175,0.01792443530592175,0.019707714422607468,0.022485492200385242,0.021036825527199855,0.02223312356916784
227,0.022459302566190675,0.01792443530592175,0.01792443530592175,0.019707714422607468,0.019707714422607468,0.01423410443876448,0.021626489911073216
269,0.022459302566190675,0.01792443530592175,0.01792443530592175,0.019707714422607468,0.01692993664482969,0.024438186071417543,0.022051133471739454
304,0.022459302566190675,0.01792443530592175,0.01792443530592175,0.019707714422607468,0.019707714422607468,0.021036825527199855,0.02144449981364483
359,0.022459302566190675,0.01792443530592175,0.01792443530592175,0.011374381089274133,0.022485492200385242,0.021036825527199855,0.022794259702905363
373,0.022459302566190675,0.01792443530592175,0.01792443530592175,0.011374381089274133,0.022485492200385242,0.017635464982982168,0.0231734057392145
436,0.022459302566190675,0.01792443530592175,0.01792443530592175,0.011374381089274133,0.019707714422607468,0.01423410443876448,0.022490942873858052
459,0.022459302566190675,0.01792443530592175,0.01792443530592175,0.011374381089274133,0.011374381089274133,0.02783954661563523,0.02411368790926116
624,0.022459302566190675,0.01792443530592175,0.01792443530592175,0.019707714422607468,0.01692993664482969,0.017635464982982168,0.021702319118335044
628,0.022459302566190675,0.01792443530592175,0.01792443530592175,0.019707714422607468,0.019707714422607468,0.01423410443876448,0.021611324069620852
629,0.022459302566190675,0.01792443530592175,0.01792443530592175,0.0280410477559408,0.01692993664482969,0.031240907159852914,0.02158099238671612
667,0.022459302566190675,0.01792443530592175,0.01792443530592175,0.011374381089274133,0.011374381089274133,0.01423410443876448,0.02411368790926116
856,0.022459302566190675,0.01792443530592175,0.01792443530592175,0.011374381089274133,0.01692993664482969,0.017635464982982168,0.022551606239667513
952,0.022459302566190675,0.01792443530592175,0.01792443530592175,0.011374381089274133,0.01692993664482969,0.021036825527199855,0.02232411861788203
019,0.022421399849829333,0.017292723366566096,0.017292723366566096,0.019707714422607468,0.019707714422607468,0.01423410443876448,0.021505163179454292
029,0.022421399849829333,0.017292723366566096,0.017292723366566096,0.019707714422607468,0.019707714422607468,0.017635464982982168,0.021656821593977946
040,0.022421399849829333,0.017292723366566096,0.017292723366566096,0.0280410477559408,0.01692993664482969,0.017635464982982168,0.021611324069620852
085,0.022421399849829333,0.017292723366566096,0.017292723366566096,0.019707714422607468,0.01692993664482969,0.02783954661563523,0.021656821593977946
088,0.022421399849829333,0.017292723366566096,0.017292723366566096,0.019707714422607468,0.01692993664482969,0.024438186071417543,0.02211179683754891
275,0.022421399849829333,0.017292723366566096,0.017292723366566096,0.019707714422607468,0.022485492200385242,0.021036825527199855,0.022278621093524936
343,0.022421399849829333,0.017292723366566096,0.017292723366566096,0.011374381089274133,0.01692993664482969,0.021036825527199855,0.02243027950804859
411,0.022421399849829333,0.017292723366566096,0.017292723366566096,0.011374381089274133,0.022485492200385242,0.024438186071417543,0.02253644039821515
443,0.022421399849829333,0.017292723366566096,0.017292723366566096,0.019707714422607468,0.01692993664482969,0.02783954661563523,0.021702319118335044
456,0.022421399849829333,0.017292723366566096,0.017292723366566096,0.0280410477559408,0.01692993664482969,0.01423410443876448,0.021565826545263754
470,0.022421399849829333,0.017292723366566096,0.017292723366566096,0.019707714422607468,0.02526326997816302,0.02783954661563523,0.02211179683754891
474,0.022421399849829333,0.017292723366566096,0.017292723366566096,0.011374381089274133,0.014152158867051911,0.010832743894546793,0.022369616142239125
555,0.022421399849829333,0.017292723366566096,0.017292723366566096,0.019707714422607468,0.01692993664482969,0.01423410443876448,0.02155066070381139
684,0.022421399849829333,0.017292723366566096,0.017292723366566096,0.011374381089274133,0.019707714422607468,0.01423410443876448,0.023097576531952674
714,0.022421399849829333,0.017292723366566096,0.017292723366566096,0.011374381089274133,0.02526326997816302,0.024438186071417543,0.023325064153738157
780,0.022421399849829333,0.017292723366566096,0.017292723366566096,0.011374381089274133,0.01692993664482969,0.017635464982982168,0.022794259702905363
784,0.022421399849829333,0.017292723366566096,0.017292723366566096,0.011374381089274133,0.022485492200385242,0.024438186071417543,0.023006581483238482
808,0.022421399849829333,0.017292723366566096,0.017292723366566096,0.019707714422607468,0.01692993664482969,0.01423410443876448,0.021641655752525583
870,0.022421399849829333,0.017292723366566096,0.017292723366566096,0.0280410477559408,0.022485492200385242,0.024438186071417543,0.02144449981364483
893,0.022421399849829333,0.017292723366566096,0.017292723366566096,0.044707714422607465,0.022485492200385242,0.024438186071417543,0.021535494862359023
041,0.022383497133467996,0.016661011427210444,0.016661011427210444,0.011374381089274133,0.014152158867051911,0.01423410443876448,0.023840702763118584
149,0.022383497133467996,0.016661011427210444,0.016661011427210444,0.011374381089274133,0.014152158867051911,0.01423410443876448,0.022824591385810094
253,0.022383497133467996,0.016661011427210444,0.016661011427210444,0.011374381089274133,0.01692993664482969,0.021036825527199855,0.022839757227262458
259,0.022383497133467996,0.016661011427210444,0.016661011427210444,0.011374381089274133,0.014152158867051911,0.021036825527199855,0.023264400787928692
434,0.022383497133467996,0.016661011427210444,0.016661011427210444,0.036374381089274134,0.02526326997816302,0.01423410443876448,0.02138383644783537
451,0.022383497133467996,0.016661011427210444,0.016661011427210444,0.011374381089274133,0.011374381089274133,0.024438186071417543,0.02411368790926116
576,0.022383497133467996,0.016661011427210444,0.016661011427210444,0.011374381089274133,0.011374381089274133,0.017635464982982168,0.02411368790926116
596,0.022383497133467996,0.016661011427210444,0.016661011427210444,0.0280410477559408,0.019707714422607468,0.021036825527199855,0.021747816642692142
730,0.022383497133467996,0.016661011427210444,0.016661011427210444,0.0280410477559408,0.02526326997816302,0.021036825527199855,0.021399002289287733
783,0.022383497133467996,0.016661011427210444,0.016661011427210444,0.011374381089274133,0.014152158867051911,0.01423410443876448,0.022809425544357727
795,0.022383497133467996,0.016661011427210444,0.016661011427210444,0.0280410477559408,0.022485492200385242,0.021036825527199855,0.021793314167049237
807,0.022383497133467996,0.016661011427210444,0.016661011427210444,0.0280410477559408,0.019707714422607468,0.01423410443876448,0.02138383644783537
812,0.022383497133467996,0.016661011427210444,0.016661011427210444,0.0280410477559408,0.022485492200385242,0.017635464982982168,0.021656821593977946
828,0.022383497133467996,0.016661011427210444,0.016661011427210444,0.011374381089274133,0.022485492200385242,0.010832743894546793,0.02334022999519052
874,0.022383497133467996,0.016661011427210444,0.016661011427210444,0.019707714422607468,0.01692993664482969,0.017635464982982168,0.021838811691406335
924,0.022383497133467996,0.016661011427210444,0.016661011427210444,0.019707714422607468,0.02526326997816302,0.017635464982982168,0.02196013842302526
017,0.022345594417106658,0.016029299487854788,0.016029299487854788,0.036374381089274134,0.02526326997816302,0.021036825527199855,0.021611324069620852
042,0.022345594417106658,0.016029299487854788,0.016029299487854788,0.0280410477559408,0.02526326997816302,0.017635464982982168,0.021702319118335044
090,0.022345594417106658,0.016029299487854788,0.016029299487854788,0.011374381089274133,0.019707714422607468,0.017635464982982168,0.022369616142239125
178,0.022345594417106658,0.016029299487854788,0.016029299487854788,0.019707714422607468,0.01692993664482969,0.01423410443876448,0.021702319118335044
400,0.022345594417106658,0.016029299487854788,0.016029299487854788,0.0280410477559408,0.019707714422607468,0.01423410443876448,0.021520329020906656
658,0.022345594417106658,0.016029299487854788,0.016029299487854788,0.011374381089274133,0.01692993664482969,0.01423410443876448,0.023901366128928042
802,0.022345594417106658,0.016029299487854788,0.016029299487854788,0.011374381089274133,0.014152158867051911,0.010832743894546793,0.022733596337095898
929,0.022345594417106658,0.016029299487854788,0.016029299487854788,0.011374381089274133,0.01692993664482969,0.01423410443876448,0.022339284459334394
968,0.022345594417106658,0.016029299487854788,0.016029299487854788,0.011374381089274133,0.019707714422607468,0.01423410443876448,0.02246061119095332
979,0.022345594417106658,0.016029299487854788,0.016029299487854788,0.011374381089274133,0.01692993664482969,0.010832743894546793,0.02267293297128644
135,0.022307691700745317,0.015397587548499136,0.015397587548499136,0.011374381089274133,0.014152158867051911,0.017635464982982168,0.022839757227262458
315,0.022307691700745317,0.015397587548499136,0.015397587548499136,0.011374381089274133,0.011374381089274133,0.017635464982982168,0.02411368790926116
026,0.02226978898438398,0.014765875609143482,0.014765875609143482,0.011374381089274133,0.011374381089274133,0.01423410443876448,0.02411368790926116
747,0.02226978898438398,0.014765875609143482,0.014765875609143482,0.011374381089274133,0.014152158867051911,0.017635464982982168,0.02364354682423783
