number,probability,raw_model_probability,long_rate,short_rate,recent_long_rate,weekday_rate,gap_signal
662,0.023727313817746357,0.0349806576685244,0.0349806576685244,0.036374381089274134,0.0280410477559408,0.03804362824828829,0.021611324069620852
053,0.02352516599715255,0.03245380991110179,0.03245380991110179,0.0280410477559408,0.022485492200385242,0.04144498879250598,0.021565826545263754
572,0.02352516599715255,0.03245380991110179,0.03245380991110179,0.019707714422607468,0.0280410477559408,0.04824770988094135,0.02159615822816849
697,0.02352516599715255,0.03245380991110179,0.03245380991110179,0.036374381089274134,0.03359660331149635,0.03804362824828829,0.02148999733800193
369,0.023474629042004095,0.031822097971746136,0.031822097971746136,0.036374381089274134,0.02526326997816302,0.02783954661563523,0.021808480008501604
432,0.023474629042004095,0.031822097971746136,0.031822097971746136,0.036374381089274134,0.030818825533718577,0.02783954661563523,0.021793314167049237
526,0.023474629042004095,0.031822097971746136,0.031822097971746136,0.036374381089274134,0.03359660331149635,0.031240907159852914,0.021535494862359023
592,0.023474629042004095,0.031822097971746136,0.031822097971746136,0.044707714422607465,0.03359660331149635,0.03804362824828829,0.0214141681307401
080,0.02342409208685564,0.03119038603239048,0.03119038603239048,0.061374381089274135,0.04748549220038524,0.021036825527199855,0.021611324069620852
983,0.02342409208685564,0.03119038603239048,0.03119038603239048,0.036374381089274134,0.030818825533718577,0.03804362824828829,0.021838811691406335
114,0.02337355513170719,0.030558674093034827,0.030558674093034827,0.0280410477559408,0.03915215886705191,0.02783954661563523,0.02144449981364483
186,0.02337355513170719,0.030558674093034827,0.030558674093034827,0.011374381089274133,0.0280410477559408,0.031240907159852914,0.02246061119095332
294,0.02337355513170719,0.030558674093034827,0.030558674093034827,0.0280410477559408,0.030818825533718577,0.031240907159852914,0.02147483149654956
370,0.02337355513170719,0.030558674093034827,0.030558674093034827,0.019707714422607468,0.0280410477559408,0.024438186071417543,0.02168715327688268
599,0.02337355513170719,0.030558674093034827,0.030558674093034827,0.036374381089274134,0.030818825533718577,0.024438186071417543,0.02138383644783537
645,0.02337355513170719,0.030558674093034827,0.030558674093034827,0.0280410477559408,0.030818825533718577,0.024438186071417543,0.02168715327688268
653,0.02337355513170719,0.030558674093034827,0.030558674093034827,0.011374381089274133,0.0280410477559408,0.034642267704070605,0.02232411861788203
867,0.02337355513170719,0.030558674093034827,0.030558674093034827,0.044707714422607465,0.02526326997816302,0.031240907159852914,0.02155066070381139
878,0.02337355513170719,0.030558674093034827,0.030558674093034827,0.019707714422607468,0.022485492200385242,0.031240907159852914,0.021626489911073216
119,0.023323018176558737,0.02992696215367917,0.02992696215367917,0.0280410477559408,0.02526326997816302,0.02783954661563523,0.02144449981364483
179,0.023323018176558737,0.02992696215367917,0.02992696215367917,0.019707714422607468,0.030818825533718577,0.03804362824828829,0.021535494862359023
213,0.023323018176558737,0.02992696215367917,0.02992696215367917,0.019707714422607468,0.02526326997816302,0.021036825527199855,0.021762982484144506
484,0.023323018176558737,0.02992696215367917,0.02992696215367917,0.019707714422607468,0.019707714422607468,0.024438186071417543,0.02211179683754891
964,0.023323018176558737,0.02992696215367917,0.02992696215367917,0.036374381089274134,0.036374381089274134,0.024438186071417543,0.02158099238671612
079,0.023272481221410287,0.02929525021432352,0.02929525021432352,0.019707714422607468,0.01692993664482969,0.031240907159852914,0.022096630996096548
243,0.023272481221410287,0.02929525021432352,0.02929525021432352,0.019707714422607468,0.0280410477559408,0.021036825527199855,0.021565826545263754
612,0.023272481221410287,0.02929525021432352,0.02929525021432352,0.0280410477559408,0.0280410477559408,0.03804362824828829,0.021838811691406335
676,0.023272481221410287,0.02929525021432352,0.02929525021432352,0.036374381089274134,0.03359660331149635,0.02783954661563523,0.021656821593977946
811,0.023272481221410287,0.02929525021432352,0.02929525021432352,0.0530410477559408,0.03359660331149635,0.02783954661563523,0.021641655752525583
875,0.023272481221410287,0.02929525021432352,0.02929525021432352,0.0280410477559408,0.030818825533718577,0.03804362824828829,0.021459665655097198
013,0.023221944266261833,0.028663538274967867,0.028663538274967867,0.036374381089274134,0.030818825533718577,0.024438186071417543,0.02138383644783537
052,0.023221944266261833,0.028663538274967867,0.028663538274967867,0.0280410477559408,0.02526326997816302,0.031240907159852914,0.021611324069620852
057,0.023221944266261833,0.028663538274967867,0.028663538274967867,0.019707714422607468,0.0280410477559408,0.03804362824828829,0.021520329020906656
073,0.023221944266261833,0.028663538274967867,0.028663538274967867,0.0280410477559408,0.0280410477559408,0.031240907159852914,0.021732650801239775
267,0.023221944266261833,0.028663538274967867,0.028663538274967867,0.011374381089274133,0.0280410477559408,0.031240907159852914,0.022839757227262458
356,0.023221944266261833,0.028663538274967867,0.028663538274967867,0.019707714422607468,0.02526326997816302,0.031240907159852914,0.021671987435430314
473,0.023221944266261833,0.028663538274967867,0.028663538274967867,0.019707714422607468,0.030818825533718577,0.034642267704070605,0.02196013842302526
522,0.023221944266261833,0.028663538274967867,0.028663538274967867,0.036374381089274134,0.030818825533718577,0.02783954661563523,0.0214141681307401
547,0.023221944266261833,0.028663538274967867,0.028663538274967867,0.044707714422607465,0.03359660331149635,0.021036825527199855,0.0214141681307401
661,0.023221944266261833,0.028663538274967867,0.028663538274967867,0.044707714422607465,0.02526326997816302,0.02783954661563523,0.021656821593977946
848,0.023221944266261833,0.028663538274967867,0.028663538274967867,0.0280410477559408,0.02526326997816302,0.024438186071417543,0.021520329020906656
854,0.023221944266261833,0.028663538274967867,0.028663538274967867,0.019707714422607468,0.02526326997816302,0.02783954661563523,0.022096630996096548
871,0.023221944266261833,0.028663538274967867,0.028663538274967867,0.0280410477559408,0.019707714422607468,0.024438186071417543,0.021520329020906656
906,0.023221944266261833,0.028663538274967867,0.028663538274967867,0.019707714422607468,0.030818825533718577,0.021036825527199855,0.02148999733800193
981,0.023221944266261833,0.028663538274967867,0.028663538274967867,0.044707714422607465,0.030818825533718577,0.031240907159852914,0.02147483149654956
000,0.02317140731111338,0.02803182633561221,0.02803182633561221,0.0280410477559408,0.030818825533718577,0.01423410443876448,0.02202080178883472
092,0.02317140731111338,0.02803182633561221,0.02803182633561221,0.011374381089274133,0.0280410477559408,0.04144498879250598,0.022688098812738804
112,0.02317140731111338,0.02803182633561221,0.02803182633561221,0.019707714422607468,0.01692993664482969,0.031240907159852914,0.021611324069620852
151,0.02317140731111338,0.02803182633561221,0.02803182633561221,0.011374381089274133,0.022485492200385242,0.021036825527199855,0.02293075227597665
194,0.02317140731111338,0.02803182633561221,0.02803182633561221,0.019707714422607468,0.0280410477559408,0.021036825527199855,0.021914640898668163
221,0.02317140731111338,0.02803182633561221,0.02803182633561221,0.019707714422607468,0.02526326997816302,0.02783954661563523,0.02196013842302526
326,0.02317140731111338,0.02803182633561221,0.02803182633561221,0.036374381089274134,0.02526326997816302,0.034642267704070605,0.02158099238671612
422,0.02317140731111338,0.02803182633561221,0.02803182633561221,0.019707714422607468,0.019707714422607468,0.01423410443876448,0.02159615822816849
532,0.02317140731111338,0.02803182633561221,0.02803182633561221,0.019707714422607468,0.030818825533718577,0.044846349336723663,0.021793314167049237
556,0.02317140731111338,0.02803182633561221,0.02803182633561221,0.044707714422607465,0.036374381089274134,0.04144498879250598,0.021975304264477625
573,0.02317140731111338,0.02803182633561221,0.02803182633561221,0.019707714422607468,0.019707714422607468,0.02783954661563523,0.021535494862359023
619,0.02317140731111338,0.02803182633561221,0.02803182633561221,0.019707714422607468,0.030818825533718577,0.021036825527199855,0.022172460203358377
691,0.02317140731111338,0.02803182633561221,0.02803182633561221,0.019707714422607468,0.030818825533718577,0.021036825527199855,0.02212696267900128
715,0.02317140731111338,0.02803182633561221,0.02803182633561221,0.044707714422607465,0.030818825533718577,0.021036825527199855,0.021505163179454292
724,0.02317140731111338,0.02803182633561221,0.02803182633561221,0.044707714422607465,0.030818825533718577,0.017635464982982168,0.021869143374311065
749,0.02317140731111338,0.02803182633561221,0.02803182633561221,0.036374381089274134,0.02526326997816302,0.02783954661563523,0.021671987435430314
774,0.02317140731111338,0.02803182633561221,0.02803182633561221,0.011374381089274133,0.03359660331149635,0.02783954661563523,0.02239994782514386
836,0.02317140731111338,0.02803182633561221,0.02803182633561221,0.0280410477559408,0.03359660331149635,0.024438186071417543,0.021929806740120527
932,0.02317140731111338,0.02803182633561221,0.02803182633561221,0.0280410477559408,0.02526326997816302,0.021036825527199855,0.021702319118335044
957,0.02317140731111338,0.02803182633561221,0.02803182633561221,0.036374381089274134,0.036374381089274134,0.02783954661563523,0.02148999733800193
975,0.02317140731111338,0.02803182633561221,0.02803182633561221,0.019707714422607468,0.02526326997816302,0.04144498879250598,0.02158099238671612
978,0.02317140731111338,0.02803182633561221,0.02803182633561221,0.019707714422607468,0.022485492200385242,0.010832743894546793,0.022187626044810744
059,0.02312087035596493,0.02740011439625656,0.02740011439625656,0.036374381089274134,0.0280410477559408,0.017635464982982168,0.021671987435430314
081,0.02312087035596493,0.02740011439625656,0.02740011439625656,0.0280410477559408,0.030818825533718577,0.034642267704070605,0.02171748495978741
124,0.02312087035596493,0.02740011439625656,0.02740011439625656,0.011374381089274133,0.01692993664482969,0.024438186071417543,0.022748762178548265
138,0.02312087035596493,0.02740011439625656,0.02740011439625656,0.019707714422607468,0.0280410477559408,0.034642267704070605,0.021671987435430314
189,0.02312087035596493,0.02740011439625656,0.02740011439625656,0.044707714422607465,0.030818825533718577,0.024438186071417543,0.021505163179454292
239,0.02312087035596493,0.02740011439625656,0.02740011439625656,0.0280410477559408,0.02526326997816302,0.017635464982982168,0.021399002289287733
292,0.02312087035596493,0.02740011439625656,0.02740011439625656,0.011374381089274133,0.02526326997816302,0.024438186071417543,0.022339284459334394
358,0.02312087035596493,0.02740011439625656,0.02740011439625656,0.019707714422607468,0.02526326997816302,0.021036825527199855,0.021747816642692142
362,0.02312087035596493,0.02740011439625656,0.02740011439625656,0.011374381089274133,0.01692993664482969,0.024438186071417543,0.022415113666596223
363,0.02312087035596493,0.02740011439625656,0.02740011439625656,0.019707714422607468,0.022485492200385242,0.02783954661563523,0.021869143374311065
409,0.02312087035596493,0.02740011439625656,0.02740011439625656,0.036374381089274134,0.03359660331149635,0.024438186071417543,0.021429333972192464
419,0.02312087035596493,0.02740011439625656,0.02740011439625656,0.011374381089274133,0.014152158867051911,0.02783954661563523,0.02253644039821515
475,0.02312087035596493,0.02740011439625656,0.02740011439625656,0.011374381089274133,0.01692993664482969,0.024438186071417543,0.02239994782514386
491,0.02312087035596493,0.02740011439625656,0.02740011439625656,0.011374381089274133,0.0280410477559408,0.017635464982982168,0.022627435446929342
523,0.02312087035596493,0.02740011439625656,0.02740011439625656,0.019707714422607468,0.02526326997816302,0.031240907159852914,0.021793314167049237
525,0.02312087035596493,0.02740011439625656,0.02740011439625656,0.036374381089274134,0.0280410477559408,0.024438186071417543,0.021899475057215796
620,0.02312087035596493,0.02740011439625656,0.02740011439625656,0.0280410477559408,0.022485492200385242,0.017635464982982168,0.02159615822816849
633,0.02312087035596493,0.02740011439625656,0.02740011439625656,0.036374381089274134,0.0280410477559408,0.034642267704070605,0.021459665655097198
729,0.02312087035596493,0.02740011439625656,0.02740011439625656,0.0280410477559408,0.030818825533718577,0.034642267704070605,0.021626489911073216
813,0.02312087035596493,0.02740011439625656,0.02740011439625656,0.019707714422607468,0.019707714422607468,0.031240907159852914,0.021808480008501604
898,0.02312087035596493,0.02740011439625656,0.02740011439625656,0.011374381089274133,0.019707714422607468,0.017635464982982168,0.023264400787928692
916,0.02312087035596493,0.02740011439625656,0.02740011439625656,0.019707714422607468,0.022485492200385242,0.031240907159852914,0.022172460203358377
021,0.023070333400816476,0.026768402456900903,0.026768402456900903,0.044707714422607465,0.030818825533718577,0.017635464982982168,0.02144449981364483
035,0.023070333400816476,0.026768402456900903,0.026768402456900903,0.036374381089274134,0.0280410477559408,0.024438186071417543,0.021505163179454292
063,0.023070333400816476,0.026768402456900903,0.026768402456900903,0.0280410477559408,0.030818825533718577,0.04144498879250598,0.02148999733800193
102,0.023070333400816476,0.026768402456900903,0.026768402456900903,0.019707714422607468,0.022485492200385242,0.021036825527199855,0.022142128520453646
115,0.023070333400816476,0.026768402456900903,0.026768402456900903,0.019707714422607468,0.02526326997816302,0.02783954661563523,0.022035967630287086
127,0.023070333400816476,0.026768402456900903,0.026768402456900903,0.0280410477559408,0.019707714422607468,0.034642267704070605,0.021869143374311065
132,0.023070333400816476,0.026768402456900903,0.026768402456900903,0.044707714422607465,0.0280410477559408,0.017635464982982168,0.02171748495978741
169,0.023070333400816476,0.026768402456900903,0.026768402456900903,0.044707714422607465,0.03359660331149635,0.024438186071417543,0.02138383644783537
224,0.023070333400816476,0.026768402456900903,0.026768402456900903,0.019707714422607468,0.02526326997816302,0.021036825527199855,0.02168715327688268
244,0.023070333400816476,0.026768402456900903,0.026768402456900903,0.011374381089274133,0.022485492200385242,0.017635464982982168,0.022581937922572244
254,0.023070333400816476,0.026768402456900903,0.026768402456900903,0.0280410477559408,0.02526326997816302,0.02783954661563523,0.022081465154644184
274,0.023070333400816476,0.026768402456900903,0.026768402456900903,0.019707714422607468,0.014152158867051911,0.021036825527199855,0.022248289410620202
296,0.023070333400816476,0.026768402456900903,0.026768402456900903,0.019707714422607468,0.02526326997816302,0.034642267704070605,0.022187626044810744
336,0.023070333400816476,0.026768402456900903,0.026768402456900903,0.019707714422607468,0.022485492200385242,0.024438186071417543,0.021565826545263754
341,0.023070333400816476,0.026768402456900903,0.026768402456900903,0.011374381089274133,0.022485492200385242,0.031240907159852914,0.022445445349500954
344,0.023070333400816476,0.026768402456900903,0.026768402456900903,0.036374381089274134,0.02526326997816302,0.034642267704070605,0.02138383644783537
394,0.023070333400816476,0.026768402456900903,0.026768402456900903,0.044707714422607465,0.030818825533718577,0.034642267704070605,0.02155066070381139
395,0.023070333400816476,0.026768402456900903,0.026768402456900903,0.019707714422607468,0.0280410477559408,0.021036825527199855,0.02148999733800193
492,0.023070333400816476,0.026768402456900903,0.026768402456900903,0.011374381089274133,0.02526326997816302,0.017635464982982168,0.02276392802000063
549,0.023070333400816476,0.026768402456900903,0.026768402456900903,0.011374381089274133,0.019707714422607468,0.024438186071417543,0.02235445030078676
605,0.023070333400816476,0.026768402456900903,0.026768402456900903,0.044707714422607465,0.03359660331149635,0.02783954661563523,0.02158099238671612
606,0.023070333400816476,0.026768402456900903,0.026768402456900903,0.036374381089274134,0.036374381089274134,0.024438186071417543,0.021793314167049237
634,0.023070333400816476,0.026768402456900903,0.026768402456900903,0.036374381089274134,0.02526326997816302,0.017635464982982168,0.02158099238671612
647,0.023070333400816476,0.026768402456900903,0.026768402456900903,0.0280410477559408,0.022485492200385242,0.02783954661563523,0.021869143374311065
665,0.023070333400816476,0.026768402456900903,0.026768402456900903,0.0280410477559408,0.02526326997816302,0.017635464982982168,0.021702319118335044
727,0.023070333400816476,0.026768402456900903,0.026768402456900903,0.019707714422607468,0.030818825533718577,0.04144498879250598,0.02211179683754891
742,0.023070333400816476,0.026768402456900903,0.026768402456900903,0.036374381089274134,0.0280410477559408,0.024438186071417543,0.02144449981364483
761,0.023070333400816476,0.026768402456900903,0.026768402456900903,0.036374381089274134,0.022485492200385242,0.024438186071417543,0.021778148325596873
910,0.023070333400816476,0.026768402456900903,0.026768402456900903,0.019707714422607468,0.019707714422607468,0.024438186071417543,0.02148999733800193
937,0.023070333400816476,0.026768402456900903,0.026768402456900903,0.019707714422607468,0.019707714422607468,0.021036825527199855,0.021535494862359023
003,0.023019796445668025,0.02613669051754525,0.02613669051754525,0.044707714422607465,0.022485492200385242,0.031240907159852914,0.02158099238671612
022,0.023019796445668025,0.02613669051754525,0.02613669051754525,0.0280410477559408,0.0280410477559408,0.031240907159852914,0.02138383644783537
031,0.023019796445668025,0.02613669051754525,0.02613669051754525,0.036374381089274134,0.0280410477559408,0.02783954661563523,0.021459665655097198
032,0.023019796445668025,0.02613669051754525,0.02613669051754525,0.019707714422607468,0.022485492200385242,0.031240907159852914,0.022005635947382356
087,0.023019796445668025,0.02613669051754525,0.02613669051754525,0.019707714422607468,0.022485492200385242,0.021036825527199855,0.021505163179454292
097,0.023019796445668025,0.02613669051754525,0.02613669051754525,0.0280410477559408,0.03359660331149635,0.024438186071417543,0.021459665655097198
111,0.023019796445668025,0.02613669051754525,0.02613669051754525,0.0280410477559408,0.02526326997816302,0.031240907159852914,0.021899475057215796
131,0.023019796445668025,0.02613669051754525,0.02613669051754525,0.036374381089274134,0.0280410477559408,0.034642267704070605,0.021520329020906656
147,0.023019796445668025,0.02613669051754525,0.02613669051754525,0.019707714422607468,0.02526326997816302,0.03804362824828829,0.021459665655097198
158,0.023019796445668025,0.02613669051754525,0.02613669051754525,0.019707714422607468,0.01692993664482969,0.03804362824828829,0.022172460203358377
166,0.023019796445668025,0.02613669051754525,0.02613669051754525,0.0280410477559408,0.022485492200385242,0.031240907159852914,0.02202080178883472
174,0.023019796445668025,0.02613669051754525,0.02613669051754525,0.019707714422607468,0.0280410477559408,0.017635464982982168,0.02226345525207257
191,0.023019796445668025,0.02613669051754525,0.02613669051754525,0.019707714422607468,0.03359660331149635,0.02783954661563523,0.021929806740120527
200,0.023019796445668025,0.02613669051754525,0.02613669051754525,0.044707714422607465,0.0280410477559408,0.031240907159852914,0.021459665655097198
206,0.023019796445668025,0.02613669051754525,0.02613669051754525,0.019707714422607468,0.019707714422607468,0.034642267704070605,0.022248289410620202
208,0.023019796445668025,0.02613669051754525,0.02613669051754525,0.019707714422607468,0.0280410477559408,0.021036825527199855,0.021656821593977946
217,0.023019796445668025,0.02613669051754525,0.02613669051754525,0.044707714422607465,0.0280410477559408,0.03804362824828829,0.021808480008501604
250,0.023019796445668025,0.02613669051754525,0.02613669051754525,0.044707714422607465,0.03915215886705191,0.021036825527199855,0.021671987435430314
289,0.023019796445668025,0.02613669051754525,0.02613669051754525,0.011374381089274133,0.014152158867051911,0.017635464982982168,0.023325064153738157
313,0.023019796445668025,0.02613669051754525,0.02613669051754525,0.044707714422607465,0.03359660331149635,0.01423410443876448,0.0214141681307401
349,0.023019796445668025,0.02613669051754525,0.02613669051754525,0.0280410477559408,0.022485492200385242,0.024438186071417543,0.021762982484144506
391,0.023019796445668025,0.02613669051754525,0.02613669051754525,0.019707714422607468,0.0280410477559408,0.024438186071417543,0.021793314167049237
396,0.023019796445668025,0.02613669051754525,0.02613669051754525,0.011374381089274133,0.01692993664482969,0.021036825527199855,0.02253644039821515
417,0.023019796445668025,0.02613669051754525,0.02613669051754525,0.036374381089274134,0.030818825533718577,0.021036825527199855,0.02168715327688268
435,0.023019796445668025,0.02613669051754525,0.02613669051754525,0.0280410477559408,0.022485492200385242,0.02783954661563523,0.021535494862359023
447,0.023019796445668025,0.02613669051754525,0.02613669051754525,0.0280410477559408,0.02526326997816302,0.024438186071417543,0.02211179683754891
450,0.023019796445668025,0.02613669051754525,0.02613669051754525,0.019707714422607468,0.019707714422607468,0.02783954661563523,0.021626489911073216
481,0.023019796445668025,0.02613669051754525,0.02613669051754525,0.036374381089274134,0.02526326997816302,0.031240907159852914,0.02168715327688268
509,0.023019796445668025,0.02613669051754525,0.02613669051754525,0.044707714422607465,0.036374381089274134,0.017635464982982168,0.021429333972192464
543,0.023019796445668025,0.02613669051754525,0.02613669051754525,0.011374381089274133,0.01692993664482969,0.017635464982982168,0.022597103764024608
561,0.023019796445668025,0.02613669051754525,0.02613669051754525,0.0280410477559408,0.0280410477559408,0.017635464982982168,0.021702319118335044
603,0.023019796445668025,0.02613669051754525,0.02613669051754525,0.036374381089274134,0.022485492200385242,0.031240907159852914,0.021520329020906656
625,0.023019796445668025,0.02613669051754525,0.02613669051754525,0.011374381089274133,0.022485492200385242,0.02783954661563523,0.02256677208111988
669,0.023019796445668025,0.02613669051754525,0.02613669051754525,0.019707714422607468,0.0280410477559408,0.024438186071417543,0.021626489911073216
705,0.023019796445668025,0.02613669051754525,0.02613669051754525,0.044707714422607465,0.0280410477559408,0.024438186071417543,0.021459665655097198
710,0.023019796445668025,0.02613669051754525,0.02613669051754525,0.0280410477559408,0.022485492200385242,0.021036825527199855,0.022051133471739454
720,0.023019796445668025,0.02613669051754525,0.02613669051754525,0.044707714422607465,0.036374381089274134,0.024438186071417543,0.02188430921576343
794,0.023019796445668025,0.02613669051754525,0.02613669051754525,0.019707714422607468,0.02526326997816302,0.031240907159852914,0.021793314167049237
814,0.023019796445668025,0.02613669051754525,0.02613669051754525,0.011374381089274133,0.019707714422607468,0.02783954661563523,0.02338572751954762
829,0.023019796445668025,0.02613669051754525,0.02613669051754525,0.011374381089274133,0.019707714422607468,0.017635464982982168,0.023021747324690846
844,0.023019796445668025,0.02613669051754525,0.02613669051754525,0.011374381089274133,0.02526326997816302,0.024438186071417543,0.022339284459334394
847,0.023019796445668025,0.02613669051754525,0.02613669051754525,0.019707714422607468,0.022485492200385242,0.01423410443876448,0.021671987435430314
851,0.023019796445668025,0.02613669051754525,0.02613669051754525,0.044707714422607465,0.036374381089274134,0.017635464982982168,0.02144449981364483
879,0.023019796445668025,0.02613669051754525,0.02613669051754525,0.019707714422607468,0.02526326997816302,0.02783954661563523,0.021702319118335044
889,0.023019796445668025,0.02613669051754525,0.02613669051754525,0.0280410477559408,0.02526326997816302,0.02783954661563523,0.02147483149654956
902,0.023019796445668025,0.02613669051754525,0.02613669051754525,0.0280410477559408,0.019707714422607468,0.034642267704070605,0.02202080178883472
903,0.023019796445668025,0.02613669051754525,0.02613669051754525,0.036374381089274134,0.02526326997816302,0.017635464982982168,0.021505163179454292
960,0.023019796445668025,0.02613669051754525,0.02613669051754525,0.019707714422607468,0.019707714422607468,0.031240907159852914,0.021778148325596873
990,0.023019796445668025,0.02613669051754525,0.02613669051754525,0.019707714422607468,0.01692993664482969,0.021036825527199855,0.021520329020906656
046,0.02296925949051957,0.025504978578189598,0.025504978578189598,0.0280410477559408,0.0280410477559408,0.024438186071417543,0.02138383644783537
049,0.02296925949051957,0.025504978578189598,0.025504978578189598,0.011374381089274133,0.01692993664482969,0.02783954661563523,0.02338572751954762
133,0.02296925949051957,0.025504978578189598,0.025504978578189598,0.0280410477559408,0.019707714422607468,0.017635464982982168,0.0218539775328587
139,0.02296925949051957,0.025504978578189598,0.025504978578189598,0.011374381089274133,0.014152158867051911,0.024438186071417543,0.02253644039821515
168,0.02296925949051957,0.025504978578189598,0.025504978578189598,0.019707714422607468,0.0280410477559408,0.024438186071417543,0.021671987435430314
205,0.02296925949051957,0.025504978578189598,0.025504978578189598,0.0280410477559408,0.030818825533718577,0.017635464982982168,0.021429333972192464
299,0.02296925949051957,0.025504978578189598,0.025504978578189598,0.0530410477559408,0.030818825533718577,0.024438186071417543,0.021535494862359023
314,0.02296925949051957,0.025504978578189598,0.025504978578189598,0.0280410477559408,0.02526326997816302,0.02783954661563523,0.021944972581572894
318,0.02296925949051957,0.025504978578189598,0.025504978578189598,0.0280410477559408,0.02526326997816302,0.034642267704070605,0.021808480008501604
390,0.02296925949051957,0.025504978578189598,0.025504978578189598,0.0280410477559408,0.019707714422607468,0.034642267704070605,0.02144449981364483
398,0.02296925949051957,0.025504978578189598,0.025504978578189598,0.019707714422607468,0.03359660331149635,0.02783954661563523,0.02202080178883472
427,0.02296925949051957,0.025504978578189598,0.025504978578189598,0.036374381089274134,0.022485492200385242,0.031240907159852914,0.02147483149654956
482,0.02296925949051957,0.025504978578189598,0.025504978578189598,0.011374381089274133,0.014152158867051911,0.024438186071417543,0.022415113666596223
559,0.02296925949051957,0.025504978578189598,0.025504978578189598,0.011374381089274133,0.019707714422607468,0.034642267704070605,0.022308952776429667
565,0.02296925949051957,0.025504978578189598,0.025504978578189598,0.0280410477559408,0.022485492200385242,0.02783954661563523,0.02144449981364483
568,0.02296925949051957,0.025504978578189598,0.025504978578189598,0.0280410477559408,0.030818825533718577,0.02783954661563523,0.021762982484144506
586,0.02296925949051957,0.025504978578189598,0.025504978578189598,0.0280410477559408,0.022485492200385242,0.02783954661563523,0.02199047010592999
594,0.02296925949051957,0.025504978578189598,0.025504978578189598,0.0280410477559408,0.022485492200385242,0.03804362824828829,0.021641655752525583
595,0.02296925949051957,0.025504978578189598,0.025504978578189598,0.0530410477559408,0.030818825533718577,0.021036825527199855,0.02147483149654956
609,0.02296925949051957,0.025504978578189598,0.025504978578189598,0.011374381089274133,0.019707714422607468,0.02783954661563523,0.023522220092618906
618,0.02296925949051957,0.025504978578189598,0.025504978578189598,0.0280410477559408,0.0280410477559408,0.017635464982982168,0.021975304264477625
627,0.02296925949051957,0.025504978578189598,0.025504978578189598,0.019707714422607468,0.02526326997816302,0.021036825527199855,0.02212696267900128
636,0.02296925949051957,0.025504978578189598,0.025504978578189598,0.0280410477559408,0.0280410477559408,0.024438186071417543,0.021565826545263754
652,0.02296925949051957,0.025504978578189598,0.025504978578189598,0.0280410477559408,0.02526326997816302,0.024438186071417543,0.021399002289287733
666,0.02296925949051957,0.025504978578189598,0.025504978578189598,0.019707714422607468,0.030818825533718577,0.021036825527199855,0.02215729436190601
686,0.02296925949051957,0.025504978578189598,0.025504978578189598,0.019707714422607468,0.02526326997816302,0.021036825527199855,0.02182364584995397
688,0.02296925949051957,0.025504978578189598,0.025504978578189598,0.036374381089274134,0.030818825533718577,0.024438186071417543,0.021808480008501604
718,0.02296925949051957,0.025504978578189598,0.025504978578189598,0.036374381089274134,0.0280410477559408,0.024438186071417543,0.0214141681307401
740,0.02296925949051957,0.025504978578189598,0.025504978578189598,0.036374381089274134,0.03359660331149635,0.024438186071417543,0.021505163179454292
752,0.02296925949051957,0.025504978578189598,0.025504978578189598,0.0280410477559408,0.030818825533718577,0.024438186071417543,0.021520329020906656
766,0.02296925949051957,0.025504978578189598,0.025504978578189598,0.011374381089274133,0.014152158867051911,0.017635464982982168,0.023567717616976003
791,0.02296925949051957,0.025504978578189598,0.025504978578189598,0.0280410477559408,0.02526326997816302,0.031240907159852914,0.02155066070381139
799,0.02296925949051957,0.025504978578189598,0.025504978578189598,0.019707714422607468,0.02526326997816302,0.031240907159852914,0.021429333972192464
841,0.02296925949051957,0.025504978578189598,0.025504978578189598,0.019707714422607468,0.01692993664482969,0.02783954661563523,0.02196013842302526
869,0.02296925949051957,0.025504978578189598,0.025504978578189598,0.019707714422607468,0.0280410477559408,0.021036825527199855,0.02202080178883472
936,0.02296925949051957,0.025504978578189598,0.025504978578189598,0.0280410477559408,0.022485492200385242,0.034642267704070605,0.021929806740120527
966,0.02296925949051957,0.025504978578189598,0.025504978578189598,0.019707714422607468,0.014152158867051911,0.02783954661563523,0.02147483149654956
014,0.022918722535371118,0.024873266638833942,0.024873266638833942,0.019707714422607468,0.02526326997816302,0.034642267704070605,0.021838811691406335
023,0.022918722535371118,0.024873266638833942,0.024873266638833942,0.019707714422607468,0.022485492200385242,0.031240907159852914,0.021732650801239775
028,0.022918722535371118,0.024873266638833942,0.024873266638833942,0.036374381089274134,0.02526326997816302,0.024438186071417543,0.021520329020906656
098,0.022918722535371118,0.024873266638833942,0.024873266638833942,0.0280410477559408,0.02526326997816302,0.01423410443876448,0.022187626044810744
106,0.022918722535371118,0.024873266638833942,0.024873266638833942,0.019707714422607468,0.030818825533718577,0.02783954661563523,0.02188430921576343
121,0.022918722535371118,0.024873266638833942,0.024873266638833942,0.019707714422607468,0.019707714422607468,0.024438186071417543,0.021975304264477625
125,0.022918722535371118,0.024873266638833942,0.024873266638833942,0.019707714422607468,0.0280410477559408,0.031240907159852914,0.022035967630287086
202,0.022918722535371118,0.024873266638833942,0.024873266638833942,0.0280410477559408,0.030818825533718577,0.031240907159852914,0.021975304264477625
215,0.022918722535371118,0.024873266638833942,0.024873266638833942,0.011374381089274133,0.01692993664482969,0.021036825527199855,0.022521274556762783
225,0.022918722535371118,0.024873266638833942,0.024873266638833942,0.011374381089274133,0.01692993664482969,0.021036825527199855,0.022703264654191167
228,0.022918722535371118,0.024873266638833942,0.024873266638833942,0.0280410477559408,0.022485492200385242,0.02783954661563523,0.021429333972192464
236,0.022918722535371118,0.024873266638833942,0.024873266638833942,0.036374381089274134,0.02526326997816302,0.024438186071417543,0.02171748495978741
246,0.022918722535371118,0.024873266638833942,0.024873266638833942,0.011374381089274133,0.0280410477559408,0.02783954661563523,0.02232411861788203
264,0.022918722535371118,0.024873266638833942,0.024873266638833942,0.036374381089274134,0.022485492200385242,0.02783954661563523,0.02138383644783537
277,0.022918722535371118,0.024873266638833942,0.024873266638833942,0.019707714422607468,0.0280410477559408,0.021036825527199855,0.02199047010592999
278,0.022918722535371118,0.024873266638833942,0.024873266638833942,0.036374381089274134,0.030818825533718577,0.02783954661563523,0.021869143374311065
302,0.022918722535371118,0.024873266638833942,0.024873266638833942,0.019707714422607468,0.019707714422607468,0.024438186071417543,0.021611324069620852
310,0.022918722535371118,0.024873266638833942,0.024873266638833942,0.0280410477559408,0.019707714422607468,0.021036825527199855,0.02196013842302526
312,0.022918722535371118,0.024873266638833942,0.024873266638833942,0.011374381089274133,0.019707714422607468,0.02783954661563523,0.022809425544357727
339,0.022918722535371118,0.024873266638833942,0.024873266638833942,0.044707714422607465,0.02526326997816302,0.024438186071417543,0.021399002289287733
360,0.022918722535371118,0.024873266638833942,0.024873266638833942,0.0280410477559408,0.03359660331149635,0.021036825527199855,0.021429333972192464
380,0.022918722535371118,0.024873266638833942,0.024873266638833942,0.011374381089274133,0.01692993664482969,0.021036825527199855,0.023431225043904713
389,0.022918722535371118,0.024873266638833942,0.024873266638833942,0.011374381089274133,0.019707714422607468,0.017635464982982168,0.02239994782514386
431,0.022918722535371118,0.024873266638833942,0.024873266638833942,0.011374381089274133,0.014152158867051911,0.021036825527199855,0.023962029494737504
442,0.022918722535371118,0.024873266638833942,0.024873266638833942,0.0280410477559408,0.03359660331149635,0.034642267704070605,0.02196013842302526
460,0.022918722535371118,0.024873266638833942,0.024873266638833942,0.0280410477559408,0.0280410477559408,0.031240907159852914,0.021505163179454292
461,0.022918722535371118,0.024873266638833942,0.024873266638833942,0.011374381089274133,0.022485492200385242,0.021036825527199855,0.0222937869349773
508,0.022918722535371118,0.024873266638833942,0.024873266638833942,0.0280410477559408,0.019707714422607468,0.02783954661563523,0.021899475057215796
510,0.022918722535371118,0.024873266638833942,0.024873266638833942,0.0280410477559408,0.03359660331149635,0.031240907159852914,0.021747816642692142
517,0.022918722535371118,0.024873266638833942,0.024873266638833942,0.0280410477559408,0.0280410477559408,0.034642267704070605,0.021732650801239775
566,0.022918722535371118,0.024873266638833942,0.024873266638833942,0.019707714422607468,0.02526326997816302,0.02783954661563523,0.021399002289287733
582,0.022918722535371118,0.024873266638833942,0.024873266638833942,0.0280410477559408,0.0280410477559408,0.02783954661563523,0.02221795772771547
601,0.022918722535371118,0.024873266638833942,0.024873266638833942,0.0280410477559408,0.022485492200385242,0.021036825527199855,0.021656821593977946
610,0.022918722535371118,0.024873266638833942,0.024873266638833942,0.044707714422607465,0.022485492200385242,0.024438186071417543,0.021611324069620852
651,0.022918722535371118,0.024873266638833942,0.024873266638833942,0.036374381089274134,0.030818825533718577,0.031240907159852914,0.021899475057215796
672,0.022918722535371118,0.024873266638833942,0.024873266638833942,0.011374381089274133,0.019707714422607468,0.02783954661563523,0.023082410690500304
679,0.022918722535371118,0.024873266638833942,0.024873266638833942,0.019707714422607468,0.019707714422607468,0.02783954661563523,0.02168715327688268
683,0.022918722535371118,0.024873266638833942,0.024873266638833942,0.0280410477559408,0.022485492200385242,0.021036825527199855,0.021762982484144506
704,0.022918722535371118,0.024873266638833942,0.024873266638833942,0.036374381089274134,0.0280410477559408,0.010832743894546793,0.021747816642692142
736,0.022918722535371118,0.024873266638833942,0.024873266638833942,0.019707714422607468,0.019707714422607468,0.021036825527199855,0.02148999733800193
745,0.022918722535371118,0.024873266638833942,0.024873266638833942,0.011374381089274133,0.014152158867051911,0.031240907159852914,0.022733596337095898
764,0.022918722535371118,0.024873266638833942,0.024873266638833942,0.0280410477559408,0.030818825533718577,0.01423410443876448,0.021611324069620852
804,0.022918722535371118,0.024873266638833942,0.024873266638833942,0.019707714422607468,0.02526326997816302,0.017635464982982168,0.02144449981364483
816,0.022918722535371118,0.024873266638833942,0.024873266638833942,0.011374381089274133,0.014152158867051911,0.02783954661563523,0.022642601288381706
832,0.022918722535371118,0.024873266638833942,0.024873266638833942,0.011374381089274133,0.019707714422607468,0.01423410443876448,0.02239994782514386
850,0.022918722535371118,0.024873266638833942,0.024873266638833942,0.0280410477559408,0.022485492200385242,0.021036825527199855,0.021975304264477625
853,0.022918722535371118,0.024873266638833942,0.024873266638833942,0.036374381089274134,0.02526326997816302,0.021036825527199855,0.02159615822816849
876,0.022918722535371118,0.024873266638833942,0.024873266638833942,0.0280410477559408,0.0280410477559408,0.017635464982982168,0.021565826545263754
877,0.022918722535371118,0.024873266638833942,0.024873266638833942,0.019707714422607468,0.02526326997816302,0.01423410443876448,0.022035967630287086
883,0.022918722535371118,0.024873266638833942,0.024873266638833942,0.011374381089274133,0.022485492200385242,0.031240907159852914,0.022339284459334394
887,0.022918722535371118,0.024873266638833942,0.024873266638833942,0.019707714422607468,0.02526326997816302,0.024438186071417543,0.022005635947382356
888,0.022918722535371118,0.024873266638833942,0.024873266638833942,0.044707714422607465,0.030818825533718577,0.021036825527199855,0.02155066070381139
904,0.022918722535371118,0.024873266638833942,0.024873266638833942,0.019707714422607468,0.019707714422607468,0.031240907159852914,0.022066299313191817
908,0.022918722535371118,0.024873266638833942,0.024873266638833942,0.0280410477559408,0.01692993664482969,0.024438186071417543,0.02188430921576343
913,0.022918722535371118,0.024873266638833942,0.024873266638833942,0.0280410477559408,0.030818825533718577,0.017635464982982168,0.021641655752525583
917,0.022918722535371118,0.024873266638833942,0.024873266638833942,0.0280410477559408,0.03359660331149635,0.021036825527199855,0.021732650801239775
927,0.022918722535371118,0.024873266638833942,0.024873266638833942,0.011374381089274133,0.03359660331149635,0.024438186071417543,0.022748762178548265
938,0.022918722535371118,0.024873266638833942,0.024873266638833942,0.044707714422607465,0.03359660331149635,0.01423410443876448,0.021747816642692142
946,0.022918722535371118,0.024873266638833942,0.024873266638833942,0.019707714422607468,0.019707714422607468,0.02783954661563523,0.021869143374311065
959,0.022918722535371118,0.024873266638833942,0.024873266638833942,0.036374381089274134,0.03359660331149635,0.031240907159852914,0.02138383644783537
989,0.022918722535371118,0.024873266638833942,0.024873266638833942,0.019707714422607468,0.030818825533718577,0.031240907159852914,0.021399002289287733
034,0.022868185580222668,0.02424155469947829,0.02424155469947829,0.0280410477559408,0.022485492200385242,0.017635464982982168,0.02188430921576343
074,0.022868185580222668,0.02424155469947829,0.02424155469947829,0.044707714422607465,0.030818825533718577,0.017635464982982168,0.021793314167049237
075,0.022868185580222668,0.02424155469947829,0.02424155469947829,0.019707714422607468,0.022485492200385242,0.031240907159852914,0.022172460203358377
104,0.022868185580222668,0.02424155469947829,0.02424155469947829,0.011374381089274133,0.02526326997816302,0.02783954661563523,0.022475777032405685
109,0.022868185580222668,0.02424155469947829,0.02424155469947829,0.019707714422607468,0.022485492200385242,0.03804362824828829,0.021778148325596873
150,0.022868185580222668,0.02424155469947829,0.02424155469947829,0.0280410477559408,0.03359660331149635,0.02783954661563523,0.021565826545263754
159,0.022868185580222668,0.02424155469947829,0.02424155469947829,0.011374381089274133,0.01692993664482969,0.017635464982982168,0.02378003939730912
162,0.022868185580222668,0.02424155469947829,0.02424155469947829,0.044707714422607465,0.0280410477559408,0.024438186071417543,0.021914640898668163
183,0.022868185580222668,0.02424155469947829,0.02424155469947829,0.036374381089274134,0.030818825533718577,0.024438186071417543,0.02138383644783537
190,0.022868185580222668,0.02424155469947829,0.02424155469947829,0.011374381089274133,0.01692993664482969,0.034642267704070605,0.022445445349500954
196,0.022868185580222668,0.02424155469947829,0.02424155469947829,0.019707714422607468,0.02526326997816302,0.02783954661563523,0.021929806740120527
216,0.022868185580222668,0.02424155469947829,0.02424155469947829,0.019707714422607468,0.01692993664482969,0.017635464982982168,0.021626489911073216
252,0.022868185580222668,0.02424155469947829,0.02424155469947829,0.0280410477559408,0.03359660331149635,0.021036825527199855,0.021762982484144506
270,0.022868185580222668,0.02424155469947829,0.02424155469947829,0.0280410477559408,0.02526326997816302,0.031240907159852914,0.02159615822816849
291,0.022868185580222668,0.02424155469947829,0.02424155469947829,0.011374381089274133,0.019707714422607468,0.034642267704070605,0.02243027950804859
297,0.022868185580222668,0.02424155469947829,0.02424155469947829,0.011374381089274133,0.014152158867051911,0.024438186071417543,0.023158239897762136
300,0.022868185580222668,0.02424155469947829,0.02424155469947829,0.036374381089274134,0.022485492200385242,0.021036825527199855,0.021762982484144506
306,0.022868185580222668,0.02424155469947829,0.02424155469947829,0.011374381089274133,0.01692993664482969,0.02783954661563523,0.022809425544357727
307,0.022868185580222668,0.02424155469947829,0.02424155469947829,0.011374381089274133,0.02526326997816302,0.017635464982982168,0.022657767129834073
308,0.022868185580222668,0.02424155469947829,0.02424155469947829,0.019707714422607468,0.019707714422607468,0.02783954661563523,0.021914640898668163
316,0.022868185580222668,0.02424155469947829,0.02424155469947829,0.019707714422607468,0.022485492200385242,0.021036825527199855,0.02196013842302526
317,0.022868185580222668,0.02424155469947829,0.02424155469947829,0.019707714422607468,0.022485492200385242,0.02783954661563523,0.021899475057215796
322,0.022868185580222668,0.02424155469947829,0.02424155469947829,0.044707714422607465,0.02526326997816302,0.024438186071417543,0.021399002289287733
330,0.022868185580222668,0.02424155469947829,0.02424155469947829,0.011374381089274133,0.02526326997816302,0.031240907159852914,0.022870088910167192
353,0.022868185580222668,0.02424155469947829,0.02424155469947829,0.0280410477559408,0.022485492200385242,0.01423410443876448,0.021565826545263754
365,0.022868185580222668,0.02424155469947829,0.02424155469947829,0.019707714422607468,0.022485492200385242,0.024438186071417543,0.021762982484144506
368,0.022868185580222668,0.02424155469947829,0.02424155469947829,0.0280410477559408,0.02526326997816302,0.034642267704070605,0.022096630996096548
379,0.022868185580222668,0.02424155469947829,0.02424155469947829,0.0280410477559408,0.022485492200385242,0.021036825527199855,0.02196013842302526
381,0.022868185580222668,0.02424155469947829,0.02424155469947829,0.036374381089274134,0.0280410477559408,0.01423410443876448,0.021869143374311065
402,0.022868185580222668,0.02424155469947829,0.02424155469947829,0.0280410477559408,0.022485492200385242,0.031240907159852914,0.02144449981364483
407,0.022868185580222668,0.02424155469947829,0.02424155469947829,0.011374381089274133,0.022485492200385242,0.02783954661563523,0.022597103764024608
463,0.022868185580222668,0.02424155469947829,0.02424155469947829,0.0280410477559408,0.022485492200385242,0.031240907159852914,0.022081465154644184
485,0.022868185580222668,0.02424155469947829,0.02424155469947829,0.011374381089274133,0.02526326997816302,0.024438186071417543,0.0222937869349773
488,0.022868185580222668,0.02424155469947829,0.02424155469947829,0.011374381089274133,0.011374381089274133,0.031240907159852914,0.02411368790926116
489,0.022868185580222668,0.02424155469947829,0.02424155469947829,0.019707714422607468,0.019707714422607468,0.017635464982982168,0.0214141681307401
490,0.022868185580222668,0.02424155469947829,0.02424155469947829,0.011374381089274133,0.03359660331149635,0.021036825527199855,0.02293075227597665
542,0.022868185580222668,0.02424155469947829,0.02424155469947829,0.044707714422607465,0.0280410477559408,0.02783954661563523,0.02159615822816849
557,0.022868185580222668,0.02424155469947829,0.02424155469947829,0.0280410477559408,0.019707714422607468,0.031240907159852914,0.021565826545263754
569,0.022868185580222668,0.02424155469947829,0.02424155469947829,0.019707714422607468,0.030818825533718577,0.021036825527199855,0.021899475057215796
579,0.022868185580222668,0.02424155469947829,0.02424155469947829,0.019707714422607468,0.02526326997816302,0.021036825527199855,0.021429333972192464
597,0.022868185580222668,0.02424155469947829,0.02424155469947829,0.0280410477559408,0.019707714422607468,0.02783954661563523,0.021914640898668163
615,0.022868185580222668,0.02424155469947829,0.02424155469947829,0.019707714422607468,0.019707714422607468,0.031240907159852914,0.02212696267900128
632,0.022868185580222668,0.02424155469947829,0.02424155469947829,0.011374381089274133,0.019707714422607468,0.034642267704070605,0.022369616142239125
659,0.022868185580222668,0.02424155469947829,0.02424155469947829,0.011374381089274133,0.014152158867051911,0.021036825527199855,0.022718430495643534
690,0.022868185580222668,0.02424155469947829,0.02424155469947829,0.019707714422607468,0.022485492200385242,0.024438186071417543,0.022142128520453646
694,0.022868185580222668,0.02424155469947829,0.02424155469947829,0.011374381089274133,0.019707714422607468,0.021036825527199855,0.022961083958881384
698,0.022868185580222668,0.02424155469947829,0.02424155469947829,0.0280410477559408,0.01692993664482969,0.031240907159852914,0.021611324069620852
726,0.022868185580222668,0.02424155469947829,0.02424155469947829,0.0280410477559408,0.0280410477559408,0.02783954661563523,0.021626489911073216
735,0.022868185580222668,0.02424155469947829,0.02424155469947829,0.0280410477559408,0.022485492200385242,0.01423410443876448,0.021702319118335044
772,0.022868185580222668,0.02424155469947829,0.02424155469947829,0.036374381089274134,0.02526326997816302,0.024438186071417543,0.02147483149654956
801,0.022868185580222668,0.02424155469947829,0.02424155469947829,0.0280410477559408,0.019707714422607468,0.021036825527199855,0.022005635947382356
817,0.022868185580222668,0.02424155469947829,0.02424155469947829,0.044707714422607465,0.036374381089274134,0.02783954661563523,0.02168715327688268
819,0.022868185580222668,0.02424155469947829,0.02424155469947829,0.0280410477559408,0.022485492200385242,0.021036825527199855,0.021778148325596873
862,0.022868185580222668,0.02424155469947829,0.02424155469947829,0.036374381089274134,0.022485492200385242,0.024438186071417543,0.021626489911073216
866,0.022868185580222668,0.02424155469947829,0.02424155469947829,0.019707714422607468,0.022485492200385242,0.031240907159852914,0.02215729436190601
891,0.022868185580222668,0.02424155469947829,0.02424155469947829,0.019707714422607468,0.030818825533718577,0.017635464982982168,0.021929806740120527
897,0.022868185580222668,0.02424155469947829,0.02424155469947829,0.036374381089274134,0.030818825533718577,0.021036825527199855,0.02158099238671612
923,0.022868185580222668,0.02424155469947829,0.02424155469947829,0.0280410477559408,0.022485492200385242,0.044846349336723663,0.022051133471739454
930,0.022868185580222668,0.02424155469947829,0.02424155469947829,0.0280410477559408,0.0280410477559408,0.024438186071417543,0.021808480008501604
931,0.022868185580222668,0.02424155469947829,0.02424155469947829,0.036374381089274134,0.0280410477559408,0.01423410443876448,0.021520329020906656
933,0.022868185580222668,0.02424155469947829,0.02424155469947829,0.0280410477559408,0.0280410477559408,0.021036825527199855,0.02171748495978741
939,0.022868185580222668,0.02424155469947829,0.02424155469947829,0.036374381089274134,0.030818825533718577,0.021036825527199855,0.021641655752525583
943,0.022868185580222668,0.02424155469947829,0.02424155469947829,0.0280410477559408,0.022485492200385242,0.024438186071417543,0.02159615822816849
949,0.022868185580222668,0.02424155469947829,0.02424155469947829,0.0280410477559408,0.0280410477559408,0.03804362824828829,0.021565826545263754
956,0.022868185580222668,0.02424155469947829,0.02424155469947829,0.0280410477559408,0.02526326997816302,0.021036825527199855,0.0214141681307401
974,0.022868185580222668,0.02424155469947829,0.02424155469947829,0.0280410477559408,0.022485492200385242,0.01423410443876448,0.02138383644783537
982,0.022868185580222668,0.02424155469947829,0.02424155469947829,0.036374381089274134,0.03359660331149635,0.017635464982982168,0.021914640898668163
986,0.022868185580222668,0.02424155469947829,0.02424155469947829,0.036374381089274134,0.02526326997816302,0.021036825527199855,0.021535494862359023
996,0.022868185580222668,0.02424155469947829,0.02424155469947829,0.011374381089274133,0.01692993664482969,0.024438186071417543,0.02246061119095332
997,0.022868185580222668,0.02424155469947829,0.02424155469947829,0.011374381089274133,0.019707714422607468,0.021036825527199855,0.023127908214857402
009,0.022817648625074214,0.023609842760122634,0.023609842760122634,0.0280410477559408,0.019707714422607468,0.01423410443876448,0.02199047010592999
036,0.022817648625074214,0.023609842760122634,0.023609842760122634,0.011374381089274133,0.01692993664482969,0.024438186071417543,0.022779093861453
047,0.022817648625074214,0.023609842760122634,0.023609842760122634,0.011374381089274133,0.014152158867051911,0.02783954661563523,0.023294732470833423
054,0.022817648625074214,0.023609842760122634,0.023609842760122634,0.019707714422607468,0.0280410477559408,0.024438186071417543,0.021899475057215796
116,0.022817648625074214,0.023609842760122634,0.023609842760122634,0.011374381089274133,0.022485492200385242,0.031240907159852914,0.022945918117429014
140,0.022817648625074214,0.023609842760122634,0.023609842760122634,0.011374381089274133,0.01692993664482969,0.021036825527199855,0.022703264654191167
164,0.022817648625074214,0.023609842760122634,0.023609842760122634,0.0280410477559408,0.019707714422607468,0.02783954661563523,0.021520329020906656
173,0.022817648625074214,0.023609842760122634,0.023609842760122634,0.019707714422607468,0.0280410477559408,0.02783954661563523,0.02168715327688268
175,0.022817648625074214,0.023609842760122634,0.023609842760122634,0.011374381089274133,0.022485492200385242,0.01423410443876448,0.022779093861453
177,0.022817648625074214,0.023609842760122634,0.023609842760122634,0.0280410477559408,0.0280410477559408,0.021036825527199855,0.021611324069620852
248,0.022817648625074214,0.023609842760122634,0.023609842760122634,0.011374381089274133,0.014152158867051911,0.01423410443876448,0.022521274556762783
249,0.022817648625074214,0.023609842760122634,0.023609842760122634,0.036374381089274134,0.03359660331149635,0.01423410443876448,0.02144449981364483
251,0.022817648625074214,0.023609842760122634,0.023609842760122634,0.0280410477559408,0.0280410477559408,0.031240907159852914,0.02182364584995397
257,0.022817648625074214,0.023609842760122634,0.023609842760122634,0.019707714422607468,0.019707714422607468,0.031240907159852914,0.02148999733800193
260,0.022817648625074214,0.023609842760122634,0.023609842760122634,0.019707714422607468,0.019707714422607468,0.017635464982982168,0.022081465154644184
263,0.022817648625074214,0.023609842760122634,0.023609842760122634,0.0280410477559408,0.02526326997816302,0.021036825527199855,0.021626489911073216
279,0.022817648625074214,0.023609842760122634,0.023609842760122634,0.011374381089274133,0.01692993664482969,0.031240907159852914,0.022506108715310415
335,0.022817648625074214,0.023609842760122634,0.023609842760122634,0.0280410477559408,0.022485492200385242,0.017635464982982168,0.021732650801239775
352,0.022817648625074214,0.023609842760122634,0.023609842760122634,0.0280410477559408,0.030818825533718577,0.021036825527199855,0.02144449981364483
375,0.022817648625074214,0.023609842760122634,0.023609842760122634,0.019707714422607468,0.019707714422607468,0.021036825527199855,0.022248289410620202
382,0.022817648625074214,0.023609842760122634,0.023609842760122634,0.011374381089274133,0.02526326997816302,0.02783954661563523,0.02235445030078676
392,0.022817648625074214,0.023609842760122634,0.023609842760122634,0.019707714422607468,0.02526326997816302,0.024438186071417543,0.02215729436190601
399,0.022817648625074214,0.023609842760122634,0.023609842760122634,0.019707714422607468,0.01692993664482969,0.031240907159852914,0.02144449981364483
423,0.022817648625074214,0.023609842760122634,0.023609842760122634,0.011374381089274133,0.01692993664482969,0.017635464982982168,0.022384781983691492
449,0.022817648625074214,0.023609842760122634,0.023609842760122634,0.0280410477559408,0.022485492200385242,0.024438186071417543,0.021520329020906656
452,0.022817648625074214,0.023609842760122634,0.023609842760122634,0.0280410477559408,0.030818825533718577,0.02783954661563523,0.021641655752525583
468,0.022817648625074214,0.023609842760122634,0.023609842760122634,0.036374381089274134,0.0280410477559408,0.034642267704070605,0.021535494862359023
471,0.022817648625074214,0.023609842760122634,0.023609842760122634,0.011374381089274133,0.019707714422607468,0.017635464982982168,0.022384781983691492
472,0.022817648625074214,0.023609842760122634,0.023609842760122634,0.036374381089274134,0.02526326997816302,0.024438186071417543,0.021656821593977946
540,0.022817648625074214,0.023609842760122634,0.023609842760122634,0.0280410477559408,0.02526326997816302,0.031240907159852914,0.02159615822816849
545,0.022817648625074214,0.023609842760122634,0.023609842760122634,0.019707714422607468,0.022485492200385242,0.017635464982982168,0.022202791886263108
553,0.022817648625074214,0.023609842760122634,0.023609842760122634,0.0280410477559408,0.022485492200385242,0.017635464982982168,0.021459665655097198
577,0.022817648625074214,0.023609842760122634,0.023609842760122634,0.011374381089274133,0.014152158867051911,0.024438186071417543,0.02306724484904794
583,0.022817648625074214,0.023609842760122634,0.023609842760122634,0.0280410477559408,0.0280410477559408,0.031240907159852914,0.021656821593977946
602,0.022817648625074214,0.023609842760122634,0.023609842760122634,0.019707714422607468,0.019707714422607468,0.031240907159852914,0.0214141681307401
654,0.022817648625074214,0.023609842760122634,0.023609842760122634,0.0280410477559408,0.030818825533718577,0.034642267704070605,0.021702319118335044
668,0.022817648625074214,0.023609842760122634,0.023609842760122634,0.011374381089274133,0.014152158867051911,0.034642267704070605,0.023719376031499657
675,0.022817648625074214,0.023609842760122634,0.023609842760122634,0.019707714422607468,0.019707714422607468,0.021036825527199855,0.021429333972192464
689,0.022817648625074214,0.023609842760122634,0.023609842760122634,0.019707714422607468,0.022485492200385242,0.024438186071417543,0.02199047010592999
695,0.022817648625074214,0.023609842760122634,0.023609842760122634,0.019707714422607468,0.0280410477559408,0.01423410443876448,0.022035967630287086
696,0.022817648625074214,0.023609842760122634,0.023609842760122634,0.019707714422607468,0.022485492200385242,0.034642267704070605,0.0218539775328587
703,0.022817648625074214,0.023609842760122634,0.023609842760122634,0.011374381089274133,0.019707714422607468,0.021036825527199855,0.02276392802000063
707,0.022817648625074214,0.023609842760122634,0.023609842760122634,0.019707714422607468,0.019707714422607468,0.021036825527199855,0.021762982484144506
709,0.022817648625074214,0.023609842760122634,0.023609842760122634,0.011374381089274133,0.019707714422607468,0.02783954661563523,0.023704210190047294
712,0.022817648625074214,0.023609842760122634,0.023609842760122634,0.011374381089274133,0.02526326997816302,0.017635464982982168,0.022657767129834073
716,0.022817648625074214,0.023609842760122634,0.023609842760122634,0.011374381089274133,0.01692993664482969,0.01423410443876448,0.023097576531952674
748,0.022817648625074214,0.023609842760122634,0.023609842760122634,0.036374381089274134,0.030818825533718577,0.017635464982982168,0.021626489911073216
751,0.022817648625074214,0.023609842760122634,0.023609842760122634,0.036374381089274134,0.02526326997816302,0.021036825527199855,0.021641655752525583
755,0.022817648625074214,0.023609842760122634,0.023609842760122634,0.011374381089274133,0.02526326997816302,0.021036825527199855,0.022475777032405685
758,0.022817648625074214,0.023609842760122634,0.023609842760122634,0.011374381089274133,0.01692993664482969,0.024438186071417543,0.022688098812738804
770,0.022817648625074214,0.023609842760122634,0.023609842760122634,0.036374381089274134,0.019707714422607468,0.017635464982982168,0.02155066070381139
775,0.022817648625074214,0.023609842760122634,0.023609842760122634,0.0280410477559408,0.01692993664482969,0.02783954661563523,0.022051133471739454
779,0.022817648625074214,0.023609842760122634,0.023609842760122634,0.019707714422607468,0.0280410477559408,0.017635464982982168,0.0214141681307401
782,0.022817648625074214,0.023609842760122634,0.023609842760122634,0.019707714422607468,0.014152158867051911,0.017635464982982168,0.021399002289287733
788,0.022817648625074214,0.023609842760122634,0.023609842760122634,0.019707714422607468,0.02526326997816302,0.034642267704070605,0.022051133471739454
800,0.022817648625074214,0.023609842760122634,0.023609842760122634,0.0280410477559408,0.01692993664482969,0.02783954661563523,0.021505163179454292
840,0.022817648625074214,0.023609842760122634,0.023609842760122634,0.0280410477559408,0.0280410477559408,0.021036825527199855,0.02211179683754891
857,0.022817648625074214,0.023609842760122634,0.023609842760122634,0.011374381089274133,0.019707714422607468,0.02783954661563523,0.022657767129834073
858,0.022817648625074214,0.023609842760122634,0.023609842760122634,0.019707714422607468,0.019707714422607468,0.02783954661563523,0.02212696267900128
882,0.022817648625074214,0.023609842760122634,0.023609842760122634,0.011374381089274133,0.011374381089274133,0.010832743894546793,0.02411368790926116
895,0.022817648625074214,0.023609842760122634,0.023609842760122634,0.019707714422607468,0.0280410477559408,0.02783954661563523,0.02168715327688268
900,0.022817648625074214,0.023609842760122634,0.023609842760122634,0.011374381089274133,0.02526326997816302,0.02783954661563523,0.022445445349500954
909,0.022817648625074214,0.023609842760122634,0.023609842760122634,0.0280410477559408,0.0280410477559408,0.02783954661563523,0.02188430921576343
921,0.022817648625074214,0.023609842760122634,0.023609842760122634,0.011374381089274133,0.030818825533718577,0.021036825527199855,0.022521274556762783
942,0.022817648625074214,0.023609842760122634,0.023609842760122634,0.019707714422607468,0.022485492200385242,0.017635464982982168,0.021808480008501604
950,0.022817648625074214,0.023609842760122634,0.023609842760122634,0.0280410477559408,0.022485492200385242,0.024438186071417543,0.0218539775328587
962,0.022817648625074214,0.023609842760122634,0.023609842760122634,0.036374381089274134,0.02526326997816302,0.021036825527199855,0.021429333972192464
980,0.022817648625074214,0.023609842760122634,0.023609842760122634,0.011374381089274133,0.022485492200385242,0.021036825527199855,0.022445445349500954
993,0.022817648625074214,0.023609842760122634,0.023609842760122634,0.0280410477559408,0.02526326997816302,0.021036825527199855,0.021505163179454292
001,0.022767111669925764,0.02297813082076698,0.02297813082076698,0.019707714422607468,0.0280410477559408,0.017635464982982168,0.021732650801239775
010,0.022767111669925764,0.02297813082076698,0.02297813082076698,0.019707714422607468,0.022485492200385242,0.024438186071417543,0.022187626044810744
030,0.022767111669925764,0.02297813082076698,0.02297813082076698,0.019707714422607468,0.022485492200385242,0.024438186071417543,0.02223312356916784
043,0.022767111669925764,0.02297813082076698,0.02297813082076698,0.0280410477559408,0.02526326997816302,0.021036825527199855,0.02158099238671612
044,0.022767111669925764,0.02297813082076698,0.02297813082076698,0.019707714422607468,0.02526326997816302,0.021036825527199855,0.021899475057215796
045,0.022767111669925764,0.02297813082076698,0.02297813082076698,0.019707714422607468,0.019707714422607468,0.02783954661563523,0.022172460203358377
071,0.022767111669925764,0.02297813082076698,0.02297813082076698,0.011374381089274133,0.01692993664482969,0.017635464982982168,0.022445445349500954
076,0.022767111669925764,0.02297813082076698,0.02297813082076698,0.011374381089274133,0.022485492200385242,0.01423410443876448,0.022581937922572244
086,0.022767111669925764,0.02297813082076698,0.02297813082076698,0.019707714422607468,0.022485492200385242,0.01423410443876448,0.021732650801239775
099,0.022767111669925764,0.02297813082076698,0.02297813082076698,0.011374381089274133,0.01692993664482969,0.017635464982982168,0.02290042059307192
100,0.022767111669925764,0.02297813082076698,0.02297813082076698,0.011374381089274133,0.022485492200385242,0.01423410443876448,0.022339284459334394
110,0.022767111669925764,0.02297813082076698,0.02297813082076698,0.019707714422607468,0.022485492200385242,0.024438186071417543,0.021459665655097198
126,0.022767111669925764,0.02297813082076698,0.02297813082076698,0.036374381089274134,0.022485492200385242,0.031240907159852914,0.021429333972192464
143,0.022767111669925764,0.02297813082076698,0.02297813082076698,0.019707714422607468,0.019707714422607468,0.024438186071417543,0.022278621093524936
157,0.022767111669925764,0.02297813082076698,0.02297813082076698,0.019707714422607468,0.022485492200385242,0.024438186071417543,0.02155066070381139
161,0.022767111669925764,0.02297813082076698,0.02297813082076698,0.011374381089274133,0.014152158867051911,0.017635464982982168,0.023764873555856755
197,0.022767111669925764,0.02297813082076698,0.02297813082076698,0.019707714422607468,0.022485492200385242,0.010832743894546793,0.022172460203358377
240,0.022767111669925764,0.02297813082076698,0.02297813082076698,0.0280410477559408,0.02526326997816302,0.024438186071417543,0.021429333972192464
265,0.022767111669925764,0.02297813082076698,0.02297813082076698,0.019707714422607468,0.03359660331149635,0.021036825527199855,0.02182364584995397
273,0.022767111669925764,0.02297813082076698,0.02297813082076698,0.019707714422607468,0.019707714422607468,0.024438186071417543,0.021975304264477625
283,0.022767111669925764,0.02297813082076698,0.02297813082076698,0.019707714422607468,0.02526326997816302,0.02783954661563523,0.021869143374311065
301,0.022767111669925764,0.02297813082076698,0.02297813082076698,0.011374381089274133,0.011374381089274133,0.021036825527199855,0.02411368790926116
311,0.022767111669925764,0.02297813082076698,0.02297813082076698,0.011374381089274133,0.01692993664482969,0.02783954661563523,0.023370561678095255
321,0.022767111669925764,0.02297813082076698,0.02297813082076698,0.0280410477559408,0.0280410477559408,0.021036825527199855,0.021702319118335044
331,0.022767111669925764,0.02297813082076698,0.02297813082076698,0.011374381089274133,0.0280410477559408,0.024438186071417543,0.022369616142239125
340,0.022767111669925764,0.02297813082076698,0.02297813082076698,0.019707714422607468,0.02526326997816302,0.017635464982982168,0.02159615822816849
371,0.022767111669925764,0.02297813082076698,0.02297813082076698,0.0280410477559408,0.019707714422607468,0.021036825527199855,0.0214141681307401
383,0.022767111669925764,0.02297813082076698,0.02297813082076698,0.044707714422607465,0.02526326997816302,0.024438186071417543,0.021459665655097198
403,0.022767111669925764,0.02297813082076698,0.02297813082076698,0.0280410477559408,0.01692993664482969,0.02783954661563523,0.021656821593977946
413,0.022767111669925764,0.02297813082076698,0.02297813082076698,0.011374381089274133,0.0280410477559408,0.017635464982982168,0.022369616142239125
429,0.022767111669925764,0.02297813082076698,0.02297813082076698,0.019707714422607468,0.022485492200385242,0.021036825527199855,0.021399002289287733
430,0.022767111669925764,0.02297813082076698,0.02297813082076698,0.011374381089274133,0.019707714422607468,0.031240907159852914,0.022961083958881384
438,0.022767111669925764,0.02297813082076698,0.02297813082076698,0.036374381089274134,0.0280410477559408,0.021036825527199855,0.021702319118335044
441,0.022767111669925764,0.02297813082076698,0.02297813082076698,0.036374381089274134,0.0280410477559408,0.010832743894546793,0.021520329020906656
462,0.022767111669925764,0.02297813082076698,0.02297813082076698,0.036374381089274134,0.019707714422607468,0.017635464982982168,0.021429333972192464
478,0.022767111669925764,0.02297813082076698,0.02297813082076698,0.019707714422607468,0.01692993664482969,0.024438186071417543,0.021399002289287733
493,0.022767111669925764,0.02297813082076698,0.02297813082076698,0.044707714422607465,0.022485492200385242,0.021036825527199855,0.0214141681307401
516,0.022767111669925764,0.02297813082076698,0.02297813082076698,0.044707714422607465,0.0280410477559408,0.017635464982982168,0.021535494862359023
519,0.022767111669925764,0.02297813082076698,0.02297813082076698,0.019707714422607468,0.019707714422607468,0.021036825527199855,0.021656821593977946
536,0.022767111669925764,0.02297813082076698,0.02297813082076698,0.019707714422607468,0.0280410477559408,0.02783954661563523,0.02147483149654956
539,0.022767111669925764,0.02297813082076698,0.02297813082076698,0.0280410477559408,0.01692993664482969,0.02783954661563523,0.021399002289287733
546,0.022767111669925764,0.02297813082076698,0.02297813082076698,0.019707714422607468,0.022485492200385242,0.031240907159852914,0.022172460203358377
558,0.022767111669925764,0.02297813082076698,0.02297813082076698,0.0280410477559408,0.019707714422607468,0.017635464982982168,0.021869143374311065
560,0.022767111669925764,0.02297813082076698,0.02297813082076698,0.011374381089274133,0.014152158867051911,0.031240907159852914,0.0231734057392145
562,0.022767111669925764,0.02297813082076698,0.02297813082076698,0.0280410477559408,0.036374381089274134,0.017635464982982168,0.02188430921576343
563,0.022767111669925764,0.02297813082076698,0.02297813082076698,0.011374381089274133,0.01692993664482969,0.02783954661563523,0.022885254751619555
567,0.022767111669925764,0.02297813082076698,0.02297813082076698,0.0280410477559408,0.02526326997816302,0.017635464982982168,0.02158099238671612
621,0.022767111669925764,0.02297813082076698,0.02297813082076698,0.019707714422607468,0.02526326997816302,0.017635464982982168,0.0218539775328587
630,0.022767111669925764,0.02297813082076698,0.02297813082076698,0.011374381089274133,0.019707714422607468,0.01423410443876448,0.022597103764024608
641,0.022767111669925764,0.02297813082076698,0.02297813082076698,0.019707714422607468,0.019707714422607468,0.017635464982982168,0.02215729436190601
642,0.022767111669925764,0.02297813082076698,0.02297813082076698,0.019707714422607468,0.019707714422607468,0.017635464982982168,0.02199047010592999
682,0.022767111669925764,0.02297813082076698,0.02297813082076698,0.019707714422607468,0.022485492200385242,0.024438186071417543,0.022081465154644184
728,0.022767111669925764,0.02297813082076698,0.02297813082076698,0.011374381089274133,0.02526326997816302,0.02783954661563523,0.02285492306871482
732,0.022767111669925764,0.02297813082076698,0.02297813082076698,0.0280410477559408,0.02526326997816302,0.034642267704070605,0.021429333972192464
760,0.022767111669925764,0.02297813082076698,0.02297813082076698,0.036374381089274134,0.03359660331149635,0.024438186071417543,0.02202080178883472
762,0.022767111669925764,0.02297813082076698,0.02297813082076698,0.0280410477559408,0.019707714422607468,0.010832743894546793,0.021520329020906656
765,0.022767111669925764,0.02297813082076698,0.02297813082076698,0.019707714422607468,0.022485492200385242,0.024438186071417543,0.022202791886263108
768,0.022767111669925764,0.02297813082076698,0.02297813082076698,0.019707714422607468,0.019707714422607468,0.024438186071417543,0.021611324069620852
777,0.022767111669925764,0.02297813082076698,0.02297813082076698,0.0280410477559408,0.022485492200385242,0.021036825527199855,0.021520329020906656
778,0.022767111669925764,0.02297813082076698,0.02297813082076698,0.011374381089274133,0.019707714422607468,0.021036825527199855,0.02285492306871482
786,0.022767111669925764,0.02297813082076698,0.02297813082076698,0.036374381089274134,0.030818825533718577,0.01423410443876448,0.02138383644783537
793,0.022767111669925764,0.02297813082076698,0.02297813082076698,0.0280410477559408,0.02526326997816302,0.031240907159852914,0.02144449981364483
820,0.022767111669925764,0.02297813082076698,0.02297813082076698,0.011374381089274133,0.02526326997816302,0.02783954661563523,0.023112742373405038
827,0.022767111669925764,0.02297813082076698,0.02297813082076698,0.0530410477559408,0.03359660331149635,0.017635464982982168,0.02144449981364483
833,0.022767111669925764,0.02297813082076698,0.02297813082076698,0.036374381089274134,0.0280410477559408,0.017635464982982168,0.02182364584995397
859,0.022767111669925764,0.02297813082076698,0.02297813082076698,0.011374381089274133,0.014152158867051911,0.024438186071417543,0.024068190384904067
873,0.022767111669925764,0.02297813082076698,0.02297813082076698,0.0280410477559408,0.01692993664482969,0.031240907159852914,0.021611324069620852
880,0.022767111669925764,0.02297813082076698,0.02297813082076698,0.011374381089274133,0.022485492200385242,0.02783954661563523,0.022445445349500954
892,0.022767111669925764,0.02297813082076698,0.02297813082076698,0.0280410477559408,0.02526326997816302,0.024438186071417543,0.022081465154644184
894,0.022767111669925764,0.02297813082076698,0.02297813082076698,0.044707714422607465,0.02526326997816302,0.024438186071417543,0.021762982484144506
896,0.022767111669925764,0.02297813082076698,0.02297813082076698,0.036374381089274134,0.02526326997816302,0.024438186071417543,0.021399002289287733
905,0.022767111669925764,0.02297813082076698,0.02297813082076698,0.011374381089274133,0.011374381089274133,0.017635464982982168,0.02411368790926116
915,0.022767111669925764,0.02297813082076698,0.02297813082076698,0.019707714422607468,0.019707714422607468,0.017635464982982168,0.02199047010592999
918,0.022767111669925764,0.02297813082076698,0.02297813082076698,0.0280410477559408,0.019707714422607468,0.024438186071417543,0.02168715327688268
928,0.022767111669925764,0.02297813082076698,0.02297813082076698,0.019707714422607468,0.019707714422607468,0.01423410443876448,0.021869143374311065
948,0.022767111669925764,0.02297813082076698,0.02297813082076698,0.0280410477559408,0.0280410477559408,0.021036825527199855,0.021808480008501604
955,0.022767111669925764,0.02297813082076698,0.02297813082076698,0.019707714422607468,0.022485492200385242,0.01423410443876448,0.02159615822816849
963,0.022767111669925764,0.02297813082076698,0.02297813082076698,0.0280410477559408,0.022485492200385242,0.01423410443876448,0.021399002289287733
965,0.022767111669925764,0.02297813082076698,0.02297813082076698,0.0280410477559408,0.019707714422607468,0.031240907159852914,0.022142128520453646
969,0.022767111669925764,0.02297813082076698,0.02297813082076698,0.0280410477559408,0.01692993664482969,0.010832743894546793,0.02155066070381139
988,0.022767111669925764,0.02297813082076698,0.02297813082076698,0.0280410477559408,0.02526326997816302,0.02783954661563523,0.0214141681307401
998,0.022767111669925764,0.02297813082076698,0.02297813082076698,0.036374381089274134,0.019707714422607468,0.02783954661563523,0.02144449981364483
005,0.02271657471477731,0.022346418881411326,0.022346418881411326,0.019707714422607468,0.01692993664482969,0.021036825527199855,0.021929806740120527
020,0.02271657471477731,0.022346418881411326,0.022346418881411326,0.0280410477559408,0.019707714422607468,0.021036825527199855,0.02171748495978741
050,0.02271657471477731,0.022346418881411326,0.022346418881411326,0.019707714422607468,0.019707714422607468,0.01423410443876448,0.021914640898668163
067,0.02271657471477731,0.022346418881411326,0.022346418881411326,0.019707714422607468,0.01692993664482969,0.017635464982982168,0.02159615822816849
113,0.02271657471477731,0.022346418881411326,0.022346418881411326,0.019707714422607468,0.030818825533718577,0.031240907159852914,0.022005635947382356
117,0.02271657471477731,0.022346418881411326,0.022346418881411326,0.036374381089274134,0.022485492200385242,0.017635464982982168,0.021535494862359023
123,0.02271657471477731,0.022346418881411326,0.022346418881411326,0.0280410477559408,0.030818825533718577,0.01423410443876448,0.021565826545263754
129,0.02271657471477731,0.022346418881411326,0.022346418881411326,0.019707714422607468,0.014152158867051911,0.010832743894546793,0.021641655752525583
136,0.02271657471477731,0.022346418881411326,0.022346418881411326,0.019707714422607468,0.022485492200385242,0.017635464982982168,0.021762982484144506
153,0.02271657471477731,0.022346418881411326,0.022346418881411326,0.011374381089274133,0.011374381089274133,0.021036825527199855,0.02411368790926116
156,0.02271657471477731,0.022346418881411326,0.022346418881411326,0.019707714422607468,0.022485492200385242,0.031240907159852914,0.02158099238671612
165,0.02271657471477731,0.022346418881411326,0.022346418881411326,0.019707714422607468,0.02526326997816302,0.031240907159852914,0.02221795772771547
172,0.02271657471477731,0.022346418881411326,0.022346418881411326,0.0280410477559408,0.019707714422607468,0.021036825527199855,0.0214141681307401
180,0.02271657471477731,0.022346418881411326,0.022346418881411326,0.0280410477559408,0.0280410477559408,0.021036825527199855,0.021399002289287733
195,0.02271657471477731,0.022346418881411326,0.022346418881411326,0.019707714422607468,0.019707714422607468,0.01423410443876448,0.021914640898668163
198,0.02271657471477731,0.022346418881411326,0.022346418881411326,0.036374381089274134,0.03359660331149635,0.01423410443876448,0.0214141681307401
210,0.02271657471477731,0.022346418881411326,0.022346418881411326,0.019707714422607468,0.01692993664482969,0.02783954661563523,0.02158099238671612
212,0.02271657471477731,0.022346418881411326,0.022346418881411326,0.0280410477559408,0.02526326997816302,0.010832743894546793,0.021535494862359023
229,0.02271657471477731,0.022346418881411326,0.022346418881411326,0.0280410477559408,0.02526326997816302,0.02783954661563523,0.0218539775328587
232,0.02271657471477731,0.022346418881411326,0.022346418881411326,0.0280410477559408,0.0280410477559408,0.017635464982982168,0.02159615822816849
261,0.02271657471477731,0.022346418881411326,0.022346418881411326,0.0280410477559408,0.02526326997816302,0.02783954661563523,0.02159615822816849
268,0.02271657471477731,0.022346418881411326,0.022346418881411326,0.019707714422607468,0.019707714422607468,0.02783954661563523,0.021778148325596873
329,0.02271657471477731,0.022346418881411326,0.022346418881411326,0.036374381089274134,0.03359660331149635,0.021036825527199855,0.02155066070381139
348,0.02271657471477731,0.022346418881411326,0.022346418881411326,0.019707714422607468,0.01692993664482969,0.01423410443876448,0.022172460203358377
388,0.02271657471477731,0.022346418881411326,0.022346418881411326,0.019707714422607468,0.019707714422607468,0.021036825527199855,0.021656821593977946
426,0.02271657471477731,0.022346418881411326,0.022346418881411326,0.019707714422607468,0.022485492200385242,0.024438186071417543,0.02155066070381139
428,0.02271657471477731,0.022346418881411326,0.022346418881411326,0.019707714422607468,0.0280410477559408,0.021036825527199855,0.022066299313191817
444,0.02271657471477731,0.022346418881411326,0.022346418881411326,0.011374381089274133,0.019707714422607468,0.021036825527199855,0.02299141564178611
446,0.02271657471477731,0.022346418881411326,0.022346418881411326,0.036374381089274134,0.02526326997816302,0.031240907159852914,0.02147483149654956
454,0.02271657471477731,0.022346418881411326,0.022346418881411326,0.011374381089274133,0.01692993664482969,0.024438186071417543,0.02285492306871482
458,0.02271657471477731,0.022346418881411326,0.022346418881411326,0.019707714422607468,0.03359660331149635,0.02783954661563523,0.021399002289287733
465,0.02271657471477731,0.022346418881411326,0.022346418881411326,0.011374381089274133,0.019707714422607468,0.017635464982982168,0.022551606239667513
495,0.02271657471477731,0.022346418881411326,0.022346418881411326,0.0280410477559408,0.02526326997816302,0.021036825527199855,0.021944972581572894
503,0.02271657471477731,0.022346418881411326,0.022346418881411326,0.011374381089274133,0.0280410477559408,0.021036825527199855,0.022369616142239125
507,0.02271657471477731,0.022346418881411326,0.022346418881411326,0.036374381089274134,0.0280410477559408,0.021036825527199855,0.02138383644783537
518,0.02271657471477731,0.022346418881411326,0.022346418881411326,0.036374381089274134,0.022485492200385242,0.01423410443876448,0.021641655752525583
521,0.02271657471477731,0.022346418881411326,0.022346418881411326,0.0280410477559408,0.022485492200385242,0.01423410443876448,0.021611324069620852
528,0.02271657471477731,0.022346418881411326,0.022346418881411326,0.0280410477559408,0.0280410477559408,0.021036825527199855,0.021535494862359023
530,0.02271657471477731,0.022346418881411326,0.022346418881411326,0.036374381089274134,0.022485492200385242,0.024438186071417543,0.021429333972192464
564,0.02271657471477731,0.022346418881411326,0.022346418881411326,0.011374381089274133,0.022485492200385242,0.031240907159852914,0.022688098812738804
578,0.02271657471477731,0.022346418881411326,0.022346418881411326,0.019707714422607468,0.01692993664482969,0.02783954661563523,0.021944972581572894
587,0.02271657471477731,0.022346418881411326,0.022346418881411326,0.036374381089274134,0.019707714422607468,0.024438186071417543,0.02138383644783537
614,0.02271657471477731,0.022346418881411326,0.022346418881411326,0.0280410477559408,0.019707714422607468,0.021036825527199855,0.021838811691406335
616,0.02271657471477731,0.022346418881411326,0.022346418881411326,0.0280410477559408,0.019707714422607468,0.024438186071417543,0.021732650801239775
623,0.02271657471477731,0.022346418881411326,0.022346418881411326,0.011374381089274133,0.01692993664482969,0.024438186071417543,0.022794259702905363
631,0.02271657471477731,0.022346418881411326,0.022346418881411326,0.019707714422607468,0.0280410477559408,0.021036825527199855,0.0218539775328587
638,0.02271657471477731,0.022346418881411326,0.022346418881411326,0.036374381089274134,0.036374381089274134,0.017635464982982168,0.02168715327688268
643,0.02271657471477731,0.022346418881411326,0.022346418881411326,0.036374381089274134,0.022485492200385242,0.021036825527199855,0.02168715327688268
646,0.02271657471477731,0.022346418881411326,0.022346418881411326,0.036374381089274134,0.0280410477559408,0.017635464982982168,0.021520329020906656
663,0.02271657471477731,0.022346418881411326,0.022346418881411326,0.011374381089274133,0.014152158867051911,0.021036825527199855,0.02232411861788203
671,0.02271657471477731,0.022346418881411326,0.022346418881411326,0.011374381089274133,0.01692993664482969,0.017635464982982168,0.022475777032405685
681,0.02271657471477731,0.022346418881411326,0.022346418881411326,0.011374381089274133,0.014152158867051911,0.017635464982982168,0.023355395836642884
687,0.02271657471477731,0.022346418881411326,0.022346418881411326,0.044707714422607465,0.03359660331149635,0.021036825527199855,0.021505163179454292
711,0.02271657471477731,0.022346418881411326,0.022346418881411326,0.011374381089274133,0.022485492200385242,0.021036825527199855,0.022551606239667513
731,0.02271657471477731,0.022346418881411326,0.022346418881411326,0.011374381089274133,0.030818825533718577,0.024438186071417543,0.02239994782514386
737,0.02271657471477731,0.022346418881411326,0.022346418881411326,0.036374381089274134,0.030818825533718577,0.031240907159852914,0.02147483149654956
738,0.02271657471477731,0.022346418881411326,0.022346418881411326,0.0280410477559408,0.019707714422607468,0.024438186071417543,0.02188430921576343
741,0.02271657471477731,0.022346418881411326,0.022346418881411326,0.019707714422607468,0.01692993664482969,0.017635464982982168,0.022066299313191817
753,0.02271657471477731,0.022346418881411326,0.022346418881411326,0.036374381089274134,0.0280410477559408,0.031240907159852914,0.021641655752525583
769,0.02271657471477731,0.022346418881411326,0.022346418881411326,0.019707714422607468,0.022485492200385242,0.01423410443876448,0.022187626044810744
776,0.02271657471477731,0.022346418881411326,0.022346418881411326,0.0280410477559408,0.02526326997816302,0.03804362824828829,0.02182364584995397
781,0.02271657471477731,0.022346418881411326,0.022346418881411326,0.019707714422607468,0.019707714422607468,0.01423410443876448,0.021808480008501604
787,0.02271657471477731,0.022346418881411326,0.022346418881411326,0.019707714422607468,0.019707714422607468,0.01423410443876448,0.021929806740120527
796,0.02271657471477731,0.022346418881411326,0.022346418881411326,0.0280410477559408,0.0280410477559408,0.034642267704070605,0.021611324069620852
809,0.02271657471477731,0.022346418881411326,0.022346418881411326,0.019707714422607468,0.022485492200385242,0.01423410443876448,0.02211179683754891
810,0.02271657471477731,0.022346418881411326,0.022346418881411326,0.0280410477559408,0.019707714422607468,0.01423410443876448,0.021641655752525583
823,0.02271657471477731,0.022346418881411326,0.022346418881411326,0.0280410477559408,0.0280410477559408,0.02783954661563523,0.021732650801239775
824,0.02271657471477731,0.022346418881411326,0.022346418881411326,0.019707714422607468,0.01692993664482969,0.031240907159852914,0.021929806740120527
835,0.02271657471477731,0.022346418881411326,0.022346418881411326,0.011374381089274133,0.014152158867051911,0.024438186071417543,0.022976249800333748
852,0.02271657471477731,0.022346418881411326,0.022346418881411326,0.0280410477559408,0.02526326997816302,0.024438186071417543,0.021944972581572894
860,0.02271657471477731,0.022346418881411326,0.022346418881411326,0.011374381089274133,0.03359660331149635,0.024438186071417543,0.022369616142239125
872,0.02271657471477731,0.022346418881411326,0.022346418881411326,0.0280410477559408,0.030818825533718577,0.02783954661563523,0.021565826545263754
890,0.02271657471477731,0.022346418881411326,0.022346418881411326,0.019707714422607468,0.02526326997816302,0.02783954661563523,0.022278621093524936
920,0.02271657471477731,0.022346418881411326,0.022346418881411326,0.011374381089274133,0.01692993664482969,0.01423410443876448,0.023188571580666867
934,0.02271657471477731,0.022346418881411326,0.022346418881411326,0.044707714422607465,0.03915215886705191,0.02783954661563523,0.021520329020906656
941,0.02271657471477731,0.022346418881411326,0.022346418881411326,0.036374381089274134,0.030818825533718577,0.021036825527199855,0.021656821593977946
944,0.02271657471477731,0.022346418881411326,0.022346418881411326,0.036374381089274134,0.022485492200385242,0.021036825527199855,0.02159615822816849
945,0.02271657471477731,0.022346418881411326,0.022346418881411326,0.019707714422607468,0.0280410477559408,0.021036825527199855,0.02223312356916784
970,0.02271657471477731,0.022346418881411326,0.022346418881411326,0.011374381089274133,0.01692993664482969,0.024438186071417543,0.023840702763118584
972,0.02271657471477731,0.022346418881411326,0.022346418881411326,0.019707714422607468,0.022485492200385242,0.021036825527199855,0.02226345525207257
984,0.02271657471477731,0.022346418881411326,0.022346418881411326,0.036374381089274134,0.030818825533718577,0.017635464982982168,0.02144449981364483
011,0.022666037759628856,0.021714706942055673,0.021714706942055673,0.036374381089274134,0.0280410477559408,0.017635464982982168,0.02148999733800193
012,0.022666037759628856,0.021714706942055673,0.021714706942055673,0.0280410477559408,0.02526326997816302,0.024438186071417543,0.022066299313191817
018,0.022666037759628856,0.021714706942055673,0.021714706942055673,0.036374381089274134,0.019707714422607468,0.024438186071417543,0.02168715327688268
024,0.022666037759628856,0.021714706942055673,0.021714706942055673,0.019707714422607468,0.019707714422607468,0.01423410443876448,0.021747816642692142
025,0.022666037759628856,0.021714706942055673,0.021714706942055673,0.019707714422607468,0.02526326997816302,0.024438186071417543,0.022051133471739454
039,0.022666037759628856,0.021714706942055673,0.021714706942055673,0.019707714422607468,0.014152158867051911,0.017635464982982168,0.021459665655097198
064,0.022666037759628856,0.021714706942055673,0.021714706942055673,0.0280410477559408,0.022485492200385242,0.024438186071417543,0.021778148325596873
065,0.022666037759628856,0.021714706942055673,0.021714706942055673,0.011374381089274133,0.022485492200385242,0.024438186071417543,0.02239994782514386
083,0.022666037759628856,0.021714706942055673,0.021714706942055673,0.019707714422607468,0.03359660331149635,0.021036825527199855,0.021459665655097198
084,0.022666037759628856,0.021714706942055673,0.021714706942055673,0.0280410477559408,0.030818825533718577,0.02783954661563523,0.02155066070381139
089,0.022666037759628856,0.021714706942055673,0.021714706942055673,0.011374381089274133,0.01692993664482969,0.01423410443876448,0.022445445349500954
093,0.022666037759628856,0.021714706942055673,0.021714706942055673,0.011374381089274133,0.014152158867051911,0.021036825527199855,0.023370561678095255
096,0.022666037759628856,0.021714706942055673,0.021714706942055673,0.0280410477559408,0.019707714422607468,0.024438186071417543,0.0214141681307401
108,0.022666037759628856,0.021714706942055673,0.021714706942055673,0.011374381089274133,0.01692993664482969,0.024438186071417543,0.022384781983691492
128,0.022666037759628856,0.021714706942055673,0.021714706942055673,0.0280410477559408,0.022485492200385242,0.017635464982982168,0.021641655752525583
130,0.022666037759628856,0.021714706942055673,0.021714706942055673,0.0280410477559408,0.019707714422607468,0.021036825527199855,0.021429333972192464
141,0.022666037759628856,0.021714706942055673,0.021714706942055673,0.0280410477559408,0.022485492200385242,0.01423410443876448,0.021399002289287733
155,0.022666037759628856,0.021714706942055673,0.021714706942055673,0.0280410477559408,0.0280410477559408,0.02783954661563523,0.021747816642692142
163,0.022666037759628856,0.021714706942055673,0.021714706942055673,0.0280410477559408,0.022485492200385242,0.017635464982982168,0.021944972581572894
170,0.022666037759628856,0.021714706942055673,0.021714706942055673,0.036374381089274134,0.022485492200385242,0.01423410443876448,0.021671987435430314
188,0.022666037759628856,0.021714706942055673,0.021714706942055673,0.044707714422607465,0.0280410477559408,0.021036825527199855,0.02158099238671612
199,0.022666037759628856,0.021714706942055673,0.021714706942055673,0.019707714422607468,0.01692993664482969,0.031240907159852914,0.02168715327688268
201,0.022666037759628856,0.021714706942055673,0.021714706942055673,0.011374381089274133,0.01692993664482969,0.031240907159852914,0.02359804929988073
219,0.022666037759628856,0.021714706942055673,0.021714706942055673,0.011374381089274133,0.01692993664482969,0.021036825527199855,0.02243027950804859
237,0.022666037759628856,0.021714706942055673,0.021714706942055673,0.0280410477559408,0.02526326997816302,0.017635464982982168,0.02159615822816849
258,0.022666037759628856,0.021714706942055673,0.021714706942055673,0.019707714422607468,0.019707714422607468,0.017635464982982168,0.02155066070381139
266,0.022666037759628856,0.021714706942055673,0.021714706942055673,0.019707714422607468,0.01692993664482969,0.021036825527199855,0.02182364584995397
272,0.022666037759628856,0.021714706942055673,0.021714706942055673,0.011374381089274133,0.019707714422607468,0.021036825527199855,0.02327956662938106
280,0.022666037759628856,0.021714706942055673,0.021714706942055673,0.011374381089274133,0.019707714422607468,0.024438186071417543,0.022490942873858052
286,0.022666037759628856,0.021714706942055673,0.021714706942055673,0.036374381089274134,0.02526326997816302,0.024438186071417543,0.02138383644783537
290,0.022666037759628856,0.021714706942055673,0.021714706942055673,0.0280410477559408,0.0280410477559408,0.021036825527199855,0.02155066070381139
305,0.022666037759628856,0.021714706942055673,0.021714706942055673,0.019707714422607468,0.02526326997816302,0.024438186071417543,0.022096630996096548
309,0.022666037759628856,0.021714706942055673,0.021714706942055673,0.011374381089274133,0.014152158867051911,0.021036825527199855,0.024053024543451696
319,0.022666037759628856,0.021714706942055673,0.021714706942055673,0.019707714422607468,0.019707714422607468,0.024438186071417543,0.02223312356916784
325,0.022666037759628856,0.021714706942055673,0.021714706942055673,0.0280410477559408,0.02526326997816302,0.021036825527199855,0.021565826545263754
327,0.022666037759628856,0.021714706942055673,0.021714706942055673,0.0280410477559408,0.02526326997816302,0.021036825527199855,0.02196013842302526
334,0.022666037759628856,0.021714706942055673,0.021714706942055673,0.036374381089274134,0.022485492200385242,0.024438186071417543,0.021520329020906656
342,0.022666037759628856,0.021714706942055673,0.021714706942055673,0.011374381089274133,0.022485492200385242,0.021036825527199855,0.022718430495643534
346,0.022666037759628856,0.021714706942055673,0.021714706942055673,0.011374381089274133,0.019707714422607468,0.017635464982982168,0.0222937869349773
347,0.022666037759628856,0.021714706942055673,0.021714706942055673,0.019707714422607468,0.014152158867051911,0.02783954661563523,0.02158099238671612
350,0.022666037759628856,0.021714706942055673,0.021714706942055673,0.0280410477559408,0.02526326997816302,0.02783954661563523,0.021671987435430314
355,0.022666037759628856,0.021714706942055673,0.021714706942055673,0.019707714422607468,0.03359660331149635,0.017635464982982168,0.021838811691406335
376,0.022666037759628856,0.021714706942055673,0.021714706942055673,0.019707714422607468,0.022485492200385242,0.021036825527199855,0.021671987435430314
384,0.022666037759628856,0.021714706942055673,0.021714706942055673,0.0280410477559408,0.030818825533718577,0.017635464982982168,0.021762982484144506
385,0.022666037759628856,0.021714706942055673,0.021714706942055673,0.011374381089274133,0.02526326997816302,0.017635464982982168,0.022339284459334394
404,0.022666037759628856,0.021714706942055673,0.021714706942055673,0.0280410477559408,0.022485492200385242,0.034642267704070605,0.021399002289287733
416,0.022666037759628856,0.021714706942055673,0.021714706942055673,0.011374381089274133,0.01692993664482969,0.02783954661563523,0.022961083958881384
424,0.022666037759628856,0.021714706942055673,0.021714706942055673,0.019707714422607468,0.019707714422607468,0.021036825527199855,0.022096630996096548
433,0.022666037759628856,0.021714706942055673,0.021714706942055673,0.0280410477559408,0.01692993664482969,0.021036825527199855,0.02138383644783537
437,0.022666037759628856,0.021714706942055673,0.021714706942055673,0.019707714422607468,0.022485492200385242,0.017635464982982168,0.021793314167049237
439,0.022666037759628856,0.021714706942055673,0.021714706942055673,0.019707714422607468,0.014152158867051911,0.024438186071417543,0.021429333972192464
466,0.022666037759628856,0.021714706942055673,0.021714706942055673,0.019707714422607468,0.022485492200385242,0.031240907159852914,0.02221795772771547
479,0.022666037759628856,0.021714706942055673,0.021714706942055673,0.0280410477559408,0.02526326997816302,0.017635464982982168,0.021399002289287733
504,0.022666037759628856,0.021714706942055673,0.021714706942055673,0.0530410477559408,0.0280410477559408,0.031240907159852914,0.02148999733800193
520,0.022666037759628856,0.021714706942055673,0.021714706942055673,0.036374381089274134,0.02526326997816302,0.01423410443876448,0.021626489911073216
529,0.022666037759628856,0.021714706942055673,0.021714706942055673,0.0280410477559408,0.01692993664482969,0.021036825527199855,0.0214141681307401
571,0.022666037759628856,0.021714706942055673,0.021714706942055673,0.019707714422607468,0.02526326997816302,0.01423410443876448,0.021459665655097198
585,0.022666037759628856,0.021714706942055673,0.021714706942055673,0.019707714422607468,0.019707714422607468,0.024438186071417543,0.022187626044810744
589,0.022666037759628856,0.021714706942055673,0.021714706942055673,0.011374381089274133,0.01692993664482969,0.021036825527199855,0.023734541872952025
608,0.022666037759628856,0.021714706942055673,0.021714706942055673,0.011374381089274133,0.01692993664482969,0.021036825527199855,0.022506108715310415
617,0.022666037759628856,0.021714706942055673,0.021714706942055673,0.0280410477559408,0.022485492200385242,0.02783954661563523,0.021838811691406335
622,0.022666037759628856,0.021714706942055673,0.021714706942055673,0.0530410477559408,0.030818825533718577,0.02783954661563523,0.021505163179454292
639,0.022666037759628856,0.021714706942055673,0.021714706942055673,0.019707714422607468,0.01692993664482969,0.017635464982982168,0.02215729436190601
644,0.022666037759628856,0.021714706942055673,0.021714706942055673,0.0280410477559408,0.022485492200385242,0.024438186071417543,0.021626489911073216
649,0.022666037759628856,0.021714706942055673,0.021714706942055673,0.036374381089274134,0.02526326997816302,0.021036825527199855,0.02171748495978741
673,0.022666037759628856,0.021714706942055673,0.021714706942055673,0.011374381089274133,0.01692993664482969,0.024438186071417543,0.02285492306871482
674,0.022666037759628856,0.021714706942055673,0.021714706942055673,0.011374381089274133,0.01692993664482969,0.01423410443876448,0.02235445030078676
692,0.022666037759628856,0.021714706942055673,0.021714706942055673,0.019707714422607468,0.01692993664482969,0.01423410443876448,0.022187626044810744
702,0.022666037759628856,0.021714706942055673,0.021714706942055673,0.036374381089274134,0.02526326997816302,0.021036825527199855,0.021656821593977946
708,0.022666037759628856,0.021714706942055673,0.021714706942055673,0.0280410477559408,0.03359660331149635,0.010832743894546793,0.021520329020906656
721,0.022666037759628856,0.021714706942055673,0.021714706942055673,0.011374381089274133,0.019707714422607468,0.021036825527199855,0.02359804929988073
725,0.022666037759628856,0.021714706942055673,0.021714706942055673,0.019707714422607468,0.019707714422607468,0.021036825527199855,0.021747816642692142
744,0.022666037759628856,0.021714706942055673,0.021714706942055673,0.019707714422607468,0.01692993664482969,0.024438186071417543,0.022248289410620202
756,0.022666037759628856,0.021714706942055673,0.021714706942055673,0.011374381089274133,0.011374381089274133,0.024438186071417543,0.02411368790926116
790,0.022666037759628856,0.021714706942055673,0.021714706942055673,0.044707714422607465,0.02526326997816302,0.017635464982982168,0.021399002289287733
798,0.022666037759628856,0.021714706942055673,0.021714706942055673,0.011374381089274133,0.014152158867051911,0.021036825527199855,0.023400893360999982
803,0.022666037759628856,0.021714706942055673,0.021714706942055673,0.011374381089274133,0.01692993664482969,0.010832743894546793,0.023127908214857402
815,0.022666037759628856,0.021714706942055673,0.021714706942055673,0.011374381089274133,0.014152158867051911,0.021036825527199855,0.022581937922572244
818,0.022666037759628856,0.021714706942055673,0.021714706942055673,0.011374381089274133,0.01692993664482969,0.01423410443876448,0.022961083958881384
831,0.022666037759628856,0.021714706942055673,0.021714706942055673,0.019707714422607468,0.030818825533718577,0.024438186071417543,0.02138383644783537
855,0.022666037759628856,0.021714706942055673,0.021714706942055673,0.0280410477559408,0.02526326997816302,0.017635464982982168,0.0214141681307401
907,0.022666037759628856,0.021714706942055673,0.021714706942055673,0.019707714422607468,0.0280410477559408,0.01423410443876448,0.02148999733800193
919,0.022666037759628856,0.021714706942055673,0.021714706942055673,0.036374381089274134,0.02526326997816302,0.021036825527199855,0.021399002289287733
954,0.022666037759628856,0.021714706942055673,0.021714706942055673,0.0280410477559408,0.02526326997816302,0.021036825527199855,0.021459665655097198
971,0.022666037759628856,0.021714706942055673,0.021714706942055673,0.019707714422607468,0.019707714422607468,0.02783954661563523,0.02148999733800193
976,0.022666037759628856,0.021714706942055673,0.021714706942055673,0.0280410477559408,0.0280410477559408,0.02783954661563523,0.021535494862359023
991,0.022666037759628856,0.021714706942055673,0.021714706942055673,0.011374381089274133,0.02526326997816302,0.01423410443876448,0.023461556726809447
992,0.022666037759628856,0.021714706942055673,0.021714706942055673,0.011374381089274133,0.019707714422607468,0.01423410443876448,0.02256677208111988
994,0.022666037759628856,0.021714706942055673,0.021714706942055673,0.019707714422607468,0.01692993664482969,0.021036825527199855,0.02171748495978741
015,0.022615500804480406,0.02108299500270002,0.02108299500270002,0.0280410477559408,0.019707714422607468,0.024438186071417543,0.021899475057215796
016,0.022615500804480406,0.02108299500270002,0.02108299500270002,0.011374381089274133,0.019707714422607468,0.021036825527199855,0.022415113666596223
038,0.022615500804480406,0.02108299500270002,0.02108299500270002,0.011374381089274133,0.01692993664482969,0.024438186071417543,0.022339284459334394
048,0.022615500804480406,0.02108299500270002,0.02108299500270002,0.019707714422607468,0.019707714422607468,0.021036825527199855,0.021838811691406335
066,0.022615500804480406,0.02108299500270002,0.02108299500270002,0.0280410477559408,0.0280410477559408,0.010832743894546793,0.021565826545263754
070,0.022615500804480406,0.02108299500270002,0.02108299500270002,0.044707714422607465,0.0280410477559408,0.017635464982982168,0.02147483149654956
077,0.022615500804480406,0.02108299500270002,0.02108299500270002,0.061374381089274135,0.0280410477559408,0.017635464982982168,0.02158099238671612
078,0.022615500804480406,0.02108299500270002,0.02108299500270002,0.011374381089274133,0.011374381089274133,0.01423410443876448,0.02411368790926116
101,0.022615500804480406,0.02108299500270002,0.02108299500270002,0.011374381089274133,0.014152158867051911,0.017635464982982168,0.022915586434524286
103,0.022615500804480406,0.02108299500270002,0.02108299500270002,0.019707714422607468,0.02526326997816302,0.024438186071417543,0.021944972581572894
107,0.022615500804480406,0.02108299500270002,0.02108299500270002,0.0280410477559408,0.019707714422607468,0.017635464982982168,0.021626489911073216
120,0.022615500804480406,0.02108299500270002,0.02108299500270002,0.036374381089274134,0.03359660331149635,0.021036825527199855,0.021671987435430314
137,0.022615500804480406,0.02108299500270002,0.02108299500270002,0.0280410477559408,0.030818825533718577,0.024438186071417543,0.021505163179454292
145,0.022615500804480406,0.02108299500270002,0.02108299500270002,0.011374381089274133,0.014152158867051911,0.010832743894546793,0.02355255177552364
148,0.022615500804480406,0.02108299500270002,0.02108299500270002,0.019707714422607468,0.03359660331149635,0.021036825527199855,0.02147483149654956
152,0.022615500804480406,0.02108299500270002,0.02108299500270002,0.036374381089274134,0.019707714422607468,0.017635464982982168,0.021565826545263754
154,0.022615500804480406,0.02108299500270002,0.02108299500270002,0.0280410477559408,0.019707714422607468,0.021036825527199855,0.021838811691406335
187,0.022615500804480406,0.02108299500270002,0.02108299500270002,0.011374381089274133,0.014152158867051911,0.024438186071417543,0.02267293297128644
192,0.022615500804480406,0.02108299500270002,0.02108299500270002,0.011374381089274133,0.022485492200385242,0.017635464982982168,0.022794259702905363
203,0.022615500804480406,0.02108299500270002,0.02108299500270002,0.011374381089274133,0.019707714422607468,0.021036825527199855,0.02256677208111988
214,0.022615500804480406,0.02108299500270002,0.02108299500270002,0.019707714422607468,0.0280410477559408,0.024438186071417543,0.022278621093524936
223,0.022615500804480406,0.02108299500270002,0.02108299500270002,0.019707714422607468,0.02526326997816302,0.017635464982982168,0.022051133471739454
233,0.022615500804480406,0.02108299500270002,0.02108299500270002,0.019707714422607468,0.019707714422607468,0.021036825527199855,0.021869143374311065
245,0.022615500804480406,0.02108299500270002,0.02108299500270002,0.019707714422607468,0.02526326997816302,0.024438186071417543,0.021535494862359023
262,0.022615500804480406,0.02108299500270002,0.02108299500270002,0.011374381089274133,0.01692993664482969,0.021036825527199855,0.02246061119095332
276,0.022615500804480406,0.02108299500270002,0.02108299500270002,0.019707714422607468,0.019707714422607468,0.024438186071417543,0.021899475057215796
281,0.022615500804480406,0.02108299500270002,0.02108299500270002,0.011374381089274133,0.022485492200385242,0.021036825527199855,0.022521274556762783
284,0.022615500804480406,0.02108299500270002,0.02108299500270002,0.0280410477559408,0.02526326997816302,0.02783954661563523,0.02147483149654956
285,0.022615500804480406,0.02108299500270002,0.02108299500270002,0.011374381089274133,0.014152158867051911,0.02783954661563523,0.022961083958881384
320,0.022615500804480406,0.02108299500270002,0.02108299500270002,0.019707714422607468,0.019707714422607468,0.02783954661563523,0.021671987435430314
332,0.022615500804480406,0.02108299500270002,0.02108299500270002,0.019707714422607468,0.022485492200385242,0.021036825527199855,0.021944972581572894
337,0.022615500804480406,0.02108299500270002,0.02108299500270002,0.019707714422607468,0.019707714422607468,0.01423410443876448,0.02226345525207257
361,0.022615500804480406,0.02108299500270002,0.02108299500270002,0.036374381089274134,0.0280410477559408,0.017635464982982168,0.021702319118335044
364,0.022615500804480406,0.02108299500270002,0.02108299500270002,0.011374381089274133,0.02526326997816302,0.01423410443876448,0.022369616142239125
366,0.022615500804480406,0.02108299500270002,0.02108299500270002,0.011374381089274133,0.019707714422607468,0.02783954661563523,0.02246061119095332
410,0.022615500804480406,0.02108299500270002,0.02108299500270002,0.011374381089274133,0.022485492200385242,0.017635464982982168,0.02235445030078676
412,0.022615500804480406,0.02108299500270002,0.02108299500270002,0.019707714422607468,0.030818825533718577,0.02783954661563523,0.022142128520453646
414,0.022615500804480406,0.02108299500270002,0.02108299500270002,0.011374381089274133,0.019707714422607468,0.017635464982982168,0.02239994782514386
420,0.022615500804480406,0.02108299500270002,0.02108299500270002,0.0280410477559408,0.019707714422607468,0.017635464982982168,0.021535494862359023
421,0.022615500804480406,0.02108299500270002,0.02108299500270002,0.011374381089274133,0.019707714422607468,0.017635464982982168,0.02246061119095332
464,0.022615500804480406,0.02108299500270002,0.02108299500270002,0.0280410477559408,0.022485492200385242,0.017635464982982168,0.021899475057215796
467,0.022615500804480406,0.02108299500270002,0.02108299500270002,0.019707714422607468,0.01692993664482969,0.017635464982982168,0.022035967630287086
476,0.022615500804480406,0.02108299500270002,0.02108299500270002,0.019707714422607468,0.019707714422607468,0.02783954661563523,0.02202080178883472
483,0.022615500804480406,0.02108299500270002,0.02108299500270002,0.019707714422607468,0.022485492200385242,0.021036825527199855,0.021944972581572894
494,0.022615500804480406,0.02108299500270002,0.02108299500270002,0.019707714422607468,0.022485492200385242,0.017635464982982168,0.021762982484144506
496,0.022615500804480406,0.02108299500270002,0.02108299500270002,0.0280410477559408,0.01692993664482969,0.021036825527199855,0.021535494862359023
498,0.022615500804480406,0.02108299500270002,0.02108299500270002,0.019707714422607468,0.022485492200385242,0.01423410443876448,0.022066299313191817
500,0.022615500804480406,0.02108299500270002,0.02108299500270002,0.011374381089274133,0.01692993664482969,0.024438186071417543,0.02239994782514386
550,0.022615500804480406,0.02108299500270002,0.02108299500270002,0.036374381089274134,0.02526326997816302,0.017635464982982168,0.021505163179454292
554,0.022615500804480406,0.02108299500270002,0.02108299500270002,0.019707714422607468,0.0280410477559408,0.017635464982982168,0.021778148325596873
574,0.022615500804480406,0.02108299500270002,0.02108299500270002,0.019707714422607468,0.02526326997816302,0.02783954661563523,0.02226345525207257
575,0.022615500804480406,0.02108299500270002,0.02108299500270002,0.019707714422607468,0.014152158867051911,0.021036825527199855,0.022187626044810744
581,0.022615500804480406,0.02108299500270002,0.02108299500270002,0.011374381089274133,0.01692993664482969,0.021036825527199855,0.022415113666596223
590,0.022615500804480406,0.02108299500270002,0.02108299500270002,0.036374381089274134,0.019707714422607468,0.02783954661563523,0.021459665655097198
591,0.022615500804480406,0.02108299500270002,0.02108299500270002,0.011374381089274133,0.019707714422607468,0.034642267704070605,0.023294732470833423
598,0.022615500804480406,0.02108299500270002,0.02108299500270002,0.011374381089274133,0.01692993664482969,0.021036825527199855,0.023264400787928692
604,0.022615500804480406,0.02108299500270002,0.02108299500270002,0.011374381089274133,0.01692993664482969,0.021036825527199855,0.022490942873858052
611,0.022615500804480406,0.02108299500270002,0.02108299500270002,0.019707714422607468,0.0280410477559408,0.021036825527199855,0.021702319118335044
635,0.022615500804480406,0.02108299500270002,0.02108299500270002,0.0530410477559408,0.0280410477559408,0.024438186071417543,0.02144449981364483
648,0.022615500804480406,0.02108299500270002,0.02108299500270002,0.044707714422607465,0.0280410477559408,0.021036825527199855,0.0214141681307401
655,0.022615500804480406,0.02108299500270002,0.02108299500270002,0.019707714422607468,0.01692993664482969,0.02783954661563523,0.021702319118335044
660,0.022615500804480406,0.02108299500270002,0.02108299500270002,0.011374381089274133,0.0280410477559408,0.017635464982982168,0.02243027950804859
677,0.022615500804480406,0.02108299500270002,0.02108299500270002,0.0280410477559408,0.022485492200385242,0.017635464982982168,0.021565826545263754
678,0.022615500804480406,0.02108299500270002,0.02108299500270002,0.011374381089274133,0.022485492200385242,0.01423410443876448,0.022506108715310415
699,0.022615500804480406,0.02108299500270002,0.02108299500270002,0.044707714422607465,0.030818825533718577,0.021036825527199855,0.021671987435430314
701,0.022615500804480406,0.02108299500270002,0.02108299500270002,0.011374381089274133,0.014152158867051911,0.021036825527199855,0.022581937922572244
719,0.022615500804480406,0.02108299500270002,0.02108299500270002,0.036374381089274134,0.022485492200385242,0.010832743894546793,0.021399002289287733
723,0.022615500804480406,0.02108299500270002,0.02108299500270002,0.019707714422607468,0.01692993664482969,0.02783954661563523,0.02221795772771547
746,0.022615500804480406,0.02108299500270002,0.02108299500270002,0.0280410477559408,0.01692993664482969,0.017635464982982168,0.02171748495978741
757,0.022615500804480406,0.02108299500270002,0.02108299500270002,0.011374381089274133,0.01692993664482969,0.01423410443876448,0.022612269605476975
763,0.022615500804480406,0.02108299500270002,0.02108299500270002,0.011374381089274133,0.019707714422607468,0.031240907159852914,0.02232411861788203
822,0.022615500804480406,0.02108299500270002,0.02108299500270002,0.011374381089274133,0.01692993664482969,0.017635464982982168,0.023294732470833423
837,0.022615500804480406,0.02108299500270002,0.02108299500270002,0.011374381089274133,0.011374381089274133,0.02783954661563523,0.02411368790926116
842,0.022615500804480406,0.02108299500270002,0.02108299500270002,0.011374381089274133,0.022485492200385242,0.017635464982982168,0.0222937869349773
845,0.022615500804480406,0.02108299500270002,0.02108299500270002,0.011374381089274133,0.022485492200385242,0.021036825527199855,0.022506108715310415
849,0.022615500804480406,0.02108299500270002,0.02108299500270002,0.0280410477559408,0.019707714422607468,0.017635464982982168,0.021929806740120527
863,0.022615500804480406,0.02108299500270002,0.02108299500270002,0.036374381089274134,0.0280410477559408,0.021036825527199855,0.021535494862359023
865,0.022615500804480406,0.02108299500270002,0.02108299500270002,0.011374381089274133,0.019707714422607468,0.02783954661563523,0.02299141564178611
884,0.022615500804480406,0.02108299500270002,0.02108299500270002,0.036374381089274134,0.030818825533718577,0.024438186071417543,0.021429333972192464
885,0.022615500804480406,0.02108299500270002,0.02108299500270002,0.019707714422607468,0.019707714422607468,0.02783954661563523,0.021535494862359023
901,0.022615500804480406,0.02108299500270002,0.02108299500270002,0.011374381089274133,0.022485492200385242,0.017635464982982168,0.022597103764024608
922,0.022615500804480406,0.02108299500270002,0.02108299500270002,0.0280410477559408,0.01692993664482969,0.031240907159852914,0.021793314167049237
940,0.022615500804480406,0.02108299500270002,0.02108299500270002,0.0280410477559408,0.019707714422607468,0.03804362824828829,0.021520329020906656
951,0.022615500804480406,0.02108299500270002,0.02108299500270002,0.011374381089274133,0.019707714422607468,0.034642267704070605,0.02253644039821515
953,0.022615500804480406,0.02108299500270002,0.02108299500270002,0.019707714422607468,0.01692993664482969,0.017635464982982168,0.022278621093524936
973,0.022615500804480406,0.02108299500270002,0.02108299500270002,0.011374381089274133,0.02526326997816302,0.024438186071417543,0.02253644039821515
985,0.022615500804480406,0.02108299500270002,0.02108299500270002,0.019707714422607468,0.02526326997816302,0.017635464982982168,0.02182364584995397
995,0.022615500804480406,0.02108299500270002,0.02108299500270002,0.011374381089274133,0.014152158867051911,0.021036825527199855,0.023855868604570948
002,0.022564963849331952,0.020451283063344365,0.020451283063344365,0.019707714422607468,0.01692993664482969,0.02783954661563523,0.021459665655097198
007,0.022564963849331952,0.020451283063344365,0.020451283063344365,0.011374381089274133,0.019707714422607468,0.017635464982982168,0.02324923494647633
037,0.022564963849331952,0.020451283063344365,0.020451283063344365,0.019707714422607468,0.019707714422607468,0.03804362824828829,0.02155066070381139
058,0.022564963849331952,0.020451283063344365,0.020451283063344365,0.011374381089274133,0.0280410477559408,0.017635464982982168,0.022384781983691492
061,0.022564963849331952,0.020451283063344365,0.020451283063344365,0.019707714422607468,0.030818825533718577,0.02783954661563523,0.022035967630287086
062,0.022564963849331952,0.020451283063344365,0.020451283063344365,0.0280410477559408,0.022485492200385242,0.01423410443876448,0.02159615822816849
072,0.022564963849331952,0.020451283063344365,0.020451283063344365,0.0280410477559408,0.019707714422607468,0.021036825527199855,0.021808480008501604
094,0.022564963849331952,0.020451283063344365,0.020451283063344365,0.011374381089274133,0.01692993664482969,0.021036825527199855,0.02276392802000063
095,0.022564963849331952,0.020451283063344365,0.020451283063344365,0.0280410477559408,0.019707714422607468,0.021036825527199855,0.021626489911073216
118,0.022564963849331952,0.020451283063344365,0.020451283063344365,0.0280410477559408,0.022485492200385242,0.024438186071417543,0.02158099238671612
122,0.022564963849331952,0.020451283063344365,0.020451283063344365,0.019707714422607468,0.014152158867051911,0.017635464982982168,0.021399002289287733
142,0.022564963849331952,0.020451283063344365,0.020451283063344365,0.019707714422607468,0.019707714422607468,0.01423410443876448,0.02202080178883472
181,0.022564963849331952,0.020451283063344365,0.020451283063344365,0.036374381089274134,0.022485492200385242,0.017635464982982168,0.02144449981364483
185,0.022564963849331952,0.020451283063344365,0.020451283063344365,0.019707714422607468,0.0280410477559408,0.024438186071417543,0.021565826545263754
193,0.022564963849331952,0.020451283063344365,0.020451283063344365,0.019707714422607468,0.02526326997816302,0.01423410443876448,0.02155066070381139
207,0.022564963849331952,0.020451283063344365,0.020451283063344365,0.0280410477559408,0.019707714422607468,0.024438186071417543,0.02148999733800193
209,0.022564963849331952,0.020451283063344365,0.020451283063344365,0.011374381089274133,0.019707714422607468,0.017635464982982168,0.02303691316614321
211,0.022564963849331952,0.020451283063344365,0.020451283063344365,0.0280410477559408,0.019707714422607468,0.021036825527199855,0.021565826545263754
218,0.022564963849331952,0.020451283063344365,0.020451283063344365,0.011374381089274133,0.019707714422607468,0.01423410443876448,0.022521274556762783
226,0.022564963849331952,0.020451283063344365,0.020451283063344365,0.019707714422607468,0.01692993664482969,0.021036825527199855,0.021702319118335044
230,0.022564963849331952,0.020451283063344365,0.020451283063344365,0.011374381089274133,0.022485492200385242,0.017635464982982168,0.0222937869349773
241,0.022564963849331952,0.020451283063344365,0.020451283063344365,0.0280410477559408,0.02526326997816302,0.021036825527199855,0.021641655752525583
282,0.022564963849331952,0.020451283063344365,0.020451283063344365,0.011374381089274133,0.01692993664482969,0.024438186071417543,0.022642601288381706
288,0.022564963849331952,0.020451283063344365,0.020451283063344365,0.011374381089274133,0.01692993664482969,0.017635464982982168,0.022657767129834073
295,0.022564963849331952,0.020451283063344365,0.020451283063344365,0.019707714422607468,0.022485492200385242,0.02783954661563523,0.021505163179454292
303,0.022564963849331952,0.020451283063344365,0.020451283063344365,0.011374381089274133,0.01692993664482969,0.021036825527199855,0.023021747324690846
386,0.022564963849331952,0.020451283063344365,0.020451283063344365,0.011374381089274133,0.011374381089274133,0.034642267704070605,0.02411368790926116
393,0.022564963849331952,0.020451283063344365,0.020451283063344365,0.011374381089274133,0.022485492200385242,0.02783954661563523,0.022915586434524286
401,0.022564963849331952,0.020451283063344365,0.020451283063344365,0.011374381089274133,0.02526326997816302,0.017635464982982168,0.02239994782514386
405,0.022564963849331952,0.020451283063344365,0.020451283063344365,0.019707714422607468,0.022485492200385242,0.021036825527199855,0.02188430921576343
425,0.022564963849331952,0.020451283063344365,0.020451283063344365,0.011374381089274133,0.022485492200385242,0.021036825527199855,0.02239994782514386
448,0.022564963849331952,0.020451283063344365,0.020451283063344365,0.019707714422607468,0.019707714422607468,0.021036825527199855,0.022081465154644184
455,0.022564963849331952,0.020451283063344365,0.020451283063344365,0.019707714422607468,0.02526326997816302,0.010832743894546793,0.022066299313191817
457,0.022564963849331952,0.020451283063344365,0.020451283063344365,0.0280410477559408,0.022485492200385242,0.021036825527199855,0.0214141681307401
480,0.022564963849331952,0.020451283063344365,0.020451283063344365,0.011374381089274133,0.014152158867051911,0.021036825527199855,0.02303691316614321
487,0.022564963849331952,0.020451283063344365,0.020451283063344365,0.011374381089274133,0.019707714422607468,0.02783954661563523,0.023112742373405038
511,0.022564963849331952,0.020451283063344365,0.020451283063344365,0.0280410477559408,0.019707714422607468,0.024438186071417543,0.02155066070381139
514,0.022564963849331952,0.020451283063344365,0.020451283063344365,0.019707714422607468,0.0280410477559408,0.021036825527199855,0.0218539775328587
515,0.022564963849331952,0.020451283063344365,0.020451283063344365,0.0280410477559408,0.022485492200385242,0.024438186071417543,0.02171748495978741
524,0.022564963849331952,0.020451283063344365,0.020451283063344365,0.019707714422607468,0.019707714422607468,0.01423410443876448,0.02147483149654956
527,0.022564963849331952,0.020451283063344365,0.020451283063344365,0.0280410477559408,0.022485492200385242,0.021036825527199855,0.021429333972192464
531,0.022564963849331952,0.020451283063344365,0.020451283063344365,0.011374381089274133,0.02526326997816302,0.021036825527199855,0.022490942873858052
534,0.022564963849331952,0.020451283063344365,0.020451283063344365,0.011374381089274133,0.01692993664482969,0.017635464982982168,0.023977195336189874
535,0.022564963849331952,0.020451283063344365,0.020451283063344365,0.011374381089274133,0.014152158867051911,0.01423410443876448,0.023234069105023965
538,0.022564963849331952,0.020451283063344365,0.020451283063344365,0.011374381089274133,0.014152158867051911,0.021036825527199855,0.0240075270190946
541,0.022564963849331952,0.020451283063344365,0.020451283063344365,0.019707714422607468,0.014152158867051911,0.021036825527199855,0.02148999733800193
548,0.022564963849331952,0.020451283063344365,0.020451283063344365,0.019707714422607468,0.019707714422607468,0.01423410443876448,0.02148999733800193
580,0.022564963849331952,0.020451283063344365,0.020451283063344365,0.019707714422607468,0.01692993664482969,0.01423410443876448,0.02188430921576343
593,0.022564963849331952,0.020451283063344365,0.020451283063344365,0.0280410477559408,0.022485492200385242,0.024438186071417543,0.021944972581572894
607,0.022564963849331952,0.020451283063344365,0.020451283063344365,0.019707714422607468,0.014152158867051911,0.017635464982982168,0.021702319118335044
637,0.022564963849331952,0.020451283063344365,0.020451283063344365,0.019707714422607468,0.02526326997816302,0.01423410443876448,0.021747816642692142
650,0.022564963849331952,0.020451283063344365,0.020451283063344365,0.019707714422607468,0.019707714422607468,0.031240907159852914,0.021747816642692142
656,0.022564963849331952,0.020451283063344365,0.020451283063344365,0.019707714422607468,0.019707714422607468,0.024438186071417543,0.021656821593977946
670,0.022564963849331952,0.020451283063344365,0.020451283063344365,0.0280410477559408,0.02526326997816302,0.017635464982982168,0.021611324069620852
739,0.022564963849331952,0.020451283063344365,0.020451283063344365,0.0280410477559408,0.022485492200385242,0.031240907159852914,0.022096630996096548
743,0.022564963849331952,0.020451283063344365,0.020451283063344365,0.019707714422607468,0.019707714422607468,0.021036825527199855,0.021793314167049237
759,0.022564963849331952,0.020451283063344365,0.020451283063344365,0.019707714422607468,0.01692993664482969,0.024438186071417543,0.021793314167049237
767,0.022564963849331952,0.020451283063344365,0.020451283063344365,0.036374381089274134,0.03359660331149635,0.017635464982982168,0.02159615822816849
771,0.022564963849331952,0.020451283063344365,0.020451283063344365,0.011374381089274133,0.019707714422607468,0.017635464982982168,0.022490942873858052
825,0.022564963849331952,0.020451283063344365,0.020451283063344365,0.011374381089274133,0.01692993664482969,0.021036825527199855,0.022642601288381706
830,0.022564963849331952,0.020451283063344365,0.020451283063344365,0.0280410477559408,0.019707714422607468,0.017635464982982168,0.02148999733800193
838,0.022564963849331952,0.020451283063344365,0.020451283063344365,0.011374381089274133,0.022485492200385242,0.01423410443876448,0.022581937922572244
843,0.022564963849331952,0.020451283063344365,0.020451283063344365,0.0280410477559408,0.022485492200385242,0.02783954661563523,0.02171748495978741
846,0.022564963849331952,0.020451283063344365,0.020451283063344365,0.019707714422607468,0.019707714422607468,0.034642267704070605,0.02158099238671612
861,0.022564963849331952,0.020451283063344365,0.020451283063344365,0.011374381089274133,0.022485492200385242,0.024438186071417543,0.022703264654191167
899,0.022564963849331952,0.020451283063344365,0.020451283063344365,0.0280410477559408,0.01692993664482969,0.031240907159852914,0.02144449981364483
911,0.022564963849331952,0.020451283063344365,0.020451283063344365,0.0280410477559408,0.02526326997816302,0.021036825527199855,0.021808480008501604
912,0.022564963849331952,0.020451283063344365,0.020451283063344365,0.011374381089274133,0.01692993664482969,0.024438186071417543,0.023082410690500304
925,0.022564963849331952,0.020451283063344365,0.020451283063344365,0.011374381089274133,0.014152158867051911,0.017635464982982168,0.023992361177642238
926,0.022564963849331952,0.020451283063344365,0.020451283063344365,0.019707714422607468,0.014152158867051911,0.017635464982982168,0.02223312356916784
999,0.022564963849331952,0.020451283063344365,0.020451283063344365,0.0280410477559408,0.022485492200385242,0.031240907159852914,0.021459665655097198
027,0.022514426894183502,0.019819571123988713,0.019819571123988713,0.019707714422607468,0.01692993664482969,0.024438186071417543,0.021869143374311065
060,0.022514426894183502,0.019819571123988713,0.019819571123988713,0.019707714422607468,0.01692993664482969,0.024438186071417543,0.022005635947382356
167,0.022514426894183502,0.019819571123988713,0.019819571123988713,0.019707714422607468,0.022485492200385242,0.02783954661563523,0.022005635947382356
171,0.022514426894183502,0.019819571123988713,0.019819571123988713,0.019707714422607468,0.022485492200385242,0.010832743894546793,0.022278621093524936
182,0.022514426894183502,0.019819571123988713,0.019819571123988713,0.019707714422607468,0.014152158867051911,0.02783954661563523,0.02221795772771547
222,0.022514426894183502,0.019819571123988713,0.019819571123988713,0.011374381089274133,0.01692993664482969,0.01423410443876448,0.022506108715310415
247,0.022514426894183502,0.019819571123988713,0.019819571123988713,0.019707714422607468,0.019707714422607468,0.024438186071417543,0.022051133471739454
256,0.022514426894183502,0.019819571123988713,0.019819571123988713,0.0280410477559408,0.022485492200385242,0.02783954661563523,0.02138383644783537
287,0.022514426894183502,0.019819571123988713,0.019819571123988713,0.036374381089274134,0.0280410477559408,0.021036825527199855,0.021505163179454292
324,0.022514426894183502,0.019819571123988713,0.019819571123988713,0.019707714422607468,0.019707714422607468,0.017635464982982168,0.022202791886263108
328,0.022514426894183502,0.019819571123988713,0.019819571123988713,0.011374381089274133,0.019707714422607468,0.024438186071417543,0.022475777032405685
345,0.022514426894183502,0.019819571123988713,0.019819571123988713,0.019707714422607468,0.022485492200385242,0.017635464982982168,0.021929806740120527
357,0.022514426894183502,0.019819571123988713,0.019819571123988713,0.019707714422607468,0.02526326997816302,0.01423410443876448,0.022202791886263108
378,0.022514426894183502,0.019819571123988713,0.019819571123988713,0.011374381089274133,0.01692993664482969,0.01423410443876448,0.022885254751619555
387,0.022514426894183502,0.019819571123988713,0.019819571123988713,0.011374381089274133,0.019707714422607468,0.010832743894546793,0.022627435446929342
408,0.022514426894183502,0.019819571123988713,0.019819571123988713,0.019707714422607468,0.019707714422607468,0.024438186071417543,0.0218539775328587
418,0.022514426894183502,0.019819571123988713,0.019819571123988713,0.019707714422607468,0.02526326997816302,0.021036825527199855,0.02202080178883472
440,0.022514426894183502,0.019819571123988713,0.019819571123988713,0.0280410477559408,0.02526326997816302,0.017635464982982168,0.021778148325596873
486,0.022514426894183502,0.019819571123988713,0.019819571123988713,0.019707714422607468,0.014152158867051911,0.017635464982982168,0.021929806740120527
497,0.022514426894183502,0.019819571123988713,0.019819571123988713,0.019707714422607468,0.019707714422607468,0.021036825527199855,0.021914640898668163
499,0.022514426894183502,0.019819571123988713,0.019819571123988713,0.011374381089274133,0.019707714422607468,0.021036825527199855,0.022627435446929342
505,0.022514426894183502,0.019819571123988713,0.019819571123988713,0.0280410477559408,0.019707714422607468,0.01423410443876448,0.02211179683754891
537,0.022514426894183502,0.019819571123988713,0.019819571123988713,0.011374381089274133,0.030818825533718577,0.021036825527199855,0.022415113666596223
544,0.022514426894183502,0.019819571123988713,0.019819571123988713,0.0280410477559408,0.019707714422607468,0.017635464982982168,0.021656821593977946
552,0.022514426894183502,0.019819571123988713,0.019819571123988713,0.011374381089274133,0.01692993664482969,0.03804362824828829,0.02387103444602331
570,0.022514426894183502,0.019819571123988713,0.019819571123988713,0.0280410477559408,0.022485492200385242,0.021036825527199855,0.021505163179454292
600,0.022514426894183502,0.019819571123988713,0.019819571123988713,0.011374381089274133,0.011374381089274133,0.021036825527199855,0.02411368790926116
613,0.022514426894183502,0.019819571123988713,0.019819571123988713,0.019707714422607468,0.030818825533718577,0.01423410443876448,0.02223312356916784
640,0.022514426894183502,0.019819571123988713,0.019819571123988713,0.011374381089274133,0.022485492200385242,0.010832743894546793,0.02239994782514386
706,0.022514426894183502,0.019819571123988713,0.019819571123988713,0.019707714422607468,0.019707714422607468,0.021036825527199855,0.022005635947382356
722,0.022514426894183502,0.019819571123988713,0.019819571123988713,0.011374381089274133,0.019707714422607468,0.024438186071417543,0.022642601288381706
750,0.022514426894183502,0.019819571123988713,0.019819571123988713,0.011374381089274133,0.014152158867051911,0.024438186071417543,0.02378003939730912
785,0.022514426894183502,0.019819571123988713,0.019819571123988713,0.019707714422607468,0.019707714422607468,0.017635464982982168,0.021641655752525583
806,0.022514426894183502,0.019819571123988713,0.019819571123988713,0.019707714422607468,0.01692993664482969,0.017635464982982168,0.021505163179454292
826,0.022514426894183502,0.019819571123988713,0.019819571123988713,0.019707714422607468,0.019707714422607468,0.021036825527199855,0.022248289410620202
834,0.022514426894183502,0.019819571123988713,0.019819571123988713,0.0280410477559408,0.022485492200385242,0.017635464982982168,0.021869143374311065
839,0.022514426894183502,0.019819571123988713,0.019819571123988713,0.019707714422607468,0.02526326997816302,0.01423410443876448,0.021505163179454292
881,0.022514426894183502,0.019819571123988713,0.019819571123988713,0.0280410477559408,0.019707714422607468,0.017635464982982168,0.022187626044810744
935,0.022514426894183502,0.019819571123988713,0.019819571123988713,0.019707714422607468,0.014152158867051911,0.024438186071417543,0.02182364584995397
033,0.02246388993903505,0.019187859184633057,0.019187859184633057,0.019707714422607468,0.022485492200385242,0.017635464982982168,0.02158099238671612
051,0.02246388993903505,0.019187859184633057,0.019187859184633057,0.011374381089274133,0.030818825533718577,0.021036825527199855,0.023097576531952674
055,0.02246388993903505,0.019187859184633057,0.019187859184633057,0.011374381089274133,0.02526326997816302,0.01423410443876448,0.022657767129834073
068,0.02246388993903505,0.019187859184633057,0.019187859184633057,0.011374381089274133,0.014152158867051911,0.02783954661563523,0.02293075227597665
069,0.02246388993903505,0.019187859184633057,0.019187859184633057,0.011374381089274133,0.019707714422607468,0.021036825527199855,0.023234069105023965
105,0.02246388993903505,0.019187859184633057,0.019187859184633057,0.019707714422607468,0.019707714422607468,0.024438186071417543,0.022172460203358377
144,0.02246388993903505,0.019187859184633057,0.019187859184633057,0.011374381089274133,0.014152158867051911,0.021036825527199855,0.023507054251166542
160,0.02246388993903505,0.019187859184633057,0.019187859184633057,0.036374381089274134,0.02526326997816302,0.021036825527199855,0.021838811691406335
220,0.02246388993903505,0.019187859184633057,0.019187859184633057,0.019707714422607468,0.01692993664482969,0.024438186071417543,0.021929806740120527
231,0.02246388993903505,0.019187859184633057,0.019187859184633057,0.011374381089274133,0.01692993664482969,0.017635464982982168,0.02290042059307192
234,0.02246388993903505,0.019187859184633057,0.019187859184633057,0.011374381089274133,0.01692993664482969,0.017635464982982168,0.023431225043904713
333,0.02246388993903505,0.019187859184633057,0.019187859184633057,0.011374381089274133,0.01692993664482969,0.021036825527199855,0.023127908214857402
338,0.02246388993903505,0.019187859184633057,0.019187859184633057,0.011374381089274133,0.01692993664482969,0.021036825527199855,0.02293075227597665
351,0.02246388993903505,0.019187859184633057,0.019187859184633057,0.0280410477559408,0.02526326997816302,0.021036825527199855,0.0214141681307401
372,0.02246388993903505,0.019187859184633057,0.019187859184633057,0.0280410477559408,0.019707714422607468,0.010832743894546793,0.02138383644783537
415,0.02246388993903505,0.019187859184633057,0.019187859184633057,0.011374381089274133,0.014152158867051911,0.017635464982982168,0.023400893360999982
445,0.02246388993903505,0.019187859184633057,0.019187859184633057,0.011374381089274133,0.019707714422607468,0.021036825527199855,0.02267293297128644
469,0.02246388993903505,0.019187859184633057,0.019187859184633057,0.011374381089274133,0.01692993664482969,0.017635464982982168,0.022384781983691492
501,0.02246388993903505,0.019187859184633057,0.019187859184633057,0.019707714422607468,0.019707714422607468,0.017635464982982168,0.021535494862359023
551,0.02246388993903505,0.019187859184633057,0.019187859184633057,0.0280410477559408,0.02526326997816302,0.02783954661563523,0.021732650801239775
680,0.02246388993903505,0.019187859184633057,0.019187859184633057,0.019707714422607468,0.019707714422607468,0.010832743894546793,0.021671987435430314
685,0.02246388993903505,0.019187859184633057,0.019187859184633057,0.011374381089274133,0.01692993664482969,0.017635464982982168,0.022369616142239125
693,0.02246388993903505,0.019187859184633057,0.019187859184633057,0.0280410477559408,0.02526326997816302,0.021036825527199855,0.021656821593977946
733,0.02246388993903505,0.019187859184633057,0.019187859184633057,0.0280410477559408,0.0280410477559408,0.021036825527199855,0.02171748495978741
734,0.02246388993903505,0.019187859184633057,0.019187859184633057,0.0280410477559408,0.0280410477559408,0.021036825527199855,0.021520329020906656
789,0.02246388993903505,0.019187859184633057,0.019187859184633057,0.019707714422607468,0.014152158867051911,0.01423410443876448,0.02226345525207257
792,0.02246388993903505,0.019187859184633057,0.019187859184633057,0.0280410477559408,0.022485492200385242,0.01423410443876448,0.02171748495978741
805,0.02246388993903505,0.019187859184633057,0.019187859184633057,0.011374381089274133,0.011374381089274133,0.024438186071417543,0.02411368790926116
864,0.02246388993903505,0.019187859184633057,0.019187859184633057,0.0280410477559408,0.019707714422607468,0.017635464982982168,0.021459665655097198
868,0.02246388993903505,0.019187859184633057,0.019187859184633057,0.019707714422607468,0.014152158867051911,0.01423410443876448,0.02212696267900128
914,0.02246388993903505,0.019187859184633057,0.019187859184633057,0.0280410477559408,0.01692993664482969,0.017635464982982168,0.021399002289287733
947,0.02246388993903505,0.019187859184633057,0.019187859184633057,0.011374381089274133,0.019707714422607468,0.017635464982982168,0.022490942873858052
961,0.02246388993903505,0.019187859184633057,0.019187859184633057,0.0280410477559408,0.022485492200385242,0.017635464982982168,0.02196013842302526
977,0.02246388993903505,0.019187859184633057,0.019187859184633057,0.019707714422607468,0.022485492200385242,0.02783954661563523,0.02148999733800193
004,0.022413352983886595,0.018556147245277405,0.018556147245277405,0.011374381089274133,0.014152158867051911,0.01423410443876448,0.022733596337095898
056,0.022413352983886595,0.018556147245277405,0.018556147245277405,0.011374381089274133,0.014152158867051911,0.017635464982982168,0.022384781983691492
082,0.022413352983886595,0.018556147245277405,0.018556147245277405,0.044707714422607465,0.0280410477559408,0.01423410443876448,0.02144449981364483
091,0.022413352983886595,0.018556147245277405,0.018556147245277405,0.0280410477559408,0.02526326997816302,0.02783954661563523,0.02138383644783537
134,0.022413352983886595,0.018556147245277405,0.018556147245277405,0.0280410477559408,0.019707714422607468,0.021036825527199855,0.02147483149654956
146,0.022413352983886595,0.018556147245277405,0.018556147245277405,0.011374381089274133,0.01692993664482969,0.01423410443876448,0.022627435446929342
176,0.022413352983886595,0.018556147245277405,0.018556147245277405,0.011374381089274133,0.01692993664482969,0.021036825527199855,0.022945918117429014
184,0.022413352983886595,0.018556147245277405,0.018556147245277405,0.019707714422607468,0.014152158867051911,0.017635464982982168,0.022187626044810744
235,0.022413352983886595,0.018556147245277405,0.018556147245277405,0.019707714422607468,0.02526326997816302,0.01423410443876448,0.021838811691406335
238,0.022413352983886595,0.018556147245277405,0.018556147245277405,0.019707714422607468,0.019707714422607468,0.01423410443876448,0.021732650801239775
255,0.022413352983886595,0.018556147245277405,0.018556147245277405,0.011374381089274133,0.019707714422607468,0.010832743894546793,0.022506108715310415
293,0.022413352983886595,0.018556147245277405,0.018556147245277405,0.0280410477559408,0.019707714422607468,0.017635464982982168,0.02155066070381139
298,0.022413352983886595,0.018556147245277405,0.018556147245277405,0.0280410477559408,0.022485492200385242,0.017635464982982168,0.02144449981364483
359,0.022413352983886595,0.018556147245277405,0.018556147245277405,0.011374381089274133,0.022485492200385242,0.017635464982982168,0.02256677208111988
367,0.022413352983886595,0.018556147245277405,0.018556147245277405,0.019707714422607468,0.019707714422607468,0.017635464982982168,0.021656821593977946
377,0.022413352983886595,0.018556147245277405,0.018556147245277405,0.019707714422607468,0.01692993664482969,0.01423410443876448,0.021671987435430314
397,0.022413352983886595,0.018556147245277405,0.018556147245277405,0.011374381089274133,0.01692993664482969,0.017635464982982168,0.02353738593407127
477,0.022413352983886595,0.018556147245277405,0.018556147245277405,0.019707714422607468,0.019707714422607468,0.024438186071417543,0.02226345525207257
502,0.022413352983886595,0.018556147245277405,0.018556147245277405,0.0280410477559408,0.022485492200385242,0.01423410443876448,0.022035967630287086
506,0.022413352983886595,0.018556147245277405,0.018556147245277405,0.011374381089274133,0.019707714422607468,0.021036825527199855,0.023097576531952674
512,0.022413352983886595,0.018556147245277405,0.018556147245277405,0.019707714422607468,0.01692993664482969,0.01423410443876448,0.02196013842302526
513,0.022413352983886595,0.018556147245277405,0.018556147245277405,0.019707714422607468,0.022485492200385242,0.031240907159852914,0.021626489911073216
533,0.022413352983886595,0.018556147245277405,0.018556147245277405,0.0280410477559408,0.022485492200385242,0.017635464982982168,0.021778148325596873
584,0.022413352983886595,0.018556147245277405,0.018556147245277405,0.019707714422607468,0.01692993664482969,0.021036825527199855,0.02211179683754891
588,0.022413352983886595,0.018556147245277405,0.018556147245277405,0.0280410477559408,0.01692993664482969,0.024438186071417543,0.022248289410620202
626,0.022413352983886595,0.018556147245277405,0.018556147245277405,0.011374381089274133,0.014152158867051911,0.017635464982982168,0.02239994782514386
657,0.022413352983886595,0.018556147245277405,0.018556147245277405,0.019707714422607468,0.01692993664482969,0.021036825527199855,0.022051133471739454
700,0.022413352983886595,0.018556147245277405,0.018556147245277405,0.011374381089274133,0.01692993664482969,0.021036825527199855,0.022445445349500954
713,0.022413352983886595,0.018556147245277405,0.018556147245277405,0.019707714422607468,0.022485492200385242,0.02783954661563523,0.022202791886263108
714,0.022413352983886595,0.018556147245277405,0.018556147245277405,0.011374381089274133,0.02526326997816302,0.01423410443876448,0.023097576531952674
717,0.022413352983886595,0.018556147245277405,0.018556147245277405,0.019707714422607468,0.0280410477559408,0.021036825527199855,0.0214141681307401
754,0.022413352983886595,0.018556147245277405,0.018556147245277405,0.019707714422607468,0.019707714422607468,0.021036825527199855,0.02221795772771547
773,0.022413352983886595,0.018556147245277405,0.018556147245277405,0.036374381089274134,0.030818825533718577,0.01423410443876448,0.021535494862359023
780,0.022413352983886595,0.018556147245277405,0.018556147245277405,0.011374381089274133,0.01692993664482969,0.024438186071417543,0.02256677208111988
797,0.022413352983886595,0.018556147245277405,0.018556147245277405,0.019707714422607468,0.019707714422607468,0.01423410443876448,0.02155066070381139
821,0.022413352983886595,0.018556147245277405,0.018556147245277405,0.019707714422607468,0.019707714422607468,0.024438186071417543,0.02211179683754891
886,0.022413352983886595,0.018556147245277405,0.018556147245277405,0.011374381089274133,0.01692993664482969,0.010832743894546793,0.02314307405630977
952,0.022413352983886595,0.018556147245277405,0.018556147245277405,0.019707714422607468,0.022485492200385242,0.01423410443876448,0.022096630996096548
958,0.022413352983886595,0.018556147245277405,0.018556147245277405,0.011374381089274133,0.014152158867051911,0.031240907159852914,0.023719376031499657
967,0.022413352983886595,0.018556147245277405,0.018556147245277405,0.019707714422607468,0.022485492200385242,0.02783954661563523,0.021732650801239775
987,0.022413352983886595,0.018556147245277405,0.018556147245277405,0.011374381089274133,0.019707714422607468,0.021036825527199855,0.022445445349500954
008,0.022362816028738144,0.01792443530592175,0.01792443530592175,0.0280410477559408,0.022485492200385242,0.01423410443876448,0.021459665655097198
029,0.022362816028738144,0.01792443530592175,0.01792443530592175,0.019707714422607468,0.019707714422607468,0.017635464982982168,0.021429333972192464
204,0.022362816028738144,0.01792443530592175,0.01792443530592175,0.019707714422607468,0.022485492200385242,0.021036825527199855,0.022005635947382356
227,0.022362816028738144,0.01792443530592175,0.01792443530592175,0.019707714422607468,0.019707714422607468,0.021036825527199855,0.021399002289287733
242,0.022362816028738144,0.01792443530592175,0.01792443530592175,0.019707714422607468,0.019707714422607468,0.02783954661563523,0.021747816642692142
269,0.022362816028738144,0.01792443530592175,0.01792443530592175,0.019707714422607468,0.01692993664482969,0.017635464982982168,0.02182364584995397
271,0.022362816028738144,0.01792443530592175,0.01792443530592175,0.011374381089274133,0.022485492200385242,0.024438186071417543,0.0222937869349773
323,0.022362816028738144,0.01792443530592175,0.01792443530592175,0.011374381089274133,0.019707714422607468,0.021036825527199855,0.022915586434524286
354,0.022362816028738144,0.01792443530592175,0.01792443530592175,0.019707714422607468,0.022485492200385242,0.01423410443876448,0.021762982484144506
373,0.022362816028738144,0.01792443530592175,0.01792443530592175,0.011374381089274133,0.022485492200385242,0.01423410443876448,0.022945918117429014
374,0.022362816028738144,0.01792443530592175,0.01792443530592175,0.011374381089274133,0.022485492200385242,0.01423410443876448,0.022976249800333748
406,0.022362816028738144,0.01792443530592175,0.01792443530592175,0.036374381089274134,0.02526326997816302,0.021036825527199855,0.02147483149654956
436,0.022362816028738144,0.01792443530592175,0.01792443530592175,0.019707714422607468,0.019707714422607468,0.021036825527199855,0.02226345525207257
443,0.022362816028738144,0.01792443530592175,0.01792443530592175,0.019707714422607468,0.01692993664482969,0.021036825527199855,0.02147483149654956
453,0.022362816028738144,0.01792443530592175,0.01792443530592175,0.019707714422607468,0.019707714422607468,0.024438186071417543,0.022202791886263108
459,0.022362816028738144,0.01792443530592175,0.01792443530592175,0.011374381089274133,0.011374381089274133,0.017635464982982168,0.02411368790926116
470,0.022362816028738144,0.01792443530592175,0.01792443530592175,0.019707714422607468,0.02526326997816302,0.017635464982982168,0.02188430921576343
624,0.022362816028738144,0.01792443530592175,0.01792443530592175,0.019707714422607468,0.01692993664482969,0.021036825527199855,0.02147483149654956
628,0.022362816028738144,0.01792443530592175,0.01792443530592175,0.019707714422607468,0.019707714422607468,0.024438186071417543,0.02138383644783537
664,0.022362816028738144,0.01792443530592175,0.01792443530592175,0.019707714422607468,0.01692993664482969,0.024438186071417543,0.02211179683754891
667,0.022362816028738144,0.01792443530592175,0.01792443530592175,0.011374381089274133,0.011374381089274133,0.021036825527199855,0.02411368790926116
784,0.022362816028738144,0.01792443530592175,0.01792443530592175,0.011374381089274133,0.02526326997816302,0.01423410443876448,0.022779093861453
856,0.022362816028738144,0.01792443530592175,0.01792443530592175,0.011374381089274133,0.01692993664482969,0.024438186071417543,0.02232411861788203
006,0.02231227907358969,0.017292723366566096,0.017292723366566096,0.019707714422607468,0.019707714422607468,0.021036825527199855,0.0218539775328587
040,0.02231227907358969,0.017292723366566096,0.017292723366566096,0.0280410477559408,0.019707714422607468,0.010832743894546793,0.02138383644783537
041,0.02231227907358969,0.017292723366566096,0.017292723366566096,0.011374381089274133,0.014152158867051911,0.01423410443876448,0.0236132151413331
085,0.02231227907358969,0.017292723366566096,0.017292723366566096,0.019707714422607468,0.01692993664482969,0.01423410443876448,0.021429333972192464
088,0.02231227907358969,0.017292723366566096,0.017292723366566096,0.019707714422607468,0.01692993664482969,0.017635464982982168,0.02188430921576343
275,0.02231227907358969,0.017292723366566096,0.017292723366566096,0.019707714422607468,0.022485492200385242,0.01423410443876448,0.022051133471739454
304,0.02231227907358969,0.017292723366566096,0.017292723366566096,0.011374381089274133,0.01692993664482969,0.01423410443876448,0.02314307405630977
343,0.02231227907358969,0.017292723366566096,0.017292723366566096,0.019707714422607468,0.01692993664482969,0.01423410443876448,0.022202791886263108
411,0.02231227907358969,0.017292723366566096,0.017292723366566096,0.011374381089274133,0.02526326997816302,0.010832743894546793,0.022308952776429667
456,0.02231227907358969,0.017292723366566096,0.017292723366566096,0.019707714422607468,0.014152158867051911,0.021036825527199855,0.02202080178883472
474,0.02231227907358969,0.017292723366566096,0.017292723366566096,0.019707714422607468,0.014152158867051911,0.021036825527199855,0.022142128520453646
576,0.02231227907358969,0.017292723366566096,0.017292723366566096,0.011374381089274133,0.011374381089274133,0.01423410443876448,0.02411368790926116
596,0.02231227907358969,0.017292723366566096,0.017292723366566096,0.0280410477559408,0.019707714422607468,0.021036825527199855,0.021520329020906656
629,0.02231227907358969,0.017292723366566096,0.017292723366566096,0.019707714422607468,0.014152158867051911,0.024438186071417543,0.02188430921576343
684,0.02231227907358969,0.017292723366566096,0.017292723366566096,0.011374381089274133,0.019707714422607468,0.017635464982982168,0.022870088910167192
808,0.02231227907358969,0.017292723366566096,0.017292723366566096,0.019707714422607468,0.019707714422607468,0.021036825527199855,0.0214141681307401
870,0.02231227907358969,0.017292723366566096,0.017292723366566096,0.019707714422607468,0.019707714422607468,0.010832743894546793,0.02148999733800193
924,0.02231227907358969,0.017292723366566096,0.017292723366566096,0.0280410477559408,0.02526326997816302,0.024438186071417543,0.021732650801239775
019,0.02226174211844124,0.016661011427210444,0.016661011427210444,0.011374381089274133,0.01692993664482969,0.01423410443876448,0.02235445030078676
042,0.02226174211844124,0.016661011427210444,0.016661011427210444,0.036374381089274134,0.02526326997816302,0.024438186071417543,0.02147483149654956
149,0.02226174211844124,0.016661011427210444,0.016661011427210444,0.011374381089274133,0.014152158867051911,0.017635464982982168,0.022597103764024608
253,0.02226174211844124,0.016661011427210444,0.016661011427210444,0.011374381089274133,0.01692993664482969,0.024438186071417543,0.022612269605476975
259,0.02226174211844124,0.016661011427210444,0.016661011427210444,0.011374381089274133,0.01692993664482969,0.017635464982982168,0.02303691316614321
451,0.02226174211844124,0.016661011427210444,0.016661011427210444,0.011374381089274133,0.014152158867051911,0.01423410443876448,0.024037858701999332
555,0.02226174211844124,0.016661011427210444,0.016661011427210444,0.011374381089274133,0.014152158867051911,0.01423410443876448,0.022657767129834073
730,0.02226174211844124,0.016661011427210444,0.016661011427210444,0.019707714422607468,0.022485492200385242,0.01423410443876448,0.021778148325596873
783,0.02226174211844124,0.016661011427210444,0.016661011427210444,0.011374381089274133,0.014152158867051911,0.01423410443876448,0.022581937922572244
795,0.02226174211844124,0.016661011427210444,0.016661011427210444,0.036374381089274134,0.022485492200385242,0.017635464982982168,0.021565826545263754
802,0.02226174211844124,0.016661011427210444,0.016661011427210444,0.011374381089274133,0.014152158867051911,0.021036825527199855,0.022506108715310415
807,0.02226174211844124,0.016661011427210444,0.016661011427210444,0.019707714422607468,0.01692993664482969,0.010832743894546793,0.021808480008501604
812,0.02226174211844124,0.016661011427210444,0.016661011427210444,0.036374381089274134,0.022485492200385242,0.024438186071417543,0.021429333972192464
828,0.02226174211844124,0.016661011427210444,0.016661011427210444,0.011374381089274133,0.022485492200385242,0.017635464982982168,0.023112742373405038
874,0.02226174211844124,0.016661011427210444,0.016661011427210444,0.0280410477559408,0.01692993664482969,0.010832743894546793,0.021611324069620852
893,0.02226174211844124,0.016661011427210444,0.016661011427210444,0.036374381089274134,0.019707714422607468,0.01423410443876448,0.021626489911073216
017,0.022211205163292787,0.016029299487854788,0.016029299487854788,0.036374381089274134,0.02526326997816302,0.017635464982982168,0.02138383644783537
090,0.022211205163292787,0.016029299487854788,0.016029299487854788,0.019707714422607468,0.022485492200385242,0.017635464982982168,0.022142128520453646
178,0.022211205163292787,0.016029299487854788,0.016029299487854788,0.0280410477559408,0.01692993664482969,0.021036825527199855,0.02147483149654956
315,0.022211205163292787,0.016029299487854788,0.016029299487854788,0.011374381089274133,0.011374381089274133,0.010832743894546793,0.02411368790926116
400,0.022211205163292787,0.016029299487854788,0.016029299487854788,0.019707714422607468,0.01692993664482969,0.017635464982982168,0.021838811691406335
434,0.022211205163292787,0.016029299487854788,0.016029299487854788,0.036374381089274134,0.022485492200385242,0.021036825527199855,0.021869143374311065
658,0.022211205163292787,0.016029299487854788,0.016029299487854788,0.011374381089274133,0.01692993664482969,0.021036825527199855,0.02367387850714256
929,0.022211205163292787,0.016029299487854788,0.016029299487854788,0.019707714422607468,0.01692993664482969,0.021036825527199855,0.02211179683754891
968,0.022211205163292787,0.016029299487854788,0.016029299487854788,0.019707714422607468,0.019707714422607468,0.01423410443876448,0.02223312356916784
979,0.022211205163292787,0.016029299487854788,0.016029299487854788,0.011374381089274133,0.022485492200385242,0.010832743894546793,0.022445445349500954
135,0.022160668208144337,0.015397587548499136,0.015397587548499136,0.011374381089274133,0.014152158867051911,0.021036825527199855,0.022612269605476975
026,0.022110131252995883,0.014765875609143482,0.014765875609143482,0.011374381089274133,0.011374381089274133,0.017635464982982168,0.02411368790926116
747,0.022110131252995883,0.014765875609143482,0.014765875609143482,0.011374381089274133,0.014152158867051911,0.017635464982982168,0.02341605920245235
