number,probability,raw_model_probability,long_rate,short_rate,recent_long_rate,weekday_rate,gap_signal
662,0.023777850772894807,0.03561236960788006,0.03561236960788006,0.036374381089274134,0.0280410477559408,0.034642267704070605,0.0214141681307401
572,0.023626239907449453,0.033717233789813096,0.033717233789813096,0.019707714422607468,0.0280410477559408,0.021036825527199855,0.021399002289287733
697,0.02352516599715255,0.03245380991110179,0.03245380991110179,0.0280410477559408,0.030818825533718577,0.024438186071417543,0.0214141681307401
983,0.02352516599715255,0.03245380991110179,0.03245380991110179,0.036374381089274134,0.03359660331149635,0.04144498879250598,0.021641655752525583
053,0.023474629042004095,0.031822097971746136,0.031822097971746136,0.019707714422607468,0.019707714422607468,0.021036825527199855,0.02144449981364483
369,0.023474629042004095,0.031822097971746136,0.031822097971746136,0.036374381089274134,0.02526326997816302,0.02783954661563523,0.021611324069620852
432,0.023474629042004095,0.031822097971746136,0.031822097971746136,0.044707714422607465,0.030818825533718577,0.024438186071417543,0.02159615822816849
080,0.02342409208685564,0.03119038603239048,0.03119038603239048,0.0780410477559408,0.050263269978163015,0.03804362824828829,0.0214141681307401
526,0.02342409208685564,0.03119038603239048,0.03119038603239048,0.036374381089274134,0.030818825533718577,0.034642267704070605,0.02171748495978741
592,0.02342409208685564,0.03119038603239048,0.03119038603239048,0.036374381089274134,0.0280410477559408,0.03804362824828829,0.02171748495978741
114,0.02337355513170719,0.030558674093034827,0.030558674093034827,0.019707714422607468,0.036374381089274134,0.017635464982982168,0.022066299313191817
186,0.02337355513170719,0.030558674093034827,0.030558674093034827,0.019707714422607468,0.0280410477559408,0.034642267704070605,0.02226345525207257
294,0.02337355513170719,0.030558674093034827,0.030558674093034827,0.019707714422607468,0.0280410477559408,0.034642267704070605,0.021869143374311065
370,0.02337355513170719,0.030558674093034827,0.030558674093034827,0.0280410477559408,0.0280410477559408,0.03804362824828829,0.02148999733800193
484,0.02337355513170719,0.030558674093034827,0.030558674093034827,0.019707714422607468,0.022485492200385242,0.04144498879250598,0.021914640898668163
645,0.02337355513170719,0.030558674093034827,0.030558674093034827,0.036374381089274134,0.030818825533718577,0.021036825527199855,0.02148999733800193
653,0.02337355513170719,0.030558674093034827,0.030558674093034827,0.019707714422607468,0.0280410477559408,0.031240907159852914,0.02212696267900128
676,0.02337355513170719,0.030558674093034827,0.030558674093034827,0.036374381089274134,0.03359660331149635,0.03804362824828829,0.021459665655097198
878,0.02337355513170719,0.030558674093034827,0.030558674093034827,0.019707714422607468,0.022485492200385242,0.034642267704070605,0.021429333972192464
213,0.023323018176558737,0.02992696215367917,0.02992696215367917,0.019707714422607468,0.02526326997816302,0.02783954661563523,0.021565826545263754
867,0.023323018176558737,0.02992696215367917,0.02992696215367917,0.036374381089274134,0.022485492200385242,0.03804362824828829,0.02199047010592999
964,0.023323018176558737,0.02992696215367917,0.02992696215367917,0.036374381089274134,0.03915215886705191,0.024438186071417543,0.02138383644783537
052,0.023272481221410287,0.02929525021432352,0.02929525021432352,0.0280410477559408,0.03359660331149635,0.021036825527199855,0.0214141681307401
073,0.023272481221410287,0.02929525021432352,0.02929525021432352,0.036374381089274134,0.030818825533718577,0.02783954661563523,0.021535494862359023
079,0.023272481221410287,0.02929525021432352,0.02929525021432352,0.019707714422607468,0.01692993664482969,0.031240907159852914,0.021899475057215796
119,0.023272481221410287,0.02929525021432352,0.02929525021432352,0.036374381089274134,0.022485492200385242,0.02783954661563523,0.021778148325596873
179,0.023272481221410287,0.02929525021432352,0.02929525021432352,0.011374381089274133,0.030818825533718577,0.021036825527199855,0.022308952776429667
612,0.023272481221410287,0.02929525021432352,0.02929525021432352,0.036374381089274134,0.0280410477559408,0.024438186071417543,0.021641655752525583
724,0.023272481221410287,0.02929525021432352,0.02929525021432352,0.0530410477559408,0.030818825533718577,0.024438186071417543,0.021671987435430314
811,0.023272481221410287,0.02929525021432352,0.02929525021432352,0.0530410477559408,0.03359660331149635,0.031240907159852914,0.02144449981364483
057,0.023221944266261833,0.028663538274967867,0.028663538274967867,0.0280410477559408,0.030818825533718577,0.01423410443876448,0.02215729436190601
243,0.023221944266261833,0.028663538274967867,0.028663538274967867,0.011374381089274133,0.02526326997816302,0.031240907159852914,0.022597103764024608
267,0.023221944266261833,0.028663538274967867,0.028663538274967867,0.011374381089274133,0.0280410477559408,0.02783954661563523,0.022642601288381706
356,0.023221944266261833,0.028663538274967867,0.028663538274967867,0.0280410477559408,0.0280410477559408,0.01423410443876448,0.02147483149654956
473,0.023221944266261833,0.028663538274967867,0.028663538274967867,0.0280410477559408,0.030818825533718577,0.02783954661563523,0.021762982484144506
532,0.023221944266261833,0.028663538274967867,0.028663538274967867,0.019707714422607468,0.030818825533718577,0.017635464982982168,0.02159615822816849
599,0.023221944266261833,0.028663538274967867,0.028663538274967867,0.019707714422607468,0.022485492200385242,0.024438186071417543,0.02215729436190601
661,0.023221944266261833,0.028663538274967867,0.028663538274967867,0.044707714422607465,0.02526326997816302,0.02783954661563523,0.021459665655097198
854,0.023221944266261833,0.028663538274967867,0.028663538274967867,0.0280410477559408,0.02526326997816302,0.044846349336723663,0.021899475057215796
875,0.023221944266261833,0.028663538274967867,0.028663538274967867,0.019707714422607468,0.0280410477559408,0.021036825527199855,0.02158099238671612
898,0.023221944266261833,0.028663538274967867,0.028663538274967867,0.011374381089274133,0.019707714422607468,0.021036825527199855,0.02306724484904794
000,0.02317140731111338,0.02803182633561221,0.02803182633561221,0.0280410477559408,0.03359660331149635,0.04144498879250598,0.02182364584995397
081,0.02317140731111338,0.02803182633561221,0.02803182633561221,0.036374381089274134,0.030818825533718577,0.021036825527199855,0.021520329020906656
092,0.02317140731111338,0.02803182633561221,0.02803182633561221,0.011374381089274133,0.0280410477559408,0.02783954661563523,0.022490942873858052
112,0.02317140731111338,0.02803182633561221,0.02803182633561221,0.019707714422607468,0.019707714422607468,0.021036825527199855,0.0214141681307401
124,0.02317140731111338,0.02803182633561221,0.02803182633561221,0.011374381089274133,0.022485492200385242,0.03804362824828829,0.022551606239667513
151,0.02317140731111338,0.02803182633561221,0.02803182633561221,0.011374381089274133,0.02526326997816302,0.02783954661563523,0.022733596337095898
194,0.02317140731111338,0.02803182633561221,0.02803182633561221,0.0280410477559408,0.0280410477559408,0.03804362824828829,0.02171748495978741
221,0.02317140731111338,0.02803182633561221,0.02803182633561221,0.0280410477559408,0.02526326997816302,0.021036825527199855,0.021762982484144506
326,0.02317140731111338,0.02803182633561221,0.02803182633561221,0.036374381089274134,0.02526326997816302,0.017635464982982168,0.02138383644783537
362,0.02317140731111338,0.02803182633561221,0.02803182633561221,0.019707714422607468,0.019707714422607468,0.034642267704070605,0.02221795772771547
422,0.02317140731111338,0.02803182633561221,0.02803182633561221,0.019707714422607468,0.019707714422607468,0.024438186071417543,0.021399002289287733
491,0.02317140731111338,0.02803182633561221,0.02803182633561221,0.011374381089274133,0.030818825533718577,0.034642267704070605,0.02243027950804859
522,0.02317140731111338,0.02803182633561221,0.02803182633561221,0.0280410477559408,0.030818825533718577,0.02783954661563523,0.021399002289287733
549,0.02317140731111338,0.02803182633561221,0.02803182633561221,0.019707714422607468,0.019707714422607468,0.017635464982982168,0.02215729436190601
556,0.02317140731111338,0.02803182633561221,0.02803182633561221,0.044707714422607465,0.03915215886705191,0.024438186071417543,0.021778148325596873
619,0.02317140731111338,0.02803182633561221,0.02803182633561221,0.019707714422607468,0.030818825533718577,0.017635464982982168,0.021975304264477625
691,0.02317140731111338,0.02803182633561221,0.02803182633561221,0.019707714422607468,0.03359660331149635,0.021036825527199855,0.021929806740120527
729,0.02317140731111338,0.02803182633561221,0.02803182633561221,0.036374381089274134,0.030818825533718577,0.021036825527199855,0.021429333972192464
749,0.02317140731111338,0.02803182633561221,0.02803182633561221,0.044707714422607465,0.02526326997816302,0.031240907159852914,0.02147483149654956
774,0.02317140731111338,0.02803182633561221,0.02803182633561221,0.019707714422607468,0.03359660331149635,0.024438186071417543,0.022202791886263108
836,0.02317140731111338,0.02803182633561221,0.02803182633561221,0.0280410477559408,0.03359660331149635,0.02783954661563523,0.021732650801239775
848,0.02317140731111338,0.02803182633561221,0.02803182633561221,0.019707714422607468,0.02526326997816302,0.031240907159852914,0.021459665655097198
871,0.02317140731111338,0.02803182633561221,0.02803182633561221,0.019707714422607468,0.01692993664482969,0.02783954661563523,0.02199047010592999
906,0.02317140731111338,0.02803182633561221,0.02803182633561221,0.019707714422607468,0.0280410477559408,0.021036825527199855,0.022187626044810744
916,0.02317140731111338,0.02803182633561221,0.02803182633561221,0.0280410477559408,0.022485492200385242,0.017635464982982168,0.021975304264477625
932,0.02317140731111338,0.02803182633561221,0.02803182633561221,0.0280410477559408,0.02526326997816302,0.031240907159852914,0.021505163179454292
975,0.02317140731111338,0.02803182633561221,0.02803182633561221,0.019707714422607468,0.02526326997816302,0.024438186071417543,0.02138383644783537
978,0.02317140731111338,0.02803182633561221,0.02803182633561221,0.019707714422607468,0.022485492200385242,0.02783954661563523,0.02199047010592999
981,0.02317140731111338,0.02803182633561221,0.02803182633561221,0.036374381089274134,0.030818825533718577,0.031240907159852914,0.021459665655097198
013,0.02312087035596493,0.02740011439625656,0.02740011439625656,0.019707714422607468,0.0280410477559408,0.017635464982982168,0.022035967630287086
059,0.02312087035596493,0.02740011439625656,0.02740011439625656,0.036374381089274134,0.0280410477559408,0.02783954661563523,0.02147483149654956
132,0.02312087035596493,0.02740011439625656,0.02740011439625656,0.044707714422607465,0.0280410477559408,0.031240907159852914,0.021520329020906656
138,0.02312087035596493,0.02740011439625656,0.02740011439625656,0.019707714422607468,0.030818825533718577,0.017635464982982168,0.02147483149654956
292,0.02312087035596493,0.02740011439625656,0.02740011439625656,0.019707714422607468,0.02526326997816302,0.024438186071417543,0.022142128520453646
358,0.02312087035596493,0.02740011439625656,0.02740011439625656,0.019707714422607468,0.02526326997816302,0.017635464982982168,0.02155066070381139
363,0.02312087035596493,0.02740011439625656,0.02740011439625656,0.019707714422607468,0.02526326997816302,0.02783954661563523,0.021671987435430314
409,0.02312087035596493,0.02740011439625656,0.02740011439625656,0.0280410477559408,0.036374381089274134,0.031240907159852914,0.02155066070381139
419,0.02312087035596493,0.02740011439625656,0.02740011439625656,0.011374381089274133,0.014152158867051911,0.021036825527199855,0.022339284459334394
475,0.02312087035596493,0.02740011439625656,0.02740011439625656,0.019707714422607468,0.019707714422607468,0.01423410443876448,0.022202791886263108
523,0.02312087035596493,0.02740011439625656,0.02740011439625656,0.0280410477559408,0.02526326997816302,0.021036825527199855,0.02159615822816849
525,0.02312087035596493,0.02740011439625656,0.02740011439625656,0.036374381089274134,0.0280410477559408,0.024438186071417543,0.021702319118335044
547,0.02312087035596493,0.02740011439625656,0.02740011439625656,0.044707714422607465,0.0280410477559408,0.03804362824828829,0.021671987435430314
573,0.02312087035596493,0.02740011439625656,0.02740011439625656,0.011374381089274133,0.01692993664482969,0.017635464982982168,0.023006581483238482
620,0.02312087035596493,0.02740011439625656,0.02740011439625656,0.0280410477559408,0.02526326997816302,0.031240907159852914,0.021399002289287733
633,0.02312087035596493,0.02740011439625656,0.02740011439625656,0.0280410477559408,0.02526326997816302,0.031240907159852914,0.021520329020906656
669,0.02312087035596493,0.02740011439625656,0.02740011439625656,0.0280410477559408,0.030818825533718577,0.024438186071417543,0.021429333972192464
715,0.02312087035596493,0.02740011439625656,0.02740011439625656,0.036374381089274134,0.0280410477559408,0.031240907159852914,0.021656821593977946
720,0.02312087035596493,0.02740011439625656,0.02740011439625656,0.044707714422607465,0.036374381089274134,0.044846349336723663,0.02168715327688268
813,0.02312087035596493,0.02740011439625656,0.02740011439625656,0.019707714422607468,0.019707714422607468,0.017635464982982168,0.021611324069620852
902,0.02312087035596493,0.02740011439625656,0.02740011439625656,0.0280410477559408,0.02526326997816302,0.024438186071417543,0.02182364584995397
957,0.02312087035596493,0.02740011439625656,0.02740011439625656,0.0280410477559408,0.03359660331149635,0.021036825527199855,0.021429333972192464
035,0.023070333400816476,0.026768402456900903,0.026768402456900903,0.036374381089274134,0.02526326997816302,0.031240907159852914,0.02168715327688268
102,0.023070333400816476,0.026768402456900903,0.026768402456900903,0.0280410477559408,0.022485492200385242,0.04144498879250598,0.021944972581572894
115,0.023070333400816476,0.026768402456900903,0.026768402456900903,0.019707714422607468,0.02526326997816302,0.02783954661563523,0.021838811691406335
127,0.023070333400816476,0.026768402456900903,0.026768402456900903,0.0280410477559408,0.02526326997816302,0.024438186071417543,0.021671987435430314
169,0.023070333400816476,0.026768402456900903,0.026768402456900903,0.036374381089274134,0.030818825533718577,0.01423410443876448,0.021732650801239775
174,0.023070333400816476,0.026768402456900903,0.026768402456900903,0.019707714422607468,0.030818825533718577,0.024438186071417543,0.022066299313191817
189,0.023070333400816476,0.026768402456900903,0.026768402456900903,0.036374381089274134,0.0280410477559408,0.021036825527199855,0.021611324069620852
206,0.023070333400816476,0.026768402456900903,0.026768402456900903,0.019707714422607468,0.022485492200385242,0.021036825527199855,0.022051133471739454
224,0.023070333400816476,0.026768402456900903,0.026768402456900903,0.036374381089274134,0.02526326997816302,0.031240907159852914,0.02148999733800193
239,0.023070333400816476,0.026768402456900903,0.026768402456900903,0.019707714422607468,0.02526326997816302,0.01423410443876448,0.0214141681307401
244,0.023070333400816476,0.026768402456900903,0.026768402456900903,0.011374381089274133,0.022485492200385242,0.04144498879250598,0.022384781983691492
254,0.023070333400816476,0.026768402456900903,0.026768402456900903,0.0280410477559408,0.02526326997816302,0.02783954661563523,0.02188430921576343
274,0.023070333400816476,0.026768402456900903,0.026768402456900903,0.019707714422607468,0.014152158867051911,0.02783954661563523,0.022051133471739454
296,0.023070333400816476,0.026768402456900903,0.026768402456900903,0.019707714422607468,0.0280410477559408,0.024438186071417543,0.02199047010592999
341,0.023070333400816476,0.026768402456900903,0.026768402456900903,0.019707714422607468,0.02526326997816302,0.021036825527199855,0.022248289410620202
396,0.023070333400816476,0.026768402456900903,0.026768402456900903,0.011374381089274133,0.022485492200385242,0.034642267704070605,0.022339284459334394
450,0.023070333400816476,0.026768402456900903,0.026768402456900903,0.019707714422607468,0.022485492200385242,0.02783954661563523,0.021429333972192464
492,0.023070333400816476,0.026768402456900903,0.026768402456900903,0.011374381089274133,0.02526326997816302,0.017635464982982168,0.02256677208111988
605,0.023070333400816476,0.026768402456900903,0.026768402456900903,0.044707714422607465,0.03359660331149635,0.031240907159852914,0.02138383644783537
606,0.023070333400816476,0.026768402456900903,0.026768402456900903,0.044707714422607465,0.03915215886705191,0.021036825527199855,0.02159615822816849
634,0.023070333400816476,0.026768402456900903,0.026768402456900903,0.044707714422607465,0.02526326997816302,0.034642267704070605,0.02138383644783537
647,0.023070333400816476,0.026768402456900903,0.026768402456900903,0.0280410477559408,0.0280410477559408,0.017635464982982168,0.021671987435430314
665,0.023070333400816476,0.026768402456900903,0.026768402456900903,0.036374381089274134,0.02526326997816302,0.024438186071417543,0.021505163179454292
710,0.023070333400816476,0.026768402456900903,0.026768402456900903,0.0280410477559408,0.022485492200385242,0.024438186071417543,0.0218539775328587
727,0.023070333400816476,0.026768402456900903,0.026768402456900903,0.036374381089274134,0.030818825533718577,0.024438186071417543,0.021914640898668163
761,0.023070333400816476,0.026768402456900903,0.026768402456900903,0.036374381089274134,0.022485492200385242,0.024438186071417543,0.02158099238671612
766,0.023070333400816476,0.026768402456900903,0.026768402456900903,0.011374381089274133,0.014152158867051911,0.024438186071417543,0.023370561678095255
814,0.023070333400816476,0.026768402456900903,0.026768402456900903,0.011374381089274133,0.019707714422607468,0.02783954661563523,0.023188571580666867
003,0.023019796445668025,0.02613669051754525,0.02613669051754525,0.044707714422607465,0.0280410477559408,0.010832743894546793,0.02138383644783537
032,0.023019796445668025,0.02613669051754525,0.02613669051754525,0.019707714422607468,0.022485492200385242,0.024438186071417543,0.021808480008501604
049,0.023019796445668025,0.02613669051754525,0.02613669051754525,0.011374381089274133,0.01692993664482969,0.01423410443876448,0.023188571580666867
111,0.023019796445668025,0.02613669051754525,0.02613669051754525,0.0280410477559408,0.02526326997816302,0.021036825527199855,0.021702319118335044
139,0.023019796445668025,0.02613669051754525,0.02613669051754525,0.011374381089274133,0.014152158867051911,0.031240907159852914,0.022339284459334394
158,0.023019796445668025,0.02613669051754525,0.02613669051754525,0.019707714422607468,0.019707714422607468,0.024438186071417543,0.021975304264477625
166,0.023019796445668025,0.02613669051754525,0.02613669051754525,0.0280410477559408,0.022485492200385242,0.024438186071417543,0.02182364584995397
191,0.023019796445668025,0.02613669051754525,0.02613669051754525,0.0280410477559408,0.03359660331149635,0.031240907159852914,0.021732650801239775
208,0.023019796445668025,0.02613669051754525,0.02613669051754525,0.019707714422607468,0.0280410477559408,0.034642267704070605,0.021459665655097198
217,0.023019796445668025,0.02613669051754525,0.02613669051754525,0.044707714422607465,0.0280410477559408,0.024438186071417543,0.021611324069620852
250,0.023019796445668025,0.02613669051754525,0.02613669051754525,0.06970771442260747,0.03915215886705191,0.024438186071417543,0.02147483149654956
289,0.023019796445668025,0.02613669051754525,0.02613669051754525,0.011374381089274133,0.01692993664482969,0.031240907159852914,0.023127908214857402
299,0.023019796445668025,0.02613669051754525,0.02613669051754525,0.0530410477559408,0.0280410477559408,0.03804362824828829,0.02148999733800193
314,0.023019796445668025,0.02613669051754525,0.02613669051754525,0.036374381089274134,0.0280410477559408,0.024438186071417543,0.021747816642692142
336,0.023019796445668025,0.02613669051754525,0.02613669051754525,0.019707714422607468,0.022485492200385242,0.021036825527199855,0.022187626044810744
349,0.023019796445668025,0.02613669051754525,0.02613669051754525,0.036374381089274134,0.022485492200385242,0.031240907159852914,0.021565826545263754
391,0.023019796445668025,0.02613669051754525,0.02613669051754525,0.019707714422607468,0.030818825533718577,0.034642267704070605,0.02159615822816849
394,0.023019796445668025,0.02613669051754525,0.02613669051754525,0.036374381089274134,0.030818825533718577,0.031240907159852914,0.02148999733800193
395,0.023019796445668025,0.02613669051754525,0.02613669051754525,0.019707714422607468,0.02526326997816302,0.031240907159852914,0.022278621093524936
417,0.023019796445668025,0.02613669051754525,0.02613669051754525,0.036374381089274134,0.030818825533718577,0.024438186071417543,0.02148999733800193
447,0.023019796445668025,0.02613669051754525,0.02613669051754525,0.0280410477559408,0.02526326997816302,0.02783954661563523,0.021914640898668163
481,0.023019796445668025,0.02613669051754525,0.02613669051754525,0.036374381089274134,0.0280410477559408,0.02783954661563523,0.02148999733800193
509,0.023019796445668025,0.02613669051754525,0.02613669051754525,0.036374381089274134,0.036374381089274134,0.031240907159852914,0.02147483149654956
543,0.023019796445668025,0.02613669051754525,0.02613669051754525,0.011374381089274133,0.01692993664482969,0.02783954661563523,0.02239994782514386
559,0.023019796445668025,0.02613669051754525,0.02613669051754525,0.019707714422607468,0.019707714422607468,0.031240907159852914,0.02211179683754891
561,0.023019796445668025,0.02613669051754525,0.02613669051754525,0.0280410477559408,0.0280410477559408,0.024438186071417543,0.021505163179454292
568,0.023019796445668025,0.02613669051754525,0.02613669051754525,0.036374381089274134,0.030818825533718577,0.031240907159852914,0.021565826545263754
594,0.023019796445668025,0.02613669051754525,0.02613669051754525,0.0280410477559408,0.022485492200385242,0.034642267704070605,0.02144449981364483
625,0.023019796445668025,0.02613669051754525,0.02613669051754525,0.011374381089274133,0.0280410477559408,0.02783954661563523,0.022369616142239125
742,0.023019796445668025,0.02613669051754525,0.02613669051754525,0.0280410477559408,0.0280410477559408,0.02783954661563523,0.021762982484144506
791,0.023019796445668025,0.02613669051754525,0.02613669051754525,0.019707714422607468,0.02526326997816302,0.017635464982982168,0.02182364584995397
794,0.023019796445668025,0.02613669051754525,0.02613669051754525,0.0280410477559408,0.02526326997816302,0.03804362824828829,0.02159615822816849
829,0.023019796445668025,0.02613669051754525,0.02613669051754525,0.011374381089274133,0.022485492200385242,0.024438186071417543,0.022824591385810094
844,0.023019796445668025,0.02613669051754525,0.02613669051754525,0.019707714422607468,0.02526326997816302,0.031240907159852914,0.022142128520453646
847,0.023019796445668025,0.02613669051754525,0.02613669051754525,0.019707714422607468,0.022485492200385242,0.03804362824828829,0.02147483149654956
869,0.023019796445668025,0.02613669051754525,0.02613669051754525,0.0280410477559408,0.0280410477559408,0.024438186071417543,0.02182364584995397
879,0.023019796445668025,0.02613669051754525,0.02613669051754525,0.036374381089274134,0.02526326997816302,0.031240907159852914,0.021505163179454292
910,0.023019796445668025,0.02613669051754525,0.02613669051754525,0.011374381089274133,0.01692993664482969,0.034642267704070605,0.02285492306871482
937,0.023019796445668025,0.02613669051754525,0.02613669051754525,0.019707714422607468,0.01692993664482969,0.01423410443876448,0.02226345525207257
960,0.023019796445668025,0.02613669051754525,0.02613669051754525,0.019707714422607468,0.019707714422607468,0.031240907159852914,0.02158099238671612
014,0.02296925949051957,0.025504978578189598,0.025504978578189598,0.019707714422607468,0.02526326997816302,0.021036825527199855,0.021641655752525583
021,0.02296925949051957,0.025504978578189598,0.025504978578189598,0.0280410477559408,0.0280410477559408,0.034642267704070605,0.021429333972192464
023,0.02296925949051957,0.025504978578189598,0.025504978578189598,0.0280410477559408,0.022485492200385242,0.017635464982982168,0.021535494862359023
031,0.02296925949051957,0.025504978578189598,0.025504978578189598,0.0280410477559408,0.02526326997816302,0.021036825527199855,0.02155066070381139
046,0.02296925949051957,0.025504978578189598,0.025504978578189598,0.0280410477559408,0.0280410477559408,0.02783954661563523,0.021975304264477625
063,0.02296925949051957,0.025504978578189598,0.025504978578189598,0.019707714422607468,0.02526326997816302,0.021036825527199855,0.02212696267900128
087,0.02296925949051957,0.025504978578189598,0.025504978578189598,0.011374381089274133,0.022485492200385242,0.031240907159852914,0.022642601288381706
097,0.02296925949051957,0.025504978578189598,0.025504978578189598,0.0280410477559408,0.030818825533718577,0.017635464982982168,0.021914640898668163
131,0.02296925949051957,0.025504978578189598,0.025504978578189598,0.036374381089274134,0.02526326997816302,0.02783954661563523,0.02148999733800193
133,0.02296925949051957,0.025504978578189598,0.025504978578189598,0.0280410477559408,0.022485492200385242,0.021036825527199855,0.021656821593977946
147,0.02296925949051957,0.025504978578189598,0.025504978578189598,0.019707714422607468,0.022485492200385242,0.02783954661563523,0.02215729436190601
168,0.02296925949051957,0.025504978578189598,0.025504978578189598,0.019707714422607468,0.0280410477559408,0.034642267704070605,0.02147483149654956
246,0.02296925949051957,0.025504978578189598,0.025504978578189598,0.019707714422607468,0.030818825533718577,0.021036825527199855,0.02212696267900128
278,0.02296925949051957,0.025504978578189598,0.025504978578189598,0.044707714422607465,0.030818825533718577,0.021036825527199855,0.021671987435430314
313,0.02296925949051957,0.025504978578189598,0.025504978578189598,0.0280410477559408,0.0280410477559408,0.031240907159852914,0.02147483149654956
318,0.02296925949051957,0.025504978578189598,0.025504978578189598,0.0280410477559408,0.02526326997816302,0.017635464982982168,0.021611324069620852
344,0.02296925949051957,0.025504978578189598,0.025504978578189598,0.019707714422607468,0.022485492200385242,0.024438186071417543,0.021702319118335044
380,0.02296925949051957,0.025504978578189598,0.025504978578189598,0.011374381089274133,0.01692993664482969,0.024438186071417543,0.023234069105023965
398,0.02296925949051957,0.025504978578189598,0.025504978578189598,0.019707714422607468,0.03359660331149635,0.024438186071417543,0.02182364584995397
435,0.02296925949051957,0.025504978578189598,0.025504978578189598,0.019707714422607468,0.022485492200385242,0.034642267704070605,0.021929806740120527
442,0.02296925949051957,0.025504978578189598,0.025504978578189598,0.036374381089274134,0.03359660331149635,0.021036825527199855,0.021762982484144506
482,0.02296925949051957,0.025504978578189598,0.025504978578189598,0.019707714422607468,0.014152158867051911,0.02783954661563523,0.02221795772771547
508,0.02296925949051957,0.025504978578189598,0.025504978578189598,0.036374381089274134,0.019707714422607468,0.021036825527199855,0.021702319118335044
517,0.02296925949051957,0.025504978578189598,0.025504978578189598,0.036374381089274134,0.0280410477559408,0.021036825527199855,0.021535494862359023
582,0.02296925949051957,0.025504978578189598,0.025504978578189598,0.0280410477559408,0.0280410477559408,0.024438186071417543,0.02202080178883472
586,0.02296925949051957,0.025504978578189598,0.025504978578189598,0.0280410477559408,0.02526326997816302,0.03804362824828829,0.021793314167049237
595,0.02296925949051957,0.025504978578189598,0.025504978578189598,0.044707714422607465,0.0280410477559408,0.034642267704070605,0.02147483149654956
603,0.02296925949051957,0.025504978578189598,0.025504978578189598,0.0280410477559408,0.019707714422607468,0.017635464982982168,0.021520329020906656
609,0.02296925949051957,0.025504978578189598,0.025504978578189598,0.011374381089274133,0.019707714422607468,0.021036825527199855,0.023325064153738157
618,0.02296925949051957,0.025504978578189598,0.025504978578189598,0.036374381089274134,0.03359660331149635,0.02783954661563523,0.021778148325596873
627,0.02296925949051957,0.025504978578189598,0.025504978578189598,0.019707714422607468,0.030818825533718577,0.021036825527199855,0.021929806740120527
666,0.02296925949051957,0.025504978578189598,0.025504978578189598,0.0280410477559408,0.03359660331149635,0.031240907159852914,0.02196013842302526
672,0.02296925949051957,0.025504978578189598,0.025504978578189598,0.011374381089274133,0.019707714422607468,0.021036825527199855,0.022885254751619555
686,0.02296925949051957,0.025504978578189598,0.025504978578189598,0.036374381089274134,0.02526326997816302,0.017635464982982168,0.021626489911073216
688,0.02296925949051957,0.025504978578189598,0.025504978578189598,0.036374381089274134,0.030818825533718577,0.024438186071417543,0.021611324069620852
704,0.02296925949051957,0.025504978578189598,0.025504978578189598,0.036374381089274134,0.030818825533718577,0.021036825527199855,0.02155066070381139
705,0.02296925949051957,0.025504978578189598,0.025504978578189598,0.036374381089274134,0.0280410477559408,0.017635464982982168,0.0214141681307401
740,0.02296925949051957,0.025504978578189598,0.025504978578189598,0.0280410477559408,0.03359660331149635,0.031240907159852914,0.021565826545263754
764,0.02296925949051957,0.025504978578189598,0.025504978578189598,0.044707714422607465,0.03359660331149635,0.034642267704070605,0.0214141681307401
775,0.02296925949051957,0.025504978578189598,0.025504978578189598,0.0280410477559408,0.01692993664482969,0.024438186071417543,0.0218539775328587
841,0.02296925949051957,0.025504978578189598,0.025504978578189598,0.019707714422607468,0.019707714422607468,0.031240907159852914,0.021762982484144506
851,0.02296925949051957,0.025504978578189598,0.025504978578189598,0.036374381089274134,0.03359660331149635,0.031240907159852914,0.02147483149654956
853,0.02296925949051957,0.025504978578189598,0.025504978578189598,0.036374381089274134,0.02526326997816302,0.031240907159852914,0.021399002289287733
877,0.02296925949051957,0.025504978578189598,0.025504978578189598,0.019707714422607468,0.02526326997816302,0.02783954661563523,0.021838811691406335
883,0.02296925949051957,0.025504978578189598,0.025504978578189598,0.019707714422607468,0.022485492200385242,0.010832743894546793,0.022142128520453646
889,0.02296925949051957,0.025504978578189598,0.025504978578189598,0.0280410477559408,0.022485492200385242,0.01423410443876448,0.022051133471739454
917,0.02296925949051957,0.025504978578189598,0.025504978578189598,0.036374381089274134,0.036374381089274134,0.02783954661563523,0.021535494862359023
936,0.02296925949051957,0.025504978578189598,0.025504978578189598,0.0280410477559408,0.022485492200385242,0.021036825527199855,0.021732650801239775
966,0.02296925949051957,0.025504978578189598,0.025504978578189598,0.011374381089274133,0.011374381089274133,0.017635464982982168,0.02411368790926116
989,0.02296925949051957,0.025504978578189598,0.025504978578189598,0.019707714422607468,0.0280410477559408,0.017635464982982168,0.02215729436190601
990,0.02296925949051957,0.025504978578189598,0.025504978578189598,0.011374381089274133,0.01692993664482969,0.031240907159852914,0.0222937869349773
022,0.022918722535371118,0.024873266638833942,0.024873266638833942,0.011374381089274133,0.022485492200385242,0.031240907159852914,0.022339284459334394
034,0.022918722535371118,0.024873266638833942,0.024873266638833942,0.036374381089274134,0.022485492200385242,0.034642267704070605,0.02168715327688268
074,0.022918722535371118,0.024873266638833942,0.024873266638833942,0.044707714422607465,0.030818825533718577,0.034642267704070605,0.02159615822816849
098,0.022918722535371118,0.024873266638833942,0.024873266638833942,0.0280410477559408,0.0280410477559408,0.031240907159852914,0.02199047010592999
106,0.022918722535371118,0.024873266638833942,0.024873266638833942,0.0280410477559408,0.030818825533718577,0.034642267704070605,0.02168715327688268
109,0.022918722535371118,0.024873266638833942,0.024873266638833942,0.019707714422607468,0.022485492200385242,0.024438186071417543,0.02158099238671612
121,0.022918722535371118,0.024873266638833942,0.024873266638833942,0.019707714422607468,0.019707714422607468,0.024438186071417543,0.021778148325596873
125,0.022918722535371118,0.024873266638833942,0.024873266638833942,0.019707714422607468,0.0280410477559408,0.024438186071417543,0.021838811691406335
197,0.022918722535371118,0.024873266638833942,0.024873266638833942,0.019707714422607468,0.022485492200385242,0.044846349336723663,0.021975304264477625
200,0.022918722535371118,0.024873266638833942,0.024873266638833942,0.0280410477559408,0.022485492200385242,0.017635464982982168,0.021641655752525583
202,0.022918722535371118,0.024873266638833942,0.024873266638833942,0.0280410477559408,0.030818825533718577,0.021036825527199855,0.021778148325596873
205,0.022918722535371118,0.024873266638833942,0.024873266638833942,0.019707714422607468,0.0280410477559408,0.024438186071417543,0.021929806740120527
215,0.022918722535371118,0.024873266638833942,0.024873266638833942,0.011374381089274133,0.019707714422607468,0.024438186071417543,0.02232411861788203
225,0.022918722535371118,0.024873266638833942,0.024873266638833942,0.011374381089274133,0.01692993664482969,0.02783954661563523,0.022506108715310415
228,0.022918722535371118,0.024873266638833942,0.024873266638833942,0.019707714422607468,0.019707714422607468,0.017635464982982168,0.02199047010592999
236,0.022918722535371118,0.024873266638833942,0.024873266638833942,0.044707714422607465,0.0280410477559408,0.02783954661563523,0.021520329020906656
252,0.022918722535371118,0.024873266638833942,0.024873266638833942,0.036374381089274134,0.03359660331149635,0.02783954661563523,0.021565826545263754
277,0.022918722535371118,0.024873266638833942,0.024873266638833942,0.019707714422607468,0.030818825533718577,0.031240907159852914,0.021793314167049237
291,0.022918722535371118,0.024873266638833942,0.024873266638833942,0.019707714422607468,0.022485492200385242,0.02783954661563523,0.02223312356916784
302,0.022918722535371118,0.024873266638833942,0.024873266638833942,0.019707714422607468,0.019707714422607468,0.017635464982982168,0.0214141681307401
310,0.022918722535371118,0.024873266638833942,0.024873266638833942,0.0280410477559408,0.02526326997816302,0.021036825527199855,0.021762982484144506
312,0.022918722535371118,0.024873266638833942,0.024873266638833942,0.011374381089274133,0.019707714422607468,0.021036825527199855,0.022612269605476975
316,0.022918722535371118,0.024873266638833942,0.024873266638833942,0.019707714422607468,0.022485492200385242,0.021036825527199855,0.021762982484144506
330,0.022918722535371118,0.024873266638833942,0.024873266638833942,0.011374381089274133,0.030818825533718577,0.02783954661563523,0.02267293297128644
365,0.022918722535371118,0.024873266638833942,0.024873266638833942,0.0280410477559408,0.02526326997816302,0.01423410443876448,0.021565826545263754
389,0.022918722535371118,0.024873266638833942,0.024873266638833942,0.0280410477559408,0.019707714422607468,0.021036825527199855,0.022202791886263108
390,0.022918722535371118,0.024873266638833942,0.024873266638833942,0.019707714422607468,0.01692993664482969,0.010832743894546793,0.02202080178883472
427,0.022918722535371118,0.024873266638833942,0.024873266638833942,0.0280410477559408,0.019707714422607468,0.04144498879250598,0.02158099238671612
431,0.022918722535371118,0.024873266638833942,0.024873266638833942,0.011374381089274133,0.014152158867051911,0.024438186071417543,0.023764873555856755
461,0.022918722535371118,0.024873266638833942,0.024873266638833942,0.019707714422607468,0.02526326997816302,0.017635464982982168,0.022096630996096548
463,0.022918722535371118,0.024873266638833942,0.024873266638833942,0.036374381089274134,0.022485492200385242,0.02783954661563523,0.02188430921576343
472,0.022918722535371118,0.024873266638833942,0.024873266638833942,0.036374381089274134,0.02526326997816302,0.031240907159852914,0.021459665655097198
510,0.022918722535371118,0.024873266638833942,0.024873266638833942,0.036374381089274134,0.036374381089274134,0.031240907159852914,0.02155066070381139
597,0.022918722535371118,0.024873266638833942,0.024873266638833942,0.0280410477559408,0.022485492200385242,0.02783954661563523,0.02171748495978741
601,0.022918722535371118,0.024873266638833942,0.024873266638833942,0.0280410477559408,0.022485492200385242,0.024438186071417543,0.021459665655097198
610,0.022918722535371118,0.024873266638833942,0.024873266638833942,0.044707714422607465,0.022485492200385242,0.02783954661563523,0.0214141681307401
636,0.022918722535371118,0.024873266638833942,0.024873266638833942,0.019707714422607468,0.0280410477559408,0.024438186071417543,0.021656821593977946
651,0.022918722535371118,0.024873266638833942,0.024873266638833942,0.036374381089274134,0.030818825533718577,0.024438186071417543,0.021702319118335044
652,0.022918722535371118,0.024873266638833942,0.024873266638833942,0.019707714422607468,0.02526326997816302,0.024438186071417543,0.02182364584995397
679,0.022918722535371118,0.024873266638833942,0.024873266638833942,0.0280410477559408,0.019707714422607468,0.017635464982982168,0.02148999733800193
683,0.022918722535371118,0.024873266638833942,0.024873266638833942,0.036374381089274134,0.022485492200385242,0.02783954661563523,0.021565826545263754
690,0.022918722535371118,0.024873266638833942,0.024873266638833942,0.0280410477559408,0.02526326997816302,0.02783954661563523,0.021944972581572894
718,0.022918722535371118,0.024873266638833942,0.024873266638833942,0.036374381089274134,0.02526326997816302,0.024438186071417543,0.021671987435430314
726,0.022918722535371118,0.024873266638833942,0.024873266638833942,0.044707714422607465,0.0280410477559408,0.031240907159852914,0.021429333972192464
735,0.022918722535371118,0.024873266638833942,0.024873266638833942,0.036374381089274134,0.022485492200385242,0.031240907159852914,0.021505163179454292
736,0.022918722535371118,0.024873266638833942,0.024873266638833942,0.011374381089274133,0.019707714422607468,0.021036825527199855,0.02364354682423783
745,0.022918722535371118,0.024873266638833942,0.024873266638833942,0.011374381089274133,0.014152158867051911,0.021036825527199855,0.02253644039821515
752,0.022918722535371118,0.024873266638833942,0.024873266638833942,0.019707714422607468,0.030818825533718577,0.021036825527199855,0.022035967630287086
768,0.022918722535371118,0.024873266638833942,0.024873266638833942,0.019707714422607468,0.019707714422607468,0.021036825527199855,0.0214141681307401
799,0.022918722535371118,0.024873266638833942,0.024873266638833942,0.019707714422607468,0.0280410477559408,0.01423410443876448,0.022278621093524936
816,0.022918722535371118,0.024873266638833942,0.024873266638833942,0.011374381089274133,0.014152158867051911,0.02783954661563523,0.022445445349500954
832,0.022918722535371118,0.024873266638833942,0.024873266638833942,0.0280410477559408,0.019707714422607468,0.02783954661563523,0.022202791886263108
850,0.022918722535371118,0.024873266638833942,0.024873266638833942,0.0280410477559408,0.022485492200385242,0.034642267704070605,0.021778148325596873
876,0.022918722535371118,0.024873266638833942,0.024873266638833942,0.019707714422607468,0.02526326997816302,0.024438186071417543,0.021505163179454292
887,0.022918722535371118,0.024873266638833942,0.024873266638833942,0.019707714422607468,0.0280410477559408,0.02783954661563523,0.021808480008501604
897,0.022918722535371118,0.024873266638833942,0.024873266638833942,0.036374381089274134,0.030818825533718577,0.021036825527199855,0.02138383644783537
903,0.022918722535371118,0.024873266638833942,0.024873266638833942,0.0280410477559408,0.019707714422607468,0.017635464982982168,0.02155066070381139
904,0.022918722535371118,0.024873266638833942,0.024873266638833942,0.0280410477559408,0.019707714422607468,0.021036825527199855,0.021869143374311065
908,0.022918722535371118,0.024873266638833942,0.024873266638833942,0.0280410477559408,0.01692993664482969,0.02783954661563523,0.02168715327688268
913,0.022918722535371118,0.024873266638833942,0.024873266638833942,0.0280410477559408,0.030818825533718577,0.024438186071417543,0.02144449981364483
927,0.022918722535371118,0.024873266638833942,0.024873266638833942,0.011374381089274133,0.03915215886705191,0.024438186071417543,0.022551606239667513
933,0.022918722535371118,0.024873266638833942,0.024873266638833942,0.0280410477559408,0.0280410477559408,0.024438186071417543,0.021520329020906656
938,0.022918722535371118,0.024873266638833942,0.024873266638833942,0.044707714422607465,0.03359660331149635,0.031240907159852914,0.02155066070381139
943,0.022918722535371118,0.024873266638833942,0.024873266638833942,0.0280410477559408,0.022485492200385242,0.021036825527199855,0.021399002289287733
946,0.022918722535371118,0.024873266638833942,0.024873266638833942,0.036374381089274134,0.019707714422607468,0.01423410443876448,0.021671987435430314
956,0.022918722535371118,0.024873266638833942,0.024873266638833942,0.0280410477559408,0.02526326997816302,0.021036825527199855,0.02138383644783537
959,0.022918722535371118,0.024873266638833942,0.024873266638833942,0.0280410477559408,0.030818825533718577,0.02783954661563523,0.02159615822816849
982,0.022918722535371118,0.024873266638833942,0.024873266638833942,0.036374381089274134,0.03359660331149635,0.02783954661563523,0.02171748495978741
075,0.022868185580222668,0.02424155469947829,0.02424155469947829,0.0280410477559408,0.02526326997816302,0.034642267704070605,0.021975304264477625
104,0.022868185580222668,0.02424155469947829,0.02424155469947829,0.019707714422607468,0.02526326997816302,0.021036825527199855,0.022278621093524936
116,0.022868185580222668,0.02424155469947829,0.02424155469947829,0.011374381089274133,0.02526326997816302,0.024438186071417543,0.022748762178548265
159,0.022868185580222668,0.02424155469947829,0.02424155469947829,0.011374381089274133,0.01692993664482969,0.034642267704070605,0.023582883458428367
162,0.022868185580222668,0.02424155469947829,0.02424155469947829,0.044707714422607465,0.030818825533718577,0.010832743894546793,0.02171748495978741
190,0.022868185580222668,0.02424155469947829,0.02424155469947829,0.019707714422607468,0.01692993664482969,0.02783954661563523,0.022248289410620202
196,0.022868185580222668,0.02424155469947829,0.02424155469947829,0.019707714422607468,0.0280410477559408,0.017635464982982168,0.021732650801239775
216,0.022868185580222668,0.02424155469947829,0.02424155469947829,0.019707714422607468,0.01692993664482969,0.024438186071417543,0.021429333972192464
248,0.022868185580222668,0.02424155469947829,0.02424155469947829,0.011374381089274133,0.014152158867051911,0.017635464982982168,0.02232411861788203
264,0.022868185580222668,0.02424155469947829,0.02424155469947829,0.0280410477559408,0.019707714422607468,0.017635464982982168,0.02144449981364483
270,0.022868185580222668,0.02424155469947829,0.02424155469947829,0.0280410477559408,0.0280410477559408,0.024438186071417543,0.021399002289287733
279,0.022868185580222668,0.02424155469947829,0.02424155469947829,0.011374381089274133,0.01692993664482969,0.021036825527199855,0.022308952776429667
297,0.022868185580222668,0.02424155469947829,0.02424155469947829,0.011374381089274133,0.014152158867051911,0.021036825527199855,0.022961083958881384
300,0.022868185580222668,0.02424155469947829,0.02424155469947829,0.036374381089274134,0.022485492200385242,0.02783954661563523,0.021565826545263754
306,0.022868185580222668,0.02424155469947829,0.02424155469947829,0.011374381089274133,0.01692993664482969,0.021036825527199855,0.022612269605476975
307,0.022868185580222668,0.02424155469947829,0.02424155469947829,0.011374381089274133,0.0280410477559408,0.031240907159852914,0.02246061119095332
308,0.022868185580222668,0.02424155469947829,0.02424155469947829,0.019707714422607468,0.019707714422607468,0.024438186071417543,0.02171748495978741
317,0.022868185580222668,0.02424155469947829,0.02424155469947829,0.019707714422607468,0.022485492200385242,0.017635464982982168,0.021702319118335044
335,0.022868185580222668,0.02424155469947829,0.02424155469947829,0.0280410477559408,0.022485492200385242,0.031240907159852914,0.021535494862359023
339,0.022868185580222668,0.02424155469947829,0.02424155469947829,0.0280410477559408,0.022485492200385242,0.017635464982982168,0.02138383644783537
360,0.022868185580222668,0.02424155469947829,0.02424155469947829,0.0280410477559408,0.03359660331149635,0.031240907159852914,0.021702319118335044
368,0.022868185580222668,0.02424155469947829,0.02424155469947829,0.0280410477559408,0.0280410477559408,0.02783954661563523,0.021899475057215796
379,0.022868185580222668,0.02424155469947829,0.02424155469947829,0.0280410477559408,0.022485492200385242,0.017635464982982168,0.021762982484144506
381,0.022868185580222668,0.02424155469947829,0.02424155469947829,0.036374381089274134,0.030818825533718577,0.01423410443876448,0.021671987435430314
382,0.022868185580222668,0.02424155469947829,0.02424155469947829,0.019707714422607468,0.02526326997816302,0.024438186071417543,0.02215729436190601
407,0.022868185580222668,0.02424155469947829,0.02424155469947829,0.011374381089274133,0.022485492200385242,0.024438186071417543,0.02239994782514386
452,0.022868185580222668,0.02424155469947829,0.02424155469947829,0.044707714422607465,0.030818825533718577,0.017635464982982168,0.02144449981364483
460,0.022868185580222668,0.02424155469947829,0.02424155469947829,0.019707714422607468,0.02526326997816302,0.024438186071417543,0.02144449981364483
485,0.022868185580222668,0.02424155469947829,0.02424155469947829,0.019707714422607468,0.02526326997816302,0.021036825527199855,0.022096630996096548
488,0.022868185580222668,0.02424155469947829,0.02424155469947829,0.011374381089274133,0.011374381089274133,0.02783954661563523,0.02411368790926116
490,0.022868185580222668,0.02424155469947829,0.02424155469947829,0.011374381089274133,0.036374381089274134,0.024438186071417543,0.022733596337095898
542,0.022868185580222668,0.02424155469947829,0.02424155469947829,0.0530410477559408,0.0280410477559408,0.021036825527199855,0.021399002289287733
557,0.022868185580222668,0.02424155469947829,0.02424155469947829,0.0280410477559408,0.01692993664482969,0.024438186071417543,0.02182364584995397
565,0.022868185580222668,0.02424155469947829,0.02424155469947829,0.011374381089274133,0.01692993664482969,0.017635464982982168,0.023158239897762136
566,0.022868185580222668,0.02424155469947829,0.02424155469947829,0.019707714422607468,0.022485492200385242,0.031240907159852914,0.02221795772771547
569,0.022868185580222668,0.02424155469947829,0.02424155469947829,0.019707714422607468,0.03359660331149635,0.024438186071417543,0.021702319118335044
577,0.022868185580222668,0.02424155469947829,0.02424155469947829,0.011374381089274133,0.01692993664482969,0.021036825527199855,0.022870088910167192
579,0.022868185580222668,0.02424155469947829,0.02424155469947829,0.019707714422607468,0.022485492200385242,0.02783954661563523,0.02226345525207257
602,0.022868185580222668,0.02424155469947829,0.02424155469947829,0.011374381089274133,0.01692993664482969,0.017635464982982168,0.02246061119095332
615,0.022868185580222668,0.02424155469947829,0.02424155469947829,0.019707714422607468,0.022485492200385242,0.02783954661563523,0.021929806740120527
632,0.022868185580222668,0.02424155469947829,0.02424155469947829,0.019707714422607468,0.019707714422607468,0.02783954661563523,0.022172460203358377
659,0.022868185580222668,0.02424155469947829,0.02424155469947829,0.011374381089274133,0.01692993664482969,0.024438186071417543,0.022521274556762783
689,0.022868185580222668,0.02424155469947829,0.02424155469947829,0.019707714422607468,0.022485492200385242,0.031240907159852914,0.021793314167049237
694,0.022868185580222668,0.02424155469947829,0.02424155469947829,0.011374381089274133,0.019707714422607468,0.021036825527199855,0.02276392802000063
698,0.022868185580222668,0.02424155469947829,0.02424155469947829,0.0280410477559408,0.01692993664482969,0.021036825527199855,0.0214141681307401
703,0.022868185580222668,0.02424155469947829,0.02424155469947829,0.011374381089274133,0.022485492200385242,0.024438186071417543,0.02256677208111988
748,0.022868185580222668,0.02424155469947829,0.02424155469947829,0.044707714422607465,0.030818825533718577,0.021036825527199855,0.021429333972192464
751,0.022868185580222668,0.02424155469947829,0.02424155469947829,0.036374381089274134,0.02526326997816302,0.010832743894546793,0.02144449981364483
755,0.022868185580222668,0.02424155469947829,0.02424155469947829,0.019707714422607468,0.02526326997816302,0.02783954661563523,0.022278621093524936
781,0.022868185580222668,0.02424155469947829,0.02424155469947829,0.019707714422607468,0.022485492200385242,0.03804362824828829,0.021611324069620852
801,0.022868185580222668,0.02424155469947829,0.02424155469947829,0.0280410477559408,0.022485492200385242,0.021036825527199855,0.021808480008501604
804,0.022868185580222668,0.02424155469947829,0.02424155469947829,0.011374381089274133,0.02526326997816302,0.02783954661563523,0.02243027950804859
817,0.022868185580222668,0.02424155469947829,0.02424155469947829,0.061374381089274135,0.036374381089274134,0.017635464982982168,0.02148999733800193
819,0.022868185580222668,0.02424155469947829,0.02424155469947829,0.0280410477559408,0.022485492200385242,0.021036825527199855,0.02158099238671612
840,0.022868185580222668,0.02424155469947829,0.02424155469947829,0.0280410477559408,0.0280410477559408,0.024438186071417543,0.021914640898668163
862,0.022868185580222668,0.02424155469947829,0.02424155469947829,0.036374381089274134,0.022485492200385242,0.017635464982982168,0.021429333972192464
866,0.022868185580222668,0.02424155469947829,0.02424155469947829,0.019707714422607468,0.022485492200385242,0.031240907159852914,0.02196013842302526
888,0.022868185580222668,0.02424155469947829,0.02424155469947829,0.036374381089274134,0.0280410477559408,0.03804362824828829,0.02158099238671612
891,0.022868185580222668,0.02424155469947829,0.02424155469947829,0.019707714422607468,0.030818825533718577,0.021036825527199855,0.021732650801239775
894,0.022868185580222668,0.02424155469947829,0.02424155469947829,0.0530410477559408,0.02526326997816302,0.02783954661563523,0.021565826545263754
923,0.022868185580222668,0.02424155469947829,0.02424155469947829,0.0280410477559408,0.022485492200385242,0.017635464982982168,0.0218539775328587
930,0.022868185580222668,0.02424155469947829,0.02424155469947829,0.036374381089274134,0.03359660331149635,0.017635464982982168,0.021611324069620852
939,0.022868185580222668,0.02424155469947829,0.02424155469947829,0.036374381089274134,0.030818825533718577,0.021036825527199855,0.02144449981364483
950,0.022868185580222668,0.02424155469947829,0.02424155469947829,0.0280410477559408,0.022485492200385242,0.034642267704070605,0.021656821593977946
996,0.022868185580222668,0.02424155469947829,0.02424155469947829,0.019707714422607468,0.01692993664482969,0.024438186071417543,0.02226345525207257
997,0.022868185580222668,0.02424155469947829,0.02424155469947829,0.011374381089274133,0.022485492200385242,0.034642267704070605,0.02293075227597665
001,0.022817648625074214,0.023609842760122634,0.023609842760122634,0.036374381089274134,0.03359660331149635,0.024438186071417543,0.021535494862359023
009,0.022817648625074214,0.023609842760122634,0.023609842760122634,0.0280410477559408,0.019707714422607468,0.021036825527199855,0.021793314167049237
028,0.022817648625074214,0.023609842760122634,0.023609842760122634,0.019707714422607468,0.019707714422607468,0.031240907159852914,0.021671987435430314
036,0.022817648625074214,0.023609842760122634,0.023609842760122634,0.011374381089274133,0.01692993664482969,0.024438186071417543,0.022581937922572244
047,0.022817648625074214,0.023609842760122634,0.023609842760122634,0.011374381089274133,0.014152158867051911,0.024438186071417543,0.023097576531952674
054,0.022817648625074214,0.023609842760122634,0.023609842760122634,0.019707714422607468,0.0280410477559408,0.017635464982982168,0.021702319118335044
076,0.022817648625074214,0.023609842760122634,0.023609842760122634,0.011374381089274133,0.022485492200385242,0.02783954661563523,0.022384781983691492
140,0.022817648625074214,0.023609842760122634,0.023609842760122634,0.011374381089274133,0.01692993664482969,0.017635464982982168,0.022506108715310415
150,0.022817648625074214,0.023609842760122634,0.023609842760122634,0.0280410477559408,0.03915215886705191,0.024438186071417543,0.021399002289287733
173,0.022817648625074214,0.023609842760122634,0.023609842760122634,0.019707714422607468,0.0280410477559408,0.02783954661563523,0.02148999733800193
175,0.022817648625074214,0.023609842760122634,0.023609842760122634,0.011374381089274133,0.022485492200385242,0.024438186071417543,0.022581937922572244
177,0.022817648625074214,0.023609842760122634,0.023609842760122634,0.036374381089274134,0.0280410477559408,0.02783954661563523,0.0214141681307401
183,0.022817648625074214,0.023609842760122634,0.023609842760122634,0.044707714422607465,0.0280410477559408,0.024438186071417543,0.021626489911073216
240,0.022817648625074214,0.023609842760122634,0.023609842760122634,0.0280410477559408,0.022485492200385242,0.024438186071417543,0.02168715327688268
251,0.022817648625074214,0.023609842760122634,0.023609842760122634,0.0280410477559408,0.0280410477559408,0.010832743894546793,0.021626489911073216
260,0.022817648625074214,0.023609842760122634,0.023609842760122634,0.019707714422607468,0.019707714422607468,0.01423410443876448,0.02188430921576343
263,0.022817648625074214,0.023609842760122634,0.023609842760122634,0.0280410477559408,0.02526326997816302,0.010832743894546793,0.021429333972192464
266,0.022817648625074214,0.023609842760122634,0.023609842760122634,0.019707714422607468,0.01692993664482969,0.021036825527199855,0.021626489911073216
322,0.022817648625074214,0.023609842760122634,0.023609842760122634,0.044707714422607465,0.022485492200385242,0.017635464982982168,0.02148999733800193
353,0.022817648625074214,0.023609842760122634,0.023609842760122634,0.019707714422607468,0.022485492200385242,0.031240907159852914,0.022051133471739454
375,0.022817648625074214,0.023609842760122634,0.023609842760122634,0.019707714422607468,0.019707714422607468,0.017635464982982168,0.022051133471739454
392,0.022817648625074214,0.023609842760122634,0.023609842760122634,0.0280410477559408,0.0280410477559408,0.031240907159852914,0.02196013842302526
402,0.022817648625074214,0.023609842760122634,0.023609842760122634,0.0280410477559408,0.019707714422607468,0.02783954661563523,0.02159615822816849
413,0.022817648625074214,0.023609842760122634,0.023609842760122634,0.0280410477559408,0.0280410477559408,0.021036825527199855,0.022172460203358377
423,0.022817648625074214,0.023609842760122634,0.023609842760122634,0.019707714422607468,0.019707714422607468,0.021036825527199855,0.022187626044810744
471,0.022817648625074214,0.023609842760122634,0.023609842760122634,0.019707714422607468,0.019707714422607468,0.034642267704070605,0.022187626044810744
489,0.022817648625074214,0.023609842760122634,0.023609842760122634,0.011374381089274133,0.019707714422607468,0.017635464982982168,0.022597103764024608
540,0.022817648625074214,0.023609842760122634,0.023609842760122634,0.0280410477559408,0.0280410477559408,0.017635464982982168,0.021399002289287733
545,0.022817648625074214,0.023609842760122634,0.023609842760122634,0.019707714422607468,0.022485492200385242,0.02783954661563523,0.022005635947382356
546,0.022817648625074214,0.023609842760122634,0.023609842760122634,0.019707714422607468,0.022485492200385242,0.021036825527199855,0.021975304264477625
583,0.022817648625074214,0.023609842760122634,0.023609842760122634,0.0280410477559408,0.030818825533718577,0.024438186071417543,0.021459665655097198
654,0.022817648625074214,0.023609842760122634,0.023609842760122634,0.0280410477559408,0.030818825533718577,0.017635464982982168,0.021505163179454292
668,0.022817648625074214,0.023609842760122634,0.023609842760122634,0.011374381089274133,0.019707714422607468,0.034642267704070605,0.023522220092618906
695,0.022817648625074214,0.023609842760122634,0.023609842760122634,0.019707714422607468,0.0280410477559408,0.024438186071417543,0.021838811691406335
696,0.022817648625074214,0.023609842760122634,0.023609842760122634,0.0280410477559408,0.02526326997816302,0.017635464982982168,0.021656821593977946
707,0.022817648625074214,0.023609842760122634,0.023609842760122634,0.0280410477559408,0.019707714422607468,0.021036825527199855,0.021565826545263754
709,0.022817648625074214,0.023609842760122634,0.023609842760122634,0.011374381089274133,0.019707714422607468,0.034642267704070605,0.023507054251166542
712,0.022817648625074214,0.023609842760122634,0.023609842760122634,0.011374381089274133,0.02526326997816302,0.017635464982982168,0.02246061119095332
716,0.022817648625074214,0.023609842760122634,0.023609842760122634,0.011374381089274133,0.019707714422607468,0.031240907159852914,0.02290042059307192
758,0.022817648625074214,0.023609842760122634,0.023609842760122634,0.011374381089274133,0.019707714422607468,0.021036825527199855,0.022490942873858052
772,0.022817648625074214,0.023609842760122634,0.023609842760122634,0.036374381089274134,0.022485492200385242,0.024438186071417543,0.02144449981364483
788,0.022817648625074214,0.023609842760122634,0.023609842760122634,0.0280410477559408,0.0280410477559408,0.024438186071417543,0.0218539775328587
800,0.022817648625074214,0.023609842760122634,0.023609842760122634,0.019707714422607468,0.014152158867051911,0.01423410443876448,0.021671987435430314
810,0.022817648625074214,0.023609842760122634,0.023609842760122634,0.0280410477559408,0.022485492200385242,0.017635464982982168,0.02144449981364483
823,0.022817648625074214,0.023609842760122634,0.023609842760122634,0.0280410477559408,0.030818825533718577,0.02783954661563523,0.021535494862359023
857,0.022817648625074214,0.023609842760122634,0.023609842760122634,0.011374381089274133,0.022485492200385242,0.021036825527199855,0.02246061119095332
858,0.022817648625074214,0.023609842760122634,0.023609842760122634,0.019707714422607468,0.022485492200385242,0.021036825527199855,0.021929806740120527
882,0.022817648625074214,0.023609842760122634,0.023609842760122634,0.011374381089274133,0.011374381089274133,0.01423410443876448,0.02411368790926116
895,0.022817648625074214,0.023609842760122634,0.023609842760122634,0.0280410477559408,0.030818825533718577,0.021036825527199855,0.02148999733800193
900,0.022817648625074214,0.023609842760122634,0.023609842760122634,0.019707714422607468,0.02526326997816302,0.017635464982982168,0.022248289410620202
909,0.022817648625074214,0.023609842760122634,0.023609842760122634,0.036374381089274134,0.0280410477559408,0.02783954661563523,0.02168715327688268
921,0.022817648625074214,0.023609842760122634,0.023609842760122634,0.011374381089274133,0.030818825533718577,0.03804362824828829,0.02232411861788203
931,0.022817648625074214,0.023609842760122634,0.023609842760122634,0.0280410477559408,0.02526326997816302,0.024438186071417543,0.0214141681307401
942,0.022817648625074214,0.023609842760122634,0.023609842760122634,0.019707714422607468,0.022485492200385242,0.021036825527199855,0.021611324069620852
949,0.022817648625074214,0.023609842760122634,0.023609842760122634,0.019707714422607468,0.02526326997816302,0.02783954661563523,0.021762982484144506
980,0.022817648625074214,0.023609842760122634,0.023609842760122634,0.019707714422607468,0.022485492200385242,0.024438186071417543,0.022248289410620202
986,0.022817648625074214,0.023609842760122634,0.023609842760122634,0.0280410477559408,0.022485492200385242,0.017635464982982168,0.021838811691406335
010,0.022767111669925764,0.02297813082076698,0.02297813082076698,0.019707714422607468,0.022485492200385242,0.034642267704070605,0.02199047010592999
030,0.022767111669925764,0.02297813082076698,0.02297813082076698,0.019707714422607468,0.022485492200385242,0.021036825527199855,0.022035967630287086
043,0.022767111669925764,0.02297813082076698,0.02297813082076698,0.0280410477559408,0.02526326997816302,0.031240907159852914,0.02138383644783537
044,0.022767111669925764,0.02297813082076698,0.02297813082076698,0.019707714422607468,0.02526326997816302,0.024438186071417543,0.021702319118335044
045,0.022767111669925764,0.02297813082076698,0.02297813082076698,0.019707714422607468,0.019707714422607468,0.024438186071417543,0.021975304264477625
071,0.022767111669925764,0.02297813082076698,0.02297813082076698,0.019707714422607468,0.01692993664482969,0.01423410443876448,0.022248289410620202
086,0.022767111669925764,0.02297813082076698,0.02297813082076698,0.036374381089274134,0.022485492200385242,0.01423410443876448,0.021535494862359023
099,0.022767111669925764,0.02297813082076698,0.02297813082076698,0.011374381089274133,0.01692993664482969,0.02783954661563523,0.022703264654191167
100,0.022767111669925764,0.02297813082076698,0.02297813082076698,0.019707714422607468,0.022485492200385242,0.01423410443876448,0.022142128520453646
143,0.022767111669925764,0.02297813082076698,0.02297813082076698,0.019707714422607468,0.019707714422607468,0.01423410443876448,0.022081465154644184
161,0.022767111669925764,0.02297813082076698,0.02297813082076698,0.011374381089274133,0.014152158867051911,0.024438186071417543,0.023567717616976003
164,0.022767111669925764,0.02297813082076698,0.02297813082076698,0.019707714422607468,0.019707714422607468,0.017635464982982168,0.02196013842302526
229,0.022767111669925764,0.02297813082076698,0.02297813082076698,0.0280410477559408,0.02526326997816302,0.01423410443876448,0.021656821593977946
249,0.022767111669925764,0.02297813082076698,0.02297813082076698,0.0280410477559408,0.030818825533718577,0.024438186071417543,0.021399002289287733
257,0.022767111669925764,0.02297813082076698,0.02297813082076698,0.011374381089274133,0.01692993664482969,0.01423410443876448,0.022521274556762783
265,0.022767111669925764,0.02297813082076698,0.02297813082076698,0.0280410477559408,0.03359660331149635,0.02783954661563523,0.021626489911073216
273,0.022767111669925764,0.02297813082076698,0.02297813082076698,0.019707714422607468,0.019707714422607468,0.024438186071417543,0.021778148325596873
283,0.022767111669925764,0.02297813082076698,0.02297813082076698,0.019707714422607468,0.02526326997816302,0.01423410443876448,0.021671987435430314
301,0.022767111669925764,0.02297813082076698,0.02297813082076698,0.011374381089274133,0.014152158867051911,0.034642267704070605,0.023916531970380406
305,0.022767111669925764,0.02297813082076698,0.02297813082076698,0.019707714422607468,0.02526326997816302,0.017635464982982168,0.021899475057215796
311,0.022767111669925764,0.02297813082076698,0.02297813082076698,0.011374381089274133,0.01692993664482969,0.031240907159852914,0.0231734057392145
321,0.022767111669925764,0.02297813082076698,0.02297813082076698,0.0280410477559408,0.0280410477559408,0.02783954661563523,0.021505163179454292
331,0.022767111669925764,0.02297813082076698,0.02297813082076698,0.019707714422607468,0.0280410477559408,0.021036825527199855,0.022172460203358377
340,0.022767111669925764,0.02297813082076698,0.02297813082076698,0.0280410477559408,0.02526326997816302,0.010832743894546793,0.021399002289287733
399,0.022767111669925764,0.02297813082076698,0.02297813082076698,0.011374381089274133,0.01692993664482969,0.021036825527199855,0.02267293297128644
403,0.022767111669925764,0.02297813082076698,0.02297813082076698,0.0280410477559408,0.01692993664482969,0.021036825527199855,0.021459665655097198
428,0.022767111669925764,0.02297813082076698,0.02297813082076698,0.019707714422607468,0.0280410477559408,0.021036825527199855,0.021869143374311065
430,0.022767111669925764,0.02297813082076698,0.02297813082076698,0.011374381089274133,0.022485492200385242,0.031240907159852914,0.02276392802000063
438,0.022767111669925764,0.02297813082076698,0.02297813082076698,0.036374381089274134,0.030818825533718577,0.021036825527199855,0.021505163179454292
449,0.022767111669925764,0.02297813082076698,0.02297813082076698,0.019707714422607468,0.019707714422607468,0.021036825527199855,0.021975304264477625
468,0.022767111669925764,0.02297813082076698,0.02297813082076698,0.0280410477559408,0.02526326997816302,0.017635464982982168,0.02159615822816849
478,0.022767111669925764,0.02297813082076698,0.02297813082076698,0.011374381089274133,0.014152158867051911,0.021036825527199855,0.02359804929988073
503,0.022767111669925764,0.02297813082076698,0.02297813082076698,0.019707714422607468,0.0280410477559408,0.01423410443876448,0.022172460203358377
519,0.022767111669925764,0.02297813082076698,0.02297813082076698,0.019707714422607468,0.022485492200385242,0.024438186071417543,0.021459665655097198
553,0.022767111669925764,0.02297813082076698,0.02297813082076698,0.0280410477559408,0.019707714422607468,0.01423410443876448,0.021626489911073216
558,0.022767111669925764,0.02297813082076698,0.02297813082076698,0.036374381089274134,0.019707714422607468,0.017635464982982168,0.021671987435430314
560,0.022767111669925764,0.02297813082076698,0.02297813082076698,0.011374381089274133,0.01692993664482969,0.024438186071417543,0.022976249800333748
562,0.022767111669925764,0.02297813082076698,0.02297813082076698,0.0280410477559408,0.036374381089274134,0.024438186071417543,0.02168715327688268
563,0.022767111669925764,0.02297813082076698,0.02297813082076698,0.011374381089274133,0.019707714422607468,0.021036825527199855,0.022688098812738804
567,0.022767111669925764,0.02297813082076698,0.02297813082076698,0.0280410477559408,0.02526326997816302,0.010832743894546793,0.02138383644783537
621,0.022767111669925764,0.02297813082076698,0.02297813082076698,0.019707714422607468,0.0280410477559408,0.01423410443876448,0.021656821593977946
630,0.022767111669925764,0.02297813082076698,0.02297813082076698,0.011374381089274133,0.019707714422607468,0.017635464982982168,0.02239994782514386
641,0.022767111669925764,0.02297813082076698,0.02297813082076698,0.0280410477559408,0.019707714422607468,0.02783954661563523,0.02196013842302526
642,0.022767111669925764,0.02297813082076698,0.02297813082076698,0.019707714422607468,0.019707714422607468,0.024438186071417543,0.021793314167049237
675,0.022767111669925764,0.02297813082076698,0.02297813082076698,0.011374381089274133,0.01692993664482969,0.024438186071417543,0.022551606239667513
682,0.022767111669925764,0.02297813082076698,0.02297813082076698,0.019707714422607468,0.022485492200385242,0.02783954661563523,0.02188430921576343
711,0.022767111669925764,0.02297813082076698,0.02297813082076698,0.011374381089274133,0.022485492200385242,0.024438186071417543,0.02235445030078676
728,0.022767111669925764,0.02297813082076698,0.02297813082076698,0.011374381089274133,0.0280410477559408,0.024438186071417543,0.022657767129834073
731,0.022767111669925764,0.02297813082076698,0.02297813082076698,0.019707714422607468,0.030818825533718577,0.017635464982982168,0.022202791886263108
760,0.022767111669925764,0.02297813082076698,0.02297813082076698,0.044707714422607465,0.03359660331149635,0.021036825527199855,0.02182364584995397
765,0.022767111669925764,0.02297813082076698,0.02297813082076698,0.019707714422607468,0.022485492200385242,0.024438186071417543,0.022005635947382356
770,0.022767111669925764,0.02297813082076698,0.02297813082076698,0.0280410477559408,0.019707714422607468,0.021036825527199855,0.021641655752525583
776,0.022767111669925764,0.02297813082076698,0.02297813082076698,0.0280410477559408,0.02526326997816302,0.021036825527199855,0.021626489911073216
778,0.022767111669925764,0.02297813082076698,0.02297813082076698,0.011374381089274133,0.019707714422607468,0.031240907159852914,0.022657767129834073
779,0.022767111669925764,0.02297813082076698,0.02297813082076698,0.011374381089274133,0.02526326997816302,0.02783954661563523,0.023294732470833423
782,0.022767111669925764,0.02297813082076698,0.02297813082076698,0.011374381089274133,0.011374381089274133,0.034642267704070605,0.02411368790926116
787,0.022767111669925764,0.02297813082076698,0.02297813082076698,0.019707714422607468,0.02526326997816302,0.031240907159852914,0.021732650801239775
809,0.022767111669925764,0.02297813082076698,0.02297813082076698,0.019707714422607468,0.022485492200385242,0.04144498879250598,0.021914640898668163
820,0.022767111669925764,0.02297813082076698,0.02297813082076698,0.011374381089274133,0.02526326997816302,0.021036825527199855,0.022915586434524286
833,0.022767111669925764,0.02297813082076698,0.02297813082076698,0.044707714422607465,0.0280410477559408,0.02783954661563523,0.021626489911073216
859,0.022767111669925764,0.02297813082076698,0.02297813082076698,0.011374381089274133,0.014152158867051911,0.024438186071417543,0.02387103444602331
873,0.022767111669925764,0.02297813082076698,0.02297813082076698,0.0280410477559408,0.01692993664482969,0.01423410443876448,0.0214141681307401
880,0.022767111669925764,0.02297813082076698,0.02297813082076698,0.019707714422607468,0.022485492200385242,0.017635464982982168,0.022248289410620202
892,0.022767111669925764,0.02297813082076698,0.02297813082076698,0.036374381089274134,0.02526326997816302,0.021036825527199855,0.02188430921576343
905,0.022767111669925764,0.02297813082076698,0.02297813082076698,0.011374381089274133,0.011374381089274133,0.024438186071417543,0.02411368790926116
915,0.022767111669925764,0.02297813082076698,0.02297813082076698,0.0280410477559408,0.019707714422607468,0.021036825527199855,0.021793314167049237
918,0.022767111669925764,0.02297813082076698,0.02297813082076698,0.036374381089274134,0.019707714422607468,0.02783954661563523,0.02148999733800193
928,0.022767111669925764,0.02297813082076698,0.02297813082076698,0.019707714422607468,0.019707714422607468,0.02783954661563523,0.021671987435430314
941,0.022767111669925764,0.02297813082076698,0.02297813082076698,0.036374381089274134,0.030818825533718577,0.021036825527199855,0.021459665655097198
948,0.022767111669925764,0.02297813082076698,0.02297813082076698,0.0280410477559408,0.0280410477559408,0.01423410443876448,0.021611324069620852
955,0.022767111669925764,0.02297813082076698,0.02297813082076698,0.019707714422607468,0.022485492200385242,0.017635464982982168,0.021399002289287733
962,0.022767111669925764,0.02297813082076698,0.02297813082076698,0.036374381089274134,0.022485492200385242,0.01423410443876448,0.021611324069620852
963,0.022767111669925764,0.02297813082076698,0.02297813082076698,0.019707714422607468,0.02526326997816302,0.024438186071417543,0.021778148325596873
965,0.022767111669925764,0.02297813082076698,0.02297813082076698,0.0280410477559408,0.019707714422607468,0.021036825527199855,0.021944972581572894
969,0.022767111669925764,0.02297813082076698,0.02297813082076698,0.019707714422607468,0.01692993664482969,0.017635464982982168,0.0218539775328587
974,0.022767111669925764,0.02297813082076698,0.02297813082076698,0.011374381089274133,0.019707714422607468,0.031240907159852914,0.023006581483238482
005,0.02271657471477731,0.022346418881411326,0.022346418881411326,0.019707714422607468,0.01692993664482969,0.021036825527199855,0.021732650801239775
012,0.02271657471477731,0.022346418881411326,0.022346418881411326,0.0280410477559408,0.02526326997816302,0.02783954661563523,0.021869143374311065
020,0.02271657471477731,0.022346418881411326,0.022346418881411326,0.0280410477559408,0.019707714422607468,0.024438186071417543,0.021520329020906656
050,0.02271657471477731,0.022346418881411326,0.022346418881411326,0.0280410477559408,0.019707714422607468,0.02783954661563523,0.02171748495978741
067,0.02271657471477731,0.022346418881411326,0.022346418881411326,0.019707714422607468,0.01692993664482969,0.031240907159852914,0.021399002289287733
093,0.02271657471477731,0.022346418881411326,0.022346418881411326,0.011374381089274133,0.014152158867051911,0.024438186071417543,0.0231734057392145
110,0.02271657471477731,0.022346418881411326,0.022346418881411326,0.011374381089274133,0.019707714422607468,0.031240907159852914,0.022384781983691492
113,0.02271657471477731,0.022346418881411326,0.022346418881411326,0.0280410477559408,0.030818825533718577,0.021036825527199855,0.021808480008501604
126,0.02271657471477731,0.022346418881411326,0.022346418881411326,0.0280410477559408,0.019707714422607468,0.02783954661563523,0.02138383644783537
129,0.02271657471477731,0.022346418881411326,0.022346418881411326,0.019707714422607468,0.014152158867051911,0.01423410443876448,0.02144449981364483
136,0.02271657471477731,0.022346418881411326,0.022346418881411326,0.0280410477559408,0.022485492200385242,0.031240907159852914,0.021565826545263754
153,0.02271657471477731,0.022346418881411326,0.022346418881411326,0.011374381089274133,0.011374381089274133,0.031240907159852914,0.02411368790926116
156,0.02271657471477731,0.022346418881411326,0.022346418881411326,0.019707714422607468,0.022485492200385242,0.021036825527199855,0.02138383644783537
157,0.02271657471477731,0.022346418881411326,0.022346418881411326,0.011374381089274133,0.019707714422607468,0.024438186071417543,0.023006581483238482
165,0.02271657471477731,0.022346418881411326,0.022346418881411326,0.0280410477559408,0.02526326997816302,0.01423410443876448,0.02202080178883472
188,0.02271657471477731,0.022346418881411326,0.022346418881411326,0.044707714422607465,0.0280410477559408,0.01423410443876448,0.02138383644783537
195,0.02271657471477731,0.022346418881411326,0.022346418881411326,0.019707714422607468,0.019707714422607468,0.024438186071417543,0.02171748495978741
210,0.02271657471477731,0.022346418881411326,0.022346418881411326,0.019707714422607468,0.01692993664482969,0.01423410443876448,0.02138383644783537
219,0.02271657471477731,0.022346418881411326,0.022346418881411326,0.019707714422607468,0.01692993664482969,0.02783954661563523,0.02223312356916784
232,0.02271657471477731,0.022346418881411326,0.022346418881411326,0.036374381089274134,0.0280410477559408,0.021036825527199855,0.021399002289287733
261,0.02271657471477731,0.022346418881411326,0.022346418881411326,0.0280410477559408,0.02526326997816302,0.01423410443876448,0.021399002289287733
262,0.02271657471477731,0.022346418881411326,0.022346418881411326,0.019707714422607468,0.01692993664482969,0.024438186071417543,0.02226345525207257
268,0.02271657471477731,0.022346418881411326,0.022346418881411326,0.0280410477559408,0.019707714422607468,0.01423410443876448,0.02158099238671612
309,0.02271657471477731,0.022346418881411326,0.022346418881411326,0.011374381089274133,0.014152158867051911,0.01423410443876448,0.023855868604570948
348,0.02271657471477731,0.022346418881411326,0.022346418881411326,0.019707714422607468,0.01692993664482969,0.021036825527199855,0.021975304264477625
352,0.02271657471477731,0.022346418881411326,0.022346418881411326,0.011374381089274133,0.0280410477559408,0.031240907159852914,0.022627435446929342
371,0.02271657471477731,0.022346418881411326,0.022346418881411326,0.019707714422607468,0.01692993664482969,0.017635464982982168,0.021520329020906656
383,0.02271657471477731,0.022346418881411326,0.022346418881411326,0.036374381089274134,0.02526326997816302,0.021036825527199855,0.021505163179454292
388,0.02271657471477731,0.022346418881411326,0.022346418881411326,0.019707714422607468,0.022485492200385242,0.031240907159852914,0.021459665655097198
424,0.02271657471477731,0.022346418881411326,0.022346418881411326,0.019707714422607468,0.022485492200385242,0.02783954661563523,0.021899475057215796
429,0.02271657471477731,0.022346418881411326,0.022346418881411326,0.019707714422607468,0.019707714422607468,0.017635464982982168,0.022278621093524936
441,0.02271657471477731,0.022346418881411326,0.022346418881411326,0.0280410477559408,0.02526326997816302,0.031240907159852914,0.021899475057215796
444,0.02271657471477731,0.022346418881411326,0.022346418881411326,0.011374381089274133,0.019707714422607468,0.010832743894546793,0.022794259702905363
446,0.02271657471477731,0.022346418881411326,0.022346418881411326,0.0280410477559408,0.02526326997816302,0.017635464982982168,0.02147483149654956
454,0.02271657471477731,0.022346418881411326,0.022346418881411326,0.011374381089274133,0.01692993664482969,0.017635464982982168,0.022657767129834073
465,0.02271657471477731,0.022346418881411326,0.022346418881411326,0.011374381089274133,0.019707714422607468,0.017635464982982168,0.02235445030078676
493,0.02271657471477731,0.022346418881411326,0.022346418881411326,0.0280410477559408,0.019707714422607468,0.01423410443876448,0.021399002289287733
495,0.02271657471477731,0.022346418881411326,0.022346418881411326,0.036374381089274134,0.0280410477559408,0.01423410443876448,0.021747816642692142
516,0.02271657471477731,0.022346418881411326,0.022346418881411326,0.036374381089274134,0.02526326997816302,0.021036825527199855,0.021399002289287733
518,0.02271657471477731,0.022346418881411326,0.022346418881411326,0.036374381089274134,0.022485492200385242,0.021036825527199855,0.02144449981364483
520,0.02271657471477731,0.022346418881411326,0.022346418881411326,0.044707714422607465,0.02526326997816302,0.031240907159852914,0.021429333972192464
521,0.02271657471477731,0.022346418881411326,0.022346418881411326,0.0280410477559408,0.022485492200385242,0.017635464982982168,0.0214141681307401
536,0.02271657471477731,0.022346418881411326,0.022346418881411326,0.011374381089274133,0.0280410477559408,0.02783954661563523,0.02235445030078676
539,0.02271657471477731,0.022346418881411326,0.022346418881411326,0.019707714422607468,0.014152158867051911,0.031240907159852914,0.02158099238671612
564,0.02271657471477731,0.022346418881411326,0.022346418881411326,0.011374381089274133,0.02526326997816302,0.017635464982982168,0.022490942873858052
578,0.02271657471477731,0.022346418881411326,0.022346418881411326,0.019707714422607468,0.01692993664482969,0.021036825527199855,0.021747816642692142
585,0.02271657471477731,0.022346418881411326,0.022346418881411326,0.019707714422607468,0.022485492200385242,0.021036825527199855,0.02199047010592999
589,0.02271657471477731,0.022346418881411326,0.022346418881411326,0.011374381089274133,0.01692993664482969,0.01423410443876448,0.02353738593407127
614,0.02271657471477731,0.022346418881411326,0.022346418881411326,0.0280410477559408,0.022485492200385242,0.021036825527199855,0.021641655752525583
616,0.02271657471477731,0.022346418881411326,0.022346418881411326,0.0280410477559408,0.019707714422607468,0.017635464982982168,0.021535494862359023
623,0.02271657471477731,0.022346418881411326,0.022346418881411326,0.011374381089274133,0.01692993664482969,0.010832743894546793,0.022597103764024608
631,0.02271657471477731,0.022346418881411326,0.022346418881411326,0.019707714422607468,0.0280410477559408,0.017635464982982168,0.021656821593977946
638,0.02271657471477731,0.022346418881411326,0.022346418881411326,0.036374381089274134,0.036374381089274134,0.021036825527199855,0.02148999733800193
643,0.02271657471477731,0.022346418881411326,0.022346418881411326,0.036374381089274134,0.022485492200385242,0.031240907159852914,0.02148999733800193
649,0.02271657471477731,0.022346418881411326,0.022346418881411326,0.036374381089274134,0.02526326997816302,0.01423410443876448,0.021520329020906656
663,0.02271657471477731,0.022346418881411326,0.022346418881411326,0.019707714422607468,0.014152158867051911,0.01423410443876448,0.02212696267900128
671,0.02271657471477731,0.022346418881411326,0.022346418881411326,0.019707714422607468,0.01692993664482969,0.024438186071417543,0.022278621093524936
681,0.02271657471477731,0.022346418881411326,0.022346418881411326,0.011374381089274133,0.014152158867051911,0.021036825527199855,0.023158239897762136
692,0.02271657471477731,0.022346418881411326,0.022346418881411326,0.019707714422607468,0.01692993664482969,0.021036825527199855,0.02199047010592999
737,0.02271657471477731,0.022346418881411326,0.022346418881411326,0.0280410477559408,0.0280410477559408,0.017635464982982168,0.021459665655097198
738,0.02271657471477731,0.022346418881411326,0.022346418881411326,0.0280410477559408,0.019707714422607468,0.021036825527199855,0.02168715327688268
741,0.02271657471477731,0.022346418881411326,0.022346418881411326,0.019707714422607468,0.01692993664482969,0.031240907159852914,0.021869143374311065
746,0.02271657471477731,0.022346418881411326,0.022346418881411326,0.0280410477559408,0.01692993664482969,0.02783954661563523,0.021520329020906656
753,0.02271657471477731,0.022346418881411326,0.022346418881411326,0.044707714422607465,0.030818825533718577,0.017635464982982168,0.02144449981364483
762,0.02271657471477731,0.022346418881411326,0.022346418881411326,0.019707714422607468,0.02526326997816302,0.021036825527199855,0.021520329020906656
769,0.02271657471477731,0.022346418881411326,0.022346418881411326,0.019707714422607468,0.022485492200385242,0.021036825527199855,0.02199047010592999
777,0.02271657471477731,0.022346418881411326,0.022346418881411326,0.036374381089274134,0.022485492200385242,0.02783954661563523,0.02144449981364483
793,0.02271657471477731,0.022346418881411326,0.022346418881411326,0.019707714422607468,0.022485492200385242,0.017635464982982168,0.02202080178883472
796,0.02271657471477731,0.022346418881411326,0.022346418881411326,0.0280410477559408,0.0280410477559408,0.021036825527199855,0.0214141681307401
824,0.02271657471477731,0.022346418881411326,0.022346418881411326,0.019707714422607468,0.01692993664482969,0.021036825527199855,0.021732650801239775
827,0.02271657471477731,0.022346418881411326,0.022346418881411326,0.036374381089274134,0.0280410477559408,0.024438186071417543,0.021641655752525583
835,0.02271657471477731,0.022346418881411326,0.022346418881411326,0.011374381089274133,0.01692993664482969,0.02783954661563523,0.022779093861453
852,0.02271657471477731,0.022346418881411326,0.022346418881411326,0.0280410477559408,0.02526326997816302,0.017635464982982168,0.021747816642692142
860,0.02271657471477731,0.022346418881411326,0.022346418881411326,0.019707714422607468,0.03359660331149635,0.021036825527199855,0.022172460203358377
890,0.02271657471477731,0.022346418881411326,0.022346418881411326,0.0280410477559408,0.02526326997816302,0.010832743894546793,0.022081465154644184
920,0.02271657471477731,0.022346418881411326,0.022346418881411326,0.011374381089274133,0.01692993664482969,0.017635464982982168,0.02299141564178611
944,0.02271657471477731,0.022346418881411326,0.022346418881411326,0.036374381089274134,0.022485492200385242,0.034642267704070605,0.021399002289287733
945,0.02271657471477731,0.022346418881411326,0.022346418881411326,0.019707714422607468,0.0280410477559408,0.021036825527199855,0.022035967630287086
951,0.02271657471477731,0.022346418881411326,0.022346418881411326,0.011374381089274133,0.019707714422607468,0.021036825527199855,0.022339284459334394
954,0.02271657471477731,0.022346418881411326,0.022346418881411326,0.019707714422607468,0.022485492200385242,0.024438186071417543,0.021626489911073216
970,0.02271657471477731,0.022346418881411326,0.022346418881411326,0.011374381089274133,0.01692993664482969,0.010832743894546793,0.02364354682423783
972,0.02271657471477731,0.022346418881411326,0.022346418881411326,0.0280410477559408,0.0280410477559408,0.02783954661563523,0.022066299313191817
992,0.02271657471477731,0.022346418881411326,0.022346418881411326,0.011374381089274133,0.019707714422607468,0.034642267704070605,0.022369616142239125
993,0.02271657471477731,0.022346418881411326,0.022346418881411326,0.019707714422607468,0.019707714422607468,0.021036825527199855,0.02211179683754891
994,0.02271657471477731,0.022346418881411326,0.022346418881411326,0.019707714422607468,0.01692993664482969,0.024438186071417543,0.021520329020906656
998,0.02271657471477731,0.022346418881411326,0.022346418881411326,0.0280410477559408,0.019707714422607468,0.024438186071417543,0.02155066070381139
018,0.022666037759628856,0.021714706942055673,0.021714706942055673,0.036374381089274134,0.019707714422607468,0.02783954661563523,0.02148999733800193
024,0.022666037759628856,0.021714706942055673,0.021714706942055673,0.019707714422607468,0.022485492200385242,0.024438186071417543,0.02155066070381139
025,0.022666037759628856,0.021714706942055673,0.021714706942055673,0.019707714422607468,0.02526326997816302,0.021036825527199855,0.0218539775328587
038,0.022666037759628856,0.021714706942055673,0.021714706942055673,0.019707714422607468,0.01692993664482969,0.021036825527199855,0.022142128520453646
064,0.022666037759628856,0.021714706942055673,0.021714706942055673,0.0280410477559408,0.02526326997816302,0.024438186071417543,0.02158099238671612
065,0.022666037759628856,0.021714706942055673,0.021714706942055673,0.019707714422607468,0.022485492200385242,0.017635464982982168,0.022202791886263108
089,0.022666037759628856,0.021714706942055673,0.021714706942055673,0.019707714422607468,0.01692993664482969,0.02783954661563523,0.022248289410620202
096,0.022666037759628856,0.021714706942055673,0.021714706942055673,0.019707714422607468,0.01692993664482969,0.02783954661563523,0.02159615822816849
107,0.022666037759628856,0.021714706942055673,0.021714706942055673,0.0280410477559408,0.019707714422607468,0.031240907159852914,0.021429333972192464
108,0.022666037759628856,0.021714706942055673,0.021714706942055673,0.019707714422607468,0.01692993664482969,0.02783954661563523,0.022187626044810744
117,0.022666037759628856,0.021714706942055673,0.021714706942055673,0.0280410477559408,0.022485492200385242,0.021036825527199855,0.021899475057215796
123,0.022666037759628856,0.021714706942055673,0.021714706942055673,0.019707714422607468,0.0280410477559408,0.031240907159852914,0.021899475057215796
128,0.022666037759628856,0.021714706942055673,0.021714706942055673,0.0280410477559408,0.022485492200385242,0.021036825527199855,0.02144449981364483
154,0.022666037759628856,0.021714706942055673,0.021714706942055673,0.0280410477559408,0.019707714422607468,0.010832743894546793,0.021641655752525583
155,0.022666037759628856,0.021714706942055673,0.021714706942055673,0.0280410477559408,0.0280410477559408,0.031240907159852914,0.02155066070381139
163,0.022666037759628856,0.021714706942055673,0.021714706942055673,0.0280410477559408,0.022485492200385242,0.017635464982982168,0.021747816642692142
170,0.022666037759628856,0.021714706942055673,0.021714706942055673,0.044707714422607465,0.022485492200385242,0.017635464982982168,0.02147483149654956
172,0.022666037759628856,0.021714706942055673,0.021714706942055673,0.019707714422607468,0.01692993664482969,0.024438186071417543,0.02171748495978741
180,0.022666037759628856,0.021714706942055673,0.021714706942055673,0.019707714422607468,0.02526326997816302,0.02783954661563523,0.021793314167049237
198,0.022666037759628856,0.021714706942055673,0.021714706942055673,0.036374381089274134,0.03359660331149635,0.021036825527199855,0.021505163179454292
199,0.022666037759628856,0.021714706942055673,0.021714706942055673,0.019707714422607468,0.01692993664482969,0.02783954661563523,0.02148999733800193
201,0.022666037759628856,0.021714706942055673,0.021714706942055673,0.011374381089274133,0.01692993664482969,0.02783954661563523,0.023400893360999982
212,0.022666037759628856,0.021714706942055673,0.021714706942055673,0.019707714422607468,0.022485492200385242,0.017635464982982168,0.021535494862359023
223,0.022666037759628856,0.021714706942055673,0.021714706942055673,0.019707714422607468,0.02526326997816302,0.024438186071417543,0.0218539775328587
233,0.022666037759628856,0.021714706942055673,0.021714706942055673,0.019707714422607468,0.022485492200385242,0.021036825527199855,0.021671987435430314
237,0.022666037759628856,0.021714706942055673,0.021714706942055673,0.036374381089274134,0.0280410477559408,0.02783954661563523,0.021399002289287733
272,0.022666037759628856,0.021714706942055673,0.021714706942055673,0.011374381089274133,0.019707714422607468,0.021036825527199855,0.023082410690500304
280,0.022666037759628856,0.021714706942055673,0.021714706942055673,0.011374381089274133,0.022485492200385242,0.017635464982982168,0.0222937869349773
286,0.022666037759628856,0.021714706942055673,0.021714706942055673,0.0280410477559408,0.02526326997816302,0.031240907159852914,0.021762982484144506
319,0.022666037759628856,0.021714706942055673,0.021714706942055673,0.0280410477559408,0.019707714422607468,0.021036825527199855,0.022035967630287086
327,0.022666037759628856,0.021714706942055673,0.021714706942055673,0.0280410477559408,0.02526326997816302,0.021036825527199855,0.021762982484144506
329,0.022666037759628856,0.021714706942055673,0.021714706942055673,0.036374381089274134,0.030818825533718577,0.017635464982982168,0.021656821593977946
332,0.022666037759628856,0.021714706942055673,0.021714706942055673,0.0280410477559408,0.022485492200385242,0.021036825527199855,0.021747816642692142
342,0.022666037759628856,0.021714706942055673,0.021714706942055673,0.011374381089274133,0.02526326997816302,0.021036825527199855,0.022521274556762783
346,0.022666037759628856,0.021714706942055673,0.021714706942055673,0.019707714422607468,0.019707714422607468,0.017635464982982168,0.022096630996096548
347,0.022666037759628856,0.021714706942055673,0.021714706942055673,0.019707714422607468,0.014152158867051911,0.021036825527199855,0.02138383644783537
350,0.022666037759628856,0.021714706942055673,0.021714706942055673,0.036374381089274134,0.02526326997816302,0.021036825527199855,0.02147483149654956
355,0.022666037759628856,0.021714706942055673,0.021714706942055673,0.019707714422607468,0.03359660331149635,0.024438186071417543,0.021641655752525583
376,0.022666037759628856,0.021714706942055673,0.021714706942055673,0.019707714422607468,0.022485492200385242,0.02783954661563523,0.02147483149654956
384,0.022666037759628856,0.021714706942055673,0.021714706942055673,0.0280410477559408,0.03359660331149635,0.021036825527199855,0.021565826545263754
385,0.022666037759628856,0.021714706942055673,0.021714706942055673,0.019707714422607468,0.02526326997816302,0.021036825527199855,0.022142128520453646
393,0.022666037759628856,0.021714706942055673,0.021714706942055673,0.011374381089274133,0.022485492200385242,0.017635464982982168,0.022718430495643534
404,0.022666037759628856,0.021714706942055673,0.021714706942055673,0.019707714422607468,0.019707714422607468,0.021036825527199855,0.02159615822816849
405,0.022666037759628856,0.021714706942055673,0.021714706942055673,0.019707714422607468,0.022485492200385242,0.021036825527199855,0.02168715327688268
412,0.022666037759628856,0.021714706942055673,0.021714706942055673,0.0280410477559408,0.03359660331149635,0.021036825527199855,0.021944972581572894
414,0.022666037759628856,0.021714706942055673,0.021714706942055673,0.019707714422607468,0.019707714422607468,0.010832743894546793,0.022202791886263108
416,0.022666037759628856,0.021714706942055673,0.021714706942055673,0.011374381089274133,0.01692993664482969,0.017635464982982168,0.02276392802000063
421,0.022666037759628856,0.021714706942055673,0.021714706942055673,0.019707714422607468,0.019707714422607468,0.024438186071417543,0.02226345525207257
426,0.022666037759628856,0.021714706942055673,0.021714706942055673,0.011374381089274133,0.022485492200385242,0.021036825527199855,0.022718430495643534
437,0.022666037759628856,0.021714706942055673,0.021714706942055673,0.019707714422607468,0.022485492200385242,0.021036825527199855,0.02159615822816849
439,0.022666037759628856,0.021714706942055673,0.021714706942055673,0.011374381089274133,0.011374381089274133,0.021036825527199855,0.02411368790926116
458,0.022666037759628856,0.021714706942055673,0.021714706942055673,0.019707714422607468,0.030818825533718577,0.017635464982982168,0.02223312356916784
462,0.022666037759628856,0.021714706942055673,0.021714706942055673,0.011374381089274133,0.011374381089274133,0.017635464982982168,0.02411368790926116
466,0.022666037759628856,0.021714706942055673,0.021714706942055673,0.019707714422607468,0.022485492200385242,0.010832743894546793,0.02202080178883472
507,0.022666037759628856,0.021714706942055673,0.021714706942055673,0.0280410477559408,0.02526326997816302,0.024438186071417543,0.02144449981364483
515,0.022666037759628856,0.021714706942055673,0.021714706942055673,0.0280410477559408,0.022485492200385242,0.02783954661563523,0.021520329020906656
528,0.022666037759628856,0.021714706942055673,0.021714706942055673,0.019707714422607468,0.0280410477559408,0.021036825527199855,0.021535494862359023
530,0.022666037759628856,0.021714706942055673,0.021714706942055673,0.0280410477559408,0.022485492200385242,0.021036825527199855,0.021429333972192464
554,0.022666037759628856,0.021714706942055673,0.021714706942055673,0.0280410477559408,0.0280410477559408,0.03804362824828829,0.02158099238671612
574,0.022666037759628856,0.021714706942055673,0.021714706942055673,0.019707714422607468,0.02526326997816302,0.031240907159852914,0.022066299313191817
587,0.022666037759628856,0.021714706942055673,0.021714706942055673,0.0280410477559408,0.022485492200385242,0.021036825527199855,0.021702319118335044
598,0.022666037759628856,0.021714706942055673,0.021714706942055673,0.011374381089274133,0.01692993664482969,0.024438186071417543,0.02306724484904794
608,0.022666037759628856,0.021714706942055673,0.021714706942055673,0.011374381089274133,0.019707714422607468,0.01423410443876448,0.022308952776429667
617,0.022666037759628856,0.021714706942055673,0.021714706942055673,0.0280410477559408,0.022485492200385242,0.021036825527199855,0.021641655752525583
639,0.022666037759628856,0.021714706942055673,0.021714706942055673,0.019707714422607468,0.01692993664482969,0.021036825527199855,0.02196013842302526
644,0.022666037759628856,0.021714706942055673,0.021714706942055673,0.0280410477559408,0.022485492200385242,0.024438186071417543,0.021429333972192464
646,0.022666037759628856,0.021714706942055673,0.021714706942055673,0.0280410477559408,0.0280410477559408,0.021036825527199855,0.021429333972192464
673,0.022666037759628856,0.021714706942055673,0.021714706942055673,0.011374381089274133,0.01692993664482969,0.01423410443876448,0.022657767129834073
674,0.022666037759628856,0.021714706942055673,0.021714706942055673,0.019707714422607468,0.01692993664482969,0.017635464982982168,0.02215729436190601
687,0.022666037759628856,0.021714706942055673,0.021714706942055673,0.036374381089274134,0.030818825533718577,0.017635464982982168,0.021505163179454292
702,0.022666037759628856,0.021714706942055673,0.021714706942055673,0.036374381089274134,0.0280410477559408,0.02783954661563523,0.021459665655097198
721,0.022666037759628856,0.021714706942055673,0.021714706942055673,0.011374381089274133,0.022485492200385242,0.024438186071417543,0.023400893360999982
725,0.022666037759628856,0.021714706942055673,0.021714706942055673,0.019707714422607468,0.019707714422607468,0.01423410443876448,0.02155066070381139
732,0.022666037759628856,0.021714706942055673,0.021714706942055673,0.011374381089274133,0.022485492200385242,0.024438186071417543,0.02243027950804859
744,0.022666037759628856,0.021714706942055673,0.021714706942055673,0.019707714422607468,0.01692993664482969,0.021036825527199855,0.022051133471739454
756,0.022666037759628856,0.021714706942055673,0.021714706942055673,0.011374381089274133,0.011374381089274133,0.024438186071417543,0.02411368790926116
757,0.022666037759628856,0.021714706942055673,0.021714706942055673,0.011374381089274133,0.01692993664482969,0.021036825527199855,0.022415113666596223
763,0.022666037759628856,0.021714706942055673,0.021714706942055673,0.019707714422607468,0.019707714422607468,0.010832743894546793,0.02212696267900128
786,0.022666037759628856,0.021714706942055673,0.021714706942055673,0.019707714422607468,0.02526326997816302,0.017635464982982168,0.02199047010592999
790,0.022666037759628856,0.021714706942055673,0.021714706942055673,0.036374381089274134,0.022485492200385242,0.021036825527199855,0.021565826545263754
798,0.022666037759628856,0.021714706942055673,0.021714706942055673,0.011374381089274133,0.01692993664482969,0.017635464982982168,0.02320373742211923
803,0.022666037759628856,0.021714706942055673,0.021714706942055673,0.011374381089274133,0.01692993664482969,0.021036825527199855,0.02293075227597665
815,0.022666037759628856,0.021714706942055673,0.021714706942055673,0.011374381089274133,0.014152158867051911,0.024438186071417543,0.022384781983691492
818,0.022666037759628856,0.021714706942055673,0.021714706942055673,0.011374381089274133,0.01692993664482969,0.02783954661563523,0.02276392802000063
842,0.022666037759628856,0.021714706942055673,0.021714706942055673,0.0280410477559408,0.02526326997816302,0.01423410443876448,0.022096630996096548
855,0.022666037759628856,0.021714706942055673,0.021714706942055673,0.019707714422607468,0.022485492200385242,0.017635464982982168,0.02168715327688268
872,0.022666037759628856,0.021714706942055673,0.021714706942055673,0.019707714422607468,0.0280410477559408,0.021036825527199855,0.021732650801239775
896,0.022666037759628856,0.021714706942055673,0.021714706942055673,0.019707714422607468,0.019707714422607468,0.017635464982982168,0.021459665655097198
912,0.022666037759628856,0.021714706942055673,0.021714706942055673,0.011374381089274133,0.01692993664482969,0.021036825527199855,0.022885254751619555
919,0.022666037759628856,0.021714706942055673,0.021714706942055673,0.0280410477559408,0.022485492200385242,0.017635464982982168,0.021808480008501604
922,0.022666037759628856,0.021714706942055673,0.021714706942055673,0.0280410477559408,0.01692993664482969,0.021036825527199855,0.02159615822816849
925,0.022666037759628856,0.021714706942055673,0.021714706942055673,0.011374381089274133,0.014152158867051911,0.017635464982982168,0.023795205238761486
934,0.022666037759628856,0.021714706942055673,0.021714706942055673,0.044707714422607465,0.03915215886705191,0.01423410443876448,0.02138383644783537
953,0.022666037759628856,0.021714706942055673,0.021714706942055673,0.019707714422607468,0.01692993664482969,0.021036825527199855,0.022081465154644184
984,0.022666037759628856,0.021714706942055673,0.021714706942055673,0.036374381089274134,0.0280410477559408,0.02783954661563523,0.0214141681307401
988,0.022666037759628856,0.021714706942055673,0.021714706942055673,0.011374381089274133,0.019707714422607468,0.017635464982982168,0.022415113666596223
991,0.022666037759628856,0.021714706942055673,0.021714706942055673,0.011374381089274133,0.030818825533718577,0.024438186071417543,0.023264400787928692
015,0.022615500804480406,0.02108299500270002,0.02108299500270002,0.0280410477559408,0.022485492200385242,0.017635464982982168,0.021702319118335044
016,0.022615500804480406,0.02108299500270002,0.02108299500270002,0.019707714422607468,0.019707714422607468,0.034642267704070605,0.02221795772771547
039,0.022615500804480406,0.02108299500270002,0.02108299500270002,0.011374381089274133,0.011374381089274133,0.02783954661563523,0.02411368790926116
048,0.022615500804480406,0.02108299500270002,0.02108299500270002,0.019707714422607468,0.019707714422607468,0.021036825527199855,0.021641655752525583
077,0.022615500804480406,0.02108299500270002,0.02108299500270002,0.061374381089274135,0.0280410477559408,0.017635464982982168,0.02138383644783537
078,0.022615500804480406,0.02108299500270002,0.02108299500270002,0.011374381089274133,0.011374381089274133,0.02783954661563523,0.02411368790926116
083,0.022615500804480406,0.02108299500270002,0.02108299500270002,0.019707714422607468,0.030818825533718577,0.017635464982982168,0.02212696267900128
084,0.022615500804480406,0.02108299500270002,0.02108299500270002,0.019707714422607468,0.0280410477559408,0.031240907159852914,0.022051133471739454
101,0.022615500804480406,0.02108299500270002,0.02108299500270002,0.011374381089274133,0.01692993664482969,0.021036825527199855,0.022718430495643534
103,0.022615500804480406,0.02108299500270002,0.02108299500270002,0.0280410477559408,0.0280410477559408,0.024438186071417543,0.021747816642692142
120,0.022615500804480406,0.02108299500270002,0.02108299500270002,0.044707714422607465,0.03359660331149635,0.021036825527199855,0.02147483149654956
130,0.022615500804480406,0.02108299500270002,0.02108299500270002,0.019707714422607468,0.022485492200385242,0.024438186071417543,0.02196013842302526
141,0.022615500804480406,0.02108299500270002,0.02108299500270002,0.019707714422607468,0.019707714422607468,0.01423410443876448,0.022081465154644184
145,0.022615500804480406,0.02108299500270002,0.02108299500270002,0.011374381089274133,0.014152158867051911,0.024438186071417543,0.023355395836642884
187,0.022615500804480406,0.02108299500270002,0.02108299500270002,0.011374381089274133,0.014152158867051911,0.01423410443876448,0.022475777032405685
192,0.022615500804480406,0.02108299500270002,0.02108299500270002,0.011374381089274133,0.022485492200385242,0.010832743894546793,0.022597103764024608
203,0.022615500804480406,0.02108299500270002,0.02108299500270002,0.011374381089274133,0.019707714422607468,0.017635464982982168,0.022369616142239125
209,0.022615500804480406,0.02108299500270002,0.02108299500270002,0.011374381089274133,0.019707714422607468,0.010832743894546793,0.022839757227262458
214,0.022615500804480406,0.02108299500270002,0.02108299500270002,0.019707714422607468,0.030818825533718577,0.017635464982982168,0.022081465154644184
258,0.022615500804480406,0.02108299500270002,0.02108299500270002,0.011374381089274133,0.01692993664482969,0.024438186071417543,0.022733596337095898
276,0.022615500804480406,0.02108299500270002,0.02108299500270002,0.019707714422607468,0.019707714422607468,0.021036825527199855,0.021702319118335044
281,0.022615500804480406,0.02108299500270002,0.02108299500270002,0.011374381089274133,0.02526326997816302,0.017635464982982168,0.02232411861788203
285,0.022615500804480406,0.02108299500270002,0.02108299500270002,0.011374381089274133,0.014152158867051911,0.01423410443876448,0.02276392802000063
290,0.022615500804480406,0.02108299500270002,0.02108299500270002,0.019707714422607468,0.0280410477559408,0.02783954661563523,0.02196013842302526
320,0.022615500804480406,0.02108299500270002,0.02108299500270002,0.019707714422607468,0.019707714422607468,0.017635464982982168,0.02147483149654956
325,0.022615500804480406,0.02108299500270002,0.02108299500270002,0.019707714422607468,0.022485492200385242,0.02783954661563523,0.0218539775328587
334,0.022615500804480406,0.02108299500270002,0.02108299500270002,0.0280410477559408,0.019707714422607468,0.021036825527199855,0.02148999733800193
337,0.022615500804480406,0.02108299500270002,0.02108299500270002,0.019707714422607468,0.019707714422607468,0.034642267704070605,0.022066299313191817
361,0.022615500804480406,0.02108299500270002,0.02108299500270002,0.036374381089274134,0.0280410477559408,0.017635464982982168,0.021505163179454292
364,0.022615500804480406,0.02108299500270002,0.02108299500270002,0.019707714422607468,0.0280410477559408,0.024438186071417543,0.022172460203358377
366,0.022615500804480406,0.02108299500270002,0.02108299500270002,0.019707714422607468,0.02526326997816302,0.021036825527199855,0.02226345525207257
410,0.022615500804480406,0.02108299500270002,0.02108299500270002,0.019707714422607468,0.022485492200385242,0.021036825527199855,0.02215729436190601
433,0.022615500804480406,0.02108299500270002,0.02108299500270002,0.019707714422607468,0.014152158867051911,0.02783954661563523,0.021656821593977946
464,0.022615500804480406,0.02108299500270002,0.02108299500270002,0.036374381089274134,0.02526326997816302,0.021036825527199855,0.021702319118335044
467,0.022615500804480406,0.02108299500270002,0.02108299500270002,0.019707714422607468,0.01692993664482969,0.024438186071417543,0.021838811691406335
476,0.022615500804480406,0.02108299500270002,0.02108299500270002,0.019707714422607468,0.019707714422607468,0.02783954661563523,0.02182364584995397
479,0.022615500804480406,0.02108299500270002,0.02108299500270002,0.019707714422607468,0.02526326997816302,0.021036825527199855,0.021793314167049237
483,0.022615500804480406,0.02108299500270002,0.02108299500270002,0.019707714422607468,0.02526326997816302,0.024438186071417543,0.021747816642692142
494,0.022615500804480406,0.02108299500270002,0.02108299500270002,0.036374381089274134,0.02526326997816302,0.017635464982982168,0.021565826545263754
498,0.022615500804480406,0.02108299500270002,0.02108299500270002,0.019707714422607468,0.02526326997816302,0.021036825527199855,0.021869143374311065
500,0.022615500804480406,0.02108299500270002,0.02108299500270002,0.019707714422607468,0.01692993664482969,0.021036825527199855,0.022202791886263108
529,0.022615500804480406,0.02108299500270002,0.02108299500270002,0.019707714422607468,0.014152158867051911,0.017635464982982168,0.02199047010592999
531,0.022615500804480406,0.02108299500270002,0.02108299500270002,0.011374381089274133,0.02526326997816302,0.031240907159852914,0.0222937869349773
571,0.022615500804480406,0.02108299500270002,0.02108299500270002,0.011374381089274133,0.022485492200385242,0.024438186071417543,0.022733596337095898
575,0.022615500804480406,0.02108299500270002,0.02108299500270002,0.019707714422607468,0.01692993664482969,0.024438186071417543,0.02199047010592999
580,0.022615500804480406,0.02108299500270002,0.02108299500270002,0.019707714422607468,0.022485492200385242,0.017635464982982168,0.02168715327688268
581,0.022615500804480406,0.02108299500270002,0.02108299500270002,0.019707714422607468,0.01692993664482969,0.02783954661563523,0.02221795772771547
591,0.022615500804480406,0.02108299500270002,0.02108299500270002,0.011374381089274133,0.019707714422607468,0.01423410443876448,0.023097576531952674
604,0.022615500804480406,0.02108299500270002,0.02108299500270002,0.011374381089274133,0.01692993664482969,0.024438186071417543,0.0222937869349773
607,0.022615500804480406,0.02108299500270002,0.02108299500270002,0.019707714422607468,0.014152158867051911,0.017635464982982168,0.021505163179454292
611,0.022615500804480406,0.02108299500270002,0.02108299500270002,0.019707714422607468,0.0280410477559408,0.02783954661563523,0.021505163179454292
622,0.022615500804480406,0.02108299500270002,0.02108299500270002,0.0530410477559408,0.0280410477559408,0.021036825527199855,0.021565826545263754
635,0.022615500804480406,0.02108299500270002,0.02108299500270002,0.044707714422607465,0.02526326997816302,0.024438186071417543,0.021611324069620852
650,0.022615500804480406,0.02108299500270002,0.02108299500270002,0.019707714422607468,0.019707714422607468,0.017635464982982168,0.02155066070381139
655,0.022615500804480406,0.02108299500270002,0.02108299500270002,0.019707714422607468,0.01692993664482969,0.01423410443876448,0.021505163179454292
660,0.022615500804480406,0.02108299500270002,0.02108299500270002,0.019707714422607468,0.030818825533718577,0.021036825527199855,0.02223312356916784
670,0.022615500804480406,0.02108299500270002,0.02108299500270002,0.0280410477559408,0.02526326997816302,0.024438186071417543,0.0214141681307401
678,0.022615500804480406,0.02108299500270002,0.02108299500270002,0.011374381089274133,0.02526326997816302,0.017635464982982168,0.022308952776429667
699,0.022615500804480406,0.02108299500270002,0.02108299500270002,0.044707714422607465,0.03359660331149635,0.02783954661563523,0.02147483149654956
701,0.022615500804480406,0.02108299500270002,0.02108299500270002,0.011374381089274133,0.014152158867051911,0.01423410443876448,0.022384781983691492
708,0.022615500804480406,0.02108299500270002,0.02108299500270002,0.019707714422607468,0.03359660331149635,0.021036825527199855,0.02155066070381139
723,0.022615500804480406,0.02108299500270002,0.02108299500270002,0.019707714422607468,0.01692993664482969,0.021036825527199855,0.02202080178883472
739,0.022615500804480406,0.02108299500270002,0.02108299500270002,0.036374381089274134,0.022485492200385242,0.024438186071417543,0.021899475057215796
822,0.022615500804480406,0.02108299500270002,0.02108299500270002,0.011374381089274133,0.01692993664482969,0.024438186071417543,0.023097576531952674
831,0.022615500804480406,0.02108299500270002,0.02108299500270002,0.011374381089274133,0.0280410477559408,0.021036825527199855,0.022339284459334394
837,0.022615500804480406,0.02108299500270002,0.02108299500270002,0.011374381089274133,0.014152158867051911,0.021036825527199855,0.024037858701999332
845,0.022615500804480406,0.02108299500270002,0.02108299500270002,0.011374381089274133,0.022485492200385242,0.017635464982982168,0.022308952776429667
849,0.022615500804480406,0.02108299500270002,0.02108299500270002,0.0280410477559408,0.019707714422607468,0.021036825527199855,0.021732650801239775
861,0.022615500804480406,0.02108299500270002,0.02108299500270002,0.011374381089274133,0.022485492200385242,0.01423410443876448,0.022506108715310415
865,0.022615500804480406,0.02108299500270002,0.02108299500270002,0.011374381089274133,0.019707714422607468,0.017635464982982168,0.022794259702905363
885,0.022615500804480406,0.02108299500270002,0.02108299500270002,0.019707714422607468,0.01692993664482969,0.024438186071417543,0.02211179683754891
901,0.022615500804480406,0.02108299500270002,0.02108299500270002,0.011374381089274133,0.022485492200385242,0.017635464982982168,0.02239994782514386
907,0.022615500804480406,0.02108299500270002,0.02108299500270002,0.011374381089274133,0.02526326997816302,0.021036825527199855,0.022597103764024608
911,0.022615500804480406,0.02108299500270002,0.02108299500270002,0.036374381089274134,0.02526326997816302,0.01423410443876448,0.021611324069620852
971,0.022615500804480406,0.02108299500270002,0.02108299500270002,0.011374381089274133,0.01692993664482969,0.024438186071417543,0.023218903263571594
973,0.022615500804480406,0.02108299500270002,0.02108299500270002,0.011374381089274133,0.02526326997816302,0.02783954661563523,0.022339284459334394
976,0.022615500804480406,0.02108299500270002,0.02108299500270002,0.019707714422607468,0.02526326997816302,0.021036825527199855,0.022005635947382356
985,0.022615500804480406,0.02108299500270002,0.02108299500270002,0.019707714422607468,0.02526326997816302,0.021036825527199855,0.021626489911073216
995,0.022615500804480406,0.02108299500270002,0.02108299500270002,0.011374381089274133,0.014152158867051911,0.01423410443876448,0.023658712665690196
007,0.022564963849331952,0.020451283063344365,0.020451283063344365,0.011374381089274133,0.019707714422607468,0.017635464982982168,0.023052079007595577
011,0.022564963849331952,0.020451283063344365,0.020451283063344365,0.036374381089274134,0.022485492200385242,0.024438186071417543,0.021611324069620852
058,0.022564963849331952,0.020451283063344365,0.020451283063344365,0.019707714422607468,0.0280410477559408,0.021036825527199855,0.022187626044810744
061,0.022564963849331952,0.020451283063344365,0.020451283063344365,0.044707714422607465,0.030818825533718577,0.017635464982982168,0.021838811691406335
062,0.022564963849331952,0.020451283063344365,0.020451283063344365,0.0280410477559408,0.022485492200385242,0.01423410443876448,0.021399002289287733
066,0.022564963849331952,0.020451283063344365,0.020451283063344365,0.019707714422607468,0.02526326997816302,0.017635464982982168,0.021505163179454292
070,0.022564963849331952,0.020451283063344365,0.020451283063344365,0.044707714422607465,0.02526326997816302,0.024438186071417543,0.021611324069620852
072,0.022564963849331952,0.020451283063344365,0.020451283063344365,0.0280410477559408,0.019707714422607468,0.017635464982982168,0.021611324069620852
094,0.022564963849331952,0.020451283063344365,0.020451283063344365,0.011374381089274133,0.01692993664482969,0.017635464982982168,0.02256677208111988
095,0.022564963849331952,0.020451283063344365,0.020451283063344365,0.0280410477559408,0.019707714422607468,0.021036825527199855,0.021429333972192464
118,0.022564963849331952,0.020451283063344365,0.020451283063344365,0.0280410477559408,0.02526326997816302,0.017635464982982168,0.02138383644783537
137,0.022564963849331952,0.020451283063344365,0.020451283063344365,0.0280410477559408,0.0280410477559408,0.01423410443876448,0.022005635947382356
142,0.022564963849331952,0.020451283063344365,0.020451283063344365,0.019707714422607468,0.019707714422607468,0.021036825527199855,0.02182364584995397
148,0.022564963849331952,0.020451283063344365,0.020451283063344365,0.011374381089274133,0.030818825533718577,0.021036825527199855,0.022581937922572244
152,0.022564963849331952,0.020451283063344365,0.020451283063344365,0.0280410477559408,0.01692993664482969,0.02783954661563523,0.02144449981364483
207,0.022564963849331952,0.020451283063344365,0.020451283063344365,0.019707714422607468,0.019707714422607468,0.031240907159852914,0.021869143374311065
218,0.022564963849331952,0.020451283063344365,0.020451283063344365,0.011374381089274133,0.019707714422607468,0.031240907159852914,0.02232411861788203
226,0.022564963849331952,0.020451283063344365,0.020451283063344365,0.019707714422607468,0.01692993664482969,0.01423410443876448,0.021505163179454292
230,0.022564963849331952,0.020451283063344365,0.020451283063344365,0.019707714422607468,0.022485492200385242,0.024438186071417543,0.022096630996096548
234,0.022564963849331952,0.020451283063344365,0.020451283063344365,0.011374381089274133,0.01692993664482969,0.021036825527199855,0.023234069105023965
241,0.022564963849331952,0.020451283063344365,0.020451283063344365,0.0280410477559408,0.02526326997816302,0.021036825527199855,0.02144449981364483
245,0.022564963849331952,0.020451283063344365,0.020451283063344365,0.011374381089274133,0.02526326997816302,0.031240907159852914,0.022415113666596223
282,0.022564963849331952,0.020451283063344365,0.020451283063344365,0.011374381089274133,0.01692993664482969,0.017635464982982168,0.022445445349500954
284,0.022564963849331952,0.020451283063344365,0.020451283063344365,0.019707714422607468,0.022485492200385242,0.017635464982982168,0.022035967630287086
288,0.022564963849331952,0.020451283063344365,0.020451283063344365,0.011374381089274133,0.01692993664482969,0.017635464982982168,0.02246061119095332
295,0.022564963849331952,0.020451283063344365,0.020451283063344365,0.011374381089274133,0.019707714422607468,0.017635464982982168,0.022369616142239125
303,0.022564963849331952,0.020451283063344365,0.020451283063344365,0.011374381089274133,0.01692993664482969,0.021036825527199855,0.022824591385810094
386,0.022564963849331952,0.020451283063344365,0.020451283063344365,0.011374381089274133,0.011374381089274133,0.017635464982982168,0.02411368790926116
401,0.022564963849331952,0.020451283063344365,0.020451283063344365,0.019707714422607468,0.02526326997816302,0.021036825527199855,0.022202791886263108
420,0.022564963849331952,0.020451283063344365,0.020451283063344365,0.019707714422607468,0.01692993664482969,0.021036825527199855,0.021611324069620852
425,0.022564963849331952,0.020451283063344365,0.020451283063344365,0.019707714422607468,0.022485492200385242,0.021036825527199855,0.022202791886263108
448,0.022564963849331952,0.020451283063344365,0.020451283063344365,0.019707714422607468,0.019707714422607468,0.021036825527199855,0.02188430921576343
455,0.022564963849331952,0.020451283063344365,0.020451283063344365,0.0280410477559408,0.02526326997816302,0.021036825527199855,0.021869143374311065
457,0.022564963849331952,0.020451283063344365,0.020451283063344365,0.019707714422607468,0.019707714422607468,0.021036825527199855,0.02188430921576343
480,0.022564963849331952,0.020451283063344365,0.020451283063344365,0.011374381089274133,0.014152158867051911,0.024438186071417543,0.022839757227262458
487,0.022564963849331952,0.020451283063344365,0.020451283063344365,0.011374381089274133,0.022485492200385242,0.024438186071417543,0.022915586434524286
496,0.022564963849331952,0.020451283063344365,0.020451283063344365,0.019707714422607468,0.014152158867051911,0.017635464982982168,0.021944972581572894
497,0.022564963849331952,0.020451283063344365,0.020451283063344365,0.0280410477559408,0.019707714422607468,0.02783954661563523,0.02171748495978741
504,0.022564963849331952,0.020451283063344365,0.020451283063344365,0.036374381089274134,0.022485492200385242,0.017635464982982168,0.02147483149654956
514,0.022564963849331952,0.020451283063344365,0.020451283063344365,0.019707714422607468,0.0280410477559408,0.021036825527199855,0.021656821593977946
534,0.022564963849331952,0.020451283063344365,0.020451283063344365,0.011374381089274133,0.01692993664482969,0.017635464982982168,0.02378003939730912
535,0.022564963849331952,0.020451283063344365,0.020451283063344365,0.011374381089274133,0.01692993664482969,0.01423410443876448,0.02303691316614321
538,0.022564963849331952,0.020451283063344365,0.020451283063344365,0.011374381089274133,0.01692993664482969,0.017635464982982168,0.02381037108021385
550,0.022564963849331952,0.020451283063344365,0.020451283063344365,0.0280410477559408,0.022485492200385242,0.021036825527199855,0.021732650801239775
590,0.022564963849331952,0.020451283063344365,0.020451283063344365,0.0280410477559408,0.01692993664482969,0.017635464982982168,0.02158099238671612
593,0.022564963849331952,0.020451283063344365,0.020451283063344365,0.0280410477559408,0.02526326997816302,0.017635464982982168,0.021747816642692142
637,0.022564963849331952,0.020451283063344365,0.020451283063344365,0.0280410477559408,0.02526326997816302,0.017635464982982168,0.02155066070381139
640,0.022564963849331952,0.020451283063344365,0.020451283063344365,0.019707714422607468,0.022485492200385242,0.017635464982982168,0.022202791886263108
656,0.022564963849331952,0.020451283063344365,0.020451283063344365,0.019707714422607468,0.02526326997816302,0.017635464982982168,0.021459665655097198
677,0.022564963849331952,0.020451283063344365,0.020451283063344365,0.019707714422607468,0.019707714422607468,0.021036825527199855,0.021459665655097198
680,0.022564963849331952,0.020451283063344365,0.020451283063344365,0.019707714422607468,0.022485492200385242,0.024438186071417543,0.02147483149654956
719,0.022564963849331952,0.020451283063344365,0.020451283063344365,0.036374381089274134,0.019707714422607468,0.021036825527199855,0.0214141681307401
722,0.022564963849331952,0.020451283063344365,0.020451283063344365,0.011374381089274133,0.019707714422607468,0.01423410443876448,0.022445445349500954
743,0.022564963849331952,0.020451283063344365,0.020451283063344365,0.019707714422607468,0.022485492200385242,0.024438186071417543,0.02159615822816849
750,0.022564963849331952,0.020451283063344365,0.020451283063344365,0.011374381089274133,0.014152158867051911,0.021036825527199855,0.023582883458428367
759,0.022564963849331952,0.020451283063344365,0.020451283063344365,0.019707714422607468,0.019707714422607468,0.017635464982982168,0.02159615822816849
767,0.022564963849331952,0.020451283063344365,0.020451283063344365,0.0530410477559408,0.03359660331149635,0.024438186071417543,0.021399002289287733
771,0.022564963849331952,0.020451283063344365,0.020451283063344365,0.011374381089274133,0.019707714422607468,0.021036825527199855,0.0222937869349773
825,0.022564963849331952,0.020451283063344365,0.020451283063344365,0.011374381089274133,0.01692993664482969,0.017635464982982168,0.022445445349500954
838,0.022564963849331952,0.020451283063344365,0.020451283063344365,0.011374381089274133,0.022485492200385242,0.021036825527199855,0.022384781983691492
843,0.022564963849331952,0.020451283063344365,0.020451283063344365,0.0280410477559408,0.022485492200385242,0.021036825527199855,0.021520329020906656
846,0.022564963849331952,0.020451283063344365,0.020451283063344365,0.0280410477559408,0.019707714422607468,0.017635464982982168,0.02138383644783537
863,0.022564963849331952,0.020451283063344365,0.020451283063344365,0.036374381089274134,0.02526326997816302,0.021036825527199855,0.021429333972192464
884,0.022564963849331952,0.020451283063344365,0.020451283063344365,0.036374381089274134,0.0280410477559408,0.010832743894546793,0.02155066070381139
926,0.022564963849331952,0.020451283063344365,0.020451283063344365,0.019707714422607468,0.014152158867051911,0.024438186071417543,0.022035967630287086
940,0.022564963849331952,0.020451283063344365,0.020451283063344365,0.0280410477559408,0.01692993664482969,0.021036825527199855,0.02168715327688268
002,0.022514426894183502,0.019819571123988713,0.019819571123988713,0.011374381089274133,0.014152158867051911,0.017635464982982168,0.022915586434524286
027,0.022514426894183502,0.019819571123988713,0.019819571123988713,0.0280410477559408,0.01692993664482969,0.021036825527199855,0.021671987435430314
037,0.022514426894183502,0.019819571123988713,0.019819571123988713,0.019707714422607468,0.01692993664482969,0.01423410443876448,0.02212696267900128
060,0.022514426894183502,0.019819571123988713,0.019819571123988713,0.019707714422607468,0.01692993664482969,0.017635464982982168,0.021808480008501604
069,0.022514426894183502,0.019819571123988713,0.019819571123988713,0.011374381089274133,0.019707714422607468,0.021036825527199855,0.02303691316614321
122,0.022514426894183502,0.019819571123988713,0.019819571123988713,0.011374381089274133,0.01692993664482969,0.01423410443876448,0.023931697811832776
167,0.022514426894183502,0.019819571123988713,0.019819571123988713,0.019707714422607468,0.022485492200385242,0.010832743894546793,0.021808480008501604
171,0.022514426894183502,0.019819571123988713,0.019819571123988713,0.019707714422607468,0.022485492200385242,0.024438186071417543,0.022081465154644184
181,0.022514426894183502,0.019819571123988713,0.019819571123988713,0.0280410477559408,0.019707714422607468,0.017635464982982168,0.021702319118335044
182,0.022514426894183502,0.019819571123988713,0.019819571123988713,0.019707714422607468,0.014152158867051911,0.021036825527199855,0.02202080178883472
185,0.022514426894183502,0.019819571123988713,0.019819571123988713,0.019707714422607468,0.02526326997816302,0.017635464982982168,0.02223312356916784
193,0.022514426894183502,0.019819571123988713,0.019819571123988713,0.019707714422607468,0.022485492200385242,0.021036825527199855,0.02226345525207257
211,0.022514426894183502,0.019819571123988713,0.019819571123988713,0.019707714422607468,0.019707714422607468,0.021036825527199855,0.02182364584995397
222,0.022514426894183502,0.019819571123988713,0.019819571123988713,0.011374381089274133,0.01692993664482969,0.021036825527199855,0.022308952776429667
247,0.022514426894183502,0.019819571123988713,0.019819571123988713,0.0280410477559408,0.022485492200385242,0.021036825527199855,0.0218539775328587
293,0.022514426894183502,0.019819571123988713,0.019819571123988713,0.019707714422607468,0.022485492200385242,0.021036825527199855,0.021535494862359023
324,0.022514426894183502,0.019819571123988713,0.019819571123988713,0.019707714422607468,0.019707714422607468,0.024438186071417543,0.022005635947382356
328,0.022514426894183502,0.019819571123988713,0.019819571123988713,0.019707714422607468,0.019707714422607468,0.01423410443876448,0.022278621093524936
345,0.022514426894183502,0.019819571123988713,0.019819571123988713,0.019707714422607468,0.022485492200385242,0.024438186071417543,0.021732650801239775
357,0.022514426894183502,0.019819571123988713,0.019819571123988713,0.019707714422607468,0.02526326997816302,0.024438186071417543,0.022005635947382356
378,0.022514426894183502,0.019819571123988713,0.019819571123988713,0.011374381089274133,0.019707714422607468,0.024438186071417543,0.022688098812738804
387,0.022514426894183502,0.019819571123988713,0.019819571123988713,0.011374381089274133,0.019707714422607468,0.021036825527199855,0.02243027950804859
408,0.022514426894183502,0.019819571123988713,0.019819571123988713,0.019707714422607468,0.019707714422607468,0.010832743894546793,0.021656821593977946
418,0.022514426894183502,0.019819571123988713,0.019819571123988713,0.019707714422607468,0.02526326997816302,0.017635464982982168,0.02182364584995397
440,0.022514426894183502,0.019819571123988713,0.019819571123988713,0.0280410477559408,0.02526326997816302,0.024438186071417543,0.02158099238671612
469,0.022514426894183502,0.019819571123988713,0.019819571123988713,0.019707714422607468,0.01692993664482969,0.02783954661563523,0.022187626044810744
486,0.022514426894183502,0.019819571123988713,0.019819571123988713,0.019707714422607468,0.014152158867051911,0.017635464982982168,0.021732650801239775
499,0.022514426894183502,0.019819571123988713,0.019819571123988713,0.011374381089274133,0.019707714422607468,0.031240907159852914,0.02243027950804859
505,0.022514426894183502,0.019819571123988713,0.019819571123988713,0.0280410477559408,0.019707714422607468,0.021036825527199855,0.021914640898668163
511,0.022514426894183502,0.019819571123988713,0.019819571123988713,0.019707714422607468,0.01692993664482969,0.021036825527199855,0.02138383644783537
524,0.022514426894183502,0.019819571123988713,0.019819571123988713,0.019707714422607468,0.019707714422607468,0.024438186071417543,0.02211179683754891
537,0.022514426894183502,0.019819571123988713,0.019819571123988713,0.019707714422607468,0.030818825533718577,0.031240907159852914,0.02221795772771547
541,0.022514426894183502,0.019819571123988713,0.019819571123988713,0.011374381089274133,0.011374381089274133,0.017635464982982168,0.02411368790926116
544,0.022514426894183502,0.019819571123988713,0.019819571123988713,0.0280410477559408,0.019707714422607468,0.017635464982982168,0.021459665655097198
548,0.022514426894183502,0.019819571123988713,0.019819571123988713,0.011374381089274133,0.01692993664482969,0.017635464982982168,0.022718430495643534
552,0.022514426894183502,0.019819571123988713,0.019819571123988713,0.011374381089274133,0.022485492200385242,0.01423410443876448,0.02367387850714256
600,0.022514426894183502,0.019819571123988713,0.019819571123988713,0.011374381089274133,0.014152158867051911,0.02783954661563523,0.023916531970380406
613,0.022514426894183502,0.019819571123988713,0.019819571123988713,0.0280410477559408,0.030818825533718577,0.021036825527199855,0.022035967630287086
648,0.022514426894183502,0.019819571123988713,0.019819571123988713,0.0280410477559408,0.022485492200385242,0.01423410443876448,0.02148999733800193
706,0.022514426894183502,0.019819571123988713,0.019819571123988713,0.019707714422607468,0.019707714422607468,0.021036825527199855,0.021808480008501604
785,0.022514426894183502,0.019819571123988713,0.019819571123988713,0.019707714422607468,0.019707714422607468,0.021036825527199855,0.02144449981364483
826,0.022514426894183502,0.019819571123988713,0.019819571123988713,0.019707714422607468,0.019707714422607468,0.024438186071417543,0.022051133471739454
830,0.022514426894183502,0.019819571123988713,0.019819571123988713,0.019707714422607468,0.01692993664482969,0.010832743894546793,0.02188430921576343
834,0.022514426894183502,0.019819571123988713,0.019819571123988713,0.0280410477559408,0.022485492200385242,0.024438186071417543,0.021671987435430314
864,0.022514426894183502,0.019819571123988713,0.019819571123988713,0.019707714422607468,0.01692993664482969,0.024438186071417543,0.021535494862359023
881,0.022514426894183502,0.019819571123988713,0.019819571123988713,0.0280410477559408,0.019707714422607468,0.017635464982982168,0.02199047010592999
899,0.022514426894183502,0.019819571123988713,0.019819571123988713,0.011374381089274133,0.011374381089274133,0.021036825527199855,0.02411368790926116
935,0.022514426894183502,0.019819571123988713,0.019819571123988713,0.019707714422607468,0.014152158867051911,0.021036825527199855,0.021626489911073216
999,0.022514426894183502,0.019819571123988713,0.019819571123988713,0.0280410477559408,0.019707714422607468,0.024438186071417543,0.02144449981364483
033,0.02246388993903505,0.019187859184633057,0.019187859184633057,0.0280410477559408,0.022485492200385242,0.021036825527199855,0.02138383644783537
051,0.02246388993903505,0.019187859184633057,0.019187859184633057,0.011374381089274133,0.030818825533718577,0.021036825527199855,0.02290042059307192
055,0.02246388993903505,0.019187859184633057,0.019187859184633057,0.011374381089274133,0.02526326997816302,0.02783954661563523,0.02246061119095332
056,0.02246388993903505,0.019187859184633057,0.019187859184633057,0.019707714422607468,0.014152158867051911,0.017635464982982168,0.022187626044810744
068,0.02246388993903505,0.019187859184633057,0.019187859184633057,0.011374381089274133,0.014152158867051911,0.017635464982982168,0.022733596337095898
105,0.02246388993903505,0.019187859184633057,0.019187859184633057,0.019707714422607468,0.019707714422607468,0.010832743894546793,0.021975304264477625
144,0.02246388993903505,0.019187859184633057,0.019187859184633057,0.011374381089274133,0.01692993664482969,0.017635464982982168,0.023309898312285787
160,0.02246388993903505,0.019187859184633057,0.019187859184633057,0.036374381089274134,0.02526326997816302,0.021036825527199855,0.021641655752525583
220,0.02246388993903505,0.019187859184633057,0.019187859184633057,0.019707714422607468,0.01692993664482969,0.01423410443876448,0.021732650801239775
231,0.02246388993903505,0.019187859184633057,0.019187859184633057,0.011374381089274133,0.022485492200385242,0.01423410443876448,0.022703264654191167
256,0.02246388993903505,0.019187859184633057,0.019187859184633057,0.019707714422607468,0.022485492200385242,0.02783954661563523,0.021656821593977946
333,0.02246388993903505,0.019187859184633057,0.019187859184633057,0.011374381089274133,0.01692993664482969,0.017635464982982168,0.02293075227597665
338,0.02246388993903505,0.019187859184633057,0.019187859184633057,0.011374381089274133,0.01692993664482969,0.021036825527199855,0.022733596337095898
367,0.02246388993903505,0.019187859184633057,0.019187859184633057,0.019707714422607468,0.019707714422607468,0.021036825527199855,0.021459665655097198
415,0.02246388993903505,0.019187859184633057,0.019187859184633057,0.011374381089274133,0.01692993664482969,0.021036825527199855,0.02320373742211923
445,0.02246388993903505,0.019187859184633057,0.019187859184633057,0.011374381089274133,0.019707714422607468,0.01423410443876448,0.022475777032405685
506,0.02246388993903505,0.019187859184633057,0.019187859184633057,0.011374381089274133,0.019707714422607468,0.017635464982982168,0.02290042059307192
513,0.02246388993903505,0.019187859184633057,0.019187859184633057,0.019707714422607468,0.022485492200385242,0.01423410443876448,0.021429333972192464
527,0.02246388993903505,0.019187859184633057,0.019187859184633057,0.011374381089274133,0.019707714422607468,0.021036825527199855,0.022369616142239125
533,0.02246388993903505,0.019187859184633057,0.019187859184633057,0.036374381089274134,0.02526326997816302,0.024438186071417543,0.02158099238671612
551,0.02246388993903505,0.019187859184633057,0.019187859184633057,0.0280410477559408,0.0280410477559408,0.021036825527199855,0.021535494862359023
570,0.02246388993903505,0.019187859184633057,0.019187859184633057,0.019707714422607468,0.022485492200385242,0.021036825527199855,0.021565826545263754
685,0.02246388993903505,0.019187859184633057,0.019187859184633057,0.019707714422607468,0.01692993664482969,0.01423410443876448,0.022172460203358377
693,0.02246388993903505,0.019187859184633057,0.019187859184633057,0.0280410477559408,0.02526326997816302,0.021036825527199855,0.021459665655097198
700,0.02246388993903505,0.019187859184633057,0.019187859184633057,0.019707714422607468,0.019707714422607468,0.01423410443876448,0.022248289410620202
713,0.02246388993903505,0.019187859184633057,0.019187859184633057,0.0280410477559408,0.022485492200385242,0.021036825527199855,0.022005635947382356
733,0.02246388993903505,0.019187859184633057,0.019187859184633057,0.036374381089274134,0.030818825533718577,0.024438186071417543,0.021520329020906656
789,0.02246388993903505,0.019187859184633057,0.019187859184633057,0.019707714422607468,0.01692993664482969,0.021036825527199855,0.022066299313191817
792,0.02246388993903505,0.019187859184633057,0.019187859184633057,0.0280410477559408,0.022485492200385242,0.03804362824828829,0.021520329020906656
805,0.02246388993903505,0.019187859184633057,0.019187859184633057,0.011374381089274133,0.01692993664482969,0.017635464982982168,0.0240075270190946
806,0.02246388993903505,0.019187859184633057,0.019187859184633057,0.011374381089274133,0.014152158867051911,0.017635464982982168,0.023325064153738157
839,0.02246388993903505,0.019187859184633057,0.019187859184633057,0.011374381089274133,0.022485492200385242,0.01423410443876448,0.022688098812738804
868,0.02246388993903505,0.019187859184633057,0.019187859184633057,0.019707714422607468,0.014152158867051911,0.017635464982982168,0.021929806740120527
886,0.02246388993903505,0.019187859184633057,0.019187859184633057,0.011374381089274133,0.01692993664482969,0.017635464982982168,0.022945918117429014
947,0.02246388993903505,0.019187859184633057,0.019187859184633057,0.011374381089274133,0.022485492200385242,0.01423410443876448,0.0222937869349773
958,0.02246388993903505,0.019187859184633057,0.019187859184633057,0.011374381089274133,0.014152158867051911,0.017635464982982168,0.023522220092618906
961,0.02246388993903505,0.019187859184633057,0.019187859184633057,0.0280410477559408,0.022485492200385242,0.017635464982982168,0.021762982484144506
004,0.022413352983886595,0.018556147245277405,0.018556147245277405,0.011374381089274133,0.014152158867051911,0.021036825527199855,0.02253644039821515
041,0.022413352983886595,0.018556147245277405,0.018556147245277405,0.011374381089274133,0.01692993664482969,0.021036825527199855,0.02341605920245235
146,0.022413352983886595,0.018556147245277405,0.018556147245277405,0.011374381089274133,0.01692993664482969,0.024438186071417543,0.02243027950804859
176,0.022413352983886595,0.018556147245277405,0.018556147245277405,0.011374381089274133,0.01692993664482969,0.02783954661563523,0.022748762178548265
184,0.022413352983886595,0.018556147245277405,0.018556147245277405,0.019707714422607468,0.01692993664482969,0.021036825527199855,0.02199047010592999
235,0.022413352983886595,0.018556147245277405,0.018556147245277405,0.019707714422607468,0.0280410477559408,0.024438186071417543,0.021641655752525583
238,0.022413352983886595,0.018556147245277405,0.018556147245277405,0.019707714422607468,0.022485492200385242,0.021036825527199855,0.021535494862359023
242,0.022413352983886595,0.018556147245277405,0.018556147245277405,0.019707714422607468,0.019707714422607468,0.02783954661563523,0.02155066070381139
255,0.022413352983886595,0.018556147245277405,0.018556147245277405,0.011374381089274133,0.019707714422607468,0.024438186071417543,0.022308952776429667
269,0.022413352983886595,0.018556147245277405,0.018556147245277405,0.019707714422607468,0.019707714422607468,0.024438186071417543,0.021626489911073216
287,0.022413352983886595,0.018556147245277405,0.018556147245277405,0.0280410477559408,0.02526326997816302,0.021036825527199855,0.021671987435430314
298,0.022413352983886595,0.018556147245277405,0.018556147245277405,0.019707714422607468,0.019707714422607468,0.024438186071417543,0.021869143374311065
304,0.022413352983886595,0.018556147245277405,0.018556147245277405,0.011374381089274133,0.01692993664482969,0.021036825527199855,0.022945918117429014
323,0.022413352983886595,0.018556147245277405,0.018556147245277405,0.011374381089274133,0.019707714422607468,0.021036825527199855,0.022718430495643534
351,0.022413352983886595,0.018556147245277405,0.018556147245277405,0.019707714422607468,0.022485492200385242,0.017635464982982168,0.021611324069620852
359,0.022413352983886595,0.018556147245277405,0.018556147245277405,0.011374381089274133,0.022485492200385242,0.021036825527199855,0.022369616142239125
372,0.022413352983886595,0.018556147245277405,0.018556147245277405,0.011374381089274133,0.01692993664482969,0.02783954661563523,0.022506108715310415
377,0.022413352983886595,0.018556147245277405,0.018556147245277405,0.019707714422607468,0.01692993664482969,0.02783954661563523,0.02147483149654956
397,0.022413352983886595,0.018556147245277405,0.018556147245277405,0.011374381089274133,0.019707714422607468,0.024438186071417543,0.02334022999519052
459,0.022413352983886595,0.018556147245277405,0.018556147245277405,0.011374381089274133,0.011374381089274133,0.02783954661563523,0.02411368790926116
470,0.022413352983886595,0.018556147245277405,0.018556147245277405,0.019707714422607468,0.02526326997816302,0.02783954661563523,0.02168715327688268
477,0.022413352983886595,0.018556147245277405,0.018556147245277405,0.0280410477559408,0.022485492200385242,0.021036825527199855,0.022066299313191817
501,0.022413352983886595,0.018556147245277405,0.018556147245277405,0.011374381089274133,0.01692993664482969,0.017635464982982168,0.02276392802000063
502,0.022413352983886595,0.018556147245277405,0.018556147245277405,0.036374381089274134,0.022485492200385242,0.017635464982982168,0.021838811691406335
512,0.022413352983886595,0.018556147245277405,0.018556147245277405,0.019707714422607468,0.01692993664482969,0.017635464982982168,0.021762982484144506
584,0.022413352983886595,0.018556147245277405,0.018556147245277405,0.019707714422607468,0.01692993664482969,0.024438186071417543,0.021914640898668163
588,0.022413352983886595,0.018556147245277405,0.018556147245277405,0.0280410477559408,0.019707714422607468,0.01423410443876448,0.022051133471739454
626,0.022413352983886595,0.018556147245277405,0.018556147245277405,0.019707714422607468,0.01692993664482969,0.024438186071417543,0.022202791886263108
657,0.022413352983886595,0.018556147245277405,0.018556147245277405,0.019707714422607468,0.01692993664482969,0.021036825527199855,0.0218539775328587
714,0.022413352983886595,0.018556147245277405,0.018556147245277405,0.011374381089274133,0.02526326997816302,0.02783954661563523,0.02290042059307192
734,0.022413352983886595,0.018556147245277405,0.018556147245277405,0.0280410477559408,0.02526326997816302,0.01423410443876448,0.021929806740120527
754,0.022413352983886595,0.018556147245277405,0.018556147245277405,0.019707714422607468,0.022485492200385242,0.01423410443876448,0.02202080178883472
773,0.022413352983886595,0.018556147245277405,0.018556147245277405,0.0280410477559408,0.0280410477559408,0.017635464982982168,0.021565826545263754
780,0.022413352983886595,0.018556147245277405,0.018556147245277405,0.011374381089274133,0.01692993664482969,0.017635464982982168,0.022369616142239125
821,0.022413352983886595,0.018556147245277405,0.018556147245277405,0.019707714422607468,0.019707714422607468,0.021036825527199855,0.021914640898668163
914,0.022413352983886595,0.018556147245277405,0.018556147245277405,0.019707714422607468,0.014152158867051911,0.021036825527199855,0.02155066070381139
924,0.022413352983886595,0.018556147245277405,0.018556147245277405,0.0280410477559408,0.02526326997816302,0.017635464982982168,0.021535494862359023
952,0.022413352983886595,0.018556147245277405,0.018556147245277405,0.019707714422607468,0.022485492200385242,0.024438186071417543,0.021899475057215796
967,0.022413352983886595,0.018556147245277405,0.018556147245277405,0.0280410477559408,0.022485492200385242,0.010832743894546793,0.021535494862359023
977,0.022413352983886595,0.018556147245277405,0.018556147245277405,0.019707714422607468,0.019707714422607468,0.017635464982982168,0.02211179683754891
987,0.022413352983886595,0.018556147245277405,0.018556147245277405,0.019707714422607468,0.019707714422607468,0.024438186071417543,0.022248289410620202
008,0.022362816028738144,0.01792443530592175,0.01792443530592175,0.019707714422607468,0.019707714422607468,0.021036825527199855,0.022005635947382356
019,0.022362816028738144,0.01792443530592175,0.01792443530592175,0.019707714422607468,0.01692993664482969,0.01423410443876448,0.02215729436190601
082,0.022362816028738144,0.01792443530592175,0.01792443530592175,0.036374381089274134,0.02526326997816302,0.017635464982982168,0.02155066070381139
091,0.022362816028738144,0.01792443530592175,0.01792443530592175,0.019707714422607468,0.022485492200385242,0.01423410443876448,0.021505163179454292
134,0.022362816028738144,0.01792443530592175,0.01792443530592175,0.019707714422607468,0.01692993664482969,0.021036825527199855,0.021762982484144506
149,0.022362816028738144,0.01792443530592175,0.01792443530592175,0.011374381089274133,0.014152158867051911,0.01423410443876448,0.02239994782514386
204,0.022362816028738144,0.01792443530592175,0.01792443530592175,0.019707714422607468,0.02526326997816302,0.021036825527199855,0.021808480008501604
227,0.022362816028738144,0.01792443530592175,0.01792443530592175,0.011374381089274133,0.01692993664482969,0.01423410443876448,0.02239994782514386
271,0.022362816028738144,0.01792443530592175,0.01792443530592175,0.019707714422607468,0.022485492200385242,0.017635464982982168,0.022096630996096548
275,0.022362816028738144,0.01792443530592175,0.01792443530592175,0.019707714422607468,0.022485492200385242,0.024438186071417543,0.0218539775328587
343,0.022362816028738144,0.01792443530592175,0.01792443530592175,0.019707714422607468,0.01692993664482969,0.021036825527199855,0.022005635947382356
354,0.022362816028738144,0.01792443530592175,0.01792443530592175,0.0280410477559408,0.022485492200385242,0.01423410443876448,0.021565826545263754
373,0.022362816028738144,0.01792443530592175,0.01792443530592175,0.011374381089274133,0.022485492200385242,0.017635464982982168,0.022748762178548265
374,0.022362816028738144,0.01792443530592175,0.01792443530592175,0.011374381089274133,0.022485492200385242,0.017635464982982168,0.022779093861453
406,0.022362816028738144,0.01792443530592175,0.01792443530592175,0.0280410477559408,0.022485492200385242,0.017635464982982168,0.021808480008501604
436,0.022362816028738144,0.01792443530592175,0.01792443530592175,0.019707714422607468,0.019707714422607468,0.01423410443876448,0.022066299313191817
453,0.022362816028738144,0.01792443530592175,0.01792443530592175,0.0280410477559408,0.019707714422607468,0.017635464982982168,0.022005635947382356
624,0.022362816028738144,0.01792443530592175,0.01792443530592175,0.011374381089274133,0.014152158867051911,0.017635464982982168,0.023082410690500304
664,0.022362816028738144,0.01792443530592175,0.01792443530592175,0.019707714422607468,0.01692993664482969,0.01423410443876448,0.021914640898668163
667,0.022362816028738144,0.01792443530592175,0.01792443530592175,0.011374381089274133,0.011374381089274133,0.01423410443876448,0.02411368790926116
717,0.022362816028738144,0.01792443530592175,0.01792443530592175,0.011374381089274133,0.02526326997816302,0.024438186071417543,0.022748762178548265
784,0.022362816028738144,0.01792443530592175,0.01792443530592175,0.011374381089274133,0.0280410477559408,0.024438186071417543,0.022581937922572244
797,0.022362816028738144,0.01792443530592175,0.01792443530592175,0.011374381089274133,0.01692993664482969,0.024438186071417543,0.022824591385810094
856,0.022362816028738144,0.01792443530592175,0.01792443530592175,0.0280410477559408,0.01692993664482969,0.017635464982982168,0.02212696267900128
006,0.02231227907358969,0.017292723366566096,0.017292723366566096,0.019707714422607468,0.019707714422607468,0.01423410443876448,0.021656821593977946
029,0.02231227907358969,0.017292723366566096,0.017292723366566096,0.011374381089274133,0.01692993664482969,0.017635464982982168,0.02285492306871482
088,0.02231227907358969,0.017292723366566096,0.017292723366566096,0.019707714422607468,0.01692993664482969,0.024438186071417543,0.02168715327688268
411,0.02231227907358969,0.017292723366566096,0.017292723366566096,0.0280410477559408,0.02526326997816302,0.024438186071417543,0.02211179683754891
443,0.02231227907358969,0.017292723366566096,0.017292723366566096,0.019707714422607468,0.014152158867051911,0.02783954661563523,0.02221795772771547
451,0.02231227907358969,0.017292723366566096,0.017292723366566096,0.011374381089274133,0.014152158867051911,0.024438186071417543,0.023840702763118584
456,0.02231227907358969,0.017292723366566096,0.017292723366566096,0.019707714422607468,0.014152158867051911,0.01423410443876448,0.02182364584995397
474,0.02231227907358969,0.017292723366566096,0.017292723366566096,0.019707714422607468,0.014152158867051911,0.010832743894546793,0.021944972581572894
576,0.02231227907358969,0.017292723366566096,0.017292723366566096,0.011374381089274133,0.011374381089274133,0.017635464982982168,0.02411368790926116
628,0.02231227907358969,0.017292723366566096,0.017292723366566096,0.019707714422607468,0.019707714422607468,0.01423410443876448,0.02212696267900128
629,0.02231227907358969,0.017292723366566096,0.017292723366566096,0.019707714422607468,0.014152158867051911,0.02783954661563523,0.02168715327688268
684,0.02231227907358969,0.017292723366566096,0.017292723366566096,0.011374381089274133,0.019707714422607468,0.01423410443876448,0.02267293297128644
783,0.02231227907358969,0.017292723366566096,0.017292723366566096,0.011374381089274133,0.014152158867051911,0.017635464982982168,0.022384781983691492
802,0.02231227907358969,0.017292723366566096,0.017292723366566096,0.011374381089274133,0.014152158867051911,0.010832743894546793,0.022308952776429667
040,0.02226174211844124,0.016661011427210444,0.016661011427210444,0.019707714422607468,0.01692993664482969,0.017635464982982168,0.02155066070381139
085,0.02226174211844124,0.016661011427210444,0.016661011427210444,0.011374381089274133,0.01692993664482969,0.02783954661563523,0.022612269605476975
253,0.02226174211844124,0.016661011427210444,0.016661011427210444,0.011374381089274133,0.01692993664482969,0.021036825527199855,0.022415113666596223
259,0.02226174211844124,0.016661011427210444,0.016661011427210444,0.011374381089274133,0.01692993664482969,0.021036825527199855,0.022839757227262458
555,0.02226174211844124,0.016661011427210444,0.016661011427210444,0.011374381089274133,0.01692993664482969,0.01423410443876448,0.02246061119095332
596,0.02226174211844124,0.016661011427210444,0.016661011427210444,0.019707714422607468,0.01692993664482969,0.021036825527199855,0.021732650801239775
658,0.02226174211844124,0.016661011427210444,0.016661011427210444,0.011374381089274133,0.01692993664482969,0.01423410443876448,0.02347672256826181
730,0.02226174211844124,0.016661011427210444,0.016661011427210444,0.019707714422607468,0.022485492200385242,0.021036825527199855,0.02158099238671612
807,0.02226174211844124,0.016661011427210444,0.016661011427210444,0.019707714422607468,0.019707714422607468,0.01423410443876448,0.021611324069620852
808,0.02226174211844124,0.016661011427210444,0.016661011427210444,0.011374381089274133,0.01692993664482969,0.01423410443876448,0.023522220092618906
828,0.02226174211844124,0.016661011427210444,0.016661011427210444,0.011374381089274133,0.022485492200385242,0.010832743894546793,0.022915586434524286
870,0.02226174211844124,0.016661011427210444,0.016661011427210444,0.011374381089274133,0.019707714422607468,0.024438186071417543,0.02306724484904794
874,0.02226174211844124,0.016661011427210444,0.016661011427210444,0.0280410477559408,0.019707714422607468,0.017635464982982168,0.0214141681307401
893,0.02226174211844124,0.016661011427210444,0.016661011427210444,0.036374381089274134,0.019707714422607468,0.024438186071417543,0.021429333972192464
968,0.02226174211844124,0.016661011427210444,0.016661011427210444,0.019707714422607468,0.019707714422607468,0.01423410443876448,0.022035967630287086
017,0.022211205163292787,0.016029299487854788,0.016029299487854788,0.0280410477559408,0.022485492200385242,0.024438186071417543,0.0214141681307401
042,0.022211205163292787,0.016029299487854788,0.016029299487854788,0.0280410477559408,0.022485492200385242,0.017635464982982168,0.021626489911073216
090,0.022211205163292787,0.016029299487854788,0.016029299487854788,0.0280410477559408,0.022485492200385242,0.017635464982982168,0.021944972581572894
315,0.022211205163292787,0.016029299487854788,0.016029299487854788,0.011374381089274133,0.011374381089274133,0.017635464982982168,0.02411368790926116
400,0.022211205163292787,0.016029299487854788,0.016029299487854788,0.0280410477559408,0.01692993664482969,0.01423410443876448,0.021641655752525583
434,0.022211205163292787,0.016029299487854788,0.016029299487854788,0.036374381089274134,0.022485492200385242,0.01423410443876448,0.021671987435430314
795,0.022211205163292787,0.016029299487854788,0.016029299487854788,0.036374381089274134,0.022485492200385242,0.017635464982982168,0.021520329020906656
812,0.022211205163292787,0.016029299487854788,0.016029299487854788,0.0280410477559408,0.019707714422607468,0.017635464982982168,0.02171748495978741
929,0.022211205163292787,0.016029299487854788,0.016029299487854788,0.019707714422607468,0.01692993664482969,0.01423410443876448,0.021914640898668163
979,0.022211205163292787,0.016029299487854788,0.016029299487854788,0.019707714422607468,0.02526326997816302,0.010832743894546793,0.022248289410620202
026,0.022160668208144337,0.015397587548499136,0.015397587548499136,0.011374381089274133,0.011374381089274133,0.01423410443876448,0.02411368790926116
135,0.022160668208144337,0.015397587548499136,0.015397587548499136,0.011374381089274133,0.014152158867051911,0.017635464982982168,0.022415113666596223
178,0.022160668208144337,0.015397587548499136,0.015397587548499136,0.019707714422607468,0.014152158867051911,0.01423410443876448,0.022081465154644184
747,0.022110131252995883,0.014765875609143482,0.014765875609143482,0.011374381089274133,0.014152158867051911,0.017635464982982168,0.023218903263571594
