number,probability,raw_model_probability,long_rate,short_rate,recent_long_rate,weekday_rate,gap_signal
662,0.023444773191585493,0.03434894572916875,0.03434894572916875,0.0280410477559408,0.0280410477559408,0.027745175271175447,0.0218539775328587
053,0.023331065042501476,0.03245380991110179,0.03245380991110179,0.0280410477559408,0.022485492200385242,0.027745175271175447,0.021808480008501604
572,0.023331065042501476,0.03245380991110179,0.03245380991110179,0.019707714422607468,0.0280410477559408,0.020965514254226294,0.021838811691406335
369,0.02329316232614014,0.031822097971746136,0.031822097971746136,0.019707714422607468,0.02526326997816302,0.027745175271175447,0.022051133471739454
432,0.02329316232614014,0.031822097971746136,0.031822097971746136,0.044707714422607465,0.03359660331149635,0.027745175271175447,0.02155066070381139
526,0.02329316232614014,0.031822097971746136,0.031822097971746136,0.036374381089274134,0.030818825533718577,0.024355344762700872,0.021778148325596873
592,0.02329316232614014,0.031822097971746136,0.031822097971746136,0.036374381089274134,0.030818825533718577,0.024355344762700872,0.021656821593977946
080,0.023255259609778797,0.03119038603239048,0.03119038603239048,0.0530410477559408,0.04470771442260746,0.024355344762700872,0.0218539775328587
186,0.023255259609778797,0.03119038603239048,0.03119038603239048,0.019707714422607468,0.030818825533718577,0.037914666796599175,0.021429333972192464
294,0.023255259609778797,0.03119038603239048,0.03119038603239048,0.0280410477559408,0.03359660331149635,0.027745175271175447,0.02138383644783537
370,0.023255259609778797,0.03119038603239048,0.03119038603239048,0.0280410477559408,0.0280410477559408,0.024355344762700872,0.02138383644783537
697,0.023255259609778797,0.03119038603239048,0.03119038603239048,0.036374381089274134,0.030818825533718577,0.034524836288124604,0.021732650801239775
114,0.02321735689341746,0.030558674093034827,0.030558674093034827,0.019707714422607468,0.03915215886705191,0.04469432781354833,0.02168715327688268
599,0.02321735689341746,0.030558674093034827,0.030558674093034827,0.036374381089274134,0.0280410477559408,0.031135005779650025,0.021626489911073216
645,0.02321735689341746,0.030558674093034827,0.030558674093034827,0.0280410477559408,0.030818825533718577,0.031135005779650025,0.021929806740120527
867,0.02321735689341746,0.030558674093034827,0.030558674093034827,0.019707714422607468,0.02526326997816302,0.04469432781354833,0.021793314167049237
983,0.02321735689341746,0.030558674093034827,0.030558674093034827,0.019707714422607468,0.030818825533718577,0.014185853237277142,0.022081465154644184
119,0.02317945417705612,0.02992696215367917,0.02992696215367917,0.0280410477559408,0.02526326997816302,0.037914666796599175,0.02168715327688268
179,0.02317945417705612,0.02992696215367917,0.02992696215367917,0.019707714422607468,0.030818825533718577,0.027745175271175447,0.021778148325596873
213,0.02317945417705612,0.02992696215367917,0.02992696215367917,0.019707714422607468,0.022485492200385242,0.034524836288124604,0.022005635947382356
653,0.02317945417705612,0.02992696215367917,0.02992696215367917,0.011374381089274133,0.0280410477559408,0.031135005779650025,0.02256677208111988
875,0.02317945417705612,0.02992696215367917,0.02992696215367917,0.036374381089274134,0.030818825533718577,0.031135005779650025,0.02158099238671612
878,0.02317945417705612,0.02992696215367917,0.02992696215367917,0.019707714422607468,0.019707714422607468,0.027745175271175447,0.021869143374311065
964,0.02317945417705612,0.02992696215367917,0.02992696215367917,0.036374381089274134,0.03359660331149635,0.034524836288124604,0.02182364584995397
052,0.02314155146069478,0.02929525021432352,0.02929525021432352,0.0280410477559408,0.0280410477559408,0.01757568374575172,0.02144449981364483
079,0.02314155146069478,0.02929525021432352,0.02929525021432352,0.011374381089274133,0.01692993664482969,0.034524836288124604,0.022339284459334394
243,0.02314155146069478,0.02929525021432352,0.02929525021432352,0.019707714422607468,0.02526326997816302,0.037914666796599175,0.021808480008501604
473,0.02314155146069478,0.02929525021432352,0.02929525021432352,0.0280410477559408,0.03359660331149635,0.024355344762700872,0.021459665655097198
484,0.02314155146069478,0.02929525021432352,0.02929525021432352,0.011374381089274133,0.019707714422607468,0.024355344762700872,0.02235445030078676
612,0.02314155146069478,0.02929525021432352,0.02929525021432352,0.0280410477559408,0.030818825533718577,0.04469432781354833,0.021459665655097198
676,0.02314155146069478,0.02929525021432352,0.02929525021432352,0.036374381089274134,0.03359660331149635,0.027745175271175447,0.021899475057215796
691,0.02314155146069478,0.02929525021432352,0.02929525021432352,0.0280410477559408,0.036374381089274134,0.031135005779650025,0.021399002289287733
811,0.02314155146069478,0.02929525021432352,0.02929525021432352,0.036374381089274134,0.0280410477559408,0.027745175271175447,0.02188430921576343
848,0.02314155146069478,0.02929525021432352,0.02929525021432352,0.036374381089274134,0.0280410477559408,0.027745175271175447,0.021565826545263754
000,0.02310364874433344,0.028663538274967867,0.028663538274967867,0.0280410477559408,0.03359660331149635,0.027745175271175447,0.02144449981364483
013,0.02310364874433344,0.028663538274967867,0.028663538274967867,0.0280410477559408,0.030818825533718577,0.034524836288124604,0.021626489911073216
057,0.02310364874433344,0.028663538274967867,0.028663538274967867,0.0280410477559408,0.030818825533718577,0.041304497305073753,0.02158099238671612
073,0.02310364874433344,0.028663538274967867,0.028663538274967867,0.0280410477559408,0.0280410477559408,0.027745175271175447,0.021975304264477625
267,0.02310364874433344,0.028663538274967867,0.028663538274967867,0.011374381089274133,0.022485492200385242,0.024355344762700872,0.023082410690500304
326,0.02310364874433344,0.028663538274967867,0.028663538274967867,0.044707714422607465,0.0280410477559408,0.024355344762700872,0.021611324069620852
356,0.02310364874433344,0.028663538274967867,0.028663538274967867,0.019707714422607468,0.022485492200385242,0.024355344762700872,0.021914640898668163
492,0.02310364874433344,0.028663538274967867,0.028663538274967867,0.036374381089274134,0.03359660331149635,0.027745175271175447,0.021399002289287733
522,0.02310364874433344,0.028663538274967867,0.028663538274967867,0.036374381089274134,0.030818825533718577,0.027745175271175447,0.021656821593977946
547,0.02310364874433344,0.028663538274967867,0.028663538274967867,0.036374381089274134,0.03359660331149635,0.027745175271175447,0.021656821593977946
619,0.02310364874433344,0.028663538274967867,0.028663538274967867,0.019707714422607468,0.030818825533718577,0.0480841583220229,0.02148999733800193
661,0.02310364874433344,0.028663538274967867,0.028663538274967867,0.036374381089274134,0.02526326997816302,0.020965514254226294,0.021899475057215796
774,0.02310364874433344,0.028663538274967867,0.028663538274967867,0.019707714422607468,0.03359660331149635,0.024355344762700872,0.021565826545263754
906,0.02310364874433344,0.028663538274967867,0.028663538274967867,0.036374381089274134,0.036374381089274134,0.027745175271175447,0.02138383644783537
957,0.02310364874433344,0.028663538274967867,0.028663538274967867,0.044707714422607465,0.036374381089274134,0.031135005779650025,0.021611324069620852
981,0.02310364874433344,0.028663538274967867,0.028663538274967867,0.044707714422607465,0.030818825533718577,0.01757568374575172,0.02171748495978741
124,0.023065746027972102,0.02803182633561221,0.02803182633561221,0.019707714422607468,0.01692993664482969,0.024355344762700872,0.02158099238671612
151,0.023065746027972102,0.02803182633561221,0.02803182633561221,0.019707714422607468,0.019707714422607468,0.031135005779650025,0.02138383644783537
194,0.023065746027972102,0.02803182633561221,0.02803182633561221,0.019707714422607468,0.022485492200385242,0.024355344762700872,0.02215729436190601
409,0.023065746027972102,0.02803182633561221,0.02803182633561221,0.036374381089274134,0.03359660331149635,0.01757568374575172,0.021611324069620852
422,0.023065746027972102,0.02803182633561221,0.02803182633561221,0.019707714422607468,0.01692993664482969,0.031135005779650025,0.021838811691406335
532,0.023065746027972102,0.02803182633561221,0.02803182633561221,0.019707714422607468,0.030818825533718577,0.024355344762700872,0.022035967630287086
620,0.023065746027972102,0.02803182633561221,0.02803182633561221,0.0280410477559408,0.019707714422607468,0.024355344762700872,0.021459665655097198
724,0.023065746027972102,0.02803182633561221,0.02803182633561221,0.0280410477559408,0.030818825533718577,0.027745175271175447,0.02211179683754891
749,0.023065746027972102,0.02803182633561221,0.02803182633561221,0.0280410477559408,0.022485492200385242,0.020965514254226294,0.021914640898668163
836,0.023065746027972102,0.02803182633561221,0.02803182633561221,0.019707714422607468,0.03359660331149635,0.027745175271175447,0.022172460203358377
854,0.023065746027972102,0.02803182633561221,0.02803182633561221,0.011374381089274133,0.02526326997816302,0.01757568374575172,0.022339284459334394
978,0.023065746027972102,0.02803182633561221,0.02803182633561221,0.011374381089274133,0.022485492200385242,0.01757568374575172,0.02243027950804859
059,0.023027843311610764,0.02740011439625656,0.02740011439625656,0.0280410477559408,0.0280410477559408,0.024355344762700872,0.021914640898668163
081,0.023027843311610764,0.02740011439625656,0.02740011439625656,0.0280410477559408,0.030818825533718577,0.010796022728802566,0.02196013842302526
092,0.023027843311610764,0.02740011439625656,0.02740011439625656,0.011374381089274133,0.0280410477559408,0.024355344762700872,0.02293075227597665
102,0.023027843311610764,0.02740011439625656,0.02740011439625656,0.019707714422607468,0.02526326997816302,0.027745175271175447,0.02138383644783537
112,0.023027843311610764,0.02740011439625656,0.02740011439625656,0.019707714422607468,0.01692993664482969,0.031135005779650025,0.0218539775328587
115,0.023027843311610764,0.02740011439625656,0.02740011439625656,0.036374381089274134,0.030818825533718577,0.037914666796599175,0.02144449981364483
132,0.023027843311610764,0.02740011439625656,0.02740011439625656,0.0530410477559408,0.03359660331149635,0.024355344762700872,0.02147483149654956
206,0.023027843311610764,0.02740011439625656,0.02740011439625656,0.0280410477559408,0.02526326997816302,0.020965514254226294,0.02138383644783537
244,0.023027843311610764,0.02740011439625656,0.02740011439625656,0.019707714422607468,0.022485492200385242,0.01757568374575172,0.021565826545263754
344,0.023027843311610764,0.02740011439625656,0.02740011439625656,0.044707714422607465,0.02526326997816302,0.020965514254226294,0.02144449981364483
358,0.023027843311610764,0.02740011439625656,0.02740011439625656,0.019707714422607468,0.019707714422607468,0.031135005779650025,0.02199047010592999
362,0.023027843311610764,0.02740011439625656,0.02740011439625656,0.011374381089274133,0.01692993664482969,0.027745175271175447,0.022657767129834073
363,0.023027843311610764,0.02740011439625656,0.02740011439625656,0.019707714422607468,0.022485492200385242,0.031135005779650025,0.02211179683754891
395,0.023027843311610764,0.02740011439625656,0.02740011439625656,0.0280410477559408,0.0280410477559408,0.031135005779650025,0.021399002289287733
419,0.023027843311610764,0.02740011439625656,0.02740011439625656,0.019707714422607468,0.01692993664482969,0.031135005779650025,0.02148999733800193
475,0.023027843311610764,0.02740011439625656,0.02740011439625656,0.011374381089274133,0.01692993664482969,0.027745175271175447,0.022642601288381706
491,0.023027843311610764,0.02740011439625656,0.02740011439625656,0.011374381089274133,0.02526326997816302,0.031135005779650025,0.022870088910167192
525,0.023027843311610764,0.02740011439625656,0.02740011439625656,0.0280410477559408,0.022485492200385242,0.027745175271175447,0.022142128520453646
573,0.023027843311610764,0.02740011439625656,0.02740011439625656,0.019707714422607468,0.01692993664482969,0.024355344762700872,0.021778148325596873
606,0.023027843311610764,0.02740011439625656,0.02740011439625656,0.0280410477559408,0.03915215886705191,0.031135005779650025,0.021505163179454292
633,0.023027843311610764,0.02740011439625656,0.02740011439625656,0.044707714422607465,0.030818825533718577,0.031135005779650025,0.02147483149654956
871,0.023027843311610764,0.02740011439625656,0.02740011439625656,0.019707714422607468,0.019707714422607468,0.024355344762700872,0.021762982484144506
932,0.023027843311610764,0.02740011439625656,0.02740011439625656,0.0280410477559408,0.022485492200385242,0.014185853237277142,0.021944972581572894
975,0.023027843311610764,0.02740011439625656,0.02740011439625656,0.019707714422607468,0.022485492200385242,0.024355344762700872,0.02182364584995397
032,0.022989940595249423,0.026768402456900903,0.026768402456900903,0.0280410477559408,0.02526326997816302,0.024355344762700872,0.02159615822816849
035,0.022989940595249423,0.026768402456900903,0.026768402456900903,0.0280410477559408,0.0280410477559408,0.020965514254226294,0.021747816642692142
127,0.022989940595249423,0.026768402456900903,0.026768402456900903,0.019707714422607468,0.019707714422607468,0.027745175271175447,0.02211179683754891
138,0.022989940595249423,0.026768402456900903,0.026768402456900903,0.019707714422607468,0.02526326997816302,0.01757568374575172,0.021914640898668163
169,0.022989940595249423,0.026768402456900903,0.026768402456900903,0.044707714422607465,0.03359660331149635,0.027745175271175447,0.021429333972192464
189,0.022989940595249423,0.026768402456900903,0.026768402456900903,0.036374381089274134,0.030818825533718577,0.027745175271175447,0.021747816642692142
221,0.022989940595249423,0.026768402456900903,0.026768402456900903,0.019707714422607468,0.022485492200385242,0.024355344762700872,0.022202791886263108
224,0.022989940595249423,0.026768402456900903,0.026768402456900903,0.019707714422607468,0.02526326997816302,0.027745175271175447,0.021929806740120527
254,0.022989940595249423,0.026768402456900903,0.026768402456900903,0.019707714422607468,0.0280410477559408,0.024355344762700872,0.02155066070381139
296,0.022989940595249423,0.026768402456900903,0.026768402456900903,0.011374381089274133,0.022485492200385242,0.020965514254226294,0.02243027950804859
336,0.022989940595249423,0.026768402456900903,0.026768402456900903,0.019707714422607468,0.019707714422607468,0.027745175271175447,0.021808480008501604
341,0.022989940595249423,0.026768402456900903,0.026768402456900903,0.019707714422607468,0.02526326997816302,0.027745175271175447,0.02147483149654956
394,0.022989940595249423,0.026768402456900903,0.026768402456900903,0.036374381089274134,0.030818825533718577,0.034524836288124604,0.021793314167049237
481,0.022989940595249423,0.026768402456900903,0.026768402456900903,0.0280410477559408,0.0280410477559408,0.027745175271175447,0.02148999733800193
523,0.022989940595249423,0.026768402456900903,0.026768402456900903,0.019707714422607468,0.02526326997816302,0.027745175271175447,0.022035967630287086
549,0.022989940595249423,0.026768402456900903,0.026768402456900903,0.011374381089274133,0.01692993664482969,0.037914666796599175,0.022597103764024608
556,0.022989940595249423,0.026768402456900903,0.026768402456900903,0.0280410477559408,0.036374381089274134,0.024355344762700872,0.02221795772771547
561,0.022989940595249423,0.026768402456900903,0.026768402456900903,0.0280410477559408,0.0280410477559408,0.024355344762700872,0.02147483149654956
634,0.022989940595249423,0.026768402456900903,0.026768402456900903,0.044707714422607465,0.0280410477559408,0.020965514254226294,0.021565826545263754
647,0.022989940595249423,0.026768402456900903,0.026768402456900903,0.0280410477559408,0.022485492200385242,0.034524836288124604,0.02211179683754891
715,0.022989940595249423,0.026768402456900903,0.026768402456900903,0.0280410477559408,0.030818825533718577,0.037914666796599175,0.021747816642692142
742,0.022989940595249423,0.026768402456900903,0.026768402456900903,0.036374381089274134,0.02526326997816302,0.024355344762700872,0.02168715327688268
813,0.022989940595249423,0.026768402456900903,0.026768402456900903,0.019707714422607468,0.019707714422607468,0.037914666796599175,0.022051133471739454
847,0.022989940595249423,0.026768402456900903,0.026768402456900903,0.0280410477559408,0.022485492200385242,0.027745175271175447,0.02148999733800193
879,0.022989940595249423,0.026768402456900903,0.026768402456900903,0.0280410477559408,0.0280410477559408,0.027745175271175447,0.02158099238671612
898,0.022989940595249423,0.026768402456900903,0.026768402456900903,0.011374381089274133,0.019707714422607468,0.024355344762700872,0.023507054251166542
902,0.022989940595249423,0.026768402456900903,0.026768402456900903,0.0280410477559408,0.019707714422607468,0.010796022728802566,0.021429333972192464
910,0.022989940595249423,0.026768402456900903,0.026768402456900903,0.019707714422607468,0.019707714422607468,0.020965514254226294,0.021732650801239775
916,0.022989940595249423,0.026768402456900903,0.026768402456900903,0.011374381089274133,0.019707714422607468,0.024355344762700872,0.022415113666596223
960,0.022989940595249423,0.026768402456900903,0.026768402456900903,0.0280410477559408,0.022485492200385242,0.037914666796599175,0.021611324069620852
021,0.022952037878888085,0.02613669051754525,0.02613669051754525,0.044707714422607465,0.0280410477559408,0.034524836288124604,0.02168715327688268
031,0.022952037878888085,0.02613669051754525,0.02613669051754525,0.036374381089274134,0.0280410477559408,0.014185853237277142,0.021702319118335044
063,0.022952037878888085,0.02613669051754525,0.02613669051754525,0.0280410477559408,0.030818825533718577,0.020965514254226294,0.021732650801239775
111,0.022952037878888085,0.02613669051754525,0.02613669051754525,0.0280410477559408,0.022485492200385242,0.024355344762700872,0.022142128520453646
131,0.022952037878888085,0.02613669051754525,0.02613669051754525,0.036374381089274134,0.0280410477559408,0.027745175271175447,0.021762982484144506
139,0.022952037878888085,0.02613669051754525,0.02613669051754525,0.019707714422607468,0.01692993664482969,0.014185853237277142,0.02144449981364483
147,0.022952037878888085,0.02613669051754525,0.02613669051754525,0.019707714422607468,0.02526326997816302,0.01757568374575172,0.021702319118335044
158,0.022952037878888085,0.02613669051754525,0.02613669051754525,0.011374381089274133,0.01692993664482969,0.037914666796599175,0.022415113666596223
166,0.022952037878888085,0.02613669051754525,0.02613669051754525,0.019707714422607468,0.019707714422607468,0.01757568374575172,0.02226345525207257
191,0.022952037878888085,0.02613669051754525,0.02613669051754525,0.019707714422607468,0.0280410477559408,0.024355344762700872,0.022172460203358377
200,0.022952037878888085,0.02613669051754525,0.02613669051754525,0.0530410477559408,0.0280410477559408,0.027745175271175447,0.021611324069620852
208,0.022952037878888085,0.02613669051754525,0.02613669051754525,0.0280410477559408,0.030818825533718577,0.031135005779650025,0.021399002289287733
217,0.022952037878888085,0.02613669051754525,0.02613669051754525,0.044707714422607465,0.030818825533718577,0.014185853237277142,0.021565826545263754
239,0.022952037878888085,0.02613669051754525,0.02613669051754525,0.0280410477559408,0.02526326997816302,0.024355344762700872,0.021641655752525583
250,0.022952037878888085,0.02613669051754525,0.02613669051754525,0.0280410477559408,0.03915215886705191,0.031135005779650025,0.021914640898668163
274,0.022952037878888085,0.02613669051754525,0.02613669051754525,0.011374381089274133,0.014152158867051911,0.020965514254226294,0.022490942873858052
292,0.022952037878888085,0.02613669051754525,0.02613669051754525,0.011374381089274133,0.022485492200385242,0.024355344762700872,0.022581937922572244
313,0.022952037878888085,0.02613669051754525,0.02613669051754525,0.036374381089274134,0.03359660331149635,0.037914666796599175,0.021656821593977946
318,0.022952037878888085,0.02613669051754525,0.02613669051754525,0.036374381089274134,0.022485492200385242,0.020965514254226294,0.021535494862359023
349,0.022952037878888085,0.02613669051754525,0.02613669051754525,0.036374381089274134,0.02526326997816302,0.024355344762700872,0.021399002289287733
390,0.022952037878888085,0.02613669051754525,0.02613669051754525,0.0280410477559408,0.019707714422607468,0.031135005779650025,0.021399002289287733
391,0.022952037878888085,0.02613669051754525,0.02613669051754525,0.019707714422607468,0.0280410477559408,0.020965514254226294,0.022035967630287086
396,0.022952037878888085,0.02613669051754525,0.02613669051754525,0.011374381089274133,0.01692993664482969,0.031135005779650025,0.022779093861453
485,0.022952037878888085,0.02613669051754525,0.02613669051754525,0.036374381089274134,0.03359660331149635,0.034524836288124604,0.0214141681307401
509,0.022952037878888085,0.02613669051754525,0.02613669051754525,0.036374381089274134,0.030818825533718577,0.024355344762700872,0.021671987435430314
543,0.022952037878888085,0.02613669051754525,0.02613669051754525,0.011374381089274133,0.01692993664482969,0.024355344762700872,0.022839757227262458
609,0.022952037878888085,0.02613669051754525,0.02613669051754525,0.019707714422607468,0.022485492200385242,0.020965514254226294,0.02138383644783537
625,0.022952037878888085,0.02613669051754525,0.02613669051754525,0.011374381089274133,0.022485492200385242,0.01757568374575172,0.022809425544357727
651,0.022952037878888085,0.02613669051754525,0.02613669051754525,0.044707714422607465,0.03359660331149635,0.024355344762700872,0.021429333972192464
665,0.022952037878888085,0.02613669051754525,0.02613669051754525,0.019707714422607468,0.02526326997816302,0.020965514254226294,0.021944972581572894
666,0.022952037878888085,0.02613669051754525,0.02613669051754525,0.019707714422607468,0.030818825533718577,0.020965514254226294,0.021565826545263754
669,0.022952037878888085,0.02613669051754525,0.02613669051754525,0.019707714422607468,0.0280410477559408,0.020965514254226294,0.021869143374311065
720,0.022952037878888085,0.02613669051754525,0.02613669051754525,0.044707714422607465,0.03359660331149635,0.027745175271175447,0.02212696267900128
727,0.022952037878888085,0.02613669051754525,0.02613669051754525,0.011374381089274133,0.0280410477559408,0.031135005779650025,0.02235445030078676
729,0.022952037878888085,0.02613669051754525,0.02613669051754525,0.0280410477559408,0.0280410477559408,0.01757568374575172,0.021869143374311065
745,0.022952037878888085,0.02613669051754525,0.02613669051754525,0.0280410477559408,0.019707714422607468,0.020965514254226294,0.021520329020906656
761,0.022952037878888085,0.02613669051754525,0.02613669051754525,0.036374381089274134,0.022485492200385242,0.031135005779650025,0.02202080178883472
794,0.022952037878888085,0.02613669051754525,0.02613669051754525,0.0280410477559408,0.022485492200385242,0.024355344762700872,0.02159615822816849
799,0.022952037878888085,0.02613669051754525,0.02613669051754525,0.0280410477559408,0.02526326997816302,0.010796022728802566,0.02138383644783537
814,0.022952037878888085,0.02613669051754525,0.02613669051754525,0.019707714422607468,0.019707714422607468,0.031135005779650025,0.021429333972192464
829,0.022952037878888085,0.02613669051754525,0.02613669051754525,0.011374381089274133,0.01692993664482969,0.024355344762700872,0.023264400787928692
851,0.022952037878888085,0.02613669051754525,0.02613669051754525,0.036374381089274134,0.036374381089274134,0.027745175271175447,0.02168715327688268
889,0.022952037878888085,0.02613669051754525,0.02613669051754525,0.019707714422607468,0.02526326997816302,0.020965514254226294,0.02171748495978741
903,0.022952037878888085,0.02613669051754525,0.02613669051754525,0.044707714422607465,0.0280410477559408,0.027745175271175447,0.021520329020906656
937,0.022952037878888085,0.02613669051754525,0.02613669051754525,0.019707714422607468,0.019707714422607468,0.031135005779650025,0.021778148325596873
990,0.022952037878888085,0.02613669051754525,0.02613669051754525,0.019707714422607468,0.01692993664482969,0.024355344762700872,0.021762982484144506
003,0.022914135162526744,0.025504978578189598,0.025504978578189598,0.0280410477559408,0.022485492200385242,0.034524836288124604,0.02182364584995397
022,0.022914135162526744,0.025504978578189598,0.025504978578189598,0.0280410477559408,0.0280410477559408,0.020965514254226294,0.021626489911073216
046,0.022914135162526744,0.025504978578189598,0.025504978578189598,0.019707714422607468,0.0280410477559408,0.034524836288124604,0.021626489911073216
049,0.022914135162526744,0.025504978578189598,0.025504978578189598,0.011374381089274133,0.014152158867051911,0.031135005779650025,0.023628380982785465
097,0.022914135162526744,0.025504978578189598,0.025504978578189598,0.019707714422607468,0.03359660331149635,0.020965514254226294,0.021702319118335044
098,0.022914135162526744,0.025504978578189598,0.025504978578189598,0.019707714422607468,0.0280410477559408,0.024355344762700872,0.0214141681307401
121,0.022914135162526744,0.025504978578189598,0.025504978578189598,0.0280410477559408,0.019707714422607468,0.027745175271175447,0.021505163179454292
133,0.022914135162526744,0.025504978578189598,0.025504978578189598,0.019707714422607468,0.019707714422607468,0.027745175271175447,0.022096630996096548
168,0.022914135162526744,0.025504978578189598,0.025504978578189598,0.019707714422607468,0.02526326997816302,0.027745175271175447,0.021914640898668163
196,0.022914135162526744,0.025504978578189598,0.025504978578189598,0.036374381089274134,0.030818825533718577,0.020965514254226294,0.021505163179454292
225,0.022914135162526744,0.025504978578189598,0.025504978578189598,0.0280410477559408,0.022485492200385242,0.024355344762700872,0.0214141681307401
246,0.022914135162526744,0.025504978578189598,0.025504978578189598,0.019707714422607468,0.030818825533718577,0.034524836288124604,0.021565826545263754
277,0.022914135162526744,0.025504978578189598,0.025504978578189598,0.0280410477559408,0.0280410477559408,0.020965514254226294,0.02158099238671612
289,0.022914135162526744,0.025504978578189598,0.025504978578189598,0.011374381089274133,0.014152158867051911,0.020965514254226294,0.023567717616976003
302,0.022914135162526744,0.025504978578189598,0.025504978578189598,0.0280410477559408,0.019707714422607468,0.014185853237277142,0.0214141681307401
314,0.022914135162526744,0.025504978578189598,0.025504978578189598,0.036374381089274134,0.0280410477559408,0.020965514254226294,0.02155066070381139
389,0.022914135162526744,0.025504978578189598,0.025504978578189598,0.019707714422607468,0.022485492200385242,0.037914666796599175,0.021429333972192464
398,0.022914135162526744,0.025504978578189598,0.025504978578189598,0.019707714422607468,0.030818825533718577,0.014185853237277142,0.02226345525207257
417,0.022914135162526744,0.025504978578189598,0.025504978578189598,0.036374381089274134,0.030818825533718577,0.031135005779650025,0.021929806740120527
427,0.022914135162526744,0.025504978578189598,0.025504978578189598,0.0280410477559408,0.022485492200385242,0.031135005779650025,0.02171748495978741
435,0.022914135162526744,0.025504978578189598,0.025504978578189598,0.0280410477559408,0.02526326997816302,0.01757568374575172,0.021520329020906656
447,0.022914135162526744,0.025504978578189598,0.025504978578189598,0.011374381089274133,0.02526326997816302,0.024355344762700872,0.02235445030078676
450,0.022914135162526744,0.025504978578189598,0.025504978578189598,0.019707714422607468,0.019707714422607468,0.020965514254226294,0.021869143374311065
482,0.022914135162526744,0.025504978578189598,0.025504978578189598,0.011374381089274133,0.014152158867051911,0.024355344762700872,0.022657767129834073
559,0.022914135162526744,0.025504978578189598,0.025504978578189598,0.011374381089274133,0.019707714422607468,0.014185853237277142,0.022551606239667513
565,0.022914135162526744,0.025504978578189598,0.025504978578189598,0.0280410477559408,0.022485492200385242,0.037914666796599175,0.02168715327688268
568,0.022914135162526744,0.025504978578189598,0.025504978578189598,0.019707714422607468,0.0280410477559408,0.027745175271175447,0.022005635947382356
586,0.022914135162526744,0.025504978578189598,0.025504978578189598,0.019707714422607468,0.022485492200385242,0.024355344762700872,0.02223312356916784
595,0.022914135162526744,0.025504978578189598,0.025504978578189598,0.036374381089274134,0.030818825533718577,0.014185853237277142,0.02171748495978741
603,0.022914135162526744,0.025504978578189598,0.025504978578189598,0.0280410477559408,0.022485492200385242,0.031135005779650025,0.021762982484144506
618,0.022914135162526744,0.025504978578189598,0.025504978578189598,0.0280410477559408,0.02526326997816302,0.027745175271175447,0.02221795772771547
636,0.022914135162526744,0.025504978578189598,0.025504978578189598,0.0280410477559408,0.02526326997816302,0.031135005779650025,0.021808480008501604
679,0.022914135162526744,0.025504978578189598,0.025504978578189598,0.0280410477559408,0.022485492200385242,0.024355344762700872,0.02147483149654956
686,0.022914135162526744,0.025504978578189598,0.025504978578189598,0.019707714422607468,0.02526326997816302,0.010796022728802566,0.022066299313191817
688,0.022914135162526744,0.025504978578189598,0.025504978578189598,0.0280410477559408,0.0280410477559408,0.024355344762700872,0.022051133471739454
704,0.022914135162526744,0.025504978578189598,0.025504978578189598,0.044707714422607465,0.0280410477559408,0.031135005779650025,0.021505163179454292
710,0.022914135162526744,0.025504978578189598,0.025504978578189598,0.011374381089274133,0.022485492200385242,0.020965514254226294,0.0222937869349773
718,0.022914135162526744,0.025504978578189598,0.025504978578189598,0.036374381089274134,0.030818825533718577,0.020965514254226294,0.021459665655097198
740,0.022914135162526744,0.025504978578189598,0.025504978578189598,0.0280410477559408,0.030818825533718577,0.024355344762700872,0.021747816642692142
752,0.022914135162526744,0.025504978578189598,0.025504978578189598,0.0280410477559408,0.030818825533718577,0.027745175271175447,0.021399002289287733
764,0.022914135162526744,0.025504978578189598,0.025504978578189598,0.0280410477559408,0.03359660331149635,0.01757568374575172,0.021565826545263754
791,0.022914135162526744,0.025504978578189598,0.025504978578189598,0.0280410477559408,0.02526326997816302,0.031135005779650025,0.021793314167049237
841,0.022914135162526744,0.025504978578189598,0.025504978578189598,0.0280410477559408,0.019707714422607468,0.01757568374575172,0.021459665655097198
844,0.022914135162526744,0.025504978578189598,0.025504978578189598,0.011374381089274133,0.022485492200385242,0.027745175271175447,0.022581937922572244
853,0.022914135162526744,0.025504978578189598,0.025504978578189598,0.044707714422607465,0.0280410477559408,0.024355344762700872,0.02159615822816849
869,0.022914135162526744,0.025504978578189598,0.025504978578189598,0.019707714422607468,0.02526326997816302,0.037914666796599175,0.02226345525207257
913,0.022914135162526744,0.025504978578189598,0.025504978578189598,0.0280410477559408,0.030818825533718577,0.031135005779650025,0.02138383644783537
917,0.022914135162526744,0.025504978578189598,0.025504978578189598,0.0280410477559408,0.03359660331149635,0.031135005779650025,0.02147483149654956
936,0.022914135162526744,0.025504978578189598,0.025504978578189598,0.019707714422607468,0.022485492200385242,0.020965514254226294,0.022172460203358377
938,0.022914135162526744,0.025504978578189598,0.025504978578189598,0.036374381089274134,0.030818825533718577,0.027745175271175447,0.02138383644783537
946,0.022914135162526744,0.025504978578189598,0.025504978578189598,0.0280410477559408,0.022485492200385242,0.024355344762700872,0.02148999733800193
959,0.022914135162526744,0.025504978578189598,0.025504978578189598,0.036374381089274134,0.03359660331149635,0.014185853237277142,0.02155066070381139
966,0.022914135162526744,0.025504978578189598,0.025504978578189598,0.0280410477559408,0.01692993664482969,0.01757568374575172,0.021429333972192464
014,0.022876232446165407,0.024873266638833942,0.024873266638833942,0.019707714422607468,0.022485492200385242,0.031135005779650025,0.022081465154644184
028,0.022876232446165407,0.024873266638833942,0.024873266638833942,0.036374381089274134,0.022485492200385242,0.020965514254226294,0.021762982484144506
075,0.022876232446165407,0.024873266638833942,0.024873266638833942,0.0280410477559408,0.0280410477559408,0.01757568374575172,0.02138383644783537
087,0.022876232446165407,0.024873266638833942,0.024873266638833942,0.019707714422607468,0.022485492200385242,0.020965514254226294,0.021747816642692142
125,0.022876232446165407,0.024873266638833942,0.024873266638833942,0.019707714422607468,0.0280410477559408,0.01757568374575172,0.022278621093524936
159,0.022876232446165407,0.024873266638833942,0.024873266638833942,0.019707714422607468,0.019707714422607468,0.027745175271175447,0.02158099238671612
174,0.022876232446165407,0.024873266638833942,0.024873266638833942,0.011374381089274133,0.02526326997816302,0.020965514254226294,0.022506108715310415
215,0.022876232446165407,0.024873266638833942,0.024873266638833942,0.011374381089274133,0.01692993664482969,0.020965514254226294,0.02276392802000063
264,0.022876232446165407,0.024873266638833942,0.024873266638833942,0.036374381089274134,0.022485492200385242,0.020965514254226294,0.021626489911073216
297,0.022876232446165407,0.024873266638833942,0.024873266638833942,0.019707714422607468,0.01692993664482969,0.024355344762700872,0.0214141681307401
299,0.022876232446165407,0.024873266638833942,0.024873266638833942,0.0530410477559408,0.030818825533718577,0.014185853237277142,0.021778148325596873
300,0.022876232446165407,0.024873266638833942,0.024873266638833942,0.036374381089274134,0.02526326997816302,0.027745175271175447,0.02155066070381139
310,0.022876232446165407,0.024873266638833942,0.024873266638833942,0.0280410477559408,0.019707714422607468,0.020965514254226294,0.022202791886263108
312,0.022876232446165407,0.024873266638833942,0.024873266638833942,0.011374381089274133,0.019707714422607468,0.020965514254226294,0.023052079007595577
322,0.022876232446165407,0.024873266638833942,0.024873266638833942,0.0530410477559408,0.0280410477559408,0.020965514254226294,0.02144449981364483
339,0.022876232446165407,0.024873266638833942,0.024873266638833942,0.036374381089274134,0.02526326997816302,0.024355344762700872,0.021641655752525583
365,0.022876232446165407,0.024873266638833942,0.024873266638833942,0.0280410477559408,0.02526326997816302,0.041304497305073753,0.02147483149654956
368,0.022876232446165407,0.024873266638833942,0.024873266638833942,0.019707714422607468,0.0280410477559408,0.024355344762700872,0.02147483149654956
379,0.022876232446165407,0.024873266638833942,0.024873266638833942,0.0280410477559408,0.02526326997816302,0.024355344762700872,0.021565826545263754
442,0.022876232446165407,0.024873266638833942,0.024873266638833942,0.019707714422607468,0.030818825533718577,0.024355344762700872,0.022202791886263108
460,0.022876232446165407,0.024873266638833942,0.024873266638833942,0.0280410477559408,0.0280410477559408,0.020965514254226294,0.021747816642692142
461,0.022876232446165407,0.024873266638833942,0.024873266638833942,0.011374381089274133,0.022485492200385242,0.034524836288124604,0.02253644039821515
517,0.022876232446165407,0.024873266638833942,0.024873266638833942,0.0280410477559408,0.02526326997816302,0.014185853237277142,0.021975304264477625
557,0.022876232446165407,0.024873266638833942,0.024873266638833942,0.044707714422607465,0.02526326997816302,0.01757568374575172,0.02138383644783537
569,0.022876232446165407,0.024873266638833942,0.024873266638833942,0.0280410477559408,0.030818825533718577,0.027745175271175447,0.021505163179454292
582,0.022876232446165407,0.024873266638833942,0.024873266638833942,0.011374381089274133,0.0280410477559408,0.024355344762700872,0.02246061119095332
594,0.022876232446165407,0.024873266638833942,0.024873266638833942,0.0280410477559408,0.019707714422607468,0.031135005779650025,0.02188430921576343
601,0.022876232446165407,0.024873266638833942,0.024873266638833942,0.0280410477559408,0.022485492200385242,0.024355344762700872,0.021899475057215796
605,0.022876232446165407,0.024873266638833942,0.024873266638833942,0.019707714422607468,0.03359660331149635,0.027745175271175447,0.02182364584995397
627,0.022876232446165407,0.024873266638833942,0.024873266638833942,0.011374381089274133,0.022485492200385242,0.01757568374575172,0.022369616142239125
652,0.022876232446165407,0.024873266638833942,0.024873266638833942,0.0280410477559408,0.022485492200385242,0.020965514254226294,0.021641655752525583
672,0.022876232446165407,0.024873266638833942,0.024873266638833942,0.019707714422607468,0.019707714422607468,0.034524836288124604,0.0214141681307401
683,0.022876232446165407,0.024873266638833942,0.024873266638833942,0.0280410477559408,0.02526326997816302,0.034524836288124604,0.02158099238671612
689,0.022876232446165407,0.024873266638833942,0.024873266638833942,0.036374381089274134,0.0280410477559408,0.024355344762700872,0.02147483149654956
690,0.022876232446165407,0.024873266638833942,0.024873266638833942,0.019707714422607468,0.02526326997816302,0.031135005779650025,0.02158099238671612
705,0.022876232446165407,0.024873266638833942,0.024873266638833942,0.036374381089274134,0.02526326997816302,0.01757568374575172,0.021702319118335044
735,0.022876232446165407,0.024873266638833942,0.024873266638833942,0.0280410477559408,0.02526326997816302,0.031135005779650025,0.021505163179454292
736,0.022876232446165407,0.024873266638833942,0.024873266638833942,0.0280410477559408,0.019707714422607468,0.031135005779650025,0.021535494862359023
766,0.022876232446165407,0.024873266638833942,0.024873266638833942,0.011374381089274133,0.014152158867051911,0.027745175271175447,0.02381037108021385
772,0.022876232446165407,0.024873266638833942,0.024873266638833942,0.036374381089274134,0.0280410477559408,0.027745175271175447,0.02158099238671612
850,0.022876232446165407,0.024873266638833942,0.024873266638833942,0.019707714422607468,0.022485492200385242,0.027745175271175447,0.02221795772771547
876,0.022876232446165407,0.024873266638833942,0.024873266638833942,0.0280410477559408,0.02526326997816302,0.01757568374575172,0.021808480008501604
877,0.022876232446165407,0.024873266638833942,0.024873266638833942,0.019707714422607468,0.02526326997816302,0.031135005779650025,0.022278621093524936
887,0.022876232446165407,0.024873266638833942,0.024873266638833942,0.019707714422607468,0.022485492200385242,0.034524836288124604,0.022248289410620202
891,0.022876232446165407,0.024873266638833942,0.024873266638833942,0.0280410477559408,0.03359660331149635,0.020965514254226294,0.02144449981364483
904,0.022876232446165407,0.024873266638833942,0.024873266638833942,0.011374381089274133,0.01692993664482969,0.024355344762700872,0.022308952776429667
908,0.022876232446165407,0.024873266638833942,0.024873266638833942,0.0280410477559408,0.019707714422607468,0.01757568374575172,0.02144449981364483
927,0.022876232446165407,0.024873266638833942,0.024873266638833942,0.011374381089274133,0.030818825533718577,0.031135005779650025,0.02299141564178611
933,0.022876232446165407,0.024873266638833942,0.024873266638833942,0.0280410477559408,0.02526326997816302,0.020965514254226294,0.021459665655097198
949,0.022876232446165407,0.024873266638833942,0.024873266638833942,0.036374381089274134,0.030818825533718577,0.01757568374575172,0.02144449981364483
956,0.022876232446165407,0.024873266638833942,0.024873266638833942,0.036374381089274134,0.02526326997816302,0.010796022728802566,0.02144449981364483
989,0.022876232446165407,0.024873266638833942,0.024873266638833942,0.019707714422607468,0.0280410477559408,0.014185853237277142,0.021641655752525583
023,0.022838329729804065,0.02424155469947829,0.02424155469947829,0.019707714422607468,0.022485492200385242,0.031135005779650025,0.021975304264477625
034,0.022838329729804065,0.02424155469947829,0.02424155469947829,0.019707714422607468,0.022485492200385242,0.024355344762700872,0.02212696267900128
074,0.022838329729804065,0.02424155469947829,0.02424155469947829,0.036374381089274134,0.030818825533718577,0.027745175271175447,0.022035967630287086
106,0.022838329729804065,0.02424155469947829,0.02424155469947829,0.019707714422607468,0.030818825533718577,0.031135005779650025,0.02212696267900128
140,0.022838329729804065,0.02424155469947829,0.02424155469947829,0.019707714422607468,0.019707714422607468,0.024355344762700872,0.0214141681307401
150,0.022838329729804065,0.02424155469947829,0.02424155469947829,0.0280410477559408,0.030818825533718577,0.020965514254226294,0.021808480008501604
162,0.022838329729804065,0.02424155469947829,0.02424155469947829,0.019707714422607468,0.022485492200385242,0.020965514254226294,0.02215729436190601
175,0.022838329729804065,0.02424155469947829,0.02424155469947829,0.019707714422607468,0.022485492200385242,0.020965514254226294,0.0214141681307401
183,0.022838329729804065,0.02424155469947829,0.02424155469947829,0.0280410477559408,0.030818825533718577,0.024355344762700872,0.021626489911073216
190,0.022838329729804065,0.02424155469947829,0.02424155469947829,0.011374381089274133,0.01692993664482969,0.020965514254226294,0.022688098812738804
202,0.022838329729804065,0.02424155469947829,0.02424155469947829,0.019707714422607468,0.02526326997816302,0.01757568374575172,0.02221795772771547
205,0.022838329729804065,0.02424155469947829,0.02424155469947829,0.019707714422607468,0.0280410477559408,0.01757568374575172,0.021671987435430314
228,0.022838329729804065,0.02424155469947829,0.02424155469947829,0.019707714422607468,0.022485492200385242,0.024355344762700872,0.021671987435430314
236,0.022838329729804065,0.02424155469947829,0.02424155469947829,0.036374381089274134,0.02526326997816302,0.024355344762700872,0.02196013842302526
252,0.022838329729804065,0.02424155469947829,0.02424155469947829,0.019707714422607468,0.03359660331149635,0.020965514254226294,0.022005635947382356
260,0.022838329729804065,0.02424155469947829,0.02424155469947829,0.019707714422607468,0.022485492200385242,0.034524836288124604,0.02147483149654956
270,0.022838329729804065,0.02424155469947829,0.02424155469947829,0.0280410477559408,0.022485492200385242,0.031135005779650025,0.021838811691406335
278,0.022838329729804065,0.02424155469947829,0.02424155469947829,0.019707714422607468,0.030818825533718577,0.020965514254226294,0.02211179683754891
308,0.022838329729804065,0.02424155469947829,0.02424155469947829,0.019707714422607468,0.019707714422607468,0.010796022728802566,0.02215729436190601
316,0.022838329729804065,0.02424155469947829,0.02424155469947829,0.0280410477559408,0.022485492200385242,0.01757568374575172,0.02155066070381139
317,0.022838329729804065,0.02424155469947829,0.02424155469947829,0.019707714422607468,0.022485492200385242,0.024355344762700872,0.022142128520453646
353,0.022838329729804065,0.02424155469947829,0.02424155469947829,0.019707714422607468,0.022485492200385242,0.031135005779650025,0.021808480008501604
360,0.022838329729804065,0.02424155469947829,0.02424155469947829,0.0280410477559408,0.0280410477559408,0.01757568374575172,0.021671987435430314
382,0.022838329729804065,0.02424155469947829,0.02424155469947829,0.019707714422607468,0.0280410477559408,0.027745175271175447,0.02147483149654956
383,0.022838329729804065,0.02424155469947829,0.02424155469947829,0.0530410477559408,0.030818825533718577,0.020965514254226294,0.02155066070381139
392,0.022838329729804065,0.02424155469947829,0.02424155469947829,0.019707714422607468,0.0280410477559408,0.020965514254226294,0.021535494862359023
402,0.022838329729804065,0.02424155469947829,0.02424155469947829,0.0280410477559408,0.022485492200385242,0.024355344762700872,0.02168715327688268
431,0.022838329729804065,0.02424155469947829,0.02424155469947829,0.011374381089274133,0.011374381089274133,0.020965514254226294,0.02411368790926116
463,0.022838329729804065,0.02424155469947829,0.02424155469947829,0.011374381089274133,0.022485492200385242,0.01757568374575172,0.02232411861788203
489,0.022838329729804065,0.02424155469947829,0.02424155469947829,0.019707714422607468,0.019707714422607468,0.034524836288124604,0.021656821593977946
490,0.022838329729804065,0.02424155469947829,0.02424155469947829,0.019707714422607468,0.030818825533718577,0.01757568374575172,0.021505163179454292
508,0.022838329729804065,0.02424155469947829,0.02424155469947829,0.019707714422607468,0.019707714422607468,0.020965514254226294,0.022142128520453646
510,0.022838329729804065,0.02424155469947829,0.02424155469947829,0.0280410477559408,0.03359660331149635,0.024355344762700872,0.02199047010592999
542,0.022838329729804065,0.02424155469947829,0.02424155469947829,0.0280410477559408,0.0280410477559408,0.031135005779650025,0.021838811691406335
545,0.022838329729804065,0.02424155469947829,0.02424155469947829,0.019707714422607468,0.02526326997816302,0.014185853237277142,0.021459665655097198
566,0.022838329729804065,0.02424155469947829,0.02424155469947829,0.0280410477559408,0.02526326997816302,0.027745175271175447,0.021459665655097198
567,0.022838329729804065,0.02424155469947829,0.02424155469947829,0.044707714422607465,0.030818825533718577,0.031135005779650025,0.021520329020906656
579,0.022838329729804065,0.02424155469947829,0.02424155469947829,0.019707714422607468,0.02526326997816302,0.024355344762700872,0.021671987435430314
597,0.022838329729804065,0.02424155469947829,0.02424155469947829,0.019707714422607468,0.01692993664482969,0.024355344762700872,0.02215729436190601
610,0.022838329729804065,0.02424155469947829,0.02424155469947829,0.0280410477559408,0.022485492200385242,0.014185853237277142,0.0218539775328587
615,0.022838329729804065,0.02424155469947829,0.02424155469947829,0.019707714422607468,0.022485492200385242,0.01757568374575172,0.021520329020906656
632,0.022838329729804065,0.02424155469947829,0.02424155469947829,0.011374381089274133,0.01692993664482969,0.020965514254226294,0.022612269605476975
659,0.022838329729804065,0.02424155469947829,0.02424155469947829,0.011374381089274133,0.014152158867051911,0.027745175271175447,0.022961083958881384
709,0.022838329729804065,0.02424155469947829,0.02424155469947829,0.0280410477559408,0.019707714422607468,0.014185853237277142,0.02138383644783537
726,0.022838329729804065,0.02424155469947829,0.02424155469947829,0.019707714422607468,0.02526326997816302,0.020965514254226294,0.021869143374311065
748,0.022838329729804065,0.02424155469947829,0.02424155469947829,0.036374381089274134,0.03359660331149635,0.024355344762700872,0.02147483149654956
801,0.022838329729804065,0.02424155469947829,0.02424155469947829,0.019707714422607468,0.019707714422607468,0.01757568374575172,0.022248289410620202
804,0.022838329729804065,0.02424155469947829,0.02424155469947829,0.019707714422607468,0.022485492200385242,0.041304497305073753,0.02168715327688268
816,0.022838329729804065,0.02424155469947829,0.02424155469947829,0.011374381089274133,0.014152158867051911,0.020965514254226294,0.022885254751619555
862,0.022838329729804065,0.02424155469947829,0.02424155469947829,0.036374381089274134,0.019707714422607468,0.020965514254226294,0.021869143374311065
866,0.022838329729804065,0.02424155469947829,0.02424155469947829,0.011374381089274133,0.022485492200385242,0.014185853237277142,0.02239994782514386
883,0.022838329729804065,0.02424155469947829,0.02424155469947829,0.011374381089274133,0.019707714422607468,0.027745175271175447,0.022581937922572244
888,0.022838329729804065,0.02424155469947829,0.02424155469947829,0.036374381089274134,0.0280410477559408,0.027745175271175447,0.021793314167049237
892,0.022838329729804065,0.02424155469947829,0.02424155469947829,0.0280410477559408,0.030818825533718577,0.027745175271175447,0.021399002289287733
923,0.022838329729804065,0.02424155469947829,0.02424155469947829,0.011374381089274133,0.019707714422607468,0.020965514254226294,0.0222937869349773
930,0.022838329729804065,0.02424155469947829,0.02424155469947829,0.019707714422607468,0.02526326997816302,0.020965514254226294,0.022051133471739454
931,0.022838329729804065,0.02424155469947829,0.02424155469947829,0.036374381089274134,0.0280410477559408,0.031135005779650025,0.021762982484144506
943,0.022838329729804065,0.02424155469947829,0.02424155469947829,0.0280410477559408,0.019707714422607468,0.027745175271175447,0.021838811691406335
965,0.022838329729804065,0.02424155469947829,0.02424155469947829,0.0280410477559408,0.02526326997816302,0.01757568374575172,0.021399002289287733
974,0.022838329729804065,0.02424155469947829,0.02424155469947829,0.0280410477559408,0.022485492200385242,0.01757568374575172,0.021626489911073216
982,0.022838329729804065,0.02424155469947829,0.02424155469947829,0.0280410477559408,0.030818825533718577,0.024355344762700872,0.02215729436190601
986,0.022838329729804065,0.02424155469947829,0.02424155469947829,0.0280410477559408,0.02526326997816302,0.01757568374575172,0.021778148325596873
996,0.022838329729804065,0.02424155469947829,0.02424155469947829,0.019707714422607468,0.019707714422607468,0.031135005779650025,0.02159615822816849
997,0.022838329729804065,0.02424155469947829,0.02424155469947829,0.011374381089274133,0.019707714422607468,0.01757568374575172,0.023370561678095255
009,0.022800427013442728,0.023609842760122634,0.023609842760122634,0.019707714422607468,0.01692993664482969,0.027745175271175447,0.02223312356916784
010,0.022800427013442728,0.023609842760122634,0.023609842760122634,0.019707714422607468,0.02526326997816302,0.020965514254226294,0.021429333972192464
036,0.022800427013442728,0.023609842760122634,0.023609842760122634,0.011374381089274133,0.014152158867051911,0.01757568374575172,0.023021747324690846
047,0.022800427013442728,0.023609842760122634,0.023609842760122634,0.011374381089274133,0.014152158867051911,0.014185853237277142,0.02353738593407127
071,0.022800427013442728,0.023609842760122634,0.023609842760122634,0.019707714422607468,0.019707714422607468,0.014185853237277142,0.021565826545263754
099,0.022800427013442728,0.023609842760122634,0.023609842760122634,0.0280410477559408,0.022485492200385242,0.020965514254226294,0.02155066070381139
110,0.022800427013442728,0.023609842760122634,0.023609842760122634,0.0280410477559408,0.022485492200385242,0.024355344762700872,0.02144449981364483
116,0.022800427013442728,0.023609842760122634,0.023609842760122634,0.011374381089274133,0.01692993664482969,0.024355344762700872,0.023188571580666867
164,0.022800427013442728,0.023609842760122634,0.023609842760122634,0.0280410477559408,0.019707714422607468,0.024355344762700872,0.021611324069620852
173,0.022800427013442728,0.023609842760122634,0.023609842760122634,0.019707714422607468,0.0280410477559408,0.027745175271175447,0.021929806740120527
177,0.022800427013442728,0.023609842760122634,0.023609842760122634,0.019707714422607468,0.0280410477559408,0.014185853237277142,0.0218539775328587
216,0.022800427013442728,0.023609842760122634,0.023609842760122634,0.019707714422607468,0.01692993664482969,0.024355344762700872,0.021869143374311065
249,0.022800427013442728,0.023609842760122634,0.023609842760122634,0.0280410477559408,0.0280410477559408,0.034524836288124604,0.02168715327688268
251,0.022800427013442728,0.023609842760122634,0.023609842760122634,0.019707714422607468,0.02526326997816302,0.020965514254226294,0.022066299313191817
257,0.022800427013442728,0.023609842760122634,0.023609842760122634,0.019707714422607468,0.019707714422607468,0.01757568374575172,0.021732650801239775
263,0.022800427013442728,0.023609842760122634,0.023609842760122634,0.019707714422607468,0.02526326997816302,0.01757568374575172,0.021869143374311065
268,0.022800427013442728,0.023609842760122634,0.023609842760122634,0.036374381089274134,0.022485492200385242,0.027745175271175447,0.021459665655097198
291,0.022800427013442728,0.023609842760122634,0.023609842760122634,0.011374381089274133,0.019707714422607468,0.014185853237277142,0.02267293297128644
306,0.022800427013442728,0.023609842760122634,0.023609842760122634,0.011374381089274133,0.01692993664482969,0.024355344762700872,0.023052079007595577
321,0.022800427013442728,0.023609842760122634,0.023609842760122634,0.0280410477559408,0.0280410477559408,0.020965514254226294,0.021505163179454292
330,0.022800427013442728,0.023609842760122634,0.023609842760122634,0.011374381089274133,0.022485492200385242,0.014185853237277142,0.023112742373405038
335,0.022800427013442728,0.023609842760122634,0.023609842760122634,0.019707714422607468,0.022485492200385242,0.020965514254226294,0.021975304264477625
352,0.022800427013442728,0.023609842760122634,0.023609842760122634,0.0280410477559408,0.030818825533718577,0.024355344762700872,0.02168715327688268
380,0.022800427013442728,0.023609842760122634,0.023609842760122634,0.011374381089274133,0.014152158867051911,0.031135005779650025,0.02367387850714256
381,0.022800427013442728,0.023609842760122634,0.023609842760122634,0.0280410477559408,0.0280410477559408,0.031135005779650025,0.02211179683754891
399,0.022800427013442728,0.023609842760122634,0.023609842760122634,0.0280410477559408,0.019707714422607468,0.020965514254226294,0.021505163179454292
403,0.022800427013442728,0.023609842760122634,0.023609842760122634,0.0280410477559408,0.019707714422607468,0.027745175271175447,0.021429333972192464
429,0.022800427013442728,0.023609842760122634,0.023609842760122634,0.036374381089274134,0.0280410477559408,0.024355344762700872,0.021429333972192464
430,0.022800427013442728,0.023609842760122634,0.023609842760122634,0.019707714422607468,0.022485492200385242,0.020965514254226294,0.02148999733800193
438,0.022800427013442728,0.023609842760122634,0.023609842760122634,0.036374381089274134,0.0280410477559408,0.014185853237277142,0.021611324069620852
446,0.022800427013442728,0.023609842760122634,0.023609842760122634,0.0530410477559408,0.0280410477559408,0.024355344762700872,0.021535494862359023
449,0.022800427013442728,0.023609842760122634,0.023609842760122634,0.0280410477559408,0.022485492200385242,0.024355344762700872,0.021611324069620852
468,0.022800427013442728,0.023609842760122634,0.023609842760122634,0.036374381089274134,0.0280410477559408,0.024355344762700872,0.021778148325596873
471,0.022800427013442728,0.023609842760122634,0.023609842760122634,0.011374381089274133,0.019707714422607468,0.01757568374575172,0.022627435446929342
488,0.022800427013442728,0.023609842760122634,0.023609842760122634,0.011374381089274133,0.011374381089274133,0.010796022728802566,0.02411368790926116
519,0.022800427013442728,0.023609842760122634,0.023609842760122634,0.0280410477559408,0.022485492200385242,0.024355344762700872,0.021429333972192464
540,0.022800427013442728,0.023609842760122634,0.023609842760122634,0.0280410477559408,0.02526326997816302,0.020965514254226294,0.021838811691406335
553,0.022800427013442728,0.023609842760122634,0.023609842760122634,0.0280410477559408,0.022485492200385242,0.01757568374575172,0.021702319118335044
577,0.022800427013442728,0.023609842760122634,0.023609842760122634,0.011374381089274133,0.014152158867051911,0.024355344762700872,0.023309898312285787
583,0.022800427013442728,0.023609842760122634,0.023609842760122634,0.0280410477559408,0.02526326997816302,0.020965514254226294,0.021899475057215796
602,0.022800427013442728,0.023609842760122634,0.023609842760122634,0.019707714422607468,0.01692993664482969,0.027745175271175447,0.021656821593977946
642,0.022800427013442728,0.023609842760122634,0.023609842760122634,0.0280410477559408,0.019707714422607468,0.024355344762700872,0.021520329020906656
654,0.022800427013442728,0.023609842760122634,0.023609842760122634,0.0280410477559408,0.030818825533718577,0.020965514254226294,0.021944972581572894
668,0.022800427013442728,0.023609842760122634,0.023609842760122634,0.019707714422607468,0.01692993664482969,0.020965514254226294,0.02155066070381139
696,0.022800427013442728,0.023609842760122634,0.023609842760122634,0.019707714422607468,0.019707714422607468,0.01757568374575172,0.022096630996096548
698,0.022800427013442728,0.023609842760122634,0.023609842760122634,0.019707714422607468,0.01692993664482969,0.01757568374575172,0.0218539775328587
712,0.022800427013442728,0.023609842760122634,0.023609842760122634,0.011374381089274133,0.022485492200385242,0.027745175271175447,0.02290042059307192
716,0.022800427013442728,0.023609842760122634,0.023609842760122634,0.011374381089274133,0.01692993664482969,0.024355344762700872,0.02334022999519052
732,0.022800427013442728,0.023609842760122634,0.023609842760122634,0.036374381089274134,0.0280410477559408,0.014185853237277142,0.02155066070381139
738,0.022800427013442728,0.023609842760122634,0.023609842760122634,0.036374381089274134,0.02526326997816302,0.01757568374575172,0.021520329020906656
755,0.022800427013442728,0.023609842760122634,0.023609842760122634,0.011374381089274133,0.022485492200385242,0.027745175271175447,0.022718430495643534
770,0.022800427013442728,0.023609842760122634,0.023609842760122634,0.0280410477559408,0.019707714422607468,0.020965514254226294,0.021793314167049237
775,0.022800427013442728,0.023609842760122634,0.023609842760122634,0.011374381089274133,0.01692993664482969,0.031135005779650025,0.0222937869349773
782,0.022800427013442728,0.023609842760122634,0.023609842760122634,0.019707714422607468,0.014152158867051911,0.020965514254226294,0.021641655752525583
817,0.022800427013442728,0.023609842760122634,0.023609842760122634,0.044707714422607465,0.036374381089274134,0.01757568374575172,0.021929806740120527
819,0.022800427013442728,0.023609842760122634,0.023609842760122634,0.019707714422607468,0.022485492200385242,0.031135005779650025,0.02202080178883472
840,0.022800427013442728,0.023609842760122634,0.023609842760122634,0.011374381089274133,0.02526326997816302,0.020965514254226294,0.02235445030078676
857,0.022800427013442728,0.023609842760122634,0.023609842760122634,0.011374381089274133,0.01692993664482969,0.027745175271175447,0.02290042059307192
858,0.022800427013442728,0.023609842760122634,0.023609842760122634,0.011374381089274133,0.019707714422607468,0.01757568374575172,0.022369616142239125
873,0.022800427013442728,0.023609842760122634,0.023609842760122634,0.036374381089274134,0.019707714422607468,0.014185853237277142,0.021429333972192464
882,0.022800427013442728,0.023609842760122634,0.023609842760122634,0.011374381089274133,0.011374381089274133,0.024355344762700872,0.02411368790926116
896,0.022800427013442728,0.023609842760122634,0.023609842760122634,0.044707714422607465,0.0280410477559408,0.034524836288124604,0.021399002289287733
897,0.022800427013442728,0.023609842760122634,0.023609842760122634,0.0280410477559408,0.0280410477559408,0.020965514254226294,0.02182364584995397
909,0.022800427013442728,0.023609842760122634,0.023609842760122634,0.019707714422607468,0.0280410477559408,0.01757568374575172,0.02212696267900128
939,0.022800427013442728,0.023609842760122634,0.023609842760122634,0.0280410477559408,0.030818825533718577,0.014185853237277142,0.02188430921576343
950,0.022800427013442728,0.023609842760122634,0.023609842760122634,0.0280410477559408,0.022485492200385242,0.014185853237277142,0.022096630996096548
962,0.022800427013442728,0.023609842760122634,0.023609842760122634,0.036374381089274134,0.02526326997816302,0.014185853237277142,0.021671987435430314
993,0.022800427013442728,0.023609842760122634,0.023609842760122634,0.0280410477559408,0.022485492200385242,0.014185853237277142,0.021747816642692142
001,0.022762524297081387,0.02297813082076698,0.02297813082076698,0.0280410477559408,0.0280410477559408,0.014185853237277142,0.0214141681307401
020,0.022762524297081387,0.02297813082076698,0.02297813082076698,0.036374381089274134,0.019707714422607468,0.020965514254226294,0.021611324069620852
044,0.022762524297081387,0.02297813082076698,0.02297813082076698,0.0280410477559408,0.0280410477559408,0.020965514254226294,0.02148999733800193
045,0.022762524297081387,0.02297813082076698,0.02297813082076698,0.011374381089274133,0.019707714422607468,0.027745175271175447,0.022415113666596223
054,0.022762524297081387,0.02297813082076698,0.02297813082076698,0.019707714422607468,0.0280410477559408,0.01757568374575172,0.022142128520453646
076,0.022762524297081387,0.02297813082076698,0.02297813082076698,0.011374381089274133,0.022485492200385242,0.024355344762700872,0.022824591385810094
086,0.022762524297081387,0.02297813082076698,0.02297813082076698,0.0280410477559408,0.02526326997816302,0.027745175271175447,0.02155066070381139
109,0.022762524297081387,0.02297813082076698,0.02297813082076698,0.0280410477559408,0.022485492200385242,0.020965514254226294,0.021520329020906656
126,0.022762524297081387,0.02297813082076698,0.02297813082076698,0.036374381089274134,0.022485492200385242,0.014185853237277142,0.021671987435430314
136,0.022762524297081387,0.02297813082076698,0.02297813082076698,0.0280410477559408,0.02526326997816302,0.027745175271175447,0.02159615822816849
155,0.022762524297081387,0.02297813082076698,0.02297813082076698,0.036374381089274134,0.030818825533718577,0.01757568374575172,0.021429333972192464
157,0.022762524297081387,0.02297813082076698,0.02297813082076698,0.019707714422607468,0.022485492200385242,0.024355344762700872,0.021793314167049237
161,0.022762524297081387,0.02297813082076698,0.02297813082076698,0.011374381089274133,0.014152158867051911,0.024355344762700872,0.0240075270190946
172,0.022762524297081387,0.02297813082076698,0.02297813082076698,0.036374381089274134,0.022485492200385242,0.024355344762700872,0.02158099238671612
198,0.022762524297081387,0.02297813082076698,0.02297813082076698,0.036374381089274134,0.036374381089274134,0.024355344762700872,0.02158099238671612
240,0.022762524297081387,0.02297813082076698,0.02297813082076698,0.0280410477559408,0.022485492200385242,0.014185853237277142,0.021671987435430314
248,0.022762524297081387,0.02297813082076698,0.02297813082076698,0.011374381089274133,0.014152158867051911,0.020965514254226294,0.02276392802000063
265,0.022762524297081387,0.02297813082076698,0.02297813082076698,0.019707714422607468,0.0280410477559408,0.020965514254226294,0.022066299313191817
273,0.022762524297081387,0.02297813082076698,0.02297813082076698,0.019707714422607468,0.019707714422607468,0.027745175271175447,0.02221795772771547
279,0.022762524297081387,0.02297813082076698,0.02297813082076698,0.019707714422607468,0.019707714422607468,0.027745175271175447,0.02148999733800193
283,0.022762524297081387,0.02297813082076698,0.02297813082076698,0.019707714422607468,0.02526326997816302,0.027745175271175447,0.02211179683754891
301,0.022762524297081387,0.02297813082076698,0.02297813082076698,0.011374381089274133,0.011374381089274133,0.020965514254226294,0.02411368790926116
307,0.022762524297081387,0.02297813082076698,0.02297813082076698,0.011374381089274133,0.022485492200385242,0.034524836288124604,0.02290042059307192
311,0.022762524297081387,0.02297813082076698,0.02297813082076698,0.011374381089274133,0.01692993664482969,0.01757568374575172,0.0236132151413331
331,0.022762524297081387,0.02297813082076698,0.02297813082076698,0.011374381089274133,0.02526326997816302,0.024355344762700872,0.022612269605476975
340,0.022762524297081387,0.02297813082076698,0.02297813082076698,0.019707714422607468,0.02526326997816302,0.024355344762700872,0.021838811691406335
348,0.022762524297081387,0.02297813082076698,0.02297813082076698,0.019707714422607468,0.019707714422607468,0.020965514254226294,0.0214141681307401
371,0.022762524297081387,0.02297813082076698,0.02297813082076698,0.0280410477559408,0.019707714422607468,0.034524836288124604,0.021656821593977946
375,0.022762524297081387,0.02297813082076698,0.02297813082076698,0.011374381089274133,0.01692993664482969,0.01757568374575172,0.022490942873858052
407,0.022762524297081387,0.02297813082076698,0.02297813082076698,0.011374381089274133,0.022485492200385242,0.01757568374575172,0.022839757227262458
413,0.022762524297081387,0.02297813082076698,0.02297813082076698,0.011374381089274133,0.02526326997816302,0.031135005779650025,0.022612269605476975
416,0.022762524297081387,0.02297813082076698,0.02297813082076698,0.0280410477559408,0.022485492200385242,0.01757568374575172,0.021459665655097198
423,0.022762524297081387,0.02297813082076698,0.02297813082076698,0.011374381089274133,0.01692993664482969,0.020965514254226294,0.022627435446929342
437,0.022762524297081387,0.02297813082076698,0.02297813082076698,0.036374381089274134,0.0280410477559408,0.020965514254226294,0.021429333972192464
441,0.022762524297081387,0.02297813082076698,0.02297813082076698,0.019707714422607468,0.0280410477559408,0.024355344762700872,0.021762982484144506
452,0.022762524297081387,0.02297813082076698,0.02297813082076698,0.0280410477559408,0.0280410477559408,0.024355344762700872,0.02188430921576343
462,0.022762524297081387,0.02297813082076698,0.02297813082076698,0.036374381089274134,0.019707714422607468,0.014185853237277142,0.021671987435430314
465,0.022762524297081387,0.02297813082076698,0.02297813082076698,0.019707714422607468,0.022485492200385242,0.01757568374575172,0.02148999733800193
472,0.022762524297081387,0.02297813082076698,0.02297813082076698,0.0280410477559408,0.02526326997816302,0.027745175271175447,0.021899475057215796
478,0.022762524297081387,0.02297813082076698,0.02297813082076698,0.019707714422607468,0.01692993664482969,0.024355344762700872,0.021641655752525583
516,0.022762524297081387,0.02297813082076698,0.02297813082076698,0.044707714422607465,0.0280410477559408,0.031135005779650025,0.021778148325596873
530,0.022762524297081387,0.02297813082076698,0.02297813082076698,0.044707714422607465,0.022485492200385242,0.020965514254226294,0.02148999733800193
539,0.022762524297081387,0.02297813082076698,0.02297813082076698,0.0280410477559408,0.01692993664482969,0.01757568374575172,0.021641655752525583
546,0.022762524297081387,0.02297813082076698,0.02297813082076698,0.011374381089274133,0.022485492200385242,0.020965514254226294,0.022415113666596223
558,0.022762524297081387,0.02297813082076698,0.02297813082076698,0.019707714422607468,0.019707714422607468,0.027745175271175447,0.02211179683754891
578,0.022762524297081387,0.02297813082076698,0.02297813082076698,0.0280410477559408,0.019707714422607468,0.027745175271175447,0.02158099238671612
614,0.022762524297081387,0.02297813082076698,0.02297813082076698,0.036374381089274134,0.022485492200385242,0.031135005779650025,0.02158099238671612
641,0.022762524297081387,0.02297813082076698,0.02297813082076698,0.011374381089274133,0.019707714422607468,0.027745175271175447,0.02239994782514386
643,0.022762524297081387,0.02297813082076698,0.02297813082076698,0.044707714422607465,0.02526326997816302,0.01757568374575172,0.021611324069620852
682,0.022762524297081387,0.02297813082076698,0.02297813082076698,0.011374381089274133,0.019707714422607468,0.027745175271175447,0.02232411861788203
687,0.022762524297081387,0.02297813082076698,0.02297813082076698,0.044707714422607465,0.03359660331149635,0.024355344762700872,0.021520329020906656
694,0.022762524297081387,0.02297813082076698,0.02297813082076698,0.011374381089274133,0.019707714422607468,0.01757568374575172,0.02320373742211923
695,0.022762524297081387,0.02297813082076698,0.02297813082076698,0.019707714422607468,0.02526326997816302,0.01757568374575172,0.022278621093524936
703,0.022762524297081387,0.02297813082076698,0.02297813082076698,0.011374381089274133,0.019707714422607468,0.020965514254226294,0.023006581483238482
707,0.022762524297081387,0.02297813082076698,0.02297813082076698,0.019707714422607468,0.019707714422607468,0.024355344762700872,0.022005635947382356
728,0.022762524297081387,0.02297813082076698,0.02297813082076698,0.019707714422607468,0.019707714422607468,0.027745175271175447,0.02147483149654956
751,0.022762524297081387,0.02297813082076698,0.02297813082076698,0.036374381089274134,0.02526326997816302,0.01757568374575172,0.02188430921576343
753,0.022762524297081387,0.02297813082076698,0.02297813082076698,0.0280410477559408,0.030818825533718577,0.020965514254226294,0.021505163179454292
758,0.022762524297081387,0.02297813082076698,0.02297813082076698,0.011374381089274133,0.01692993664482969,0.014185853237277142,0.02293075227597665
760,0.022762524297081387,0.02297813082076698,0.02297813082076698,0.019707714422607468,0.030818825533718577,0.024355344762700872,0.02226345525207257
762,0.022762524297081387,0.02297813082076698,0.02297813082076698,0.0280410477559408,0.019707714422607468,0.020965514254226294,0.021762982484144506
765,0.022762524297081387,0.02297813082076698,0.02297813082076698,0.011374381089274133,0.022485492200385242,0.024355344762700872,0.022445445349500954
768,0.022762524297081387,0.02297813082076698,0.02297813082076698,0.019707714422607468,0.019707714422607468,0.027745175271175447,0.0218539775328587
776,0.022762524297081387,0.02297813082076698,0.02297813082076698,0.0280410477559408,0.019707714422607468,0.01757568374575172,0.02159615822816849
777,0.022762524297081387,0.02297813082076698,0.02297813082076698,0.0280410477559408,0.022485492200385242,0.027745175271175447,0.021762982484144506
779,0.022762524297081387,0.02297813082076698,0.02297813082076698,0.019707714422607468,0.02526326997816302,0.014185853237277142,0.021656821593977946
786,0.022762524297081387,0.02297813082076698,0.02297813082076698,0.0280410477559408,0.0280410477559408,0.031135005779650025,0.021626489911073216
793,0.022762524297081387,0.02297813082076698,0.02297813082076698,0.019707714422607468,0.02526326997816302,0.024355344762700872,0.02168715327688268
800,0.022762524297081387,0.02297813082076698,0.02297813082076698,0.0280410477559408,0.01692993664482969,0.027745175271175447,0.021747816642692142
820,0.022762524297081387,0.02297813082076698,0.02297813082076698,0.011374381089274133,0.02526326997816302,0.014185853237277142,0.023355395836642884
823,0.022762524297081387,0.02297813082076698,0.02297813082076698,0.0280410477559408,0.030818825533718577,0.031135005779650025,0.02159615822816849
827,0.022762524297081387,0.02297813082076698,0.02297813082076698,0.044707714422607465,0.03359660331149635,0.027745175271175447,0.02168715327688268
832,0.022762524297081387,0.02297813082076698,0.02297813082076698,0.011374381089274133,0.019707714422607468,0.024355344762700872,0.022642601288381706
859,0.022762524297081387,0.02297813082076698,0.02297813082076698,0.011374381089274133,0.011374381089274133,0.010796022728802566,0.02411368790926116
880,0.022762524297081387,0.02297813082076698,0.02297813082076698,0.011374381089274133,0.019707714422607468,0.031135005779650025,0.022688098812738804
895,0.022762524297081387,0.02297813082076698,0.02297813082076698,0.019707714422607468,0.0280410477559408,0.01757568374575172,0.021929806740120527
900,0.022762524297081387,0.02297813082076698,0.02297813082076698,0.011374381089274133,0.02526326997816302,0.01757568374575172,0.022688098812738804
915,0.022762524297081387,0.02297813082076698,0.02297813082076698,0.019707714422607468,0.019707714422607468,0.034524836288124604,0.02223312356916784
918,0.022762524297081387,0.02297813082076698,0.02297813082076698,0.0280410477559408,0.019707714422607468,0.024355344762700872,0.021929806740120527
920,0.022762524297081387,0.02297813082076698,0.02297813082076698,0.019707714422607468,0.019707714422607468,0.037914666796599175,0.021505163179454292
921,0.022762524297081387,0.02297813082076698,0.02297813082076698,0.011374381089274133,0.0280410477559408,0.024355344762700872,0.02276392802000063
934,0.022762524297081387,0.02297813082076698,0.02297813082076698,0.044707714422607465,0.036374381089274134,0.014185853237277142,0.021611324069620852
942,0.022762524297081387,0.02297813082076698,0.02297813082076698,0.019707714422607468,0.022485492200385242,0.027745175271175447,0.022051133471739454
944,0.022762524297081387,0.02297813082076698,0.02297813082076698,0.044707714422607465,0.022485492200385242,0.014185853237277142,0.021535494862359023
955,0.022762524297081387,0.02297813082076698,0.02297813082076698,0.019707714422607468,0.019707714422607468,0.034524836288124604,0.021838811691406335
970,0.022762524297081387,0.02297813082076698,0.02297813082076698,0.019707714422607468,0.01692993664482969,0.037914666796599175,0.021505163179454292
980,0.022762524297081387,0.02297813082076698,0.02297813082076698,0.011374381089274133,0.019707714422607468,0.020965514254226294,0.022688098812738804
988,0.022762524297081387,0.02297813082076698,0.02297813082076698,0.0280410477559408,0.019707714422607468,0.020965514254226294,0.021656821593977946
998,0.022762524297081387,0.02297813082076698,0.02297813082076698,0.0280410477559408,0.019707714422607468,0.020965514254226294,0.02168715327688268
012,0.02272462158072005,0.022346418881411326,0.022346418881411326,0.019707714422607468,0.0280410477559408,0.01757568374575172,0.02144449981364483
030,0.02272462158072005,0.022346418881411326,0.022346418881411326,0.011374381089274133,0.019707714422607468,0.01757568374575172,0.022475777032405685
039,0.02272462158072005,0.022346418881411326,0.022346418881411326,0.0280410477559408,0.01692993664482969,0.020965514254226294,0.021611324069620852
043,0.02272462158072005,0.022346418881411326,0.022346418881411326,0.0280410477559408,0.02526326997816302,0.031135005779650025,0.02182364584995397
050,0.02272462158072005,0.022346418881411326,0.022346418881411326,0.0280410477559408,0.022485492200385242,0.01757568374575172,0.02138383644783537
077,0.02272462158072005,0.022346418881411326,0.022346418881411326,0.0780410477559408,0.03359660331149635,0.020965514254226294,0.021429333972192464
084,0.02272462158072005,0.022346418881411326,0.022346418881411326,0.0280410477559408,0.030818825533718577,0.024355344762700872,0.02147483149654956
096,0.02272462158072005,0.022346418881411326,0.022346418881411326,0.036374381089274134,0.022485492200385242,0.014185853237277142,0.02155066070381139
100,0.02272462158072005,0.022346418881411326,0.022346418881411326,0.011374381089274133,0.022485492200385242,0.024355344762700872,0.022581937922572244
104,0.02272462158072005,0.022346418881411326,0.022346418881411326,0.011374381089274133,0.02526326997816302,0.031135005779650025,0.022718430495643534
113,0.02272462158072005,0.022346418881411326,0.022346418881411326,0.019707714422607468,0.030818825533718577,0.01757568374575172,0.022248289410620202
117,0.02272462158072005,0.022346418881411326,0.022346418881411326,0.019707714422607468,0.022485492200385242,0.020965514254226294,0.021778148325596873
123,0.02272462158072005,0.022346418881411326,0.022346418881411326,0.019707714422607468,0.030818825533718577,0.031135005779650025,0.021808480008501604
129,0.02272462158072005,0.022346418881411326,0.022346418881411326,0.019707714422607468,0.014152158867051911,0.034524836288124604,0.02188430921576343
130,0.02272462158072005,0.022346418881411326,0.022346418881411326,0.0280410477559408,0.019707714422607468,0.01757568374575172,0.02155066070381139
143,0.02272462158072005,0.022346418881411326,0.022346418881411326,0.011374381089274133,0.01692993664482969,0.020965514254226294,0.022521274556762783
153,0.02272462158072005,0.022346418881411326,0.022346418881411326,0.011374381089274133,0.011374381089274133,0.01757568374575172,0.02411368790926116
180,0.02272462158072005,0.022346418881411326,0.022346418881411326,0.0280410477559408,0.02526326997816302,0.024355344762700872,0.021641655752525583
188,0.02272462158072005,0.022346418881411326,0.022346418881411326,0.0530410477559408,0.0280410477559408,0.024355344762700872,0.0214141681307401
192,0.02272462158072005,0.022346418881411326,0.022346418881411326,0.0280410477559408,0.0280410477559408,0.031135005779650025,0.021535494862359023
195,0.02272462158072005,0.022346418881411326,0.022346418881411326,0.019707714422607468,0.01692993664482969,0.024355344762700872,0.02215729436190601
197,0.02272462158072005,0.022346418881411326,0.022346418881411326,0.019707714422607468,0.02526326997816302,0.024355344762700872,0.02148999733800193
199,0.02272462158072005,0.022346418881411326,0.022346418881411326,0.036374381089274134,0.022485492200385242,0.01757568374575172,0.021459665655097198
229,0.02272462158072005,0.022346418881411326,0.022346418881411326,0.019707714422607468,0.02526326997816302,0.027745175271175447,0.022096630996096548
232,0.02272462158072005,0.022346418881411326,0.022346418881411326,0.0280410477559408,0.0280410477559408,0.024355344762700872,0.021838811691406335
261,0.02272462158072005,0.022346418881411326,0.022346418881411326,0.0280410477559408,0.02526326997816302,0.014185853237277142,0.021535494862359023
272,0.02272462158072005,0.022346418881411326,0.022346418881411326,0.019707714422607468,0.022485492200385242,0.024355344762700872,0.0214141681307401
280,0.02272462158072005,0.022346418881411326,0.022346418881411326,0.019707714422607468,0.022485492200385242,0.027745175271175447,0.021459665655097198
327,0.02272462158072005,0.022346418881411326,0.022346418881411326,0.036374381089274134,0.0280410477559408,0.024355344762700872,0.021459665655097198
329,0.02272462158072005,0.022346418881411326,0.022346418881411326,0.036374381089274134,0.0280410477559408,0.020965514254226294,0.021793314167049237
346,0.02272462158072005,0.022346418881411326,0.022346418881411326,0.019707714422607468,0.022485492200385242,0.01757568374575172,0.02159615822816849
388,0.02272462158072005,0.022346418881411326,0.022346418881411326,0.019707714422607468,0.019707714422607468,0.020965514254226294,0.021899475057215796
412,0.02272462158072005,0.022346418881411326,0.022346418881411326,0.0280410477559408,0.036374381089274134,0.024355344762700872,0.021565826545263754
426,0.02272462158072005,0.022346418881411326,0.022346418881411326,0.019707714422607468,0.022485492200385242,0.024355344762700872,0.021793314167049237
428,0.02272462158072005,0.022346418881411326,0.022346418881411326,0.011374381089274133,0.02526326997816302,0.027745175271175447,0.022308952776429667
444,0.02272462158072005,0.022346418881411326,0.022346418881411326,0.011374381089274133,0.019707714422607468,0.020965514254226294,0.023234069105023965
458,0.02272462158072005,0.022346418881411326,0.022346418881411326,0.019707714422607468,0.030818825533718577,0.014185853237277142,0.021641655752525583
479,0.02272462158072005,0.022346418881411326,0.022346418881411326,0.036374381089274134,0.0280410477559408,0.01757568374575172,0.02158099238671612
483,0.02272462158072005,0.022346418881411326,0.022346418881411326,0.036374381089274134,0.0280410477559408,0.024355344762700872,0.02138383644783537
493,0.02272462158072005,0.022346418881411326,0.022346418881411326,0.036374381089274134,0.022485492200385242,0.01757568374575172,0.021656821593977946
495,0.02272462158072005,0.022346418881411326,0.022346418881411326,0.019707714422607468,0.02526326997816302,0.031135005779650025,0.022187626044810744
504,0.02272462158072005,0.022346418881411326,0.022346418881411326,0.0530410477559408,0.030818825533718577,0.020965514254226294,0.021399002289287733
507,0.02272462158072005,0.022346418881411326,0.022346418881411326,0.0280410477559408,0.0280410477559408,0.01757568374575172,0.021626489911073216
521,0.02272462158072005,0.022346418881411326,0.022346418881411326,0.0280410477559408,0.022485492200385242,0.024355344762700872,0.0218539775328587
536,0.02272462158072005,0.022346418881411326,0.022346418881411326,0.019707714422607468,0.0280410477559408,0.01757568374575172,0.02171748495978741
560,0.02272462158072005,0.022346418881411326,0.022346418881411326,0.011374381089274133,0.014152158867051911,0.01757568374575172,0.02341605920245235
562,0.02272462158072005,0.022346418881411326,0.022346418881411326,0.019707714422607468,0.030818825533718577,0.027745175271175447,0.02212696267900128
585,0.02272462158072005,0.022346418881411326,0.022346418881411326,0.019707714422607468,0.022485492200385242,0.034524836288124604,0.0214141681307401
587,0.02272462158072005,0.022346418881411326,0.022346418881411326,0.0280410477559408,0.019707714422607468,0.031135005779650025,0.021626489911073216
616,0.02272462158072005,0.022346418881411326,0.022346418881411326,0.0280410477559408,0.019707714422607468,0.020965514254226294,0.021975304264477625
621,0.02272462158072005,0.022346418881411326,0.022346418881411326,0.019707714422607468,0.022485492200385242,0.020965514254226294,0.022096630996096548
630,0.02272462158072005,0.022346418881411326,0.022346418881411326,0.011374381089274133,0.019707714422607468,0.020965514254226294,0.022839757227262458
631,0.02272462158072005,0.022346418881411326,0.022346418881411326,0.019707714422607468,0.022485492200385242,0.020965514254226294,0.022096630996096548
638,0.02272462158072005,0.022346418881411326,0.022346418881411326,0.0280410477559408,0.036374381089274134,0.024355344762700872,0.021929806740120527
639,0.02272462158072005,0.022346418881411326,0.022346418881411326,0.019707714422607468,0.019707714422607468,0.020965514254226294,0.021399002289287733
644,0.02272462158072005,0.022346418881411326,0.022346418881411326,0.036374381089274134,0.02526326997816302,0.020965514254226294,0.02138383644783537
655,0.02272462158072005,0.022346418881411326,0.022346418881411326,0.036374381089274134,0.022485492200385242,0.01757568374575172,0.021399002289287733
663,0.02272462158072005,0.022346418881411326,0.022346418881411326,0.011374381089274133,0.014152158867051911,0.020965514254226294,0.02256677208111988
674,0.02272462158072005,0.022346418881411326,0.022346418881411326,0.019707714422607468,0.01692993664482969,0.01757568374575172,0.021459665655097198
675,0.02272462158072005,0.022346418881411326,0.022346418881411326,0.019707714422607468,0.019707714422607468,0.020965514254226294,0.021671987435430314
681,0.02272462158072005,0.022346418881411326,0.022346418881411326,0.011374381089274133,0.014152158867051911,0.020965514254226294,0.02359804929988073
708,0.02272462158072005,0.022346418881411326,0.022346418881411326,0.036374381089274134,0.036374381089274134,0.020965514254226294,0.02155066070381139
731,0.02272462158072005,0.022346418881411326,0.022346418881411326,0.011374381089274133,0.0280410477559408,0.024355344762700872,0.022642601288381706
737,0.02272462158072005,0.022346418881411326,0.022346418881411326,0.036374381089274134,0.0280410477559408,0.031135005779650025,0.02171748495978741
741,0.02272462158072005,0.022346418881411326,0.022346418881411326,0.011374381089274133,0.01692993664482969,0.024355344762700872,0.022308952776429667
746,0.02272462158072005,0.022346418881411326,0.022346418881411326,0.044707714422607465,0.022485492200385242,0.020965514254226294,0.021429333972192464
769,0.02272462158072005,0.022346418881411326,0.022346418881411326,0.011374381089274133,0.022485492200385242,0.027745175271175447,0.02243027950804859
778,0.02272462158072005,0.022346418881411326,0.022346418881411326,0.011374381089274133,0.01692993664482969,0.027745175271175447,0.023097576531952674
787,0.02272462158072005,0.022346418881411326,0.022346418881411326,0.019707714422607468,0.019707714422607468,0.031135005779650025,0.022172460203358377
788,0.02272462158072005,0.022346418881411326,0.022346418881411326,0.011374381089274133,0.02526326997816302,0.01757568374575172,0.0222937869349773
796,0.02272462158072005,0.022346418881411326,0.022346418881411326,0.019707714422607468,0.0280410477559408,0.020965514254226294,0.0218539775328587
803,0.02272462158072005,0.022346418881411326,0.022346418881411326,0.019707714422607468,0.019707714422607468,0.024355344762700872,0.021505163179454292
810,0.02272462158072005,0.022346418881411326,0.022346418881411326,0.019707714422607468,0.019707714422607468,0.031135005779650025,0.02188430921576343
824,0.02272462158072005,0.022346418881411326,0.022346418881411326,0.019707714422607468,0.01692993664482969,0.027745175271175447,0.022172460203358377
833,0.02272462158072005,0.022346418881411326,0.022346418881411326,0.0280410477559408,0.02526326997816302,0.027745175271175447,0.022066299313191817
852,0.02272462158072005,0.022346418881411326,0.022346418881411326,0.0280410477559408,0.0280410477559408,0.027745175271175447,0.02158099238671612
872,0.02272462158072005,0.022346418881411326,0.022346418881411326,0.0280410477559408,0.030818825533718577,0.020965514254226294,0.021808480008501604
890,0.02272462158072005,0.022346418881411326,0.022346418881411326,0.011374381089274133,0.019707714422607468,0.020965514254226294,0.022521274556762783
894,0.02272462158072005,0.022346418881411326,0.022346418881411326,0.036374381089274134,0.02526326997816302,0.027745175271175447,0.022005635947382356
905,0.02272462158072005,0.022346418881411326,0.022346418881411326,0.011374381089274133,0.011374381089274133,0.020965514254226294,0.02411368790926116
907,0.02272462158072005,0.022346418881411326,0.022346418881411326,0.0280410477559408,0.0280410477559408,0.020965514254226294,0.02148999733800193
911,0.02272462158072005,0.022346418881411326,0.022346418881411326,0.044707714422607465,0.030818825533718577,0.024355344762700872,0.021459665655097198
919,0.02272462158072005,0.022346418881411326,0.022346418881411326,0.044707714422607465,0.02526326997816302,0.020965514254226294,0.02148999733800193
928,0.02272462158072005,0.022346418881411326,0.022346418881411326,0.019707714422607468,0.01692993664482969,0.01757568374575172,0.02211179683754891
945,0.02272462158072005,0.022346418881411326,0.022346418881411326,0.011374381089274133,0.02526326997816302,0.01757568374575172,0.022475777032405685
948,0.02272462158072005,0.022346418881411326,0.022346418881411326,0.0280410477559408,0.0280410477559408,0.020965514254226294,0.022051133471739454
963,0.02272462158072005,0.022346418881411326,0.022346418881411326,0.0280410477559408,0.022485492200385242,0.027745175271175447,0.021641655752525583
972,0.02272462158072005,0.022346418881411326,0.022346418881411326,0.011374381089274133,0.022485492200385242,0.027745175271175447,0.022506108715310415
984,0.02272462158072005,0.022346418881411326,0.022346418881411326,0.044707714422607465,0.030818825533718577,0.024355344762700872,0.0214141681307401
991,0.02272462158072005,0.022346418881411326,0.022346418881411326,0.019707714422607468,0.019707714422607468,0.041304497305073753,0.0214141681307401
005,0.02268671886435871,0.021714706942055673,0.021714706942055673,0.019707714422607468,0.014152158867051911,0.014185853237277142,0.022172460203358377
024,0.02268671886435871,0.021714706942055673,0.021714706942055673,0.0280410477559408,0.022485492200385242,0.020965514254226294,0.021565826545263754
064,0.02268671886435871,0.021714706942055673,0.021714706942055673,0.0280410477559408,0.022485492200385242,0.014185853237277142,0.02202080178883472
083,0.02268671886435871,0.021714706942055673,0.021714706942055673,0.019707714422607468,0.030818825533718577,0.031135005779650025,0.021702319118335044
093,0.02268671886435871,0.021714706942055673,0.021714706942055673,0.011374381089274133,0.014152158867051911,0.020965514254226294,0.0236132151413331
108,0.02268671886435871,0.021714706942055673,0.021714706942055673,0.011374381089274133,0.01692993664482969,0.01757568374575172,0.022627435446929342
128,0.02268671886435871,0.021714706942055673,0.021714706942055673,0.019707714422607468,0.022485492200385242,0.020965514254226294,0.02188430921576343
141,0.02268671886435871,0.021714706942055673,0.021714706942055673,0.019707714422607468,0.022485492200385242,0.020965514254226294,0.021641655752525583
145,0.02268671886435871,0.021714706942055673,0.021714706942055673,0.019707714422607468,0.01692993664482969,0.020965514254226294,0.02138383644783537
156,0.02268671886435871,0.021714706942055673,0.021714706942055673,0.019707714422607468,0.022485492200385242,0.031135005779650025,0.02182364584995397
165,0.02268671886435871,0.021714706942055673,0.021714706942055673,0.011374381089274133,0.02526326997816302,0.027745175271175447,0.02246061119095332
170,0.02268671886435871,0.021714706942055673,0.021714706942055673,0.019707714422607468,0.022485492200385242,0.027745175271175447,0.021914640898668163
210,0.02268671886435871,0.021714706942055673,0.021714706942055673,0.019707714422607468,0.01692993664482969,0.01757568374575172,0.02182364584995397
212,0.02268671886435871,0.021714706942055673,0.021714706942055673,0.0280410477559408,0.02526326997816302,0.024355344762700872,0.021778148325596873
219,0.02268671886435871,0.021714706942055673,0.021714706942055673,0.011374381089274133,0.01692993664482969,0.01757568374575172,0.02267293297128644
237,0.02268671886435871,0.021714706942055673,0.021714706942055673,0.0280410477559408,0.0280410477559408,0.014185853237277142,0.02144449981364483
245,0.02268671886435871,0.021714706942055673,0.021714706942055673,0.0280410477559408,0.0280410477559408,0.01757568374575172,0.02158099238671612
258,0.02268671886435871,0.021714706942055673,0.021714706942055673,0.019707714422607468,0.01692993664482969,0.031135005779650025,0.021793314167049237
266,0.02268671886435871,0.021714706942055673,0.021714706942055673,0.019707714422607468,0.01692993664482969,0.020965514254226294,0.022066299313191817
276,0.02268671886435871,0.021714706942055673,0.021714706942055673,0.0280410477559408,0.022485492200385242,0.024355344762700872,0.021505163179454292
286,0.02268671886435871,0.021714706942055673,0.021714706942055673,0.0280410477559408,0.022485492200385242,0.031135005779650025,0.021626489911073216
290,0.02268671886435871,0.021714706942055673,0.021714706942055673,0.019707714422607468,0.0280410477559408,0.024355344762700872,0.021793314167049237
305,0.02268671886435871,0.021714706942055673,0.021714706942055673,0.019707714422607468,0.0280410477559408,0.01757568374575172,0.021429333972192464
309,0.02268671886435871,0.021714706942055673,0.021714706942055673,0.011374381089274133,0.011374381089274133,0.01757568374575172,0.02411368790926116
319,0.02268671886435871,0.021714706942055673,0.021714706942055673,0.011374381089274133,0.019707714422607468,0.01757568374575172,0.022475777032405685
325,0.02268671886435871,0.021714706942055673,0.021714706942055673,0.019707714422607468,0.022485492200385242,0.020965514254226294,0.021808480008501604
334,0.02268671886435871,0.021714706942055673,0.021714706942055673,0.044707714422607465,0.02526326997816302,0.024355344762700872,0.021535494862359023
342,0.02268671886435871,0.021714706942055673,0.021714706942055673,0.011374381089274133,0.022485492200385242,0.024355344762700872,0.022961083958881384
347,0.02268671886435871,0.021714706942055673,0.021714706942055673,0.019707714422607468,0.014152158867051911,0.020965514254226294,0.02182364584995397
350,0.02268671886435871,0.021714706942055673,0.021714706942055673,0.0280410477559408,0.02526326997816302,0.020965514254226294,0.021914640898668163
355,0.02268671886435871,0.021714706942055673,0.021714706942055673,0.0280410477559408,0.030818825533718577,0.014185853237277142,0.02158099238671612
376,0.02268671886435871,0.021714706942055673,0.021714706942055673,0.019707714422607468,0.022485492200385242,0.034524836288124604,0.021914640898668163
384,0.02268671886435871,0.021714706942055673,0.021714706942055673,0.036374381089274134,0.03359660331149635,0.01757568374575172,0.021535494862359023
385,0.02268671886435871,0.021714706942055673,0.021714706942055673,0.011374381089274133,0.022485492200385242,0.024355344762700872,0.022581937922572244
420,0.02268671886435871,0.021714706942055673,0.021714706942055673,0.036374381089274134,0.022485492200385242,0.020965514254226294,0.021520329020906656
424,0.02268671886435871,0.021714706942055673,0.021714706942055673,0.011374381089274133,0.014152158867051911,0.024355344762700872,0.022339284459334394
433,0.02268671886435871,0.021714706942055673,0.021714706942055673,0.036374381089274134,0.019707714422607468,0.027745175271175447,0.021535494862359023
439,0.02268671886435871,0.021714706942055673,0.021714706942055673,0.019707714422607468,0.014152158867051911,0.024355344762700872,0.021671987435430314
454,0.02268671886435871,0.021714706942055673,0.021714706942055673,0.011374381089274133,0.014152158867051911,0.020965514254226294,0.023097576531952674
494,0.02268671886435871,0.021714706942055673,0.021714706942055673,0.0280410477559408,0.02526326997816302,0.031135005779650025,0.021520329020906656
498,0.02268671886435871,0.021714706942055673,0.021714706942055673,0.019707714422607468,0.02526326997816302,0.024355344762700872,0.02147483149654956
503,0.02268671886435871,0.021714706942055673,0.021714706942055673,0.011374381089274133,0.022485492200385242,0.01757568374575172,0.022612269605476975
518,0.02268671886435871,0.021714706942055673,0.021714706942055673,0.036374381089274134,0.022485492200385242,0.010796022728802566,0.02188430921576343
520,0.02268671886435871,0.021714706942055673,0.021714706942055673,0.0280410477559408,0.02526326997816302,0.01757568374575172,0.021869143374311065
528,0.02268671886435871,0.021714706942055673,0.021714706942055673,0.0280410477559408,0.0280410477559408,0.027745175271175447,0.021778148325596873
529,0.02268671886435871,0.021714706942055673,0.021714706942055673,0.019707714422607468,0.01692993664482969,0.020965514254226294,0.021656821593977946
563,0.02268671886435871,0.021714706942055673,0.021714706942055673,0.011374381089274133,0.01692993664482969,0.027745175271175447,0.023127908214857402
564,0.02268671886435871,0.021714706942055673,0.021714706942055673,0.011374381089274133,0.022485492200385242,0.020965514254226294,0.02293075227597665
575,0.02268671886435871,0.021714706942055673,0.021714706942055673,0.0280410477559408,0.019707714422607468,0.027745175271175447,0.02138383644783537
589,0.02268671886435871,0.021714706942055673,0.021714706942055673,0.011374381089274133,0.014152158867051911,0.041304497305073753,0.023977195336189874
590,0.02268671886435871,0.021714706942055673,0.021714706942055673,0.036374381089274134,0.022485492200385242,0.020965514254226294,0.02155066070381139
611,0.02268671886435871,0.021714706942055673,0.021714706942055673,0.036374381089274134,0.0280410477559408,0.037914666796599175,0.0214141681307401
622,0.02268671886435871,0.021714706942055673,0.021714706942055673,0.061374381089274135,0.03359660331149635,0.01757568374575172,0.02148999733800193
635,0.02268671886435871,0.021714706942055673,0.021714706942055673,0.044707714422607465,0.030818825533718577,0.027745175271175447,0.021399002289287733
646,0.02268671886435871,0.021714706942055673,0.021714706942055673,0.0280410477559408,0.02526326997816302,0.027745175271175447,0.021762982484144506
649,0.02268671886435871,0.021714706942055673,0.021714706942055673,0.036374381089274134,0.02526326997816302,0.031135005779650025,0.02196013842302526
671,0.02268671886435871,0.021714706942055673,0.021714706942055673,0.011374381089274133,0.01692993664482969,0.01757568374575172,0.022718430495643534
692,0.02268671886435871,0.021714706942055673,0.021714706942055673,0.011374381089274133,0.01692993664482969,0.024355344762700872,0.02243027950804859
702,0.02268671886435871,0.021714706942055673,0.021714706942055673,0.036374381089274134,0.02526326997816302,0.020965514254226294,0.021899475057215796
719,0.02268671886435871,0.021714706942055673,0.021714706942055673,0.036374381089274134,0.02526326997816302,0.027745175271175447,0.02138383644783537
721,0.02268671886435871,0.021714706942055673,0.021714706942055673,0.011374381089274133,0.01692993664482969,0.014185853237277142,0.023840702763118584
725,0.02268671886435871,0.021714706942055673,0.021714706942055673,0.019707714422607468,0.01692993664482969,0.031135005779650025,0.02199047010592999
756,0.02268671886435871,0.021714706942055673,0.021714706942055673,0.019707714422607468,0.014152158867051911,0.020965514254226294,0.02159615822816849
781,0.02268671886435871,0.021714706942055673,0.021714706942055673,0.019707714422607468,0.019707714422607468,0.020965514254226294,0.022051133471739454
790,0.02268671886435871,0.021714706942055673,0.021714706942055673,0.044707714422607465,0.02526326997816302,0.020965514254226294,0.021641655752525583
798,0.02268671886435871,0.021714706942055673,0.021714706942055673,0.011374381089274133,0.014152158867051911,0.020965514254226294,0.02364354682423783
809,0.02268671886435871,0.021714706942055673,0.021714706942055673,0.011374381089274133,0.022485492200385242,0.01757568374575172,0.02235445030078676
815,0.02268671886435871,0.021714706942055673,0.021714706942055673,0.011374381089274133,0.014152158867051911,0.020965514254226294,0.022824591385810094
831,0.02268671886435871,0.021714706942055673,0.021714706942055673,0.019707714422607468,0.02526326997816302,0.020965514254226294,0.021626489911073216
835,0.02268671886435871,0.021714706942055673,0.021714706942055673,0.011374381089274133,0.014152158867051911,0.024355344762700872,0.023218903263571594
837,0.02268671886435871,0.021714706942055673,0.021714706942055673,0.019707714422607468,0.014152158867051911,0.020965514254226294,0.02138383644783537
855,0.02268671886435871,0.021714706942055673,0.021714706942055673,0.0280410477559408,0.022485492200385242,0.031135005779650025,0.021656821593977946
860,0.02268671886435871,0.021714706942055673,0.021714706942055673,0.011374381089274133,0.03359660331149635,0.024355344762700872,0.022612269605476975
865,0.02268671886435871,0.021714706942055673,0.021714706942055673,0.019707714422607468,0.019707714422607468,0.014185853237277142,0.021429333972192464
941,0.02268671886435871,0.021714706942055673,0.021714706942055673,0.036374381089274134,0.030818825533718577,0.024355344762700872,0.021899475057215796
951,0.02268671886435871,0.021714706942055673,0.021714706942055673,0.019707714422607468,0.022485492200385242,0.020965514254226294,0.021611324069620852
954,0.02268671886435871,0.021714706942055673,0.021714706942055673,0.0280410477559408,0.022485492200385242,0.01757568374575172,0.021702319118335044
969,0.02268671886435871,0.021714706942055673,0.021714706942055673,0.019707714422607468,0.01692993664482969,0.024355344762700872,0.021793314167049237
976,0.02268671886435871,0.021714706942055673,0.021714706942055673,0.019707714422607468,0.0280410477559408,0.020965514254226294,0.021778148325596873
985,0.02268671886435871,0.021714706942055673,0.021714706942055673,0.0280410477559408,0.02526326997816302,0.01757568374575172,0.021429333972192464
992,0.02268671886435871,0.021714706942055673,0.021714706942055673,0.011374381089274133,0.01692993664482969,0.024355344762700872,0.022809425544357727
994,0.02268671886435871,0.021714706942055673,0.021714706942055673,0.019707714422607468,0.01692993664482969,0.027745175271175447,0.02196013842302526
011,0.02264881614799737,0.02108299500270002,0.02108299500270002,0.036374381089274134,0.0280410477559408,0.024355344762700872,0.021732650801239775
015,0.02264881614799737,0.02108299500270002,0.02108299500270002,0.019707714422607468,0.019707714422607468,0.020965514254226294,0.022142128520453646
018,0.02264881614799737,0.02108299500270002,0.02108299500270002,0.036374381089274134,0.019707714422607468,0.014185853237277142,0.021929806740120527
025,0.02264881614799737,0.02108299500270002,0.02108299500270002,0.011374381089274133,0.02526326997816302,0.020965514254226294,0.0222937869349773
048,0.02264881614799737,0.02108299500270002,0.02108299500270002,0.0280410477559408,0.022485492200385242,0.01757568374575172,0.02155066070381139
065,0.02264881614799737,0.02108299500270002,0.02108299500270002,0.011374381089274133,0.019707714422607468,0.027745175271175447,0.022642601288381706
067,0.02264881614799737,0.02108299500270002,0.02108299500270002,0.019707714422607468,0.01692993664482969,0.020965514254226294,0.021838811691406335
070,0.02264881614799737,0.02108299500270002,0.02108299500270002,0.0280410477559408,0.02526326997816302,0.01757568374575172,0.02171748495978741
078,0.02264881614799737,0.02108299500270002,0.02108299500270002,0.019707714422607468,0.014152158867051911,0.024355344762700872,0.021520329020906656
089,0.02264881614799737,0.02108299500270002,0.02108299500270002,0.011374381089274133,0.01692993664482969,0.020965514254226294,0.022688098812738804
101,0.02264881614799737,0.02108299500270002,0.02108299500270002,0.011374381089274133,0.014152158867051911,0.027745175271175447,0.023158239897762136
107,0.02264881614799737,0.02108299500270002,0.02108299500270002,0.0280410477559408,0.019707714422607468,0.027745175271175447,0.021869143374311065
137,0.02264881614799737,0.02108299500270002,0.02108299500270002,0.019707714422607468,0.030818825533718577,0.01757568374575172,0.021747816642692142
148,0.02264881614799737,0.02108299500270002,0.02108299500270002,0.019707714422607468,0.03359660331149635,0.014185853237277142,0.02171748495978741
152,0.02264881614799737,0.02108299500270002,0.02108299500270002,0.036374381089274134,0.019707714422607468,0.027745175271175447,0.021808480008501604
154,0.02264881614799737,0.02108299500270002,0.02108299500270002,0.019707714422607468,0.019707714422607468,0.020965514254226294,0.022081465154644184
163,0.02264881614799737,0.02108299500270002,0.02108299500270002,0.019707714422607468,0.019707714422607468,0.014185853237277142,0.022187626044810744
185,0.02264881614799737,0.02108299500270002,0.02108299500270002,0.0280410477559408,0.030818825533718577,0.01757568374575172,0.021520329020906656
187,0.02264881614799737,0.02108299500270002,0.02108299500270002,0.011374381089274133,0.014152158867051911,0.020965514254226294,0.022915586434524286
201,0.02264881614799737,0.02108299500270002,0.02108299500270002,0.011374381089274133,0.01692993664482969,0.024355344762700872,0.023840702763118584
203,0.02264881614799737,0.02108299500270002,0.02108299500270002,0.011374381089274133,0.019707714422607468,0.014185853237277142,0.022809425544357727
209,0.02264881614799737,0.02108299500270002,0.02108299500270002,0.019707714422607468,0.019707714422607468,0.020965514254226294,0.021535494862359023
214,0.02264881614799737,0.02108299500270002,0.02108299500270002,0.011374381089274133,0.02526326997816302,0.027745175271175447,0.022521274556762783
223,0.02264881614799737,0.02108299500270002,0.02108299500270002,0.011374381089274133,0.022485492200385242,0.027745175271175447,0.0222937869349773
241,0.02264881614799737,0.02108299500270002,0.02108299500270002,0.0280410477559408,0.02526326997816302,0.027745175271175447,0.021459665655097198
281,0.02264881614799737,0.02108299500270002,0.02108299500270002,0.011374381089274133,0.019707714422607468,0.027745175271175447,0.02276392802000063
282,0.02264881614799737,0.02108299500270002,0.02108299500270002,0.019707714422607468,0.01692993664482969,0.01757568374575172,0.021505163179454292
284,0.02264881614799737,0.02108299500270002,0.02108299500270002,0.019707714422607468,0.02526326997816302,0.020965514254226294,0.02171748495978741
285,0.02264881614799737,0.02108299500270002,0.02108299500270002,0.011374381089274133,0.014152158867051911,0.024355344762700872,0.02320373742211923
332,0.02264881614799737,0.02108299500270002,0.02108299500270002,0.019707714422607468,0.019707714422607468,0.01757568374575172,0.022187626044810744
337,0.02264881614799737,0.02108299500270002,0.02108299500270002,0.011374381089274133,0.019707714422607468,0.01757568374575172,0.022506108715310415
361,0.02264881614799737,0.02108299500270002,0.02108299500270002,0.019707714422607468,0.022485492200385242,0.01757568374575172,0.021944972581572894
364,0.02264881614799737,0.02108299500270002,0.02108299500270002,0.019707714422607468,0.02526326997816302,0.020965514254226294,0.021505163179454292
366,0.02264881614799737,0.02108299500270002,0.02108299500270002,0.011374381089274133,0.019707714422607468,0.01757568374575172,0.022703264654191167
404,0.02264881614799737,0.02108299500270002,0.02108299500270002,0.0280410477559408,0.022485492200385242,0.024355344762700872,0.021641655752525583
410,0.02264881614799737,0.02108299500270002,0.02108299500270002,0.011374381089274133,0.022485492200385242,0.014185853237277142,0.022597103764024608
414,0.02264881614799737,0.02108299500270002,0.02108299500270002,0.011374381089274133,0.019707714422607468,0.024355344762700872,0.022642601288381706
421,0.02264881614799737,0.02108299500270002,0.02108299500270002,0.011374381089274133,0.019707714422607468,0.020965514254226294,0.022703264654191167
448,0.02264881614799737,0.02108299500270002,0.02108299500270002,0.019707714422607468,0.022485492200385242,0.037914666796599175,0.02147483149654956
464,0.02264881614799737,0.02108299500270002,0.02108299500270002,0.019707714422607468,0.019707714422607468,0.027745175271175447,0.022142128520453646
467,0.02264881614799737,0.02108299500270002,0.02108299500270002,0.019707714422607468,0.014152158867051911,0.01757568374575172,0.022278621093524936
476,0.02264881614799737,0.02108299500270002,0.02108299500270002,0.019707714422607468,0.01692993664482969,0.014185853237277142,0.02226345525207257
496,0.02264881614799737,0.02108299500270002,0.02108299500270002,0.019707714422607468,0.01692993664482969,0.01757568374575172,0.021778148325596873
500,0.02264881614799737,0.02108299500270002,0.02108299500270002,0.011374381089274133,0.01692993664482969,0.034524836288124604,0.022642601288381706
514,0.02264881614799737,0.02108299500270002,0.02108299500270002,0.0280410477559408,0.02526326997816302,0.027745175271175447,0.02158099238671612
524,0.02264881614799737,0.02108299500270002,0.02108299500270002,0.036374381089274134,0.02526326997816302,0.01757568374575172,0.021505163179454292
534,0.02264881614799737,0.02108299500270002,0.02108299500270002,0.019707714422607468,0.014152158867051911,0.024355344762700872,0.02144449981364483
537,0.02264881614799737,0.02108299500270002,0.02108299500270002,0.0280410477559408,0.036374381089274134,0.020965514254226294,0.021399002289287733
538,0.02264881614799737,0.02108299500270002,0.02108299500270002,0.019707714422607468,0.014152158867051911,0.027745175271175447,0.021565826545263754
554,0.02264881614799737,0.02108299500270002,0.02108299500270002,0.019707714422607468,0.0280410477559408,0.01757568374575172,0.02202080178883472
574,0.02264881614799737,0.02108299500270002,0.02108299500270002,0.011374381089274133,0.02526326997816302,0.01757568374575172,0.022506108715310415
580,0.02264881614799737,0.02108299500270002,0.02108299500270002,0.0280410477559408,0.019707714422607468,0.014185853237277142,0.021611324069620852
591,0.02264881614799737,0.02108299500270002,0.02108299500270002,0.011374381089274133,0.01692993664482969,0.01757568374575172,0.02353738593407127
604,0.02264881614799737,0.02108299500270002,0.02108299500270002,0.011374381089274133,0.014152158867051911,0.024355344762700872,0.022733596337095898
608,0.02264881614799737,0.02108299500270002,0.02108299500270002,0.011374381089274133,0.01692993664482969,0.01757568374575172,0.022748762178548265
623,0.02264881614799737,0.02108299500270002,0.02108299500270002,0.011374381089274133,0.01692993664482969,0.01757568374575172,0.02303691316614321
637,0.02264881614799737,0.02108299500270002,0.02108299500270002,0.0280410477559408,0.0280410477559408,0.014185853237277142,0.02159615822816849
648,0.02264881614799737,0.02108299500270002,0.02108299500270002,0.044707714422607465,0.02526326997816302,0.024355344762700872,0.021656821593977946
650,0.02264881614799737,0.02108299500270002,0.02108299500270002,0.036374381089274134,0.02526326997816302,0.01757568374575172,0.021399002289287733
660,0.02264881614799737,0.02108299500270002,0.02108299500270002,0.011374381089274133,0.02526326997816302,0.027745175271175447,0.02267293297128644
673,0.02264881614799737,0.02108299500270002,0.02108299500270002,0.011374381089274133,0.01692993664482969,0.024355344762700872,0.023097576531952674
677,0.02264881614799737,0.02108299500270002,0.02108299500270002,0.0280410477559408,0.019707714422607468,0.031135005779650025,0.021808480008501604
678,0.02264881614799737,0.02108299500270002,0.02108299500270002,0.011374381089274133,0.022485492200385242,0.024355344762700872,0.022748762178548265
699,0.02264881614799737,0.02108299500270002,0.02108299500270002,0.036374381089274134,0.0280410477559408,0.020965514254226294,0.021914640898668163
711,0.02264881614799737,0.02108299500270002,0.02108299500270002,0.011374381089274133,0.019707714422607468,0.020965514254226294,0.022794259702905363
723,0.02264881614799737,0.02108299500270002,0.02108299500270002,0.011374381089274133,0.01692993664482969,0.024355344762700872,0.02246061119095332
744,0.02264881614799737,0.02108299500270002,0.02108299500270002,0.011374381089274133,0.01692993664482969,0.024355344762700872,0.022490942873858052
757,0.02264881614799737,0.02108299500270002,0.02108299500270002,0.011374381089274133,0.01692993664482969,0.031135005779650025,0.02285492306871482
763,0.02264881614799737,0.02108299500270002,0.02108299500270002,0.011374381089274133,0.019707714422607468,0.024355344762700872,0.02256677208111988
818,0.02264881614799737,0.02108299500270002,0.02108299500270002,0.011374381089274133,0.01692993664482969,0.027745175271175447,0.02320373742211923
822,0.02264881614799737,0.02108299500270002,0.02108299500270002,0.011374381089274133,0.01692993664482969,0.01757568374575172,0.02353738593407127
842,0.02264881614799737,0.02108299500270002,0.02108299500270002,0.019707714422607468,0.02526326997816302,0.034524836288124604,0.02159615822816849
843,0.02264881614799737,0.02108299500270002,0.02108299500270002,0.036374381089274134,0.022485492200385242,0.020965514254226294,0.02148999733800193
845,0.02264881614799737,0.02108299500270002,0.02108299500270002,0.011374381089274133,0.022485492200385242,0.027745175271175447,0.022748762178548265
849,0.02264881614799737,0.02108299500270002,0.02108299500270002,0.019707714422607468,0.019707714422607468,0.024355344762700872,0.022172460203358377
861,0.02264881614799737,0.02108299500270002,0.02108299500270002,0.019707714422607468,0.019707714422607468,0.01757568374575172,0.02148999733800193
884,0.02264881614799737,0.02108299500270002,0.02108299500270002,0.036374381089274134,0.030818825533718577,0.024355344762700872,0.021671987435430314
885,0.02264881614799737,0.02108299500270002,0.02108299500270002,0.0280410477559408,0.022485492200385242,0.027745175271175447,0.02148999733800193
901,0.02264881614799737,0.02108299500270002,0.02108299500270002,0.011374381089274133,0.022485492200385242,0.024355344762700872,0.022839757227262458
922,0.02264881614799737,0.02108299500270002,0.02108299500270002,0.036374381089274134,0.019707714422607468,0.020965514254226294,0.021535494862359023
940,0.02264881614799737,0.02108299500270002,0.02108299500270002,0.0280410477559408,0.019707714422607468,0.020965514254226294,0.021762982484144506
971,0.02264881614799737,0.02108299500270002,0.02108299500270002,0.019707714422607468,0.019707714422607468,0.01757568374575172,0.021732650801239775
995,0.02264881614799737,0.02108299500270002,0.02108299500270002,0.011374381089274133,0.014152158867051911,0.020965514254226294,0.024098522067808794
007,0.022610913431636032,0.020451283063344365,0.020451283063344365,0.011374381089274133,0.01692993664482969,0.024355344762700872,0.023491888409714175
016,0.022610913431636032,0.020451283063344365,0.020451283063344365,0.011374381089274133,0.01692993664482969,0.014185853237277142,0.022657767129834073
037,0.022610913431636032,0.020451283063344365,0.020451283063344365,0.019707714422607468,0.019707714422607468,0.020965514254226294,0.021793314167049237
038,0.022610913431636032,0.020451283063344365,0.020451283063344365,0.011374381089274133,0.01692993664482969,0.024355344762700872,0.022581937922572244
058,0.022610913431636032,0.020451283063344365,0.020451283063344365,0.011374381089274133,0.02526326997816302,0.024355344762700872,0.022627435446929342
061,0.022610913431636032,0.020451283063344365,0.020451283063344365,0.019707714422607468,0.030818825533718577,0.024355344762700872,0.022278621093524936
062,0.022610913431636032,0.020451283063344365,0.020451283063344365,0.0280410477559408,0.02526326997816302,0.024355344762700872,0.021459665655097198
066,0.022610913431636032,0.020451283063344365,0.020451283063344365,0.0280410477559408,0.0280410477559408,0.01757568374575172,0.021808480008501604
094,0.022610913431636032,0.020451283063344365,0.020451283063344365,0.011374381089274133,0.01692993664482969,0.024355344762700872,0.023006581483238482
095,0.022610913431636032,0.020451283063344365,0.020451283063344365,0.0280410477559408,0.019707714422607468,0.024355344762700872,0.021869143374311065
103,0.022610913431636032,0.020451283063344365,0.020451283063344365,0.019707714422607468,0.02526326997816302,0.027745175271175447,0.022187626044810744
118,0.022610913431636032,0.020451283063344365,0.020451283063344365,0.0280410477559408,0.022485492200385242,0.020965514254226294,0.02182364584995397
120,0.022610913431636032,0.020451283063344365,0.020451283063344365,0.036374381089274134,0.03359660331149635,0.014185853237277142,0.021914640898668163
122,0.022610913431636032,0.020451283063344365,0.020451283063344365,0.019707714422607468,0.014152158867051911,0.027745175271175447,0.021641655752525583
167,0.022610913431636032,0.020451283063344365,0.020451283063344365,0.0280410477559408,0.02526326997816302,0.010796022728802566,0.021535494862359023
181,0.022610913431636032,0.020451283063344365,0.020451283063344365,0.0280410477559408,0.019707714422607468,0.020965514254226294,0.02168715327688268
193,0.022610913431636032,0.020451283063344365,0.020451283063344365,0.019707714422607468,0.02526326997816302,0.01757568374575172,0.021793314167049237
207,0.022610913431636032,0.020451283063344365,0.020451283063344365,0.019707714422607468,0.019707714422607468,0.020965514254226294,0.021732650801239775
211,0.022610913431636032,0.020451283063344365,0.020451283063344365,0.0280410477559408,0.019707714422607468,0.014185853237277142,0.021808480008501604
226,0.022610913431636032,0.020451283063344365,0.020451283063344365,0.019707714422607468,0.01692993664482969,0.020965514254226294,0.021944972581572894
230,0.022610913431636032,0.020451283063344365,0.020451283063344365,0.011374381089274133,0.019707714422607468,0.027745175271175447,0.02253644039821515
233,0.022610913431636032,0.020451283063344365,0.020451283063344365,0.0280410477559408,0.019707714422607468,0.024355344762700872,0.02144449981364483
262,0.022610913431636032,0.020451283063344365,0.020451283063344365,0.011374381089274133,0.01692993664482969,0.020965514254226294,0.022703264654191167
295,0.022610913431636032,0.020451283063344365,0.020451283063344365,0.019707714422607468,0.022485492200385242,0.014185853237277142,0.021747816642692142
320,0.022610913431636032,0.020451283063344365,0.020451283063344365,0.019707714422607468,0.019707714422607468,0.024355344762700872,0.021914640898668163
345,0.022610913431636032,0.020451283063344365,0.020451283063344365,0.0280410477559408,0.022485492200385242,0.01757568374575172,0.02159615822816849
357,0.022610913431636032,0.020451283063344365,0.020451283063344365,0.019707714422607468,0.0280410477559408,0.020965514254226294,0.021520329020906656
367,0.022610913431636032,0.020451283063344365,0.020451283063344365,0.044707714422607465,0.0280410477559408,0.024355344762700872,0.02144449981364483
386,0.022610913431636032,0.020451283063344365,0.020451283063344365,0.019707714422607468,0.014152158867051911,0.01757568374575172,0.02158099238671612
401,0.022610913431636032,0.020451283063344365,0.020451283063344365,0.011374381089274133,0.02526326997816302,0.031135005779650025,0.022642601288381706
405,0.022610913431636032,0.020451283063344365,0.020451283063344365,0.019707714422607468,0.022485492200385242,0.020965514254226294,0.02212696267900128
408,0.022610913431636032,0.020451283063344365,0.020451283063344365,0.0280410477559408,0.019707714422607468,0.01757568374575172,0.02144449981364483
425,0.022610913431636032,0.020451283063344365,0.020451283063344365,0.011374381089274133,0.022485492200385242,0.01757568374575172,0.022642601288381706
455,0.022610913431636032,0.020451283063344365,0.020451283063344365,0.011374381089274133,0.02526326997816302,0.024355344762700872,0.022308952776429667
480,0.022610913431636032,0.020451283063344365,0.020451283063344365,0.019707714422607468,0.01692993664482969,0.024355344762700872,0.021459665655097198
487,0.022610913431636032,0.020451283063344365,0.020451283063344365,0.011374381089274133,0.01692993664482969,0.01757568374575172,0.023355395836642884
511,0.022610913431636032,0.020451283063344365,0.020451283063344365,0.0280410477559408,0.019707714422607468,0.01757568374575172,0.021793314167049237
515,0.022610913431636032,0.020451283063344365,0.020451283063344365,0.019707714422607468,0.022485492200385242,0.020965514254226294,0.02196013842302526
531,0.022610913431636032,0.020451283063344365,0.020451283063344365,0.019707714422607468,0.02526326997816302,0.014185853237277142,0.02155066070381139
535,0.022610913431636032,0.020451283063344365,0.020451283063344365,0.011374381089274133,0.014152158867051911,0.01757568374575172,0.02347672256826181
541,0.022610913431636032,0.020451283063344365,0.020451283063344365,0.0280410477559408,0.01692993664482969,0.024355344762700872,0.02147483149654956
548,0.022610913431636032,0.020451283063344365,0.020451283063344365,0.0280410477559408,0.022485492200385242,0.014185853237277142,0.021611324069620852
550,0.022610913431636032,0.020451283063344365,0.020451283063344365,0.036374381089274134,0.02526326997816302,0.020965514254226294,0.021747816642692142
571,0.022610913431636032,0.020451283063344365,0.020451283063344365,0.019707714422607468,0.02526326997816302,0.020965514254226294,0.021702319118335044
581,0.022610913431636032,0.020451283063344365,0.020451283063344365,0.011374381089274133,0.01692993664482969,0.020965514254226294,0.022657767129834073
593,0.022610913431636032,0.020451283063344365,0.020451283063344365,0.0280410477559408,0.022485492200385242,0.014185853237277142,0.022187626044810744
598,0.022610913431636032,0.020451283063344365,0.020451283063344365,0.011374381089274133,0.014152158867051911,0.01757568374575172,0.023507054251166542
613,0.022610913431636032,0.020451283063344365,0.020451283063344365,0.019707714422607468,0.030818825533718577,0.014185853237277142,0.02155066070381139
617,0.022610913431636032,0.020451283063344365,0.020451283063344365,0.019707714422607468,0.022485492200385242,0.024355344762700872,0.022081465154644184
640,0.022610913431636032,0.020451283063344365,0.020451283063344365,0.019707714422607468,0.02526326997816302,0.024355344762700872,0.021565826545263754
670,0.022610913431636032,0.020451283063344365,0.020451283063344365,0.0280410477559408,0.02526326997816302,0.020965514254226294,0.0218539775328587
685,0.022610913431636032,0.020451283063344365,0.020451283063344365,0.0280410477559408,0.022485492200385242,0.01757568374575172,0.02138383644783537
701,0.022610913431636032,0.020451283063344365,0.020451283063344365,0.011374381089274133,0.014152158867051911,0.027745175271175447,0.022824591385810094
739,0.022610913431636032,0.020451283063344365,0.020451283063344365,0.011374381089274133,0.022485492200385242,0.020965514254226294,0.022339284459334394
743,0.022610913431636032,0.020451283063344365,0.020451283063344365,0.019707714422607468,0.019707714422607468,0.01757568374575172,0.022035967630287086
771,0.022610913431636032,0.020451283063344365,0.020451283063344365,0.011374381089274133,0.019707714422607468,0.024355344762700872,0.022733596337095898
785,0.022610913431636032,0.020451283063344365,0.020451283063344365,0.0280410477559408,0.022485492200385242,0.01757568374575172,0.021611324069620852
825,0.022610913431636032,0.020451283063344365,0.020451283063344365,0.011374381089274133,0.014152158867051911,0.014185853237277142,0.022885254751619555
838,0.022610913431636032,0.020451283063344365,0.020451283063344365,0.019707714422607468,0.022485492200385242,0.024355344762700872,0.021611324069620852
863,0.022610913431636032,0.020451283063344365,0.020451283063344365,0.036374381089274134,0.02526326997816302,0.024355344762700872,0.021778148325596873
881,0.022610913431636032,0.020451283063344365,0.020451283063344365,0.019707714422607468,0.022485492200385242,0.024355344762700872,0.02147483149654956
912,0.022610913431636032,0.020451283063344365,0.020451283063344365,0.011374381089274133,0.01692993664482969,0.01757568374575172,0.023325064153738157
935,0.022610913431636032,0.020451283063344365,0.020451283063344365,0.0280410477559408,0.01692993664482969,0.020965514254226294,0.021399002289287733
953,0.022610913431636032,0.020451283063344365,0.020451283063344365,0.011374381089274133,0.01692993664482969,0.024355344762700872,0.022521274556762783
973,0.022610913431636032,0.020451283063344365,0.020451283063344365,0.011374381089274133,0.019707714422607468,0.014185853237277142,0.022779093861453
999,0.022610913431636032,0.020451283063344365,0.020451283063344365,0.0280410477559408,0.022485492200385242,0.014185853237277142,0.021702319118335044
002,0.02257301071527469,0.019819571123988713,0.019819571123988713,0.019707714422607468,0.01692993664482969,0.01757568374575172,0.021702319118335044
051,0.02257301071527469,0.019819571123988713,0.019819571123988713,0.019707714422607468,0.0280410477559408,0.014185853237277142,0.021535494862359023
060,0.02257301071527469,0.019819571123988713,0.019819571123988713,0.019707714422607468,0.01692993664482969,0.020965514254226294,0.022248289410620202
072,0.02257301071527469,0.019819571123988713,0.019819571123988713,0.0280410477559408,0.01692993664482969,0.01757568374575172,0.022051133471739454
082,0.02257301071527469,0.019819571123988713,0.019819571123988713,0.0530410477559408,0.030818825533718577,0.01757568374575172,0.02148999733800193
142,0.02257301071527469,0.019819571123988713,0.019819571123988713,0.019707714422607468,0.01692993664482969,0.027745175271175447,0.02226345525207257
160,0.02257301071527469,0.019819571123988713,0.019819571123988713,0.036374381089274134,0.0280410477559408,0.024355344762700872,0.0214141681307401
171,0.02257301071527469,0.019819571123988713,0.019819571123988713,0.011374381089274133,0.022485492200385242,0.020965514254226294,0.022521274556762783
182,0.02257301071527469,0.019819571123988713,0.019819571123988713,0.011374381089274133,0.014152158867051911,0.024355344762700872,0.02246061119095332
218,0.02257301071527469,0.019819571123988713,0.019819571123988713,0.011374381089274133,0.019707714422607468,0.01757568374575172,0.02276392802000063
222,0.02257301071527469,0.019819571123988713,0.019819571123988713,0.011374381089274133,0.01692993664482969,0.034524836288124604,0.022748762178548265
256,0.02257301071527469,0.019819571123988713,0.019819571123988713,0.0280410477559408,0.019707714422607468,0.01757568374575172,0.021626489911073216
287,0.02257301071527469,0.019819571123988713,0.019819571123988713,0.036374381089274134,0.0280410477559408,0.01757568374575172,0.021747816642692142
288,0.02257301071527469,0.019819571123988713,0.019819571123988713,0.011374381089274133,0.01692993664482969,0.010796022728802566,0.02290042059307192
293,0.02257301071527469,0.019819571123988713,0.019819571123988713,0.044707714422607465,0.02526326997816302,0.031135005779650025,0.02147483149654956
303,0.02257301071527469,0.019819571123988713,0.019819571123988713,0.011374381089274133,0.01692993664482969,0.020965514254226294,0.023264400787928692
324,0.02257301071527469,0.019819571123988713,0.019819571123988713,0.011374381089274133,0.019707714422607468,0.020965514254226294,0.022445445349500954
328,0.02257301071527469,0.019819571123988713,0.019819571123988713,0.011374381089274133,0.019707714422607468,0.014185853237277142,0.022718430495643534
372,0.02257301071527469,0.019819571123988713,0.019819571123988713,0.036374381089274134,0.022485492200385242,0.014185853237277142,0.02155066070381139
378,0.02257301071527469,0.019819571123988713,0.019819571123988713,0.011374381089274133,0.01692993664482969,0.024355344762700872,0.023127908214857402
387,0.02257301071527469,0.019819571123988713,0.019819571123988713,0.011374381089274133,0.01692993664482969,0.01757568374575172,0.022870088910167192
393,0.02257301071527469,0.019819571123988713,0.019819571123988713,0.011374381089274133,0.022485492200385242,0.010796022728802566,0.023158239897762136
418,0.02257301071527469,0.019819571123988713,0.019819571123988713,0.019707714422607468,0.022485492200385242,0.020965514254226294,0.02226345525207257
440,0.02257301071527469,0.019819571123988713,0.019819571123988713,0.019707714422607468,0.02526326997816302,0.014185853237277142,0.02202080178883472
457,0.02257301071527469,0.019819571123988713,0.019819571123988713,0.019707714422607468,0.019707714422607468,0.020965514254226294,0.021656821593977946
466,0.02257301071527469,0.019819571123988713,0.019819571123988713,0.011374381089274133,0.019707714422607468,0.020965514254226294,0.02246061119095332
486,0.02257301071527469,0.019819571123988713,0.019819571123988713,0.019707714422607468,0.014152158867051911,0.027745175271175447,0.022172460203358377
499,0.02257301071527469,0.019819571123988713,0.019819571123988713,0.011374381089274133,0.01692993664482969,0.024355344762700872,0.022870088910167192
533,0.02257301071527469,0.019819571123988713,0.019819571123988713,0.044707714422607465,0.02526326997816302,0.01757568374575172,0.02144449981364483
544,0.02257301071527469,0.019819571123988713,0.019819571123988713,0.0280410477559408,0.019707714422607468,0.024355344762700872,0.021899475057215796
552,0.02257301071527469,0.019819571123988713,0.019819571123988713,0.011374381089274133,0.011374381089274133,0.010796022728802566,0.02411368790926116
570,0.02257301071527469,0.019819571123988713,0.019819571123988713,0.0280410477559408,0.022485492200385242,0.020965514254226294,0.021747816642692142
600,0.02257301071527469,0.019819571123988713,0.019819571123988713,0.011374381089274133,0.011374381089274133,0.014185853237277142,0.02411368790926116
607,0.02257301071527469,0.019819571123988713,0.019819571123988713,0.019707714422607468,0.014152158867051911,0.031135005779650025,0.021944972581572894
656,0.02257301071527469,0.019819571123988713,0.019819571123988713,0.019707714422607468,0.01692993664482969,0.027745175271175447,0.021899475057215796
706,0.02257301071527469,0.019819571123988713,0.019819571123988713,0.019707714422607468,0.019707714422607468,0.024355344762700872,0.022248289410620202
722,0.02257301071527469,0.019819571123988713,0.019819571123988713,0.011374381089274133,0.019707714422607468,0.020965514254226294,0.022885254751619555
733,0.02257301071527469,0.019819571123988713,0.019819571123988713,0.044707714422607465,0.03359660331149635,0.01757568374575172,0.021429333972192464
750,0.02257301071527469,0.019819571123988713,0.019819571123988713,0.011374381089274133,0.014152158867051911,0.020965514254226294,0.02402269286054697
759,0.02257301071527469,0.019819571123988713,0.019819571123988713,0.019707714422607468,0.01692993664482969,0.01757568374575172,0.022035967630287086
767,0.02257301071527469,0.019819571123988713,0.019819571123988713,0.0280410477559408,0.03359660331149635,0.01757568374575172,0.021838811691406335
806,0.02257301071527469,0.019819571123988713,0.019819571123988713,0.019707714422607468,0.01692993664482969,0.01757568374575172,0.021747816642692142
830,0.02257301071527469,0.019819571123988713,0.019819571123988713,0.019707714422607468,0.019707714422607468,0.024355344762700872,0.021732650801239775
834,0.02257301071527469,0.019819571123988713,0.019819571123988713,0.019707714422607468,0.022485492200385242,0.024355344762700872,0.02211179683754891
839,0.02257301071527469,0.019819571123988713,0.019819571123988713,0.0280410477559408,0.0280410477559408,0.024355344762700872,0.021535494862359023
846,0.02257301071527469,0.019819571123988713,0.019819571123988713,0.019707714422607468,0.019707714422607468,0.01757568374575172,0.02182364584995397
899,0.02257301071527469,0.019819571123988713,0.019819571123988713,0.0280410477559408,0.01692993664482969,0.020965514254226294,0.02168715327688268
925,0.02257301071527469,0.019819571123988713,0.019819571123988713,0.011374381089274133,0.011374381089274133,0.024355344762700872,0.02411368790926116
926,0.02257301071527469,0.019819571123988713,0.019819571123988713,0.011374381089274133,0.014152158867051911,0.020965514254226294,0.022475777032405685
961,0.02257301071527469,0.019819571123988713,0.019819571123988713,0.0280410477559408,0.02526326997816302,0.01757568374575172,0.021535494862359023
977,0.02257301071527469,0.019819571123988713,0.019819571123988713,0.0280410477559408,0.022485492200385242,0.020965514254226294,0.021611324069620852
004,0.022535107998913353,0.019187859184633057,0.019187859184633057,0.019707714422607468,0.01692993664482969,0.020965514254226294,0.021520329020906656
027,0.022535107998913353,0.019187859184633057,0.019187859184633057,0.019707714422607468,0.01692993664482969,0.01757568374575172,0.02211179683754891
033,0.022535107998913353,0.019187859184633057,0.019187859184633057,0.019707714422607468,0.022485492200385242,0.01757568374575172,0.02182364584995397
068,0.022535107998913353,0.019187859184633057,0.019187859184633057,0.019707714422607468,0.01692993664482969,0.034524836288124604,0.021565826545263754
069,0.022535107998913353,0.019187859184633057,0.019187859184633057,0.011374381089274133,0.014152158867051911,0.020965514254226294,0.02347672256826181
105,0.022535107998913353,0.019187859184633057,0.019187859184633057,0.011374381089274133,0.019707714422607468,0.020965514254226294,0.022415113666596223
220,0.022535107998913353,0.019187859184633057,0.019187859184633057,0.019707714422607468,0.01692993664482969,0.027745175271175447,0.022172460203358377
235,0.022535107998913353,0.019187859184633057,0.019187859184633057,0.0280410477559408,0.0280410477559408,0.014185853237277142,0.021565826545263754
247,0.022535107998913353,0.019187859184633057,0.019187859184633057,0.011374381089274133,0.019707714422607468,0.031135005779650025,0.0222937869349773
271,0.022535107998913353,0.019187859184633057,0.019187859184633057,0.0280410477559408,0.0280410477559408,0.01757568374575172,0.0214141681307401
333,0.022535107998913353,0.019187859184633057,0.019187859184633057,0.019707714422607468,0.019707714422607468,0.027745175271175447,0.02144449981364483
338,0.022535107998913353,0.019187859184633057,0.019187859184633057,0.011374381089274133,0.014152158867051911,0.01757568374575172,0.0231734057392145
351,0.022535107998913353,0.019187859184633057,0.019187859184633057,0.0280410477559408,0.022485492200385242,0.01757568374575172,0.021656821593977946
377,0.022535107998913353,0.019187859184633057,0.019187859184633057,0.0280410477559408,0.019707714422607468,0.027745175271175447,0.02147483149654956
445,0.022535107998913353,0.019187859184633057,0.019187859184633057,0.011374381089274133,0.019707714422607468,0.01757568374575172,0.022915586434524286
469,0.022535107998913353,0.019187859184633057,0.019187859184633057,0.011374381089274133,0.01692993664482969,0.010796022728802566,0.022627435446929342
497,0.022535107998913353,0.019187859184633057,0.019187859184633057,0.019707714422607468,0.01692993664482969,0.024355344762700872,0.02215729436190601
501,0.022535107998913353,0.019187859184633057,0.019187859184633057,0.019707714422607468,0.019707714422607468,0.020965514254226294,0.021778148325596873
502,0.022535107998913353,0.019187859184633057,0.019187859184633057,0.0280410477559408,0.022485492200385242,0.014185853237277142,0.02148999733800193
505,0.022535107998913353,0.019187859184633057,0.019187859184633057,0.011374381089274133,0.019707714422607468,0.014185853237277142,0.02235445030078676
527,0.022535107998913353,0.019187859184633057,0.019187859184633057,0.0280410477559408,0.022485492200385242,0.010796022728802566,0.021671987435430314
551,0.022535107998913353,0.019187859184633057,0.019187859184633057,0.019707714422607468,0.022485492200385242,0.01757568374575172,0.021975304264477625
693,0.022535107998913353,0.019187859184633057,0.019187859184633057,0.0280410477559408,0.022485492200385242,0.024355344762700872,0.021899475057215796
700,0.022535107998913353,0.019187859184633057,0.019187859184633057,0.019707714422607468,0.019707714422607468,0.020965514254226294,0.021399002289287733
754,0.022535107998913353,0.019187859184633057,0.019187859184633057,0.019707714422607468,0.019707714422607468,0.027745175271175447,0.02138383644783537
789,0.022535107998913353,0.019187859184633057,0.019187859184633057,0.019707714422607468,0.01692993664482969,0.014185853237277142,0.021505163179454292
792,0.022535107998913353,0.019187859184633057,0.019187859184633057,0.019707714422607468,0.019707714422607468,0.020965514254226294,0.02196013842302526
805,0.022535107998913353,0.019187859184633057,0.019187859184633057,0.011374381089274133,0.011374381089274133,0.01757568374575172,0.02411368790926116
864,0.022535107998913353,0.019187859184633057,0.019187859184633057,0.0280410477559408,0.019707714422607468,0.01757568374575172,0.021702319118335044
868,0.022535107998913353,0.019187859184633057,0.019187859184633057,0.011374381089274133,0.014152158867051911,0.027745175271175447,0.022369616142239125
914,0.022535107998913353,0.019187859184633057,0.019187859184633057,0.0280410477559408,0.01692993664482969,0.01757568374575172,0.021641655752525583
947,0.022535107998913353,0.019187859184633057,0.019187859184633057,0.011374381089274133,0.019707714422607468,0.020965514254226294,0.022733596337095898
967,0.022535107998913353,0.019187859184633057,0.019187859184633057,0.036374381089274134,0.02526326997816302,0.014185853237277142,0.02138383644783537
056,0.022497205282552012,0.018556147245277405,0.018556147245277405,0.011374381089274133,0.014152158867051911,0.024355344762700872,0.022627435446929342
091,0.022497205282552012,0.018556147245277405,0.018556147245277405,0.0280410477559408,0.022485492200385242,0.01757568374575172,0.021626489911073216
134,0.022497205282552012,0.018556147245277405,0.018556147245277405,0.0280410477559408,0.019707714422607468,0.014185853237277142,0.02171748495978741
144,0.022497205282552012,0.018556147245277405,0.018556147245277405,0.019707714422607468,0.01692993664482969,0.01757568374575172,0.02144449981364483
146,0.022497205282552012,0.018556147245277405,0.018556147245277405,0.011374381089274133,0.01692993664482969,0.024355344762700872,0.022870088910167192
184,0.022497205282552012,0.018556147245277405,0.018556147245277405,0.011374381089274133,0.014152158867051911,0.020965514254226294,0.02243027950804859
231,0.022497205282552012,0.018556147245277405,0.018556147245277405,0.011374381089274133,0.01692993664482969,0.01757568374575172,0.02314307405630977
234,0.022497205282552012,0.018556147245277405,0.018556147245277405,0.011374381089274133,0.014152158867051911,0.034524836288124604,0.02367387850714256
238,0.022497205282552012,0.018556147245277405,0.018556147245277405,0.019707714422607468,0.019707714422607468,0.020965514254226294,0.021975304264477625
242,0.022497205282552012,0.018556147245277405,0.018556147245277405,0.0280410477559408,0.022485492200385242,0.014185853237277142,0.0214141681307401
255,0.022497205282552012,0.018556147245277405,0.018556147245277405,0.011374381089274133,0.019707714422607468,0.020965514254226294,0.022748762178548265
298,0.022497205282552012,0.018556147245277405,0.018556147245277405,0.019707714422607468,0.019707714422607468,0.014185853237277142,0.02168715327688268
323,0.022497205282552012,0.018556147245277405,0.018556147245277405,0.0280410477559408,0.022485492200385242,0.014185853237277142,0.0214141681307401
354,0.022497205282552012,0.018556147245277405,0.018556147245277405,0.0280410477559408,0.02526326997816302,0.024355344762700872,0.021459665655097198
374,0.022497205282552012,0.018556147245277405,0.018556147245277405,0.019707714422607468,0.02526326997816302,0.020965514254226294,0.02147483149654956
397,0.022497205282552012,0.018556147245277405,0.018556147245277405,0.011374381089274133,0.01692993664482969,0.010796022728802566,0.02378003939730912
406,0.022497205282552012,0.018556147245277405,0.018556147245277405,0.036374381089274134,0.02526326997816302,0.010796022728802566,0.021520329020906656
415,0.022497205282552012,0.018556147245277405,0.018556147245277405,0.011374381089274133,0.014152158867051911,0.014185853237277142,0.02364354682423783
453,0.022497205282552012,0.018556147245277405,0.018556147245277405,0.019707714422607468,0.022485492200385242,0.01757568374575172,0.021399002289287733
477,0.022497205282552012,0.018556147245277405,0.018556147245277405,0.011374381089274133,0.019707714422607468,0.020965514254226294,0.022506108715310415
506,0.022497205282552012,0.018556147245277405,0.018556147245277405,0.011374381089274133,0.01692993664482969,0.027745175271175447,0.02334022999519052
512,0.022497205282552012,0.018556147245277405,0.018556147245277405,0.019707714422607468,0.01692993664482969,0.031135005779650025,0.022202791886263108
513,0.022497205282552012,0.018556147245277405,0.018556147245277405,0.019707714422607468,0.019707714422607468,0.010796022728802566,0.021869143374311065
584,0.022497205282552012,0.018556147245277405,0.018556147245277405,0.011374381089274133,0.01692993664482969,0.024355344762700872,0.02235445030078676
588,0.022497205282552012,0.018556147245277405,0.018556147245277405,0.011374381089274133,0.01692993664482969,0.014185853237277142,0.022490942873858052
626,0.022497205282552012,0.018556147245277405,0.018556147245277405,0.011374381089274133,0.014152158867051911,0.020965514254226294,0.022642601288381706
664,0.022497205282552012,0.018556147245277405,0.018556147245277405,0.019707714422607468,0.019707714422607468,0.01757568374575172,0.021565826545263754
680,0.022497205282552012,0.018556147245277405,0.018556147245277405,0.019707714422607468,0.019707714422607468,0.024355344762700872,0.021914640898668163
713,0.022497205282552012,0.018556147245277405,0.018556147245277405,0.011374381089274133,0.022485492200385242,0.014185853237277142,0.022445445349500954
717,0.022497205282552012,0.018556147245277405,0.018556147245277405,0.019707714422607468,0.02526326997816302,0.01757568374575172,0.021656821593977946
734,0.022497205282552012,0.018556147245277405,0.018556147245277405,0.019707714422607468,0.02526326997816302,0.020965514254226294,0.021762982484144506
797,0.022497205282552012,0.018556147245277405,0.018556147245277405,0.019707714422607468,0.01692993664482969,0.020965514254226294,0.021793314167049237
821,0.022497205282552012,0.018556147245277405,0.018556147245277405,0.011374381089274133,0.01692993664482969,0.020965514254226294,0.02235445030078676
826,0.022497205282552012,0.018556147245277405,0.018556147245277405,0.011374381089274133,0.019707714422607468,0.024355344762700872,0.022490942873858052
886,0.022497205282552012,0.018556147245277405,0.018556147245277405,0.011374381089274133,0.01692993664482969,0.01757568374575172,0.02338572751954762
958,0.022497205282552012,0.018556147245277405,0.018556147245277405,0.011374381089274133,0.014152158867051911,0.014185853237277142,0.023962029494737504
987,0.022497205282552012,0.018556147245277405,0.018556147245277405,0.011374381089274133,0.019707714422607468,0.014185853237277142,0.022688098812738804
006,0.022459302566190675,0.01792443530592175,0.01792443530592175,0.0280410477559408,0.022485492200385242,0.014185853237277142,0.0214141681307401
008,0.022459302566190675,0.01792443530592175,0.01792443530592175,0.019707714422607468,0.022485492200385242,0.020965514254226294,0.021702319118335044
055,0.022459302566190675,0.01792443530592175,0.01792443530592175,0.011374381089274133,0.02526326997816302,0.014185853237277142,0.02290042059307192
176,0.022459302566190675,0.01792443530592175,0.01792443530592175,0.011374381089274133,0.014152158867051911,0.020965514254226294,0.023188571580666867
204,0.022459302566190675,0.01792443530592175,0.01792443530592175,0.019707714422607468,0.022485492200385242,0.01757568374575172,0.022248289410620202
227,0.022459302566190675,0.01792443530592175,0.01792443530592175,0.019707714422607468,0.019707714422607468,0.01757568374575172,0.021641655752525583
269,0.022459302566190675,0.01792443530592175,0.01792443530592175,0.019707714422607468,0.01692993664482969,0.020965514254226294,0.022066299313191817
304,0.022459302566190675,0.01792443530592175,0.01792443530592175,0.019707714422607468,0.019707714422607468,0.027745175271175447,0.021459665655097198
359,0.022459302566190675,0.01792443530592175,0.01792443530592175,0.011374381089274133,0.022485492200385242,0.024355344762700872,0.022809425544357727
373,0.022459302566190675,0.01792443530592175,0.01792443530592175,0.011374381089274133,0.022485492200385242,0.020965514254226294,0.023188571580666867
436,0.022459302566190675,0.01792443530592175,0.01792443530592175,0.011374381089274133,0.019707714422607468,0.010796022728802566,0.022506108715310415
459,0.022459302566190675,0.01792443530592175,0.01792443530592175,0.011374381089274133,0.011374381089274133,0.010796022728802566,0.02411368790926116
624,0.022459302566190675,0.01792443530592175,0.01792443530592175,0.019707714422607468,0.01692993664482969,0.014185853237277142,0.02171748495978741
628,0.022459302566190675,0.01792443530592175,0.01792443530592175,0.019707714422607468,0.019707714422607468,0.020965514254226294,0.021626489911073216
629,0.022459302566190675,0.01792443530592175,0.01792443530592175,0.0280410477559408,0.01692993664482969,0.014185853237277142,0.02159615822816849
657,0.022459302566190675,0.01792443530592175,0.01792443530592175,0.011374381089274133,0.01692993664482969,0.01757568374575172,0.0222937869349773
667,0.022459302566190675,0.01792443530592175,0.01792443530592175,0.011374381089274133,0.011374381089274133,0.01757568374575172,0.02411368790926116
773,0.022459302566190675,0.01792443530592175,0.01792443530592175,0.036374381089274134,0.030818825533718577,0.01757568374575172,0.021778148325596873
856,0.022459302566190675,0.01792443530592175,0.01792443530592175,0.011374381089274133,0.01692993664482969,0.014185853237277142,0.02256677208111988
952,0.022459302566190675,0.01792443530592175,0.01792443530592175,0.011374381089274133,0.01692993664482969,0.01757568374575172,0.022339284459334394
019,0.022421399849829333,0.017292723366566096,0.017292723366566096,0.019707714422607468,0.019707714422607468,0.014185853237277142,0.021520329020906656
029,0.022421399849829333,0.017292723366566096,0.017292723366566096,0.019707714422607468,0.019707714422607468,0.014185853237277142,0.021671987435430314
040,0.022421399849829333,0.017292723366566096,0.017292723366566096,0.0280410477559408,0.01692993664482969,0.024355344762700872,0.021626489911073216
085,0.022421399849829333,0.017292723366566096,0.017292723366566096,0.019707714422607468,0.01692993664482969,0.014185853237277142,0.021671987435430314
088,0.022421399849829333,0.017292723366566096,0.017292723366566096,0.019707714422607468,0.01692993664482969,0.01757568374575172,0.02212696267900128
275,0.022421399849829333,0.017292723366566096,0.017292723366566096,0.011374381089274133,0.022485492200385242,0.014185853237277142,0.0222937869349773
343,0.022421399849829333,0.017292723366566096,0.017292723366566096,0.011374381089274133,0.01692993664482969,0.010796022728802566,0.022445445349500954
411,0.022421399849829333,0.017292723366566096,0.017292723366566096,0.011374381089274133,0.022485492200385242,0.014185853237277142,0.022551606239667513
443,0.022421399849829333,0.017292723366566096,0.017292723366566096,0.019707714422607468,0.01692993664482969,0.024355344762700872,0.02171748495978741
456,0.022421399849829333,0.017292723366566096,0.017292723366566096,0.0280410477559408,0.01692993664482969,0.020965514254226294,0.02158099238671612
470,0.022421399849829333,0.017292723366566096,0.017292723366566096,0.019707714422607468,0.02526326997816302,0.014185853237277142,0.02212696267900128
474,0.022421399849829333,0.017292723366566096,0.017292723366566096,0.011374381089274133,0.014152158867051911,0.020965514254226294,0.022384781983691492
555,0.022421399849829333,0.017292723366566096,0.017292723366566096,0.019707714422607468,0.01692993664482969,0.020965514254226294,0.021565826545263754
684,0.022421399849829333,0.017292723366566096,0.017292723366566096,0.011374381089274133,0.019707714422607468,0.020965514254226294,0.023112742373405038
714,0.022421399849829333,0.017292723366566096,0.017292723366566096,0.011374381089274133,0.02526326997816302,0.01757568374575172,0.02334022999519052
780,0.022421399849829333,0.017292723366566096,0.017292723366566096,0.011374381089274133,0.01692993664482969,0.010796022728802566,0.022809425544357727
784,0.022421399849829333,0.017292723366566096,0.017292723366566096,0.011374381089274133,0.022485492200385242,0.010796022728802566,0.023021747324690846
808,0.022421399849829333,0.017292723366566096,0.017292723366566096,0.019707714422607468,0.01692993664482969,0.014185853237277142,0.021656821593977946
870,0.022421399849829333,0.017292723366566096,0.017292723366566096,0.0280410477559408,0.022485492200385242,0.014185853237277142,0.021459665655097198
893,0.022421399849829333,0.017292723366566096,0.017292723366566096,0.036374381089274134,0.022485492200385242,0.020965514254226294,0.02155066070381139
041,0.022383497133467996,0.016661011427210444,0.016661011427210444,0.011374381089274133,0.014152158867051911,0.020965514254226294,0.023855868604570948
149,0.022383497133467996,0.016661011427210444,0.016661011427210444,0.011374381089274133,0.014152158867051911,0.014185853237277142,0.022839757227262458
253,0.022383497133467996,0.016661011427210444,0.016661011427210444,0.011374381089274133,0.01692993664482969,0.020965514254226294,0.02285492306871482
259,0.022383497133467996,0.016661011427210444,0.016661011427210444,0.011374381089274133,0.014152158867051911,0.01757568374575172,0.02327956662938106
434,0.022383497133467996,0.016661011427210444,0.016661011427210444,0.036374381089274134,0.02526326997816302,0.024355344762700872,0.021399002289287733
451,0.022383497133467996,0.016661011427210444,0.016661011427210444,0.011374381089274133,0.011374381089274133,0.024355344762700872,0.02411368790926116
576,0.022383497133467996,0.016661011427210444,0.016661011427210444,0.011374381089274133,0.011374381089274133,0.014185853237277142,0.02411368790926116
596,0.022383497133467996,0.016661011427210444,0.016661011427210444,0.0280410477559408,0.019707714422607468,0.014185853237277142,0.021762982484144506
730,0.022383497133467996,0.016661011427210444,0.016661011427210444,0.0280410477559408,0.02526326997816302,0.01757568374575172,0.0214141681307401
783,0.022383497133467996,0.016661011427210444,0.016661011427210444,0.011374381089274133,0.014152158867051911,0.020965514254226294,0.022824591385810094
795,0.022383497133467996,0.016661011427210444,0.016661011427210444,0.0280410477559408,0.022485492200385242,0.01757568374575172,0.021808480008501604
807,0.022383497133467996,0.016661011427210444,0.016661011427210444,0.0280410477559408,0.019707714422607468,0.01757568374575172,0.021399002289287733
812,0.022383497133467996,0.016661011427210444,0.016661011427210444,0.0280410477559408,0.022485492200385242,0.014185853237277142,0.021671987435430314
828,0.022383497133467996,0.016661011427210444,0.016661011427210444,0.011374381089274133,0.022485492200385242,0.010796022728802566,0.023355395836642884
874,0.022383497133467996,0.016661011427210444,0.016661011427210444,0.019707714422607468,0.01692993664482969,0.01757568374575172,0.0218539775328587
924,0.022383497133467996,0.016661011427210444,0.016661011427210444,0.019707714422607468,0.02526326997816302,0.020965514254226294,0.021975304264477625
017,0.022345594417106658,0.016029299487854788,0.016029299487854788,0.036374381089274134,0.02526326997816302,0.014185853237277142,0.021626489911073216
042,0.022345594417106658,0.016029299487854788,0.016029299487854788,0.0280410477559408,0.02526326997816302,0.01757568374575172,0.02171748495978741
090,0.022345594417106658,0.016029299487854788,0.016029299487854788,0.011374381089274133,0.019707714422607468,0.01757568374575172,0.022384781983691492
178,0.022345594417106658,0.016029299487854788,0.016029299487854788,0.019707714422607468,0.01692993664482969,0.014185853237277142,0.02171748495978741
400,0.022345594417106658,0.016029299487854788,0.016029299487854788,0.0280410477559408,0.019707714422607468,0.010796022728802566,0.021535494862359023
658,0.022345594417106658,0.016029299487854788,0.016029299487854788,0.011374381089274133,0.01692993664482969,0.024355344762700872,0.023916531970380406
802,0.022345594417106658,0.016029299487854788,0.016029299487854788,0.011374381089274133,0.014152158867051911,0.024355344762700872,0.022748762178548265
929,0.022345594417106658,0.016029299487854788,0.016029299487854788,0.011374381089274133,0.01692993664482969,0.024355344762700872,0.02235445030078676
968,0.022345594417106658,0.016029299487854788,0.016029299487854788,0.011374381089274133,0.019707714422607468,0.020965514254226294,0.022475777032405685
979,0.022345594417106658,0.016029299487854788,0.016029299487854788,0.011374381089274133,0.01692993664482969,0.020965514254226294,0.022688098812738804
135,0.022307691700745317,0.015397587548499136,0.015397587548499136,0.011374381089274133,0.014152158867051911,0.020965514254226294,0.02285492306871482
315,0.022307691700745317,0.015397587548499136,0.015397587548499136,0.011374381089274133,0.011374381089274133,0.020965514254226294,0.02411368790926116
026,0.02226978898438398,0.014765875609143482,0.014765875609143482,0.011374381089274133,0.011374381089274133,0.024355344762700872,0.02411368790926116
747,0.02226978898438398,0.014765875609143482,0.014765875609143482,0.011374381089274133,0.014152158867051911,0.010796022728802566,0.023658712665690196
