number,probability,raw_model_probability,long_rate,short_rate,recent_long_rate,weekday_rate,gap_signal
662,0.023444773191585493,0.03434894572916875,0.03434894572916875,0.0280410477559408,0.0280410477559408,0.027745175271175447,0.021869143374311065
053,0.023331065042501476,0.03245380991110179,0.03245380991110179,0.0280410477559408,0.022485492200385242,0.024355344762700872,0.02182364584995397
572,0.023331065042501476,0.03245380991110179,0.03245380991110179,0.019707714422607468,0.0280410477559408,0.027745175271175447,0.0218539775328587
369,0.02329316232614014,0.031822097971746136,0.031822097971746136,0.019707714422607468,0.02526326997816302,0.041304497305073753,0.022066299313191817
432,0.02329316232614014,0.031822097971746136,0.031822097971746136,0.036374381089274134,0.03359660331149635,0.024355344762700872,0.021565826545263754
526,0.02329316232614014,0.031822097971746136,0.031822097971746136,0.036374381089274134,0.030818825533718577,0.01757568374575172,0.021793314167049237
592,0.02329316232614014,0.031822097971746136,0.031822097971746136,0.036374381089274134,0.030818825533718577,0.014185853237277142,0.021671987435430314
186,0.023255259609778797,0.03119038603239048,0.03119038603239048,0.019707714422607468,0.030818825533718577,0.024355344762700872,0.02144449981364483
294,0.023255259609778797,0.03119038603239048,0.03119038603239048,0.0280410477559408,0.03359660331149635,0.031135005779650025,0.021399002289287733
370,0.023255259609778797,0.03119038603239048,0.03119038603239048,0.0280410477559408,0.0280410477559408,0.01757568374575172,0.021399002289287733
697,0.023255259609778797,0.03119038603239048,0.03119038603239048,0.036374381089274134,0.030818825533718577,0.01757568374575172,0.021747816642692142
080,0.02321735689341746,0.030558674093034827,0.030558674093034827,0.0530410477559408,0.04470771442260746,0.020965514254226294,0.021869143374311065
114,0.02321735689341746,0.030558674093034827,0.030558674093034827,0.019707714422607468,0.03915215886705191,0.024355344762700872,0.021702319118335044
599,0.02321735689341746,0.030558674093034827,0.030558674093034827,0.036374381089274134,0.0280410477559408,0.031135005779650025,0.021641655752525583
645,0.02321735689341746,0.030558674093034827,0.030558674093034827,0.0280410477559408,0.030818825533718577,0.037914666796599175,0.021944972581572894
867,0.02321735689341746,0.030558674093034827,0.030558674093034827,0.019707714422607468,0.02526326997816302,0.027745175271175447,0.021808480008501604
983,0.02321735689341746,0.030558674093034827,0.030558674093034827,0.019707714422607468,0.030818825533718577,0.014185853237277142,0.022096630996096548
119,0.02317945417705612,0.02992696215367917,0.02992696215367917,0.0280410477559408,0.02526326997816302,0.024355344762700872,0.021702319118335044
179,0.02317945417705612,0.02992696215367917,0.02992696215367917,0.019707714422607468,0.030818825533718577,0.031135005779650025,0.021793314167049237
213,0.02317945417705612,0.02992696215367917,0.02992696215367917,0.019707714422607468,0.022485492200385242,0.027745175271175447,0.02202080178883472
653,0.02317945417705612,0.02992696215367917,0.02992696215367917,0.011374381089274133,0.0280410477559408,0.024355344762700872,0.022581937922572244
875,0.02317945417705612,0.02992696215367917,0.02992696215367917,0.036374381089274134,0.030818825533718577,0.024355344762700872,0.02159615822816849
878,0.02317945417705612,0.02992696215367917,0.02992696215367917,0.019707714422607468,0.019707714422607468,0.024355344762700872,0.02188430921576343
964,0.02317945417705612,0.02992696215367917,0.02992696215367917,0.036374381089274134,0.03359660331149635,0.037914666796599175,0.021838811691406335
052,0.02314155146069478,0.02929525021432352,0.02929525021432352,0.0280410477559408,0.0280410477559408,0.031135005779650025,0.021459665655097198
079,0.02314155146069478,0.02929525021432352,0.02929525021432352,0.011374381089274133,0.01692993664482969,0.01757568374575172,0.02235445030078676
243,0.02314155146069478,0.02929525021432352,0.02929525021432352,0.019707714422607468,0.02526326997816302,0.024355344762700872,0.02182364584995397
473,0.02314155146069478,0.02929525021432352,0.02929525021432352,0.0280410477559408,0.03359660331149635,0.024355344762700872,0.02147483149654956
484,0.02314155146069478,0.02929525021432352,0.02929525021432352,0.011374381089274133,0.019707714422607468,0.024355344762700872,0.022369616142239125
612,0.02314155146069478,0.02929525021432352,0.02929525021432352,0.0280410477559408,0.030818825533718577,0.01757568374575172,0.02147483149654956
676,0.02314155146069478,0.02929525021432352,0.02929525021432352,0.036374381089274134,0.03359660331149635,0.014185853237277142,0.021914640898668163
691,0.02314155146069478,0.02929525021432352,0.02929525021432352,0.0280410477559408,0.036374381089274134,0.020965514254226294,0.0214141681307401
811,0.02314155146069478,0.02929525021432352,0.02929525021432352,0.036374381089274134,0.0280410477559408,0.031135005779650025,0.021899475057215796
848,0.02314155146069478,0.02929525021432352,0.02929525021432352,0.036374381089274134,0.0280410477559408,0.031135005779650025,0.02158099238671612
000,0.02310364874433344,0.028663538274967867,0.028663538274967867,0.0280410477559408,0.03359660331149635,0.031135005779650025,0.021459665655097198
013,0.02310364874433344,0.028663538274967867,0.028663538274967867,0.0280410477559408,0.030818825533718577,0.037914666796599175,0.021641655752525583
057,0.02310364874433344,0.028663538274967867,0.028663538274967867,0.0280410477559408,0.030818825533718577,0.020965514254226294,0.02159615822816849
073,0.02310364874433344,0.028663538274967867,0.028663538274967867,0.0280410477559408,0.0280410477559408,0.027745175271175447,0.02199047010592999
267,0.02310364874433344,0.028663538274967867,0.028663538274967867,0.011374381089274133,0.022485492200385242,0.01757568374575172,0.023097576531952674
326,0.02310364874433344,0.028663538274967867,0.028663538274967867,0.044707714422607465,0.0280410477559408,0.027745175271175447,0.021626489911073216
356,0.02310364874433344,0.028663538274967867,0.028663538274967867,0.019707714422607468,0.022485492200385242,0.01757568374575172,0.021929806740120527
492,0.02310364874433344,0.028663538274967867,0.028663538274967867,0.036374381089274134,0.03359660331149635,0.024355344762700872,0.0214141681307401
522,0.02310364874433344,0.028663538274967867,0.028663538274967867,0.036374381089274134,0.030818825533718577,0.024355344762700872,0.021671987435430314
547,0.02310364874433344,0.028663538274967867,0.028663538274967867,0.036374381089274134,0.03359660331149635,0.031135005779650025,0.021671987435430314
619,0.02310364874433344,0.028663538274967867,0.028663538274967867,0.019707714422607468,0.030818825533718577,0.034524836288124604,0.021505163179454292
661,0.02310364874433344,0.028663538274967867,0.028663538274967867,0.0280410477559408,0.02526326997816302,0.024355344762700872,0.021914640898668163
774,0.02310364874433344,0.028663538274967867,0.028663538274967867,0.019707714422607468,0.03359660331149635,0.037914666796599175,0.02158099238671612
906,0.02310364874433344,0.028663538274967867,0.028663538274967867,0.036374381089274134,0.036374381089274134,0.027745175271175447,0.021399002289287733
957,0.02310364874433344,0.028663538274967867,0.028663538274967867,0.044707714422607465,0.036374381089274134,0.037914666796599175,0.021626489911073216
981,0.02310364874433344,0.028663538274967867,0.028663538274967867,0.044707714422607465,0.030818825533718577,0.020965514254226294,0.021732650801239775
124,0.023065746027972102,0.02803182633561221,0.02803182633561221,0.019707714422607468,0.01692993664482969,0.01757568374575172,0.02159615822816849
151,0.023065746027972102,0.02803182633561221,0.02803182633561221,0.019707714422607468,0.019707714422607468,0.027745175271175447,0.021399002289287733
194,0.023065746027972102,0.02803182633561221,0.02803182633561221,0.019707714422607468,0.022485492200385242,0.027745175271175447,0.022172460203358377
409,0.023065746027972102,0.02803182633561221,0.02803182633561221,0.036374381089274134,0.03359660331149635,0.031135005779650025,0.021626489911073216
422,0.023065746027972102,0.02803182633561221,0.02803182633561221,0.019707714422607468,0.01692993664482969,0.031135005779650025,0.0218539775328587
532,0.023065746027972102,0.02803182633561221,0.02803182633561221,0.019707714422607468,0.030818825533718577,0.020965514254226294,0.022051133471739454
620,0.023065746027972102,0.02803182633561221,0.02803182633561221,0.0280410477559408,0.019707714422607468,0.031135005779650025,0.02147483149654956
724,0.023065746027972102,0.02803182633561221,0.02803182633561221,0.019707714422607468,0.030818825533718577,0.027745175271175447,0.02212696267900128
749,0.023065746027972102,0.02803182633561221,0.02803182633561221,0.0280410477559408,0.022485492200385242,0.01757568374575172,0.021929806740120527
836,0.023065746027972102,0.02803182633561221,0.02803182633561221,0.019707714422607468,0.03359660331149635,0.024355344762700872,0.022187626044810744
854,0.023065746027972102,0.02803182633561221,0.02803182633561221,0.011374381089274133,0.02526326997816302,0.027745175271175447,0.02235445030078676
978,0.023065746027972102,0.02803182633561221,0.02803182633561221,0.011374381089274133,0.022485492200385242,0.034524836288124604,0.022445445349500954
059,0.023027843311610764,0.02740011439625656,0.02740011439625656,0.0280410477559408,0.0280410477559408,0.031135005779650025,0.021929806740120527
081,0.023027843311610764,0.02740011439625656,0.02740011439625656,0.0280410477559408,0.030818825533718577,0.031135005779650025,0.021975304264477625
092,0.023027843311610764,0.02740011439625656,0.02740011439625656,0.011374381089274133,0.0280410477559408,0.037914666796599175,0.022945918117429014
102,0.023027843311610764,0.02740011439625656,0.02740011439625656,0.019707714422607468,0.02526326997816302,0.027745175271175447,0.021399002289287733
112,0.023027843311610764,0.02740011439625656,0.02740011439625656,0.019707714422607468,0.01692993664482969,0.034524836288124604,0.021869143374311065
115,0.023027843311610764,0.02740011439625656,0.02740011439625656,0.0280410477559408,0.030818825533718577,0.027745175271175447,0.021459665655097198
132,0.023027843311610764,0.02740011439625656,0.02740011439625656,0.0530410477559408,0.03359660331149635,0.027745175271175447,0.02148999733800193
206,0.023027843311610764,0.02740011439625656,0.02740011439625656,0.0280410477559408,0.02526326997816302,0.031135005779650025,0.021399002289287733
244,0.023027843311610764,0.02740011439625656,0.02740011439625656,0.019707714422607468,0.022485492200385242,0.024355344762700872,0.02158099238671612
344,0.023027843311610764,0.02740011439625656,0.02740011439625656,0.044707714422607465,0.02526326997816302,0.01757568374575172,0.021459665655097198
358,0.023027843311610764,0.02740011439625656,0.02740011439625656,0.019707714422607468,0.019707714422607468,0.034524836288124604,0.022005635947382356
362,0.023027843311610764,0.02740011439625656,0.02740011439625656,0.011374381089274133,0.01692993664482969,0.020965514254226294,0.02267293297128644
363,0.023027843311610764,0.02740011439625656,0.02740011439625656,0.019707714422607468,0.022485492200385242,0.024355344762700872,0.02212696267900128
395,0.023027843311610764,0.02740011439625656,0.02740011439625656,0.0280410477559408,0.0280410477559408,0.020965514254226294,0.0214141681307401
419,0.023027843311610764,0.02740011439625656,0.02740011439625656,0.019707714422607468,0.01692993664482969,0.020965514254226294,0.021505163179454292
475,0.023027843311610764,0.02740011439625656,0.02740011439625656,0.011374381089274133,0.01692993664482969,0.020965514254226294,0.022657767129834073
491,0.023027843311610764,0.02740011439625656,0.02740011439625656,0.011374381089274133,0.02526326997816302,0.01757568374575172,0.022885254751619555
525,0.023027843311610764,0.02740011439625656,0.02740011439625656,0.0280410477559408,0.022485492200385242,0.014185853237277142,0.02215729436190601
573,0.023027843311610764,0.02740011439625656,0.02740011439625656,0.019707714422607468,0.01692993664482969,0.041304497305073753,0.021793314167049237
606,0.023027843311610764,0.02740011439625656,0.02740011439625656,0.0280410477559408,0.03915215886705191,0.024355344762700872,0.021520329020906656
633,0.023027843311610764,0.02740011439625656,0.02740011439625656,0.044707714422607465,0.030818825533718577,0.024355344762700872,0.02148999733800193
871,0.023027843311610764,0.02740011439625656,0.02740011439625656,0.019707714422607468,0.019707714422607468,0.031135005779650025,0.021778148325596873
932,0.023027843311610764,0.02740011439625656,0.02740011439625656,0.0280410477559408,0.022485492200385242,0.027745175271175447,0.02196013842302526
975,0.023027843311610764,0.02740011439625656,0.02740011439625656,0.019707714422607468,0.022485492200385242,0.024355344762700872,0.021838811691406335
032,0.022989940595249423,0.026768402456900903,0.026768402456900903,0.0280410477559408,0.02526326997816302,0.027745175271175447,0.021611324069620852
035,0.022989940595249423,0.026768402456900903,0.026768402456900903,0.0280410477559408,0.0280410477559408,0.027745175271175447,0.021762982484144506
063,0.022989940595249423,0.026768402456900903,0.026768402456900903,0.036374381089274134,0.03359660331149635,0.024355344762700872,0.02138383644783537
127,0.022989940595249423,0.026768402456900903,0.026768402456900903,0.019707714422607468,0.019707714422607468,0.024355344762700872,0.02212696267900128
138,0.022989940595249423,0.026768402456900903,0.026768402456900903,0.019707714422607468,0.02526326997816302,0.031135005779650025,0.021929806740120527
169,0.022989940595249423,0.026768402456900903,0.026768402456900903,0.044707714422607465,0.03359660331149635,0.031135005779650025,0.02144449981364483
189,0.022989940595249423,0.026768402456900903,0.026768402456900903,0.036374381089274134,0.030818825533718577,0.020965514254226294,0.021762982484144506
221,0.022989940595249423,0.026768402456900903,0.026768402456900903,0.019707714422607468,0.022485492200385242,0.027745175271175447,0.02221795772771547
224,0.022989940595249423,0.026768402456900903,0.026768402456900903,0.019707714422607468,0.02526326997816302,0.020965514254226294,0.021944972581572894
254,0.022989940595249423,0.026768402456900903,0.026768402456900903,0.019707714422607468,0.0280410477559408,0.034524836288124604,0.021565826545263754
296,0.022989940595249423,0.026768402456900903,0.026768402456900903,0.011374381089274133,0.022485492200385242,0.027745175271175447,0.022445445349500954
336,0.022989940595249423,0.026768402456900903,0.026768402456900903,0.019707714422607468,0.019707714422607468,0.024355344762700872,0.02182364584995397
341,0.022989940595249423,0.026768402456900903,0.026768402456900903,0.019707714422607468,0.02526326997816302,0.024355344762700872,0.02148999733800193
394,0.022989940595249423,0.026768402456900903,0.026768402456900903,0.036374381089274134,0.030818825533718577,0.010796022728802566,0.021808480008501604
481,0.022989940595249423,0.026768402456900903,0.026768402456900903,0.0280410477559408,0.0280410477559408,0.01757568374575172,0.021505163179454292
523,0.022989940595249423,0.026768402456900903,0.026768402456900903,0.019707714422607468,0.02526326997816302,0.027745175271175447,0.022051133471739454
549,0.022989940595249423,0.026768402456900903,0.026768402456900903,0.011374381089274133,0.01692993664482969,0.020965514254226294,0.022612269605476975
556,0.022989940595249423,0.026768402456900903,0.026768402456900903,0.0280410477559408,0.036374381089274134,0.024355344762700872,0.02223312356916784
561,0.022989940595249423,0.026768402456900903,0.026768402456900903,0.0280410477559408,0.0280410477559408,0.027745175271175447,0.02148999733800193
634,0.022989940595249423,0.026768402456900903,0.026768402456900903,0.044707714422607465,0.0280410477559408,0.034524836288124604,0.02158099238671612
647,0.022989940595249423,0.026768402456900903,0.026768402456900903,0.0280410477559408,0.022485492200385242,0.034524836288124604,0.02212696267900128
715,0.022989940595249423,0.026768402456900903,0.026768402456900903,0.0280410477559408,0.030818825533718577,0.031135005779650025,0.021762982484144506
742,0.022989940595249423,0.026768402456900903,0.026768402456900903,0.036374381089274134,0.02526326997816302,0.020965514254226294,0.021702319118335044
813,0.022989940595249423,0.026768402456900903,0.026768402456900903,0.019707714422607468,0.019707714422607468,0.020965514254226294,0.022066299313191817
847,0.022989940595249423,0.026768402456900903,0.026768402456900903,0.0280410477559408,0.022485492200385242,0.027745175271175447,0.021505163179454292
879,0.022989940595249423,0.026768402456900903,0.026768402456900903,0.0280410477559408,0.0280410477559408,0.027745175271175447,0.02159615822816849
898,0.022989940595249423,0.026768402456900903,0.026768402456900903,0.011374381089274133,0.019707714422607468,0.037914666796599175,0.023522220092618906
902,0.022989940595249423,0.026768402456900903,0.026768402456900903,0.0280410477559408,0.019707714422607468,0.027745175271175447,0.02144449981364483
910,0.022989940595249423,0.026768402456900903,0.026768402456900903,0.019707714422607468,0.019707714422607468,0.024355344762700872,0.021747816642692142
916,0.022989940595249423,0.026768402456900903,0.026768402456900903,0.011374381089274133,0.019707714422607468,0.034524836288124604,0.02243027950804859
960,0.022989940595249423,0.026768402456900903,0.026768402456900903,0.0280410477559408,0.022485492200385242,0.01757568374575172,0.021626489911073216
021,0.022952037878888085,0.02613669051754525,0.02613669051754525,0.044707714422607465,0.0280410477559408,0.020965514254226294,0.021702319118335044
031,0.022952037878888085,0.02613669051754525,0.02613669051754525,0.036374381089274134,0.0280410477559408,0.024355344762700872,0.02171748495978741
111,0.022952037878888085,0.02613669051754525,0.02613669051754525,0.0280410477559408,0.022485492200385242,0.020965514254226294,0.02215729436190601
131,0.022952037878888085,0.02613669051754525,0.02613669051754525,0.036374381089274134,0.0280410477559408,0.01757568374575172,0.021778148325596873
147,0.022952037878888085,0.02613669051754525,0.02613669051754525,0.019707714422607468,0.02526326997816302,0.01757568374575172,0.02171748495978741
158,0.022952037878888085,0.02613669051754525,0.02613669051754525,0.011374381089274133,0.01692993664482969,0.024355344762700872,0.02243027950804859
191,0.022952037878888085,0.02613669051754525,0.02613669051754525,0.019707714422607468,0.0280410477559408,0.034524836288124604,0.022187626044810744
200,0.022952037878888085,0.02613669051754525,0.02613669051754525,0.0530410477559408,0.0280410477559408,0.020965514254226294,0.021626489911073216
208,0.022952037878888085,0.02613669051754525,0.02613669051754525,0.0280410477559408,0.030818825533718577,0.027745175271175447,0.0214141681307401
217,0.022952037878888085,0.02613669051754525,0.02613669051754525,0.044707714422607465,0.030818825533718577,0.027745175271175447,0.02158099238671612
239,0.022952037878888085,0.02613669051754525,0.02613669051754525,0.0280410477559408,0.02526326997816302,0.020965514254226294,0.021656821593977946
250,0.022952037878888085,0.02613669051754525,0.02613669051754525,0.0280410477559408,0.03915215886705191,0.037914666796599175,0.021929806740120527
274,0.022952037878888085,0.02613669051754525,0.02613669051754525,0.011374381089274133,0.014152158867051911,0.037914666796599175,0.022506108715310415
292,0.022952037878888085,0.02613669051754525,0.02613669051754525,0.011374381089274133,0.022485492200385242,0.034524836288124604,0.022597103764024608
313,0.022952037878888085,0.02613669051754525,0.02613669051754525,0.036374381089274134,0.03359660331149635,0.027745175271175447,0.021671987435430314
318,0.022952037878888085,0.02613669051754525,0.02613669051754525,0.036374381089274134,0.022485492200385242,0.020965514254226294,0.02155066070381139
349,0.022952037878888085,0.02613669051754525,0.02613669051754525,0.036374381089274134,0.02526326997816302,0.024355344762700872,0.0214141681307401
390,0.022952037878888085,0.02613669051754525,0.02613669051754525,0.0280410477559408,0.019707714422607468,0.031135005779650025,0.0214141681307401
391,0.022952037878888085,0.02613669051754525,0.02613669051754525,0.019707714422607468,0.0280410477559408,0.024355344762700872,0.022051133471739454
396,0.022952037878888085,0.02613669051754525,0.02613669051754525,0.011374381089274133,0.01692993664482969,0.024355344762700872,0.022794259702905363
485,0.022952037878888085,0.02613669051754525,0.02613669051754525,0.036374381089274134,0.03359660331149635,0.01757568374575172,0.021429333972192464
509,0.022952037878888085,0.02613669051754525,0.02613669051754525,0.036374381089274134,0.030818825533718577,0.024355344762700872,0.02168715327688268
543,0.022952037878888085,0.02613669051754525,0.02613669051754525,0.011374381089274133,0.01692993664482969,0.031135005779650025,0.02285492306871482
568,0.022952037878888085,0.02613669051754525,0.02613669051754525,0.0280410477559408,0.030818825533718577,0.020965514254226294,0.02138383644783537
609,0.022952037878888085,0.02613669051754525,0.02613669051754525,0.019707714422607468,0.022485492200385242,0.024355344762700872,0.021399002289287733
625,0.022952037878888085,0.02613669051754525,0.02613669051754525,0.011374381089274133,0.022485492200385242,0.031135005779650025,0.022824591385810094
651,0.022952037878888085,0.02613669051754525,0.02613669051754525,0.044707714422607465,0.03359660331149635,0.01757568374575172,0.02144449981364483
665,0.022952037878888085,0.02613669051754525,0.02613669051754525,0.019707714422607468,0.02526326997816302,0.020965514254226294,0.02196013842302526
666,0.022952037878888085,0.02613669051754525,0.02613669051754525,0.019707714422607468,0.030818825533718577,0.020965514254226294,0.02158099238671612
669,0.022952037878888085,0.02613669051754525,0.02613669051754525,0.019707714422607468,0.0280410477559408,0.031135005779650025,0.02188430921576343
720,0.022952037878888085,0.02613669051754525,0.02613669051754525,0.044707714422607465,0.03359660331149635,0.01757568374575172,0.022142128520453646
727,0.022952037878888085,0.02613669051754525,0.02613669051754525,0.011374381089274133,0.0280410477559408,0.031135005779650025,0.022369616142239125
729,0.022952037878888085,0.02613669051754525,0.02613669051754525,0.0280410477559408,0.0280410477559408,0.01757568374575172,0.02188430921576343
745,0.022952037878888085,0.02613669051754525,0.02613669051754525,0.0280410477559408,0.019707714422607468,0.027745175271175447,0.021535494862359023
761,0.022952037878888085,0.02613669051754525,0.02613669051754525,0.036374381089274134,0.019707714422607468,0.027745175271175447,0.022035967630287086
794,0.022952037878888085,0.02613669051754525,0.02613669051754525,0.0280410477559408,0.022485492200385242,0.01757568374575172,0.021611324069620852
799,0.022952037878888085,0.02613669051754525,0.02613669051754525,0.0280410477559408,0.02526326997816302,0.041304497305073753,0.021399002289287733
814,0.022952037878888085,0.02613669051754525,0.02613669051754525,0.019707714422607468,0.019707714422607468,0.020965514254226294,0.02144449981364483
829,0.022952037878888085,0.02613669051754525,0.02613669051754525,0.011374381089274133,0.01692993664482969,0.031135005779650025,0.02327956662938106
851,0.022952037878888085,0.02613669051754525,0.02613669051754525,0.036374381089274134,0.036374381089274134,0.020965514254226294,0.021702319118335044
889,0.022952037878888085,0.02613669051754525,0.02613669051754525,0.019707714422607468,0.02526326997816302,0.01757568374575172,0.021732650801239775
903,0.022952037878888085,0.02613669051754525,0.02613669051754525,0.044707714422607465,0.0280410477559408,0.041304497305073753,0.021535494862359023
937,0.022952037878888085,0.02613669051754525,0.02613669051754525,0.019707714422607468,0.019707714422607468,0.020965514254226294,0.021793314167049237
990,0.022952037878888085,0.02613669051754525,0.02613669051754525,0.019707714422607468,0.01692993664482969,0.01757568374575172,0.021778148325596873
003,0.022914135162526744,0.025504978578189598,0.025504978578189598,0.0280410477559408,0.022485492200385242,0.031135005779650025,0.021838811691406335
022,0.022914135162526744,0.025504978578189598,0.025504978578189598,0.0280410477559408,0.0280410477559408,0.010796022728802566,0.021641655752525583
046,0.022914135162526744,0.025504978578189598,0.025504978578189598,0.019707714422607468,0.0280410477559408,0.027745175271175447,0.021641655752525583
049,0.022914135162526744,0.025504978578189598,0.025504978578189598,0.011374381089274133,0.014152158867051911,0.024355344762700872,0.02364354682423783
087,0.022914135162526744,0.025504978578189598,0.025504978578189598,0.0280410477559408,0.02526326997816302,0.031135005779650025,0.02138383644783537
097,0.022914135162526744,0.025504978578189598,0.025504978578189598,0.019707714422607468,0.03359660331149635,0.024355344762700872,0.02171748495978741
098,0.022914135162526744,0.025504978578189598,0.025504978578189598,0.019707714422607468,0.0280410477559408,0.014185853237277142,0.021429333972192464
121,0.022914135162526744,0.025504978578189598,0.025504978578189598,0.0280410477559408,0.019707714422607468,0.024355344762700872,0.021520329020906656
133,0.022914135162526744,0.025504978578189598,0.025504978578189598,0.019707714422607468,0.019707714422607468,0.024355344762700872,0.02211179683754891
139,0.022914135162526744,0.025504978578189598,0.025504978578189598,0.019707714422607468,0.01692993664482969,0.024355344762700872,0.021459665655097198
166,0.022914135162526744,0.025504978578189598,0.025504978578189598,0.019707714422607468,0.019707714422607468,0.024355344762700872,0.022278621093524936
168,0.022914135162526744,0.025504978578189598,0.025504978578189598,0.019707714422607468,0.02526326997816302,0.01757568374575172,0.021929806740120527
196,0.022914135162526744,0.025504978578189598,0.025504978578189598,0.036374381089274134,0.030818825533718577,0.01757568374575172,0.021520329020906656
225,0.022914135162526744,0.025504978578189598,0.025504978578189598,0.0280410477559408,0.022485492200385242,0.020965514254226294,0.021429333972192464
246,0.022914135162526744,0.025504978578189598,0.025504978578189598,0.019707714422607468,0.030818825533718577,0.024355344762700872,0.02158099238671612
289,0.022914135162526744,0.025504978578189598,0.025504978578189598,0.011374381089274133,0.014152158867051911,0.01757568374575172,0.023582883458428367
302,0.022914135162526744,0.025504978578189598,0.025504978578189598,0.0280410477559408,0.019707714422607468,0.031135005779650025,0.021429333972192464
314,0.022914135162526744,0.025504978578189598,0.025504978578189598,0.036374381089274134,0.0280410477559408,0.031135005779650025,0.021565826545263754
389,0.022914135162526744,0.025504978578189598,0.025504978578189598,0.019707714422607468,0.022485492200385242,0.014185853237277142,0.02144449981364483
398,0.022914135162526744,0.025504978578189598,0.025504978578189598,0.019707714422607468,0.030818825533718577,0.024355344762700872,0.022278621093524936
417,0.022914135162526744,0.025504978578189598,0.025504978578189598,0.036374381089274134,0.030818825533718577,0.031135005779650025,0.021944972581572894
427,0.022914135162526744,0.025504978578189598,0.025504978578189598,0.0280410477559408,0.022485492200385242,0.01757568374575172,0.021732650801239775
435,0.022914135162526744,0.025504978578189598,0.025504978578189598,0.0280410477559408,0.02526326997816302,0.027745175271175447,0.021535494862359023
447,0.022914135162526744,0.025504978578189598,0.025504978578189598,0.011374381089274133,0.02526326997816302,0.027745175271175447,0.022369616142239125
450,0.022914135162526744,0.025504978578189598,0.025504978578189598,0.019707714422607468,0.019707714422607468,0.01757568374575172,0.02188430921576343
482,0.022914135162526744,0.025504978578189598,0.025504978578189598,0.011374381089274133,0.014152158867051911,0.041304497305073753,0.02267293297128644
559,0.022914135162526744,0.025504978578189598,0.025504978578189598,0.011374381089274133,0.019707714422607468,0.01757568374575172,0.02256677208111988
565,0.022914135162526744,0.025504978578189598,0.025504978578189598,0.0280410477559408,0.022485492200385242,0.01757568374575172,0.021702319118335044
586,0.022914135162526744,0.025504978578189598,0.025504978578189598,0.019707714422607468,0.022485492200385242,0.01757568374575172,0.022248289410620202
595,0.022914135162526744,0.025504978578189598,0.025504978578189598,0.036374381089274134,0.030818825533718577,0.031135005779650025,0.021732650801239775
603,0.022914135162526744,0.025504978578189598,0.025504978578189598,0.0280410477559408,0.022485492200385242,0.020965514254226294,0.021778148325596873
618,0.022914135162526744,0.025504978578189598,0.025504978578189598,0.0280410477559408,0.02526326997816302,0.031135005779650025,0.02223312356916784
636,0.022914135162526744,0.025504978578189598,0.025504978578189598,0.0280410477559408,0.02526326997816302,0.01757568374575172,0.02182364584995397
679,0.022914135162526744,0.025504978578189598,0.025504978578189598,0.0280410477559408,0.022485492200385242,0.024355344762700872,0.02148999733800193
686,0.022914135162526744,0.025504978578189598,0.025504978578189598,0.019707714422607468,0.02526326997816302,0.031135005779650025,0.022081465154644184
688,0.022914135162526744,0.025504978578189598,0.025504978578189598,0.0280410477559408,0.0280410477559408,0.024355344762700872,0.022066299313191817
704,0.022914135162526744,0.025504978578189598,0.025504978578189598,0.044707714422607465,0.0280410477559408,0.024355344762700872,0.021520329020906656
710,0.022914135162526744,0.025504978578189598,0.025504978578189598,0.011374381089274133,0.022485492200385242,0.024355344762700872,0.022308952776429667
718,0.022914135162526744,0.025504978578189598,0.025504978578189598,0.036374381089274134,0.030818825533718577,0.027745175271175447,0.02147483149654956
740,0.022914135162526744,0.025504978578189598,0.025504978578189598,0.0280410477559408,0.030818825533718577,0.027745175271175447,0.021762982484144506
752,0.022914135162526744,0.025504978578189598,0.025504978578189598,0.0280410477559408,0.030818825533718577,0.024355344762700872,0.0214141681307401
764,0.022914135162526744,0.025504978578189598,0.025504978578189598,0.0280410477559408,0.03359660331149635,0.027745175271175447,0.02158099238671612
791,0.022914135162526744,0.025504978578189598,0.025504978578189598,0.0280410477559408,0.02526326997816302,0.024355344762700872,0.021808480008501604
841,0.022914135162526744,0.025504978578189598,0.025504978578189598,0.0280410477559408,0.019707714422607468,0.031135005779650025,0.02147483149654956
844,0.022914135162526744,0.025504978578189598,0.025504978578189598,0.011374381089274133,0.022485492200385242,0.01757568374575172,0.022597103764024608
853,0.022914135162526744,0.025504978578189598,0.025504978578189598,0.044707714422607465,0.0280410477559408,0.020965514254226294,0.021611324069620852
869,0.022914135162526744,0.025504978578189598,0.025504978578189598,0.019707714422607468,0.02526326997816302,0.024355344762700872,0.022278621093524936
913,0.022914135162526744,0.025504978578189598,0.025504978578189598,0.0280410477559408,0.030818825533718577,0.031135005779650025,0.021399002289287733
917,0.022914135162526744,0.025504978578189598,0.025504978578189598,0.0280410477559408,0.03359660331149635,0.020965514254226294,0.02148999733800193
936,0.022914135162526744,0.025504978578189598,0.025504978578189598,0.019707714422607468,0.022485492200385242,0.024355344762700872,0.022187626044810744
938,0.022914135162526744,0.025504978578189598,0.025504978578189598,0.036374381089274134,0.030818825533718577,0.037914666796599175,0.021399002289287733
946,0.022914135162526744,0.025504978578189598,0.025504978578189598,0.0280410477559408,0.022485492200385242,0.037914666796599175,0.021505163179454292
959,0.022914135162526744,0.025504978578189598,0.025504978578189598,0.036374381089274134,0.03359660331149635,0.020965514254226294,0.021565826545263754
966,0.022914135162526744,0.025504978578189598,0.025504978578189598,0.0280410477559408,0.01692993664482969,0.020965514254226294,0.02144449981364483
014,0.022876232446165407,0.024873266638833942,0.024873266638833942,0.019707714422607468,0.022485492200385242,0.010796022728802566,0.022096630996096548
028,0.022876232446165407,0.024873266638833942,0.024873266638833942,0.036374381089274134,0.022485492200385242,0.024355344762700872,0.021778148325596873
075,0.022876232446165407,0.024873266638833942,0.024873266638833942,0.0280410477559408,0.0280410477559408,0.027745175271175447,0.021399002289287733
125,0.022876232446165407,0.024873266638833942,0.024873266638833942,0.011374381089274133,0.0280410477559408,0.020965514254226294,0.0222937869349773
159,0.022876232446165407,0.024873266638833942,0.024873266638833942,0.019707714422607468,0.019707714422607468,0.020965514254226294,0.02159615822816849
174,0.022876232446165407,0.024873266638833942,0.024873266638833942,0.011374381089274133,0.02526326997816302,0.024355344762700872,0.022521274556762783
215,0.022876232446165407,0.024873266638833942,0.024873266638833942,0.011374381089274133,0.01692993664482969,0.014185853237277142,0.022779093861453
264,0.022876232446165407,0.024873266638833942,0.024873266638833942,0.036374381089274134,0.022485492200385242,0.037914666796599175,0.021641655752525583
277,0.022876232446165407,0.024873266638833942,0.024873266638833942,0.0280410477559408,0.0280410477559408,0.020965514254226294,0.02159615822816849
297,0.022876232446165407,0.024873266638833942,0.024873266638833942,0.019707714422607468,0.01692993664482969,0.031135005779650025,0.021429333972192464
299,0.022876232446165407,0.024873266638833942,0.024873266638833942,0.0530410477559408,0.030818825533718577,0.031135005779650025,0.021793314167049237
300,0.022876232446165407,0.024873266638833942,0.024873266638833942,0.036374381089274134,0.02526326997816302,0.031135005779650025,0.021565826545263754
310,0.022876232446165407,0.024873266638833942,0.024873266638833942,0.0280410477559408,0.019707714422607468,0.024355344762700872,0.02221795772771547
312,0.022876232446165407,0.024873266638833942,0.024873266638833942,0.011374381089274133,0.019707714422607468,0.024355344762700872,0.02306724484904794
322,0.022876232446165407,0.024873266638833942,0.024873266638833942,0.0530410477559408,0.0280410477559408,0.031135005779650025,0.021459665655097198
339,0.022876232446165407,0.024873266638833942,0.024873266638833942,0.036374381089274134,0.02526326997816302,0.034524836288124604,0.021656821593977946
365,0.022876232446165407,0.024873266638833942,0.024873266638833942,0.0280410477559408,0.02526326997816302,0.027745175271175447,0.02148999733800193
368,0.022876232446165407,0.024873266638833942,0.024873266638833942,0.019707714422607468,0.0280410477559408,0.024355344762700872,0.02148999733800193
379,0.022876232446165407,0.024873266638833942,0.024873266638833942,0.0280410477559408,0.02526326997816302,0.037914666796599175,0.02158099238671612
442,0.022876232446165407,0.024873266638833942,0.024873266638833942,0.019707714422607468,0.030818825533718577,0.01757568374575172,0.02221795772771547
460,0.022876232446165407,0.024873266638833942,0.024873266638833942,0.0280410477559408,0.0280410477559408,0.020965514254226294,0.021762982484144506
461,0.022876232446165407,0.024873266638833942,0.024873266638833942,0.011374381089274133,0.022485492200385242,0.031135005779650025,0.022551606239667513
517,0.022876232446165407,0.024873266638833942,0.024873266638833942,0.0280410477559408,0.02526326997816302,0.031135005779650025,0.02199047010592999
557,0.022876232446165407,0.024873266638833942,0.024873266638833942,0.044707714422607465,0.02526326997816302,0.027745175271175447,0.021399002289287733
569,0.022876232446165407,0.024873266638833942,0.024873266638833942,0.0280410477559408,0.030818825533718577,0.027745175271175447,0.021520329020906656
582,0.022876232446165407,0.024873266638833942,0.024873266638833942,0.011374381089274133,0.0280410477559408,0.027745175271175447,0.022475777032405685
594,0.022876232446165407,0.024873266638833942,0.024873266638833942,0.0280410477559408,0.019707714422607468,0.020965514254226294,0.021899475057215796
601,0.022876232446165407,0.024873266638833942,0.024873266638833942,0.019707714422607468,0.022485492200385242,0.031135005779650025,0.021914640898668163
605,0.022876232446165407,0.024873266638833942,0.024873266638833942,0.019707714422607468,0.03359660331149635,0.031135005779650025,0.021838811691406335
627,0.022876232446165407,0.024873266638833942,0.024873266638833942,0.011374381089274133,0.022485492200385242,0.024355344762700872,0.022384781983691492
652,0.022876232446165407,0.024873266638833942,0.024873266638833942,0.0280410477559408,0.022485492200385242,0.020965514254226294,0.021656821593977946
672,0.022876232446165407,0.024873266638833942,0.024873266638833942,0.019707714422607468,0.019707714422607468,0.01757568374575172,0.021429333972192464
683,0.022876232446165407,0.024873266638833942,0.024873266638833942,0.0280410477559408,0.02526326997816302,0.01757568374575172,0.02159615822816849
689,0.022876232446165407,0.024873266638833942,0.024873266638833942,0.036374381089274134,0.0280410477559408,0.024355344762700872,0.02148999733800193
690,0.022876232446165407,0.024873266638833942,0.024873266638833942,0.019707714422607468,0.02526326997816302,0.020965514254226294,0.02159615822816849
705,0.022876232446165407,0.024873266638833942,0.024873266638833942,0.036374381089274134,0.02526326997816302,0.024355344762700872,0.02171748495978741
735,0.022876232446165407,0.024873266638833942,0.024873266638833942,0.0280410477559408,0.02526326997816302,0.020965514254226294,0.021520329020906656
736,0.022876232446165407,0.024873266638833942,0.024873266638833942,0.0280410477559408,0.019707714422607468,0.031135005779650025,0.02155066070381139
766,0.022876232446165407,0.024873266638833942,0.024873266638833942,0.011374381089274133,0.014152158867051911,0.020965514254226294,0.02382553692166622
772,0.022876232446165407,0.024873266638833942,0.024873266638833942,0.036374381089274134,0.0280410477559408,0.020965514254226294,0.02159615822816849
850,0.022876232446165407,0.024873266638833942,0.024873266638833942,0.019707714422607468,0.022485492200385242,0.020965514254226294,0.02223312356916784
876,0.022876232446165407,0.024873266638833942,0.024873266638833942,0.0280410477559408,0.02526326997816302,0.024355344762700872,0.02182364584995397
877,0.022876232446165407,0.024873266638833942,0.024873266638833942,0.011374381089274133,0.022485492200385242,0.014185853237277142,0.0222937869349773
887,0.022876232446165407,0.024873266638833942,0.024873266638833942,0.019707714422607468,0.022485492200385242,0.014185853237277142,0.02226345525207257
891,0.022876232446165407,0.024873266638833942,0.024873266638833942,0.0280410477559408,0.03359660331149635,0.027745175271175447,0.021459665655097198
904,0.022876232446165407,0.024873266638833942,0.024873266638833942,0.011374381089274133,0.01692993664482969,0.024355344762700872,0.02232411861788203
908,0.022876232446165407,0.024873266638833942,0.024873266638833942,0.0280410477559408,0.019707714422607468,0.024355344762700872,0.021459665655097198
927,0.022876232446165407,0.024873266638833942,0.024873266638833942,0.011374381089274133,0.030818825533718577,0.027745175271175447,0.023006581483238482
933,0.022876232446165407,0.024873266638833942,0.024873266638833942,0.0280410477559408,0.02526326997816302,0.024355344762700872,0.02147483149654956
949,0.022876232446165407,0.024873266638833942,0.024873266638833942,0.036374381089274134,0.030818825533718577,0.01757568374575172,0.021459665655097198
956,0.022876232446165407,0.024873266638833942,0.024873266638833942,0.036374381089274134,0.02526326997816302,0.027745175271175447,0.021459665655097198
989,0.022876232446165407,0.024873266638833942,0.024873266638833942,0.019707714422607468,0.0280410477559408,0.031135005779650025,0.021656821593977946
023,0.022838329729804065,0.02424155469947829,0.02424155469947829,0.019707714422607468,0.022485492200385242,0.024355344762700872,0.02199047010592999
034,0.022838329729804065,0.02424155469947829,0.02424155469947829,0.019707714422607468,0.022485492200385242,0.01757568374575172,0.022142128520453646
074,0.022838329729804065,0.02424155469947829,0.02424155469947829,0.036374381089274134,0.030818825533718577,0.01757568374575172,0.022051133471739454
106,0.022838329729804065,0.02424155469947829,0.02424155469947829,0.019707714422607468,0.030818825533718577,0.01757568374575172,0.022142128520453646
110,0.022838329729804065,0.02424155469947829,0.02424155469947829,0.036374381089274134,0.02526326997816302,0.014185853237277142,0.02138383644783537
140,0.022838329729804065,0.02424155469947829,0.02424155469947829,0.019707714422607468,0.019707714422607468,0.024355344762700872,0.021429333972192464
150,0.022838329729804065,0.02424155469947829,0.02424155469947829,0.0280410477559408,0.030818825533718577,0.01757568374575172,0.02182364584995397
162,0.022838329729804065,0.02424155469947829,0.02424155469947829,0.019707714422607468,0.022485492200385242,0.034524836288124604,0.022172460203358377
175,0.022838329729804065,0.02424155469947829,0.02424155469947829,0.019707714422607468,0.022485492200385242,0.027745175271175447,0.021429333972192464
183,0.022838329729804065,0.02424155469947829,0.02424155469947829,0.0280410477559408,0.030818825533718577,0.027745175271175447,0.021641655752525583
190,0.022838329729804065,0.02424155469947829,0.02424155469947829,0.011374381089274133,0.01692993664482969,0.037914666796599175,0.022703264654191167
202,0.022838329729804065,0.02424155469947829,0.02424155469947829,0.019707714422607468,0.02526326997816302,0.024355344762700872,0.02223312356916784
205,0.022838329729804065,0.02424155469947829,0.02424155469947829,0.019707714422607468,0.0280410477559408,0.031135005779650025,0.02168715327688268
228,0.022838329729804065,0.02424155469947829,0.02424155469947829,0.019707714422607468,0.022485492200385242,0.034524836288124604,0.02168715327688268
236,0.022838329729804065,0.02424155469947829,0.02424155469947829,0.036374381089274134,0.02526326997816302,0.027745175271175447,0.021975304264477625
252,0.022838329729804065,0.02424155469947829,0.02424155469947829,0.019707714422607468,0.030818825533718577,0.020965514254226294,0.02202080178883472
260,0.022838329729804065,0.02424155469947829,0.02424155469947829,0.019707714422607468,0.022485492200385242,0.024355344762700872,0.02148999733800193
270,0.022838329729804065,0.02424155469947829,0.02424155469947829,0.0280410477559408,0.022485492200385242,0.014185853237277142,0.0218539775328587
278,0.022838329729804065,0.02424155469947829,0.02424155469947829,0.019707714422607468,0.030818825533718577,0.027745175271175447,0.02212696267900128
308,0.022838329729804065,0.02424155469947829,0.02424155469947829,0.019707714422607468,0.019707714422607468,0.034524836288124604,0.022172460203358377
316,0.022838329729804065,0.02424155469947829,0.02424155469947829,0.0280410477559408,0.022485492200385242,0.027745175271175447,0.021565826545263754
317,0.022838329729804065,0.02424155469947829,0.02424155469947829,0.019707714422607468,0.022485492200385242,0.031135005779650025,0.02215729436190601
353,0.022838329729804065,0.02424155469947829,0.02424155469947829,0.019707714422607468,0.022485492200385242,0.020965514254226294,0.02182364584995397
360,0.022838329729804065,0.02424155469947829,0.02424155469947829,0.0280410477559408,0.0280410477559408,0.027745175271175447,0.02168715327688268
383,0.022838329729804065,0.02424155469947829,0.02424155469947829,0.0530410477559408,0.030818825533718577,0.024355344762700872,0.021565826545263754
392,0.022838329729804065,0.02424155469947829,0.02424155469947829,0.019707714422607468,0.0280410477559408,0.020965514254226294,0.02155066070381139
402,0.022838329729804065,0.02424155469947829,0.02424155469947829,0.0280410477559408,0.022485492200385242,0.027745175271175447,0.021702319118335044
429,0.022838329729804065,0.02424155469947829,0.02424155469947829,0.044707714422607465,0.030818825533718577,0.027745175271175447,0.02138383644783537
431,0.022838329729804065,0.02424155469947829,0.02424155469947829,0.011374381089274133,0.011374381089274133,0.031135005779650025,0.02411368790926116
463,0.022838329729804065,0.02424155469947829,0.02424155469947829,0.011374381089274133,0.022485492200385242,0.020965514254226294,0.022339284459334394
489,0.022838329729804065,0.02424155469947829,0.02424155469947829,0.019707714422607468,0.019707714422607468,0.027745175271175447,0.021671987435430314
490,0.022838329729804065,0.02424155469947829,0.02424155469947829,0.019707714422607468,0.030818825533718577,0.037914666796599175,0.021520329020906656
508,0.022838329729804065,0.02424155469947829,0.02424155469947829,0.019707714422607468,0.019707714422607468,0.027745175271175447,0.02215729436190601
510,0.022838329729804065,0.02424155469947829,0.02424155469947829,0.0280410477559408,0.030818825533718577,0.024355344762700872,0.022005635947382356
542,0.022838329729804065,0.02424155469947829,0.02424155469947829,0.0280410477559408,0.0280410477559408,0.014185853237277142,0.0218539775328587
545,0.022838329729804065,0.02424155469947829,0.02424155469947829,0.019707714422607468,0.022485492200385242,0.027745175271175447,0.02147483149654956
566,0.022838329729804065,0.02424155469947829,0.02424155469947829,0.0280410477559408,0.02526326997816302,0.027745175271175447,0.02147483149654956
567,0.022838329729804065,0.02424155469947829,0.02424155469947829,0.044707714422607465,0.030818825533718577,0.031135005779650025,0.021535494862359023
577,0.022838329729804065,0.02424155469947829,0.02424155469947829,0.019707714422607468,0.01692993664482969,0.031135005779650025,0.02138383644783537
579,0.022838329729804065,0.02424155469947829,0.02424155469947829,0.019707714422607468,0.02526326997816302,0.014185853237277142,0.02168715327688268
597,0.022838329729804065,0.02424155469947829,0.02424155469947829,0.019707714422607468,0.01692993664482969,0.020965514254226294,0.022172460203358377
610,0.022838329729804065,0.02424155469947829,0.02424155469947829,0.019707714422607468,0.022485492200385242,0.027745175271175447,0.021869143374311065
615,0.022838329729804065,0.02424155469947829,0.02424155469947829,0.019707714422607468,0.022485492200385242,0.027745175271175447,0.021535494862359023
632,0.022838329729804065,0.02424155469947829,0.02424155469947829,0.011374381089274133,0.01692993664482969,0.024355344762700872,0.022627435446929342
659,0.022838329729804065,0.02424155469947829,0.02424155469947829,0.011374381089274133,0.014152158867051911,0.020965514254226294,0.022976249800333748
709,0.022838329729804065,0.02424155469947829,0.02424155469947829,0.0280410477559408,0.019707714422607468,0.027745175271175447,0.021399002289287733
726,0.022838329729804065,0.02424155469947829,0.02424155469947829,0.019707714422607468,0.02526326997816302,0.01757568374575172,0.02188430921576343
748,0.022838329729804065,0.02424155469947829,0.02424155469947829,0.036374381089274134,0.03359660331149635,0.014185853237277142,0.02148999733800193
801,0.022838329729804065,0.02424155469947829,0.02424155469947829,0.019707714422607468,0.019707714422607468,0.027745175271175447,0.02226345525207257
804,0.022838329729804065,0.02424155469947829,0.02424155469947829,0.019707714422607468,0.022485492200385242,0.014185853237277142,0.021702319118335044
816,0.022838329729804065,0.02424155469947829,0.02424155469947829,0.019707714422607468,0.01692993664482969,0.020965514254226294,0.02138383644783537
862,0.022838329729804065,0.02424155469947829,0.02424155469947829,0.0280410477559408,0.019707714422607468,0.031135005779650025,0.02188430921576343
866,0.022838329729804065,0.02424155469947829,0.02424155469947829,0.011374381089274133,0.022485492200385242,0.020965514254226294,0.022415113666596223
883,0.022838329729804065,0.02424155469947829,0.02424155469947829,0.011374381089274133,0.019707714422607468,0.020965514254226294,0.022597103764024608
888,0.022838329729804065,0.02424155469947829,0.02424155469947829,0.036374381089274134,0.0280410477559408,0.027745175271175447,0.021808480008501604
923,0.022838329729804065,0.02424155469947829,0.02424155469947829,0.011374381089274133,0.019707714422607468,0.01757568374575172,0.022308952776429667
930,0.022838329729804065,0.02424155469947829,0.02424155469947829,0.019707714422607468,0.02526326997816302,0.024355344762700872,0.022066299313191817
931,0.022838329729804065,0.02424155469947829,0.02424155469947829,0.036374381089274134,0.0280410477559408,0.027745175271175447,0.021778148325596873
943,0.022838329729804065,0.02424155469947829,0.02424155469947829,0.019707714422607468,0.01692993664482969,0.027745175271175447,0.0218539775328587
965,0.022838329729804065,0.02424155469947829,0.02424155469947829,0.0280410477559408,0.02526326997816302,0.024355344762700872,0.0214141681307401
974,0.022838329729804065,0.02424155469947829,0.02424155469947829,0.0280410477559408,0.022485492200385242,0.01757568374575172,0.021641655752525583
982,0.022838329729804065,0.02424155469947829,0.02424155469947829,0.0280410477559408,0.030818825533718577,0.024355344762700872,0.022172460203358377
996,0.022838329729804065,0.02424155469947829,0.02424155469947829,0.019707714422607468,0.019707714422607468,0.024355344762700872,0.021611324069620852
997,0.022838329729804065,0.02424155469947829,0.02424155469947829,0.011374381089274133,0.019707714422607468,0.020965514254226294,0.02338572751954762
009,0.022800427013442728,0.023609842760122634,0.023609842760122634,0.019707714422607468,0.01692993664482969,0.037914666796599175,0.022248289410620202
010,0.022800427013442728,0.023609842760122634,0.023609842760122634,0.019707714422607468,0.02526326997816302,0.024355344762700872,0.02144449981364483
036,0.022800427013442728,0.023609842760122634,0.023609842760122634,0.011374381089274133,0.014152158867051911,0.031135005779650025,0.02303691316614321
047,0.022800427013442728,0.023609842760122634,0.023609842760122634,0.011374381089274133,0.014152158867051911,0.020965514254226294,0.02355255177552364
071,0.022800427013442728,0.023609842760122634,0.023609842760122634,0.019707714422607468,0.019707714422607468,0.031135005779650025,0.02158099238671612
099,0.022800427013442728,0.023609842760122634,0.023609842760122634,0.0280410477559408,0.022485492200385242,0.037914666796599175,0.021565826545263754
116,0.022800427013442728,0.023609842760122634,0.023609842760122634,0.011374381089274133,0.01692993664482969,0.020965514254226294,0.02320373742211923
173,0.022800427013442728,0.023609842760122634,0.023609842760122634,0.019707714422607468,0.0280410477559408,0.024355344762700872,0.021944972581572894
177,0.022800427013442728,0.023609842760122634,0.023609842760122634,0.019707714422607468,0.0280410477559408,0.031135005779650025,0.021869143374311065
216,0.022800427013442728,0.023609842760122634,0.023609842760122634,0.019707714422607468,0.01692993664482969,0.01757568374575172,0.02188430921576343
249,0.022800427013442728,0.023609842760122634,0.023609842760122634,0.0280410477559408,0.0280410477559408,0.027745175271175447,0.021702319118335044
251,0.022800427013442728,0.023609842760122634,0.023609842760122634,0.019707714422607468,0.02526326997816302,0.020965514254226294,0.022081465154644184
257,0.022800427013442728,0.023609842760122634,0.023609842760122634,0.019707714422607468,0.019707714422607468,0.020965514254226294,0.021747816642692142
263,0.022800427013442728,0.023609842760122634,0.023609842760122634,0.019707714422607468,0.02526326997816302,0.031135005779650025,0.02188430921576343
268,0.022800427013442728,0.023609842760122634,0.023609842760122634,0.036374381089274134,0.022485492200385242,0.037914666796599175,0.02147483149654956
273,0.022800427013442728,0.023609842760122634,0.023609842760122634,0.0280410477559408,0.022485492200385242,0.020965514254226294,0.02138383644783537
291,0.022800427013442728,0.023609842760122634,0.023609842760122634,0.011374381089274133,0.019707714422607468,0.020965514254226294,0.022688098812738804
306,0.022800427013442728,0.023609842760122634,0.023609842760122634,0.011374381089274133,0.01692993664482969,0.01757568374575172,0.02306724484904794
321,0.022800427013442728,0.023609842760122634,0.023609842760122634,0.0280410477559408,0.0280410477559408,0.014185853237277142,0.021520329020906656
330,0.022800427013442728,0.023609842760122634,0.023609842760122634,0.011374381089274133,0.022485492200385242,0.014185853237277142,0.023127908214857402
335,0.022800427013442728,0.023609842760122634,0.023609842760122634,0.019707714422607468,0.022485492200385242,0.01757568374575172,0.02199047010592999
348,0.022800427013442728,0.023609842760122634,0.023609842760122634,0.0280410477559408,0.022485492200385242,0.041304497305073753,0.02138383644783537
352,0.022800427013442728,0.023609842760122634,0.023609842760122634,0.0280410477559408,0.030818825533718577,0.027745175271175447,0.021702319118335044
380,0.022800427013442728,0.023609842760122634,0.023609842760122634,0.011374381089274133,0.014152158867051911,0.020965514254226294,0.023689044348594923
381,0.022800427013442728,0.023609842760122634,0.023609842760122634,0.0280410477559408,0.0280410477559408,0.027745175271175447,0.02212696267900128
382,0.022800427013442728,0.023609842760122634,0.023609842760122634,0.019707714422607468,0.0280410477559408,0.01757568374575172,0.02148999733800193
399,0.022800427013442728,0.023609842760122634,0.023609842760122634,0.0280410477559408,0.019707714422607468,0.027745175271175447,0.021520329020906656
403,0.022800427013442728,0.023609842760122634,0.023609842760122634,0.0280410477559408,0.019707714422607468,0.027745175271175447,0.02144449981364483
430,0.022800427013442728,0.023609842760122634,0.023609842760122634,0.019707714422607468,0.022485492200385242,0.024355344762700872,0.021505163179454292
446,0.022800427013442728,0.023609842760122634,0.023609842760122634,0.0530410477559408,0.0280410477559408,0.031135005779650025,0.02155066070381139
449,0.022800427013442728,0.023609842760122634,0.023609842760122634,0.0280410477559408,0.022485492200385242,0.024355344762700872,0.021626489911073216
468,0.022800427013442728,0.023609842760122634,0.023609842760122634,0.036374381089274134,0.0280410477559408,0.01757568374575172,0.021793314167049237
471,0.022800427013442728,0.023609842760122634,0.023609842760122634,0.011374381089274133,0.019707714422607468,0.024355344762700872,0.022642601288381706
488,0.022800427013442728,0.023609842760122634,0.023609842760122634,0.011374381089274133,0.011374381089274133,0.034524836288124604,0.02411368790926116
519,0.022800427013442728,0.023609842760122634,0.023609842760122634,0.0280410477559408,0.022485492200385242,0.037914666796599175,0.02144449981364483
540,0.022800427013442728,0.023609842760122634,0.023609842760122634,0.0280410477559408,0.02526326997816302,0.020965514254226294,0.0218539775328587
546,0.022800427013442728,0.023609842760122634,0.023609842760122634,0.019707714422607468,0.02526326997816302,0.027745175271175447,0.02138383644783537
553,0.022800427013442728,0.023609842760122634,0.023609842760122634,0.0280410477559408,0.022485492200385242,0.020965514254226294,0.02171748495978741
583,0.022800427013442728,0.023609842760122634,0.023609842760122634,0.0280410477559408,0.02526326997816302,0.020965514254226294,0.021914640898668163
602,0.022800427013442728,0.023609842760122634,0.023609842760122634,0.019707714422607468,0.01692993664482969,0.014185853237277142,0.021671987435430314
641,0.022800427013442728,0.023609842760122634,0.023609842760122634,0.019707714422607468,0.022485492200385242,0.020965514254226294,0.02138383644783537
642,0.022800427013442728,0.023609842760122634,0.023609842760122634,0.0280410477559408,0.019707714422607468,0.01757568374575172,0.021535494862359023
654,0.022800427013442728,0.023609842760122634,0.023609842760122634,0.0280410477559408,0.030818825533718577,0.024355344762700872,0.02196013842302526
668,0.022800427013442728,0.023609842760122634,0.023609842760122634,0.019707714422607468,0.01692993664482969,0.01757568374575172,0.021565826545263754
696,0.022800427013442728,0.023609842760122634,0.023609842760122634,0.019707714422607468,0.019707714422607468,0.024355344762700872,0.02211179683754891
698,0.022800427013442728,0.023609842760122634,0.023609842760122634,0.019707714422607468,0.01692993664482969,0.024355344762700872,0.021869143374311065
712,0.022800427013442728,0.023609842760122634,0.023609842760122634,0.011374381089274133,0.022485492200385242,0.024355344762700872,0.022915586434524286
716,0.022800427013442728,0.023609842760122634,0.023609842760122634,0.011374381089274133,0.01692993664482969,0.024355344762700872,0.023355395836642884
732,0.022800427013442728,0.023609842760122634,0.023609842760122634,0.036374381089274134,0.02526326997816302,0.024355344762700872,0.021565826545263754
738,0.022800427013442728,0.023609842760122634,0.023609842760122634,0.036374381089274134,0.02526326997816302,0.01757568374575172,0.021535494862359023
755,0.022800427013442728,0.023609842760122634,0.023609842760122634,0.011374381089274133,0.022485492200385242,0.01757568374575172,0.022733596337095898
770,0.022800427013442728,0.023609842760122634,0.023609842760122634,0.0280410477559408,0.019707714422607468,0.024355344762700872,0.021808480008501604
775,0.022800427013442728,0.023609842760122634,0.023609842760122634,0.011374381089274133,0.01692993664482969,0.014185853237277142,0.022308952776429667
782,0.022800427013442728,0.023609842760122634,0.023609842760122634,0.019707714422607468,0.014152158867051911,0.020965514254226294,0.021656821593977946
793,0.022800427013442728,0.023609842760122634,0.023609842760122634,0.0280410477559408,0.0280410477559408,0.01757568374575172,0.02138383644783537
817,0.022800427013442728,0.023609842760122634,0.023609842760122634,0.044707714422607465,0.036374381089274134,0.024355344762700872,0.021944972581572894
819,0.022800427013442728,0.023609842760122634,0.023609842760122634,0.019707714422607468,0.022485492200385242,0.024355344762700872,0.022035967630287086
840,0.022800427013442728,0.023609842760122634,0.023609842760122634,0.011374381089274133,0.02526326997816302,0.01757568374575172,0.022369616142239125
857,0.022800427013442728,0.023609842760122634,0.023609842760122634,0.011374381089274133,0.01692993664482969,0.01757568374575172,0.022915586434524286
858,0.022800427013442728,0.023609842760122634,0.023609842760122634,0.011374381089274133,0.019707714422607468,0.020965514254226294,0.022384781983691492
873,0.022800427013442728,0.023609842760122634,0.023609842760122634,0.036374381089274134,0.019707714422607468,0.020965514254226294,0.02144449981364483
882,0.022800427013442728,0.023609842760122634,0.023609842760122634,0.011374381089274133,0.011374381089274133,0.031135005779650025,0.02411368790926116
892,0.022800427013442728,0.023609842760122634,0.023609842760122634,0.0280410477559408,0.030818825533718577,0.01757568374575172,0.0214141681307401
896,0.022800427013442728,0.023609842760122634,0.023609842760122634,0.044707714422607465,0.0280410477559408,0.024355344762700872,0.0214141681307401
897,0.022800427013442728,0.023609842760122634,0.023609842760122634,0.0280410477559408,0.0280410477559408,0.024355344762700872,0.021838811691406335
909,0.022800427013442728,0.023609842760122634,0.023609842760122634,0.019707714422607468,0.0280410477559408,0.024355344762700872,0.022142128520453646
939,0.022800427013442728,0.023609842760122634,0.023609842760122634,0.0280410477559408,0.030818825533718577,0.034524836288124604,0.021899475057215796
950,0.022800427013442728,0.023609842760122634,0.023609842760122634,0.0280410477559408,0.022485492200385242,0.027745175271175447,0.02211179683754891
962,0.022800427013442728,0.023609842760122634,0.023609842760122634,0.036374381089274134,0.02526326997816302,0.041304497305073753,0.02168715327688268
986,0.022800427013442728,0.023609842760122634,0.023609842760122634,0.019707714422607468,0.02526326997816302,0.034524836288124604,0.021793314167049237
993,0.022800427013442728,0.023609842760122634,0.023609842760122634,0.0280410477559408,0.022485492200385242,0.037914666796599175,0.021762982484144506
001,0.022762524297081387,0.02297813082076698,0.02297813082076698,0.0280410477559408,0.0280410477559408,0.010796022728802566,0.021429333972192464
020,0.022762524297081387,0.02297813082076698,0.02297813082076698,0.036374381089274134,0.019707714422607468,0.010796022728802566,0.021626489911073216
044,0.022762524297081387,0.02297813082076698,0.02297813082076698,0.0280410477559408,0.0280410477559408,0.01757568374575172,0.021505163179454292
045,0.022762524297081387,0.02297813082076698,0.02297813082076698,0.011374381089274133,0.019707714422607468,0.020965514254226294,0.02243027950804859
054,0.022762524297081387,0.02297813082076698,0.02297813082076698,0.019707714422607468,0.0280410477559408,0.031135005779650025,0.02215729436190601
076,0.022762524297081387,0.02297813082076698,0.02297813082076698,0.011374381089274133,0.022485492200385242,0.031135005779650025,0.022839757227262458
086,0.022762524297081387,0.02297813082076698,0.02297813082076698,0.0280410477559408,0.02526326997816302,0.020965514254226294,0.021565826545263754
109,0.022762524297081387,0.02297813082076698,0.02297813082076698,0.0280410477559408,0.022485492200385242,0.01757568374575172,0.021535494862359023
126,0.022762524297081387,0.02297813082076698,0.02297813082076698,0.036374381089274134,0.022485492200385242,0.027745175271175447,0.02168715327688268
136,0.022762524297081387,0.02297813082076698,0.02297813082076698,0.0280410477559408,0.02526326997816302,0.014185853237277142,0.021611324069620852
155,0.022762524297081387,0.02297813082076698,0.02297813082076698,0.036374381089274134,0.030818825533718577,0.020965514254226294,0.02144449981364483
157,0.022762524297081387,0.02297813082076698,0.02297813082076698,0.019707714422607468,0.022485492200385242,0.01757568374575172,0.021808480008501604
161,0.022762524297081387,0.02297813082076698,0.02297813082076698,0.011374381089274133,0.014152158867051911,0.031135005779650025,0.02402269286054697
164,0.022762524297081387,0.02297813082076698,0.02297813082076698,0.0280410477559408,0.019707714422607468,0.020965514254226294,0.021626489911073216
172,0.022762524297081387,0.02297813082076698,0.02297813082076698,0.036374381089274134,0.022485492200385242,0.01757568374575172,0.02159615822816849
188,0.022762524297081387,0.02297813082076698,0.02297813082076698,0.061374381089274135,0.030818825533718577,0.031135005779650025,0.02138383644783537
198,0.022762524297081387,0.02297813082076698,0.02297813082076698,0.036374381089274134,0.036374381089274134,0.027745175271175447,0.02159615822816849
240,0.022762524297081387,0.02297813082076698,0.02297813082076698,0.0280410477559408,0.022485492200385242,0.020965514254226294,0.02168715327688268
248,0.022762524297081387,0.02297813082076698,0.02297813082076698,0.011374381089274133,0.014152158867051911,0.027745175271175447,0.022779093861453
265,0.022762524297081387,0.02297813082076698,0.02297813082076698,0.019707714422607468,0.0280410477559408,0.010796022728802566,0.022081465154644184
279,0.022762524297081387,0.02297813082076698,0.02297813082076698,0.019707714422607468,0.019707714422607468,0.027745175271175447,0.021505163179454292
283,0.022762524297081387,0.02297813082076698,0.02297813082076698,0.019707714422607468,0.02526326997816302,0.024355344762700872,0.02212696267900128
301,0.022762524297081387,0.02297813082076698,0.02297813082076698,0.011374381089274133,0.011374381089274133,0.014185853237277142,0.02411368790926116
307,0.022762524297081387,0.02297813082076698,0.02297813082076698,0.011374381089274133,0.022485492200385242,0.031135005779650025,0.022915586434524286
311,0.022762524297081387,0.02297813082076698,0.02297813082076698,0.011374381089274133,0.01692993664482969,0.024355344762700872,0.023628380982785465
340,0.022762524297081387,0.02297813082076698,0.02297813082076698,0.019707714422607468,0.02526326997816302,0.024355344762700872,0.0218539775328587
371,0.022762524297081387,0.02297813082076698,0.02297813082076698,0.0280410477559408,0.019707714422607468,0.024355344762700872,0.021671987435430314
375,0.022762524297081387,0.02297813082076698,0.02297813082076698,0.011374381089274133,0.01692993664482969,0.024355344762700872,0.022506108715310415
407,0.022762524297081387,0.02297813082076698,0.02297813082076698,0.011374381089274133,0.022485492200385242,0.020965514254226294,0.02285492306871482
413,0.022762524297081387,0.02297813082076698,0.02297813082076698,0.011374381089274133,0.02526326997816302,0.01757568374575172,0.022627435446929342
416,0.022762524297081387,0.02297813082076698,0.02297813082076698,0.0280410477559408,0.022485492200385242,0.024355344762700872,0.02147483149654956
423,0.022762524297081387,0.02297813082076698,0.02297813082076698,0.011374381089274133,0.01692993664482969,0.020965514254226294,0.022642601288381706
437,0.022762524297081387,0.02297813082076698,0.02297813082076698,0.036374381089274134,0.0280410477559408,0.024355344762700872,0.02144449981364483
438,0.022762524297081387,0.02297813082076698,0.02297813082076698,0.036374381089274134,0.0280410477559408,0.027745175271175447,0.021626489911073216
441,0.022762524297081387,0.02297813082076698,0.02297813082076698,0.019707714422607468,0.0280410477559408,0.01757568374575172,0.021778148325596873
452,0.022762524297081387,0.02297813082076698,0.02297813082076698,0.0280410477559408,0.0280410477559408,0.034524836288124604,0.021899475057215796
462,0.022762524297081387,0.02297813082076698,0.02297813082076698,0.036374381089274134,0.019707714422607468,0.01757568374575172,0.02168715327688268
472,0.022762524297081387,0.02297813082076698,0.02297813082076698,0.0280410477559408,0.02526326997816302,0.024355344762700872,0.021914640898668163
478,0.022762524297081387,0.02297813082076698,0.02297813082076698,0.019707714422607468,0.01692993664482969,0.041304497305073753,0.021656821593977946
516,0.022762524297081387,0.02297813082076698,0.02297813082076698,0.044707714422607465,0.0280410477559408,0.034524836288124604,0.021793314167049237
530,0.022762524297081387,0.02297813082076698,0.02297813082076698,0.044707714422607465,0.022485492200385242,0.020965514254226294,0.021505163179454292
539,0.022762524297081387,0.02297813082076698,0.02297813082076698,0.0280410477559408,0.01692993664482969,0.014185853237277142,0.021656821593977946
558,0.022762524297081387,0.02297813082076698,0.02297813082076698,0.019707714422607468,0.019707714422607468,0.01757568374575172,0.02212696267900128
578,0.022762524297081387,0.02297813082076698,0.02297813082076698,0.0280410477559408,0.019707714422607468,0.014185853237277142,0.02159615822816849
614,0.022762524297081387,0.02297813082076698,0.02297813082076698,0.036374381089274134,0.022485492200385242,0.014185853237277142,0.02159615822816849
643,0.022762524297081387,0.02297813082076698,0.02297813082076698,0.044707714422607465,0.02526326997816302,0.024355344762700872,0.021626489911073216
682,0.022762524297081387,0.02297813082076698,0.02297813082076698,0.011374381089274133,0.019707714422607468,0.020965514254226294,0.022339284459334394
687,0.022762524297081387,0.02297813082076698,0.02297813082076698,0.044707714422607465,0.03359660331149635,0.027745175271175447,0.021535494862359023
694,0.022762524297081387,0.02297813082076698,0.02297813082076698,0.011374381089274133,0.019707714422607468,0.014185853237277142,0.023218903263571594
695,0.022762524297081387,0.02297813082076698,0.02297813082076698,0.011374381089274133,0.02526326997816302,0.031135005779650025,0.0222937869349773
703,0.022762524297081387,0.02297813082076698,0.02297813082076698,0.011374381089274133,0.019707714422607468,0.031135005779650025,0.023021747324690846
728,0.022762524297081387,0.02297813082076698,0.02297813082076698,0.019707714422607468,0.019707714422607468,0.010796022728802566,0.02148999733800193
751,0.022762524297081387,0.02297813082076698,0.02297813082076698,0.036374381089274134,0.02526326997816302,0.0480841583220229,0.021899475057215796
753,0.022762524297081387,0.02297813082076698,0.02297813082076698,0.0280410477559408,0.030818825533718577,0.020965514254226294,0.021520329020906656
758,0.022762524297081387,0.02297813082076698,0.02297813082076698,0.011374381089274133,0.01692993664482969,0.04469432781354833,0.022945918117429014
760,0.022762524297081387,0.02297813082076698,0.02297813082076698,0.019707714422607468,0.030818825533718577,0.010796022728802566,0.022278621093524936
762,0.022762524297081387,0.02297813082076698,0.02297813082076698,0.0280410477559408,0.019707714422607468,0.020965514254226294,0.021778148325596873
765,0.022762524297081387,0.02297813082076698,0.02297813082076698,0.011374381089274133,0.022485492200385242,0.024355344762700872,0.02246061119095332
768,0.022762524297081387,0.02297813082076698,0.02297813082076698,0.019707714422607468,0.019707714422607468,0.020965514254226294,0.021869143374311065
776,0.022762524297081387,0.02297813082076698,0.02297813082076698,0.0280410477559408,0.019707714422607468,0.020965514254226294,0.021611324069620852
777,0.022762524297081387,0.02297813082076698,0.02297813082076698,0.0280410477559408,0.022485492200385242,0.020965514254226294,0.021778148325596873
779,0.022762524297081387,0.02297813082076698,0.02297813082076698,0.019707714422607468,0.022485492200385242,0.020965514254226294,0.021671987435430314
786,0.022762524297081387,0.02297813082076698,0.02297813082076698,0.0280410477559408,0.0280410477559408,0.024355344762700872,0.021641655752525583
800,0.022762524297081387,0.02297813082076698,0.02297813082076698,0.0280410477559408,0.01692993664482969,0.024355344762700872,0.021762982484144506
820,0.022762524297081387,0.02297813082076698,0.02297813082076698,0.011374381089274133,0.02526326997816302,0.020965514254226294,0.023370561678095255
823,0.022762524297081387,0.02297813082076698,0.02297813082076698,0.0280410477559408,0.030818825533718577,0.01757568374575172,0.021611324069620852
827,0.022762524297081387,0.02297813082076698,0.02297813082076698,0.044707714422607465,0.03359660331149635,0.020965514254226294,0.021702319118335044
832,0.022762524297081387,0.02297813082076698,0.02297813082076698,0.011374381089274133,0.019707714422607468,0.020965514254226294,0.022657767129834073
859,0.022762524297081387,0.02297813082076698,0.02297813082076698,0.011374381089274133,0.011374381089274133,0.024355344762700872,0.02411368790926116
880,0.022762524297081387,0.02297813082076698,0.02297813082076698,0.011374381089274133,0.019707714422607468,0.010796022728802566,0.022703264654191167
895,0.022762524297081387,0.02297813082076698,0.02297813082076698,0.019707714422607468,0.0280410477559408,0.020965514254226294,0.021944972581572894
900,0.022762524297081387,0.02297813082076698,0.02297813082076698,0.011374381089274133,0.02526326997816302,0.020965514254226294,0.022703264654191167
915,0.022762524297081387,0.02297813082076698,0.02297813082076698,0.019707714422607468,0.01692993664482969,0.014185853237277142,0.022248289410620202
918,0.022762524297081387,0.02297813082076698,0.02297813082076698,0.0280410477559408,0.019707714422607468,0.020965514254226294,0.021944972581572894
920,0.022762524297081387,0.02297813082076698,0.02297813082076698,0.019707714422607468,0.019707714422607468,0.020965514254226294,0.021520329020906656
921,0.022762524297081387,0.02297813082076698,0.02297813082076698,0.011374381089274133,0.0280410477559408,0.014185853237277142,0.022779093861453
934,0.022762524297081387,0.02297813082076698,0.02297813082076698,0.044707714422607465,0.036374381089274134,0.01757568374575172,0.021626489911073216
942,0.022762524297081387,0.02297813082076698,0.02297813082076698,0.019707714422607468,0.022485492200385242,0.024355344762700872,0.022066299313191817
944,0.022762524297081387,0.02297813082076698,0.02297813082076698,0.044707714422607465,0.022485492200385242,0.031135005779650025,0.02155066070381139
955,0.022762524297081387,0.02297813082076698,0.02297813082076698,0.019707714422607468,0.019707714422607468,0.014185853237277142,0.0218539775328587
970,0.022762524297081387,0.02297813082076698,0.02297813082076698,0.019707714422607468,0.01692993664482969,0.020965514254226294,0.021520329020906656
980,0.022762524297081387,0.02297813082076698,0.02297813082076698,0.011374381089274133,0.019707714422607468,0.027745175271175447,0.022703264654191167
988,0.022762524297081387,0.02297813082076698,0.02297813082076698,0.0280410477559408,0.019707714422607468,0.024355344762700872,0.021671987435430314
998,0.022762524297081387,0.02297813082076698,0.02297813082076698,0.0280410477559408,0.019707714422607468,0.014185853237277142,0.021702319118335044
012,0.02272462158072005,0.022346418881411326,0.022346418881411326,0.019707714422607468,0.0280410477559408,0.027745175271175447,0.021459665655097198
030,0.02272462158072005,0.022346418881411326,0.022346418881411326,0.011374381089274133,0.019707714422607468,0.024355344762700872,0.022490942873858052
039,0.02272462158072005,0.022346418881411326,0.022346418881411326,0.0280410477559408,0.01692993664482969,0.01757568374575172,0.021626489911073216
043,0.02272462158072005,0.022346418881411326,0.022346418881411326,0.0280410477559408,0.02526326997816302,0.014185853237277142,0.021838811691406335
050,0.02272462158072005,0.022346418881411326,0.022346418881411326,0.0280410477559408,0.022485492200385242,0.01757568374575172,0.021399002289287733
077,0.02272462158072005,0.022346418881411326,0.022346418881411326,0.06970771442260747,0.03359660331149635,0.01757568374575172,0.02144449981364483
084,0.02272462158072005,0.022346418881411326,0.022346418881411326,0.0280410477559408,0.030818825533718577,0.020965514254226294,0.02148999733800193
096,0.02272462158072005,0.022346418881411326,0.022346418881411326,0.036374381089274134,0.022485492200385242,0.01757568374575172,0.021565826545263754
104,0.02272462158072005,0.022346418881411326,0.022346418881411326,0.011374381089274133,0.02526326997816302,0.01757568374575172,0.022733596337095898
113,0.02272462158072005,0.022346418881411326,0.022346418881411326,0.019707714422607468,0.030818825533718577,0.024355344762700872,0.02226345525207257
117,0.02272462158072005,0.022346418881411326,0.022346418881411326,0.019707714422607468,0.022485492200385242,0.024355344762700872,0.021793314167049237
123,0.02272462158072005,0.022346418881411326,0.022346418881411326,0.019707714422607468,0.030818825533718577,0.020965514254226294,0.02182364584995397
129,0.02272462158072005,0.022346418881411326,0.022346418881411326,0.019707714422607468,0.014152158867051911,0.027745175271175447,0.021899475057215796
130,0.02272462158072005,0.022346418881411326,0.022346418881411326,0.0280410477559408,0.019707714422607468,0.020965514254226294,0.021565826545263754
143,0.02272462158072005,0.022346418881411326,0.022346418881411326,0.011374381089274133,0.01692993664482969,0.034524836288124604,0.02253644039821515
153,0.02272462158072005,0.022346418881411326,0.022346418881411326,0.011374381089274133,0.011374381089274133,0.024355344762700872,0.02411368790926116
180,0.02272462158072005,0.022346418881411326,0.022346418881411326,0.0280410477559408,0.02526326997816302,0.024355344762700872,0.021656821593977946
192,0.02272462158072005,0.022346418881411326,0.022346418881411326,0.0280410477559408,0.0280410477559408,0.020965514254226294,0.02155066070381139
195,0.02272462158072005,0.022346418881411326,0.022346418881411326,0.019707714422607468,0.01692993664482969,0.01757568374575172,0.022172460203358377
197,0.02272462158072005,0.022346418881411326,0.022346418881411326,0.019707714422607468,0.02526326997816302,0.01757568374575172,0.021505163179454292
199,0.02272462158072005,0.022346418881411326,0.022346418881411326,0.036374381089274134,0.022485492200385242,0.014185853237277142,0.02147483149654956
232,0.02272462158072005,0.022346418881411326,0.022346418881411326,0.0280410477559408,0.02526326997816302,0.027745175271175447,0.0218539775328587
261,0.02272462158072005,0.022346418881411326,0.022346418881411326,0.0280410477559408,0.02526326997816302,0.027745175271175447,0.02155066070381139
272,0.02272462158072005,0.022346418881411326,0.022346418881411326,0.019707714422607468,0.022485492200385242,0.01757568374575172,0.021429333972192464
280,0.02272462158072005,0.022346418881411326,0.022346418881411326,0.019707714422607468,0.022485492200385242,0.034524836288124604,0.02147483149654956
327,0.02272462158072005,0.022346418881411326,0.022346418881411326,0.036374381089274134,0.0280410477559408,0.034524836288124604,0.02147483149654956
331,0.02272462158072005,0.022346418881411326,0.022346418881411326,0.011374381089274133,0.022485492200385242,0.024355344762700872,0.022627435446929342
346,0.02272462158072005,0.022346418881411326,0.022346418881411326,0.019707714422607468,0.022485492200385242,0.020965514254226294,0.021611324069620852
388,0.02272462158072005,0.022346418881411326,0.022346418881411326,0.019707714422607468,0.019707714422607468,0.014185853237277142,0.021914640898668163
412,0.02272462158072005,0.022346418881411326,0.022346418881411326,0.0280410477559408,0.036374381089274134,0.020965514254226294,0.02158099238671612
426,0.02272462158072005,0.022346418881411326,0.022346418881411326,0.019707714422607468,0.022485492200385242,0.01757568374575172,0.021808480008501604
428,0.02272462158072005,0.022346418881411326,0.022346418881411326,0.011374381089274133,0.02526326997816302,0.024355344762700872,0.02232411861788203
444,0.02272462158072005,0.022346418881411326,0.022346418881411326,0.011374381089274133,0.019707714422607468,0.020965514254226294,0.02324923494647633
458,0.02272462158072005,0.022346418881411326,0.022346418881411326,0.019707714422607468,0.030818825533718577,0.024355344762700872,0.021656821593977946
465,0.02272462158072005,0.022346418881411326,0.022346418881411326,0.019707714422607468,0.022485492200385242,0.027745175271175447,0.021505163179454292
479,0.02272462158072005,0.022346418881411326,0.022346418881411326,0.036374381089274134,0.0280410477559408,0.020965514254226294,0.02159615822816849
483,0.02272462158072005,0.022346418881411326,0.022346418881411326,0.036374381089274134,0.02526326997816302,0.037914666796599175,0.021399002289287733
493,0.02272462158072005,0.022346418881411326,0.022346418881411326,0.036374381089274134,0.022485492200385242,0.024355344762700872,0.021671987435430314
495,0.02272462158072005,0.022346418881411326,0.022346418881411326,0.019707714422607468,0.02526326997816302,0.014185853237277142,0.022202791886263108
504,0.02272462158072005,0.022346418881411326,0.022346418881411326,0.0530410477559408,0.030818825533718577,0.020965514254226294,0.0214141681307401
507,0.02272462158072005,0.022346418881411326,0.022346418881411326,0.0280410477559408,0.0280410477559408,0.020965514254226294,0.021641655752525583
521,0.02272462158072005,0.022346418881411326,0.022346418881411326,0.0280410477559408,0.022485492200385242,0.020965514254226294,0.021869143374311065
536,0.02272462158072005,0.022346418881411326,0.022346418881411326,0.019707714422607468,0.0280410477559408,0.010796022728802566,0.021732650801239775
560,0.02272462158072005,0.022346418881411326,0.022346418881411326,0.011374381089274133,0.014152158867051911,0.024355344762700872,0.023431225043904713
562,0.02272462158072005,0.022346418881411326,0.022346418881411326,0.019707714422607468,0.030818825533718577,0.01757568374575172,0.022142128520453646
585,0.02272462158072005,0.022346418881411326,0.022346418881411326,0.019707714422607468,0.022485492200385242,0.020965514254226294,0.021429333972192464
587,0.02272462158072005,0.022346418881411326,0.022346418881411326,0.0280410477559408,0.019707714422607468,0.01757568374575172,0.021641655752525583
616,0.02272462158072005,0.022346418881411326,0.022346418881411326,0.0280410477559408,0.019707714422607468,0.027745175271175447,0.02199047010592999
621,0.02272462158072005,0.022346418881411326,0.022346418881411326,0.019707714422607468,0.022485492200385242,0.020965514254226294,0.02211179683754891
630,0.02272462158072005,0.022346418881411326,0.022346418881411326,0.011374381089274133,0.019707714422607468,0.034524836288124604,0.02285492306871482
631,0.02272462158072005,0.022346418881411326,0.022346418881411326,0.019707714422607468,0.022485492200385242,0.024355344762700872,0.02211179683754891
638,0.02272462158072005,0.022346418881411326,0.022346418881411326,0.0280410477559408,0.036374381089274134,0.027745175271175447,0.021944972581572894
639,0.02272462158072005,0.022346418881411326,0.022346418881411326,0.019707714422607468,0.019707714422607468,0.020965514254226294,0.0214141681307401
644,0.02272462158072005,0.022346418881411326,0.022346418881411326,0.036374381089274134,0.02526326997816302,0.027745175271175447,0.021399002289287733
655,0.02272462158072005,0.022346418881411326,0.022346418881411326,0.036374381089274134,0.022485492200385242,0.01757568374575172,0.0214141681307401
663,0.02272462158072005,0.022346418881411326,0.022346418881411326,0.011374381089274133,0.014152158867051911,0.027745175271175447,0.022581937922572244
674,0.02272462158072005,0.022346418881411326,0.022346418881411326,0.019707714422607468,0.01692993664482969,0.024355344762700872,0.02147483149654956
675,0.02272462158072005,0.022346418881411326,0.022346418881411326,0.019707714422607468,0.019707714422607468,0.01757568374575172,0.02168715327688268
681,0.02272462158072005,0.022346418881411326,0.022346418881411326,0.011374381089274133,0.014152158867051911,0.020965514254226294,0.0236132151413331
707,0.02272462158072005,0.022346418881411326,0.022346418881411326,0.019707714422607468,0.019707714422607468,0.01757568374575172,0.02202080178883472
708,0.02272462158072005,0.022346418881411326,0.022346418881411326,0.036374381089274134,0.036374381089274134,0.020965514254226294,0.021565826545263754
731,0.02272462158072005,0.022346418881411326,0.022346418881411326,0.011374381089274133,0.0280410477559408,0.014185853237277142,0.022657767129834073
737,0.02272462158072005,0.022346418881411326,0.022346418881411326,0.036374381089274134,0.0280410477559408,0.027745175271175447,0.021732650801239775
741,0.02272462158072005,0.022346418881411326,0.022346418881411326,0.011374381089274133,0.01692993664482969,0.020965514254226294,0.02232411861788203
746,0.02272462158072005,0.022346418881411326,0.022346418881411326,0.044707714422607465,0.022485492200385242,0.014185853237277142,0.02144449981364483
769,0.02272462158072005,0.022346418881411326,0.022346418881411326,0.011374381089274133,0.022485492200385242,0.031135005779650025,0.022445445349500954
778,0.02272462158072005,0.022346418881411326,0.022346418881411326,0.011374381089274133,0.01692993664482969,0.01757568374575172,0.023112742373405038
787,0.02272462158072005,0.022346418881411326,0.022346418881411326,0.019707714422607468,0.019707714422607468,0.024355344762700872,0.022187626044810744
788,0.02272462158072005,0.022346418881411326,0.022346418881411326,0.011374381089274133,0.02526326997816302,0.014185853237277142,0.022308952776429667
796,0.02272462158072005,0.022346418881411326,0.022346418881411326,0.019707714422607468,0.0280410477559408,0.01757568374575172,0.021869143374311065
803,0.02272462158072005,0.022346418881411326,0.022346418881411326,0.019707714422607468,0.019707714422607468,0.027745175271175447,0.021520329020906656
810,0.02272462158072005,0.022346418881411326,0.022346418881411326,0.019707714422607468,0.019707714422607468,0.031135005779650025,0.021899475057215796
824,0.02272462158072005,0.022346418881411326,0.022346418881411326,0.019707714422607468,0.01692993664482969,0.024355344762700872,0.022187626044810744
833,0.02272462158072005,0.022346418881411326,0.022346418881411326,0.019707714422607468,0.02526326997816302,0.024355344762700872,0.022081465154644184
872,0.02272462158072005,0.022346418881411326,0.022346418881411326,0.0280410477559408,0.030818825533718577,0.020965514254226294,0.02182364584995397
890,0.02272462158072005,0.022346418881411326,0.022346418881411326,0.011374381089274133,0.019707714422607468,0.027745175271175447,0.02253644039821515
894,0.02272462158072005,0.022346418881411326,0.022346418881411326,0.0280410477559408,0.02526326997816302,0.014185853237277142,0.02202080178883472
905,0.02272462158072005,0.022346418881411326,0.022346418881411326,0.011374381089274133,0.011374381089274133,0.031135005779650025,0.02411368790926116
907,0.02272462158072005,0.022346418881411326,0.022346418881411326,0.0280410477559408,0.0280410477559408,0.031135005779650025,0.021505163179454292
911,0.02272462158072005,0.022346418881411326,0.022346418881411326,0.044707714422607465,0.030818825533718577,0.041304497305073753,0.02147483149654956
919,0.02272462158072005,0.022346418881411326,0.022346418881411326,0.036374381089274134,0.02526326997816302,0.010796022728802566,0.021505163179454292
928,0.02272462158072005,0.022346418881411326,0.022346418881411326,0.019707714422607468,0.01692993664482969,0.020965514254226294,0.02212696267900128
945,0.02272462158072005,0.022346418881411326,0.022346418881411326,0.011374381089274133,0.02526326997816302,0.014185853237277142,0.022490942873858052
948,0.02272462158072005,0.022346418881411326,0.022346418881411326,0.0280410477559408,0.0280410477559408,0.014185853237277142,0.022066299313191817
963,0.02272462158072005,0.022346418881411326,0.022346418881411326,0.0280410477559408,0.022485492200385242,0.024355344762700872,0.021656821593977946
972,0.02272462158072005,0.022346418881411326,0.022346418881411326,0.011374381089274133,0.022485492200385242,0.027745175271175447,0.022521274556762783
976,0.02272462158072005,0.022346418881411326,0.022346418881411326,0.0280410477559408,0.030818825533718577,0.020965514254226294,0.02138383644783537
984,0.02272462158072005,0.022346418881411326,0.022346418881411326,0.044707714422607465,0.030818825533718577,0.020965514254226294,0.021429333972192464
991,0.02272462158072005,0.022346418881411326,0.022346418881411326,0.019707714422607468,0.019707714422607468,0.020965514254226294,0.021429333972192464
005,0.02268671886435871,0.021714706942055673,0.021714706942055673,0.019707714422607468,0.014152158867051911,0.020965514254226294,0.022187626044810744
024,0.02268671886435871,0.021714706942055673,0.021714706942055673,0.0280410477559408,0.022485492200385242,0.027745175271175447,0.02158099238671612
064,0.02268671886435871,0.021714706942055673,0.021714706942055673,0.0280410477559408,0.022485492200385242,0.031135005779650025,0.022035967630287086
083,0.02268671886435871,0.021714706942055673,0.021714706942055673,0.019707714422607468,0.030818825533718577,0.024355344762700872,0.02171748495978741
093,0.02268671886435871,0.021714706942055673,0.021714706942055673,0.011374381089274133,0.014152158867051911,0.027745175271175447,0.023628380982785465
100,0.02268671886435871,0.021714706942055673,0.021714706942055673,0.011374381089274133,0.022485492200385242,0.010796022728802566,0.022597103764024608
108,0.02268671886435871,0.021714706942055673,0.021714706942055673,0.011374381089274133,0.01692993664482969,0.01757568374575172,0.022642601288381706
128,0.02268671886435871,0.021714706942055673,0.021714706942055673,0.019707714422607468,0.022485492200385242,0.024355344762700872,0.021899475057215796
141,0.02268671886435871,0.021714706942055673,0.021714706942055673,0.019707714422607468,0.022485492200385242,0.024355344762700872,0.021656821593977946
145,0.02268671886435871,0.021714706942055673,0.021714706942055673,0.019707714422607468,0.01692993664482969,0.020965514254226294,0.021399002289287733
156,0.02268671886435871,0.021714706942055673,0.021714706942055673,0.019707714422607468,0.022485492200385242,0.01757568374575172,0.021838811691406335
165,0.02268671886435871,0.021714706942055673,0.021714706942055673,0.011374381089274133,0.02526326997816302,0.020965514254226294,0.022475777032405685
170,0.02268671886435871,0.021714706942055673,0.021714706942055673,0.019707714422607468,0.022485492200385242,0.027745175271175447,0.021929806740120527
210,0.02268671886435871,0.021714706942055673,0.021714706942055673,0.019707714422607468,0.01692993664482969,0.01757568374575172,0.021838811691406335
212,0.02268671886435871,0.021714706942055673,0.021714706942055673,0.0280410477559408,0.02526326997816302,0.034524836288124604,0.021793314167049237
219,0.02268671886435871,0.021714706942055673,0.021714706942055673,0.011374381089274133,0.01692993664482969,0.01757568374575172,0.022688098812738804
229,0.02268671886435871,0.021714706942055673,0.021714706942055673,0.019707714422607468,0.02526326997816302,0.020965514254226294,0.02211179683754891
237,0.02268671886435871,0.021714706942055673,0.021714706942055673,0.0280410477559408,0.0280410477559408,0.020965514254226294,0.021459665655097198
245,0.02268671886435871,0.021714706942055673,0.021714706942055673,0.0280410477559408,0.0280410477559408,0.020965514254226294,0.02159615822816849
258,0.02268671886435871,0.021714706942055673,0.021714706942055673,0.019707714422607468,0.01692993664482969,0.01757568374575172,0.021808480008501604
266,0.02268671886435871,0.021714706942055673,0.021714706942055673,0.019707714422607468,0.01692993664482969,0.024355344762700872,0.022081465154644184
276,0.02268671886435871,0.021714706942055673,0.021714706942055673,0.0280410477559408,0.022485492200385242,0.014185853237277142,0.021520329020906656
286,0.02268671886435871,0.021714706942055673,0.021714706942055673,0.0280410477559408,0.022485492200385242,0.014185853237277142,0.021641655752525583
290,0.02268671886435871,0.021714706942055673,0.021714706942055673,0.019707714422607468,0.0280410477559408,0.024355344762700872,0.021808480008501604
305,0.02268671886435871,0.021714706942055673,0.021714706942055673,0.019707714422607468,0.0280410477559408,0.020965514254226294,0.02144449981364483
309,0.02268671886435871,0.021714706942055673,0.021714706942055673,0.011374381089274133,0.011374381089274133,0.024355344762700872,0.02411368790926116
319,0.02268671886435871,0.021714706942055673,0.021714706942055673,0.011374381089274133,0.019707714422607468,0.027745175271175447,0.022490942873858052
325,0.02268671886435871,0.021714706942055673,0.021714706942055673,0.019707714422607468,0.022485492200385242,0.027745175271175447,0.02182364584995397
329,0.02268671886435871,0.021714706942055673,0.021714706942055673,0.036374381089274134,0.0280410477559408,0.027745175271175447,0.021808480008501604
334,0.02268671886435871,0.021714706942055673,0.021714706942055673,0.044707714422607465,0.02526326997816302,0.020965514254226294,0.02155066070381139
342,0.02268671886435871,0.021714706942055673,0.021714706942055673,0.011374381089274133,0.022485492200385242,0.024355344762700872,0.022976249800333748
347,0.02268671886435871,0.021714706942055673,0.021714706942055673,0.019707714422607468,0.014152158867051911,0.020965514254226294,0.021838811691406335
350,0.02268671886435871,0.021714706942055673,0.021714706942055673,0.0280410477559408,0.02526326997816302,0.027745175271175447,0.021929806740120527
355,0.02268671886435871,0.021714706942055673,0.021714706942055673,0.0280410477559408,0.030818825533718577,0.020965514254226294,0.02159615822816849
376,0.02268671886435871,0.021714706942055673,0.021714706942055673,0.019707714422607468,0.022485492200385242,0.020965514254226294,0.021929806740120527
384,0.02268671886435871,0.021714706942055673,0.021714706942055673,0.036374381089274134,0.03359660331149635,0.024355344762700872,0.02155066070381139
385,0.02268671886435871,0.021714706942055673,0.021714706942055673,0.011374381089274133,0.022485492200385242,0.027745175271175447,0.022597103764024608
420,0.02268671886435871,0.021714706942055673,0.021714706942055673,0.036374381089274134,0.022485492200385242,0.027745175271175447,0.021535494862359023
424,0.02268671886435871,0.021714706942055673,0.021714706942055673,0.011374381089274133,0.014152158867051911,0.020965514254226294,0.02235445030078676
433,0.02268671886435871,0.021714706942055673,0.021714706942055673,0.036374381089274134,0.019707714422607468,0.014185853237277142,0.02155066070381139
439,0.02268671886435871,0.021714706942055673,0.021714706942055673,0.019707714422607468,0.014152158867051911,0.020965514254226294,0.02168715327688268
454,0.02268671886435871,0.021714706942055673,0.021714706942055673,0.011374381089274133,0.014152158867051911,0.027745175271175447,0.023112742373405038
498,0.02268671886435871,0.021714706942055673,0.021714706942055673,0.019707714422607468,0.02526326997816302,0.024355344762700872,0.02148999733800193
503,0.02268671886435871,0.021714706942055673,0.021714706942055673,0.011374381089274133,0.022485492200385242,0.027745175271175447,0.022627435446929342
518,0.02268671886435871,0.021714706942055673,0.021714706942055673,0.0280410477559408,0.022485492200385242,0.027745175271175447,0.021899475057215796
520,0.02268671886435871,0.021714706942055673,0.021714706942055673,0.0280410477559408,0.02526326997816302,0.01757568374575172,0.02188430921576343
528,0.02268671886435871,0.021714706942055673,0.021714706942055673,0.0280410477559408,0.0280410477559408,0.024355344762700872,0.021793314167049237
529,0.02268671886435871,0.021714706942055673,0.021714706942055673,0.019707714422607468,0.01692993664482969,0.020965514254226294,0.021671987435430314
563,0.02268671886435871,0.021714706942055673,0.021714706942055673,0.011374381089274133,0.01692993664482969,0.010796022728802566,0.02314307405630977
564,0.02268671886435871,0.021714706942055673,0.021714706942055673,0.011374381089274133,0.022485492200385242,0.01757568374575172,0.022945918117429014
575,0.02268671886435871,0.021714706942055673,0.021714706942055673,0.0280410477559408,0.019707714422607468,0.01757568374575172,0.021399002289287733
589,0.02268671886435871,0.021714706942055673,0.021714706942055673,0.011374381089274133,0.014152158867051911,0.014185853237277142,0.023992361177642238
590,0.02268671886435871,0.021714706942055673,0.021714706942055673,0.036374381089274134,0.022485492200385242,0.024355344762700872,0.021565826545263754
611,0.02268671886435871,0.021714706942055673,0.021714706942055673,0.036374381089274134,0.0280410477559408,0.010796022728802566,0.021429333972192464
622,0.02268671886435871,0.021714706942055673,0.021714706942055673,0.061374381089274135,0.03359660331149635,0.020965514254226294,0.021505163179454292
635,0.02268671886435871,0.021714706942055673,0.021714706942055673,0.044707714422607465,0.030818825533718577,0.01757568374575172,0.0214141681307401
646,0.02268671886435871,0.021714706942055673,0.021714706942055673,0.0280410477559408,0.02526326997816302,0.01757568374575172,0.021778148325596873
649,0.02268671886435871,0.021714706942055673,0.021714706942055673,0.036374381089274134,0.02526326997816302,0.01757568374575172,0.021975304264477625
671,0.02268671886435871,0.021714706942055673,0.021714706942055673,0.011374381089274133,0.01692993664482969,0.01757568374575172,0.022733596337095898
692,0.02268671886435871,0.021714706942055673,0.021714706942055673,0.011374381089274133,0.01692993664482969,0.041304497305073753,0.022445445349500954
702,0.02268671886435871,0.021714706942055673,0.021714706942055673,0.036374381089274134,0.02526326997816302,0.014185853237277142,0.021914640898668163
719,0.02268671886435871,0.021714706942055673,0.021714706942055673,0.036374381089274134,0.02526326997816302,0.020965514254226294,0.021399002289287733
721,0.02268671886435871,0.021714706942055673,0.021714706942055673,0.011374381089274133,0.01692993664482969,0.024355344762700872,0.023855868604570948
725,0.02268671886435871,0.021714706942055673,0.021714706942055673,0.019707714422607468,0.01692993664482969,0.024355344762700872,0.022005635947382356
756,0.02268671886435871,0.021714706942055673,0.021714706942055673,0.019707714422607468,0.014152158867051911,0.020965514254226294,0.021611324069620852
781,0.02268671886435871,0.021714706942055673,0.021714706942055673,0.019707714422607468,0.019707714422607468,0.01757568374575172,0.022066299313191817
790,0.02268671886435871,0.021714706942055673,0.021714706942055673,0.044707714422607465,0.02526326997816302,0.01757568374575172,0.021656821593977946
798,0.02268671886435871,0.021714706942055673,0.021714706942055673,0.011374381089274133,0.014152158867051911,0.020965514254226294,0.023658712665690196
809,0.02268671886435871,0.021714706942055673,0.021714706942055673,0.011374381089274133,0.022485492200385242,0.01757568374575172,0.022369616142239125
815,0.02268671886435871,0.021714706942055673,0.021714706942055673,0.011374381089274133,0.014152158867051911,0.020965514254226294,0.022839757227262458
831,0.02268671886435871,0.021714706942055673,0.021714706942055673,0.019707714422607468,0.02526326997816302,0.024355344762700872,0.021641655752525583
835,0.02268671886435871,0.021714706942055673,0.021714706942055673,0.011374381089274133,0.014152158867051911,0.024355344762700872,0.023234069105023965
837,0.02268671886435871,0.021714706942055673,0.021714706942055673,0.019707714422607468,0.014152158867051911,0.014185853237277142,0.021399002289287733
852,0.02268671886435871,0.021714706942055673,0.021714706942055673,0.0280410477559408,0.0280410477559408,0.014185853237277142,0.02159615822816849
855,0.02268671886435871,0.021714706942055673,0.021714706942055673,0.0280410477559408,0.022485492200385242,0.020965514254226294,0.021671987435430314
860,0.02268671886435871,0.021714706942055673,0.021714706942055673,0.011374381089274133,0.03359660331149635,0.024355344762700872,0.022627435446929342
865,0.02268671886435871,0.021714706942055673,0.021714706942055673,0.019707714422607468,0.019707714422607468,0.01757568374575172,0.02144449981364483
941,0.02268671886435871,0.021714706942055673,0.021714706942055673,0.036374381089274134,0.030818825533718577,0.020965514254226294,0.021914640898668163
951,0.02268671886435871,0.021714706942055673,0.021714706942055673,0.019707714422607468,0.022485492200385242,0.01757568374575172,0.021626489911073216
954,0.02268671886435871,0.021714706942055673,0.021714706942055673,0.0280410477559408,0.022485492200385242,0.020965514254226294,0.02171748495978741
969,0.02268671886435871,0.021714706942055673,0.021714706942055673,0.019707714422607468,0.01692993664482969,0.020965514254226294,0.021808480008501604
985,0.02268671886435871,0.021714706942055673,0.021714706942055673,0.0280410477559408,0.02526326997816302,0.01757568374575172,0.02144449981364483
992,0.02268671886435871,0.021714706942055673,0.021714706942055673,0.011374381089274133,0.01692993664482969,0.024355344762700872,0.022824591385810094
994,0.02268671886435871,0.021714706942055673,0.021714706942055673,0.019707714422607468,0.01692993664482969,0.020965514254226294,0.021975304264477625
011,0.02264881614799737,0.02108299500270002,0.02108299500270002,0.036374381089274134,0.0280410477559408,0.01757568374575172,0.021747816642692142
015,0.02264881614799737,0.02108299500270002,0.02108299500270002,0.019707714422607468,0.019707714422607468,0.01757568374575172,0.02215729436190601
018,0.02264881614799737,0.02108299500270002,0.02108299500270002,0.036374381089274134,0.019707714422607468,0.01757568374575172,0.021944972581572894
025,0.02264881614799737,0.02108299500270002,0.02108299500270002,0.011374381089274133,0.02526326997816302,0.010796022728802566,0.022308952776429667
048,0.02264881614799737,0.02108299500270002,0.02108299500270002,0.0280410477559408,0.022485492200385242,0.027745175271175447,0.021565826545263754
065,0.02264881614799737,0.02108299500270002,0.02108299500270002,0.011374381089274133,0.019707714422607468,0.020965514254226294,0.022657767129834073
067,0.02264881614799737,0.02108299500270002,0.02108299500270002,0.019707714422607468,0.01692993664482969,0.027745175271175447,0.0218539775328587
070,0.02264881614799737,0.02108299500270002,0.02108299500270002,0.0280410477559408,0.02526326997816302,0.031135005779650025,0.021732650801239775
078,0.02264881614799737,0.02108299500270002,0.02108299500270002,0.019707714422607468,0.014152158867051911,0.010796022728802566,0.021535494862359023
089,0.02264881614799737,0.02108299500270002,0.02108299500270002,0.011374381089274133,0.01692993664482969,0.027745175271175447,0.022703264654191167
101,0.02264881614799737,0.02108299500270002,0.02108299500270002,0.011374381089274133,0.014152158867051911,0.020965514254226294,0.0231734057392145
107,0.02264881614799737,0.02108299500270002,0.02108299500270002,0.0280410477559408,0.019707714422607468,0.01757568374575172,0.02188430921576343
137,0.02264881614799737,0.02108299500270002,0.02108299500270002,0.019707714422607468,0.030818825533718577,0.034524836288124604,0.021762982484144506
148,0.02264881614799737,0.02108299500270002,0.02108299500270002,0.019707714422607468,0.03359660331149635,0.01757568374575172,0.021732650801239775
152,0.02264881614799737,0.02108299500270002,0.02108299500270002,0.036374381089274134,0.019707714422607468,0.020965514254226294,0.02182364584995397
154,0.02264881614799737,0.02108299500270002,0.02108299500270002,0.019707714422607468,0.019707714422607468,0.014185853237277142,0.022096630996096548
163,0.02264881614799737,0.02108299500270002,0.02108299500270002,0.019707714422607468,0.019707714422607468,0.024355344762700872,0.022202791886263108
185,0.02264881614799737,0.02108299500270002,0.02108299500270002,0.0280410477559408,0.030818825533718577,0.020965514254226294,0.021535494862359023
187,0.02264881614799737,0.02108299500270002,0.02108299500270002,0.011374381089274133,0.014152158867051911,0.020965514254226294,0.02293075227597665
201,0.02264881614799737,0.02108299500270002,0.02108299500270002,0.011374381089274133,0.014152158867051911,0.014185853237277142,0.023855868604570948
203,0.02264881614799737,0.02108299500270002,0.02108299500270002,0.011374381089274133,0.019707714422607468,0.031135005779650025,0.022824591385810094
209,0.02264881614799737,0.02108299500270002,0.02108299500270002,0.019707714422607468,0.019707714422607468,0.034524836288124604,0.02155066070381139
214,0.02264881614799737,0.02108299500270002,0.02108299500270002,0.011374381089274133,0.02526326997816302,0.024355344762700872,0.02253644039821515
223,0.02264881614799737,0.02108299500270002,0.02108299500270002,0.011374381089274133,0.022485492200385242,0.01757568374575172,0.022308952776429667
241,0.02264881614799737,0.02108299500270002,0.02108299500270002,0.0280410477559408,0.022485492200385242,0.01757568374575172,0.02147483149654956
281,0.02264881614799737,0.02108299500270002,0.02108299500270002,0.011374381089274133,0.019707714422607468,0.014185853237277142,0.022779093861453
282,0.02264881614799737,0.02108299500270002,0.02108299500270002,0.019707714422607468,0.01692993664482969,0.027745175271175447,0.021520329020906656
284,0.02264881614799737,0.02108299500270002,0.02108299500270002,0.019707714422607468,0.02526326997816302,0.01757568374575172,0.021732650801239775
285,0.02264881614799737,0.02108299500270002,0.02108299500270002,0.011374381089274133,0.014152158867051911,0.020965514254226294,0.023218903263571594
332,0.02264881614799737,0.02108299500270002,0.02108299500270002,0.019707714422607468,0.01692993664482969,0.014185853237277142,0.022202791886263108
337,0.02264881614799737,0.02108299500270002,0.02108299500270002,0.011374381089274133,0.019707714422607468,0.01757568374575172,0.022521274556762783
361,0.02264881614799737,0.02108299500270002,0.02108299500270002,0.019707714422607468,0.022485492200385242,0.01757568374575172,0.02196013842302526
366,0.02264881614799737,0.02108299500270002,0.02108299500270002,0.011374381089274133,0.019707714422607468,0.01757568374575172,0.022718430495643534
404,0.02264881614799737,0.02108299500270002,0.02108299500270002,0.0280410477559408,0.022485492200385242,0.014185853237277142,0.021656821593977946
410,0.02264881614799737,0.02108299500270002,0.02108299500270002,0.011374381089274133,0.022485492200385242,0.024355344762700872,0.022612269605476975
414,0.02264881614799737,0.02108299500270002,0.02108299500270002,0.011374381089274133,0.019707714422607468,0.041304497305073753,0.022657767129834073
421,0.02264881614799737,0.02108299500270002,0.02108299500270002,0.011374381089274133,0.01692993664482969,0.010796022728802566,0.022718430495643534
448,0.02264881614799737,0.02108299500270002,0.02108299500270002,0.019707714422607468,0.022485492200385242,0.024355344762700872,0.02148999733800193
464,0.02264881614799737,0.02108299500270002,0.02108299500270002,0.019707714422607468,0.019707714422607468,0.01757568374575172,0.02215729436190601
467,0.02264881614799737,0.02108299500270002,0.02108299500270002,0.011374381089274133,0.014152158867051911,0.01757568374575172,0.0222937869349773
476,0.02264881614799737,0.02108299500270002,0.02108299500270002,0.019707714422607468,0.01692993664482969,0.01757568374575172,0.022278621093524936
494,0.02264881614799737,0.02108299500270002,0.02108299500270002,0.0280410477559408,0.02526326997816302,0.027745175271175447,0.021535494862359023
496,0.02264881614799737,0.02108299500270002,0.02108299500270002,0.019707714422607468,0.01692993664482969,0.031135005779650025,0.021793314167049237
500,0.02264881614799737,0.02108299500270002,0.02108299500270002,0.011374381089274133,0.01692993664482969,0.020965514254226294,0.022657767129834073
514,0.02264881614799737,0.02108299500270002,0.02108299500270002,0.0280410477559408,0.02526326997816302,0.024355344762700872,0.02159615822816849
524,0.02264881614799737,0.02108299500270002,0.02108299500270002,0.036374381089274134,0.02526326997816302,0.020965514254226294,0.021520329020906656
534,0.02264881614799737,0.02108299500270002,0.02108299500270002,0.019707714422607468,0.014152158867051911,0.020965514254226294,0.021459665655097198
537,0.02264881614799737,0.02108299500270002,0.02108299500270002,0.0280410477559408,0.036374381089274134,0.020965514254226294,0.0214141681307401
538,0.02264881614799737,0.02108299500270002,0.02108299500270002,0.019707714422607468,0.014152158867051911,0.020965514254226294,0.02158099238671612
554,0.02264881614799737,0.02108299500270002,0.02108299500270002,0.019707714422607468,0.0280410477559408,0.01757568374575172,0.022035967630287086
574,0.02264881614799737,0.02108299500270002,0.02108299500270002,0.011374381089274133,0.02526326997816302,0.027745175271175447,0.022521274556762783
580,0.02264881614799737,0.02108299500270002,0.02108299500270002,0.0280410477559408,0.019707714422607468,0.027745175271175447,0.021626489911073216
591,0.02264881614799737,0.02108299500270002,0.02108299500270002,0.011374381089274133,0.01692993664482969,0.014185853237277142,0.02355255177552364
604,0.02264881614799737,0.02108299500270002,0.02108299500270002,0.011374381089274133,0.014152158867051911,0.027745175271175447,0.022748762178548265
608,0.02264881614799737,0.02108299500270002,0.02108299500270002,0.011374381089274133,0.01692993664482969,0.031135005779650025,0.02276392802000063
623,0.02264881614799737,0.02108299500270002,0.02108299500270002,0.011374381089274133,0.01692993664482969,0.027745175271175447,0.023052079007595577
637,0.02264881614799737,0.02108299500270002,0.02108299500270002,0.0280410477559408,0.0280410477559408,0.024355344762700872,0.021611324069620852
648,0.02264881614799737,0.02108299500270002,0.02108299500270002,0.044707714422607465,0.02526326997816302,0.027745175271175447,0.021671987435430314
650,0.02264881614799737,0.02108299500270002,0.02108299500270002,0.036374381089274134,0.02526326997816302,0.01757568374575172,0.0214141681307401
660,0.02264881614799737,0.02108299500270002,0.02108299500270002,0.011374381089274133,0.02526326997816302,0.024355344762700872,0.022688098812738804
673,0.02264881614799737,0.02108299500270002,0.02108299500270002,0.011374381089274133,0.01692993664482969,0.014185853237277142,0.023112742373405038
677,0.02264881614799737,0.02108299500270002,0.02108299500270002,0.0280410477559408,0.019707714422607468,0.01757568374575172,0.02182364584995397
678,0.02264881614799737,0.02108299500270002,0.02108299500270002,0.011374381089274133,0.022485492200385242,0.027745175271175447,0.02276392802000063
699,0.02264881614799737,0.02108299500270002,0.02108299500270002,0.036374381089274134,0.0280410477559408,0.014185853237277142,0.021929806740120527
711,0.02264881614799737,0.02108299500270002,0.02108299500270002,0.011374381089274133,0.019707714422607468,0.020965514254226294,0.022809425544357727
723,0.02264881614799737,0.02108299500270002,0.02108299500270002,0.011374381089274133,0.01692993664482969,0.020965514254226294,0.022475777032405685
744,0.02264881614799737,0.02108299500270002,0.02108299500270002,0.011374381089274133,0.01692993664482969,0.024355344762700872,0.022506108715310415
757,0.02264881614799737,0.02108299500270002,0.02108299500270002,0.011374381089274133,0.01692993664482969,0.020965514254226294,0.022870088910167192
763,0.02264881614799737,0.02108299500270002,0.02108299500270002,0.011374381089274133,0.019707714422607468,0.024355344762700872,0.022581937922572244
818,0.02264881614799737,0.02108299500270002,0.02108299500270002,0.011374381089274133,0.01692993664482969,0.01757568374575172,0.023218903263571594
822,0.02264881614799737,0.02108299500270002,0.02108299500270002,0.011374381089274133,0.01692993664482969,0.01757568374575172,0.02355255177552364
842,0.02264881614799737,0.02108299500270002,0.02108299500270002,0.019707714422607468,0.02526326997816302,0.027745175271175447,0.021611324069620852
843,0.02264881614799737,0.02108299500270002,0.02108299500270002,0.036374381089274134,0.022485492200385242,0.020965514254226294,0.021505163179454292
845,0.02264881614799737,0.02108299500270002,0.02108299500270002,0.011374381089274133,0.022485492200385242,0.014185853237277142,0.02276392802000063
849,0.02264881614799737,0.02108299500270002,0.02108299500270002,0.019707714422607468,0.019707714422607468,0.01757568374575172,0.022187626044810744
861,0.02264881614799737,0.02108299500270002,0.02108299500270002,0.019707714422607468,0.019707714422607468,0.024355344762700872,0.021505163179454292
884,0.02264881614799737,0.02108299500270002,0.02108299500270002,0.036374381089274134,0.030818825533718577,0.024355344762700872,0.02168715327688268
885,0.02264881614799737,0.02108299500270002,0.02108299500270002,0.0280410477559408,0.022485492200385242,0.014185853237277142,0.021505163179454292
901,0.02264881614799737,0.02108299500270002,0.02108299500270002,0.011374381089274133,0.022485492200385242,0.020965514254226294,0.02285492306871482
922,0.02264881614799737,0.02108299500270002,0.02108299500270002,0.036374381089274134,0.019707714422607468,0.01757568374575172,0.02155066070381139
940,0.02264881614799737,0.02108299500270002,0.02108299500270002,0.0280410477559408,0.019707714422607468,0.024355344762700872,0.021778148325596873
971,0.02264881614799737,0.02108299500270002,0.02108299500270002,0.019707714422607468,0.019707714422607468,0.020965514254226294,0.021747816642692142
995,0.02264881614799737,0.02108299500270002,0.02108299500270002,0.011374381089274133,0.011374381089274133,0.024355344762700872,0.02411368790926116
007,0.022610913431636032,0.020451283063344365,0.020451283063344365,0.011374381089274133,0.01692993664482969,0.020965514254226294,0.023507054251166542
016,0.022610913431636032,0.020451283063344365,0.020451283063344365,0.011374381089274133,0.01692993664482969,0.027745175271175447,0.02267293297128644
037,0.022610913431636032,0.020451283063344365,0.020451283063344365,0.019707714422607468,0.019707714422607468,0.031135005779650025,0.021808480008501604
038,0.022610913431636032,0.020451283063344365,0.020451283063344365,0.011374381089274133,0.01692993664482969,0.020965514254226294,0.022597103764024608
058,0.022610913431636032,0.020451283063344365,0.020451283063344365,0.011374381089274133,0.02526326997816302,0.027745175271175447,0.022642601288381706
061,0.022610913431636032,0.020451283063344365,0.020451283063344365,0.011374381089274133,0.030818825533718577,0.01757568374575172,0.0222937869349773
062,0.022610913431636032,0.020451283063344365,0.020451283063344365,0.0280410477559408,0.02526326997816302,0.034524836288124604,0.02147483149654956
066,0.022610913431636032,0.020451283063344365,0.020451283063344365,0.0280410477559408,0.0280410477559408,0.027745175271175447,0.02182364584995397
094,0.022610913431636032,0.020451283063344365,0.020451283063344365,0.011374381089274133,0.01692993664482969,0.024355344762700872,0.023021747324690846
095,0.022610913431636032,0.020451283063344365,0.020451283063344365,0.019707714422607468,0.019707714422607468,0.01757568374575172,0.02188430921576343
103,0.022610913431636032,0.020451283063344365,0.020451283063344365,0.019707714422607468,0.02526326997816302,0.014185853237277142,0.022202791886263108
118,0.022610913431636032,0.020451283063344365,0.020451283063344365,0.0280410477559408,0.022485492200385242,0.014185853237277142,0.021838811691406335
120,0.022610913431636032,0.020451283063344365,0.020451283063344365,0.036374381089274134,0.03359660331149635,0.031135005779650025,0.021929806740120527
122,0.022610913431636032,0.020451283063344365,0.020451283063344365,0.019707714422607468,0.014152158867051911,0.027745175271175447,0.021656821593977946
167,0.022610913431636032,0.020451283063344365,0.020451283063344365,0.0280410477559408,0.02526326997816302,0.024355344762700872,0.02155066070381139
181,0.022610913431636032,0.020451283063344365,0.020451283063344365,0.0280410477559408,0.019707714422607468,0.024355344762700872,0.021702319118335044
193,0.022610913431636032,0.020451283063344365,0.020451283063344365,0.019707714422607468,0.02526326997816302,0.024355344762700872,0.021808480008501604
207,0.022610913431636032,0.020451283063344365,0.020451283063344365,0.019707714422607468,0.019707714422607468,0.01757568374575172,0.021747816642692142
211,0.022610913431636032,0.020451283063344365,0.020451283063344365,0.0280410477559408,0.019707714422607468,0.014185853237277142,0.02182364584995397
226,0.022610913431636032,0.020451283063344365,0.020451283063344365,0.019707714422607468,0.01692993664482969,0.027745175271175447,0.02196013842302526
230,0.022610913431636032,0.020451283063344365,0.020451283063344365,0.011374381089274133,0.019707714422607468,0.020965514254226294,0.022551606239667513
233,0.022610913431636032,0.020451283063344365,0.020451283063344365,0.0280410477559408,0.019707714422607468,0.01757568374575172,0.021459665655097198
262,0.022610913431636032,0.020451283063344365,0.020451283063344365,0.011374381089274133,0.01692993664482969,0.014185853237277142,0.022718430495643534
288,0.022610913431636032,0.020451283063344365,0.020451283063344365,0.019707714422607468,0.019707714422607468,0.034524836288124604,0.02138383644783537
295,0.022610913431636032,0.020451283063344365,0.020451283063344365,0.019707714422607468,0.022485492200385242,0.01757568374575172,0.021762982484144506
320,0.022610913431636032,0.020451283063344365,0.020451283063344365,0.019707714422607468,0.019707714422607468,0.020965514254226294,0.021929806740120527
345,0.022610913431636032,0.020451283063344365,0.020451283063344365,0.0280410477559408,0.022485492200385242,0.01757568374575172,0.021611324069620852
357,0.022610913431636032,0.020451283063344365,0.020451283063344365,0.019707714422607468,0.0280410477559408,0.024355344762700872,0.021535494862359023
364,0.022610913431636032,0.020451283063344365,0.020451283063344365,0.019707714422607468,0.02526326997816302,0.010796022728802566,0.021520329020906656
367,0.022610913431636032,0.020451283063344365,0.020451283063344365,0.044707714422607465,0.0280410477559408,0.01757568374575172,0.021459665655097198
386,0.022610913431636032,0.020451283063344365,0.020451283063344365,0.019707714422607468,0.014152158867051911,0.020965514254226294,0.02159615822816849
401,0.022610913431636032,0.020451283063344365,0.020451283063344365,0.011374381089274133,0.02526326997816302,0.014185853237277142,0.022657767129834073
405,0.022610913431636032,0.020451283063344365,0.020451283063344365,0.019707714422607468,0.022485492200385242,0.020965514254226294,0.022142128520453646
408,0.022610913431636032,0.020451283063344365,0.020451283063344365,0.0280410477559408,0.019707714422607468,0.01757568374575172,0.021459665655097198
425,0.022610913431636032,0.020451283063344365,0.020451283063344365,0.011374381089274133,0.022485492200385242,0.024355344762700872,0.022657767129834073
455,0.022610913431636032,0.020451283063344365,0.020451283063344365,0.011374381089274133,0.02526326997816302,0.024355344762700872,0.02232411861788203
480,0.022610913431636032,0.020451283063344365,0.020451283063344365,0.019707714422607468,0.01692993664482969,0.020965514254226294,0.02147483149654956
487,0.022610913431636032,0.020451283063344365,0.020451283063344365,0.011374381089274133,0.01692993664482969,0.014185853237277142,0.023370561678095255
511,0.022610913431636032,0.020451283063344365,0.020451283063344365,0.0280410477559408,0.019707714422607468,0.020965514254226294,0.021808480008501604
515,0.022610913431636032,0.020451283063344365,0.020451283063344365,0.019707714422607468,0.022485492200385242,0.01757568374575172,0.021975304264477625
531,0.022610913431636032,0.020451283063344365,0.020451283063344365,0.019707714422607468,0.022485492200385242,0.020965514254226294,0.021565826545263754
535,0.022610913431636032,0.020451283063344365,0.020451283063344365,0.011374381089274133,0.014152158867051911,0.034524836288124604,0.023491888409714175
541,0.022610913431636032,0.020451283063344365,0.020451283063344365,0.0280410477559408,0.01692993664482969,0.014185853237277142,0.02148999733800193
548,0.022610913431636032,0.020451283063344365,0.020451283063344365,0.0280410477559408,0.022485492200385242,0.027745175271175447,0.021626489911073216
550,0.022610913431636032,0.020451283063344365,0.020451283063344365,0.036374381089274134,0.02526326997816302,0.014185853237277142,0.021762982484144506
571,0.022610913431636032,0.020451283063344365,0.020451283063344365,0.019707714422607468,0.02526326997816302,0.020965514254226294,0.02171748495978741
581,0.022610913431636032,0.020451283063344365,0.020451283063344365,0.011374381089274133,0.01692993664482969,0.01757568374575172,0.02267293297128644
593,0.022610913431636032,0.020451283063344365,0.020451283063344365,0.0280410477559408,0.022485492200385242,0.01757568374575172,0.022202791886263108
598,0.022610913431636032,0.020451283063344365,0.020451283063344365,0.011374381089274133,0.014152158867051911,0.010796022728802566,0.023522220092618906
613,0.022610913431636032,0.020451283063344365,0.020451283063344365,0.019707714422607468,0.030818825533718577,0.014185853237277142,0.021565826545263754
617,0.022610913431636032,0.020451283063344365,0.020451283063344365,0.019707714422607468,0.022485492200385242,0.01757568374575172,0.022096630996096548
640,0.022610913431636032,0.020451283063344365,0.020451283063344365,0.019707714422607468,0.02526326997816302,0.024355344762700872,0.02158099238671612
670,0.022610913431636032,0.020451283063344365,0.020451283063344365,0.0280410477559408,0.02526326997816302,0.024355344762700872,0.021869143374311065
685,0.022610913431636032,0.020451283063344365,0.020451283063344365,0.0280410477559408,0.022485492200385242,0.020965514254226294,0.021399002289287733
701,0.022610913431636032,0.020451283063344365,0.020451283063344365,0.011374381089274133,0.014152158867051911,0.027745175271175447,0.022839757227262458
739,0.022610913431636032,0.020451283063344365,0.020451283063344365,0.011374381089274133,0.022485492200385242,0.010796022728802566,0.02235445030078676
743,0.022610913431636032,0.020451283063344365,0.020451283063344365,0.019707714422607468,0.019707714422607468,0.027745175271175447,0.022051133471739454
771,0.022610913431636032,0.020451283063344365,0.020451283063344365,0.011374381089274133,0.019707714422607468,0.024355344762700872,0.022748762178548265
785,0.022610913431636032,0.020451283063344365,0.020451283063344365,0.0280410477559408,0.022485492200385242,0.027745175271175447,0.021626489911073216
825,0.022610913431636032,0.020451283063344365,0.020451283063344365,0.011374381089274133,0.014152158867051911,0.027745175271175447,0.02290042059307192
838,0.022610913431636032,0.020451283063344365,0.020451283063344365,0.019707714422607468,0.022485492200385242,0.01757568374575172,0.021626489911073216
863,0.022610913431636032,0.020451283063344365,0.020451283063344365,0.036374381089274134,0.02526326997816302,0.01757568374575172,0.021793314167049237
881,0.022610913431636032,0.020451283063344365,0.020451283063344365,0.019707714422607468,0.022485492200385242,0.034524836288124604,0.02148999733800193
912,0.022610913431636032,0.020451283063344365,0.020451283063344365,0.011374381089274133,0.01692993664482969,0.01757568374575172,0.02334022999519052
935,0.022610913431636032,0.020451283063344365,0.020451283063344365,0.0280410477559408,0.01692993664482969,0.014185853237277142,0.0214141681307401
953,0.022610913431636032,0.020451283063344365,0.020451283063344365,0.011374381089274133,0.01692993664482969,0.020965514254226294,0.02253644039821515
961,0.022610913431636032,0.020451283063344365,0.020451283063344365,0.036374381089274134,0.0280410477559408,0.027745175271175447,0.02138383644783537
999,0.022610913431636032,0.020451283063344365,0.020451283063344365,0.0280410477559408,0.022485492200385242,0.020965514254226294,0.02171748495978741
002,0.02257301071527469,0.019819571123988713,0.019819571123988713,0.019707714422607468,0.01692993664482969,0.01757568374575172,0.02171748495978741
051,0.02257301071527469,0.019819571123988713,0.019819571123988713,0.019707714422607468,0.0280410477559408,0.020965514254226294,0.02155066070381139
060,0.02257301071527469,0.019819571123988713,0.019819571123988713,0.019707714422607468,0.01692993664482969,0.020965514254226294,0.02226345525207257
068,0.02257301071527469,0.019819571123988713,0.019819571123988713,0.0280410477559408,0.019707714422607468,0.027745175271175447,0.02138383644783537
072,0.02257301071527469,0.019819571123988713,0.019819571123988713,0.019707714422607468,0.01692993664482969,0.010796022728802566,0.022066299313191817
082,0.02257301071527469,0.019819571123988713,0.019819571123988713,0.0530410477559408,0.030818825533718577,0.034524836288124604,0.021505163179454292
142,0.02257301071527469,0.019819571123988713,0.019819571123988713,0.019707714422607468,0.01692993664482969,0.020965514254226294,0.022278621093524936
160,0.02257301071527469,0.019819571123988713,0.019819571123988713,0.036374381089274134,0.0280410477559408,0.010796022728802566,0.021429333972192464
171,0.02257301071527469,0.019819571123988713,0.019819571123988713,0.011374381089274133,0.022485492200385242,0.024355344762700872,0.02253644039821515
182,0.02257301071527469,0.019819571123988713,0.019819571123988713,0.011374381089274133,0.014152158867051911,0.014185853237277142,0.022475777032405685
218,0.02257301071527469,0.019819571123988713,0.019819571123988713,0.011374381089274133,0.019707714422607468,0.020965514254226294,0.022779093861453
222,0.02257301071527469,0.019819571123988713,0.019819571123988713,0.011374381089274133,0.01692993664482969,0.014185853237277142,0.02276392802000063
256,0.02257301071527469,0.019819571123988713,0.019819571123988713,0.0280410477559408,0.019707714422607468,0.014185853237277142,0.021641655752525583
287,0.02257301071527469,0.019819571123988713,0.019819571123988713,0.036374381089274134,0.02526326997816302,0.014185853237277142,0.021762982484144506
293,0.02257301071527469,0.019819571123988713,0.019819571123988713,0.044707714422607465,0.02526326997816302,0.010796022728802566,0.02148999733800193
303,0.02257301071527469,0.019819571123988713,0.019819571123988713,0.011374381089274133,0.01692993664482969,0.027745175271175447,0.02327956662938106
324,0.02257301071527469,0.019819571123988713,0.019819571123988713,0.011374381089274133,0.019707714422607468,0.024355344762700872,0.02246061119095332
328,0.02257301071527469,0.019819571123988713,0.019819571123988713,0.011374381089274133,0.019707714422607468,0.020965514254226294,0.022733596337095898
372,0.02257301071527469,0.019819571123988713,0.019819571123988713,0.036374381089274134,0.022485492200385242,0.01757568374575172,0.021565826545263754
378,0.02257301071527469,0.019819571123988713,0.019819571123988713,0.011374381089274133,0.01692993664482969,0.020965514254226294,0.02314307405630977
387,0.02257301071527469,0.019819571123988713,0.019819571123988713,0.011374381089274133,0.01692993664482969,0.031135005779650025,0.022885254751619555
393,0.02257301071527469,0.019819571123988713,0.019819571123988713,0.011374381089274133,0.022485492200385242,0.024355344762700872,0.0231734057392145
418,0.02257301071527469,0.019819571123988713,0.019819571123988713,0.019707714422607468,0.022485492200385242,0.031135005779650025,0.022278621093524936
440,0.02257301071527469,0.019819571123988713,0.019819571123988713,0.019707714422607468,0.02526326997816302,0.024355344762700872,0.022035967630287086
457,0.02257301071527469,0.019819571123988713,0.019819571123988713,0.019707714422607468,0.019707714422607468,0.020965514254226294,0.021671987435430314
466,0.02257301071527469,0.019819571123988713,0.019819571123988713,0.011374381089274133,0.019707714422607468,0.01757568374575172,0.022475777032405685
486,0.02257301071527469,0.019819571123988713,0.019819571123988713,0.019707714422607468,0.014152158867051911,0.024355344762700872,0.022187626044810744
499,0.02257301071527469,0.019819571123988713,0.019819571123988713,0.011374381089274133,0.01692993664482969,0.014185853237277142,0.022885254751619555
533,0.02257301071527469,0.019819571123988713,0.019819571123988713,0.044707714422607465,0.02526326997816302,0.024355344762700872,0.021459665655097198
544,0.02257301071527469,0.019819571123988713,0.019819571123988713,0.0280410477559408,0.019707714422607468,0.027745175271175447,0.021914640898668163
552,0.02257301071527469,0.019819571123988713,0.019819571123988713,0.011374381089274133,0.011374381089274133,0.024355344762700872,0.02411368790926116
570,0.02257301071527469,0.019819571123988713,0.019819571123988713,0.0280410477559408,0.022485492200385242,0.01757568374575172,0.021762982484144506
600,0.02257301071527469,0.019819571123988713,0.019819571123988713,0.011374381089274133,0.011374381089274133,0.024355344762700872,0.02411368790926116
607,0.02257301071527469,0.019819571123988713,0.019819571123988713,0.019707714422607468,0.014152158867051911,0.01757568374575172,0.02196013842302526
656,0.02257301071527469,0.019819571123988713,0.019819571123988713,0.019707714422607468,0.01692993664482969,0.024355344762700872,0.021914640898668163
706,0.02257301071527469,0.019819571123988713,0.019819571123988713,0.019707714422607468,0.019707714422607468,0.020965514254226294,0.02226345525207257
722,0.02257301071527469,0.019819571123988713,0.019819571123988713,0.011374381089274133,0.019707714422607468,0.010796022728802566,0.02290042059307192
733,0.02257301071527469,0.019819571123988713,0.019819571123988713,0.036374381089274134,0.03359660331149635,0.01757568374575172,0.02144449981364483
750,0.02257301071527469,0.019819571123988713,0.019819571123988713,0.011374381089274133,0.014152158867051911,0.01757568374575172,0.024037858701999332
759,0.02257301071527469,0.019819571123988713,0.019819571123988713,0.019707714422607468,0.01692993664482969,0.020965514254226294,0.022051133471739454
767,0.02257301071527469,0.019819571123988713,0.019819571123988713,0.0280410477559408,0.03359660331149635,0.010796022728802566,0.0218539775328587
806,0.02257301071527469,0.019819571123988713,0.019819571123988713,0.019707714422607468,0.01692993664482969,0.01757568374575172,0.021762982484144506
830,0.02257301071527469,0.019819571123988713,0.019819571123988713,0.019707714422607468,0.019707714422607468,0.024355344762700872,0.021747816642692142
834,0.02257301071527469,0.019819571123988713,0.019819571123988713,0.019707714422607468,0.022485492200385242,0.024355344762700872,0.02212696267900128
839,0.02257301071527469,0.019819571123988713,0.019819571123988713,0.0280410477559408,0.0280410477559408,0.024355344762700872,0.02155066070381139
846,0.02257301071527469,0.019819571123988713,0.019819571123988713,0.019707714422607468,0.019707714422607468,0.01757568374575172,0.021838811691406335
899,0.02257301071527469,0.019819571123988713,0.019819571123988713,0.0280410477559408,0.01692993664482969,0.01757568374575172,0.021702319118335044
925,0.02257301071527469,0.019819571123988713,0.019819571123988713,0.011374381089274133,0.011374381089274133,0.014185853237277142,0.02411368790926116
926,0.02257301071527469,0.019819571123988713,0.019819571123988713,0.011374381089274133,0.014152158867051911,0.01757568374575172,0.022490942873858052
973,0.02257301071527469,0.019819571123988713,0.019819571123988713,0.011374381089274133,0.019707714422607468,0.01757568374575172,0.022794259702905363
977,0.02257301071527469,0.019819571123988713,0.019819571123988713,0.0280410477559408,0.022485492200385242,0.024355344762700872,0.021626489911073216
004,0.022535107998913353,0.019187859184633057,0.019187859184633057,0.019707714422607468,0.01692993664482969,0.020965514254226294,0.021535494862359023
027,0.022535107998913353,0.019187859184633057,0.019187859184633057,0.019707714422607468,0.01692993664482969,0.027745175271175447,0.02212696267900128
033,0.022535107998913353,0.019187859184633057,0.019187859184633057,0.019707714422607468,0.022485492200385242,0.020965514254226294,0.021838811691406335
056,0.022535107998913353,0.019187859184633057,0.019187859184633057,0.019707714422607468,0.01692993664482969,0.01757568374575172,0.02138383644783537
069,0.022535107998913353,0.019187859184633057,0.019187859184633057,0.011374381089274133,0.014152158867051911,0.024355344762700872,0.023491888409714175
105,0.022535107998913353,0.019187859184633057,0.019187859184633057,0.011374381089274133,0.019707714422607468,0.020965514254226294,0.02243027950804859
220,0.022535107998913353,0.019187859184633057,0.019187859184633057,0.019707714422607468,0.01692993664482969,0.014185853237277142,0.022187626044810744
235,0.022535107998913353,0.019187859184633057,0.019187859184633057,0.0280410477559408,0.0280410477559408,0.020965514254226294,0.02158099238671612
247,0.022535107998913353,0.019187859184633057,0.019187859184633057,0.011374381089274133,0.019707714422607468,0.01757568374575172,0.022308952776429667
271,0.022535107998913353,0.019187859184633057,0.019187859184633057,0.0280410477559408,0.0280410477559408,0.020965514254226294,0.021429333972192464
333,0.022535107998913353,0.019187859184633057,0.019187859184633057,0.019707714422607468,0.019707714422607468,0.01757568374575172,0.021459665655097198
338,0.022535107998913353,0.019187859184633057,0.019187859184633057,0.011374381089274133,0.014152158867051911,0.020965514254226294,0.023188571580666867
351,0.022535107998913353,0.019187859184633057,0.019187859184633057,0.0280410477559408,0.022485492200385242,0.020965514254226294,0.021671987435430314
377,0.022535107998913353,0.019187859184633057,0.019187859184633057,0.0280410477559408,0.019707714422607468,0.020965514254226294,0.02148999733800193
445,0.022535107998913353,0.019187859184633057,0.019187859184633057,0.011374381089274133,0.019707714422607468,0.027745175271175447,0.02293075227597665
469,0.022535107998913353,0.019187859184633057,0.019187859184633057,0.011374381089274133,0.01692993664482969,0.024355344762700872,0.022642601288381706
497,0.022535107998913353,0.019187859184633057,0.019187859184633057,0.019707714422607468,0.01692993664482969,0.010796022728802566,0.022172460203358377
501,0.022535107998913353,0.019187859184633057,0.019187859184633057,0.019707714422607468,0.019707714422607468,0.01757568374575172,0.021793314167049237
502,0.022535107998913353,0.019187859184633057,0.019187859184633057,0.019707714422607468,0.022485492200385242,0.020965514254226294,0.021505163179454292
505,0.022535107998913353,0.019187859184633057,0.019187859184633057,0.011374381089274133,0.019707714422607468,0.027745175271175447,0.022369616142239125
527,0.022535107998913353,0.019187859184633057,0.019187859184633057,0.0280410477559408,0.022485492200385242,0.020965514254226294,0.02168715327688268
551,0.022535107998913353,0.019187859184633057,0.019187859184633057,0.019707714422607468,0.022485492200385242,0.01757568374575172,0.02199047010592999
693,0.022535107998913353,0.019187859184633057,0.019187859184633057,0.0280410477559408,0.022485492200385242,0.01757568374575172,0.021914640898668163
700,0.022535107998913353,0.019187859184633057,0.019187859184633057,0.019707714422607468,0.019707714422607468,0.01757568374575172,0.0214141681307401
754,0.022535107998913353,0.019187859184633057,0.019187859184633057,0.019707714422607468,0.019707714422607468,0.014185853237277142,0.021399002289287733
789,0.022535107998913353,0.019187859184633057,0.019187859184633057,0.019707714422607468,0.01692993664482969,0.01757568374575172,0.021520329020906656
792,0.022535107998913353,0.019187859184633057,0.019187859184633057,0.019707714422607468,0.019707714422607468,0.014185853237277142,0.021975304264477625
805,0.022535107998913353,0.019187859184633057,0.019187859184633057,0.011374381089274133,0.011374381089274133,0.024355344762700872,0.02411368790926116
821,0.022535107998913353,0.019187859184633057,0.019187859184633057,0.019707714422607468,0.019707714422607468,0.01757568374575172,0.02138383644783537
864,0.022535107998913353,0.019187859184633057,0.019187859184633057,0.0280410477559408,0.019707714422607468,0.01757568374575172,0.02171748495978741
868,0.022535107998913353,0.019187859184633057,0.019187859184633057,0.011374381089274133,0.014152158867051911,0.024355344762700872,0.022384781983691492
914,0.022535107998913353,0.019187859184633057,0.019187859184633057,0.0280410477559408,0.01692993664482969,0.020965514254226294,0.021656821593977946
947,0.022535107998913353,0.019187859184633057,0.019187859184633057,0.011374381089274133,0.019707714422607468,0.027745175271175447,0.022748762178548265
967,0.022535107998913353,0.019187859184633057,0.019187859184633057,0.036374381089274134,0.02526326997816302,0.027745175271175447,0.021399002289287733
091,0.022497205282552012,0.018556147245277405,0.018556147245277405,0.0280410477559408,0.022485492200385242,0.024355344762700872,0.021641655752525583
134,0.022497205282552012,0.018556147245277405,0.018556147245277405,0.0280410477559408,0.019707714422607468,0.024355344762700872,0.021732650801239775
144,0.022497205282552012,0.018556147245277405,0.018556147245277405,0.019707714422607468,0.01692993664482969,0.014185853237277142,0.021459665655097198
146,0.022497205282552012,0.018556147245277405,0.018556147245277405,0.011374381089274133,0.01692993664482969,0.020965514254226294,0.022885254751619555
184,0.022497205282552012,0.018556147245277405,0.018556147245277405,0.011374381089274133,0.014152158867051911,0.01757568374575172,0.022445445349500954
231,0.022497205282552012,0.018556147245277405,0.018556147245277405,0.011374381089274133,0.01692993664482969,0.01757568374575172,0.023158239897762136
234,0.022497205282552012,0.018556147245277405,0.018556147245277405,0.011374381089274133,0.014152158867051911,0.010796022728802566,0.023689044348594923
238,0.022497205282552012,0.018556147245277405,0.018556147245277405,0.019707714422607468,0.019707714422607468,0.014185853237277142,0.02199047010592999
242,0.022497205282552012,0.018556147245277405,0.018556147245277405,0.0280410477559408,0.022485492200385242,0.014185853237277142,0.021429333972192464
255,0.022497205282552012,0.018556147245277405,0.018556147245277405,0.011374381089274133,0.019707714422607468,0.020965514254226294,0.02276392802000063
298,0.022497205282552012,0.018556147245277405,0.018556147245277405,0.019707714422607468,0.019707714422607468,0.031135005779650025,0.021702319118335044
323,0.022497205282552012,0.018556147245277405,0.018556147245277405,0.0280410477559408,0.022485492200385242,0.020965514254226294,0.021429333972192464
354,0.022497205282552012,0.018556147245277405,0.018556147245277405,0.0280410477559408,0.02526326997816302,0.020965514254226294,0.02147483149654956
374,0.022497205282552012,0.018556147245277405,0.018556147245277405,0.019707714422607468,0.02526326997816302,0.020965514254226294,0.02148999733800193
397,0.022497205282552012,0.018556147245277405,0.018556147245277405,0.011374381089274133,0.01692993664482969,0.027745175271175447,0.023795205238761486
406,0.022497205282552012,0.018556147245277405,0.018556147245277405,0.036374381089274134,0.022485492200385242,0.01757568374575172,0.021535494862359023
415,0.022497205282552012,0.018556147245277405,0.018556147245277405,0.011374381089274133,0.014152158867051911,0.014185853237277142,0.023658712665690196
453,0.022497205282552012,0.018556147245277405,0.018556147245277405,0.019707714422607468,0.022485492200385242,0.024355344762700872,0.0214141681307401
477,0.022497205282552012,0.018556147245277405,0.018556147245277405,0.011374381089274133,0.019707714422607468,0.014185853237277142,0.022521274556762783
506,0.022497205282552012,0.018556147245277405,0.018556147245277405,0.011374381089274133,0.01692993664482969,0.014185853237277142,0.023355395836642884
512,0.022497205282552012,0.018556147245277405,0.018556147245277405,0.019707714422607468,0.01692993664482969,0.020965514254226294,0.02221795772771547
513,0.022497205282552012,0.018556147245277405,0.018556147245277405,0.019707714422607468,0.019707714422607468,0.014185853237277142,0.02188430921576343
584,0.022497205282552012,0.018556147245277405,0.018556147245277405,0.011374381089274133,0.01692993664482969,0.024355344762700872,0.022369616142239125
588,0.022497205282552012,0.018556147245277405,0.018556147245277405,0.011374381089274133,0.01692993664482969,0.020965514254226294,0.022506108715310415
626,0.022497205282552012,0.018556147245277405,0.018556147245277405,0.011374381089274133,0.014152158867051911,0.024355344762700872,0.022657767129834073
664,0.022497205282552012,0.018556147245277405,0.018556147245277405,0.019707714422607468,0.019707714422607468,0.020965514254226294,0.02158099238671612
680,0.022497205282552012,0.018556147245277405,0.018556147245277405,0.019707714422607468,0.019707714422607468,0.01757568374575172,0.021929806740120527
713,0.022497205282552012,0.018556147245277405,0.018556147245277405,0.011374381089274133,0.022485492200385242,0.020965514254226294,0.02246061119095332
717,0.022497205282552012,0.018556147245277405,0.018556147245277405,0.019707714422607468,0.022485492200385242,0.01757568374575172,0.021671987435430314
734,0.022497205282552012,0.018556147245277405,0.018556147245277405,0.019707714422607468,0.02526326997816302,0.024355344762700872,0.021778148325596873
797,0.022497205282552012,0.018556147245277405,0.018556147245277405,0.019707714422607468,0.01692993664482969,0.024355344762700872,0.021808480008501604
826,0.022497205282552012,0.018556147245277405,0.018556147245277405,0.011374381089274133,0.019707714422607468,0.014185853237277142,0.022506108715310415
886,0.022497205282552012,0.018556147245277405,0.018556147245277405,0.011374381089274133,0.01692993664482969,0.01757568374575172,0.023400893360999982
952,0.022497205282552012,0.018556147245277405,0.018556147245277405,0.019707714422607468,0.019707714422607468,0.020965514254226294,0.02138383644783537
958,0.022497205282552012,0.018556147245277405,0.018556147245277405,0.011374381089274133,0.014152158867051911,0.020965514254226294,0.023977195336189874
987,0.022497205282552012,0.018556147245277405,0.018556147245277405,0.011374381089274133,0.01692993664482969,0.01757568374575172,0.022703264654191167
006,0.022459302566190675,0.01792443530592175,0.01792443530592175,0.0280410477559408,0.022485492200385242,0.024355344762700872,0.021429333972192464
008,0.022459302566190675,0.01792443530592175,0.01792443530592175,0.019707714422607468,0.022485492200385242,0.01757568374575172,0.02171748495978741
055,0.022459302566190675,0.01792443530592175,0.01792443530592175,0.011374381089274133,0.02526326997816302,0.020965514254226294,0.022915586434524286
176,0.022459302566190675,0.01792443530592175,0.01792443530592175,0.011374381089274133,0.014152158867051911,0.01757568374575172,0.02320373742211923
204,0.022459302566190675,0.01792443530592175,0.01792443530592175,0.019707714422607468,0.022485492200385242,0.01757568374575172,0.02226345525207257
227,0.022459302566190675,0.01792443530592175,0.01792443530592175,0.019707714422607468,0.019707714422607468,0.024355344762700872,0.021656821593977946
269,0.022459302566190675,0.01792443530592175,0.01792443530592175,0.019707714422607468,0.01692993664482969,0.01757568374575172,0.022081465154644184
304,0.022459302566190675,0.01792443530592175,0.01792443530592175,0.019707714422607468,0.019707714422607468,0.024355344762700872,0.02147483149654956
359,0.022459302566190675,0.01792443530592175,0.01792443530592175,0.011374381089274133,0.022485492200385242,0.01757568374575172,0.022824591385810094
373,0.022459302566190675,0.01792443530592175,0.01792443530592175,0.011374381089274133,0.022485492200385242,0.027745175271175447,0.02320373742211923
459,0.022459302566190675,0.01792443530592175,0.01792443530592175,0.011374381089274133,0.011374381089274133,0.020965514254226294,0.02411368790926116
624,0.022459302566190675,0.01792443530592175,0.01792443530592175,0.019707714422607468,0.01692993664482969,0.01757568374575172,0.021732650801239775
628,0.022459302566190675,0.01792443530592175,0.01792443530592175,0.019707714422607468,0.019707714422607468,0.024355344762700872,0.021641655752525583
629,0.022459302566190675,0.01792443530592175,0.01792443530592175,0.0280410477559408,0.01692993664482969,0.014185853237277142,0.021611324069620852
657,0.022459302566190675,0.01792443530592175,0.01792443530592175,0.011374381089274133,0.01692993664482969,0.024355344762700872,0.022308952776429667
667,0.022459302566190675,0.01792443530592175,0.01792443530592175,0.011374381089274133,0.011374381089274133,0.014185853237277142,0.02411368790926116
714,0.022459302566190675,0.01792443530592175,0.01792443530592175,0.019707714422607468,0.0280410477559408,0.014185853237277142,0.02138383644783537
773,0.022459302566190675,0.01792443530592175,0.01792443530592175,0.036374381089274134,0.030818825533718577,0.020965514254226294,0.021793314167049237
856,0.022459302566190675,0.01792443530592175,0.01792443530592175,0.011374381089274133,0.01692993664482969,0.010796022728802566,0.022581937922572244
019,0.022421399849829333,0.017292723366566096,0.017292723366566096,0.019707714422607468,0.019707714422607468,0.010796022728802566,0.021535494862359023
029,0.022421399849829333,0.017292723366566096,0.017292723366566096,0.019707714422607468,0.01692993664482969,0.014185853237277142,0.02168715327688268
040,0.022421399849829333,0.017292723366566096,0.017292723366566096,0.0280410477559408,0.01692993664482969,0.014185853237277142,0.021641655752525583
085,0.022421399849829333,0.017292723366566096,0.017292723366566096,0.019707714422607468,0.01692993664482969,0.020965514254226294,0.02168715327688268
088,0.022421399849829333,0.017292723366566096,0.017292723366566096,0.019707714422607468,0.01692993664482969,0.020965514254226294,0.022142128520453646
275,0.022421399849829333,0.017292723366566096,0.017292723366566096,0.011374381089274133,0.022485492200385242,0.027745175271175447,0.022308952776429667
343,0.022421399849829333,0.017292723366566096,0.017292723366566096,0.011374381089274133,0.01692993664482969,0.024355344762700872,0.02246061119095332
411,0.022421399849829333,0.017292723366566096,0.017292723366566096,0.011374381089274133,0.022485492200385242,0.024355344762700872,0.02256677208111988
436,0.022421399849829333,0.017292723366566096,0.017292723366566096,0.011374381089274133,0.019707714422607468,0.014185853237277142,0.022521274556762783
443,0.022421399849829333,0.017292723366566096,0.017292723366566096,0.019707714422607468,0.01692993664482969,0.010796022728802566,0.021732650801239775
456,0.022421399849829333,0.017292723366566096,0.017292723366566096,0.0280410477559408,0.01692993664482969,0.01757568374575172,0.02159615822816849
470,0.022421399849829333,0.017292723366566096,0.017292723366566096,0.019707714422607468,0.02526326997816302,0.024355344762700872,0.022142128520453646
474,0.022421399849829333,0.017292723366566096,0.017292723366566096,0.011374381089274133,0.014152158867051911,0.014185853237277142,0.02239994782514386
555,0.022421399849829333,0.017292723366566096,0.017292723366566096,0.019707714422607468,0.01692993664482969,0.020965514254226294,0.02158099238671612
684,0.022421399849829333,0.017292723366566096,0.017292723366566096,0.011374381089274133,0.019707714422607468,0.01757568374575172,0.023127908214857402
780,0.022421399849829333,0.017292723366566096,0.017292723366566096,0.011374381089274133,0.01692993664482969,0.024355344762700872,0.022824591385810094
784,0.022421399849829333,0.017292723366566096,0.017292723366566096,0.011374381089274133,0.022485492200385242,0.020965514254226294,0.02303691316614321
808,0.022421399849829333,0.017292723366566096,0.017292723366566096,0.019707714422607468,0.01692993664482969,0.010796022728802566,0.021671987435430314
870,0.022421399849829333,0.017292723366566096,0.017292723366566096,0.0280410477559408,0.022485492200385242,0.020965514254226294,0.02147483149654956
874,0.022421399849829333,0.017292723366566096,0.017292723366566096,0.0280410477559408,0.019707714422607468,0.01757568374575172,0.02138383644783537
041,0.022383497133467996,0.016661011427210444,0.016661011427210444,0.011374381089274133,0.014152158867051911,0.01757568374575172,0.02387103444602331
149,0.022383497133467996,0.016661011427210444,0.016661011427210444,0.011374381089274133,0.014152158867051911,0.027745175271175447,0.02285492306871482
253,0.022383497133467996,0.016661011427210444,0.016661011427210444,0.011374381089274133,0.01692993664482969,0.014185853237277142,0.022870088910167192
259,0.022383497133467996,0.016661011427210444,0.016661011427210444,0.011374381089274133,0.014152158867051911,0.01757568374575172,0.023294732470833423
434,0.022383497133467996,0.016661011427210444,0.016661011427210444,0.036374381089274134,0.02526326997816302,0.014185853237277142,0.0214141681307401
451,0.022383497133467996,0.016661011427210444,0.016661011427210444,0.011374381089274133,0.011374381089274133,0.014185853237277142,0.02411368790926116
576,0.022383497133467996,0.016661011427210444,0.016661011427210444,0.011374381089274133,0.011374381089274133,0.01757568374575172,0.02411368790926116
596,0.022383497133467996,0.016661011427210444,0.016661011427210444,0.0280410477559408,0.019707714422607468,0.014185853237277142,0.021778148325596873
730,0.022383497133467996,0.016661011427210444,0.016661011427210444,0.0280410477559408,0.02526326997816302,0.01757568374575172,0.021429333972192464
783,0.022383497133467996,0.016661011427210444,0.016661011427210444,0.011374381089274133,0.014152158867051911,0.020965514254226294,0.022839757227262458
795,0.022383497133467996,0.016661011427210444,0.016661011427210444,0.0280410477559408,0.022485492200385242,0.01757568374575172,0.02182364584995397
807,0.022383497133467996,0.016661011427210444,0.016661011427210444,0.0280410477559408,0.019707714422607468,0.01757568374575172,0.0214141681307401
812,0.022383497133467996,0.016661011427210444,0.016661011427210444,0.0280410477559408,0.022485492200385242,0.01757568374575172,0.02168715327688268
893,0.022383497133467996,0.016661011427210444,0.016661011427210444,0.036374381089274134,0.022485492200385242,0.01757568374575172,0.021565826545263754
924,0.022383497133467996,0.016661011427210444,0.016661011427210444,0.019707714422607468,0.02526326997816302,0.020965514254226294,0.02199047010592999
017,0.022345594417106658,0.016029299487854788,0.016029299487854788,0.036374381089274134,0.02526326997816302,0.010796022728802566,0.021641655752525583
042,0.022345594417106658,0.016029299487854788,0.016029299487854788,0.0280410477559408,0.02526326997816302,0.01757568374575172,0.021732650801239775
090,0.022345594417106658,0.016029299487854788,0.016029299487854788,0.011374381089274133,0.019707714422607468,0.010796022728802566,0.02239994782514386
178,0.022345594417106658,0.016029299487854788,0.016029299487854788,0.019707714422607468,0.01692993664482969,0.020965514254226294,0.021732650801239775
400,0.022345594417106658,0.016029299487854788,0.016029299487854788,0.0280410477559408,0.019707714422607468,0.027745175271175447,0.02155066070381139
658,0.022345594417106658,0.016029299487854788,0.016029299487854788,0.011374381089274133,0.01692993664482969,0.01757568374575172,0.023931697811832776
802,0.022345594417106658,0.016029299487854788,0.016029299487854788,0.011374381089274133,0.014152158867051911,0.01757568374575172,0.02276392802000063
828,0.022345594417106658,0.016029299487854788,0.016029299487854788,0.011374381089274133,0.022485492200385242,0.010796022728802566,0.023370561678095255
929,0.022345594417106658,0.016029299487854788,0.016029299487854788,0.011374381089274133,0.01692993664482969,0.024355344762700872,0.022369616142239125
968,0.022345594417106658,0.016029299487854788,0.016029299487854788,0.011374381089274133,0.019707714422607468,0.024355344762700872,0.022490942873858052
979,0.022345594417106658,0.016029299487854788,0.016029299487854788,0.011374381089274133,0.01692993664482969,0.01757568374575172,0.022703264654191167
135,0.022307691700745317,0.015397587548499136,0.015397587548499136,0.011374381089274133,0.014152158867051911,0.014185853237277142,0.022870088910167192
315,0.022307691700745317,0.015397587548499136,0.015397587548499136,0.011374381089274133,0.011374381089274133,0.01757568374575172,0.02411368790926116
026,0.02226978898438398,0.014765875609143482,0.014765875609143482,0.011374381089274133,0.011374381089274133,0.01757568374575172,0.02411368790926116
747,0.02226978898438398,0.014765875609143482,0.014765875609143482,0.011374381089274133,0.014152158867051911,0.01757568374575172,0.02367387850714256
