number,probability,raw_model_probability,long_rate,short_rate,recent_long_rate,weekday_rate,gap_signal
662,0.023482675907946834,0.0349806576685244,0.0349806576685244,0.0280410477559408,0.02526326997816302,0.03804362824828829,0.02144449981364483
572,0.023368967758862817,0.03308552185045744,0.03308552185045744,0.011374381089274133,0.02526326997816302,0.044846349336723663,0.02267293297128644
983,0.023331065042501476,0.03245380991110179,0.03245380991110179,0.036374381089274134,0.03359660331149635,0.031240907159852914,0.02159615822816849
053,0.02329316232614014,0.031822097971746136,0.031822097971746136,0.019707714422607468,0.019707714422607468,0.034642267704070605,0.021399002289287733
186,0.02329316232614014,0.031822097971746136,0.031822097971746136,0.0280410477559408,0.0280410477559408,0.031240907159852914,0.02221795772771547
369,0.02329316232614014,0.031822097971746136,0.031822097971746136,0.036374381089274134,0.02526326997816302,0.024438186071417543,0.021565826545263754
432,0.02329316232614014,0.031822097971746136,0.031822097971746136,0.044707714422607465,0.03359660331149635,0.034642267704070605,0.02155066070381139
697,0.02329316232614014,0.031822097971746136,0.031822097971746136,0.019707714422607468,0.0280410477559408,0.02783954661563523,0.021732650801239775
526,0.023255259609778797,0.03119038603239048,0.03119038603239048,0.036374381089274134,0.030818825533718577,0.04144498879250598,0.021671987435430314
592,0.023255259609778797,0.03119038603239048,0.03119038603239048,0.036374381089274134,0.030818825533718577,0.02783954661563523,0.021671987435430314
080,0.02321735689341746,0.030558674093034827,0.030558674093034827,0.06970771442260747,0.04748549220038524,0.02783954661563523,0.02138383644783537
114,0.02321735689341746,0.030558674093034827,0.030558674093034827,0.019707714422607468,0.036374381089274134,0.021036825527199855,0.02202080178883472
294,0.02321735689341746,0.030558674093034827,0.030558674093034827,0.019707714422607468,0.0280410477559408,0.03804362824828829,0.02182364584995397
370,0.02321735689341746,0.030558674093034827,0.030558674093034827,0.0280410477559408,0.0280410477559408,0.034642267704070605,0.02144449981364483
484,0.02321735689341746,0.030558674093034827,0.030558674093034827,0.019707714422607468,0.022485492200385242,0.024438186071417543,0.021869143374311065
645,0.02321735689341746,0.030558674093034827,0.030558674093034827,0.036374381089274134,0.030818825533718577,0.021036825527199855,0.02144449981364483
653,0.02321735689341746,0.030558674093034827,0.030558674093034827,0.0280410477559408,0.0280410477559408,0.017635464982982168,0.022081465154644184
676,0.02321735689341746,0.030558674093034827,0.030558674093034827,0.036374381089274134,0.03359660331149635,0.031240907159852914,0.0214141681307401
811,0.02321735689341746,0.030558674093034827,0.030558674093034827,0.0530410477559408,0.03359660331149635,0.024438186071417543,0.021399002289287733
878,0.02321735689341746,0.030558674093034827,0.030558674093034827,0.019707714422607468,0.022485492200385242,0.03804362824828829,0.02138383644783537
213,0.02317945417705612,0.02992696215367917,0.02992696215367917,0.019707714422607468,0.02526326997816302,0.04144498879250598,0.021520329020906656
867,0.02317945417705612,0.02992696215367917,0.02992696215367917,0.036374381089274134,0.022485492200385242,0.017635464982982168,0.021944972581572894
000,0.02314155146069478,0.02929525021432352,0.02929525021432352,0.0280410477559408,0.03359660331149635,0.024438186071417543,0.021778148325596873
073,0.02314155146069478,0.02929525021432352,0.02929525021432352,0.036374381089274134,0.030818825533718577,0.034642267704070605,0.02148999733800193
079,0.02314155146069478,0.02929525021432352,0.02929525021432352,0.019707714422607468,0.019707714422607468,0.034642267704070605,0.0218539775328587
119,0.02314155146069478,0.02929525021432352,0.02929525021432352,0.036374381089274134,0.022485492200385242,0.021036825527199855,0.021732650801239775
179,0.02314155146069478,0.02929525021432352,0.02929525021432352,0.019707714422607468,0.030818825533718577,0.02783954661563523,0.02226345525207257
612,0.02314155146069478,0.02929525021432352,0.02929525021432352,0.036374381089274134,0.0280410477559408,0.031240907159852914,0.02159615822816849
724,0.02314155146069478,0.02929525021432352,0.02929525021432352,0.061374381089274135,0.030818825533718577,0.03804362824828829,0.021626489911073216
964,0.02314155146069478,0.02929525021432352,0.02929525021432352,0.036374381089274134,0.036374381089274134,0.01423410443876448,0.02148999733800193
052,0.02310364874433344,0.028663538274967867,0.028663538274967867,0.019707714422607468,0.030818825533718577,0.031240907159852914,0.0218539775328587
057,0.02310364874433344,0.028663538274967867,0.028663538274967867,0.036374381089274134,0.030818825533718577,0.034642267704070605,0.02211179683754891
092,0.02310364874433344,0.028663538274967867,0.028663538274967867,0.011374381089274133,0.030818825533718577,0.01423410443876448,0.022445445349500954
124,0.02310364874433344,0.028663538274967867,0.028663538274967867,0.011374381089274133,0.022485492200385242,0.031240907159852914,0.022506108715310415
243,0.02310364874433344,0.028663538274967867,0.028663538274967867,0.011374381089274133,0.0280410477559408,0.02783954661563523,0.022551606239667513
267,0.02310364874433344,0.028663538274967867,0.028663538274967867,0.011374381089274133,0.0280410477559408,0.04144498879250598,0.022597103764024608
356,0.02310364874433344,0.028663538274967867,0.028663538274967867,0.0280410477559408,0.0280410477559408,0.024438186071417543,0.021429333972192464
473,0.02310364874433344,0.028663538274967867,0.028663538274967867,0.0280410477559408,0.030818825533718577,0.017635464982982168,0.02171748495978741
491,0.02310364874433344,0.028663538274967867,0.028663538274967867,0.011374381089274133,0.03359660331149635,0.02783954661563523,0.022384781983691492
532,0.02310364874433344,0.028663538274967867,0.028663538274967867,0.019707714422607468,0.030818825533718577,0.024438186071417543,0.02155066070381139
599,0.02310364874433344,0.028663538274967867,0.028663538274967867,0.019707714422607468,0.022485492200385242,0.031240907159852914,0.02211179683754891
661,0.02310364874433344,0.028663538274967867,0.028663538274967867,0.044707714422607465,0.02526326997816302,0.031240907159852914,0.0214141681307401
854,0.02310364874433344,0.028663538274967867,0.028663538274967867,0.0280410477559408,0.0280410477559408,0.031240907159852914,0.0218539775328587
875,0.02310364874433344,0.028663538274967867,0.028663538274967867,0.019707714422607468,0.0280410477559408,0.021036825527199855,0.021535494862359023
898,0.02310364874433344,0.028663538274967867,0.028663538274967867,0.011374381089274133,0.019707714422607468,0.02783954661563523,0.023021747324690846
081,0.023065746027972102,0.02803182633561221,0.02803182633561221,0.036374381089274134,0.030818825533718577,0.02783954661563523,0.02147483149654956
132,0.023065746027972102,0.02803182633561221,0.02803182633561221,0.044707714422607465,0.0280410477559408,0.034642267704070605,0.02147483149654956
151,0.023065746027972102,0.02803182633561221,0.02803182633561221,0.011374381089274133,0.02526326997816302,0.021036825527199855,0.022688098812738804
194,0.023065746027972102,0.02803182633561221,0.02803182633561221,0.0280410477559408,0.030818825533718577,0.021036825527199855,0.021671987435430314
221,0.023065746027972102,0.02803182633561221,0.02803182633561221,0.0280410477559408,0.02526326997816302,0.02783954661563523,0.02171748495978741
362,0.023065746027972102,0.02803182633561221,0.02803182633561221,0.019707714422607468,0.019707714422607468,0.02783954661563523,0.022172460203358377
549,0.023065746027972102,0.02803182633561221,0.02803182633561221,0.019707714422607468,0.019707714422607468,0.034642267704070605,0.02211179683754891
556,0.023065746027972102,0.02803182633561221,0.02803182633561221,0.044707714422607465,0.03915215886705191,0.017635464982982168,0.021732650801239775
619,0.023065746027972102,0.02803182633561221,0.02803182633561221,0.019707714422607468,0.030818825533718577,0.021036825527199855,0.021929806740120527
633,0.023065746027972102,0.02803182633561221,0.02803182633561221,0.0280410477559408,0.02526326997816302,0.017635464982982168,0.02147483149654956
691,0.023065746027972102,0.02803182633561221,0.02803182633561221,0.019707714422607468,0.03359660331149635,0.02783954661563523,0.02188430921576343
729,0.023065746027972102,0.02803182633561221,0.02803182633561221,0.036374381089274134,0.030818825533718577,0.017635464982982168,0.02138383644783537
749,0.023065746027972102,0.02803182633561221,0.02803182633561221,0.044707714422607465,0.02526326997816302,0.02783954661563523,0.021429333972192464
774,0.023065746027972102,0.02803182633561221,0.02803182633561221,0.019707714422607468,0.03359660331149635,0.02783954661563523,0.02215729436190601
836,0.023065746027972102,0.02803182633561221,0.02803182633561221,0.0280410477559408,0.03359660331149635,0.02783954661563523,0.02168715327688268
848,0.023065746027972102,0.02803182633561221,0.02803182633561221,0.0280410477559408,0.02526326997816302,0.034642267704070605,0.0214141681307401
871,0.023065746027972102,0.02803182633561221,0.02803182633561221,0.019707714422607468,0.01692993664482969,0.031240907159852914,0.021944972581572894
906,0.023065746027972102,0.02803182633561221,0.02803182633561221,0.019707714422607468,0.0280410477559408,0.021036825527199855,0.022142128520453646
916,0.023065746027972102,0.02803182633561221,0.02803182633561221,0.0280410477559408,0.022485492200385242,0.03804362824828829,0.021929806740120527
932,0.023065746027972102,0.02803182633561221,0.02803182633561221,0.0280410477559408,0.02526326997816302,0.04144498879250598,0.021459665655097198
978,0.023065746027972102,0.02803182633561221,0.02803182633561221,0.019707714422607468,0.022485492200385242,0.031240907159852914,0.021944972581572894
981,0.023065746027972102,0.02803182633561221,0.02803182633561221,0.044707714422607465,0.030818825533718577,0.031240907159852914,0.0214141681307401
013,0.023027843311610764,0.02740011439625656,0.02740011439625656,0.019707714422607468,0.0280410477559408,0.01423410443876448,0.02199047010592999
059,0.023027843311610764,0.02740011439625656,0.02740011439625656,0.036374381089274134,0.0280410477559408,0.024438186071417543,0.021429333972192464
112,0.023027843311610764,0.02740011439625656,0.02740011439625656,0.011374381089274133,0.01692993664482969,0.017635464982982168,0.022779093861453
138,0.023027843311610764,0.02740011439625656,0.02740011439625656,0.019707714422607468,0.030818825533718577,0.024438186071417543,0.021429333972192464
292,0.023027843311610764,0.02740011439625656,0.02740011439625656,0.019707714422607468,0.02526326997816302,0.021036825527199855,0.022096630996096548
326,0.023027843311610764,0.02740011439625656,0.02740011439625656,0.0280410477559408,0.022485492200385242,0.034642267704070605,0.021505163179454292
358,0.023027843311610764,0.02740011439625656,0.02740011439625656,0.019707714422607468,0.02526326997816302,0.024438186071417543,0.021505163179454292
363,0.023027843311610764,0.02740011439625656,0.02740011439625656,0.019707714422607468,0.02526326997816302,0.024438186071417543,0.021626489911073216
409,0.023027843311610764,0.02740011439625656,0.02740011439625656,0.0280410477559408,0.036374381089274134,0.034642267704070605,0.021505163179454292
419,0.023027843311610764,0.02740011439625656,0.02740011439625656,0.011374381089274133,0.014152158867051911,0.034642267704070605,0.0222937869349773
422,0.023027843311610764,0.02740011439625656,0.02740011439625656,0.011374381089274133,0.01692993664482969,0.031240907159852914,0.02355255177552364
475,0.023027843311610764,0.02740011439625656,0.02740011439625656,0.019707714422607468,0.019707714422607468,0.021036825527199855,0.02215729436190601
522,0.023027843311610764,0.02740011439625656,0.02740011439625656,0.019707714422607468,0.0280410477559408,0.024438186071417543,0.021429333972192464
523,0.023027843311610764,0.02740011439625656,0.02740011439625656,0.0280410477559408,0.02526326997816302,0.024438186071417543,0.02155066070381139
525,0.023027843311610764,0.02740011439625656,0.02740011439625656,0.036374381089274134,0.0280410477559408,0.04144498879250598,0.021656821593977946
547,0.023027843311610764,0.02740011439625656,0.02740011439625656,0.044707714422607465,0.0280410477559408,0.021036825527199855,0.021626489911073216
573,0.023027843311610764,0.02740011439625656,0.02740011439625656,0.011374381089274133,0.01692993664482969,0.021036825527199855,0.022961083958881384
669,0.023027843311610764,0.02740011439625656,0.02740011439625656,0.0280410477559408,0.030818825533718577,0.021036825527199855,0.02138383644783537
715,0.023027843311610764,0.02740011439625656,0.02740011439625656,0.044707714422607465,0.030818825533718577,0.017635464982982168,0.021611324069620852
720,0.023027843311610764,0.02740011439625656,0.02740011439625656,0.044707714422607465,0.036374381089274134,0.024438186071417543,0.021641655752525583
813,0.023027843311610764,0.02740011439625656,0.02740011439625656,0.019707714422607468,0.019707714422607468,0.017635464982982168,0.021565826545263754
902,0.023027843311610764,0.02740011439625656,0.02740011439625656,0.0280410477559408,0.02526326997816302,0.031240907159852914,0.021778148325596873
957,0.023027843311610764,0.02740011439625656,0.02740011439625656,0.0280410477559408,0.03359660331149635,0.010832743894546793,0.02138383644783537
975,0.023027843311610764,0.02740011439625656,0.02740011439625656,0.011374381089274133,0.022485492200385242,0.02783954661563523,0.02243027950804859
035,0.022989940595249423,0.026768402456900903,0.026768402456900903,0.036374381089274134,0.02526326997816302,0.017635464982982168,0.021641655752525583
102,0.022989940595249423,0.026768402456900903,0.026768402456900903,0.0280410477559408,0.022485492200385242,0.02783954661563523,0.021899475057215796
115,0.022989940595249423,0.026768402456900903,0.026768402456900903,0.019707714422607468,0.02526326997816302,0.021036825527199855,0.021793314167049237
127,0.022989940595249423,0.026768402456900903,0.026768402456900903,0.0280410477559408,0.02526326997816302,0.021036825527199855,0.021626489911073216
169,0.022989940595249423,0.026768402456900903,0.026768402456900903,0.036374381089274134,0.030818825533718577,0.01423410443876448,0.02168715327688268
174,0.022989940595249423,0.026768402456900903,0.026768402456900903,0.019707714422607468,0.030818825533718577,0.021036825527199855,0.02202080178883472
189,0.022989940595249423,0.026768402456900903,0.026768402456900903,0.036374381089274134,0.0280410477559408,0.01423410443876448,0.021565826545263754
206,0.022989940595249423,0.026768402456900903,0.026768402456900903,0.019707714422607468,0.022485492200385242,0.02783954661563523,0.022005635947382356
224,0.022989940595249423,0.026768402456900903,0.026768402456900903,0.036374381089274134,0.02526326997816302,0.01423410443876448,0.02144449981364483
244,0.022989940595249423,0.026768402456900903,0.026768402456900903,0.011374381089274133,0.02526326997816302,0.02783954661563523,0.022339284459334394
254,0.022989940595249423,0.026768402456900903,0.026768402456900903,0.0280410477559408,0.02526326997816302,0.021036825527199855,0.021838811691406335
274,0.022989940595249423,0.026768402456900903,0.026768402456900903,0.019707714422607468,0.014152158867051911,0.017635464982982168,0.022005635947382356
296,0.022989940595249423,0.026768402456900903,0.026768402456900903,0.019707714422607468,0.0280410477559408,0.017635464982982168,0.021944972581572894
341,0.022989940595249423,0.026768402456900903,0.026768402456900903,0.019707714422607468,0.02526326997816302,0.02783954661563523,0.022202791886263108
396,0.022989940595249423,0.026768402456900903,0.026768402456900903,0.011374381089274133,0.022485492200385242,0.024438186071417543,0.0222937869349773
450,0.022989940595249423,0.026768402456900903,0.026768402456900903,0.019707714422607468,0.022485492200385242,0.021036825527199855,0.02138383644783537
492,0.022989940595249423,0.026768402456900903,0.026768402456900903,0.011374381089274133,0.02526326997816302,0.044846349336723663,0.022521274556762783
606,0.022989940595249423,0.026768402456900903,0.026768402456900903,0.0530410477559408,0.03915215886705191,0.021036825527199855,0.02155066070381139
620,0.022989940595249423,0.026768402456900903,0.026768402456900903,0.019707714422607468,0.02526326997816302,0.034642267704070605,0.02188430921576343
647,0.022989940595249423,0.026768402456900903,0.026768402456900903,0.0280410477559408,0.0280410477559408,0.02783954661563523,0.021626489911073216
665,0.022989940595249423,0.026768402456900903,0.026768402456900903,0.036374381089274134,0.02526326997816302,0.034642267704070605,0.021459665655097198
710,0.022989940595249423,0.026768402456900903,0.026768402456900903,0.0280410477559408,0.022485492200385242,0.02783954661563523,0.021808480008501604
727,0.022989940595249423,0.026768402456900903,0.026768402456900903,0.036374381089274134,0.030818825533718577,0.01423410443876448,0.021869143374311065
761,0.022989940595249423,0.026768402456900903,0.026768402456900903,0.036374381089274134,0.022485492200385242,0.021036825527199855,0.021535494862359023
766,0.022989940595249423,0.026768402456900903,0.026768402456900903,0.011374381089274133,0.014152158867051911,0.03804362824828829,0.023325064153738157
814,0.022989940595249423,0.026768402456900903,0.026768402456900903,0.011374381089274133,0.019707714422607468,0.01423410443876448,0.02314307405630977
032,0.022952037878888085,0.02613669051754525,0.02613669051754525,0.019707714422607468,0.022485492200385242,0.024438186071417543,0.021762982484144506
049,0.022952037878888085,0.02613669051754525,0.02613669051754525,0.011374381089274133,0.01692993664482969,0.024438186071417543,0.02314307405630977
111,0.022952037878888085,0.02613669051754525,0.02613669051754525,0.0280410477559408,0.0280410477559408,0.03804362824828829,0.021656821593977946
139,0.022952037878888085,0.02613669051754525,0.02613669051754525,0.011374381089274133,0.014152158867051911,0.031240907159852914,0.0222937869349773
158,0.022952037878888085,0.02613669051754525,0.02613669051754525,0.019707714422607468,0.019707714422607468,0.024438186071417543,0.021929806740120527
166,0.022952037878888085,0.02613669051754525,0.02613669051754525,0.0280410477559408,0.022485492200385242,0.021036825527199855,0.021778148325596873
191,0.022952037878888085,0.02613669051754525,0.02613669051754525,0.0280410477559408,0.03359660331149635,0.021036825527199855,0.02168715327688268
208,0.022952037878888085,0.02613669051754525,0.02613669051754525,0.019707714422607468,0.0280410477559408,0.017635464982982168,0.0214141681307401
217,0.022952037878888085,0.02613669051754525,0.02613669051754525,0.044707714422607465,0.0280410477559408,0.021036825527199855,0.021565826545263754
239,0.022952037878888085,0.02613669051754525,0.02613669051754525,0.011374381089274133,0.022485492200385242,0.02783954661563523,0.022748762178548265
250,0.022952037878888085,0.02613669051754525,0.02613669051754525,0.06970771442260747,0.04192993664482969,0.021036825527199855,0.021429333972192464
289,0.022952037878888085,0.02613669051754525,0.02613669051754525,0.011374381089274133,0.01692993664482969,0.031240907159852914,0.023082410690500304
299,0.022952037878888085,0.02613669051754525,0.02613669051754525,0.0530410477559408,0.0280410477559408,0.024438186071417543,0.02144449981364483
314,0.022952037878888085,0.02613669051754525,0.02613669051754525,0.044707714422607465,0.0280410477559408,0.031240907159852914,0.021702319118335044
336,0.022952037878888085,0.02613669051754525,0.02613669051754525,0.019707714422607468,0.022485492200385242,0.021036825527199855,0.022142128520453646
349,0.022952037878888085,0.02613669051754525,0.02613669051754525,0.036374381089274134,0.022485492200385242,0.021036825527199855,0.021520329020906656
380,0.022952037878888085,0.02613669051754525,0.02613669051754525,0.011374381089274133,0.01692993664482969,0.031240907159852914,0.023188571580666867
391,0.022952037878888085,0.02613669051754525,0.02613669051754525,0.019707714422607468,0.030818825533718577,0.031240907159852914,0.02155066070381139
394,0.022952037878888085,0.02613669051754525,0.02613669051754525,0.036374381089274134,0.030818825533718577,0.024438186071417543,0.02144449981364483
395,0.022952037878888085,0.02613669051754525,0.02613669051754525,0.019707714422607468,0.02526326997816302,0.021036825527199855,0.02223312356916784
417,0.022952037878888085,0.02613669051754525,0.02613669051754525,0.036374381089274134,0.030818825533718577,0.017635464982982168,0.02144449981364483
447,0.022952037878888085,0.02613669051754525,0.02613669051754525,0.036374381089274134,0.02526326997816302,0.024438186071417543,0.021869143374311065
481,0.022952037878888085,0.02613669051754525,0.02613669051754525,0.036374381089274134,0.0280410477559408,0.017635464982982168,0.02144449981364483
509,0.022952037878888085,0.02613669051754525,0.02613669051754525,0.036374381089274134,0.036374381089274134,0.031240907159852914,0.021429333972192464
543,0.022952037878888085,0.02613669051754525,0.02613669051754525,0.011374381089274133,0.01692993664482969,0.017635464982982168,0.02235445030078676
559,0.022952037878888085,0.02613669051754525,0.02613669051754525,0.019707714422607468,0.019707714422607468,0.034642267704070605,0.022066299313191817
561,0.022952037878888085,0.02613669051754525,0.02613669051754525,0.036374381089274134,0.0280410477559408,0.024438186071417543,0.021459665655097198
568,0.022952037878888085,0.02613669051754525,0.02613669051754525,0.036374381089274134,0.030818825533718577,0.024438186071417543,0.021520329020906656
586,0.022952037878888085,0.02613669051754525,0.02613669051754525,0.0280410477559408,0.02526326997816302,0.024438186071417543,0.021747816642692142
594,0.022952037878888085,0.02613669051754525,0.02613669051754525,0.0280410477559408,0.02526326997816302,0.017635464982982168,0.021399002289287733
597,0.022952037878888085,0.02613669051754525,0.02613669051754525,0.0280410477559408,0.02526326997816302,0.024438186071417543,0.021671987435430314
605,0.022952037878888085,0.02613669051754525,0.02613669051754525,0.036374381089274134,0.030818825533718577,0.021036825527199855,0.021929806740120527
625,0.022952037878888085,0.02613669051754525,0.02613669051754525,0.011374381089274133,0.0280410477559408,0.02783954661563523,0.02232411861788203
634,0.022952037878888085,0.02613669051754525,0.02613669051754525,0.036374381089274134,0.022485492200385242,0.024438186071417543,0.021535494862359023
686,0.022952037878888085,0.02613669051754525,0.02613669051754525,0.036374381089274134,0.02526326997816302,0.034642267704070605,0.02158099238671612
688,0.022952037878888085,0.02613669051754525,0.02613669051754525,0.036374381089274134,0.030818825533718577,0.024438186071417543,0.021565826545263754
742,0.022952037878888085,0.02613669051754525,0.02613669051754525,0.0280410477559408,0.0280410477559408,0.031240907159852914,0.02171748495978741
791,0.022952037878888085,0.02613669051754525,0.02613669051754525,0.019707714422607468,0.02526326997816302,0.024438186071417543,0.021778148325596873
794,0.022952037878888085,0.02613669051754525,0.02613669051754525,0.0280410477559408,0.02526326997816302,0.024438186071417543,0.02155066070381139
829,0.022952037878888085,0.02613669051754525,0.02613669051754525,0.011374381089274133,0.022485492200385242,0.02783954661563523,0.022779093861453
844,0.022952037878888085,0.02613669051754525,0.02613669051754525,0.0280410477559408,0.02526326997816302,0.02783954661563523,0.022096630996096548
847,0.022952037878888085,0.02613669051754525,0.02613669051754525,0.019707714422607468,0.022485492200385242,0.02783954661563523,0.021429333972192464
869,0.022952037878888085,0.02613669051754525,0.02613669051754525,0.0280410477559408,0.0280410477559408,0.017635464982982168,0.021778148325596873
879,0.022952037878888085,0.02613669051754525,0.02613669051754525,0.036374381089274134,0.02526326997816302,0.024438186071417543,0.021459665655097198
910,0.022952037878888085,0.02613669051754525,0.02613669051754525,0.011374381089274133,0.01692993664482969,0.024438186071417543,0.022809425544357727
937,0.022952037878888085,0.02613669051754525,0.02613669051754525,0.019707714422607468,0.01692993664482969,0.031240907159852914,0.02221795772771547
960,0.022952037878888085,0.02613669051754525,0.02613669051754525,0.019707714422607468,0.019707714422607468,0.01423410443876448,0.021535494862359023
003,0.022914135162526744,0.025504978578189598,0.025504978578189598,0.036374381089274134,0.02526326997816302,0.02783954661563523,0.021459665655097198
014,0.022914135162526744,0.025504978578189598,0.025504978578189598,0.019707714422607468,0.02526326997816302,0.024438186071417543,0.02159615822816849
021,0.022914135162526744,0.025504978578189598,0.025504978578189598,0.0280410477559408,0.0280410477559408,0.024438186071417543,0.02138383644783537
023,0.022914135162526744,0.025504978578189598,0.025504978578189598,0.0280410477559408,0.022485492200385242,0.017635464982982168,0.02148999733800193
031,0.022914135162526744,0.025504978578189598,0.025504978578189598,0.0280410477559408,0.02526326997816302,0.024438186071417543,0.021505163179454292
046,0.022914135162526744,0.025504978578189598,0.025504978578189598,0.0280410477559408,0.0280410477559408,0.017635464982982168,0.021929806740120527
063,0.022914135162526744,0.025504978578189598,0.025504978578189598,0.0280410477559408,0.02526326997816302,0.017635464982982168,0.022081465154644184
087,0.022914135162526744,0.025504978578189598,0.025504978578189598,0.011374381089274133,0.022485492200385242,0.017635464982982168,0.022597103764024608
097,0.022914135162526744,0.025504978578189598,0.025504978578189598,0.0280410477559408,0.030818825533718577,0.04144498879250598,0.021869143374311065
131,0.022914135162526744,0.025504978578189598,0.025504978578189598,0.036374381089274134,0.02526326997816302,0.017635464982982168,0.02144449981364483
133,0.022914135162526744,0.025504978578189598,0.025504978578189598,0.0280410477559408,0.022485492200385242,0.02783954661563523,0.021611324069620852
147,0.022914135162526744,0.025504978578189598,0.025504978578189598,0.019707714422607468,0.022485492200385242,0.02783954661563523,0.02211179683754891
168,0.022914135162526744,0.025504978578189598,0.025504978578189598,0.019707714422607468,0.0280410477559408,0.034642267704070605,0.021429333972192464
246,0.022914135162526744,0.025504978578189598,0.025504978578189598,0.019707714422607468,0.030818825533718577,0.017635464982982168,0.022081465154644184
278,0.022914135162526744,0.025504978578189598,0.025504978578189598,0.044707714422607465,0.030818825533718577,0.031240907159852914,0.021626489911073216
310,0.022914135162526744,0.025504978578189598,0.025504978578189598,0.036374381089274134,0.02526326997816302,0.031240907159852914,0.02171748495978741
313,0.022914135162526744,0.025504978578189598,0.025504978578189598,0.0280410477559408,0.0280410477559408,0.017635464982982168,0.021429333972192464
318,0.022914135162526744,0.025504978578189598,0.025504978578189598,0.0280410477559408,0.02526326997816302,0.01423410443876448,0.021565826545263754
344,0.022914135162526744,0.025504978578189598,0.025504978578189598,0.019707714422607468,0.022485492200385242,0.021036825527199855,0.021656821593977946
398,0.022914135162526744,0.025504978578189598,0.025504978578189598,0.019707714422607468,0.03359660331149635,0.034642267704070605,0.021778148325596873
407,0.022914135162526744,0.025504978578189598,0.025504978578189598,0.011374381089274133,0.022485492200385242,0.021036825527199855,0.02235445030078676
435,0.022914135162526744,0.025504978578189598,0.025504978578189598,0.019707714422607468,0.022485492200385242,0.024438186071417543,0.02188430921576343
442,0.022914135162526744,0.025504978578189598,0.025504978578189598,0.036374381089274134,0.03359660331149635,0.034642267704070605,0.02171748495978741
482,0.022914135162526744,0.025504978578189598,0.025504978578189598,0.019707714422607468,0.014152158867051911,0.024438186071417543,0.022172460203358377
508,0.022914135162526744,0.025504978578189598,0.025504978578189598,0.036374381089274134,0.019707714422607468,0.021036825527199855,0.021656821593977946
517,0.022914135162526744,0.025504978578189598,0.025504978578189598,0.044707714422607465,0.0280410477559408,0.024438186071417543,0.02148999733800193
582,0.022914135162526744,0.025504978578189598,0.025504978578189598,0.0280410477559408,0.030818825533718577,0.01423410443876448,0.021975304264477625
595,0.022914135162526744,0.025504978578189598,0.025504978578189598,0.044707714422607465,0.0280410477559408,0.021036825527199855,0.021429333972192464
603,0.022914135162526744,0.025504978578189598,0.025504978578189598,0.0280410477559408,0.022485492200385242,0.01423410443876448,0.02147483149654956
609,0.022914135162526744,0.025504978578189598,0.025504978578189598,0.011374381089274133,0.019707714422607468,0.034642267704070605,0.02327956662938106
618,0.022914135162526744,0.025504978578189598,0.025504978578189598,0.036374381089274134,0.03359660331149635,0.021036825527199855,0.021732650801239775
627,0.022914135162526744,0.025504978578189598,0.025504978578189598,0.0280410477559408,0.030818825533718577,0.017635464982982168,0.02188430921576343
666,0.022914135162526744,0.025504978578189598,0.025504978578189598,0.0280410477559408,0.03359660331149635,0.031240907159852914,0.021914640898668163
672,0.022914135162526744,0.025504978578189598,0.025504978578189598,0.011374381089274133,0.019707714422607468,0.021036825527199855,0.022839757227262458
704,0.022914135162526744,0.025504978578189598,0.025504978578189598,0.044707714422607465,0.030818825533718577,0.02783954661563523,0.021505163179454292
740,0.022914135162526744,0.025504978578189598,0.025504978578189598,0.0280410477559408,0.03359660331149635,0.01423410443876448,0.021520329020906656
775,0.022914135162526744,0.025504978578189598,0.025504978578189598,0.0280410477559408,0.01692993664482969,0.034642267704070605,0.021808480008501604
841,0.022914135162526744,0.025504978578189598,0.025504978578189598,0.019707714422607468,0.019707714422607468,0.024438186071417543,0.02171748495978741
851,0.022914135162526744,0.025504978578189598,0.025504978578189598,0.036374381089274134,0.03915215886705191,0.024438186071417543,0.021429333972192464
877,0.022914135162526744,0.025504978578189598,0.025504978578189598,0.019707714422607468,0.02526326997816302,0.024438186071417543,0.021793314167049237
883,0.022914135162526744,0.025504978578189598,0.025504978578189598,0.019707714422607468,0.022485492200385242,0.021036825527199855,0.022096630996096548
889,0.022914135162526744,0.025504978578189598,0.025504978578189598,0.0280410477559408,0.022485492200385242,0.02783954661563523,0.022005635947382356
908,0.022914135162526744,0.025504978578189598,0.025504978578189598,0.0280410477559408,0.01692993664482969,0.04144498879250598,0.021641655752525583
917,0.022914135162526744,0.025504978578189598,0.025504978578189598,0.036374381089274134,0.036374381089274134,0.017635464982982168,0.02148999733800193
936,0.022914135162526744,0.025504978578189598,0.025504978578189598,0.0280410477559408,0.022485492200385242,0.02783954661563523,0.02168715327688268
966,0.022914135162526744,0.025504978578189598,0.025504978578189598,0.011374381089274133,0.011374381089274133,0.034642267704070605,0.02411368790926116
989,0.022914135162526744,0.025504978578189598,0.025504978578189598,0.019707714422607468,0.0280410477559408,0.021036825527199855,0.02211179683754891
990,0.022914135162526744,0.025504978578189598,0.025504978578189598,0.019707714422607468,0.01692993664482969,0.04144498879250598,0.022248289410620202
022,0.022876232446165407,0.024873266638833942,0.024873266638833942,0.011374381089274133,0.02526326997816302,0.024438186071417543,0.0222937869349773
034,0.022876232446165407,0.024873266638833942,0.024873266638833942,0.036374381089274134,0.022485492200385242,0.017635464982982168,0.021641655752525583
074,0.022876232446165407,0.024873266638833942,0.024873266638833942,0.0530410477559408,0.030818825533718577,0.02783954661563523,0.02155066070381139
098,0.022876232446165407,0.024873266638833942,0.024873266638833942,0.0280410477559408,0.0280410477559408,0.02783954661563523,0.021944972581572894
106,0.022876232446165407,0.024873266638833942,0.024873266638833942,0.0280410477559408,0.030818825533718577,0.02783954661563523,0.021641655752525583
109,0.022876232446165407,0.024873266638833942,0.024873266638833942,0.0280410477559408,0.02526326997816302,0.021036825527199855,0.021535494862359023
121,0.022876232446165407,0.024873266638833942,0.024873266638833942,0.019707714422607468,0.019707714422607468,0.02783954661563523,0.021732650801239775
125,0.022876232446165407,0.024873266638833942,0.024873266638833942,0.019707714422607468,0.0280410477559408,0.024438186071417543,0.021793314167049237
196,0.022876232446165407,0.024873266638833942,0.024873266638833942,0.019707714422607468,0.0280410477559408,0.031240907159852914,0.02168715327688268
197,0.022876232446165407,0.024873266638833942,0.024873266638833942,0.019707714422607468,0.022485492200385242,0.031240907159852914,0.021929806740120527
200,0.022876232446165407,0.024873266638833942,0.024873266638833942,0.0280410477559408,0.022485492200385242,0.034642267704070605,0.02159615822816849
202,0.022876232446165407,0.024873266638833942,0.024873266638833942,0.0280410477559408,0.030818825533718577,0.017635464982982168,0.021732650801239775
205,0.022876232446165407,0.024873266638833942,0.024873266638833942,0.019707714422607468,0.0280410477559408,0.021036825527199855,0.02188430921576343
215,0.022876232446165407,0.024873266638833942,0.024873266638833942,0.019707714422607468,0.019707714422607468,0.04144498879250598,0.022278621093524936
225,0.022876232446165407,0.024873266638833942,0.024873266638833942,0.011374381089274133,0.019707714422607468,0.02783954661563523,0.02246061119095332
228,0.022876232446165407,0.024873266638833942,0.024873266638833942,0.019707714422607468,0.019707714422607468,0.021036825527199855,0.021944972581572894
236,0.022876232446165407,0.024873266638833942,0.024873266638833942,0.044707714422607465,0.0280410477559408,0.024438186071417543,0.02147483149654956
252,0.022876232446165407,0.024873266638833942,0.024873266638833942,0.044707714422607465,0.03359660331149635,0.024438186071417543,0.021520329020906656
277,0.022876232446165407,0.024873266638833942,0.024873266638833942,0.0280410477559408,0.030818825533718577,0.031240907159852914,0.021747816642692142
291,0.022876232446165407,0.024873266638833942,0.024873266638833942,0.019707714422607468,0.022485492200385242,0.031240907159852914,0.022187626044810744
312,0.022876232446165407,0.024873266638833942,0.024873266638833942,0.011374381089274133,0.019707714422607468,0.031240907159852914,0.02256677208111988
316,0.022876232446165407,0.024873266638833942,0.024873266638833942,0.019707714422607468,0.022485492200385242,0.021036825527199855,0.02171748495978741
330,0.022876232446165407,0.024873266638833942,0.024873266638833942,0.011374381089274133,0.030818825533718577,0.021036825527199855,0.022627435446929342
365,0.022876232446165407,0.024873266638833942,0.024873266638833942,0.0280410477559408,0.02526326997816302,0.02783954661563523,0.021520329020906656
382,0.022876232446165407,0.024873266638833942,0.024873266638833942,0.019707714422607468,0.0280410477559408,0.021036825527199855,0.02211179683754891
389,0.022876232446165407,0.024873266638833942,0.024873266638833942,0.0280410477559408,0.019707714422607468,0.031240907159852914,0.02215729436190601
390,0.022876232446165407,0.024873266638833942,0.024873266638833942,0.019707714422607468,0.01692993664482969,0.021036825527199855,0.021975304264477625
427,0.022876232446165407,0.024873266638833942,0.024873266638833942,0.0280410477559408,0.019707714422607468,0.01423410443876448,0.021535494862359023
431,0.022876232446165407,0.024873266638833942,0.024873266638833942,0.011374381089274133,0.014152158867051911,0.031240907159852914,0.023719376031499657
461,0.022876232446165407,0.024873266638833942,0.024873266638833942,0.019707714422607468,0.02526326997816302,0.017635464982982168,0.022051133471739454
463,0.022876232446165407,0.024873266638833942,0.024873266638833942,0.036374381089274134,0.022485492200385242,0.02783954661563523,0.021838811691406335
472,0.022876232446165407,0.024873266638833942,0.024873266638833942,0.036374381089274134,0.02526326997816302,0.021036825527199855,0.0214141681307401
485,0.022876232446165407,0.024873266638833942,0.024873266638833942,0.019707714422607468,0.02526326997816302,0.017635464982982168,0.022051133471739454
490,0.022876232446165407,0.024873266638833942,0.024873266638833942,0.011374381089274133,0.036374381089274134,0.021036825527199855,0.022688098812738804
510,0.022876232446165407,0.024873266638833942,0.024873266638833942,0.036374381089274134,0.036374381089274134,0.021036825527199855,0.021505163179454292
601,0.022876232446165407,0.024873266638833942,0.024873266638833942,0.0280410477559408,0.022485492200385242,0.034642267704070605,0.0214141681307401
636,0.022876232446165407,0.024873266638833942,0.024873266638833942,0.019707714422607468,0.0280410477559408,0.02783954661563523,0.021611324069620852
651,0.022876232446165407,0.024873266638833942,0.024873266638833942,0.044707714422607465,0.030818825533718577,0.024438186071417543,0.021656821593977946
652,0.022876232446165407,0.024873266638833942,0.024873266638833942,0.019707714422607468,0.02526326997816302,0.024438186071417543,0.021778148325596873
679,0.022876232446165407,0.024873266638833942,0.024873266638833942,0.0280410477559408,0.019707714422607468,0.02783954661563523,0.02144449981364483
683,0.022876232446165407,0.024873266638833942,0.024873266638833942,0.036374381089274134,0.022485492200385242,0.021036825527199855,0.021520329020906656
690,0.022876232446165407,0.024873266638833942,0.024873266638833942,0.0280410477559408,0.02526326997816302,0.02783954661563523,0.021899475057215796
705,0.022876232446165407,0.024873266638833942,0.024873266638833942,0.0280410477559408,0.02526326997816302,0.03804362824828829,0.021778148325596873
718,0.022876232446165407,0.024873266638833942,0.024873266638833942,0.036374381089274134,0.02526326997816302,0.031240907159852914,0.021626489911073216
726,0.022876232446165407,0.024873266638833942,0.024873266638833942,0.044707714422607465,0.0280410477559408,0.024438186071417543,0.02138383644783537
735,0.022876232446165407,0.024873266638833942,0.024873266638833942,0.036374381089274134,0.022485492200385242,0.017635464982982168,0.021459665655097198
736,0.022876232446165407,0.024873266638833942,0.024873266638833942,0.011374381089274133,0.019707714422607468,0.031240907159852914,0.02359804929988073
745,0.022876232446165407,0.024873266638833942,0.024873266638833942,0.011374381089274133,0.01692993664482969,0.024438186071417543,0.022490942873858052
752,0.022876232446165407,0.024873266638833942,0.024873266638833942,0.019707714422607468,0.030818825533718577,0.024438186071417543,0.02199047010592999
764,0.022876232446165407,0.024873266638833942,0.024873266638833942,0.036374381089274134,0.030818825533718577,0.021036825527199855,0.02182364584995397
781,0.022876232446165407,0.024873266638833942,0.024873266638833942,0.019707714422607468,0.022485492200385242,0.021036825527199855,0.021565826545263754
799,0.022876232446165407,0.024873266638833942,0.024873266638833942,0.0280410477559408,0.0280410477559408,0.024438186071417543,0.02223312356916784
816,0.022876232446165407,0.024873266638833942,0.024873266638833942,0.011374381089274133,0.014152158867051911,0.031240907159852914,0.02239994782514386
832,0.022876232446165407,0.024873266638833942,0.024873266638833942,0.0280410477559408,0.022485492200385242,0.021036825527199855,0.02215729436190601
850,0.022876232446165407,0.024873266638833942,0.024873266638833942,0.0280410477559408,0.022485492200385242,0.021036825527199855,0.021732650801239775
853,0.022876232446165407,0.024873266638833942,0.024873266638833942,0.0280410477559408,0.022485492200385242,0.017635464982982168,0.021535494862359023
876,0.022876232446165407,0.024873266638833942,0.024873266638833942,0.019707714422607468,0.02526326997816302,0.02783954661563523,0.021459665655097198
887,0.022876232446165407,0.024873266638833942,0.024873266638833942,0.0280410477559408,0.0280410477559408,0.04144498879250598,0.021762982484144506
903,0.022876232446165407,0.024873266638833942,0.024873266638833942,0.0280410477559408,0.019707714422607468,0.034642267704070605,0.021505163179454292
904,0.022876232446165407,0.024873266638833942,0.024873266638833942,0.0280410477559408,0.019707714422607468,0.034642267704070605,0.02182364584995397
913,0.022876232446165407,0.024873266638833942,0.024873266638833942,0.0280410477559408,0.030818825533718577,0.017635464982982168,0.021399002289287733
927,0.022876232446165407,0.024873266638833942,0.024873266638833942,0.011374381089274133,0.03915215886705191,0.024438186071417543,0.022506108715310415
933,0.022876232446165407,0.024873266638833942,0.024873266638833942,0.0280410477559408,0.0280410477559408,0.021036825527199855,0.02147483149654956
938,0.022876232446165407,0.024873266638833942,0.024873266638833942,0.044707714422607465,0.03359660331149635,0.021036825527199855,0.021505163179454292
946,0.022876232446165407,0.024873266638833942,0.024873266638833942,0.036374381089274134,0.019707714422607468,0.017635464982982168,0.021626489911073216
950,0.022876232446165407,0.024873266638833942,0.024873266638833942,0.0280410477559408,0.022485492200385242,0.024438186071417543,0.021611324069620852
959,0.022876232446165407,0.024873266638833942,0.024873266638833942,0.0280410477559408,0.030818825533718577,0.02783954661563523,0.02155066070381139
982,0.022876232446165407,0.024873266638833942,0.024873266638833942,0.036374381089274134,0.03359660331149635,0.02783954661563523,0.021671987435430314
028,0.022838329729804065,0.02424155469947829,0.02424155469947829,0.019707714422607468,0.019707714422607468,0.024438186071417543,0.021626489911073216
075,0.022838329729804065,0.02424155469947829,0.02424155469947829,0.0280410477559408,0.02526326997816302,0.024438186071417543,0.021929806740120527
104,0.022838329729804065,0.02424155469947829,0.02424155469947829,0.019707714422607468,0.02526326997816302,0.024438186071417543,0.02223312356916784
116,0.022838329729804065,0.02424155469947829,0.02424155469947829,0.011374381089274133,0.02526326997816302,0.021036825527199855,0.022703264654191167
159,0.022838329729804065,0.02424155469947829,0.02424155469947829,0.011374381089274133,0.01692993664482969,0.024438186071417543,0.02353738593407127
162,0.022838329729804065,0.02424155469947829,0.02424155469947829,0.044707714422607465,0.030818825533718577,0.017635464982982168,0.021671987435430314
190,0.022838329729804065,0.02424155469947829,0.02424155469947829,0.019707714422607468,0.01692993664482969,0.010832743894546793,0.022202791886263108
216,0.022838329729804065,0.02424155469947829,0.02424155469947829,0.019707714422607468,0.01692993664482969,0.02783954661563523,0.02138383644783537
248,0.022838329729804065,0.02424155469947829,0.02424155469947829,0.019707714422607468,0.014152158867051911,0.031240907159852914,0.022278621093524936
263,0.022838329729804065,0.02424155469947829,0.02424155469947829,0.0280410477559408,0.02526326997816302,0.034642267704070605,0.02138383644783537
264,0.022838329729804065,0.02424155469947829,0.02424155469947829,0.0280410477559408,0.019707714422607468,0.017635464982982168,0.021399002289287733
279,0.022838329729804065,0.02424155469947829,0.02424155469947829,0.019707714422607468,0.01692993664482969,0.017635464982982168,0.02226345525207257
297,0.022838329729804065,0.02424155469947829,0.02424155469947829,0.011374381089274133,0.014152158867051911,0.017635464982982168,0.022915586434524286
300,0.022838329729804065,0.02424155469947829,0.02424155469947829,0.036374381089274134,0.022485492200385242,0.01423410443876448,0.021520329020906656
302,0.022838329729804065,0.02424155469947829,0.02424155469947829,0.011374381089274133,0.01692993664482969,0.02783954661563523,0.022839757227262458
306,0.022838329729804065,0.02424155469947829,0.02424155469947829,0.011374381089274133,0.01692993664482969,0.024438186071417543,0.02256677208111988
307,0.022838329729804065,0.02424155469947829,0.02424155469947829,0.011374381089274133,0.0280410477559408,0.01423410443876448,0.022415113666596223
308,0.022838329729804065,0.02424155469947829,0.02424155469947829,0.019707714422607468,0.019707714422607468,0.024438186071417543,0.021671987435430314
317,0.022838329729804065,0.02424155469947829,0.02424155469947829,0.019707714422607468,0.022485492200385242,0.021036825527199855,0.021656821593977946
335,0.022838329729804065,0.02424155469947829,0.02424155469947829,0.0280410477559408,0.022485492200385242,0.02783954661563523,0.02148999733800193
360,0.022838329729804065,0.02424155469947829,0.02424155469947829,0.0280410477559408,0.03359660331149635,0.021036825527199855,0.021656821593977946
368,0.022838329729804065,0.02424155469947829,0.02424155469947829,0.0280410477559408,0.0280410477559408,0.02783954661563523,0.0218539775328587
379,0.022838329729804065,0.02424155469947829,0.02424155469947829,0.0280410477559408,0.022485492200385242,0.021036825527199855,0.02171748495978741
381,0.022838329729804065,0.02424155469947829,0.02424155469947829,0.036374381089274134,0.03359660331149635,0.02783954661563523,0.021626489911073216
452,0.022838329729804065,0.02424155469947829,0.02424155469947829,0.044707714422607465,0.030818825533718577,0.021036825527199855,0.021399002289287733
460,0.022838329729804065,0.02424155469947829,0.02424155469947829,0.019707714422607468,0.02526326997816302,0.02783954661563523,0.021399002289287733
488,0.022838329729804065,0.02424155469947829,0.02424155469947829,0.011374381089274133,0.011374381089274133,0.017635464982982168,0.02411368790926116
542,0.022838329729804065,0.02424155469947829,0.02424155469947829,0.044707714422607465,0.02526326997816302,0.017635464982982168,0.021732650801239775
557,0.022838329729804065,0.02424155469947829,0.02424155469947829,0.0280410477559408,0.01692993664482969,0.02783954661563523,0.021778148325596873
565,0.022838329729804065,0.02424155469947829,0.02424155469947829,0.011374381089274133,0.01692993664482969,0.021036825527199855,0.023112742373405038
566,0.022838329729804065,0.02424155469947829,0.02424155469947829,0.019707714422607468,0.022485492200385242,0.017635464982982168,0.022172460203358377
569,0.022838329729804065,0.02424155469947829,0.02424155469947829,0.019707714422607468,0.03359660331149635,0.017635464982982168,0.021656821593977946
577,0.022838329729804065,0.02424155469947829,0.02424155469947829,0.011374381089274133,0.01692993664482969,0.024438186071417543,0.022824591385810094
579,0.022838329729804065,0.02424155469947829,0.02424155469947829,0.019707714422607468,0.022485492200385242,0.021036825527199855,0.02221795772771547
602,0.022838329729804065,0.02424155469947829,0.02424155469947829,0.011374381089274133,0.01692993664482969,0.024438186071417543,0.022415113666596223
610,0.022838329729804065,0.02424155469947829,0.02424155469947829,0.036374381089274134,0.022485492200385242,0.024438186071417543,0.021793314167049237
615,0.022838329729804065,0.02424155469947829,0.02424155469947829,0.019707714422607468,0.022485492200385242,0.017635464982982168,0.02188430921576343
632,0.022838329729804065,0.02424155469947829,0.02424155469947829,0.019707714422607468,0.019707714422607468,0.01423410443876448,0.02212696267900128
659,0.022838329729804065,0.02424155469947829,0.02424155469947829,0.011374381089274133,0.019707714422607468,0.01423410443876448,0.022475777032405685
689,0.022838329729804065,0.02424155469947829,0.02424155469947829,0.019707714422607468,0.022485492200385242,0.010832743894546793,0.021747816642692142
694,0.022838329729804065,0.02424155469947829,0.02424155469947829,0.011374381089274133,0.019707714422607468,0.031240907159852914,0.022718430495643534
703,0.022838329729804065,0.02424155469947829,0.02424155469947829,0.011374381089274133,0.022485492200385242,0.024438186071417543,0.022521274556762783
707,0.022838329729804065,0.02424155469947829,0.02424155469947829,0.0280410477559408,0.019707714422607468,0.017635464982982168,0.021520329020906656
748,0.022838329729804065,0.02424155469947829,0.02424155469947829,0.044707714422607465,0.030818825533718577,0.044846349336723663,0.02138383644783537
751,0.022838329729804065,0.02424155469947829,0.02424155469947829,0.044707714422607465,0.02526326997816302,0.021036825527199855,0.021399002289287733
755,0.022838329729804065,0.02424155469947829,0.02424155469947829,0.019707714422607468,0.02526326997816302,0.021036825527199855,0.02223312356916784
768,0.022838329729804065,0.02424155469947829,0.02424155469947829,0.011374381089274133,0.019707714422607468,0.02783954661563523,0.022642601288381706
801,0.022838329729804065,0.02424155469947829,0.02424155469947829,0.0280410477559408,0.022485492200385242,0.031240907159852914,0.021762982484144506
804,0.022838329729804065,0.02424155469947829,0.02424155469947829,0.011374381089274133,0.02526326997816302,0.017635464982982168,0.022384781983691492
817,0.022838329729804065,0.02424155469947829,0.02424155469947829,0.061374381089274135,0.036374381089274134,0.017635464982982168,0.02144449981364483
819,0.022838329729804065,0.02424155469947829,0.02424155469947829,0.0280410477559408,0.022485492200385242,0.017635464982982168,0.021535494862359023
840,0.022838329729804065,0.02424155469947829,0.02424155469947829,0.0280410477559408,0.0280410477559408,0.024438186071417543,0.021869143374311065
862,0.022838329729804065,0.02424155469947829,0.02424155469947829,0.036374381089274134,0.022485492200385242,0.024438186071417543,0.02138383644783537
866,0.022838329729804065,0.02424155469947829,0.02424155469947829,0.019707714422607468,0.022485492200385242,0.031240907159852914,0.021914640898668163
888,0.022838329729804065,0.02424155469947829,0.02424155469947829,0.036374381089274134,0.0280410477559408,0.024438186071417543,0.021535494862359023
891,0.022838329729804065,0.02424155469947829,0.02424155469947829,0.019707714422607468,0.030818825533718577,0.021036825527199855,0.02168715327688268
894,0.022838329729804065,0.02424155469947829,0.02424155469947829,0.0530410477559408,0.02526326997816302,0.031240907159852914,0.021520329020906656
897,0.022838329729804065,0.02424155469947829,0.02424155469947829,0.036374381089274134,0.0280410477559408,0.02783954661563523,0.02155066070381139
921,0.022838329729804065,0.02424155469947829,0.02424155469947829,0.019707714422607468,0.030818825533718577,0.02783954661563523,0.022278621093524936
923,0.022838329729804065,0.02424155469947829,0.02424155469947829,0.0280410477559408,0.022485492200385242,0.017635464982982168,0.021808480008501604
930,0.022838329729804065,0.02424155469947829,0.02424155469947829,0.036374381089274134,0.03359660331149635,0.02783954661563523,0.021565826545263754
939,0.022838329729804065,0.02424155469947829,0.02424155469947829,0.036374381089274134,0.030818825533718577,0.021036825527199855,0.021399002289287733
943,0.022838329729804065,0.02424155469947829,0.02424155469947829,0.019707714422607468,0.019707714422607468,0.021036825527199855,0.021793314167049237
956,0.022838329729804065,0.02424155469947829,0.02424155469947829,0.019707714422607468,0.022485492200385242,0.024438186071417543,0.02212696267900128
996,0.022838329729804065,0.02424155469947829,0.02424155469947829,0.019707714422607468,0.01692993664482969,0.034642267704070605,0.02221795772771547
997,0.022838329729804065,0.02424155469947829,0.02424155469947829,0.011374381089274133,0.022485492200385242,0.021036825527199855,0.022885254751619555
001,0.022800427013442728,0.023609842760122634,0.023609842760122634,0.036374381089274134,0.03359660331149635,0.031240907159852914,0.02148999733800193
009,0.022800427013442728,0.023609842760122634,0.023609842760122634,0.0280410477559408,0.019707714422607468,0.017635464982982168,0.021747816642692142
036,0.022800427013442728,0.023609842760122634,0.023609842760122634,0.011374381089274133,0.01692993664482969,0.02783954661563523,0.02253644039821515
047,0.022800427013442728,0.023609842760122634,0.023609842760122634,0.011374381089274133,0.014152158867051911,0.02783954661563523,0.023052079007595577
054,0.022800427013442728,0.023609842760122634,0.023609842760122634,0.019707714422607468,0.0280410477559408,0.031240907159852914,0.021656821593977946
076,0.022800427013442728,0.023609842760122634,0.023609842760122634,0.011374381089274133,0.022485492200385242,0.024438186071417543,0.022339284459334394
140,0.022800427013442728,0.023609842760122634,0.023609842760122634,0.011374381089274133,0.019707714422607468,0.017635464982982168,0.02246061119095332
173,0.022800427013442728,0.023609842760122634,0.023609842760122634,0.019707714422607468,0.030818825533718577,0.021036825527199855,0.02144449981364483
175,0.022800427013442728,0.023609842760122634,0.023609842760122634,0.011374381089274133,0.022485492200385242,0.02783954661563523,0.02253644039821515
183,0.022800427013442728,0.023609842760122634,0.023609842760122634,0.044707714422607465,0.0280410477559408,0.024438186071417543,0.02158099238671612
240,0.022800427013442728,0.023609842760122634,0.023609842760122634,0.0280410477559408,0.022485492200385242,0.031240907159852914,0.021641655752525583
251,0.022800427013442728,0.023609842760122634,0.023609842760122634,0.0280410477559408,0.0280410477559408,0.031240907159852914,0.02158099238671612
260,0.022800427013442728,0.023609842760122634,0.023609842760122634,0.019707714422607468,0.019707714422607468,0.024438186071417543,0.021838811691406335
266,0.022800427013442728,0.023609842760122634,0.023609842760122634,0.019707714422607468,0.01692993664482969,0.031240907159852914,0.02158099238671612
270,0.022800427013442728,0.023609842760122634,0.023609842760122634,0.019707714422607468,0.0280410477559408,0.021036825527199855,0.021459665655097198
322,0.022800427013442728,0.023609842760122634,0.023609842760122634,0.044707714422607465,0.022485492200385242,0.01423410443876448,0.02144449981364483
339,0.022800427013442728,0.023609842760122634,0.023609842760122634,0.019707714422607468,0.019707714422607468,0.024438186071417543,0.02202080178883472
353,0.022800427013442728,0.023609842760122634,0.023609842760122634,0.019707714422607468,0.022485492200385242,0.017635464982982168,0.022005635947382356
375,0.022800427013442728,0.023609842760122634,0.023609842760122634,0.019707714422607468,0.019707714422607468,0.02783954661563523,0.022005635947382356
392,0.022800427013442728,0.023609842760122634,0.023609842760122634,0.0280410477559408,0.0280410477559408,0.021036825527199855,0.021914640898668163
402,0.022800427013442728,0.023609842760122634,0.023609842760122634,0.0280410477559408,0.019707714422607468,0.024438186071417543,0.02155066070381139
413,0.022800427013442728,0.023609842760122634,0.023609842760122634,0.0280410477559408,0.0280410477559408,0.02783954661563523,0.02212696267900128
423,0.022800427013442728,0.023609842760122634,0.023609842760122634,0.019707714422607468,0.019707714422607468,0.03804362824828829,0.022142128520453646
471,0.022800427013442728,0.023609842760122634,0.023609842760122634,0.019707714422607468,0.019707714422607468,0.017635464982982168,0.022142128520453646
489,0.022800427013442728,0.023609842760122634,0.023609842760122634,0.011374381089274133,0.019707714422607468,0.01423410443876448,0.022551606239667513
545,0.022800427013442728,0.023609842760122634,0.023609842760122634,0.019707714422607468,0.022485492200385242,0.031240907159852914,0.02196013842302526
546,0.022800427013442728,0.023609842760122634,0.023609842760122634,0.019707714422607468,0.022485492200385242,0.01423410443876448,0.021929806740120527
560,0.022800427013442728,0.023609842760122634,0.023609842760122634,0.011374381089274133,0.01692993664482969,0.01423410443876448,0.02293075227597665
583,0.022800427013442728,0.023609842760122634,0.023609842760122634,0.0280410477559408,0.030818825533718577,0.024438186071417543,0.0214141681307401
654,0.022800427013442728,0.023609842760122634,0.023609842760122634,0.0280410477559408,0.030818825533718577,0.034642267704070605,0.021459665655097198
668,0.022800427013442728,0.023609842760122634,0.023609842760122634,0.011374381089274133,0.019707714422607468,0.01423410443876448,0.02347672256826181
695,0.022800427013442728,0.023609842760122634,0.023609842760122634,0.019707714422607468,0.0280410477559408,0.02783954661563523,0.021793314167049237
696,0.022800427013442728,0.023609842760122634,0.023609842760122634,0.0280410477559408,0.02526326997816302,0.024438186071417543,0.021611324069620852
698,0.022800427013442728,0.023609842760122634,0.023609842760122634,0.019707714422607468,0.014152158867051911,0.021036825527199855,0.021929806740120527
709,0.022800427013442728,0.023609842760122634,0.023609842760122634,0.011374381089274133,0.019707714422607468,0.02783954661563523,0.023461556726809447
711,0.022800427013442728,0.023609842760122634,0.023609842760122634,0.011374381089274133,0.022485492200385242,0.021036825527199855,0.022308952776429667
712,0.022800427013442728,0.023609842760122634,0.023609842760122634,0.011374381089274133,0.02526326997816302,0.02783954661563523,0.022415113666596223
716,0.022800427013442728,0.023609842760122634,0.023609842760122634,0.011374381089274133,0.019707714422607468,0.024438186071417543,0.02285492306871482
758,0.022800427013442728,0.023609842760122634,0.023609842760122634,0.011374381089274133,0.022485492200385242,0.017635464982982168,0.022445445349500954
765,0.022800427013442728,0.023609842760122634,0.023609842760122634,0.019707714422607468,0.022485492200385242,0.017635464982982168,0.02196013842302526
772,0.022800427013442728,0.023609842760122634,0.023609842760122634,0.036374381089274134,0.022485492200385242,0.02783954661563523,0.021399002289287733
779,0.022800427013442728,0.023609842760122634,0.023609842760122634,0.011374381089274133,0.0280410477559408,0.024438186071417543,0.02324923494647633
788,0.022800427013442728,0.023609842760122634,0.023609842760122634,0.0280410477559408,0.030818825533718577,0.024438186071417543,0.021808480008501604
800,0.022800427013442728,0.023609842760122634,0.023609842760122634,0.019707714422607468,0.014152158867051911,0.021036825527199855,0.021626489911073216
810,0.022800427013442728,0.023609842760122634,0.023609842760122634,0.0280410477559408,0.022485492200385242,0.02783954661563523,0.021399002289287733
823,0.022800427013442728,0.023609842760122634,0.023609842760122634,0.036374381089274134,0.030818825533718577,0.021036825527199855,0.02148999733800193
857,0.022800427013442728,0.023609842760122634,0.023609842760122634,0.011374381089274133,0.022485492200385242,0.021036825527199855,0.022415113666596223
858,0.022800427013442728,0.023609842760122634,0.023609842760122634,0.0280410477559408,0.022485492200385242,0.02783954661563523,0.02188430921576343
882,0.022800427013442728,0.023609842760122634,0.023609842760122634,0.011374381089274133,0.011374381089274133,0.021036825527199855,0.02411368790926116
892,0.022800427013442728,0.023609842760122634,0.023609842760122634,0.036374381089274134,0.02526326997816302,0.017635464982982168,0.021838811691406335
895,0.022800427013442728,0.023609842760122634,0.023609842760122634,0.0280410477559408,0.030818825533718577,0.031240907159852914,0.02144449981364483
900,0.022800427013442728,0.023609842760122634,0.023609842760122634,0.019707714422607468,0.02526326997816302,0.02783954661563523,0.022202791886263108
909,0.022800427013442728,0.023609842760122634,0.023609842760122634,0.036374381089274134,0.0280410477559408,0.021036825527199855,0.021641655752525583
942,0.022800427013442728,0.023609842760122634,0.023609842760122634,0.019707714422607468,0.022485492200385242,0.031240907159852914,0.021565826545263754
949,0.022800427013442728,0.023609842760122634,0.023609842760122634,0.019707714422607468,0.02526326997816302,0.017635464982982168,0.02171748495978741
980,0.022800427013442728,0.023609842760122634,0.023609842760122634,0.019707714422607468,0.022485492200385242,0.017635464982982168,0.022202791886263108
986,0.022800427013442728,0.023609842760122634,0.023609842760122634,0.0280410477559408,0.022485492200385242,0.031240907159852914,0.021793314167049237
010,0.022762524297081387,0.02297813082076698,0.02297813082076698,0.019707714422607468,0.022485492200385242,0.017635464982982168,0.021944972581572894
030,0.022762524297081387,0.02297813082076698,0.02297813082076698,0.019707714422607468,0.022485492200385242,0.01423410443876448,0.02199047010592999
044,0.022762524297081387,0.02297813082076698,0.02297813082076698,0.019707714422607468,0.02526326997816302,0.02783954661563523,0.021656821593977946
045,0.022762524297081387,0.02297813082076698,0.02297813082076698,0.019707714422607468,0.019707714422607468,0.021036825527199855,0.021929806740120527
071,0.022762524297081387,0.02297813082076698,0.02297813082076698,0.019707714422607468,0.01692993664482969,0.031240907159852914,0.022202791886263108
086,0.022762524297081387,0.02297813082076698,0.02297813082076698,0.036374381089274134,0.022485492200385242,0.021036825527199855,0.02148999733800193
099,0.022762524297081387,0.02297813082076698,0.02297813082076698,0.011374381089274133,0.019707714422607468,0.021036825527199855,0.022657767129834073
100,0.022762524297081387,0.02297813082076698,0.02297813082076698,0.019707714422607468,0.022485492200385242,0.031240907159852914,0.022096630996096548
143,0.022762524297081387,0.02297813082076698,0.02297813082076698,0.019707714422607468,0.019707714422607468,0.017635464982982168,0.022035967630287086
150,0.022762524297081387,0.02297813082076698,0.02297813082076698,0.019707714422607468,0.036374381089274134,0.017635464982982168,0.02212696267900128
161,0.022762524297081387,0.02297813082076698,0.02297813082076698,0.011374381089274133,0.014152158867051911,0.021036825527199855,0.023522220092618906
164,0.022762524297081387,0.02297813082076698,0.02297813082076698,0.019707714422607468,0.019707714422607468,0.017635464982982168,0.021914640898668163
177,0.022762524297081387,0.02297813082076698,0.02297813082076698,0.0280410477559408,0.02526326997816302,0.024438186071417543,0.021899475057215796
195,0.022762524297081387,0.02297813082076698,0.02297813082076698,0.019707714422607468,0.019707714422607468,0.024438186071417543,0.021671987435430314
229,0.022762524297081387,0.02297813082076698,0.02297813082076698,0.0280410477559408,0.02526326997816302,0.021036825527199855,0.021611324069620852
257,0.022762524297081387,0.02297813082076698,0.02297813082076698,0.011374381089274133,0.01692993664482969,0.02783954661563523,0.022475777032405685
265,0.022762524297081387,0.02297813082076698,0.02297813082076698,0.0280410477559408,0.03359660331149635,0.017635464982982168,0.02158099238671612
273,0.022762524297081387,0.02297813082076698,0.02297813082076698,0.019707714422607468,0.019707714422607468,0.02783954661563523,0.021732650801239775
283,0.022762524297081387,0.02297813082076698,0.02297813082076698,0.0280410477559408,0.02526326997816302,0.021036825527199855,0.021626489911073216
301,0.022762524297081387,0.02297813082076698,0.02297813082076698,0.011374381089274133,0.014152158867051911,0.021036825527199855,0.02387103444602331
305,0.022762524297081387,0.02297813082076698,0.02297813082076698,0.019707714422607468,0.02526326997816302,0.031240907159852914,0.0218539775328587
311,0.022762524297081387,0.02297813082076698,0.02297813082076698,0.011374381089274133,0.01692993664482969,0.024438186071417543,0.023127908214857402
321,0.022762524297081387,0.02297813082076698,0.02297813082076698,0.0280410477559408,0.0280410477559408,0.02783954661563523,0.021459665655097198
331,0.022762524297081387,0.02297813082076698,0.02297813082076698,0.019707714422607468,0.030818825533718577,0.017635464982982168,0.02212696267900128
399,0.022762524297081387,0.02297813082076698,0.02297813082076698,0.011374381089274133,0.01692993664482969,0.021036825527199855,0.022627435446929342
403,0.022762524297081387,0.02297813082076698,0.02297813082076698,0.0280410477559408,0.01692993664482969,0.024438186071417543,0.0214141681307401
428,0.022762524297081387,0.02297813082076698,0.02297813082076698,0.019707714422607468,0.0280410477559408,0.021036825527199855,0.02182364584995397
430,0.022762524297081387,0.02297813082076698,0.02297813082076698,0.011374381089274133,0.02526326997816302,0.01423410443876448,0.022718430495643534
438,0.022762524297081387,0.02297813082076698,0.02297813082076698,0.036374381089274134,0.030818825533718577,0.017635464982982168,0.021459665655097198
449,0.022762524297081387,0.02297813082076698,0.02297813082076698,0.019707714422607468,0.019707714422607468,0.017635464982982168,0.021929806740120527
468,0.022762524297081387,0.02297813082076698,0.02297813082076698,0.0280410477559408,0.02526326997816302,0.021036825527199855,0.02155066070381139
478,0.022762524297081387,0.02297813082076698,0.02297813082076698,0.011374381089274133,0.014152158867051911,0.017635464982982168,0.02355255177552364
503,0.022762524297081387,0.02297813082076698,0.02297813082076698,0.0280410477559408,0.0280410477559408,0.021036825527199855,0.02212696267900128
519,0.022762524297081387,0.02297813082076698,0.02297813082076698,0.019707714422607468,0.022485492200385242,0.017635464982982168,0.0214141681307401
540,0.022762524297081387,0.02297813082076698,0.02297813082076698,0.019707714422607468,0.02526326997816302,0.024438186071417543,0.021671987435430314
553,0.022762524297081387,0.02297813082076698,0.02297813082076698,0.0280410477559408,0.019707714422607468,0.024438186071417543,0.02158099238671612
558,0.022762524297081387,0.02297813082076698,0.02297813082076698,0.036374381089274134,0.019707714422607468,0.024438186071417543,0.021626489911073216
562,0.022762524297081387,0.02297813082076698,0.02297813082076698,0.0280410477559408,0.036374381089274134,0.031240907159852914,0.021641655752525583
563,0.022762524297081387,0.02297813082076698,0.02297813082076698,0.011374381089274133,0.022485492200385242,0.03804362824828829,0.022642601288381706
616,0.022762524297081387,0.02297813082076698,0.02297813082076698,0.0280410477559408,0.019707714422607468,0.017635464982982168,0.02148999733800193
621,0.022762524297081387,0.02297813082076698,0.02297813082076698,0.019707714422607468,0.0280410477559408,0.04144498879250598,0.021611324069620852
630,0.022762524297081387,0.02297813082076698,0.02297813082076698,0.011374381089274133,0.019707714422607468,0.02783954661563523,0.02235445030078676
641,0.022762524297081387,0.02297813082076698,0.02297813082076698,0.0280410477559408,0.019707714422607468,0.017635464982982168,0.021914640898668163
642,0.022762524297081387,0.02297813082076698,0.02297813082076698,0.019707714422607468,0.019707714422607468,0.024438186071417543,0.021747816642692142
675,0.022762524297081387,0.02297813082076698,0.02297813082076698,0.011374381089274133,0.01692993664482969,0.02783954661563523,0.022506108715310415
682,0.022762524297081387,0.02297813082076698,0.02297813082076698,0.019707714422607468,0.022485492200385242,0.017635464982982168,0.021838811691406335
728,0.022762524297081387,0.02297813082076698,0.02297813082076698,0.011374381089274133,0.0280410477559408,0.02783954661563523,0.022612269605476975
731,0.022762524297081387,0.02297813082076698,0.02297813082076698,0.019707714422607468,0.030818825533718577,0.031240907159852914,0.02215729436190601
760,0.022762524297081387,0.02297813082076698,0.02297813082076698,0.044707714422607465,0.03359660331149635,0.021036825527199855,0.021778148325596873
770,0.022762524297081387,0.02297813082076698,0.02297813082076698,0.0280410477559408,0.019707714422607468,0.021036825527199855,0.02159615822816849
776,0.022762524297081387,0.02297813082076698,0.02297813082076698,0.0280410477559408,0.02526326997816302,0.024438186071417543,0.02158099238671612
778,0.022762524297081387,0.02297813082076698,0.02297813082076698,0.011374381089274133,0.022485492200385242,0.017635464982982168,0.022612269605476975
782,0.022762524297081387,0.02297813082076698,0.02297813082076698,0.011374381089274133,0.014152158867051911,0.021036825527199855,0.024098522067808794
787,0.022762524297081387,0.02297813082076698,0.02297813082076698,0.019707714422607468,0.02526326997816302,0.031240907159852914,0.02168715327688268
809,0.022762524297081387,0.02297813082076698,0.02297813082076698,0.019707714422607468,0.022485492200385242,0.021036825527199855,0.021869143374311065
820,0.022762524297081387,0.02297813082076698,0.02297813082076698,0.011374381089274133,0.02526326997816302,0.02783954661563523,0.022870088910167192
824,0.022762524297081387,0.02297813082076698,0.02297813082076698,0.019707714422607468,0.01692993664482969,0.024438186071417543,0.02168715327688268
833,0.022762524297081387,0.02297813082076698,0.02297813082076698,0.044707714422607465,0.0280410477559408,0.024438186071417543,0.02158099238671612
835,0.022762524297081387,0.02297813082076698,0.02297813082076698,0.011374381089274133,0.01692993664482969,0.017635464982982168,0.022733596337095898
859,0.022762524297081387,0.02297813082076698,0.02297813082076698,0.011374381089274133,0.014152158867051911,0.017635464982982168,0.02382553692166622
880,0.022762524297081387,0.02297813082076698,0.02297813082076698,0.019707714422607468,0.022485492200385242,0.034642267704070605,0.022202791886263108
905,0.022762524297081387,0.02297813082076698,0.02297813082076698,0.011374381089274133,0.011374381089274133,0.017635464982982168,0.02411368790926116
915,0.022762524297081387,0.02297813082076698,0.02297813082076698,0.0280410477559408,0.019707714422607468,0.02783954661563523,0.021747816642692142
918,0.022762524297081387,0.02297813082076698,0.02297813082076698,0.036374381089274134,0.019707714422607468,0.024438186071417543,0.02144449981364483
928,0.022762524297081387,0.02297813082076698,0.02297813082076698,0.019707714422607468,0.019707714422607468,0.03804362824828829,0.021626489911073216
931,0.022762524297081387,0.02297813082076698,0.02297813082076698,0.019707714422607468,0.022485492200385242,0.021036825527199855,0.021762982484144506
941,0.022762524297081387,0.02297813082076698,0.02297813082076698,0.036374381089274134,0.030818825533718577,0.02783954661563523,0.0214141681307401
948,0.022762524297081387,0.02297813082076698,0.02297813082076698,0.0280410477559408,0.0280410477559408,0.024438186071417543,0.021565826545263754
962,0.022762524297081387,0.02297813082076698,0.02297813082076698,0.036374381089274134,0.022485492200385242,0.031240907159852914,0.021565826545263754
963,0.022762524297081387,0.02297813082076698,0.02297813082076698,0.019707714422607468,0.02526326997816302,0.021036825527199855,0.021732650801239775
965,0.022762524297081387,0.02297813082076698,0.02297813082076698,0.036374381089274134,0.019707714422607468,0.017635464982982168,0.021899475057215796
969,0.022762524297081387,0.02297813082076698,0.02297813082076698,0.019707714422607468,0.01692993664482969,0.031240907159852914,0.021808480008501604
974,0.022762524297081387,0.02297813082076698,0.02297813082076698,0.011374381089274133,0.019707714422607468,0.031240907159852914,0.022961083958881384
005,0.02272462158072005,0.022346418881411326,0.022346418881411326,0.019707714422607468,0.01692993664482969,0.024438186071417543,0.02168715327688268
012,0.02272462158072005,0.022346418881411326,0.022346418881411326,0.0280410477559408,0.02526326997816302,0.021036825527199855,0.02182364584995397
020,0.02272462158072005,0.022346418881411326,0.022346418881411326,0.0280410477559408,0.019707714422607468,0.02783954661563523,0.02147483149654956
043,0.02272462158072005,0.022346418881411326,0.022346418881411326,0.019707714422607468,0.022485492200385242,0.024438186071417543,0.0214141681307401
050,0.02272462158072005,0.022346418881411326,0.022346418881411326,0.0280410477559408,0.019707714422607468,0.021036825527199855,0.021671987435430314
064,0.02272462158072005,0.022346418881411326,0.022346418881411326,0.0280410477559408,0.02526326997816302,0.021036825527199855,0.021535494862359023
093,0.02272462158072005,0.022346418881411326,0.022346418881411326,0.011374381089274133,0.014152158867051911,0.021036825527199855,0.023127908214857402
110,0.02272462158072005,0.022346418881411326,0.022346418881411326,0.011374381089274133,0.019707714422607468,0.024438186071417543,0.022339284459334394
113,0.02272462158072005,0.022346418881411326,0.022346418881411326,0.036374381089274134,0.030818825533718577,0.024438186071417543,0.021762982484144506
123,0.02272462158072005,0.022346418881411326,0.022346418881411326,0.0280410477559408,0.030818825533718577,0.021036825527199855,0.0218539775328587
129,0.02272462158072005,0.022346418881411326,0.022346418881411326,0.019707714422607468,0.014152158867051911,0.024438186071417543,0.021399002289287733
136,0.02272462158072005,0.022346418881411326,0.022346418881411326,0.0280410477559408,0.022485492200385242,0.024438186071417543,0.021520329020906656
153,0.02272462158072005,0.022346418881411326,0.022346418881411326,0.011374381089274133,0.011374381089274133,0.017635464982982168,0.02411368790926116
157,0.02272462158072005,0.022346418881411326,0.022346418881411326,0.011374381089274133,0.019707714422607468,0.031240907159852914,0.022961083958881384
165,0.02272462158072005,0.022346418881411326,0.022346418881411326,0.036374381089274134,0.02526326997816302,0.021036825527199855,0.021975304264477625
219,0.02272462158072005,0.022346418881411326,0.022346418881411326,0.019707714422607468,0.01692993664482969,0.024438186071417543,0.022187626044810744
233,0.02272462158072005,0.022346418881411326,0.022346418881411326,0.019707714422607468,0.022485492200385242,0.017635464982982168,0.021626489911073216
249,0.02272462158072005,0.022346418881411326,0.022346418881411326,0.019707714422607468,0.030818825533718577,0.017635464982982168,0.021838811691406335
262,0.02272462158072005,0.022346418881411326,0.022346418881411326,0.019707714422607468,0.01692993664482969,0.024438186071417543,0.02221795772771547
268,0.02272462158072005,0.022346418881411326,0.022346418881411326,0.0280410477559408,0.019707714422607468,0.017635464982982168,0.021535494862359023
309,0.02272462158072005,0.022346418881411326,0.022346418881411326,0.011374381089274133,0.014152158867051911,0.034642267704070605,0.02381037108021385
332,0.02272462158072005,0.022346418881411326,0.022346418881411326,0.0280410477559408,0.022485492200385242,0.031240907159852914,0.021702319118335044
340,0.02272462158072005,0.022346418881411326,0.022346418881411326,0.019707714422607468,0.022485492200385242,0.031240907159852914,0.022187626044810744
348,0.02272462158072005,0.022346418881411326,0.022346418881411326,0.019707714422607468,0.01692993664482969,0.024438186071417543,0.021929806740120527
352,0.02272462158072005,0.022346418881411326,0.022346418881411326,0.011374381089274133,0.0280410477559408,0.021036825527199855,0.022581937922572244
371,0.02272462158072005,0.022346418881411326,0.022346418881411326,0.019707714422607468,0.01692993664482969,0.024438186071417543,0.02147483149654956
383,0.02272462158072005,0.022346418881411326,0.022346418881411326,0.036374381089274134,0.02526326997816302,0.021036825527199855,0.021459665655097198
388,0.02272462158072005,0.022346418881411326,0.022346418881411326,0.019707714422607468,0.022485492200385242,0.024438186071417543,0.0214141681307401
414,0.02272462158072005,0.022346418881411326,0.022346418881411326,0.019707714422607468,0.019707714422607468,0.024438186071417543,0.02215729436190601
424,0.02272462158072005,0.022346418881411326,0.022346418881411326,0.019707714422607468,0.022485492200385242,0.021036825527199855,0.0218539775328587
429,0.02272462158072005,0.022346418881411326,0.022346418881411326,0.019707714422607468,0.019707714422607468,0.017635464982982168,0.02223312356916784
441,0.02272462158072005,0.022346418881411326,0.022346418881411326,0.0280410477559408,0.02526326997816302,0.024438186071417543,0.0218539775328587
444,0.02272462158072005,0.022346418881411326,0.022346418881411326,0.011374381089274133,0.019707714422607468,0.02783954661563523,0.022748762178548265
446,0.02272462158072005,0.022346418881411326,0.022346418881411326,0.0280410477559408,0.02526326997816302,0.010832743894546793,0.021429333972192464
454,0.02272462158072005,0.022346418881411326,0.022346418881411326,0.011374381089274133,0.01692993664482969,0.021036825527199855,0.022612269605476975
462,0.02272462158072005,0.022346418881411326,0.022346418881411326,0.011374381089274133,0.011374381089274133,0.024438186071417543,0.02411368790926116
465,0.02272462158072005,0.022346418881411326,0.022346418881411326,0.011374381089274133,0.019707714422607468,0.01423410443876448,0.022308952776429667
495,0.02272462158072005,0.022346418881411326,0.022346418881411326,0.036374381089274134,0.030818825533718577,0.017635464982982168,0.021702319118335044
518,0.02272462158072005,0.022346418881411326,0.022346418881411326,0.036374381089274134,0.022485492200385242,0.031240907159852914,0.021399002289287733
520,0.02272462158072005,0.022346418881411326,0.022346418881411326,0.044707714422607465,0.02526326997816302,0.021036825527199855,0.02138383644783537
536,0.02272462158072005,0.022346418881411326,0.022346418881411326,0.011374381089274133,0.0280410477559408,0.024438186071417543,0.022308952776429667
539,0.02272462158072005,0.022346418881411326,0.022346418881411326,0.019707714422607468,0.014152158867051911,0.02783954661563523,0.021535494862359023
564,0.02272462158072005,0.022346418881411326,0.022346418881411326,0.011374381089274133,0.02526326997816302,0.017635464982982168,0.022445445349500954
567,0.02272462158072005,0.022346418881411326,0.022346418881411326,0.019707714422607468,0.022485492200385242,0.031240907159852914,0.02171748495978741
578,0.02272462158072005,0.022346418881411326,0.022346418881411326,0.019707714422607468,0.01692993664482969,0.024438186071417543,0.021702319118335044
585,0.02272462158072005,0.022346418881411326,0.022346418881411326,0.019707714422607468,0.02526326997816302,0.021036825527199855,0.021944972581572894
589,0.02272462158072005,0.022346418881411326,0.022346418881411326,0.011374381089274133,0.01692993664482969,0.017635464982982168,0.023491888409714175
614,0.02272462158072005,0.022346418881411326,0.022346418881411326,0.0280410477559408,0.022485492200385242,0.024438186071417543,0.02159615822816849
623,0.02272462158072005,0.022346418881411326,0.022346418881411326,0.011374381089274133,0.01692993664482969,0.021036825527199855,0.022551606239667513
631,0.02272462158072005,0.022346418881411326,0.022346418881411326,0.019707714422607468,0.030818825533718577,0.017635464982982168,0.021611324069620852
638,0.02272462158072005,0.022346418881411326,0.022346418881411326,0.036374381089274134,0.036374381089274134,0.02783954661563523,0.02144449981364483
643,0.02272462158072005,0.022346418881411326,0.022346418881411326,0.036374381089274134,0.022485492200385242,0.021036825527199855,0.02144449981364483
649,0.02272462158072005,0.022346418881411326,0.022346418881411326,0.036374381089274134,0.02526326997816302,0.031240907159852914,0.02147483149654956
663,0.02272462158072005,0.022346418881411326,0.022346418881411326,0.019707714422607468,0.01692993664482969,0.021036825527199855,0.022081465154644184
671,0.02272462158072005,0.022346418881411326,0.022346418881411326,0.019707714422607468,0.01692993664482969,0.02783954661563523,0.02223312356916784
681,0.02272462158072005,0.022346418881411326,0.022346418881411326,0.011374381089274133,0.014152158867051911,0.04144498879250598,0.023112742373405038
692,0.02272462158072005,0.022346418881411326,0.022346418881411326,0.019707714422607468,0.01692993664482969,0.021036825527199855,0.021944972581572894
737,0.02272462158072005,0.022346418881411326,0.022346418881411326,0.036374381089274134,0.0280410477559408,0.017635464982982168,0.0214141681307401
738,0.02272462158072005,0.022346418881411326,0.022346418881411326,0.0280410477559408,0.019707714422607468,0.01423410443876448,0.021641655752525583
741,0.02272462158072005,0.022346418881411326,0.022346418881411326,0.019707714422607468,0.01692993664482969,0.024438186071417543,0.02182364584995397
746,0.02272462158072005,0.022346418881411326,0.022346418881411326,0.0280410477559408,0.01692993664482969,0.02783954661563523,0.02147483149654956
753,0.02272462158072005,0.022346418881411326,0.022346418881411326,0.044707714422607465,0.030818825533718577,0.017635464982982168,0.021399002289287733
762,0.02272462158072005,0.022346418881411326,0.022346418881411326,0.019707714422607468,0.02526326997816302,0.034642267704070605,0.02147483149654956
769,0.02272462158072005,0.022346418881411326,0.022346418881411326,0.019707714422607468,0.022485492200385242,0.02783954661563523,0.021944972581572894
777,0.02272462158072005,0.022346418881411326,0.022346418881411326,0.036374381089274134,0.022485492200385242,0.021036825527199855,0.021399002289287733
793,0.02272462158072005,0.022346418881411326,0.022346418881411326,0.019707714422607468,0.022485492200385242,0.021036825527199855,0.021975304264477625
827,0.02272462158072005,0.022346418881411326,0.022346418881411326,0.036374381089274134,0.0280410477559408,0.021036825527199855,0.02159615822816849
852,0.02272462158072005,0.022346418881411326,0.022346418881411326,0.0280410477559408,0.02526326997816302,0.031240907159852914,0.021702319118335044
860,0.02272462158072005,0.022346418881411326,0.022346418881411326,0.019707714422607468,0.03359660331149635,0.01423410443876448,0.02212696267900128
873,0.02272462158072005,0.022346418881411326,0.022346418881411326,0.019707714422607468,0.014152158867051911,0.021036825527199855,0.02158099238671612
890,0.02272462158072005,0.022346418881411326,0.022346418881411326,0.0280410477559408,0.02526326997816302,0.024438186071417543,0.022035967630287086
920,0.02272462158072005,0.022346418881411326,0.022346418881411326,0.011374381089274133,0.01692993664482969,0.021036825527199855,0.022945918117429014
945,0.02272462158072005,0.022346418881411326,0.022346418881411326,0.019707714422607468,0.0280410477559408,0.024438186071417543,0.02199047010592999
951,0.02272462158072005,0.022346418881411326,0.022346418881411326,0.011374381089274133,0.022485492200385242,0.017635464982982168,0.0222937869349773
954,0.02272462158072005,0.022346418881411326,0.022346418881411326,0.0280410477559408,0.022485492200385242,0.031240907159852914,0.02158099238671612
955,0.02272462158072005,0.022346418881411326,0.022346418881411326,0.011374381089274133,0.019707714422607468,0.034642267704070605,0.02243027950804859
970,0.02272462158072005,0.022346418881411326,0.022346418881411326,0.011374381089274133,0.01692993664482969,0.02783954661563523,0.02359804929988073
972,0.02272462158072005,0.022346418881411326,0.022346418881411326,0.0280410477559408,0.0280410477559408,0.017635464982982168,0.02202080178883472
991,0.02272462158072005,0.022346418881411326,0.022346418881411326,0.011374381089274133,0.030818825533718577,0.021036825527199855,0.023218903263571594
992,0.02272462158072005,0.022346418881411326,0.022346418881411326,0.011374381089274133,0.019707714422607468,0.017635464982982168,0.02232411861788203
993,0.02272462158072005,0.022346418881411326,0.022346418881411326,0.019707714422607468,0.019707714422607468,0.02783954661563523,0.022066299313191817
994,0.02272462158072005,0.022346418881411326,0.022346418881411326,0.019707714422607468,0.019707714422607468,0.021036825527199855,0.02147483149654956
998,0.02272462158072005,0.022346418881411326,0.022346418881411326,0.0280410477559408,0.019707714422607468,0.034642267704070605,0.021505163179454292
018,0.02268671886435871,0.021714706942055673,0.021714706942055673,0.036374381089274134,0.019707714422607468,0.02783954661563523,0.02144449981364483
024,0.02268671886435871,0.021714706942055673,0.021714706942055673,0.019707714422607468,0.022485492200385242,0.021036825527199855,0.021505163179454292
025,0.02268671886435871,0.021714706942055673,0.021714706942055673,0.019707714422607468,0.02526326997816302,0.02783954661563523,0.021808480008501604
038,0.02268671886435871,0.021714706942055673,0.021714706942055673,0.019707714422607468,0.01692993664482969,0.01423410443876448,0.022096630996096548
065,0.02268671886435871,0.021714706942055673,0.021714706942055673,0.019707714422607468,0.022485492200385242,0.017635464982982168,0.02215729436190601
067,0.02268671886435871,0.021714706942055673,0.021714706942055673,0.011374381089274133,0.014152158867051911,0.01423410443876448,0.023370561678095255
089,0.02268671886435871,0.021714706942055673,0.021714706942055673,0.019707714422607468,0.01692993664482969,0.017635464982982168,0.022202791886263108
096,0.02268671886435871,0.021714706942055673,0.021714706942055673,0.019707714422607468,0.01692993664482969,0.024438186071417543,0.02155066070381139
107,0.02268671886435871,0.021714706942055673,0.021714706942055673,0.0280410477559408,0.019707714422607468,0.017635464982982168,0.02138383644783537
108,0.02268671886435871,0.021714706942055673,0.021714706942055673,0.019707714422607468,0.01692993664482969,0.017635464982982168,0.022142128520453646
117,0.02268671886435871,0.021714706942055673,0.021714706942055673,0.0280410477559408,0.022485492200385242,0.034642267704070605,0.0218539775328587
120,0.02268671886435871,0.021714706942055673,0.021714706942055673,0.044707714422607465,0.03359660331149635,0.01423410443876448,0.021429333972192464
126,0.02268671886435871,0.021714706942055673,0.021714706942055673,0.019707714422607468,0.01692993664482969,0.017635464982982168,0.02159615822816849
128,0.02268671886435871,0.021714706942055673,0.021714706942055673,0.0280410477559408,0.02526326997816302,0.021036825527199855,0.021399002289287733
154,0.02268671886435871,0.021714706942055673,0.021714706942055673,0.0280410477559408,0.019707714422607468,0.021036825527199855,0.02159615822816849
155,0.02268671886435871,0.021714706942055673,0.021714706942055673,0.0280410477559408,0.0280410477559408,0.01423410443876448,0.021505163179454292
156,0.02268671886435871,0.021714706942055673,0.021714706942055673,0.011374381089274133,0.019707714422607468,0.01423410443876448,0.022657767129834073
163,0.02268671886435871,0.021714706942055673,0.021714706942055673,0.0280410477559408,0.022485492200385242,0.024438186071417543,0.021702319118335044
170,0.02268671886435871,0.021714706942055673,0.021714706942055673,0.044707714422607465,0.022485492200385242,0.024438186071417543,0.021429333972192464
172,0.02268671886435871,0.021714706942055673,0.021714706942055673,0.019707714422607468,0.01692993664482969,0.02783954661563523,0.021671987435430314
180,0.02268671886435871,0.021714706942055673,0.021714706942055673,0.019707714422607468,0.02526326997816302,0.024438186071417543,0.021747816642692142
188,0.02268671886435871,0.021714706942055673,0.021714706942055673,0.036374381089274134,0.02526326997816302,0.017635464982982168,0.021671987435430314
198,0.02268671886435871,0.021714706942055673,0.021714706942055673,0.044707714422607465,0.03359660331149635,0.021036825527199855,0.021459665655097198
199,0.02268671886435871,0.021714706942055673,0.021714706942055673,0.019707714422607468,0.01692993664482969,0.024438186071417543,0.02144449981364483
201,0.02268671886435871,0.021714706942055673,0.021714706942055673,0.011374381089274133,0.01692993664482969,0.017635464982982168,0.023355395836642884
210,0.02268671886435871,0.021714706942055673,0.021714706942055673,0.011374381089274133,0.014152158867051911,0.021036825527199855,0.022870088910167192
212,0.02268671886435871,0.021714706942055673,0.021714706942055673,0.019707714422607468,0.02526326997816302,0.024438186071417543,0.02148999733800193
223,0.02268671886435871,0.021714706942055673,0.021714706942055673,0.019707714422607468,0.02526326997816302,0.031240907159852914,0.021808480008501604
232,0.02268671886435871,0.021714706942055673,0.021714706942055673,0.036374381089274134,0.0280410477559408,0.021036825527199855,0.021399002289287733
261,0.02268671886435871,0.021714706942055673,0.021714706942055673,0.019707714422607468,0.022485492200385242,0.02783954661563523,0.02182364584995397
272,0.02268671886435871,0.021714706942055673,0.021714706942055673,0.011374381089274133,0.019707714422607468,0.024438186071417543,0.02303691316614321
280,0.02268671886435871,0.021714706942055673,0.021714706942055673,0.019707714422607468,0.022485492200385242,0.017635464982982168,0.022248289410620202
286,0.02268671886435871,0.021714706942055673,0.021714706942055673,0.0280410477559408,0.02526326997816302,0.017635464982982168,0.02171748495978741
319,0.02268671886435871,0.021714706942055673,0.021714706942055673,0.0280410477559408,0.019707714422607468,0.021036825527199855,0.02199047010592999
325,0.02268671886435871,0.021714706942055673,0.021714706942055673,0.019707714422607468,0.022485492200385242,0.01423410443876448,0.021808480008501604
327,0.02268671886435871,0.021714706942055673,0.021714706942055673,0.036374381089274134,0.02526326997816302,0.024438186071417543,0.02171748495978741
329,0.02268671886435871,0.021714706942055673,0.021714706942055673,0.036374381089274134,0.030818825533718577,0.024438186071417543,0.021611324069620852
342,0.02268671886435871,0.021714706942055673,0.021714706942055673,0.011374381089274133,0.02526326997816302,0.017635464982982168,0.022475777032405685
346,0.02268671886435871,0.021714706942055673,0.021714706942055673,0.019707714422607468,0.019707714422607468,0.01423410443876448,0.022051133471739454
350,0.02268671886435871,0.021714706942055673,0.021714706942055673,0.036374381089274134,0.02526326997816302,0.017635464982982168,0.021429333972192464
355,0.02268671886435871,0.021714706942055673,0.021714706942055673,0.019707714422607468,0.03359660331149635,0.02783954661563523,0.02159615822816849
376,0.02268671886435871,0.021714706942055673,0.021714706942055673,0.0280410477559408,0.022485492200385242,0.017635464982982168,0.021429333972192464
384,0.02268671886435871,0.021714706942055673,0.021714706942055673,0.0280410477559408,0.03359660331149635,0.024438186071417543,0.021520329020906656
385,0.02268671886435871,0.021714706942055673,0.021714706942055673,0.019707714422607468,0.02526326997816302,0.02783954661563523,0.022096630996096548
393,0.02268671886435871,0.021714706942055673,0.021714706942055673,0.011374381089274133,0.022485492200385242,0.024438186071417543,0.02267293297128644
404,0.02268671886435871,0.021714706942055673,0.021714706942055673,0.019707714422607468,0.019707714422607468,0.024438186071417543,0.02155066070381139
405,0.02268671886435871,0.021714706942055673,0.021714706942055673,0.019707714422607468,0.022485492200385242,0.024438186071417543,0.021641655752525583
412,0.02268671886435871,0.021714706942055673,0.021714706942055673,0.0280410477559408,0.03359660331149635,0.031240907159852914,0.021899475057215796
416,0.02268671886435871,0.021714706942055673,0.021714706942055673,0.011374381089274133,0.01692993664482969,0.017635464982982168,0.022718430495643534
421,0.02268671886435871,0.021714706942055673,0.021714706942055673,0.019707714422607468,0.019707714422607468,0.021036825527199855,0.02221795772771547
426,0.02268671886435871,0.021714706942055673,0.021714706942055673,0.011374381089274133,0.022485492200385242,0.021036825527199855,0.02267293297128644
437,0.02268671886435871,0.021714706942055673,0.021714706942055673,0.019707714422607468,0.022485492200385242,0.024438186071417543,0.02155066070381139
439,0.02268671886435871,0.021714706942055673,0.021714706942055673,0.011374381089274133,0.011374381089274133,0.02783954661563523,0.02411368790926116
458,0.02268671886435871,0.021714706942055673,0.021714706942055673,0.019707714422607468,0.030818825533718577,0.031240907159852914,0.022187626044810744
466,0.02268671886435871,0.021714706942055673,0.021714706942055673,0.019707714422607468,0.022485492200385242,0.024438186071417543,0.021975304264477625
493,0.02268671886435871,0.021714706942055673,0.021714706942055673,0.019707714422607468,0.01692993664482969,0.024438186071417543,0.021899475057215796
507,0.02268671886435871,0.021714706942055673,0.021714706942055673,0.0280410477559408,0.02526326997816302,0.024438186071417543,0.021399002289287733
515,0.02268671886435871,0.021714706942055673,0.021714706942055673,0.0280410477559408,0.022485492200385242,0.024438186071417543,0.02147483149654956
516,0.02268671886435871,0.021714706942055673,0.021714706942055673,0.0280410477559408,0.022485492200385242,0.010832743894546793,0.02138383644783537
521,0.02268671886435871,0.021714706942055673,0.021714706942055673,0.019707714422607468,0.019707714422607468,0.02783954661563523,0.021535494862359023
528,0.02268671886435871,0.021714706942055673,0.021714706942055673,0.019707714422607468,0.0280410477559408,0.01423410443876448,0.02148999733800193
530,0.02268671886435871,0.021714706942055673,0.021714706942055673,0.0280410477559408,0.022485492200385242,0.017635464982982168,0.02138383644783537
554,0.02268671886435871,0.021714706942055673,0.021714706942055673,0.0280410477559408,0.0280410477559408,0.017635464982982168,0.021535494862359023
574,0.02268671886435871,0.021714706942055673,0.021714706942055673,0.019707714422607468,0.02526326997816302,0.010832743894546793,0.02202080178883472
587,0.02268671886435871,0.021714706942055673,0.021714706942055673,0.0280410477559408,0.022485492200385242,0.01423410443876448,0.021656821593977946
598,0.02268671886435871,0.021714706942055673,0.021714706942055673,0.011374381089274133,0.01692993664482969,0.031240907159852914,0.023021747324690846
608,0.02268671886435871,0.021714706942055673,0.021714706942055673,0.019707714422607468,0.019707714422607468,0.01423410443876448,0.02226345525207257
617,0.02268671886435871,0.021714706942055673,0.021714706942055673,0.0280410477559408,0.022485492200385242,0.021036825527199855,0.02159615822816849
639,0.02268671886435871,0.021714706942055673,0.021714706942055673,0.019707714422607468,0.01692993664482969,0.021036825527199855,0.021914640898668163
644,0.02268671886435871,0.021714706942055673,0.021714706942055673,0.0280410477559408,0.022485492200385242,0.01423410443876448,0.02138383644783537
646,0.02268671886435871,0.021714706942055673,0.021714706942055673,0.0280410477559408,0.03359660331149635,0.01423410443876448,0.02138383644783537
650,0.02268671886435871,0.021714706942055673,0.021714706942055673,0.019707714422607468,0.019707714422607468,0.017635464982982168,0.021505163179454292
673,0.02268671886435871,0.021714706942055673,0.021714706942055673,0.011374381089274133,0.01692993664482969,0.024438186071417543,0.022612269605476975
674,0.02268671886435871,0.021714706942055673,0.021714706942055673,0.019707714422607468,0.01692993664482969,0.02783954661563523,0.02211179683754891
687,0.02268671886435871,0.021714706942055673,0.021714706942055673,0.044707714422607465,0.030818825533718577,0.01423410443876448,0.021459665655097198
702,0.02268671886435871,0.021714706942055673,0.021714706942055673,0.036374381089274134,0.0280410477559408,0.02783954661563523,0.0214141681307401
721,0.02268671886435871,0.021714706942055673,0.021714706942055673,0.011374381089274133,0.022485492200385242,0.024438186071417543,0.023355395836642884
725,0.02268671886435871,0.021714706942055673,0.021714706942055673,0.019707714422607468,0.019707714422607468,0.017635464982982168,0.021505163179454292
732,0.02268671886435871,0.021714706942055673,0.021714706942055673,0.011374381089274133,0.022485492200385242,0.017635464982982168,0.022384781983691492
744,0.02268671886435871,0.021714706942055673,0.021714706942055673,0.019707714422607468,0.01692993664482969,0.024438186071417543,0.022005635947382356
756,0.02268671886435871,0.021714706942055673,0.021714706942055673,0.011374381089274133,0.011374381089274133,0.01423410443876448,0.02411368790926116
757,0.02268671886435871,0.021714706942055673,0.021714706942055673,0.011374381089274133,0.01692993664482969,0.024438186071417543,0.022369616142239125
763,0.02268671886435871,0.021714706942055673,0.021714706942055673,0.019707714422607468,0.019707714422607468,0.031240907159852914,0.022081465154644184
786,0.02268671886435871,0.021714706942055673,0.021714706942055673,0.019707714422607468,0.02526326997816302,0.017635464982982168,0.021944972581572894
790,0.02268671886435871,0.021714706942055673,0.021714706942055673,0.036374381089274134,0.022485492200385242,0.010832743894546793,0.021520329020906656
796,0.02268671886435871,0.021714706942055673,0.021714706942055673,0.019707714422607468,0.02526326997816302,0.024438186071417543,0.021914640898668163
798,0.02268671886435871,0.021714706942055673,0.021714706942055673,0.011374381089274133,0.01692993664482969,0.021036825527199855,0.023158239897762136
803,0.02268671886435871,0.021714706942055673,0.021714706942055673,0.011374381089274133,0.01692993664482969,0.021036825527199855,0.022885254751619555
815,0.02268671886435871,0.021714706942055673,0.021714706942055673,0.011374381089274133,0.014152158867051911,0.021036825527199855,0.022339284459334394
818,0.02268671886435871,0.021714706942055673,0.021714706942055673,0.011374381089274133,0.01692993664482969,0.024438186071417543,0.022718430495643534
822,0.02268671886435871,0.021714706942055673,0.021714706942055673,0.011374381089274133,0.01692993664482969,0.02783954661563523,0.023052079007595577
842,0.02268671886435871,0.021714706942055673,0.021714706942055673,0.0280410477559408,0.02526326997816302,0.01423410443876448,0.022051133471739454
855,0.02268671886435871,0.021714706942055673,0.021714706942055673,0.019707714422607468,0.022485492200385242,0.031240907159852914,0.021641655752525583
872,0.02268671886435871,0.021714706942055673,0.021714706942055673,0.019707714422607468,0.0280410477559408,0.02783954661563523,0.02168715327688268
896,0.02268671886435871,0.021714706942055673,0.021714706942055673,0.019707714422607468,0.022485492200385242,0.017635464982982168,0.0214141681307401
912,0.02268671886435871,0.021714706942055673,0.021714706942055673,0.011374381089274133,0.01692993664482969,0.02783954661563523,0.022839757227262458
919,0.02268671886435871,0.021714706942055673,0.021714706942055673,0.036374381089274134,0.022485492200385242,0.021036825527199855,0.021762982484144506
922,0.02268671886435871,0.021714706942055673,0.021714706942055673,0.0280410477559408,0.01692993664482969,0.017635464982982168,0.02155066070381139
925,0.02268671886435871,0.021714706942055673,0.021714706942055673,0.011374381089274133,0.014152158867051911,0.024438186071417543,0.023749707714404388
953,0.02268671886435871,0.021714706942055673,0.021714706942055673,0.019707714422607468,0.01692993664482969,0.02783954661563523,0.022035967630287086
988,0.02268671886435871,0.021714706942055673,0.021714706942055673,0.011374381089274133,0.019707714422607468,0.017635464982982168,0.022369616142239125
015,0.02264881614799737,0.02108299500270002,0.02108299500270002,0.0280410477559408,0.022485492200385242,0.02783954661563523,0.021656821593977946
016,0.02264881614799737,0.02108299500270002,0.02108299500270002,0.019707714422607468,0.019707714422607468,0.01423410443876448,0.022172460203358377
039,0.02264881614799737,0.02108299500270002,0.02108299500270002,0.011374381089274133,0.011374381089274133,0.02783954661563523,0.02411368790926116
048,0.02264881614799737,0.02108299500270002,0.02108299500270002,0.019707714422607468,0.019707714422607468,0.017635464982982168,0.02159615822816849
058,0.02264881614799737,0.02108299500270002,0.02108299500270002,0.019707714422607468,0.0280410477559408,0.021036825527199855,0.022142128520453646
078,0.02264881614799737,0.02108299500270002,0.02108299500270002,0.011374381089274133,0.014152158867051911,0.017635464982982168,0.02408335622635643
083,0.02264881614799737,0.02108299500270002,0.02108299500270002,0.019707714422607468,0.030818825533718577,0.017635464982982168,0.022081465154644184
084,0.02264881614799737,0.02108299500270002,0.02108299500270002,0.019707714422607468,0.0280410477559408,0.017635464982982168,0.022005635947382356
101,0.02264881614799737,0.02108299500270002,0.02108299500270002,0.011374381089274133,0.01692993664482969,0.017635464982982168,0.02267293297128644
103,0.02264881614799737,0.02108299500270002,0.02108299500270002,0.0280410477559408,0.0280410477559408,0.017635464982982168,0.021702319118335044
130,0.02264881614799737,0.02108299500270002,0.02108299500270002,0.019707714422607468,0.022485492200385242,0.024438186071417543,0.021914640898668163
141,0.02264881614799737,0.02108299500270002,0.02108299500270002,0.019707714422607468,0.019707714422607468,0.021036825527199855,0.022035967630287086
145,0.02264881614799737,0.02108299500270002,0.02108299500270002,0.011374381089274133,0.014152158867051911,0.021036825527199855,0.023309898312285787
187,0.02264881614799737,0.02108299500270002,0.02108299500270002,0.011374381089274133,0.014152158867051911,0.024438186071417543,0.02243027950804859
192,0.02264881614799737,0.02108299500270002,0.02108299500270002,0.011374381089274133,0.022485492200385242,0.02783954661563523,0.022551606239667513
203,0.02264881614799737,0.02108299500270002,0.02108299500270002,0.011374381089274133,0.019707714422607468,0.031240907159852914,0.02232411861788203
209,0.02264881614799737,0.02108299500270002,0.02108299500270002,0.011374381089274133,0.019707714422607468,0.031240907159852914,0.022794259702905363
214,0.02264881614799737,0.02108299500270002,0.02108299500270002,0.019707714422607468,0.030818825533718577,0.01423410443876448,0.022035967630287086
237,0.02264881614799737,0.02108299500270002,0.02108299500270002,0.0280410477559408,0.02526326997816302,0.021036825527199855,0.021944972581572894
258,0.02264881614799737,0.02108299500270002,0.02108299500270002,0.011374381089274133,0.01692993664482969,0.01423410443876448,0.022688098812738804
276,0.02264881614799737,0.02108299500270002,0.02108299500270002,0.019707714422607468,0.019707714422607468,0.02783954661563523,0.021656821593977946
281,0.02264881614799737,0.02108299500270002,0.02108299500270002,0.019707714422607468,0.02526326997816302,0.024438186071417543,0.022278621093524936
285,0.02264881614799737,0.02108299500270002,0.02108299500270002,0.011374381089274133,0.014152158867051911,0.017635464982982168,0.022718430495643534
290,0.02264881614799737,0.02108299500270002,0.02108299500270002,0.019707714422607468,0.0280410477559408,0.017635464982982168,0.021914640898668163
320,0.02264881614799737,0.02108299500270002,0.02108299500270002,0.019707714422607468,0.019707714422607468,0.021036825527199855,0.021429333972192464
334,0.02264881614799737,0.02108299500270002,0.02108299500270002,0.0280410477559408,0.019707714422607468,0.017635464982982168,0.02144449981364483
337,0.02264881614799737,0.02108299500270002,0.02108299500270002,0.019707714422607468,0.019707714422607468,0.024438186071417543,0.02202080178883472
347,0.02264881614799737,0.02108299500270002,0.02108299500270002,0.011374381089274133,0.011374381089274133,0.021036825527199855,0.02411368790926116
361,0.02264881614799737,0.02108299500270002,0.02108299500270002,0.036374381089274134,0.0280410477559408,0.01423410443876448,0.021459665655097198
364,0.02264881614799737,0.02108299500270002,0.02108299500270002,0.019707714422607468,0.0280410477559408,0.02783954661563523,0.02212696267900128
366,0.02264881614799737,0.02108299500270002,0.02108299500270002,0.019707714422607468,0.0280410477559408,0.02783954661563523,0.02221795772771547
410,0.02264881614799737,0.02108299500270002,0.02108299500270002,0.019707714422607468,0.022485492200385242,0.017635464982982168,0.02211179683754891
433,0.02264881614799737,0.02108299500270002,0.02108299500270002,0.019707714422607468,0.014152158867051911,0.017635464982982168,0.021611324069620852
448,0.02264881614799737,0.02108299500270002,0.02108299500270002,0.019707714422607468,0.019707714422607468,0.017635464982982168,0.021838811691406335
464,0.02264881614799737,0.02108299500270002,0.02108299500270002,0.036374381089274134,0.02526326997816302,0.021036825527199855,0.021656821593977946
467,0.02264881614799737,0.02108299500270002,0.02108299500270002,0.019707714422607468,0.01692993664482969,0.02783954661563523,0.021793314167049237
476,0.02264881614799737,0.02108299500270002,0.02108299500270002,0.019707714422607468,0.019707714422607468,0.021036825527199855,0.021778148325596873
479,0.02264881614799737,0.02108299500270002,0.02108299500270002,0.019707714422607468,0.02526326997816302,0.024438186071417543,0.021747816642692142
483,0.02264881614799737,0.02108299500270002,0.02108299500270002,0.019707714422607468,0.02526326997816302,0.01423410443876448,0.021702319118335044
494,0.02264881614799737,0.02108299500270002,0.02108299500270002,0.036374381089274134,0.02526326997816302,0.017635464982982168,0.021520329020906656
498,0.02264881614799737,0.02108299500270002,0.02108299500270002,0.019707714422607468,0.02526326997816302,0.021036825527199855,0.02182364584995397
500,0.02264881614799737,0.02108299500270002,0.02108299500270002,0.019707714422607468,0.01692993664482969,0.01423410443876448,0.02215729436190601
529,0.02264881614799737,0.02108299500270002,0.02108299500270002,0.019707714422607468,0.014152158867051911,0.021036825527199855,0.021944972581572894
531,0.02264881614799737,0.02108299500270002,0.02108299500270002,0.019707714422607468,0.02526326997816302,0.021036825527199855,0.022248289410620202
571,0.02264881614799737,0.02108299500270002,0.02108299500270002,0.011374381089274133,0.0280410477559408,0.034642267704070605,0.022688098812738804
575,0.02264881614799737,0.02108299500270002,0.02108299500270002,0.019707714422607468,0.01692993664482969,0.017635464982982168,0.021944972581572894
580,0.02264881614799737,0.02108299500270002,0.02108299500270002,0.019707714422607468,0.022485492200385242,0.021036825527199855,0.021641655752525583
581,0.02264881614799737,0.02108299500270002,0.02108299500270002,0.019707714422607468,0.01692993664482969,0.021036825527199855,0.022172460203358377
591,0.02264881614799737,0.02108299500270002,0.02108299500270002,0.011374381089274133,0.019707714422607468,0.024438186071417543,0.023052079007595577
604,0.02264881614799737,0.02108299500270002,0.02108299500270002,0.019707714422607468,0.01692993664482969,0.017635464982982168,0.022248289410620202
607,0.02264881614799737,0.02108299500270002,0.02108299500270002,0.019707714422607468,0.014152158867051911,0.021036825527199855,0.021459665655097198
611,0.02264881614799737,0.02108299500270002,0.02108299500270002,0.019707714422607468,0.0280410477559408,0.017635464982982168,0.021459665655097198
622,0.02264881614799737,0.02108299500270002,0.02108299500270002,0.0530410477559408,0.0280410477559408,0.010832743894546793,0.021520329020906656
635,0.02264881614799737,0.02108299500270002,0.02108299500270002,0.044707714422607465,0.02526326997816302,0.017635464982982168,0.021565826545263754
655,0.02264881614799737,0.02108299500270002,0.02108299500270002,0.019707714422607468,0.01692993664482969,0.024438186071417543,0.021459665655097198
660,0.02264881614799737,0.02108299500270002,0.02108299500270002,0.019707714422607468,0.030818825533718577,0.021036825527199855,0.022187626044810744
678,0.02264881614799737,0.02108299500270002,0.02108299500270002,0.019707714422607468,0.02526326997816302,0.021036825527199855,0.02226345525207257
699,0.02264881614799737,0.02108299500270002,0.02108299500270002,0.044707714422607465,0.03359660331149635,0.024438186071417543,0.021429333972192464
701,0.02264881614799737,0.02108299500270002,0.02108299500270002,0.011374381089274133,0.014152158867051911,0.017635464982982168,0.022339284459334394
708,0.02264881614799737,0.02108299500270002,0.02108299500270002,0.019707714422607468,0.03359660331149635,0.017635464982982168,0.021505163179454292
723,0.02264881614799737,0.02108299500270002,0.02108299500270002,0.019707714422607468,0.01692993664482969,0.017635464982982168,0.021975304264477625
739,0.02264881614799737,0.02108299500270002,0.02108299500270002,0.036374381089274134,0.022485492200385242,0.01423410443876448,0.0218539775328587
831,0.02264881614799737,0.02108299500270002,0.02108299500270002,0.011374381089274133,0.0280410477559408,0.024438186071417543,0.0222937869349773
837,0.02264881614799737,0.02108299500270002,0.02108299500270002,0.011374381089274133,0.014152158867051911,0.021036825527199855,0.023992361177642238
843,0.02264881614799737,0.02108299500270002,0.02108299500270002,0.0280410477559408,0.022485492200385242,0.02783954661563523,0.02147483149654956
845,0.02264881614799737,0.02108299500270002,0.02108299500270002,0.019707714422607468,0.022485492200385242,0.021036825527199855,0.02226345525207257
849,0.02264881614799737,0.02108299500270002,0.02108299500270002,0.0280410477559408,0.019707714422607468,0.02783954661563523,0.02168715327688268
861,0.02264881614799737,0.02108299500270002,0.02108299500270002,0.011374381089274133,0.022485492200385242,0.021036825527199855,0.02246061119095332
863,0.02264881614799737,0.02108299500270002,0.02108299500270002,0.036374381089274134,0.02526326997816302,0.021036825527199855,0.02138383644783537
865,0.02264881614799737,0.02108299500270002,0.02108299500270002,0.011374381089274133,0.022485492200385242,0.02783954661563523,0.022748762178548265
885,0.02264881614799737,0.02108299500270002,0.02108299500270002,0.019707714422607468,0.019707714422607468,0.021036825527199855,0.022066299313191817
901,0.02264881614799737,0.02108299500270002,0.02108299500270002,0.011374381089274133,0.022485492200385242,0.024438186071417543,0.02235445030078676
907,0.02264881614799737,0.02108299500270002,0.02108299500270002,0.011374381089274133,0.02526326997816302,0.017635464982982168,0.022551606239667513
911,0.02264881614799737,0.02108299500270002,0.02108299500270002,0.036374381089274134,0.02526326997816302,0.017635464982982168,0.021565826545263754
934,0.02264881614799737,0.02108299500270002,0.02108299500270002,0.036374381089274134,0.036374381089274134,0.024438186071417543,0.02155066070381139
944,0.02264881614799737,0.02108299500270002,0.02108299500270002,0.019707714422607468,0.01692993664482969,0.017635464982982168,0.021641655752525583
971,0.02264881614799737,0.02108299500270002,0.02108299500270002,0.011374381089274133,0.01692993664482969,0.021036825527199855,0.0231734057392145
973,0.02264881614799737,0.02108299500270002,0.02108299500270002,0.011374381089274133,0.02526326997816302,0.02783954661563523,0.0222937869349773
976,0.02264881614799737,0.02108299500270002,0.02108299500270002,0.019707714422607468,0.02526326997816302,0.02783954661563523,0.02196013842302526
984,0.02264881614799737,0.02108299500270002,0.02108299500270002,0.0280410477559408,0.02526326997816302,0.017635464982982168,0.02138383644783537
985,0.02264881614799737,0.02108299500270002,0.02108299500270002,0.019707714422607468,0.02526326997816302,0.031240907159852914,0.02158099238671612
995,0.02264881614799737,0.02108299500270002,0.02108299500270002,0.011374381089274133,0.014152158867051911,0.02783954661563523,0.0236132151413331
007,0.022610913431636032,0.020451283063344365,0.020451283063344365,0.011374381089274133,0.019707714422607468,0.021036825527199855,0.023006581483238482
011,0.022610913431636032,0.020451283063344365,0.020451283063344365,0.036374381089274134,0.022485492200385242,0.017635464982982168,0.021565826545263754
061,0.022610913431636032,0.020451283063344365,0.020451283063344365,0.044707714422607465,0.030818825533718577,0.02783954661563523,0.021793314167049237
066,0.022610913431636032,0.020451283063344365,0.020451283063344365,0.019707714422607468,0.02526326997816302,0.017635464982982168,0.021459665655097198
070,0.022610913431636032,0.020451283063344365,0.020451283063344365,0.044707714422607465,0.02526326997816302,0.017635464982982168,0.021565826545263754
072,0.022610913431636032,0.020451283063344365,0.020451283063344365,0.0280410477559408,0.019707714422607468,0.02783954661563523,0.021565826545263754
094,0.022610913431636032,0.020451283063344365,0.020451283063344365,0.011374381089274133,0.01692993664482969,0.01423410443876448,0.022521274556762783
095,0.022610913431636032,0.020451283063344365,0.020451283063344365,0.0280410477559408,0.019707714422607468,0.01423410443876448,0.02138383644783537
137,0.022610913431636032,0.020451283063344365,0.020451283063344365,0.0280410477559408,0.0280410477559408,0.010832743894546793,0.02196013842302526
142,0.022610913431636032,0.020451283063344365,0.020451283063344365,0.019707714422607468,0.019707714422607468,0.031240907159852914,0.021778148325596873
148,0.022610913431636032,0.020451283063344365,0.020451283063344365,0.011374381089274133,0.030818825533718577,0.02783954661563523,0.02253644039821515
152,0.022610913431636032,0.020451283063344365,0.020451283063344365,0.0280410477559408,0.01692993664482969,0.017635464982982168,0.021399002289287733
207,0.022610913431636032,0.020451283063344365,0.020451283063344365,0.019707714422607468,0.019707714422607468,0.010832743894546793,0.02182364584995397
218,0.022610913431636032,0.020451283063344365,0.020451283063344365,0.019707714422607468,0.019707714422607468,0.021036825527199855,0.022278621093524936
226,0.022610913431636032,0.020451283063344365,0.020451283063344365,0.019707714422607468,0.01692993664482969,0.021036825527199855,0.021459665655097198
230,0.022610913431636032,0.020451283063344365,0.020451283063344365,0.019707714422607468,0.022485492200385242,0.021036825527199855,0.022051133471739454
234,0.022610913431636032,0.020451283063344365,0.020451283063344365,0.011374381089274133,0.01692993664482969,0.01423410443876448,0.023188571580666867
241,0.022610913431636032,0.020451283063344365,0.020451283063344365,0.0280410477559408,0.02526326997816302,0.021036825527199855,0.021399002289287733
245,0.022610913431636032,0.020451283063344365,0.020451283063344365,0.011374381089274133,0.02526326997816302,0.02783954661563523,0.022369616142239125
282,0.022610913431636032,0.020451283063344365,0.020451283063344365,0.011374381089274133,0.01692993664482969,0.017635464982982168,0.02239994782514386
284,0.022610913431636032,0.020451283063344365,0.020451283063344365,0.019707714422607468,0.022485492200385242,0.017635464982982168,0.02199047010592999
288,0.022610913431636032,0.020451283063344365,0.020451283063344365,0.011374381089274133,0.01692993664482969,0.01423410443876448,0.022415113666596223
295,0.022610913431636032,0.020451283063344365,0.020451283063344365,0.011374381089274133,0.019707714422607468,0.024438186071417543,0.02232411861788203
303,0.022610913431636032,0.020451283063344365,0.020451283063344365,0.011374381089274133,0.01692993664482969,0.01423410443876448,0.022779093861453
386,0.022610913431636032,0.020451283063344365,0.020451283063344365,0.011374381089274133,0.011374381089274133,0.024438186071417543,0.02411368790926116
401,0.022610913431636032,0.020451283063344365,0.020451283063344365,0.019707714422607468,0.02526326997816302,0.01423410443876448,0.02215729436190601
408,0.022610913431636032,0.020451283063344365,0.020451283063344365,0.019707714422607468,0.019707714422607468,0.021036825527199855,0.021611324069620852
420,0.022610913431636032,0.020451283063344365,0.020451283063344365,0.0280410477559408,0.01692993664482969,0.01423410443876448,0.021565826545263754
425,0.022610913431636032,0.020451283063344365,0.020451283063344365,0.019707714422607468,0.022485492200385242,0.01423410443876448,0.02215729436190601
455,0.022610913431636032,0.020451283063344365,0.020451283063344365,0.0280410477559408,0.02526326997816302,0.021036825527199855,0.02182364584995397
457,0.022610913431636032,0.020451283063344365,0.020451283063344365,0.019707714422607468,0.019707714422607468,0.024438186071417543,0.021838811691406335
480,0.022610913431636032,0.020451283063344365,0.020451283063344365,0.011374381089274133,0.014152158867051911,0.010832743894546793,0.022794259702905363
487,0.022610913431636032,0.020451283063344365,0.020451283063344365,0.011374381089274133,0.022485492200385242,0.021036825527199855,0.022870088910167192
496,0.022610913431636032,0.020451283063344365,0.020451283063344365,0.019707714422607468,0.014152158867051911,0.021036825527199855,0.021899475057215796
497,0.022610913431636032,0.020451283063344365,0.020451283063344365,0.0280410477559408,0.019707714422607468,0.01423410443876448,0.021671987435430314
504,0.022610913431636032,0.020451283063344365,0.020451283063344365,0.036374381089274134,0.022485492200385242,0.021036825527199855,0.021429333972192464
514,0.022610913431636032,0.020451283063344365,0.020451283063344365,0.019707714422607468,0.0280410477559408,0.01423410443876448,0.021611324069620852
534,0.022610913431636032,0.020451283063344365,0.020451283063344365,0.011374381089274133,0.01692993664482969,0.024438186071417543,0.023734541872952025
535,0.022610913431636032,0.020451283063344365,0.020451283063344365,0.011374381089274133,0.01692993664482969,0.02783954661563523,0.02299141564178611
538,0.022610913431636032,0.020451283063344365,0.020451283063344365,0.011374381089274133,0.01692993664482969,0.021036825527199855,0.023764873555856755
550,0.022610913431636032,0.020451283063344365,0.020451283063344365,0.0280410477559408,0.022485492200385242,0.021036825527199855,0.02168715327688268
590,0.022610913431636032,0.020451283063344365,0.020451283063344365,0.0280410477559408,0.01692993664482969,0.010832743894546793,0.021535494862359023
593,0.022610913431636032,0.020451283063344365,0.020451283063344365,0.0280410477559408,0.02526326997816302,0.031240907159852914,0.021702319118335044
637,0.022610913431636032,0.020451283063344365,0.020451283063344365,0.036374381089274134,0.02526326997816302,0.024438186071417543,0.021505163179454292
640,0.022610913431636032,0.020451283063344365,0.020451283063344365,0.019707714422607468,0.022485492200385242,0.02783954661563523,0.02215729436190601
656,0.022610913431636032,0.020451283063344365,0.020451283063344365,0.019707714422607468,0.02526326997816302,0.024438186071417543,0.0214141681307401
670,0.022610913431636032,0.020451283063344365,0.020451283063344365,0.019707714422607468,0.022485492200385242,0.01423410443876448,0.021399002289287733
677,0.022610913431636032,0.020451283063344365,0.020451283063344365,0.019707714422607468,0.019707714422607468,0.01423410443876448,0.0214141681307401
680,0.022610913431636032,0.020451283063344365,0.020451283063344365,0.019707714422607468,0.022485492200385242,0.021036825527199855,0.021429333972192464
722,0.022610913431636032,0.020451283063344365,0.020451283063344365,0.011374381089274133,0.019707714422607468,0.024438186071417543,0.02239994782514386
743,0.022610913431636032,0.020451283063344365,0.020451283063344365,0.019707714422607468,0.022485492200385242,0.021036825527199855,0.02155066070381139
750,0.022610913431636032,0.020451283063344365,0.020451283063344365,0.011374381089274133,0.014152158867051911,0.01423410443876448,0.02353738593407127
759,0.022610913431636032,0.020451283063344365,0.020451283063344365,0.019707714422607468,0.019707714422607468,0.024438186071417543,0.02155066070381139
771,0.022610913431636032,0.020451283063344365,0.020451283063344365,0.0280410477559408,0.019707714422607468,0.017635464982982168,0.022248289410620202
825,0.022610913431636032,0.020451283063344365,0.020451283063344365,0.011374381089274133,0.01692993664482969,0.017635464982982168,0.02239994782514386
838,0.022610913431636032,0.020451283063344365,0.020451283063344365,0.011374381089274133,0.022485492200385242,0.017635464982982168,0.022339284459334394
846,0.022610913431636032,0.020451283063344365,0.020451283063344365,0.019707714422607468,0.01692993664482969,0.017635464982982168,0.02221795772771547
884,0.022610913431636032,0.020451283063344365,0.020451283063344365,0.036374381089274134,0.0280410477559408,0.010832743894546793,0.021505163179454292
926,0.022610913431636032,0.020451283063344365,0.020451283063344365,0.019707714422607468,0.014152158867051911,0.021036825527199855,0.02199047010592999
940,0.022610913431636032,0.020451283063344365,0.020451283063344365,0.0280410477559408,0.01692993664482969,0.01423410443876448,0.021641655752525583
002,0.02257301071527469,0.019819571123988713,0.019819571123988713,0.011374381089274133,0.01692993664482969,0.021036825527199855,0.022870088910167192
027,0.02257301071527469,0.019819571123988713,0.019819571123988713,0.0280410477559408,0.01692993664482969,0.024438186071417543,0.021626489911073216
037,0.02257301071527469,0.019819571123988713,0.019819571123988713,0.019707714422607468,0.01692993664482969,0.01423410443876448,0.022081465154644184
056,0.02257301071527469,0.019819571123988713,0.019819571123988713,0.019707714422607468,0.014152158867051911,0.017635464982982168,0.022142128520453646
060,0.02257301071527469,0.019819571123988713,0.019819571123988713,0.019707714422607468,0.01692993664482969,0.021036825527199855,0.021762982484144506
062,0.02257301071527469,0.019819571123988713,0.019819571123988713,0.019707714422607468,0.019707714422607468,0.017635464982982168,0.021929806740120527
069,0.02257301071527469,0.019819571123988713,0.019819571123988713,0.011374381089274133,0.019707714422607468,0.01423410443876448,0.02299141564178611
077,0.02257301071527469,0.019819571123988713,0.019819571123988713,0.044707714422607465,0.022485492200385242,0.031240907159852914,0.021565826545263754
118,0.02257301071527469,0.019819571123988713,0.019819571123988713,0.019707714422607468,0.022485492200385242,0.02783954661563523,0.021778148325596873
122,0.02257301071527469,0.019819571123988713,0.019819571123988713,0.011374381089274133,0.01692993664482969,0.017635464982982168,0.02388620028747568
167,0.02257301071527469,0.019819571123988713,0.019819571123988713,0.019707714422607468,0.022485492200385242,0.024438186071417543,0.021762982484144506
171,0.02257301071527469,0.019819571123988713,0.019819571123988713,0.019707714422607468,0.022485492200385242,0.02783954661563523,0.022035967630287086
181,0.02257301071527469,0.019819571123988713,0.019819571123988713,0.0280410477559408,0.019707714422607468,0.017635464982982168,0.021656821593977946
182,0.02257301071527469,0.019819571123988713,0.019819571123988713,0.019707714422607468,0.014152158867051911,0.017635464982982168,0.021975304264477625
185,0.02257301071527469,0.019819571123988713,0.019819571123988713,0.019707714422607468,0.02526326997816302,0.024438186071417543,0.022187626044810744
193,0.02257301071527469,0.019819571123988713,0.019819571123988713,0.019707714422607468,0.022485492200385242,0.024438186071417543,0.02221795772771547
211,0.02257301071527469,0.019819571123988713,0.019819571123988713,0.019707714422607468,0.019707714422607468,0.02783954661563523,0.021778148325596873
220,0.02257301071527469,0.019819571123988713,0.019819571123988713,0.019707714422607468,0.01692993664482969,0.02783954661563523,0.02168715327688268
222,0.02257301071527469,0.019819571123988713,0.019819571123988713,0.019707714422607468,0.01692993664482969,0.017635464982982168,0.02226345525207257
247,0.02257301071527469,0.019819571123988713,0.019819571123988713,0.0280410477559408,0.022485492200385242,0.01423410443876448,0.021808480008501604
293,0.02257301071527469,0.019819571123988713,0.019819571123988713,0.019707714422607468,0.022485492200385242,0.024438186071417543,0.02148999733800193
324,0.02257301071527469,0.019819571123988713,0.019819571123988713,0.019707714422607468,0.019707714422607468,0.024438186071417543,0.02196013842302526
328,0.02257301071527469,0.019819571123988713,0.019819571123988713,0.019707714422607468,0.019707714422607468,0.02783954661563523,0.02223312356916784
345,0.02257301071527469,0.019819571123988713,0.019819571123988713,0.019707714422607468,0.022485492200385242,0.024438186071417543,0.02168715327688268
357,0.02257301071527469,0.019819571123988713,0.019819571123988713,0.019707714422607468,0.02526326997816302,0.024438186071417543,0.02196013842302526
378,0.02257301071527469,0.019819571123988713,0.019819571123988713,0.011374381089274133,0.019707714422607468,0.021036825527199855,0.022642601288381706
387,0.02257301071527469,0.019819571123988713,0.019819571123988713,0.011374381089274133,0.019707714422607468,0.031240907159852914,0.022384781983691492
418,0.02257301071527469,0.019819571123988713,0.019819571123988713,0.019707714422607468,0.02526326997816302,0.01423410443876448,0.021778148325596873
440,0.02257301071527469,0.019819571123988713,0.019819571123988713,0.0280410477559408,0.02526326997816302,0.01423410443876448,0.021535494862359023
469,0.02257301071527469,0.019819571123988713,0.019819571123988713,0.019707714422607468,0.01692993664482969,0.017635464982982168,0.022142128520453646
486,0.02257301071527469,0.019819571123988713,0.019819571123988713,0.019707714422607468,0.014152158867051911,0.024438186071417543,0.02168715327688268
499,0.02257301071527469,0.019819571123988713,0.019819571123988713,0.011374381089274133,0.019707714422607468,0.02783954661563523,0.022384781983691492
505,0.02257301071527469,0.019819571123988713,0.019819571123988713,0.0280410477559408,0.019707714422607468,0.017635464982982168,0.021869143374311065
524,0.02257301071527469,0.019819571123988713,0.019819571123988713,0.019707714422607468,0.019707714422607468,0.02783954661563523,0.022066299313191817
537,0.02257301071527469,0.019819571123988713,0.019819571123988713,0.019707714422607468,0.030818825533718577,0.021036825527199855,0.022172460203358377
541,0.02257301071527469,0.019819571123988713,0.019819571123988713,0.011374381089274133,0.011374381089274133,0.024438186071417543,0.02411368790926116
544,0.02257301071527469,0.019819571123988713,0.019819571123988713,0.0280410477559408,0.019707714422607468,0.010832743894546793,0.0214141681307401
548,0.02257301071527469,0.019819571123988713,0.019819571123988713,0.011374381089274133,0.01692993664482969,0.01423410443876448,0.02267293297128644
552,0.02257301071527469,0.019819571123988713,0.019819571123988713,0.011374381089274133,0.022485492200385242,0.017635464982982168,0.023628380982785465
600,0.02257301071527469,0.019819571123988713,0.019819571123988713,0.011374381089274133,0.014152158867051911,0.01423410443876448,0.02387103444602331
613,0.02257301071527469,0.019819571123988713,0.019819571123988713,0.0280410477559408,0.030818825533718577,0.031240907159852914,0.02199047010592999
648,0.02257301071527469,0.019819571123988713,0.019819571123988713,0.0280410477559408,0.022485492200385242,0.017635464982982168,0.02144449981364483
685,0.02257301071527469,0.019819571123988713,0.019819571123988713,0.019707714422607468,0.019707714422607468,0.017635464982982168,0.02212696267900128
706,0.02257301071527469,0.019819571123988713,0.019819571123988713,0.019707714422607468,0.019707714422607468,0.01423410443876448,0.021762982484144506
719,0.02257301071527469,0.019819571123988713,0.019819571123988713,0.0280410477559408,0.01692993664482969,0.01423410443876448,0.021944972581572894
767,0.02257301071527469,0.019819571123988713,0.019819571123988713,0.044707714422607465,0.030818825533718577,0.024438186071417543,0.021520329020906656
785,0.02257301071527469,0.019819571123988713,0.019819571123988713,0.019707714422607468,0.019707714422607468,0.021036825527199855,0.021399002289287733
826,0.02257301071527469,0.019819571123988713,0.019819571123988713,0.019707714422607468,0.019707714422607468,0.01423410443876448,0.022005635947382356
830,0.02257301071527469,0.019819571123988713,0.019819571123988713,0.019707714422607468,0.01692993664482969,0.024438186071417543,0.021838811691406335
834,0.02257301071527469,0.019819571123988713,0.019819571123988713,0.0280410477559408,0.022485492200385242,0.01423410443876448,0.021626489911073216
864,0.02257301071527469,0.019819571123988713,0.019819571123988713,0.019707714422607468,0.01692993664482969,0.017635464982982168,0.02148999733800193
881,0.02257301071527469,0.019819571123988713,0.019819571123988713,0.0280410477559408,0.019707714422607468,0.01423410443876448,0.021944972581572894
899,0.02257301071527469,0.019819571123988713,0.019819571123988713,0.011374381089274133,0.011374381089274133,0.017635464982982168,0.02411368790926116
935,0.02257301071527469,0.019819571123988713,0.019819571123988713,0.019707714422607468,0.014152158867051911,0.021036825527199855,0.02158099238671612
999,0.02257301071527469,0.019819571123988713,0.019819571123988713,0.0280410477559408,0.019707714422607468,0.017635464982982168,0.021399002289287733
051,0.022535107998913353,0.019187859184633057,0.019187859184633057,0.011374381089274133,0.030818825533718577,0.017635464982982168,0.02285492306871482
055,0.022535107998913353,0.019187859184633057,0.019187859184633057,0.011374381089274133,0.02526326997816302,0.01423410443876448,0.022415113666596223
068,0.022535107998913353,0.019187859184633057,0.019187859184633057,0.011374381089274133,0.014152158867051911,0.010832743894546793,0.022688098812738804
105,0.022535107998913353,0.019187859184633057,0.019187859184633057,0.019707714422607468,0.019707714422607468,0.021036825527199855,0.021929806740120527
144,0.022535107998913353,0.019187859184633057,0.019187859184633057,0.011374381089274133,0.01692993664482969,0.017635464982982168,0.023264400787928692
160,0.022535107998913353,0.019187859184633057,0.019187859184633057,0.044707714422607465,0.02526326997816302,0.017635464982982168,0.02159615822816849
231,0.022535107998913353,0.019187859184633057,0.019187859184633057,0.011374381089274133,0.022485492200385242,0.021036825527199855,0.022657767129834073
255,0.022535107998913353,0.019187859184633057,0.019187859184633057,0.019707714422607468,0.019707714422607468,0.010832743894546793,0.02226345525207257
256,0.022535107998913353,0.019187859184633057,0.019187859184633057,0.019707714422607468,0.022485492200385242,0.017635464982982168,0.021611324069620852
333,0.022535107998913353,0.019187859184633057,0.019187859184633057,0.011374381089274133,0.01692993664482969,0.017635464982982168,0.022885254751619555
338,0.022535107998913353,0.019187859184633057,0.019187859184633057,0.011374381089274133,0.01692993664482969,0.021036825527199855,0.022688098812738804
367,0.022535107998913353,0.019187859184633057,0.019187859184633057,0.019707714422607468,0.019707714422607468,0.01423410443876448,0.0214141681307401
397,0.022535107998913353,0.019187859184633057,0.019187859184633057,0.011374381089274133,0.019707714422607468,0.017635464982982168,0.023294732470833423
415,0.022535107998913353,0.019187859184633057,0.019187859184633057,0.011374381089274133,0.01692993664482969,0.031240907159852914,0.023158239897762136
445,0.022535107998913353,0.019187859184633057,0.019187859184633057,0.011374381089274133,0.019707714422607468,0.024438186071417543,0.02243027950804859
506,0.022535107998913353,0.019187859184633057,0.019187859184633057,0.011374381089274133,0.019707714422607468,0.024438186071417543,0.02285492306871482
511,0.022535107998913353,0.019187859184633057,0.019187859184633057,0.011374381089274133,0.014152158867051911,0.01423410443876448,0.023294732470833423
513,0.022535107998913353,0.019187859184633057,0.019187859184633057,0.019707714422607468,0.022485492200385242,0.021036825527199855,0.02138383644783537
527,0.022535107998913353,0.019187859184633057,0.019187859184633057,0.011374381089274133,0.019707714422607468,0.02783954661563523,0.02232411861788203
533,0.022535107998913353,0.019187859184633057,0.019187859184633057,0.036374381089274134,0.02526326997816302,0.01423410443876448,0.021535494862359023
551,0.022535107998913353,0.019187859184633057,0.019187859184633057,0.0280410477559408,0.0280410477559408,0.01423410443876448,0.02148999733800193
570,0.022535107998913353,0.019187859184633057,0.019187859184633057,0.019707714422607468,0.022485492200385242,0.017635464982982168,0.021520329020906656
693,0.022535107998913353,0.019187859184633057,0.019187859184633057,0.0280410477559408,0.02526326997816302,0.017635464982982168,0.0214141681307401
700,0.022535107998913353,0.019187859184633057,0.019187859184633057,0.019707714422607468,0.019707714422607468,0.010832743894546793,0.022202791886263108
713,0.022535107998913353,0.019187859184633057,0.019187859184633057,0.0280410477559408,0.022485492200385242,0.024438186071417543,0.02196013842302526
733,0.022535107998913353,0.019187859184633057,0.019187859184633057,0.044707714422607465,0.030818825533718577,0.024438186071417543,0.02147483149654956
789,0.022535107998913353,0.019187859184633057,0.019187859184633057,0.019707714422607468,0.01692993664482969,0.031240907159852914,0.02202080178883472
792,0.022535107998913353,0.019187859184633057,0.019187859184633057,0.0280410477559408,0.022485492200385242,0.024438186071417543,0.02147483149654956
805,0.022535107998913353,0.019187859184633057,0.019187859184633057,0.011374381089274133,0.01692993664482969,0.021036825527199855,0.023962029494737504
806,0.022535107998913353,0.019187859184633057,0.019187859184633057,0.011374381089274133,0.014152158867051911,0.031240907159852914,0.02327956662938106
839,0.022535107998913353,0.019187859184633057,0.019187859184633057,0.011374381089274133,0.022485492200385242,0.024438186071417543,0.022642601288381706
868,0.022535107998913353,0.019187859184633057,0.019187859184633057,0.019707714422607468,0.014152158867051911,0.017635464982982168,0.02188430921576343
886,0.022535107998913353,0.019187859184633057,0.019187859184633057,0.011374381089274133,0.01692993664482969,0.02783954661563523,0.02290042059307192
947,0.022535107998913353,0.019187859184633057,0.019187859184633057,0.019707714422607468,0.022485492200385242,0.017635464982982168,0.022248289410620202
958,0.022535107998913353,0.019187859184633057,0.019187859184633057,0.011374381089274133,0.014152158867051911,0.01423410443876448,0.02347672256826181
961,0.022535107998913353,0.019187859184633057,0.019187859184633057,0.0280410477559408,0.022485492200385242,0.024438186071417543,0.02171748495978741
004,0.022497205282552012,0.018556147245277405,0.018556147245277405,0.011374381089274133,0.014152158867051911,0.02783954661563523,0.022490942873858052
033,0.022497205282552012,0.018556147245277405,0.018556147245277405,0.019707714422607468,0.019707714422607468,0.01423410443876448,0.022142128520453646
041,0.022497205282552012,0.018556147245277405,0.018556147245277405,0.011374381089274133,0.01692993664482969,0.024438186071417543,0.023370561678095255
146,0.022497205282552012,0.018556147245277405,0.018556147245277405,0.011374381089274133,0.01692993664482969,0.017635464982982168,0.022384781983691492
176,0.022497205282552012,0.018556147245277405,0.018556147245277405,0.011374381089274133,0.01692993664482969,0.010832743894546793,0.022703264654191167
184,0.022497205282552012,0.018556147245277405,0.018556147245277405,0.019707714422607468,0.01692993664482969,0.024438186071417543,0.021944972581572894
235,0.022497205282552012,0.018556147245277405,0.018556147245277405,0.019707714422607468,0.0280410477559408,0.017635464982982168,0.02159615822816849
238,0.022497205282552012,0.018556147245277405,0.018556147245277405,0.019707714422607468,0.022485492200385242,0.01423410443876448,0.02148999733800193
242,0.022497205282552012,0.018556147245277405,0.018556147245277405,0.019707714422607468,0.019707714422607468,0.010832743894546793,0.021505163179454292
269,0.022497205282552012,0.018556147245277405,0.018556147245277405,0.019707714422607468,0.022485492200385242,0.017635464982982168,0.02158099238671612
287,0.022497205282552012,0.018556147245277405,0.018556147245277405,0.0280410477559408,0.02526326997816302,0.021036825527199855,0.021626489911073216
298,0.022497205282552012,0.018556147245277405,0.018556147245277405,0.019707714422607468,0.019707714422607468,0.017635464982982168,0.02182364584995397
304,0.022497205282552012,0.018556147245277405,0.018556147245277405,0.011374381089274133,0.01692993664482969,0.017635464982982168,0.02290042059307192
323,0.022497205282552012,0.018556147245277405,0.018556147245277405,0.011374381089274133,0.019707714422607468,0.01423410443876448,0.02267293297128644
351,0.022497205282552012,0.018556147245277405,0.018556147245277405,0.019707714422607468,0.022485492200385242,0.02783954661563523,0.021565826545263754
359,0.022497205282552012,0.018556147245277405,0.018556147245277405,0.011374381089274133,0.022485492200385242,0.024438186071417543,0.02232411861788203
372,0.022497205282552012,0.018556147245277405,0.018556147245277405,0.011374381089274133,0.01692993664482969,0.024438186071417543,0.02246061119095332
377,0.022497205282552012,0.018556147245277405,0.018556147245277405,0.019707714422607468,0.01692993664482969,0.01423410443876448,0.021429333972192464
459,0.022497205282552012,0.018556147245277405,0.018556147245277405,0.011374381089274133,0.011374381089274133,0.021036825527199855,0.02411368790926116
470,0.022497205282552012,0.018556147245277405,0.018556147245277405,0.019707714422607468,0.02526326997816302,0.017635464982982168,0.021641655752525583
477,0.022497205282552012,0.018556147245277405,0.018556147245277405,0.0280410477559408,0.022485492200385242,0.01423410443876448,0.02202080178883472
501,0.022497205282552012,0.018556147245277405,0.018556147245277405,0.011374381089274133,0.01692993664482969,0.017635464982982168,0.022718430495643534
502,0.022497205282552012,0.018556147245277405,0.018556147245277405,0.036374381089274134,0.022485492200385242,0.021036825527199855,0.021793314167049237
512,0.022497205282552012,0.018556147245277405,0.018556147245277405,0.019707714422607468,0.01692993664482969,0.021036825527199855,0.02171748495978741
584,0.022497205282552012,0.018556147245277405,0.018556147245277405,0.019707714422607468,0.01692993664482969,0.01423410443876448,0.021869143374311065
588,0.022497205282552012,0.018556147245277405,0.018556147245277405,0.0280410477559408,0.019707714422607468,0.017635464982982168,0.022005635947382356
626,0.022497205282552012,0.018556147245277405,0.018556147245277405,0.019707714422607468,0.01692993664482969,0.01423410443876448,0.02215729436190601
657,0.022497205282552012,0.018556147245277405,0.018556147245277405,0.019707714422607468,0.019707714422607468,0.01423410443876448,0.021808480008501604
714,0.022497205282552012,0.018556147245277405,0.018556147245277405,0.011374381089274133,0.02526326997816302,0.017635464982982168,0.02285492306871482
734,0.022497205282552012,0.018556147245277405,0.018556147245277405,0.036374381089274134,0.02526326997816302,0.024438186071417543,0.02188430921576343
754,0.022497205282552012,0.018556147245277405,0.018556147245277405,0.019707714422607468,0.022485492200385242,0.024438186071417543,0.021975304264477625
773,0.022497205282552012,0.018556147245277405,0.018556147245277405,0.0280410477559408,0.0280410477559408,0.017635464982982168,0.021520329020906656
780,0.022497205282552012,0.018556147245277405,0.018556147245277405,0.011374381089274133,0.01692993664482969,0.02783954661563523,0.02232411861788203
821,0.022497205282552012,0.018556147245277405,0.018556147245277405,0.019707714422607468,0.019707714422607468,0.010832743894546793,0.021869143374311065
914,0.022497205282552012,0.018556147245277405,0.018556147245277405,0.019707714422607468,0.014152158867051911,0.024438186071417543,0.021505163179454292
924,0.022497205282552012,0.018556147245277405,0.018556147245277405,0.0280410477559408,0.02526326997816302,0.01423410443876448,0.02148999733800193
952,0.022497205282552012,0.018556147245277405,0.018556147245277405,0.019707714422607468,0.022485492200385242,0.024438186071417543,0.0218539775328587
967,0.022497205282552012,0.018556147245277405,0.018556147245277405,0.0280410477559408,0.022485492200385242,0.010832743894546793,0.02148999733800193
977,0.022497205282552012,0.018556147245277405,0.018556147245277405,0.019707714422607468,0.019707714422607468,0.01423410443876448,0.022066299313191817
987,0.022497205282552012,0.018556147245277405,0.018556147245277405,0.019707714422607468,0.019707714422607468,0.017635464982982168,0.022202791886263108
008,0.022459302566190675,0.01792443530592175,0.01792443530592175,0.0280410477559408,0.019707714422607468,0.017635464982982168,0.02196013842302526
019,0.022459302566190675,0.01792443530592175,0.01792443530592175,0.019707714422607468,0.01692993664482969,0.034642267704070605,0.02211179683754891
082,0.022459302566190675,0.01792443530592175,0.01792443530592175,0.036374381089274134,0.02526326997816302,0.021036825527199855,0.021505163179454292
091,0.022459302566190675,0.01792443530592175,0.01792443530592175,0.019707714422607468,0.022485492200385242,0.021036825527199855,0.021459665655097198
134,0.022459302566190675,0.01792443530592175,0.01792443530592175,0.019707714422607468,0.01692993664482969,0.017635464982982168,0.02171748495978741
149,0.022459302566190675,0.01792443530592175,0.01792443530592175,0.011374381089274133,0.014152158867051911,0.024438186071417543,0.02235445030078676
204,0.022459302566190675,0.01792443530592175,0.01792443530592175,0.019707714422607468,0.02526326997816302,0.01423410443876448,0.021762982484144506
227,0.022459302566190675,0.01792443530592175,0.01792443530592175,0.011374381089274133,0.01692993664482969,0.017635464982982168,0.02235445030078676
271,0.022459302566190675,0.01792443530592175,0.01792443530592175,0.019707714422607468,0.022485492200385242,0.01423410443876448,0.022051133471739454
275,0.022459302566190675,0.01792443530592175,0.01792443530592175,0.019707714422607468,0.022485492200385242,0.017635464982982168,0.021808480008501604
343,0.022459302566190675,0.01792443530592175,0.01792443530592175,0.019707714422607468,0.01692993664482969,0.024438186071417543,0.02196013842302526
354,0.022459302566190675,0.01792443530592175,0.01792443530592175,0.0280410477559408,0.022485492200385242,0.021036825527199855,0.021520329020906656
373,0.022459302566190675,0.01792443530592175,0.01792443530592175,0.011374381089274133,0.022485492200385242,0.017635464982982168,0.022703264654191167
374,0.022459302566190675,0.01792443530592175,0.01792443530592175,0.011374381089274133,0.022485492200385242,0.017635464982982168,0.022733596337095898
406,0.022459302566190675,0.01792443530592175,0.01792443530592175,0.0280410477559408,0.022485492200385242,0.02783954661563523,0.021762982484144506
411,0.022459302566190675,0.01792443530592175,0.01792443530592175,0.0280410477559408,0.02526326997816302,0.017635464982982168,0.022066299313191817
436,0.022459302566190675,0.01792443530592175,0.01792443530592175,0.019707714422607468,0.019707714422607468,0.024438186071417543,0.02202080178883472
453,0.022459302566190675,0.01792443530592175,0.01792443530592175,0.0280410477559408,0.019707714422607468,0.01423410443876448,0.02196013842302526
474,0.022459302566190675,0.01792443530592175,0.01792443530592175,0.019707714422607468,0.01692993664482969,0.021036825527199855,0.021899475057215796
624,0.022459302566190675,0.01792443530592175,0.01792443530592175,0.011374381089274133,0.014152158867051911,0.02783954661563523,0.02303691316614321
628,0.022459302566190675,0.01792443530592175,0.01792443530592175,0.019707714422607468,0.019707714422607468,0.017635464982982168,0.022081465154644184
664,0.022459302566190675,0.01792443530592175,0.01792443530592175,0.019707714422607468,0.01692993664482969,0.017635464982982168,0.021869143374311065
667,0.022459302566190675,0.01792443530592175,0.01792443530592175,0.011374381089274133,0.011374381089274133,0.017635464982982168,0.02411368790926116
717,0.022459302566190675,0.01792443530592175,0.01792443530592175,0.011374381089274133,0.02526326997816302,0.01423410443876448,0.022703264654191167
784,0.022459302566190675,0.01792443530592175,0.01792443530592175,0.011374381089274133,0.0280410477559408,0.01423410443876448,0.02253644039821515
797,0.022459302566190675,0.01792443530592175,0.01792443530592175,0.011374381089274133,0.01692993664482969,0.031240907159852914,0.022779093861453
856,0.022459302566190675,0.01792443530592175,0.01792443530592175,0.0280410477559408,0.01692993664482969,0.021036825527199855,0.022081465154644184
006,0.022421399849829333,0.017292723366566096,0.017292723366566096,0.019707714422607468,0.019707714422607468,0.021036825527199855,0.021611324069620852
029,0.022421399849829333,0.017292723366566096,0.017292723366566096,0.011374381089274133,0.01692993664482969,0.024438186071417543,0.022809425544357727
088,0.022421399849829333,0.017292723366566096,0.017292723366566096,0.019707714422607468,0.01692993664482969,0.010832743894546793,0.021641655752525583
443,0.022421399849829333,0.017292723366566096,0.017292723366566096,0.019707714422607468,0.014152158867051911,0.021036825527199855,0.022172460203358377
451,0.022421399849829333,0.017292723366566096,0.017292723366566096,0.011374381089274133,0.014152158867051911,0.010832743894546793,0.023795205238761486
456,0.022421399849829333,0.017292723366566096,0.017292723366566096,0.019707714422607468,0.014152158867051911,0.017635464982982168,0.021778148325596873
576,0.022421399849829333,0.017292723366566096,0.017292723366566096,0.011374381089274133,0.011374381089274133,0.017635464982982168,0.02411368790926116
629,0.022421399849829333,0.017292723366566096,0.017292723366566096,0.019707714422607468,0.014152158867051911,0.017635464982982168,0.021641655752525583
684,0.022421399849829333,0.017292723366566096,0.017292723366566096,0.011374381089274133,0.019707714422607468,0.024438186071417543,0.022627435446929342
783,0.022421399849829333,0.017292723366566096,0.017292723366566096,0.011374381089274133,0.014152158867051911,0.024438186071417543,0.022339284459334394
802,0.022421399849829333,0.017292723366566096,0.017292723366566096,0.019707714422607468,0.014152158867051911,0.021036825527199855,0.02226345525207257
040,0.022383497133467996,0.016661011427210444,0.016661011427210444,0.019707714422607468,0.01692993664482969,0.017635464982982168,0.021505163179454292
085,0.022383497133467996,0.016661011427210444,0.016661011427210444,0.011374381089274133,0.01692993664482969,0.017635464982982168,0.02256677208111988
253,0.022383497133467996,0.016661011427210444,0.016661011427210444,0.011374381089274133,0.01692993664482969,0.010832743894546793,0.022369616142239125
259,0.022383497133467996,0.016661011427210444,0.016661011427210444,0.011374381089274133,0.01692993664482969,0.017635464982982168,0.022794259702905363
315,0.022383497133467996,0.016661011427210444,0.016661011427210444,0.011374381089274133,0.011374381089274133,0.017635464982982168,0.02411368790926116
434,0.022383497133467996,0.016661011427210444,0.016661011427210444,0.036374381089274134,0.022485492200385242,0.01423410443876448,0.021626489911073216
555,0.022383497133467996,0.016661011427210444,0.016661011427210444,0.011374381089274133,0.01692993664482969,0.01423410443876448,0.022415113666596223
596,0.022383497133467996,0.016661011427210444,0.016661011427210444,0.019707714422607468,0.01692993664482969,0.01423410443876448,0.02168715327688268
658,0.022383497133467996,0.016661011427210444,0.016661011427210444,0.011374381089274133,0.01692993664482969,0.01423410443876448,0.023431225043904713
730,0.022383497133467996,0.016661011427210444,0.016661011427210444,0.019707714422607468,0.022485492200385242,0.024438186071417543,0.021535494862359023
807,0.022383497133467996,0.016661011427210444,0.016661011427210444,0.019707714422607468,0.019707714422607468,0.01423410443876448,0.021565826545263754
808,0.022383497133467996,0.016661011427210444,0.016661011427210444,0.011374381089274133,0.019707714422607468,0.017635464982982168,0.02347672256826181
828,0.022383497133467996,0.016661011427210444,0.016661011427210444,0.011374381089274133,0.022485492200385242,0.021036825527199855,0.022870088910167192
870,0.022383497133467996,0.016661011427210444,0.016661011427210444,0.011374381089274133,0.019707714422607468,0.021036825527199855,0.023021747324690846
874,0.022383497133467996,0.016661011427210444,0.016661011427210444,0.019707714422607468,0.01692993664482969,0.021036825527199855,0.021914640898668163
893,0.022383497133467996,0.016661011427210444,0.016661011427210444,0.036374381089274134,0.019707714422607468,0.010832743894546793,0.02138383644783537
968,0.022383497133467996,0.016661011427210444,0.016661011427210444,0.019707714422607468,0.022485492200385242,0.017635464982982168,0.02199047010592999
042,0.022345594417106658,0.016029299487854788,0.016029299487854788,0.0280410477559408,0.022485492200385242,0.017635464982982168,0.02158099238671612
090,0.022345594417106658,0.016029299487854788,0.016029299487854788,0.0280410477559408,0.022485492200385242,0.017635464982982168,0.021899475057215796
400,0.022345594417106658,0.016029299487854788,0.016029299487854788,0.0280410477559408,0.01692993664482969,0.01423410443876448,0.02159615822816849
795,0.022345594417106658,0.016029299487854788,0.016029299487854788,0.036374381089274134,0.022485492200385242,0.021036825527199855,0.02147483149654956
812,0.022345594417106658,0.016029299487854788,0.016029299487854788,0.0280410477559408,0.019707714422607468,0.01423410443876448,0.021671987435430314
929,0.022345594417106658,0.016029299487854788,0.016029299487854788,0.019707714422607468,0.01692993664482969,0.01423410443876448,0.021869143374311065
979,0.022345594417106658,0.016029299487854788,0.016029299487854788,0.019707714422607468,0.02526326997816302,0.01423410443876448,0.022202791886263108
017,0.022307691700745317,0.015397587548499136,0.015397587548499136,0.019707714422607468,0.019707714422607468,0.01423410443876448,0.021429333972192464
026,0.022307691700745317,0.015397587548499136,0.015397587548499136,0.011374381089274133,0.011374381089274133,0.01423410443876448,0.02411368790926116
135,0.022307691700745317,0.015397587548499136,0.015397587548499136,0.011374381089274133,0.014152158867051911,0.021036825527199855,0.022369616142239125
178,0.022307691700745317,0.015397587548499136,0.015397587548499136,0.019707714422607468,0.014152158867051911,0.01423410443876448,0.022035967630287086
747,0.02226978898438398,0.014765875609143482,0.014765875609143482,0.011374381089274133,0.014152158867051911,0.017635464982982168,0.0231734057392145
