number,probability,raw_model_probability,long_rate,short_rate,recent_long_rate,weekday_rate,gap_signal
662,0.023908780533610313,0.03434894572916875,0.03434894572916875,0.0280410477559408,0.02526326997816302,0.034642267704070605,0.021944972581572894
053,0.023782438145739184,0.03308552185045744,0.03308552185045744,0.036374381089274134,0.02526326997816302,0.024438186071417543,0.02144449981364483
572,0.023782438145739184,0.03308552185045744,0.03308552185045744,0.0280410477559408,0.030818825533718577,0.021036825527199855,0.0214141681307401
432,0.02365609575786805,0.031822097971746136,0.031822097971746136,0.0280410477559408,0.03359660331149635,0.021036825527199855,0.021641655752525583
526,0.02365609575786805,0.031822097971746136,0.031822097971746136,0.036374381089274134,0.030818825533718577,0.034642267704070605,0.021869143374311065
592,0.02365609575786805,0.031822097971746136,0.031822097971746136,0.036374381089274134,0.030818825533718577,0.03804362824828829,0.021747816642692142
697,0.02365609575786805,0.031822097971746136,0.031822097971746136,0.036374381089274134,0.03359660331149635,0.024438186071417543,0.0214141681307401
114,0.023592924563932485,0.03119038603239048,0.03119038603239048,0.0280410477559408,0.04192993664482969,0.017635464982982168,0.0214141681307401
186,0.023592924563932485,0.03119038603239048,0.03119038603239048,0.019707714422607468,0.030818825533718577,0.034642267704070605,0.021520329020906656
294,0.023592924563932485,0.03119038603239048,0.03119038603239048,0.0280410477559408,0.03359660331149635,0.034642267704070605,0.02147483149654956
369,0.023592924563932485,0.03119038603239048,0.03119038603239048,0.019707714422607468,0.02526326997816302,0.02783954661563523,0.022142128520453646
875,0.023592924563932485,0.03119038603239048,0.03119038603239048,0.0530410477559408,0.036374381089274134,0.024438186071417543,0.02138383644783537
080,0.023529753369996922,0.030558674093034827,0.030558674093034827,0.0530410477559408,0.04192993664482969,0.03804362824828829,0.021944972581572894
370,0.023529753369996922,0.030558674093034827,0.030558674093034827,0.0280410477559408,0.0280410477559408,0.04144498879250598,0.02147483149654956
599,0.023529753369996922,0.030558674093034827,0.030558674093034827,0.036374381089274134,0.0280410477559408,0.02783954661563523,0.02171748495978741
645,0.023529753369996922,0.030558674093034827,0.030558674093034827,0.0280410477559408,0.030818825533718577,0.021036825527199855,0.02202080178883472
867,0.023529753369996922,0.030558674093034827,0.030558674093034827,0.019707714422607468,0.02526326997816302,0.03804362824828829,0.02188430921576343
119,0.023466582176061356,0.02992696215367917,0.02992696215367917,0.019707714422607468,0.02526326997816302,0.02783954661563523,0.021778148325596873
179,0.023466582176061356,0.02992696215367917,0.02992696215367917,0.019707714422607468,0.0280410477559408,0.021036825527199855,0.021869143374311065
213,0.023466582176061356,0.02992696215367917,0.02992696215367917,0.019707714422607468,0.022485492200385242,0.02783954661563523,0.022096630996096548
243,0.023466582176061356,0.02992696215367917,0.02992696215367917,0.0280410477559408,0.0280410477559408,0.034642267704070605,0.02144449981364483
473,0.023466582176061356,0.02992696215367917,0.02992696215367917,0.0280410477559408,0.036374381089274134,0.02783954661563523,0.02138383644783537
612,0.023466582176061356,0.02992696215367917,0.02992696215367917,0.036374381089274134,0.03359660331149635,0.024438186071417543,0.021399002289287733
653,0.023466582176061356,0.02992696215367917,0.02992696215367917,0.011374381089274133,0.0280410477559408,0.031240907159852914,0.022657767129834073
691,0.023466582176061356,0.02992696215367917,0.02992696215367917,0.036374381089274134,0.036374381089274134,0.021036825527199855,0.02138383644783537
878,0.023466582176061356,0.02992696215367917,0.02992696215367917,0.019707714422607468,0.019707714422607468,0.034642267704070605,0.02196013842302526
964,0.023466582176061356,0.02992696215367917,0.02992696215367917,0.036374381089274134,0.030818825533718577,0.024438186071417543,0.021914640898668163
983,0.023466582176061356,0.02992696215367917,0.02992696215367917,0.019707714422607468,0.030818825533718577,0.034642267704070605,0.022172460203358377
052,0.02340341098212579,0.02929525021432352,0.02929525021432352,0.0280410477559408,0.0280410477559408,0.021036825527199855,0.021535494862359023
079,0.02340341098212579,0.02929525021432352,0.02929525021432352,0.011374381089274133,0.01692993664482969,0.031240907159852914,0.02243027950804859
151,0.02340341098212579,0.02929525021432352,0.02929525021432352,0.036374381089274134,0.02526326997816302,0.031240907159852914,0.0214141681307401
492,0.02340341098212579,0.02929525021432352,0.02929525021432352,0.044707714422607465,0.03359660331149635,0.021036825527199855,0.021399002289287733
676,0.02340341098212579,0.02929525021432352,0.02929525021432352,0.036374381089274134,0.03359660331149635,0.034642267704070605,0.02199047010592999
811,0.02340341098212579,0.02929525021432352,0.02929525021432352,0.0280410477559408,0.0280410477559408,0.031240907159852914,0.021975304264477625
848,0.02340341098212579,0.02929525021432352,0.02929525021432352,0.036374381089274134,0.0280410477559408,0.031240907159852914,0.021656821593977946
000,0.023340239788190227,0.028663538274967867,0.028663538274967867,0.019707714422607468,0.03359660331149635,0.04144498879250598,0.021535494862359023
013,0.023340239788190227,0.028663538274967867,0.028663538274967867,0.0280410477559408,0.030818825533718577,0.017635464982982168,0.02171748495978741
057,0.023340239788190227,0.028663538274967867,0.028663538274967867,0.0280410477559408,0.030818825533718577,0.01423410443876448,0.021671987435430314
073,0.023340239788190227,0.028663538274967867,0.028663538274967867,0.0280410477559408,0.02526326997816302,0.024438186071417543,0.022066299313191817
267,0.023340239788190227,0.028663538274967867,0.028663538274967867,0.011374381089274133,0.022485492200385242,0.02783954661563523,0.0231734057392145
326,0.023340239788190227,0.028663538274967867,0.028663538274967867,0.044707714422607465,0.0280410477559408,0.017635464982982168,0.021702319118335044
484,0.023340239788190227,0.028663538274967867,0.028663538274967867,0.011374381089274133,0.019707714422607468,0.03804362824828829,0.022445445349500954
522,0.023340239788190227,0.028663538274967867,0.028663538274967867,0.036374381089274134,0.0280410477559408,0.02783954661563523,0.021747816642692142
619,0.023340239788190227,0.028663538274967867,0.028663538274967867,0.019707714422607468,0.030818825533718577,0.021036825527199855,0.02158099238671612
661,0.023340239788190227,0.028663538274967867,0.028663538274967867,0.0280410477559408,0.02526326997816302,0.02783954661563523,0.02199047010592999
774,0.023340239788190227,0.028663538274967867,0.028663538274967867,0.019707714422607468,0.03359660331149635,0.024438186071417543,0.021656821593977946
906,0.023340239788190227,0.028663538274967867,0.028663538274967867,0.036374381089274134,0.036374381089274134,0.024438186071417543,0.02147483149654956
957,0.023340239788190227,0.028663538274967867,0.028663538274967867,0.044707714422607465,0.036374381089274134,0.021036825527199855,0.021702319118335044
981,0.023340239788190227,0.028663538274967867,0.028663538274967867,0.044707714422607465,0.030818825533718577,0.031240907159852914,0.021808480008501604
059,0.02327706859425466,0.02803182633561221,0.02803182633561221,0.036374381089274134,0.030818825533718577,0.02783954661563523,0.02138383644783537
092,0.02327706859425466,0.02803182633561221,0.02803182633561221,0.019707714422607468,0.030818825533718577,0.02783954661563523,0.02138383644783537
194,0.02327706859425466,0.02803182633561221,0.02803182633561221,0.019707714422607468,0.022485492200385242,0.03804362824828829,0.022248289410620202
244,0.02327706859425466,0.02803182633561221,0.02803182633561221,0.0280410477559408,0.02526326997816302,0.04144498879250598,0.02138383644783537
409,0.02327706859425466,0.02803182633561221,0.02803182633561221,0.036374381089274134,0.03359660331149635,0.031240907159852914,0.021702319118335044
422,0.02327706859425466,0.02803182633561221,0.02803182633561221,0.019707714422607468,0.014152158867051911,0.024438186071417543,0.021929806740120527
532,0.02327706859425466,0.02803182633561221,0.02803182633561221,0.019707714422607468,0.030818825533718577,0.017635464982982168,0.02212696267900128
547,0.02327706859425466,0.02803182633561221,0.02803182633561221,0.036374381089274134,0.03359660331149635,0.03804362824828829,0.021747816642692142
620,0.02327706859425466,0.02803182633561221,0.02803182633561221,0.0280410477559408,0.019707714422607468,0.031240907159852914,0.02155066070381139
724,0.02327706859425466,0.02803182633561221,0.02803182633561221,0.019707714422607468,0.030818825533718577,0.024438186071417543,0.022202791886263108
749,0.02327706859425466,0.02803182633561221,0.02803182633561221,0.0280410477559408,0.022485492200385242,0.031240907159852914,0.022005635947382356
836,0.02327706859425466,0.02803182633561221,0.02803182633561221,0.019707714422607468,0.030818825533718577,0.02783954661563523,0.02226345525207257
854,0.02327706859425466,0.02803182633561221,0.02803182633561221,0.011374381089274133,0.022485492200385242,0.044846349336723663,0.02243027950804859
975,0.02327706859425466,0.02803182633561221,0.02803182633561221,0.0280410477559408,0.02526326997816302,0.024438186071417543,0.021399002289287733
978,0.02327706859425466,0.02803182633561221,0.02803182633561221,0.011374381089274133,0.022485492200385242,0.02783954661563523,0.022521274556762783
081,0.023213897400319095,0.02740011439625656,0.02740011439625656,0.0280410477559408,0.030818825533718577,0.021036825527199855,0.022051133471739454
102,0.023213897400319095,0.02740011439625656,0.02740011439625656,0.019707714422607468,0.02526326997816302,0.044846349336723663,0.02147483149654956
115,0.023213897400319095,0.02740011439625656,0.02740011439625656,0.0280410477559408,0.030818825533718577,0.02783954661563523,0.021535494862359023
124,0.023213897400319095,0.02740011439625656,0.02740011439625656,0.019707714422607468,0.01692993664482969,0.034642267704070605,0.021671987435430314
132,0.023213897400319095,0.02740011439625656,0.02740011439625656,0.0530410477559408,0.03359660331149635,0.034642267704070605,0.021565826545263754
206,0.023213897400319095,0.02740011439625656,0.02740011439625656,0.0280410477559408,0.02526326997816302,0.024438186071417543,0.02147483149654956
344,0.023213897400319095,0.02740011439625656,0.02740011439625656,0.044707714422607465,0.02526326997816302,0.024438186071417543,0.021535494862359023
356,0.023213897400319095,0.02740011439625656,0.02740011439625656,0.019707714422607468,0.022485492200385242,0.01423410443876448,0.022005635947382356
358,0.023213897400319095,0.02740011439625656,0.02740011439625656,0.019707714422607468,0.019707714422607468,0.017635464982982168,0.022081465154644184
362,0.023213897400319095,0.02740011439625656,0.02740011439625656,0.011374381089274133,0.01692993664482969,0.034642267704070605,0.022748762178548265
363,0.023213897400319095,0.02740011439625656,0.02740011439625656,0.019707714422607468,0.022485492200385242,0.02783954661563523,0.022202791886263108
395,0.023213897400319095,0.02740011439625656,0.02740011439625656,0.0280410477559408,0.0280410477559408,0.031240907159852914,0.02148999733800193
419,0.023213897400319095,0.02740011439625656,0.02740011439625656,0.019707714422607468,0.01692993664482969,0.024438186071417543,0.02158099238671612
475,0.023213897400319095,0.02740011439625656,0.02740011439625656,0.011374381089274133,0.01692993664482969,0.01423410443876448,0.022733596337095898
491,0.023213897400319095,0.02740011439625656,0.02740011439625656,0.011374381089274133,0.02526326997816302,0.031240907159852914,0.022961083958881384
525,0.023213897400319095,0.02740011439625656,0.02740011439625656,0.019707714422607468,0.022485492200385242,0.024438186071417543,0.02223312356916784
606,0.023213897400319095,0.02740011439625656,0.02740011439625656,0.0280410477559408,0.03915215886705191,0.021036825527199855,0.02159615822816849
633,0.023213897400319095,0.02740011439625656,0.02740011439625656,0.044707714422607465,0.02526326997816302,0.02783954661563523,0.021565826545263754
647,0.023213897400319095,0.02740011439625656,0.02740011439625656,0.036374381089274134,0.02526326997816302,0.017635464982982168,0.021429333972192464
871,0.023213897400319095,0.02740011439625656,0.02740011439625656,0.019707714422607468,0.019707714422607468,0.02783954661563523,0.0218539775328587
889,0.023213897400319095,0.02740011439625656,0.02740011439625656,0.036374381089274134,0.030818825533718577,0.01423410443876448,0.021429333972192464
902,0.023213897400319095,0.02740011439625656,0.02740011439625656,0.0280410477559408,0.022485492200385242,0.021036825527199855,0.02138383644783537
932,0.023213897400319095,0.02740011439625656,0.02740011439625656,0.019707714422607468,0.022485492200385242,0.031240907159852914,0.022035967630287086
032,0.02315072620638353,0.026768402456900903,0.026768402456900903,0.019707714422607468,0.022485492200385242,0.02783954661563523,0.02168715327688268
035,0.02315072620638353,0.026768402456900903,0.026768402456900903,0.0280410477559408,0.0280410477559408,0.031240907159852914,0.021838811691406335
063,0.02315072620638353,0.026768402456900903,0.026768402456900903,0.036374381089274134,0.03359660331149635,0.021036825527199855,0.021459665655097198
112,0.02315072620638353,0.026768402456900903,0.026768402456900903,0.019707714422607468,0.01692993664482969,0.021036825527199855,0.021944972581572894
127,0.02315072620638353,0.026768402456900903,0.026768402456900903,0.019707714422607468,0.019707714422607468,0.024438186071417543,0.022202791886263108
138,0.02315072620638353,0.026768402456900903,0.026768402456900903,0.019707714422607468,0.022485492200385242,0.017635464982982168,0.022005635947382356
169,0.02315072620638353,0.026768402456900903,0.026768402456900903,0.044707714422607465,0.03359660331149635,0.01423410443876448,0.021520329020906656
221,0.02315072620638353,0.026768402456900903,0.026768402456900903,0.011374381089274133,0.022485492200385242,0.021036825527199855,0.0222937869349773
224,0.02315072620638353,0.026768402456900903,0.026768402456900903,0.019707714422607468,0.02526326997816302,0.031240907159852914,0.02202080178883472
254,0.02315072620638353,0.026768402456900903,0.026768402456900903,0.019707714422607468,0.0280410477559408,0.02783954661563523,0.021641655752525583
296,0.02315072620638353,0.026768402456900903,0.026768402456900903,0.011374381089274133,0.022485492200385242,0.024438186071417543,0.022521274556762783
336,0.02315072620638353,0.026768402456900903,0.026768402456900903,0.019707714422607468,0.019707714422607468,0.024438186071417543,0.021899475057215796
341,0.02315072620638353,0.026768402456900903,0.026768402456900903,0.019707714422607468,0.02526326997816302,0.021036825527199855,0.021565826545263754
394,0.02315072620638353,0.026768402456900903,0.026768402456900903,0.036374381089274134,0.030818825533718577,0.031240907159852914,0.02188430921576343
481,0.02315072620638353,0.026768402456900903,0.026768402456900903,0.0280410477559408,0.0280410477559408,0.031240907159852914,0.02158099238671612
509,0.02315072620638353,0.026768402456900903,0.026768402456900903,0.044707714422607465,0.03359660331149635,0.031240907159852914,0.02144449981364483
523,0.02315072620638353,0.026768402456900903,0.026768402456900903,0.019707714422607468,0.02526326997816302,0.021036825527199855,0.02212696267900128
549,0.02315072620638353,0.026768402456900903,0.026768402456900903,0.011374381089274133,0.01692993664482969,0.017635464982982168,0.022688098812738804
556,0.02315072620638353,0.026768402456900903,0.026768402456900903,0.011374381089274133,0.03359660331149635,0.024438186071417543,0.022308952776429667
561,0.02315072620638353,0.026768402456900903,0.026768402456900903,0.0280410477559408,0.0280410477559408,0.024438186071417543,0.021565826545263754
573,0.02315072620638353,0.026768402456900903,0.026768402456900903,0.019707714422607468,0.01692993664482969,0.017635464982982168,0.021869143374311065
634,0.02315072620638353,0.026768402456900903,0.026768402456900903,0.044707714422607465,0.0280410477559408,0.034642267704070605,0.021656821593977946
669,0.02315072620638353,0.026768402456900903,0.026768402456900903,0.0280410477559408,0.0280410477559408,0.024438186071417543,0.02138383644783537
715,0.02315072620638353,0.026768402456900903,0.026768402456900903,0.0280410477559408,0.030818825533718577,0.02783954661563523,0.021838811691406335
742,0.02315072620638353,0.026768402456900903,0.026768402456900903,0.019707714422607468,0.02526326997816302,0.02783954661563523,0.021778148325596873
745,0.02315072620638353,0.026768402456900903,0.026768402456900903,0.036374381089274134,0.022485492200385242,0.024438186071417543,0.021399002289287733
813,0.02315072620638353,0.026768402456900903,0.026768402456900903,0.019707714422607468,0.019707714422607468,0.017635464982982168,0.022142128520453646
847,0.02315072620638353,0.026768402456900903,0.026768402456900903,0.0280410477559408,0.022485492200385242,0.04144498879250598,0.02158099238671612
879,0.02315072620638353,0.026768402456900903,0.026768402456900903,0.0280410477559408,0.0280410477559408,0.031240907159852914,0.021671987435430314
898,0.02315072620638353,0.026768402456900903,0.026768402456900903,0.011374381089274133,0.019707714422607468,0.021036825527199855,0.02359804929988073
021,0.023087555012447962,0.02613669051754525,0.02613669051754525,0.036374381089274134,0.0280410477559408,0.031240907159852914,0.021778148325596873
031,0.023087555012447962,0.02613669051754525,0.02613669051754525,0.036374381089274134,0.0280410477559408,0.024438186071417543,0.021793314167049237
131,0.023087555012447962,0.02613669051754525,0.02613669051754525,0.0280410477559408,0.0280410477559408,0.02783954661563523,0.0218539775328587
133,0.023087555012447962,0.02613669051754525,0.02613669051754525,0.0280410477559408,0.022485492200385242,0.021036825527199855,0.02138383644783537
147,0.023087555012447962,0.02613669051754525,0.02613669051754525,0.019707714422607468,0.022485492200385242,0.031240907159852914,0.021793314167049237
158,0.023087555012447962,0.02613669051754525,0.02613669051754525,0.011374381089274133,0.01692993664482969,0.024438186071417543,0.022506108715310415
166,0.023087555012447962,0.02613669051754525,0.02613669051754525,0.019707714422607468,0.022485492200385242,0.024438186071417543,0.021429333972192464
189,0.023087555012447962,0.02613669051754525,0.02613669051754525,0.036374381089274134,0.030818825533718577,0.021036825527199855,0.021838811691406335
191,0.023087555012447962,0.02613669051754525,0.02613669051754525,0.019707714422607468,0.0280410477559408,0.031240907159852914,0.02226345525207257
208,0.023087555012447962,0.02613669051754525,0.02613669051754525,0.0280410477559408,0.0280410477559408,0.034642267704070605,0.02148999733800193
239,0.023087555012447962,0.02613669051754525,0.02613669051754525,0.0280410477559408,0.02526326997816302,0.01423410443876448,0.021732650801239775
250,0.023087555012447962,0.02613669051754525,0.02613669051754525,0.019707714422607468,0.03915215886705191,0.024438186071417543,0.022005635947382356
274,0.023087555012447962,0.02613669051754525,0.02613669051754525,0.011374381089274133,0.014152158867051911,0.02783954661563523,0.022581937922572244
292,0.023087555012447962,0.02613669051754525,0.02613669051754525,0.011374381089274133,0.022485492200385242,0.024438186071417543,0.02267293297128644
313,0.023087555012447962,0.02613669051754525,0.02613669051754525,0.036374381089274134,0.03359660331149635,0.02783954661563523,0.021747816642692142
349,0.023087555012447962,0.02613669051754525,0.02613669051754525,0.036374381089274134,0.02526326997816302,0.02783954661563523,0.02148999733800193
389,0.023087555012447962,0.02613669051754525,0.02613669051754525,0.0280410477559408,0.02526326997816302,0.021036825527199855,0.0214141681307401
390,0.023087555012447962,0.02613669051754525,0.02613669051754525,0.0280410477559408,0.019707714422607468,0.010832743894546793,0.02148999733800193
391,0.023087555012447962,0.02613669051754525,0.02613669051754525,0.019707714422607468,0.0280410477559408,0.034642267704070605,0.02212696267900128
396,0.023087555012447962,0.02613669051754525,0.02613669051754525,0.011374381089274133,0.01692993664482969,0.034642267704070605,0.022870088910167192
485,0.023087555012447962,0.02613669051754525,0.02613669051754525,0.036374381089274134,0.03359660331149635,0.021036825527199855,0.021505163179454292
543,0.023087555012447962,0.02613669051754525,0.02613669051754525,0.011374381089274133,0.01692993664482969,0.02783954661563523,0.02293075227597665
568,0.023087555012447962,0.02613669051754525,0.02613669051754525,0.0280410477559408,0.0280410477559408,0.02783954661563523,0.021459665655097198
586,0.023087555012447962,0.02613669051754525,0.02613669051754525,0.019707714422607468,0.02526326997816302,0.03804362824828829,0.0214141681307401
609,0.023087555012447962,0.02613669051754525,0.02613669051754525,0.019707714422607468,0.022485492200385242,0.024438186071417543,0.02147483149654956
625,0.023087555012447962,0.02613669051754525,0.02613669051754525,0.011374381089274133,0.019707714422607468,0.02783954661563523,0.02290042059307192
665,0.023087555012447962,0.02613669051754525,0.02613669051754525,0.019707714422607468,0.02526326997816302,0.024438186071417543,0.022035967630287086
666,0.023087555012447962,0.02613669051754525,0.02613669051754525,0.019707714422607468,0.030818825533718577,0.031240907159852914,0.021656821593977946
679,0.023087555012447962,0.02613669051754525,0.02613669051754525,0.036374381089274134,0.02526326997816302,0.017635464982982168,0.02138383644783537
720,0.023087555012447962,0.02613669051754525,0.02613669051754525,0.036374381089274134,0.03359660331149635,0.04144498879250598,0.02221795772771547
729,0.023087555012447962,0.02613669051754525,0.02613669051754525,0.0280410477559408,0.0280410477559408,0.021036825527199855,0.02196013842302526
752,0.023087555012447962,0.02613669051754525,0.02613669051754525,0.036374381089274134,0.03359660331149635,0.017635464982982168,0.021429333972192464
761,0.023087555012447962,0.02613669051754525,0.02613669051754525,0.0280410477559408,0.019707714422607468,0.024438186071417543,0.02211179683754891
799,0.023087555012447962,0.02613669051754525,0.02613669051754525,0.0280410477559408,0.02526326997816302,0.017635464982982168,0.02147483149654956
814,0.023087555012447962,0.02613669051754525,0.02613669051754525,0.019707714422607468,0.019707714422607468,0.02783954661563523,0.021520329020906656
851,0.023087555012447962,0.02613669051754525,0.02613669051754525,0.036374381089274134,0.036374381089274134,0.031240907159852914,0.021778148325596873
910,0.023087555012447962,0.02613669051754525,0.02613669051754525,0.019707714422607468,0.019707714422607468,0.034642267704070605,0.02182364584995397
916,0.023087555012447962,0.02613669051754525,0.02613669051754525,0.011374381089274133,0.019707714422607468,0.01423410443876448,0.022506108715310415
937,0.023087555012447962,0.02613669051754525,0.02613669051754525,0.019707714422607468,0.01692993664482969,0.01423410443876448,0.021869143374311065
959,0.023087555012447962,0.02613669051754525,0.02613669051754525,0.044707714422607465,0.036374381089274134,0.02783954661563523,0.021399002289287733
960,0.023087555012447962,0.02613669051754525,0.02613669051754525,0.0280410477559408,0.022485492200385242,0.02783954661563523,0.021702319118335044
990,0.023087555012447962,0.02613669051754525,0.02613669051754525,0.019707714422607468,0.01692993664482969,0.031240907159852914,0.0218539775328587
003,0.0230243838185124,0.025504978578189598,0.025504978578189598,0.0280410477559408,0.022485492200385242,0.010832743894546793,0.021914640898668163
022,0.0230243838185124,0.025504978578189598,0.025504978578189598,0.0280410477559408,0.0280410477559408,0.031240907159852914,0.02171748495978741
049,0.0230243838185124,0.025504978578189598,0.025504978578189598,0.011374381089274133,0.014152158867051911,0.01423410443876448,0.023719376031499657
087,0.0230243838185124,0.025504978578189598,0.025504978578189598,0.0280410477559408,0.02526326997816302,0.031240907159852914,0.021459665655097198
097,0.0230243838185124,0.025504978578189598,0.025504978578189598,0.019707714422607468,0.030818825533718577,0.017635464982982168,0.021793314167049237
098,0.0230243838185124,0.025504978578189598,0.025504978578189598,0.019707714422607468,0.0280410477559408,0.031240907159852914,0.021505163179454292
111,0.0230243838185124,0.025504978578189598,0.025504978578189598,0.019707714422607468,0.022485492200385242,0.021036825527199855,0.02223312356916784
139,0.0230243838185124,0.025504978578189598,0.025504978578189598,0.019707714422607468,0.01692993664482969,0.02783954661563523,0.021535494862359023
196,0.0230243838185124,0.025504978578189598,0.025504978578189598,0.036374381089274134,0.030818825533718577,0.021036825527199855,0.02159615822816849
200,0.0230243838185124,0.025504978578189598,0.025504978578189598,0.044707714422607465,0.0280410477559408,0.021036825527199855,0.021702319118335044
217,0.0230243838185124,0.025504978578189598,0.025504978578189598,0.036374381089274134,0.030818825533718577,0.021036825527199855,0.021656821593977946
225,0.0230243838185124,0.025504978578189598,0.025504978578189598,0.0280410477559408,0.019707714422607468,0.02783954661563523,0.021505163179454292
246,0.0230243838185124,0.025504978578189598,0.025504978578189598,0.019707714422607468,0.030818825533718577,0.021036825527199855,0.021656821593977946
289,0.0230243838185124,0.025504978578189598,0.025504978578189598,0.011374381089274133,0.014152158867051911,0.031240907159852914,0.023658712665690196
314,0.0230243838185124,0.025504978578189598,0.025504978578189598,0.0280410477559408,0.0280410477559408,0.024438186071417543,0.021641655752525583
318,0.0230243838185124,0.025504978578189598,0.025504978578189598,0.0280410477559408,0.022485492200385242,0.017635464982982168,0.021626489911073216
339,0.0230243838185124,0.025504978578189598,0.025504978578189598,0.044707714422607465,0.0280410477559408,0.017635464982982168,0.02138383644783537
398,0.0230243838185124,0.025504978578189598,0.025504978578189598,0.011374381089274133,0.0280410477559408,0.024438186071417543,0.02235445030078676
417,0.0230243838185124,0.025504978578189598,0.025504978578189598,0.0280410477559408,0.030818825533718577,0.024438186071417543,0.02202080178883472
435,0.0230243838185124,0.025504978578189598,0.025504978578189598,0.0280410477559408,0.02526326997816302,0.031240907159852914,0.021611324069620852
447,0.0230243838185124,0.025504978578189598,0.025504978578189598,0.011374381089274133,0.02526326997816302,0.02783954661563523,0.022445445349500954
450,0.0230243838185124,0.025504978578189598,0.025504978578189598,0.019707714422607468,0.01692993664482969,0.02783954661563523,0.02196013842302526
559,0.0230243838185124,0.025504978578189598,0.025504978578189598,0.011374381089274133,0.019707714422607468,0.031240907159852914,0.022642601288381706
565,0.0230243838185124,0.025504978578189598,0.025504978578189598,0.0280410477559408,0.022485492200385242,0.017635464982982168,0.021778148325596873
582,0.0230243838185124,0.025504978578189598,0.025504978578189598,0.019707714422607468,0.030818825533718577,0.021036825527199855,0.02144449981364483
595,0.0230243838185124,0.025504978578189598,0.025504978578189598,0.036374381089274134,0.030818825533718577,0.034642267704070605,0.021808480008501604
605,0.0230243838185124,0.025504978578189598,0.025504978578189598,0.0280410477559408,0.036374381089274134,0.02783954661563523,0.0214141681307401
618,0.0230243838185124,0.025504978578189598,0.025504978578189598,0.011374381089274133,0.02526326997816302,0.02783954661563523,0.022308952776429667
636,0.0230243838185124,0.025504978578189598,0.025504978578189598,0.0280410477559408,0.02526326997816302,0.02783954661563523,0.021899475057215796
651,0.0230243838185124,0.025504978578189598,0.025504978578189598,0.036374381089274134,0.03359660331149635,0.021036825527199855,0.021520329020906656
686,0.0230243838185124,0.025504978578189598,0.025504978578189598,0.019707714422607468,0.02526326997816302,0.017635464982982168,0.02215729436190601
688,0.0230243838185124,0.025504978578189598,0.025504978578189598,0.0280410477559408,0.0280410477559408,0.024438186071417543,0.022142128520453646
704,0.0230243838185124,0.025504978578189598,0.025504978578189598,0.036374381089274134,0.0280410477559408,0.021036825527199855,0.02159615822816849
718,0.0230243838185124,0.025504978578189598,0.025504978578189598,0.036374381089274134,0.030818825533718577,0.024438186071417543,0.02155066070381139
727,0.0230243838185124,0.025504978578189598,0.025504978578189598,0.011374381089274133,0.0280410477559408,0.024438186071417543,0.022445445349500954
735,0.0230243838185124,0.025504978578189598,0.025504978578189598,0.036374381089274134,0.0280410477559408,0.031240907159852914,0.021429333972192464
736,0.0230243838185124,0.025504978578189598,0.025504978578189598,0.036374381089274134,0.019707714422607468,0.021036825527199855,0.0214141681307401
740,0.0230243838185124,0.025504978578189598,0.025504978578189598,0.0280410477559408,0.030818825533718577,0.02783954661563523,0.021838811691406335
764,0.0230243838185124,0.025504978578189598,0.025504978578189598,0.0280410477559408,0.03359660331149635,0.034642267704070605,0.021656821593977946
794,0.0230243838185124,0.025504978578189598,0.025504978578189598,0.0280410477559408,0.022485492200385242,0.03804362824828829,0.02168715327688268
829,0.0230243838185124,0.025504978578189598,0.025504978578189598,0.011374381089274133,0.014152158867051911,0.024438186071417543,0.023355395836642884
841,0.0230243838185124,0.025504978578189598,0.025504978578189598,0.019707714422607468,0.019707714422607468,0.031240907159852914,0.02155066070381139
844,0.0230243838185124,0.025504978578189598,0.025504978578189598,0.011374381089274133,0.019707714422607468,0.031240907159852914,0.02267293297128644
853,0.0230243838185124,0.025504978578189598,0.025504978578189598,0.044707714422607465,0.0280410477559408,0.031240907159852914,0.02168715327688268
869,0.0230243838185124,0.025504978578189598,0.025504978578189598,0.011374381089274133,0.02526326997816302,0.024438186071417543,0.02235445030078676
903,0.0230243838185124,0.025504978578189598,0.025504978578189598,0.044707714422607465,0.0280410477559408,0.017635464982982168,0.021611324069620852
913,0.0230243838185124,0.025504978578189598,0.025504978578189598,0.0280410477559408,0.0280410477559408,0.02783954661563523,0.02147483149654956
917,0.0230243838185124,0.025504978578189598,0.025504978578189598,0.0280410477559408,0.030818825533718577,0.02783954661563523,0.021565826545263754
927,0.0230243838185124,0.025504978578189598,0.025504978578189598,0.019707714422607468,0.03359660331149635,0.024438186071417543,0.02144449981364483
936,0.0230243838185124,0.025504978578189598,0.025504978578189598,0.019707714422607468,0.022485492200385242,0.021036825527199855,0.02226345525207257
938,0.0230243838185124,0.025504978578189598,0.025504978578189598,0.036374381089274134,0.030818825533718577,0.034642267704070605,0.02147483149654956
946,0.0230243838185124,0.025504978578189598,0.025504978578189598,0.0280410477559408,0.022485492200385242,0.017635464982982168,0.02158099238671612
966,0.0230243838185124,0.025504978578189598,0.025504978578189598,0.0280410477559408,0.01692993664482969,0.017635464982982168,0.021520329020906656
014,0.022961212624576833,0.024873266638833942,0.024873266638833942,0.019707714422607468,0.022485492200385242,0.021036825527199855,0.022172460203358377
028,0.022961212624576833,0.024873266638833942,0.024873266638833942,0.036374381089274134,0.022485492200385242,0.031240907159852914,0.0218539775328587
046,0.022961212624576833,0.024873266638833942,0.024873266638833942,0.019707714422607468,0.0280410477559408,0.02783954661563523,0.02171748495978741
075,0.022961212624576833,0.024873266638833942,0.024873266638833942,0.0280410477559408,0.0280410477559408,0.03804362824828829,0.02147483149654956
125,0.022961212624576833,0.024873266638833942,0.024873266638833942,0.011374381089274133,0.0280410477559408,0.024438186071417543,0.022369616142239125
159,0.022961212624576833,0.024873266638833942,0.024873266638833942,0.019707714422607468,0.014152158867051911,0.034642267704070605,0.021671987435430314
168,0.022961212624576833,0.024873266638833942,0.024873266638833942,0.019707714422607468,0.02526326997816302,0.034642267704070605,0.022005635947382356
174,0.022961212624576833,0.024873266638833942,0.024873266638833942,0.011374381089274133,0.02526326997816302,0.024438186071417543,0.022597103764024608
175,0.022961212624576833,0.024873266638833942,0.024873266638833942,0.0280410477559408,0.02526326997816302,0.024438186071417543,0.021399002289287733
215,0.022961212624576833,0.024873266638833942,0.024873266638833942,0.011374381089274133,0.01692993664482969,0.024438186071417543,0.02285492306871482
264,0.022961212624576833,0.024873266638833942,0.024873266638833942,0.036374381089274134,0.022485492200385242,0.017635464982982168,0.02171748495978741
277,0.022961212624576833,0.024873266638833942,0.024873266638833942,0.019707714422607468,0.0280410477559408,0.031240907159852914,0.021671987435430314
297,0.022961212624576833,0.024873266638833942,0.024873266638833942,0.019707714422607468,0.01692993664482969,0.021036825527199855,0.021505163179454292
299,0.022961212624576833,0.024873266638833942,0.024873266638833942,0.036374381089274134,0.030818825533718577,0.034642267704070605,0.021869143374311065
300,0.022961212624576833,0.024873266638833942,0.024873266638833942,0.036374381089274134,0.02526326997816302,0.02783954661563523,0.021641655752525583
302,0.022961212624576833,0.024873266638833942,0.024873266638833942,0.0280410477559408,0.019707714422607468,0.017635464982982168,0.021505163179454292
308,0.022961212624576833,0.024873266638833942,0.024873266638833942,0.0280410477559408,0.022485492200385242,0.024438186071417543,0.02144449981364483
310,0.022961212624576833,0.024873266638833942,0.024873266638833942,0.011374381089274133,0.019707714422607468,0.021036825527199855,0.0222937869349773
312,0.022961212624576833,0.024873266638833942,0.024873266638833942,0.011374381089274133,0.019707714422607468,0.021036825527199855,0.02314307405630977
322,0.022961212624576833,0.024873266638833942,0.024873266638833942,0.036374381089274134,0.0280410477559408,0.017635464982982168,0.021535494862359023
353,0.022961212624576833,0.024873266638833942,0.024873266638833942,0.0280410477559408,0.02526326997816302,0.034642267704070605,0.021429333972192464
368,0.022961212624576833,0.024873266638833942,0.024873266638833942,0.019707714422607468,0.0280410477559408,0.02783954661563523,0.021565826545263754
379,0.022961212624576833,0.024873266638833942,0.024873266638833942,0.019707714422607468,0.02526326997816302,0.017635464982982168,0.021656821593977946
380,0.022961212624576833,0.024873266638833942,0.024873266638833942,0.0280410477559408,0.019707714422607468,0.024438186071417543,0.021399002289287733
402,0.022961212624576833,0.024873266638833942,0.024873266638833942,0.036374381089274134,0.02526326997816302,0.02783954661563523,0.021399002289287733
427,0.022961212624576833,0.024873266638833942,0.024873266638833942,0.0280410477559408,0.022485492200385242,0.03804362824828829,0.021808480008501604
442,0.022961212624576833,0.024873266638833942,0.024873266638833942,0.011374381089274133,0.030818825533718577,0.021036825527199855,0.0222937869349773
461,0.022961212624576833,0.024873266638833942,0.024873266638833942,0.011374381089274133,0.022485492200385242,0.017635464982982168,0.022627435446929342
517,0.022961212624576833,0.024873266638833942,0.024873266638833942,0.0280410477559408,0.02526326997816302,0.021036825527199855,0.022066299313191817
557,0.022961212624576833,0.024873266638833942,0.024873266638833942,0.036374381089274134,0.02526326997816302,0.031240907159852914,0.02147483149654956
569,0.022961212624576833,0.024873266638833942,0.024873266638833942,0.0280410477559408,0.0280410477559408,0.024438186071417543,0.02159615822816849
594,0.022961212624576833,0.024873266638833942,0.024873266638833942,0.0280410477559408,0.01692993664482969,0.031240907159852914,0.021975304264477625
601,0.022961212624576833,0.024873266638833942,0.024873266638833942,0.019707714422607468,0.022485492200385242,0.024438186071417543,0.02199047010592999
603,0.022961212624576833,0.024873266638833942,0.024873266638833942,0.0280410477559408,0.019707714422607468,0.017635464982982168,0.0218539775328587
627,0.022961212624576833,0.024873266638833942,0.024873266638833942,0.011374381089274133,0.022485492200385242,0.021036825527199855,0.02246061119095332
652,0.022961212624576833,0.024873266638833942,0.024873266638833942,0.019707714422607468,0.022485492200385242,0.024438186071417543,0.021732650801239775
683,0.022961212624576833,0.024873266638833942,0.024873266638833942,0.0280410477559408,0.02526326997816302,0.024438186071417543,0.021671987435430314
689,0.022961212624576833,0.024873266638833942,0.024873266638833942,0.0280410477559408,0.02526326997816302,0.031240907159852914,0.021565826545263754
705,0.022961212624576833,0.024873266638833942,0.024873266638833942,0.0280410477559408,0.02526326997816302,0.021036825527199855,0.021793314167049237
710,0.022961212624576833,0.024873266638833942,0.024873266638833942,0.011374381089274133,0.022485492200385242,0.024438186071417543,0.022384781983691492
766,0.022961212624576833,0.024873266638833942,0.024873266638833942,0.011374381089274133,0.014152158867051911,0.024438186071417543,0.023901366128928042
772,0.022961212624576833,0.024873266638833942,0.024873266638833942,0.036374381089274134,0.0280410477559408,0.024438186071417543,0.021671987435430314
791,0.022961212624576833,0.024873266638833942,0.024873266638833942,0.019707714422607468,0.02526326997816302,0.017635464982982168,0.02188430921576343
850,0.022961212624576833,0.024873266638833942,0.024873266638833942,0.011374381089274133,0.022485492200385242,0.034642267704070605,0.022308952776429667
877,0.022961212624576833,0.024873266638833942,0.024873266638833942,0.011374381089274133,0.019707714422607468,0.024438186071417543,0.022369616142239125
887,0.022961212624576833,0.024873266638833942,0.024873266638833942,0.011374381089274133,0.022485492200385242,0.02783954661563523,0.022339284459334394
888,0.022961212624576833,0.024873266638833942,0.024873266638833942,0.044707714422607465,0.030818825533718577,0.03804362824828829,0.0214141681307401
891,0.022961212624576833,0.024873266638833942,0.024873266638833942,0.0280410477559408,0.03359660331149635,0.021036825527199855,0.021535494862359023
904,0.022961212624576833,0.024873266638833942,0.024873266638833942,0.011374381089274133,0.01692993664482969,0.021036825527199855,0.02239994782514386
908,0.022961212624576833,0.024873266638833942,0.024873266638833942,0.0280410477559408,0.019707714422607468,0.02783954661563523,0.021535494862359023
933,0.022961212624576833,0.024873266638833942,0.024873266638833942,0.0280410477559408,0.022485492200385242,0.024438186071417543,0.02155066070381139
943,0.022961212624576833,0.024873266638833942,0.024873266638833942,0.0280410477559408,0.019707714422607468,0.021036825527199855,0.0214141681307401
949,0.022961212624576833,0.024873266638833942,0.024873266638833942,0.0280410477559408,0.030818825533718577,0.031240907159852914,0.021535494862359023
989,0.022961212624576833,0.024873266638833942,0.024873266638833942,0.019707714422607468,0.0280410477559408,0.017635464982982168,0.021732650801239775
009,0.022898041430641267,0.02424155469947829,0.02424155469947829,0.019707714422607468,0.019707714422607468,0.021036825527199855,0.021399002289287733
023,0.022898041430641267,0.02424155469947829,0.02424155469947829,0.019707714422607468,0.022485492200385242,0.017635464982982168,0.022066299313191817
034,0.022898041430641267,0.02424155469947829,0.02424155469947829,0.019707714422607468,0.022485492200385242,0.034642267704070605,0.02221795772771547
074,0.022898041430641267,0.02424155469947829,0.02424155469947829,0.036374381089274134,0.030818825533718577,0.034642267704070605,0.02212696267900128
106,0.022898041430641267,0.02424155469947829,0.02424155469947829,0.019707714422607468,0.030818825533718577,0.034642267704070605,0.02221795772771547
116,0.022898041430641267,0.02424155469947829,0.02424155469947829,0.019707714422607468,0.019707714422607468,0.024438186071417543,0.021399002289287733
121,0.022898041430641267,0.02424155469947829,0.02424155469947829,0.019707714422607468,0.019707714422607468,0.021036825527199855,0.02159615822816849
140,0.022898041430641267,0.02424155469947829,0.02424155469947829,0.019707714422607468,0.019707714422607468,0.017635464982982168,0.021505163179454292
150,0.022898041430641267,0.02424155469947829,0.02424155469947829,0.0280410477559408,0.030818825533718577,0.02783954661563523,0.021899475057215796
162,0.022898041430641267,0.02424155469947829,0.02424155469947829,0.019707714422607468,0.022485492200385242,0.010832743894546793,0.022248289410620202
183,0.022898041430641267,0.02424155469947829,0.02424155469947829,0.0280410477559408,0.030818825533718577,0.024438186071417543,0.02171748495978741
190,0.022898041430641267,0.02424155469947829,0.02424155469947829,0.011374381089274133,0.01692993664482969,0.02783954661563523,0.022779093861453
202,0.022898041430641267,0.02424155469947829,0.02424155469947829,0.011374381089274133,0.022485492200385242,0.021036825527199855,0.022308952776429667
205,0.022898041430641267,0.02424155469947829,0.02424155469947829,0.019707714422607468,0.0280410477559408,0.024438186071417543,0.021762982484144506
236,0.022898041430641267,0.02424155469947829,0.02424155469947829,0.036374381089274134,0.02526326997816302,0.02783954661563523,0.022051133471739454
251,0.022898041430641267,0.02424155469947829,0.02424155469947829,0.0280410477559408,0.0280410477559408,0.010832743894546793,0.02144449981364483
252,0.022898041430641267,0.02424155469947829,0.02424155469947829,0.019707714422607468,0.030818825533718577,0.02783954661563523,0.022096630996096548
260,0.022898041430641267,0.02424155469947829,0.02424155469947829,0.019707714422607468,0.022485492200385242,0.01423410443876448,0.021565826545263754
270,0.022898041430641267,0.02424155469947829,0.02424155469947829,0.0280410477559408,0.019707714422607468,0.024438186071417543,0.021929806740120527
278,0.022898041430641267,0.02424155469947829,0.02424155469947829,0.019707714422607468,0.030818825533718577,0.021036825527199855,0.022202791886263108
316,0.022898041430641267,0.02424155469947829,0.02424155469947829,0.019707714422607468,0.022485492200385242,0.021036825527199855,0.021641655752525583
317,0.022898041430641267,0.02424155469947829,0.02424155469947829,0.019707714422607468,0.022485492200385242,0.017635464982982168,0.02223312356916784
348,0.022898041430641267,0.02424155469947829,0.02424155469947829,0.036374381089274134,0.02526326997816302,0.021036825527199855,0.02144449981364483
360,0.022898041430641267,0.02424155469947829,0.02424155469947829,0.0280410477559408,0.0280410477559408,0.031240907159852914,0.021762982484144506
365,0.022898041430641267,0.02424155469947829,0.02424155469947829,0.0280410477559408,0.02526326997816302,0.01423410443876448,0.021565826545263754
383,0.022898041430641267,0.02424155469947829,0.02424155469947829,0.0530410477559408,0.030818825533718577,0.024438186071417543,0.021641655752525583
429,0.022898041430641267,0.02424155469947829,0.02424155469947829,0.044707714422607465,0.030818825533718577,0.017635464982982168,0.021459665655097198
431,0.022898041430641267,0.02424155469947829,0.02424155469947829,0.019707714422607468,0.014152158867051911,0.024438186071417543,0.02144449981364483
460,0.022898041430641267,0.02424155469947829,0.02424155469947829,0.0280410477559408,0.0280410477559408,0.021036825527199855,0.021838811691406335
463,0.022898041430641267,0.02424155469947829,0.02424155469947829,0.011374381089274133,0.022485492200385242,0.024438186071417543,0.022415113666596223
482,0.022898041430641267,0.02424155469947829,0.02424155469947829,0.011374381089274133,0.014152158867051911,0.02783954661563523,0.022748762178548265
488,0.022898041430641267,0.02424155469947829,0.02424155469947829,0.019707714422607468,0.014152158867051911,0.02783954661563523,0.021399002289287733
489,0.022898041430641267,0.02424155469947829,0.02424155469947829,0.019707714422607468,0.019707714422607468,0.017635464982982168,0.021747816642692142
490,0.022898041430641267,0.02424155469947829,0.02424155469947829,0.019707714422607468,0.030818825533718577,0.021036825527199855,0.02159615822816849
510,0.022898041430641267,0.02424155469947829,0.02424155469947829,0.0280410477559408,0.030818825533718577,0.02783954661563523,0.022081465154644184
542,0.022898041430641267,0.02424155469947829,0.02424155469947829,0.019707714422607468,0.0280410477559408,0.021036825527199855,0.021929806740120527
545,0.022898041430641267,0.02424155469947829,0.02424155469947829,0.019707714422607468,0.022485492200385242,0.02783954661563523,0.02155066070381139
553,0.022898041430641267,0.02424155469947829,0.02424155469947829,0.036374381089274134,0.02526326997816302,0.017635464982982168,0.021429333972192464
567,0.022898041430641267,0.02424155469947829,0.02424155469947829,0.036374381089274134,0.030818825533718577,0.01423410443876448,0.021611324069620852
577,0.022898041430641267,0.02424155469947829,0.02424155469947829,0.019707714422607468,0.01692993664482969,0.021036825527199855,0.021459665655097198
579,0.022898041430641267,0.02424155469947829,0.02424155469947829,0.019707714422607468,0.02526326997816302,0.02783954661563523,0.021762982484144506
597,0.022898041430641267,0.02424155469947829,0.02424155469947829,0.019707714422607468,0.01692993664482969,0.024438186071417543,0.022248289410620202
610,0.022898041430641267,0.02424155469947829,0.02424155469947829,0.019707714422607468,0.022485492200385242,0.02783954661563523,0.021944972581572894
615,0.022898041430641267,0.02424155469947829,0.02424155469947829,0.019707714422607468,0.022485492200385242,0.02783954661563523,0.021611324069620852
632,0.022898041430641267,0.02424155469947829,0.02424155469947829,0.011374381089274133,0.01692993664482969,0.02783954661563523,0.022703264654191167
654,0.022898041430641267,0.02424155469947829,0.02424155469947829,0.0280410477559408,0.03359660331149635,0.017635464982982168,0.021429333972192464
659,0.022898041430641267,0.02424155469947829,0.02424155469947829,0.011374381089274133,0.014152158867051911,0.024438186071417543,0.023052079007595577
672,0.022898041430641267,0.02424155469947829,0.02424155469947829,0.019707714422607468,0.019707714422607468,0.017635464982982168,0.021505163179454292
690,0.022898041430641267,0.02424155469947829,0.02424155469947829,0.019707714422607468,0.02526326997816302,0.024438186071417543,0.021671987435430314
709,0.022898041430641267,0.02424155469947829,0.02424155469947829,0.0280410477559408,0.019707714422607468,0.03804362824828829,0.02147483149654956
726,0.022898041430641267,0.02424155469947829,0.02424155469947829,0.019707714422607468,0.022485492200385242,0.031240907159852914,0.02196013842302526
748,0.022898041430641267,0.02424155469947829,0.02424155469947829,0.036374381089274134,0.03359660331149635,0.021036825527199855,0.021565826545263754
770,0.022898041430641267,0.02424155469947829,0.02424155469947829,0.036374381089274134,0.022485492200385242,0.021036825527199855,0.021399002289287733
801,0.022898041430641267,0.02424155469947829,0.02424155469947829,0.011374381089274133,0.019707714422607468,0.021036825527199855,0.022339284459334394
804,0.022898041430641267,0.02424155469947829,0.02424155469947829,0.019707714422607468,0.022485492200385242,0.024438186071417543,0.021778148325596873
816,0.022898041430641267,0.02424155469947829,0.02424155469947829,0.019707714422607468,0.01692993664482969,0.02783954661563523,0.021459665655097198
819,0.022898041430641267,0.02424155469947829,0.02424155469947829,0.0280410477559408,0.02526326997816302,0.021036825527199855,0.0214141681307401
862,0.022898041430641267,0.02424155469947829,0.02424155469947829,0.019707714422607468,0.019707714422607468,0.017635464982982168,0.02196013842302526
866,0.022898041430641267,0.02424155469947829,0.02424155469947829,0.011374381089274133,0.022485492200385242,0.031240907159852914,0.022490942873858052
876,0.022898041430641267,0.02424155469947829,0.02424155469947829,0.0280410477559408,0.02526326997816302,0.02783954661563523,0.021899475057215796
883,0.022898041430641267,0.02424155469947829,0.02424155469947829,0.011374381089274133,0.019707714422607468,0.010832743894546793,0.02267293297128644
896,0.022898041430641267,0.02424155469947829,0.02424155469947829,0.0530410477559408,0.030818825533718577,0.021036825527199855,0.02138383644783537
923,0.022898041430641267,0.02424155469947829,0.02424155469947829,0.011374381089274133,0.019707714422607468,0.017635464982982168,0.022384781983691492
930,0.022898041430641267,0.02424155469947829,0.02424155469947829,0.019707714422607468,0.022485492200385242,0.017635464982982168,0.022142128520453646
931,0.022898041430641267,0.02424155469947829,0.02424155469947829,0.0280410477559408,0.0280410477559408,0.024438186071417543,0.0218539775328587
956,0.022898041430641267,0.02424155469947829,0.02424155469947829,0.036374381089274134,0.02526326997816302,0.021036825527199855,0.021535494862359023
965,0.022898041430641267,0.02424155469947829,0.02424155469947829,0.0280410477559408,0.02526326997816302,0.021036825527199855,0.02148999733800193
974,0.022898041430641267,0.02424155469947829,0.02424155469947829,0.0280410477559408,0.022485492200385242,0.034642267704070605,0.02171748495978741
982,0.022898041430641267,0.02424155469947829,0.02424155469947829,0.0280410477559408,0.030818825533718577,0.02783954661563523,0.022248289410620202
996,0.022898041430641267,0.02424155469947829,0.02424155469947829,0.019707714422607468,0.019707714422607468,0.02783954661563523,0.02168715327688268
997,0.022898041430641267,0.02424155469947829,0.02424155469947829,0.011374381089274133,0.019707714422607468,0.034642267704070605,0.023461556726809447
010,0.022834870236705704,0.023609842760122634,0.023609842760122634,0.019707714422607468,0.022485492200385242,0.034642267704070605,0.021520329020906656
036,0.022834870236705704,0.023609842760122634,0.023609842760122634,0.011374381089274133,0.014152158867051911,0.024438186071417543,0.023112742373405038
047,0.022834870236705704,0.023609842760122634,0.023609842760122634,0.011374381089274133,0.014152158867051911,0.024438186071417543,0.023628380982785465
071,0.022834870236705704,0.023609842760122634,0.023609842760122634,0.019707714422607468,0.019707714422607468,0.01423410443876448,0.021656821593977946
099,0.022834870236705704,0.023609842760122634,0.023609842760122634,0.0280410477559408,0.022485492200385242,0.02783954661563523,0.021641655752525583
110,0.022834870236705704,0.023609842760122634,0.023609842760122634,0.036374381089274134,0.02526326997816302,0.034642267704070605,0.021459665655097198
155,0.022834870236705704,0.023609842760122634,0.023609842760122634,0.044707714422607465,0.03359660331149635,0.031240907159852914,0.02138383644783537
173,0.022834870236705704,0.023609842760122634,0.023609842760122634,0.019707714422607468,0.0280410477559408,0.02783954661563523,0.02202080178883472
177,0.022834870236705704,0.023609842760122634,0.023609842760122634,0.019707714422607468,0.02526326997816302,0.02783954661563523,0.021944972581572894
216,0.022834870236705704,0.023609842760122634,0.023609842760122634,0.019707714422607468,0.01692993664482969,0.024438186071417543,0.02196013842302526
228,0.022834870236705704,0.023609842760122634,0.023609842760122634,0.019707714422607468,0.022485492200385242,0.017635464982982168,0.021762982484144506
240,0.022834870236705704,0.023609842760122634,0.023609842760122634,0.036374381089274134,0.02526326997816302,0.024438186071417543,0.02138383644783537
249,0.022834870236705704,0.023609842760122634,0.023609842760122634,0.0280410477559408,0.02526326997816302,0.024438186071417543,0.021778148325596873
257,0.022834870236705704,0.023609842760122634,0.023609842760122634,0.019707714422607468,0.019707714422607468,0.01423410443876448,0.02182364584995397
263,0.022834870236705704,0.023609842760122634,0.023609842760122634,0.019707714422607468,0.02526326997816302,0.010832743894546793,0.02196013842302526
268,0.022834870236705704,0.023609842760122634,0.023609842760122634,0.036374381089274134,0.022485492200385242,0.01423410443876448,0.02155066070381139
291,0.022834870236705704,0.023609842760122634,0.023609842760122634,0.011374381089274133,0.019707714422607468,0.02783954661563523,0.02276392802000063
306,0.022834870236705704,0.023609842760122634,0.023609842760122634,0.011374381089274133,0.01692993664482969,0.021036825527199855,0.02314307405630977
321,0.022834870236705704,0.023609842760122634,0.023609842760122634,0.0280410477559408,0.0280410477559408,0.02783954661563523,0.02159615822816849
330,0.022834870236705704,0.023609842760122634,0.023609842760122634,0.011374381089274133,0.019707714422607468,0.024438186071417543,0.02320373742211923
335,0.022834870236705704,0.023609842760122634,0.023609842760122634,0.019707714422607468,0.022485492200385242,0.031240907159852914,0.022066299313191817
352,0.022834870236705704,0.023609842760122634,0.023609842760122634,0.0280410477559408,0.030818825533718577,0.034642267704070605,0.021778148325596873
381,0.022834870236705704,0.023609842760122634,0.023609842760122634,0.019707714422607468,0.0280410477559408,0.01423410443876448,0.022202791886263108
382,0.022834870236705704,0.023609842760122634,0.023609842760122634,0.019707714422607468,0.02526326997816302,0.021036825527199855,0.021565826545263754
392,0.022834870236705704,0.023609842760122634,0.023609842760122634,0.019707714422607468,0.0280410477559408,0.031240907159852914,0.021626489911073216
399,0.022834870236705704,0.023609842760122634,0.023609842760122634,0.0280410477559408,0.019707714422607468,0.021036825527199855,0.02159615822816849
403,0.022834870236705704,0.023609842760122634,0.023609842760122634,0.0280410477559408,0.019707714422607468,0.021036825527199855,0.021520329020906656
430,0.022834870236705704,0.023609842760122634,0.023609842760122634,0.019707714422607468,0.019707714422607468,0.034642267704070605,0.02158099238671612
446,0.022834870236705704,0.023609842760122634,0.023609842760122634,0.044707714422607465,0.0280410477559408,0.017635464982982168,0.021626489911073216
449,0.022834870236705704,0.023609842760122634,0.023609842760122634,0.0280410477559408,0.022485492200385242,0.017635464982982168,0.021702319118335044
468,0.022834870236705704,0.023609842760122634,0.023609842760122634,0.0280410477559408,0.0280410477559408,0.017635464982982168,0.021869143374311065
471,0.022834870236705704,0.023609842760122634,0.023609842760122634,0.011374381089274133,0.019707714422607468,0.034642267704070605,0.022718430495643534
508,0.022834870236705704,0.023609842760122634,0.023609842760122634,0.019707714422607468,0.019707714422607468,0.017635464982982168,0.02223312356916784
519,0.022834870236705704,0.023609842760122634,0.023609842760122634,0.0280410477559408,0.022485492200385242,0.024438186071417543,0.021520329020906656
540,0.022834870236705704,0.023609842760122634,0.023609842760122634,0.0280410477559408,0.02526326997816302,0.017635464982982168,0.021929806740120527
546,0.022834870236705704,0.023609842760122634,0.023609842760122634,0.019707714422607468,0.02526326997816302,0.021036825527199855,0.021459665655097198
566,0.022834870236705704,0.023609842760122634,0.023609842760122634,0.0280410477559408,0.02526326997816302,0.02783954661563523,0.02155066070381139
583,0.022834870236705704,0.023609842760122634,0.023609842760122634,0.019707714422607468,0.02526326997816302,0.024438186071417543,0.02199047010592999
614,0.022834870236705704,0.023609842760122634,0.023609842760122634,0.044707714422607465,0.02526326997816302,0.021036825527199855,0.02144449981364483
642,0.022834870236705704,0.023609842760122634,0.023609842760122634,0.019707714422607468,0.019707714422607468,0.024438186071417543,0.021611324069620852
643,0.022834870236705704,0.023609842760122634,0.023609842760122634,0.044707714422607465,0.0280410477559408,0.031240907159852914,0.02138383644783537
668,0.022834870236705704,0.023609842760122634,0.023609842760122634,0.019707714422607468,0.01692993664482969,0.034642267704070605,0.021641655752525583
682,0.022834870236705704,0.023609842760122634,0.023609842760122634,0.019707714422607468,0.022485492200385242,0.02783954661563523,0.02138383644783537
696,0.022834870236705704,0.023609842760122634,0.023609842760122634,0.019707714422607468,0.019707714422607468,0.017635464982982168,0.022187626044810744
698,0.022834870236705704,0.023609842760122634,0.023609842760122634,0.019707714422607468,0.01692993664482969,0.021036825527199855,0.021944972581572894
712,0.022834870236705704,0.023609842760122634,0.023609842760122634,0.011374381089274133,0.022485492200385242,0.017635464982982168,0.02299141564178611
716,0.022834870236705704,0.023609842760122634,0.023609842760122634,0.011374381089274133,0.01692993664482969,0.031240907159852914,0.023431225043904713
732,0.022834870236705704,0.023609842760122634,0.023609842760122634,0.036374381089274134,0.02526326997816302,0.02783954661563523,0.021641655752525583
738,0.022834870236705704,0.023609842760122634,0.023609842760122634,0.036374381089274134,0.02526326997816302,0.021036825527199855,0.021611324069620852
755,0.022834870236705704,0.023609842760122634,0.023609842760122634,0.011374381089274133,0.022485492200385242,0.024438186071417543,0.022809425544357727
775,0.022834870236705704,0.023609842760122634,0.023609842760122634,0.011374381089274133,0.01692993664482969,0.021036825527199855,0.022384781983691492
782,0.022834870236705704,0.023609842760122634,0.023609842760122634,0.019707714422607468,0.014152158867051911,0.034642267704070605,0.021732650801239775
793,0.022834870236705704,0.023609842760122634,0.023609842760122634,0.0280410477559408,0.0280410477559408,0.017635464982982168,0.021459665655097198
817,0.022834870236705704,0.023609842760122634,0.023609842760122634,0.044707714422607465,0.036374381089274134,0.017635464982982168,0.02202080178883472
840,0.022834870236705704,0.023609842760122634,0.023609842760122634,0.011374381089274133,0.02526326997816302,0.024438186071417543,0.022445445349500954
857,0.022834870236705704,0.023609842760122634,0.023609842760122634,0.011374381089274133,0.01692993664482969,0.021036825527199855,0.02299141564178611
858,0.022834870236705704,0.023609842760122634,0.023609842760122634,0.011374381089274133,0.019707714422607468,0.021036825527199855,0.02246061119095332
873,0.022834870236705704,0.023609842760122634,0.023609842760122634,0.036374381089274134,0.019707714422607468,0.01423410443876448,0.021520329020906656
882,0.022834870236705704,0.023609842760122634,0.023609842760122634,0.011374381089274133,0.011374381089274133,0.01423410443876448,0.02411368790926116
897,0.022834870236705704,0.023609842760122634,0.023609842760122634,0.0280410477559408,0.0280410477559408,0.021036825527199855,0.021914640898668163
909,0.022834870236705704,0.023609842760122634,0.023609842760122634,0.019707714422607468,0.0280410477559408,0.02783954661563523,0.02221795772771547
939,0.022834870236705704,0.023609842760122634,0.023609842760122634,0.0280410477559408,0.0280410477559408,0.021036825527199855,0.021975304264477625
950,0.022834870236705704,0.023609842760122634,0.023609842760122634,0.019707714422607468,0.022485492200385242,0.034642267704070605,0.022187626044810744
962,0.022834870236705704,0.023609842760122634,0.023609842760122634,0.036374381089274134,0.02526326997816302,0.01423410443876448,0.021762982484144506
986,0.022834870236705704,0.023609842760122634,0.023609842760122634,0.019707714422607468,0.02526326997816302,0.017635464982982168,0.021869143374311065
001,0.022771699042770138,0.02297813082076698,0.02297813082076698,0.0280410477559408,0.02526326997816302,0.024438186071417543,0.021505163179454292
020,0.022771699042770138,0.02297813082076698,0.02297813082076698,0.036374381089274134,0.019707714422607468,0.024438186071417543,0.021702319118335044
044,0.022771699042770138,0.02297813082076698,0.02297813082076698,0.0280410477559408,0.0280410477559408,0.024438186071417543,0.02158099238671612
045,0.022771699042770138,0.02297813082076698,0.02297813082076698,0.011374381089274133,0.019707714422607468,0.024438186071417543,0.022506108715310415
054,0.022771699042770138,0.02297813082076698,0.02297813082076698,0.019707714422607468,0.0280410477559408,0.017635464982982168,0.02223312356916784
076,0.022771699042770138,0.02297813082076698,0.02297813082076698,0.011374381089274133,0.022485492200385242,0.02783954661563523,0.022915586434524286
086,0.022771699042770138,0.02297813082076698,0.02297813082076698,0.0280410477559408,0.02526326997816302,0.01423410443876448,0.021641655752525583
109,0.022771699042770138,0.02297813082076698,0.02297813082076698,0.0280410477559408,0.019707714422607468,0.021036825527199855,0.021611324069620852
126,0.022771699042770138,0.02297813082076698,0.02297813082076698,0.036374381089274134,0.022485492200385242,0.02783954661563523,0.021762982484144506
136,0.022771699042770138,0.02297813082076698,0.02297813082076698,0.0280410477559408,0.02526326997816302,0.034642267704070605,0.02168715327688268
145,0.022771699042770138,0.02297813082076698,0.02297813082076698,0.036374381089274134,0.022485492200385242,0.02783954661563523,0.021399002289287733
157,0.022771699042770138,0.02297813082076698,0.02297813082076698,0.019707714422607468,0.022485492200385242,0.024438186071417543,0.02188430921576343
161,0.022771699042770138,0.02297813082076698,0.02297813082076698,0.011374381089274133,0.014152158867051911,0.024438186071417543,0.024098522067808794
164,0.022771699042770138,0.02297813082076698,0.02297813082076698,0.0280410477559408,0.019707714422607468,0.01423410443876448,0.021702319118335044
172,0.022771699042770138,0.02297813082076698,0.02297813082076698,0.036374381089274134,0.022485492200385242,0.024438186071417543,0.021671987435430314
198,0.022771699042770138,0.02297813082076698,0.02297813082076698,0.036374381089274134,0.036374381089274134,0.021036825527199855,0.021671987435430314
248,0.022771699042770138,0.02297813082076698,0.02297813082076698,0.011374381089274133,0.014152158867051911,0.017635464982982168,0.02285492306871482
265,0.022771699042770138,0.02297813082076698,0.02297813082076698,0.019707714422607468,0.02526326997816302,0.02783954661563523,0.02215729436190601
272,0.022771699042770138,0.02297813082076698,0.02297813082076698,0.0280410477559408,0.02526326997816302,0.021036825527199855,0.021429333972192464
273,0.022771699042770138,0.02297813082076698,0.02297813082076698,0.019707714422607468,0.022485492200385242,0.024438186071417543,0.021459665655097198
279,0.022771699042770138,0.02297813082076698,0.02297813082076698,0.019707714422607468,0.019707714422607468,0.024438186071417543,0.02158099238671612
280,0.022771699042770138,0.02297813082076698,0.02297813082076698,0.0280410477559408,0.02526326997816302,0.017635464982982168,0.021399002289287733
283,0.022771699042770138,0.02297813082076698,0.02297813082076698,0.019707714422607468,0.022485492200385242,0.01423410443876448,0.022202791886263108
301,0.022771699042770138,0.02297813082076698,0.02297813082076698,0.011374381089274133,0.011374381089274133,0.034642267704070605,0.02411368790926116
307,0.022771699042770138,0.02297813082076698,0.02297813082076698,0.011374381089274133,0.019707714422607468,0.02783954661563523,0.02299141564178611
311,0.022771699042770138,0.02297813082076698,0.02297813082076698,0.011374381089274133,0.01692993664482969,0.031240907159852914,0.023704210190047294
371,0.022771699042770138,0.02297813082076698,0.02297813082076698,0.0280410477559408,0.019707714422607468,0.017635464982982168,0.021747816642692142
375,0.022771699042770138,0.02297813082076698,0.02297813082076698,0.011374381089274133,0.01692993664482969,0.017635464982982168,0.022581937922572244
413,0.022771699042770138,0.02297813082076698,0.02297813082076698,0.011374381089274133,0.02526326997816302,0.021036825527199855,0.022703264654191167
416,0.022771699042770138,0.02297813082076698,0.02297813082076698,0.0280410477559408,0.022485492200385242,0.017635464982982168,0.02155066070381139
423,0.022771699042770138,0.02297813082076698,0.02297813082076698,0.011374381089274133,0.01692993664482969,0.021036825527199855,0.022718430495643534
437,0.022771699042770138,0.02297813082076698,0.02297813082076698,0.036374381089274134,0.0280410477559408,0.024438186071417543,0.021520329020906656
438,0.022771699042770138,0.02297813082076698,0.02297813082076698,0.036374381089274134,0.0280410477559408,0.021036825527199855,0.021702319118335044
441,0.022771699042770138,0.02297813082076698,0.02297813082076698,0.019707714422607468,0.0280410477559408,0.031240907159852914,0.0218539775328587
452,0.022771699042770138,0.02297813082076698,0.02297813082076698,0.0280410477559408,0.0280410477559408,0.017635464982982168,0.021975304264477625
462,0.022771699042770138,0.02297813082076698,0.02297813082076698,0.036374381089274134,0.019707714422607468,0.017635464982982168,0.021762982484144506
465,0.022771699042770138,0.02297813082076698,0.02297813082076698,0.0280410477559408,0.02526326997816302,0.021036825527199855,0.021399002289287733
472,0.022771699042770138,0.02297813082076698,0.02297813082076698,0.0280410477559408,0.022485492200385242,0.02783954661563523,0.02199047010592999
478,0.022771699042770138,0.02297813082076698,0.02297813082076698,0.019707714422607468,0.014152158867051911,0.021036825527199855,0.021732650801239775
516,0.022771699042770138,0.02297813082076698,0.02297813082076698,0.044707714422607465,0.0280410477559408,0.021036825527199855,0.021869143374311065
539,0.022771699042770138,0.02297813082076698,0.02297813082076698,0.0280410477559408,0.01692993664482969,0.031240907159852914,0.021732650801239775
558,0.022771699042770138,0.02297813082076698,0.02297813082076698,0.019707714422607468,0.019707714422607468,0.017635464982982168,0.022202791886263108
578,0.022771699042770138,0.02297813082076698,0.02297813082076698,0.0280410477559408,0.019707714422607468,0.021036825527199855,0.021671987435430314
602,0.022771699042770138,0.02297813082076698,0.02297813082076698,0.019707714422607468,0.01692993664482969,0.01423410443876448,0.021747816642692142
641,0.022771699042770138,0.02297813082076698,0.02297813082076698,0.019707714422607468,0.019707714422607468,0.024438186071417543,0.021459665655097198
687,0.022771699042770138,0.02297813082076698,0.02297813082076698,0.044707714422607465,0.03359660331149635,0.017635464982982168,0.021611324069620852
694,0.022771699042770138,0.02297813082076698,0.02297813082076698,0.011374381089274133,0.019707714422607468,0.021036825527199855,0.023294732470833423
703,0.022771699042770138,0.02297813082076698,0.02297813082076698,0.011374381089274133,0.019707714422607468,0.024438186071417543,0.023097576531952674
728,0.022771699042770138,0.02297813082076698,0.02297813082076698,0.019707714422607468,0.019707714422607468,0.024438186071417543,0.021565826545263754
751,0.022771699042770138,0.02297813082076698,0.02297813082076698,0.0280410477559408,0.02526326997816302,0.010832743894546793,0.021975304264477625
753,0.022771699042770138,0.02297813082076698,0.02297813082076698,0.0280410477559408,0.0280410477559408,0.017635464982982168,0.02159615822816849
758,0.022771699042770138,0.02297813082076698,0.02297813082076698,0.011374381089274133,0.01692993664482969,0.021036825527199855,0.023021747324690846
760,0.022771699042770138,0.02297813082076698,0.02297813082076698,0.011374381089274133,0.0280410477559408,0.021036825527199855,0.02235445030078676
762,0.022771699042770138,0.02297813082076698,0.02297813082076698,0.0280410477559408,0.019707714422607468,0.021036825527199855,0.0218539775328587
765,0.022771699042770138,0.02297813082076698,0.02297813082076698,0.011374381089274133,0.022485492200385242,0.024438186071417543,0.02253644039821515
768,0.022771699042770138,0.02297813082076698,0.02297813082076698,0.019707714422607468,0.019707714422607468,0.021036825527199855,0.021944972581572894
776,0.022771699042770138,0.02297813082076698,0.02297813082076698,0.0280410477559408,0.019707714422607468,0.024438186071417543,0.02168715327688268
777,0.022771699042770138,0.02297813082076698,0.02297813082076698,0.0280410477559408,0.022485492200385242,0.02783954661563523,0.0218539775328587
786,0.022771699042770138,0.02297813082076698,0.02297813082076698,0.0280410477559408,0.0280410477559408,0.017635464982982168,0.02171748495978741
800,0.022771699042770138,0.02297813082076698,0.02297813082076698,0.0280410477559408,0.01692993664482969,0.01423410443876448,0.021838811691406335
820,0.022771699042770138,0.02297813082076698,0.02297813082076698,0.011374381089274133,0.019707714422607468,0.021036825527199855,0.023446390885357077
823,0.022771699042770138,0.02297813082076698,0.02297813082076698,0.0280410477559408,0.030818825533718577,0.031240907159852914,0.02168715327688268
824,0.022771699042770138,0.02297813082076698,0.02297813082076698,0.0280410477559408,0.019707714422607468,0.021036825527199855,0.02144449981364483
827,0.022771699042770138,0.02297813082076698,0.02297813082076698,0.036374381089274134,0.03359660331149635,0.02783954661563523,0.021778148325596873
832,0.022771699042770138,0.02297813082076698,0.02297813082076698,0.011374381089274133,0.019707714422607468,0.02783954661563523,0.022733596337095898
859,0.022771699042770138,0.02297813082076698,0.02297813082076698,0.011374381089274133,0.011374381089274133,0.024438186071417543,0.02411368790926116
880,0.022771699042770138,0.02297813082076698,0.02297813082076698,0.011374381089274133,0.01692993664482969,0.017635464982982168,0.022779093861453
892,0.022771699042770138,0.02297813082076698,0.02297813082076698,0.0280410477559408,0.0280410477559408,0.024438186071417543,0.02148999733800193
894,0.022771699042770138,0.02297813082076698,0.02297813082076698,0.0280410477559408,0.0280410477559408,0.02783954661563523,0.021399002289287733
895,0.022771699042770138,0.02297813082076698,0.02297813082076698,0.019707714422607468,0.02526326997816302,0.021036825527199855,0.02202080178883472
900,0.022771699042770138,0.02297813082076698,0.02297813082076698,0.011374381089274133,0.02526326997816302,0.017635464982982168,0.022779093861453
915,0.022771699042770138,0.02297813082076698,0.02297813082076698,0.011374381089274133,0.01692993664482969,0.021036825527199855,0.02232411861788203
918,0.022771699042770138,0.02297813082076698,0.02297813082076698,0.0280410477559408,0.019707714422607468,0.02783954661563523,0.02202080178883472
921,0.022771699042770138,0.02297813082076698,0.02297813082076698,0.011374381089274133,0.0280410477559408,0.034642267704070605,0.02285492306871482
934,0.022771699042770138,0.02297813082076698,0.02297813082076698,0.044707714422607465,0.036374381089274134,0.01423410443876448,0.021702319118335044
942,0.022771699042770138,0.02297813082076698,0.02297813082076698,0.019707714422607468,0.022485492200385242,0.021036825527199855,0.022142128520453646
944,0.022771699042770138,0.02297813082076698,0.02297813082076698,0.044707714422607465,0.022485492200385242,0.034642267704070605,0.021626489911073216
945,0.022771699042770138,0.02297813082076698,0.02297813082076698,0.019707714422607468,0.02526326997816302,0.021036825527199855,0.021429333972192464
955,0.022771699042770138,0.02297813082076698,0.02297813082076698,0.019707714422607468,0.019707714422607468,0.017635464982982168,0.021929806740120527
980,0.022771699042770138,0.02297813082076698,0.02297813082076698,0.011374381089274133,0.019707714422607468,0.024438186071417543,0.022779093861453
988,0.022771699042770138,0.02297813082076698,0.02297813082076698,0.0280410477559408,0.019707714422607468,0.017635464982982168,0.021747816642692142
993,0.022771699042770138,0.02297813082076698,0.02297813082076698,0.0280410477559408,0.022485492200385242,0.021036825527199855,0.021838811691406335
998,0.022771699042770138,0.02297813082076698,0.02297813082076698,0.0280410477559408,0.019707714422607468,0.024438186071417543,0.021778148325596873
012,0.02270852784883457,0.022346418881411326,0.022346418881411326,0.019707714422607468,0.0280410477559408,0.024438186071417543,0.021535494862359023
030,0.02270852784883457,0.022346418881411326,0.022346418881411326,0.011374381089274133,0.019707714422607468,0.021036825527199855,0.02256677208111988
039,0.02270852784883457,0.022346418881411326,0.022346418881411326,0.0280410477559408,0.01692993664482969,0.031240907159852914,0.021702319118335044
043,0.02270852784883457,0.022346418881411326,0.022346418881411326,0.036374381089274134,0.0280410477559408,0.02783954661563523,0.02138383644783537
050,0.02270852784883457,0.022346418881411326,0.022346418881411326,0.0280410477559408,0.022485492200385242,0.031240907159852914,0.02147483149654956
077,0.02270852784883457,0.022346418881411326,0.022346418881411326,0.06970771442260747,0.03359660331149635,0.021036825527199855,0.021520329020906656
084,0.02270852784883457,0.022346418881411326,0.022346418881411326,0.0280410477559408,0.030818825533718577,0.031240907159852914,0.021565826545263754
096,0.02270852784883457,0.022346418881411326,0.022346418881411326,0.036374381089274134,0.022485492200385242,0.02783954661563523,0.021641655752525583
104,0.02270852784883457,0.022346418881411326,0.022346418881411326,0.011374381089274133,0.02526326997816302,0.021036825527199855,0.022809425544357727
113,0.02270852784883457,0.022346418881411326,0.022346418881411326,0.011374381089274133,0.030818825533718577,0.021036825527199855,0.022339284459334394
117,0.02270852784883457,0.022346418881411326,0.022346418881411326,0.019707714422607468,0.022485492200385242,0.021036825527199855,0.021869143374311065
123,0.02270852784883457,0.022346418881411326,0.022346418881411326,0.019707714422607468,0.0280410477559408,0.034642267704070605,0.021899475057215796
129,0.02270852784883457,0.022346418881411326,0.022346418881411326,0.019707714422607468,0.014152158867051911,0.01423410443876448,0.021975304264477625
130,0.02270852784883457,0.022346418881411326,0.022346418881411326,0.0280410477559408,0.019707714422607468,0.024438186071417543,0.021641655752525583
143,0.02270852784883457,0.022346418881411326,0.022346418881411326,0.011374381089274133,0.01692993664482969,0.01423410443876448,0.022612269605476975
153,0.02270852784883457,0.022346418881411326,0.022346418881411326,0.011374381089274133,0.011374381089274133,0.031240907159852914,0.02411368790926116
180,0.02270852784883457,0.022346418881411326,0.022346418881411326,0.019707714422607468,0.02526326997816302,0.02783954661563523,0.021732650801239775
188,0.02270852784883457,0.022346418881411326,0.022346418881411326,0.0530410477559408,0.030818825533718577,0.01423410443876448,0.021459665655097198
192,0.02270852784883457,0.022346418881411326,0.022346418881411326,0.0280410477559408,0.02526326997816302,0.01423410443876448,0.021626489911073216
195,0.02270852784883457,0.022346418881411326,0.022346418881411326,0.019707714422607468,0.01692993664482969,0.024438186071417543,0.022248289410620202
197,0.02270852784883457,0.022346418881411326,0.022346418881411326,0.019707714422607468,0.022485492200385242,0.04144498879250598,0.02158099238671612
199,0.02270852784883457,0.022346418881411326,0.022346418881411326,0.036374381089274134,0.022485492200385242,0.031240907159852914,0.02155066070381139
219,0.02270852784883457,0.022346418881411326,0.022346418881411326,0.019707714422607468,0.019707714422607468,0.02783954661563523,0.021429333972192464
232,0.02270852784883457,0.022346418881411326,0.022346418881411326,0.0280410477559408,0.02526326997816302,0.021036825527199855,0.021929806740120527
237,0.02270852784883457,0.022346418881411326,0.022346418881411326,0.036374381089274134,0.0280410477559408,0.02783954661563523,0.02144449981364483
261,0.02270852784883457,0.022346418881411326,0.022346418881411326,0.0280410477559408,0.02526326997816302,0.01423410443876448,0.021626489911073216
327,0.02270852784883457,0.022346418881411326,0.022346418881411326,0.019707714422607468,0.0280410477559408,0.021036825527199855,0.02155066070381139
331,0.02270852784883457,0.022346418881411326,0.022346418881411326,0.011374381089274133,0.022485492200385242,0.021036825527199855,0.022703264654191167
340,0.02270852784883457,0.022346418881411326,0.022346418881411326,0.019707714422607468,0.02526326997816302,0.010832743894546793,0.021929806740120527
346,0.02270852784883457,0.022346418881411326,0.022346418881411326,0.019707714422607468,0.022485492200385242,0.021036825527199855,0.02168715327688268
347,0.02270852784883457,0.022346418881411326,0.022346418881411326,0.0280410477559408,0.01692993664482969,0.021036825527199855,0.021429333972192464
376,0.02270852784883457,0.022346418881411326,0.022346418881411326,0.0280410477559408,0.02526326997816302,0.02783954661563523,0.0214141681307401
385,0.02270852784883457,0.022346418881411326,0.022346418881411326,0.019707714422607468,0.02526326997816302,0.021036825527199855,0.02144449981364483
388,0.02270852784883457,0.022346418881411326,0.022346418881411326,0.019707714422607468,0.019707714422607468,0.031240907159852914,0.02199047010592999
407,0.02270852784883457,0.022346418881411326,0.022346418881411326,0.011374381089274133,0.022485492200385242,0.024438186071417543,0.02293075227597665
412,0.02270852784883457,0.022346418881411326,0.022346418881411326,0.0280410477559408,0.03359660331149635,0.021036825527199855,0.021656821593977946
426,0.02270852784883457,0.022346418881411326,0.022346418881411326,0.019707714422607468,0.022485492200385242,0.021036825527199855,0.02188430921576343
428,0.02270852784883457,0.022346418881411326,0.022346418881411326,0.011374381089274133,0.022485492200385242,0.021036825527199855,0.02239994782514386
444,0.02270852784883457,0.022346418881411326,0.022346418881411326,0.011374381089274133,0.019707714422607468,0.010832743894546793,0.023325064153738157
458,0.02270852784883457,0.022346418881411326,0.022346418881411326,0.019707714422607468,0.030818825533718577,0.017635464982982168,0.021732650801239775
479,0.02270852784883457,0.022346418881411326,0.022346418881411326,0.0280410477559408,0.0280410477559408,0.021036825527199855,0.021671987435430314
495,0.02270852784883457,0.022346418881411326,0.022346418881411326,0.019707714422607468,0.022485492200385242,0.01423410443876448,0.022278621093524936
498,0.02270852784883457,0.022346418881411326,0.022346418881411326,0.0280410477559408,0.0280410477559408,0.021036825527199855,0.021399002289287733
503,0.02270852784883457,0.022346418881411326,0.022346418881411326,0.019707714422607468,0.02526326997816302,0.010832743894546793,0.02144449981364483
507,0.02270852784883457,0.022346418881411326,0.022346418881411326,0.0280410477559408,0.02526326997816302,0.024438186071417543,0.02171748495978741
521,0.02270852784883457,0.022346418881411326,0.022346418881411326,0.0280410477559408,0.022485492200385242,0.017635464982982168,0.021944972581572894
530,0.02270852784883457,0.022346418881411326,0.022346418881411326,0.036374381089274134,0.022485492200385242,0.024438186071417543,0.02158099238671612
536,0.02270852784883457,0.022346418881411326,0.022346418881411326,0.019707714422607468,0.0280410477559408,0.02783954661563523,0.021808480008501604
560,0.02270852784883457,0.022346418881411326,0.022346418881411326,0.011374381089274133,0.014152158867051911,0.024438186071417543,0.023507054251166542
562,0.02270852784883457,0.022346418881411326,0.022346418881411326,0.019707714422607468,0.030818825533718577,0.024438186071417543,0.02221795772771547
585,0.02270852784883457,0.022346418881411326,0.022346418881411326,0.019707714422607468,0.022485492200385242,0.021036825527199855,0.021505163179454292
616,0.02270852784883457,0.022346418881411326,0.022346418881411326,0.0280410477559408,0.019707714422607468,0.017635464982982168,0.022066299313191817
621,0.02270852784883457,0.022346418881411326,0.022346418881411326,0.019707714422607468,0.022485492200385242,0.01423410443876448,0.022187626044810744
630,0.02270852784883457,0.022346418881411326,0.022346418881411326,0.011374381089274133,0.019707714422607468,0.017635464982982168,0.02293075227597665
631,0.02270852784883457,0.022346418881411326,0.022346418881411326,0.019707714422607468,0.022485492200385242,0.017635464982982168,0.022187626044810744
639,0.02270852784883457,0.022346418881411326,0.022346418881411326,0.019707714422607468,0.019707714422607468,0.021036825527199855,0.02148999733800193
644,0.02270852784883457,0.022346418881411326,0.022346418881411326,0.036374381089274134,0.02526326997816302,0.02783954661563523,0.02147483149654956
655,0.02270852784883457,0.022346418881411326,0.022346418881411326,0.036374381089274134,0.022485492200385242,0.01423410443876448,0.02148999733800193
663,0.02270852784883457,0.022346418881411326,0.022346418881411326,0.011374381089274133,0.014152158867051911,0.01423410443876448,0.022657767129834073
674,0.02270852784883457,0.022346418881411326,0.022346418881411326,0.019707714422607468,0.01692993664482969,0.017635464982982168,0.02155066070381139
675,0.02270852784883457,0.022346418881411326,0.022346418881411326,0.019707714422607468,0.019707714422607468,0.017635464982982168,0.021762982484144506
681,0.02270852784883457,0.022346418881411326,0.022346418881411326,0.011374381089274133,0.014152158867051911,0.021036825527199855,0.023689044348594923
695,0.02270852784883457,0.022346418881411326,0.022346418881411326,0.011374381089274133,0.02526326997816302,0.021036825527199855,0.022369616142239125
707,0.02270852784883457,0.022346418881411326,0.022346418881411326,0.019707714422607468,0.019707714422607468,0.021036825527199855,0.022096630996096548
708,0.02270852784883457,0.022346418881411326,0.022346418881411326,0.036374381089274134,0.036374381089274134,0.021036825527199855,0.021641655752525583
731,0.02270852784883457,0.022346418881411326,0.022346418881411326,0.011374381089274133,0.02526326997816302,0.017635464982982168,0.022733596337095898
737,0.02270852784883457,0.022346418881411326,0.022346418881411326,0.036374381089274134,0.0280410477559408,0.017635464982982168,0.021808480008501604
741,0.02270852784883457,0.022346418881411326,0.022346418881411326,0.011374381089274133,0.014152158867051911,0.031240907159852914,0.02239994782514386
746,0.02270852784883457,0.022346418881411326,0.022346418881411326,0.036374381089274134,0.022485492200385242,0.02783954661563523,0.021520329020906656
769,0.02270852784883457,0.022346418881411326,0.022346418881411326,0.011374381089274133,0.022485492200385242,0.021036825527199855,0.022521274556762783
778,0.02270852784883457,0.022346418881411326,0.022346418881411326,0.011374381089274133,0.01692993664482969,0.031240907159852914,0.023188571580666867
779,0.02270852784883457,0.022346418881411326,0.022346418881411326,0.019707714422607468,0.022485492200385242,0.02783954661563523,0.021747816642692142
781,0.02270852784883457,0.022346418881411326,0.022346418881411326,0.0280410477559408,0.022485492200385242,0.03804362824828829,0.02144449981364483
787,0.02270852784883457,0.022346418881411326,0.022346418881411326,0.019707714422607468,0.019707714422607468,0.02783954661563523,0.02226345525207257
788,0.02270852784883457,0.022346418881411326,0.022346418881411326,0.011374381089274133,0.02526326997816302,0.024438186071417543,0.022384781983691492
796,0.02270852784883457,0.022346418881411326,0.022346418881411326,0.019707714422607468,0.0280410477559408,0.021036825527199855,0.021944972581572894
803,0.02270852784883457,0.022346418881411326,0.022346418881411326,0.019707714422607468,0.019707714422607468,0.021036825527199855,0.02159615822816849
810,0.02270852784883457,0.022346418881411326,0.022346418881411326,0.019707714422607468,0.019707714422607468,0.017635464982982168,0.021975304264477625
833,0.02270852784883457,0.022346418881411326,0.022346418881411326,0.019707714422607468,0.02526326997816302,0.02783954661563523,0.02215729436190601
855,0.02270852784883457,0.022346418881411326,0.022346418881411326,0.036374381089274134,0.02526326997816302,0.017635464982982168,0.02138383644783537
860,0.02270852784883457,0.022346418881411326,0.022346418881411326,0.019707714422607468,0.036374381089274134,0.021036825527199855,0.0214141681307401
872,0.02270852784883457,0.022346418881411326,0.022346418881411326,0.0280410477559408,0.030818825533718577,0.024438186071417543,0.021899475057215796
890,0.02270852784883457,0.022346418881411326,0.022346418881411326,0.011374381089274133,0.019707714422607468,0.010832743894546793,0.022612269605476975
905,0.02270852784883457,0.022346418881411326,0.022346418881411326,0.011374381089274133,0.011374381089274133,0.024438186071417543,0.02411368790926116
907,0.02270852784883457,0.022346418881411326,0.022346418881411326,0.0280410477559408,0.0280410477559408,0.024438186071417543,0.02158099238671612
911,0.02270852784883457,0.022346418881411326,0.022346418881411326,0.044707714422607465,0.030818825533718577,0.01423410443876448,0.02155066070381139
919,0.02270852784883457,0.022346418881411326,0.022346418881411326,0.0280410477559408,0.02526326997816302,0.021036825527199855,0.02158099238671612
928,0.02270852784883457,0.022346418881411326,0.022346418881411326,0.019707714422607468,0.01692993664482969,0.02783954661563523,0.022202791886263108
948,0.02270852784883457,0.022346418881411326,0.022346418881411326,0.0280410477559408,0.0280410477559408,0.01423410443876448,0.022142128520453646
951,0.02270852784883457,0.022346418881411326,0.022346418881411326,0.0280410477559408,0.02526326997816302,0.021036825527199855,0.02144449981364483
963,0.02270852784883457,0.022346418881411326,0.022346418881411326,0.019707714422607468,0.022485492200385242,0.024438186071417543,0.021732650801239775
969,0.02270852784883457,0.022346418881411326,0.022346418881411326,0.0280410477559408,0.019707714422607468,0.01423410443876448,0.02144449981364483
970,0.02270852784883457,0.022346418881411326,0.022346418881411326,0.019707714422607468,0.014152158867051911,0.010832743894546793,0.02159615822816849
972,0.02270852784883457,0.022346418881411326,0.022346418881411326,0.011374381089274133,0.022485492200385242,0.02783954661563523,0.022597103764024608
976,0.02270852784883457,0.022346418881411326,0.022346418881411326,0.0280410477559408,0.030818825533718577,0.021036825527199855,0.021459665655097198
984,0.02270852784883457,0.022346418881411326,0.022346418881411326,0.044707714422607465,0.030818825533718577,0.02783954661563523,0.021505163179454292
991,0.02270852784883457,0.022346418881411326,0.022346418881411326,0.019707714422607468,0.019707714422607468,0.024438186071417543,0.021505163179454292
994,0.02270852784883457,0.022346418881411326,0.022346418881411326,0.0280410477559408,0.019707714422607468,0.024438186071417543,0.021429333972192464
005,0.022645356654899005,0.021714706942055673,0.021714706942055673,0.019707714422607468,0.014152158867051911,0.021036825527199855,0.02226345525207257
024,0.022645356654899005,0.021714706942055673,0.021714706942055673,0.0280410477559408,0.022485492200385242,0.024438186071417543,0.021656821593977946
025,0.022645356654899005,0.021714706942055673,0.021714706942055673,0.019707714422607468,0.0280410477559408,0.021036825527199855,0.021429333972192464
038,0.022645356654899005,0.021714706942055673,0.021714706942055673,0.0280410477559408,0.022485492200385242,0.021036825527199855,0.021429333972192464
083,0.022645356654899005,0.021714706942055673,0.021714706942055673,0.019707714422607468,0.030818825533718577,0.021036825527199855,0.021793314167049237
093,0.022645356654899005,0.021714706942055673,0.021714706942055673,0.011374381089274133,0.014152158867051911,0.024438186071417543,0.023704210190047294
100,0.022645356654899005,0.021714706942055673,0.021714706942055673,0.011374381089274133,0.022485492200385242,0.01423410443876448,0.02267293297128644
108,0.022645356654899005,0.021714706942055673,0.021714706942055673,0.011374381089274133,0.01692993664482969,0.02783954661563523,0.022718430495643534
128,0.022645356654899005,0.021714706942055673,0.021714706942055673,0.019707714422607468,0.022485492200385242,0.021036825527199855,0.021975304264477625
141,0.022645356654899005,0.021714706942055673,0.021714706942055673,0.019707714422607468,0.022485492200385242,0.01423410443876448,0.021732650801239775
165,0.022645356654899005,0.021714706942055673,0.021714706942055673,0.011374381089274133,0.02526326997816302,0.01423410443876448,0.022551606239667513
170,0.022645356654899005,0.021714706942055673,0.021714706942055673,0.019707714422607468,0.022485492200385242,0.017635464982982168,0.022005635947382356
210,0.022645356654899005,0.021714706942055673,0.021714706942055673,0.019707714422607468,0.01692993664482969,0.01423410443876448,0.021914640898668163
212,0.022645356654899005,0.021714706942055673,0.021714706942055673,0.0280410477559408,0.02526326997816302,0.017635464982982168,0.021869143374311065
223,0.022645356654899005,0.021714706942055673,0.021714706942055673,0.019707714422607468,0.02526326997816302,0.024438186071417543,0.021399002289287733
258,0.022645356654899005,0.021714706942055673,0.021714706942055673,0.019707714422607468,0.01692993664482969,0.024438186071417543,0.02188430921576343
276,0.022645356654899005,0.021714706942055673,0.021714706942055673,0.0280410477559408,0.022485492200385242,0.021036825527199855,0.02159615822816849
286,0.022645356654899005,0.021714706942055673,0.021714706942055673,0.019707714422607468,0.022485492200385242,0.031240907159852914,0.02171748495978741
290,0.022645356654899005,0.021714706942055673,0.021714706942055673,0.019707714422607468,0.0280410477559408,0.02783954661563523,0.02188430921576343
309,0.022645356654899005,0.021714706942055673,0.021714706942055673,0.011374381089274133,0.011374381089274133,0.01423410443876448,0.02411368790926116
319,0.022645356654899005,0.021714706942055673,0.021714706942055673,0.011374381089274133,0.019707714422607468,0.021036825527199855,0.02256677208111988
325,0.022645356654899005,0.021714706942055673,0.021714706942055673,0.019707714422607468,0.022485492200385242,0.031240907159852914,0.021899475057215796
329,0.022645356654899005,0.021714706942055673,0.021714706942055673,0.0280410477559408,0.0280410477559408,0.017635464982982168,0.02188430921576343
334,0.022645356654899005,0.021714706942055673,0.021714706942055673,0.044707714422607465,0.02526326997816302,0.021036825527199855,0.021626489911073216
342,0.022645356654899005,0.021714706942055673,0.021714706942055673,0.011374381089274133,0.022485492200385242,0.021036825527199855,0.023052079007595577
350,0.022645356654899005,0.021714706942055673,0.021714706942055673,0.019707714422607468,0.02526326997816302,0.021036825527199855,0.022005635947382356
355,0.022645356654899005,0.021714706942055673,0.021714706942055673,0.0280410477559408,0.030818825533718577,0.024438186071417543,0.021671987435430314
384,0.022645356654899005,0.021714706942055673,0.021714706942055673,0.0280410477559408,0.03359660331149635,0.021036825527199855,0.021626489911073216
420,0.022645356654899005,0.021714706942055673,0.021714706942055673,0.036374381089274134,0.022485492200385242,0.021036825527199855,0.021611324069620852
424,0.022645356654899005,0.021714706942055673,0.021714706942055673,0.011374381089274133,0.014152158867051911,0.02783954661563523,0.02243027950804859
433,0.022645356654899005,0.021714706942055673,0.021714706942055673,0.036374381089274134,0.019707714422607468,0.024438186071417543,0.021626489911073216
439,0.022645356654899005,0.021714706942055673,0.021714706942055673,0.019707714422607468,0.014152158867051911,0.021036825527199855,0.021762982484144506
454,0.022645356654899005,0.021714706942055673,0.021714706942055673,0.011374381089274133,0.014152158867051911,0.017635464982982168,0.023188571580666867
483,0.022645356654899005,0.021714706942055673,0.021714706942055673,0.036374381089274134,0.02526326997816302,0.02783954661563523,0.02147483149654956
493,0.022645356654899005,0.021714706942055673,0.021714706942055673,0.036374381089274134,0.022485492200385242,0.010832743894546793,0.021747816642692142
504,0.022645356654899005,0.021714706942055673,0.021714706942055673,0.044707714422607465,0.030818825533718577,0.017635464982982168,0.02148999733800193
518,0.022645356654899005,0.021714706942055673,0.021714706942055673,0.0280410477559408,0.022485492200385242,0.021036825527199855,0.021975304264477625
528,0.022645356654899005,0.021714706942055673,0.021714706942055673,0.0280410477559408,0.0280410477559408,0.021036825527199855,0.021869143374311065
529,0.022645356654899005,0.021714706942055673,0.021714706942055673,0.019707714422607468,0.01692993664482969,0.017635464982982168,0.021747816642692142
554,0.022645356654899005,0.021714706942055673,0.021714706942055673,0.0280410477559408,0.030818825533718577,0.03804362824828829,0.0214141681307401
563,0.022645356654899005,0.021714706942055673,0.021714706942055673,0.011374381089274133,0.01692993664482969,0.021036825527199855,0.023218903263571594
575,0.022645356654899005,0.021714706942055673,0.021714706942055673,0.0280410477559408,0.019707714422607468,0.02783954661563523,0.02147483149654956
580,0.022645356654899005,0.021714706942055673,0.021714706942055673,0.036374381089274134,0.022485492200385242,0.017635464982982168,0.02144449981364483
587,0.022645356654899005,0.021714706942055673,0.021714706942055673,0.0280410477559408,0.019707714422607468,0.021036825527199855,0.02171748495978741
589,0.022645356654899005,0.021714706942055673,0.021714706942055673,0.011374381089274133,0.014152158867051911,0.01423410443876448,0.024068190384904067
590,0.022645356654899005,0.021714706942055673,0.021714706942055673,0.036374381089274134,0.022485492200385242,0.021036825527199855,0.021641655752525583
604,0.022645356654899005,0.021714706942055673,0.021714706942055673,0.019707714422607468,0.01692993664482969,0.024438186071417543,0.02144449981364483
611,0.022645356654899005,0.021714706942055673,0.021714706942055673,0.036374381089274134,0.0280410477559408,0.02783954661563523,0.021505163179454292
635,0.022645356654899005,0.021714706942055673,0.021714706942055673,0.044707714422607465,0.030818825533718577,0.024438186071417543,0.02148999733800193
638,0.022645356654899005,0.021714706942055673,0.021714706942055673,0.0280410477559408,0.03359660331149635,0.021036825527199855,0.02202080178883472
646,0.022645356654899005,0.021714706942055673,0.021714706942055673,0.0280410477559408,0.02526326997816302,0.021036825527199855,0.0218539775328587
648,0.022645356654899005,0.021714706942055673,0.021714706942055673,0.0530410477559408,0.0280410477559408,0.01423410443876448,0.021429333972192464
678,0.022645356654899005,0.021714706942055673,0.021714706942055673,0.019707714422607468,0.022485492200385242,0.017635464982982168,0.0214141681307401
692,0.022645356654899005,0.021714706942055673,0.021714706942055673,0.011374381089274133,0.01692993664482969,0.017635464982982168,0.022521274556762783
702,0.022645356654899005,0.021714706942055673,0.021714706942055673,0.0280410477559408,0.02526326997816302,0.02783954661563523,0.02199047010592999
721,0.022645356654899005,0.021714706942055673,0.021714706942055673,0.011374381089274133,0.01692993664482969,0.024438186071417543,0.023931697811832776
756,0.022645356654899005,0.021714706942055673,0.021714706942055673,0.019707714422607468,0.014152158867051911,0.02783954661563523,0.02168715327688268
798,0.022645356654899005,0.021714706942055673,0.021714706942055673,0.011374381089274133,0.014152158867051911,0.017635464982982168,0.023734541872952025
815,0.022645356654899005,0.021714706942055673,0.021714706942055673,0.011374381089274133,0.014152158867051911,0.024438186071417543,0.022915586434524286
831,0.022645356654899005,0.021714706942055673,0.021714706942055673,0.019707714422607468,0.02526326997816302,0.021036825527199855,0.02171748495978741
835,0.022645356654899005,0.021714706942055673,0.021714706942055673,0.011374381089274133,0.014152158867051911,0.02783954661563523,0.023309898312285787
837,0.022645356654899005,0.021714706942055673,0.021714706942055673,0.019707714422607468,0.014152158867051911,0.024438186071417543,0.02147483149654956
865,0.022645356654899005,0.021714706942055673,0.021714706942055673,0.019707714422607468,0.019707714422607468,0.017635464982982168,0.021520329020906656
920,0.022645356654899005,0.021714706942055673,0.021714706942055673,0.019707714422607468,0.019707714422607468,0.017635464982982168,0.02159615822816849
941,0.022645356654899005,0.021714706942055673,0.021714706942055673,0.0280410477559408,0.030818825533718577,0.017635464982982168,0.02199047010592999
954,0.022645356654899005,0.021714706942055673,0.021714706942055673,0.0280410477559408,0.022485492200385242,0.02783954661563523,0.021793314167049237
985,0.022645356654899005,0.021714706942055673,0.021714706942055673,0.0280410477559408,0.022485492200385242,0.021036825527199855,0.021520329020906656
992,0.022645356654899005,0.021714706942055673,0.021714706942055673,0.011374381089274133,0.01692993664482969,0.034642267704070605,0.02290042059307192
011,0.022582185460963442,0.02108299500270002,0.02108299500270002,0.036374381089274134,0.0280410477559408,0.024438186071417543,0.02182364584995397
015,0.022582185460963442,0.02108299500270002,0.02108299500270002,0.019707714422607468,0.019707714422607468,0.017635464982982168,0.02223312356916784
018,0.022582185460963442,0.02108299500270002,0.02108299500270002,0.0280410477559408,0.019707714422607468,0.02783954661563523,0.02202080178883472
048,0.022582185460963442,0.02108299500270002,0.02108299500270002,0.0280410477559408,0.022485492200385242,0.021036825527199855,0.021641655752525583
064,0.022582185460963442,0.02108299500270002,0.02108299500270002,0.0280410477559408,0.022485492200385242,0.024438186071417543,0.02211179683754891
065,0.022582185460963442,0.02108299500270002,0.02108299500270002,0.011374381089274133,0.019707714422607468,0.017635464982982168,0.022733596337095898
067,0.022582185460963442,0.02108299500270002,0.02108299500270002,0.019707714422607468,0.01692993664482969,0.02783954661563523,0.021929806740120527
078,0.022582185460963442,0.02108299500270002,0.02108299500270002,0.019707714422607468,0.014152158867051911,0.02783954661563523,0.021611324069620852
089,0.022582185460963442,0.02108299500270002,0.02108299500270002,0.011374381089274133,0.01692993664482969,0.024438186071417543,0.022779093861453
101,0.022582185460963442,0.02108299500270002,0.02108299500270002,0.011374381089274133,0.014152158867051911,0.021036825527199855,0.02324923494647633
107,0.022582185460963442,0.02108299500270002,0.02108299500270002,0.0280410477559408,0.019707714422607468,0.02783954661563523,0.02196013842302526
137,0.022582185460963442,0.02108299500270002,0.02108299500270002,0.019707714422607468,0.030818825533718577,0.01423410443876448,0.021838811691406335
148,0.022582185460963442,0.02108299500270002,0.02108299500270002,0.019707714422607468,0.03359660331149635,0.021036825527199855,0.021808480008501604
154,0.022582185460963442,0.02108299500270002,0.02108299500270002,0.019707714422607468,0.019707714422607468,0.010832743894546793,0.022172460203358377
156,0.022582185460963442,0.02108299500270002,0.02108299500270002,0.019707714422607468,0.022485492200385242,0.021036825527199855,0.021914640898668163
163,0.022582185460963442,0.02108299500270002,0.02108299500270002,0.019707714422607468,0.019707714422607468,0.017635464982982168,0.022278621093524936
185,0.022582185460963442,0.02108299500270002,0.02108299500270002,0.0280410477559408,0.030818825533718577,0.021036825527199855,0.021611324069620852
187,0.022582185460963442,0.02108299500270002,0.02108299500270002,0.011374381089274133,0.014152158867051911,0.01423410443876448,0.023006581483238482
203,0.022582185460963442,0.02108299500270002,0.02108299500270002,0.011374381089274133,0.019707714422607468,0.017635464982982168,0.02290042059307192
209,0.022582185460963442,0.02108299500270002,0.02108299500270002,0.019707714422607468,0.019707714422607468,0.010832743894546793,0.021626489911073216
214,0.022582185460963442,0.02108299500270002,0.02108299500270002,0.011374381089274133,0.022485492200385242,0.017635464982982168,0.022612269605476975
229,0.022582185460963442,0.02108299500270002,0.02108299500270002,0.019707714422607468,0.02526326997816302,0.01423410443876448,0.022187626044810744
241,0.022582185460963442,0.02108299500270002,0.02108299500270002,0.0280410477559408,0.022485492200385242,0.021036825527199855,0.02155066070381139
245,0.022582185460963442,0.02108299500270002,0.02108299500270002,0.0280410477559408,0.0280410477559408,0.031240907159852914,0.021671987435430314
262,0.022582185460963442,0.02108299500270002,0.02108299500270002,0.019707714422607468,0.019707714422607468,0.024438186071417543,0.021399002289287733
266,0.022582185460963442,0.02108299500270002,0.02108299500270002,0.019707714422607468,0.01692993664482969,0.017635464982982168,0.02215729436190601
281,0.022582185460963442,0.02108299500270002,0.02108299500270002,0.011374381089274133,0.019707714422607468,0.017635464982982168,0.02285492306871482
282,0.022582185460963442,0.02108299500270002,0.02108299500270002,0.019707714422607468,0.01692993664482969,0.017635464982982168,0.02159615822816849
284,0.022582185460963442,0.02108299500270002,0.02108299500270002,0.019707714422607468,0.02526326997816302,0.017635464982982168,0.021808480008501604
285,0.022582185460963442,0.02108299500270002,0.02108299500270002,0.011374381089274133,0.014152158867051911,0.01423410443876448,0.023294732470833423
305,0.022582185460963442,0.02108299500270002,0.02108299500270002,0.019707714422607468,0.0280410477559408,0.017635464982982168,0.021520329020906656
337,0.022582185460963442,0.02108299500270002,0.02108299500270002,0.011374381089274133,0.019707714422607468,0.034642267704070605,0.022597103764024608
361,0.022582185460963442,0.02108299500270002,0.02108299500270002,0.019707714422607468,0.022485492200385242,0.017635464982982168,0.022035967630287086
366,0.022582185460963442,0.02108299500270002,0.02108299500270002,0.011374381089274133,0.01692993664482969,0.021036825527199855,0.022794259702905363
386,0.022582185460963442,0.02108299500270002,0.02108299500270002,0.0280410477559408,0.01692993664482969,0.017635464982982168,0.02144449981364483
404,0.022582185460963442,0.02108299500270002,0.02108299500270002,0.0280410477559408,0.022485492200385242,0.021036825527199855,0.021732650801239775
410,0.022582185460963442,0.02108299500270002,0.02108299500270002,0.011374381089274133,0.022485492200385242,0.021036825527199855,0.022688098812738804
414,0.022582185460963442,0.02108299500270002,0.02108299500270002,0.011374381089274133,0.019707714422607468,0.010832743894546793,0.022733596337095898
421,0.022582185460963442,0.02108299500270002,0.02108299500270002,0.011374381089274133,0.01692993664482969,0.021036825527199855,0.022794259702905363
448,0.022582185460963442,0.02108299500270002,0.02108299500270002,0.019707714422607468,0.022485492200385242,0.021036825527199855,0.021565826545263754
464,0.022582185460963442,0.02108299500270002,0.02108299500270002,0.019707714422607468,0.019707714422607468,0.021036825527199855,0.02223312356916784
467,0.022582185460963442,0.02108299500270002,0.02108299500270002,0.011374381089274133,0.014152158867051911,0.024438186071417543,0.022369616142239125
476,0.022582185460963442,0.02108299500270002,0.02108299500270002,0.011374381089274133,0.01692993664482969,0.02783954661563523,0.02235445030078676
494,0.022582185460963442,0.02108299500270002,0.02108299500270002,0.0280410477559408,0.022485492200385242,0.017635464982982168,0.021611324069620852
496,0.022582185460963442,0.02108299500270002,0.02108299500270002,0.019707714422607468,0.01692993664482969,0.017635464982982168,0.021869143374311065
500,0.022582185460963442,0.02108299500270002,0.02108299500270002,0.011374381089274133,0.01692993664482969,0.021036825527199855,0.022733596337095898
514,0.022582185460963442,0.02108299500270002,0.02108299500270002,0.0280410477559408,0.02526326997816302,0.021036825527199855,0.021671987435430314
520,0.022582185460963442,0.02108299500270002,0.02108299500270002,0.0280410477559408,0.02526326997816302,0.024438186071417543,0.02196013842302526
524,0.022582185460963442,0.02108299500270002,0.02108299500270002,0.036374381089274134,0.02526326997816302,0.024438186071417543,0.02159615822816849
534,0.022582185460963442,0.02108299500270002,0.02108299500270002,0.019707714422607468,0.014152158867051911,0.017635464982982168,0.021535494862359023
537,0.022582185460963442,0.02108299500270002,0.02108299500270002,0.0280410477559408,0.03359660331149635,0.031240907159852914,0.02148999733800193
538,0.022582185460963442,0.02108299500270002,0.02108299500270002,0.019707714422607468,0.014152158867051911,0.017635464982982168,0.021656821593977946
564,0.022582185460963442,0.02108299500270002,0.02108299500270002,0.011374381089274133,0.022485492200385242,0.017635464982982168,0.023021747324690846
591,0.022582185460963442,0.02108299500270002,0.02108299500270002,0.011374381089274133,0.01692993664482969,0.01423410443876448,0.023628380982785465
608,0.022582185460963442,0.02108299500270002,0.02108299500270002,0.011374381089274133,0.01692993664482969,0.01423410443876448,0.022839757227262458
622,0.022582185460963442,0.02108299500270002,0.02108299500270002,0.061374381089274135,0.03359660331149635,0.024438186071417543,0.02158099238671612
623,0.022582185460963442,0.02108299500270002,0.02108299500270002,0.011374381089274133,0.01692993664482969,0.010832743894546793,0.023127908214857402
637,0.022582185460963442,0.02108299500270002,0.02108299500270002,0.0280410477559408,0.0280410477559408,0.021036825527199855,0.02168715327688268
649,0.022582185460963442,0.02108299500270002,0.02108299500270002,0.036374381089274134,0.022485492200385242,0.01423410443876448,0.022051133471739454
660,0.022582185460963442,0.02108299500270002,0.02108299500270002,0.011374381089274133,0.02526326997816302,0.021036825527199855,0.02276392802000063
671,0.022582185460963442,0.02108299500270002,0.02108299500270002,0.011374381089274133,0.01692993664482969,0.024438186071417543,0.022809425544357727
673,0.022582185460963442,0.02108299500270002,0.02108299500270002,0.011374381089274133,0.014152158867051911,0.01423410443876448,0.023188571580666867
677,0.022582185460963442,0.02108299500270002,0.02108299500270002,0.0280410477559408,0.019707714422607468,0.024438186071417543,0.021899475057215796
699,0.022582185460963442,0.02108299500270002,0.02108299500270002,0.036374381089274134,0.02526326997816302,0.02783954661563523,0.022005635947382356
711,0.022582185460963442,0.02108299500270002,0.02108299500270002,0.019707714422607468,0.022485492200385242,0.024438186071417543,0.02138383644783537
719,0.022582185460963442,0.02108299500270002,0.02108299500270002,0.036374381089274134,0.02526326997816302,0.024438186071417543,0.02147483149654956
723,0.022582185460963442,0.02108299500270002,0.02108299500270002,0.011374381089274133,0.01692993664482969,0.021036825527199855,0.022551606239667513
725,0.022582185460963442,0.02108299500270002,0.02108299500270002,0.019707714422607468,0.01692993664482969,0.01423410443876448,0.022081465154644184
771,0.022582185460963442,0.02108299500270002,0.02108299500270002,0.019707714422607468,0.022485492200385242,0.021036825527199855,0.0214141681307401
790,0.022582185460963442,0.02108299500270002,0.02108299500270002,0.044707714422607465,0.02526326997816302,0.021036825527199855,0.021732650801239775
809,0.022582185460963442,0.02108299500270002,0.02108299500270002,0.011374381089274133,0.022485492200385242,0.03804362824828829,0.022445445349500954
818,0.022582185460963442,0.02108299500270002,0.02108299500270002,0.011374381089274133,0.014152158867051911,0.02783954661563523,0.023294732470833423
822,0.022582185460963442,0.02108299500270002,0.02108299500270002,0.011374381089274133,0.01692993664482969,0.024438186071417543,0.023628380982785465
838,0.022582185460963442,0.02108299500270002,0.02108299500270002,0.0280410477559408,0.02526326997816302,0.021036825527199855,0.021399002289287733
842,0.022582185460963442,0.02108299500270002,0.02108299500270002,0.019707714422607468,0.022485492200385242,0.017635464982982168,0.02168715327688268
843,0.022582185460963442,0.02108299500270002,0.02108299500270002,0.0280410477559408,0.022485492200385242,0.024438186071417543,0.02158099238671612
845,0.022582185460963442,0.02108299500270002,0.02108299500270002,0.011374381089274133,0.019707714422607468,0.017635464982982168,0.022839757227262458
849,0.022582185460963442,0.02108299500270002,0.02108299500270002,0.019707714422607468,0.019707714422607468,0.021036825527199855,0.02226345525207257
852,0.022582185460963442,0.02108299500270002,0.02108299500270002,0.0280410477559408,0.0280410477559408,0.017635464982982168,0.021671987435430314
861,0.022582185460963442,0.02108299500270002,0.02108299500270002,0.019707714422607468,0.019707714422607468,0.017635464982982168,0.02158099238671612
884,0.022582185460963442,0.02108299500270002,0.02108299500270002,0.0280410477559408,0.030818825533718577,0.010832743894546793,0.021762982484144506
885,0.022582185460963442,0.02108299500270002,0.02108299500270002,0.0280410477559408,0.022485492200385242,0.02783954661563523,0.02158099238671612
901,0.022582185460963442,0.02108299500270002,0.02108299500270002,0.011374381089274133,0.022485492200385242,0.017635464982982168,0.02293075227597665
922,0.022582185460963442,0.02108299500270002,0.02108299500270002,0.0280410477559408,0.019707714422607468,0.021036825527199855,0.021626489911073216
940,0.022582185460963442,0.02108299500270002,0.02108299500270002,0.0280410477559408,0.019707714422607468,0.021036825527199855,0.0218539775328587
971,0.022582185460963442,0.02108299500270002,0.02108299500270002,0.019707714422607468,0.019707714422607468,0.024438186071417543,0.02182364584995397
995,0.022582185460963442,0.02108299500270002,0.02108299500270002,0.011374381089274133,0.011374381089274133,0.01423410443876448,0.02411368790926116
007,0.022519014267027876,0.020451283063344365,0.020451283063344365,0.011374381089274133,0.01692993664482969,0.017635464982982168,0.023582883458428367
016,0.022519014267027876,0.020451283063344365,0.020451283063344365,0.011374381089274133,0.01692993664482969,0.034642267704070605,0.022748762178548265
058,0.022519014267027876,0.020451283063344365,0.020451283063344365,0.011374381089274133,0.02526326997816302,0.021036825527199855,0.022718430495643534
061,0.022519014267027876,0.020451283063344365,0.020451283063344365,0.011374381089274133,0.030818825533718577,0.017635464982982168,0.022369616142239125
062,0.022519014267027876,0.020451283063344365,0.020451283063344365,0.036374381089274134,0.0280410477559408,0.01423410443876448,0.021429333972192464
066,0.022519014267027876,0.020451283063344365,0.020451283063344365,0.0280410477559408,0.0280410477559408,0.017635464982982168,0.021899475057215796
070,0.022519014267027876,0.020451283063344365,0.020451283063344365,0.0280410477559408,0.02526326997816302,0.021036825527199855,0.021808480008501604
094,0.022519014267027876,0.020451283063344365,0.020451283063344365,0.011374381089274133,0.014152158867051911,0.017635464982982168,0.023097576531952674
095,0.022519014267027876,0.020451283063344365,0.020451283063344365,0.019707714422607468,0.019707714422607468,0.021036825527199855,0.02196013842302526
103,0.022519014267027876,0.020451283063344365,0.020451283063344365,0.019707714422607468,0.02526326997816302,0.024438186071417543,0.022278621093524936
118,0.022519014267027876,0.020451283063344365,0.020451283063344365,0.019707714422607468,0.019707714422607468,0.017635464982982168,0.021914640898668163
120,0.022519014267027876,0.020451283063344365,0.020451283063344365,0.0280410477559408,0.030818825533718577,0.021036825527199855,0.022005635947382356
122,0.022519014267027876,0.020451283063344365,0.020451283063344365,0.019707714422607468,0.014152158867051911,0.01423410443876448,0.021732650801239775
152,0.022519014267027876,0.020451283063344365,0.020451283063344365,0.036374381089274134,0.019707714422607468,0.031240907159852914,0.021899475057215796
167,0.022519014267027876,0.020451283063344365,0.020451283063344365,0.019707714422607468,0.02526326997816302,0.010832743894546793,0.021626489911073216
193,0.022519014267027876,0.020451283063344365,0.020451283063344365,0.019707714422607468,0.02526326997816302,0.021036825527199855,0.02188430921576343
201,0.022519014267027876,0.020451283063344365,0.020451283063344365,0.011374381089274133,0.014152158867051911,0.02783954661563523,0.023931697811832776
207,0.022519014267027876,0.020451283063344365,0.020451283063344365,0.019707714422607468,0.01692993664482969,0.02783954661563523,0.02182364584995397
211,0.022519014267027876,0.020451283063344365,0.020451283063344365,0.019707714422607468,0.019707714422607468,0.024438186071417543,0.021899475057215796
226,0.022519014267027876,0.020451283063344365,0.020451283063344365,0.019707714422607468,0.01692993664482969,0.01423410443876448,0.022035967630287086
230,0.022519014267027876,0.020451283063344365,0.020451283063344365,0.011374381089274133,0.019707714422607468,0.024438186071417543,0.022627435446929342
233,0.022519014267027876,0.020451283063344365,0.020451283063344365,0.0280410477559408,0.019707714422607468,0.021036825527199855,0.021535494862359023
235,0.022519014267027876,0.020451283063344365,0.020451283063344365,0.044707714422607465,0.030818825533718577,0.024438186071417543,0.02138383644783537
288,0.022519014267027876,0.020451283063344365,0.020451283063344365,0.019707714422607468,0.019707714422607468,0.017635464982982168,0.021459665655097198
295,0.022519014267027876,0.020451283063344365,0.020451283063344365,0.019707714422607468,0.022485492200385242,0.017635464982982168,0.021838811691406335
320,0.022519014267027876,0.020451283063344365,0.020451283063344365,0.019707714422607468,0.019707714422607468,0.017635464982982168,0.022005635947382356
332,0.022519014267027876,0.020451283063344365,0.020451283063344365,0.019707714422607468,0.01692993664482969,0.017635464982982168,0.022278621093524936
345,0.022519014267027876,0.020451283063344365,0.020451283063344365,0.0280410477559408,0.022485492200385242,0.02783954661563523,0.02168715327688268
357,0.022519014267027876,0.020451283063344365,0.020451283063344365,0.019707714422607468,0.0280410477559408,0.024438186071417543,0.021611324069620852
364,0.022519014267027876,0.020451283063344365,0.020451283063344365,0.019707714422607468,0.022485492200385242,0.024438186071417543,0.02159615822816849
367,0.022519014267027876,0.020451283063344365,0.020451283063344365,0.044707714422607465,0.0280410477559408,0.024438186071417543,0.021535494862359023
401,0.022519014267027876,0.020451283063344365,0.020451283063344365,0.011374381089274133,0.02526326997816302,0.021036825527199855,0.022733596337095898
408,0.022519014267027876,0.020451283063344365,0.020451283063344365,0.0280410477559408,0.019707714422607468,0.010832743894546793,0.021535494862359023
425,0.022519014267027876,0.020451283063344365,0.020451283063344365,0.011374381089274133,0.022485492200385242,0.021036825527199855,0.022733596337095898
455,0.022519014267027876,0.020451283063344365,0.020451283063344365,0.011374381089274133,0.02526326997816302,0.021036825527199855,0.02239994782514386
480,0.022519014267027876,0.020451283063344365,0.020451283063344365,0.019707714422607468,0.01692993664482969,0.021036825527199855,0.02155066070381139
511,0.022519014267027876,0.020451283063344365,0.020451283063344365,0.0280410477559408,0.019707714422607468,0.021036825527199855,0.02188430921576343
515,0.022519014267027876,0.020451283063344365,0.020451283063344365,0.019707714422607468,0.022485492200385242,0.024438186071417543,0.022051133471739454
531,0.022519014267027876,0.020451283063344365,0.020451283063344365,0.019707714422607468,0.019707714422607468,0.02783954661563523,0.021641655752525583
535,0.022519014267027876,0.020451283063344365,0.020451283063344365,0.011374381089274133,0.014152158867051911,0.01423410443876448,0.023567717616976003
541,0.022519014267027876,0.020451283063344365,0.020451283063344365,0.0280410477559408,0.01692993664482969,0.017635464982982168,0.021565826545263754
548,0.022519014267027876,0.020451283063344365,0.020451283063344365,0.0280410477559408,0.022485492200385242,0.017635464982982168,0.021702319118335044
550,0.022519014267027876,0.020451283063344365,0.020451283063344365,0.036374381089274134,0.02526326997816302,0.017635464982982168,0.021838811691406335
571,0.022519014267027876,0.020451283063344365,0.020451283063344365,0.019707714422607468,0.02526326997816302,0.02783954661563523,0.021793314167049237
574,0.022519014267027876,0.020451283063344365,0.020451283063344365,0.011374381089274133,0.022485492200385242,0.031240907159852914,0.022597103764024608
581,0.022519014267027876,0.020451283063344365,0.020451283063344365,0.011374381089274133,0.01692993664482969,0.024438186071417543,0.022748762178548265
593,0.022519014267027876,0.020451283063344365,0.020451283063344365,0.019707714422607468,0.019707714422607468,0.017635464982982168,0.022278621093524936
598,0.022519014267027876,0.020451283063344365,0.020451283063344365,0.011374381089274133,0.014152158867051911,0.024438186071417543,0.02359804929988073
613,0.022519014267027876,0.020451283063344365,0.020451283063344365,0.019707714422607468,0.0280410477559408,0.021036825527199855,0.021641655752525583
617,0.022519014267027876,0.020451283063344365,0.020451283063344365,0.019707714422607468,0.022485492200385242,0.021036825527199855,0.022172460203358377
640,0.022519014267027876,0.020451283063344365,0.020451283063344365,0.019707714422607468,0.02526326997816302,0.017635464982982168,0.021656821593977946
650,0.022519014267027876,0.020451283063344365,0.020451283063344365,0.036374381089274134,0.02526326997816302,0.017635464982982168,0.02148999733800193
685,0.022519014267027876,0.020451283063344365,0.020451283063344365,0.0280410477559408,0.022485492200385242,0.017635464982982168,0.02147483149654956
701,0.022519014267027876,0.020451283063344365,0.020451283063344365,0.011374381089274133,0.014152158867051911,0.01423410443876448,0.022915586434524286
739,0.022519014267027876,0.020451283063344365,0.020451283063344365,0.011374381089274133,0.022485492200385242,0.021036825527199855,0.02243027950804859
743,0.022519014267027876,0.020451283063344365,0.020451283063344365,0.019707714422607468,0.019707714422607468,0.024438186071417543,0.02212696267900128
744,0.022519014267027876,0.020451283063344365,0.020451283063344365,0.011374381089274133,0.01692993664482969,0.021036825527199855,0.022581937922572244
757,0.022519014267027876,0.020451283063344365,0.020451283063344365,0.011374381089274133,0.01692993664482969,0.021036825527199855,0.022945918117429014
763,0.022519014267027876,0.020451283063344365,0.020451283063344365,0.011374381089274133,0.019707714422607468,0.010832743894546793,0.022657767129834073
785,0.022519014267027876,0.020451283063344365,0.020451283063344365,0.0280410477559408,0.022485492200385242,0.021036825527199855,0.021702319118335044
825,0.022519014267027876,0.020451283063344365,0.020451283063344365,0.011374381089274133,0.014152158867051911,0.017635464982982168,0.022976249800333748
834,0.022519014267027876,0.020451283063344365,0.020451283063344365,0.0280410477559408,0.02526326997816302,0.024438186071417543,0.02138383644783537
863,0.022519014267027876,0.020451283063344365,0.020451283063344365,0.036374381089274134,0.02526326997816302,0.017635464982982168,0.021869143374311065
881,0.022519014267027876,0.020451283063344365,0.020451283063344365,0.019707714422607468,0.022485492200385242,0.017635464982982168,0.021565826545263754
912,0.022519014267027876,0.020451283063344365,0.020451283063344365,0.011374381089274133,0.01692993664482969,0.021036825527199855,0.02341605920245235
935,0.022519014267027876,0.020451283063344365,0.020451283063344365,0.0280410477559408,0.01692993664482969,0.021036825527199855,0.02148999733800193
953,0.022519014267027876,0.020451283063344365,0.020451283063344365,0.011374381089274133,0.01692993664482969,0.021036825527199855,0.022612269605476975
961,0.022519014267027876,0.020451283063344365,0.020451283063344365,0.0280410477559408,0.0280410477559408,0.017635464982982168,0.021459665655097198
999,0.022519014267027876,0.020451283063344365,0.020451283063344365,0.0280410477559408,0.022485492200385242,0.02783954661563523,0.021793314167049237
037,0.02245584307309231,0.019819571123988713,0.019819571123988713,0.019707714422607468,0.019707714422607468,0.01423410443876448,0.02188430921576343
060,0.02245584307309231,0.019819571123988713,0.019819571123988713,0.011374381089274133,0.01692993664482969,0.017635464982982168,0.022339284459334394
068,0.02245584307309231,0.019819571123988713,0.019819571123988713,0.0280410477559408,0.019707714422607468,0.017635464982982168,0.021459665655097198
072,0.02245584307309231,0.019819571123988713,0.019819571123988713,0.019707714422607468,0.01692993664482969,0.017635464982982168,0.022142128520453646
082,0.02245584307309231,0.019819571123988713,0.019819571123988713,0.0530410477559408,0.030818825533718577,0.021036825527199855,0.02158099238671612
142,0.02245584307309231,0.019819571123988713,0.019819571123988713,0.011374381089274133,0.01692993664482969,0.021036825527199855,0.02235445030078676
160,0.02245584307309231,0.019819571123988713,0.019819571123988713,0.0280410477559408,0.0280410477559408,0.021036825527199855,0.021505163179454292
171,0.02245584307309231,0.019819571123988713,0.019819571123988713,0.011374381089274133,0.022485492200385242,0.024438186071417543,0.022612269605476975
181,0.02245584307309231,0.019819571123988713,0.019819571123988713,0.0280410477559408,0.019707714422607468,0.017635464982982168,0.021778148325596873
182,0.02245584307309231,0.019819571123988713,0.019819571123988713,0.011374381089274133,0.014152158867051911,0.021036825527199855,0.022551606239667513
218,0.02245584307309231,0.019819571123988713,0.019819571123988713,0.011374381089274133,0.019707714422607468,0.02783954661563523,0.02285492306871482
222,0.02245584307309231,0.019819571123988713,0.019819571123988713,0.011374381089274133,0.01692993664482969,0.021036825527199855,0.022839757227262458
256,0.02245584307309231,0.019819571123988713,0.019819571123988713,0.0280410477559408,0.019707714422607468,0.02783954661563523,0.02171748495978741
287,0.02245584307309231,0.019819571123988713,0.019819571123988713,0.036374381089274134,0.02526326997816302,0.024438186071417543,0.021838811691406335
293,0.02245584307309231,0.019819571123988713,0.019819571123988713,0.044707714422607465,0.02526326997816302,0.017635464982982168,0.021565826545263754
303,0.02245584307309231,0.019819571123988713,0.019819571123988713,0.011374381089274133,0.01692993664482969,0.021036825527199855,0.023355395836642884
324,0.02245584307309231,0.019819571123988713,0.019819571123988713,0.011374381089274133,0.01692993664482969,0.024438186071417543,0.02253644039821515
328,0.02245584307309231,0.019819571123988713,0.019819571123988713,0.011374381089274133,0.019707714422607468,0.01423410443876448,0.022809425544357727
372,0.02245584307309231,0.019819571123988713,0.019819571123988713,0.036374381089274134,0.022485492200385242,0.031240907159852914,0.021641655752525583
378,0.02245584307309231,0.019819571123988713,0.019819571123988713,0.011374381089274133,0.01692993664482969,0.024438186071417543,0.023218903263571594
387,0.02245584307309231,0.019819571123988713,0.019819571123988713,0.011374381089274133,0.01692993664482969,0.021036825527199855,0.022961083958881384
393,0.02245584307309231,0.019819571123988713,0.019819571123988713,0.011374381089274133,0.022485492200385242,0.017635464982982168,0.02324923494647633
405,0.02245584307309231,0.019819571123988713,0.019819571123988713,0.019707714422607468,0.01692993664482969,0.021036825527199855,0.02221795772771547
418,0.02245584307309231,0.019819571123988713,0.019819571123988713,0.011374381089274133,0.022485492200385242,0.017635464982982168,0.02235445030078676
440,0.02245584307309231,0.019819571123988713,0.019819571123988713,0.019707714422607468,0.02526326997816302,0.024438186071417543,0.02211179683754891
445,0.02245584307309231,0.019819571123988713,0.019819571123988713,0.019707714422607468,0.022485492200385242,0.01423410443876448,0.0214141681307401
457,0.02245584307309231,0.019819571123988713,0.019819571123988713,0.019707714422607468,0.019707714422607468,0.017635464982982168,0.021747816642692142
466,0.02245584307309231,0.019819571123988713,0.019819571123988713,0.011374381089274133,0.019707714422607468,0.010832743894546793,0.022551606239667513
486,0.02245584307309231,0.019819571123988713,0.019819571123988713,0.019707714422607468,0.014152158867051911,0.017635464982982168,0.02226345525207257
487,0.02245584307309231,0.019819571123988713,0.019819571123988713,0.011374381089274133,0.01692993664482969,0.024438186071417543,0.023446390885357077
499,0.02245584307309231,0.019819571123988713,0.019819571123988713,0.011374381089274133,0.01692993664482969,0.031240907159852914,0.022961083958881384
501,0.02245584307309231,0.019819571123988713,0.019819571123988713,0.0280410477559408,0.022485492200385242,0.017635464982982168,0.021429333972192464
533,0.02245584307309231,0.019819571123988713,0.019819571123988713,0.044707714422607465,0.02526326997816302,0.024438186071417543,0.021535494862359023
544,0.02245584307309231,0.019819571123988713,0.019819571123988713,0.0280410477559408,0.019707714422607468,0.017635464982982168,0.02199047010592999
552,0.02245584307309231,0.019819571123988713,0.019819571123988713,0.011374381089274133,0.011374381089274133,0.01423410443876448,0.02411368790926116
570,0.02245584307309231,0.019819571123988713,0.019819571123988713,0.0280410477559408,0.022485492200385242,0.021036825527199855,0.021838811691406335
600,0.02245584307309231,0.019819571123988713,0.019819571123988713,0.011374381089274133,0.011374381089274133,0.02783954661563523,0.02411368790926116
607,0.02245584307309231,0.019819571123988713,0.019819571123988713,0.019707714422607468,0.014152158867051911,0.01423410443876448,0.022035967630287086
656,0.02245584307309231,0.019819571123988713,0.019819571123988713,0.019707714422607468,0.01692993664482969,0.017635464982982168,0.02199047010592999
670,0.02245584307309231,0.019819571123988713,0.019819571123988713,0.0280410477559408,0.02526326997816302,0.024438186071417543,0.021944972581572894
722,0.02245584307309231,0.019819571123988713,0.019819571123988713,0.011374381089274133,0.019707714422607468,0.01423410443876448,0.022976249800333748
733,0.02245584307309231,0.019819571123988713,0.019819571123988713,0.044707714422607465,0.036374381089274134,0.024438186071417543,0.0214141681307401
759,0.02245584307309231,0.019819571123988713,0.019819571123988713,0.019707714422607468,0.01692993664482969,0.017635464982982168,0.02212696267900128
767,0.02245584307309231,0.019819571123988713,0.019819571123988713,0.0280410477559408,0.03359660331149635,0.024438186071417543,0.021929806740120527
806,0.02245584307309231,0.019819571123988713,0.019819571123988713,0.019707714422607468,0.01692993664482969,0.017635464982982168,0.021838811691406335
830,0.02245584307309231,0.019819571123988713,0.019819571123988713,0.019707714422607468,0.01692993664482969,0.010832743894546793,0.02182364584995397
839,0.02245584307309231,0.019819571123988713,0.019819571123988713,0.0280410477559408,0.0280410477559408,0.01423410443876448,0.021626489911073216
846,0.02245584307309231,0.019819571123988713,0.019819571123988713,0.019707714422607468,0.019707714422607468,0.017635464982982168,0.021914640898668163
899,0.02245584307309231,0.019819571123988713,0.019819571123988713,0.0280410477559408,0.01692993664482969,0.017635464982982168,0.021778148325596873
925,0.02245584307309231,0.019819571123988713,0.019819571123988713,0.011374381089274133,0.011374381089274133,0.017635464982982168,0.02411368790926116
926,0.02245584307309231,0.019819571123988713,0.019819571123988713,0.011374381089274133,0.014152158867051911,0.021036825527199855,0.02256677208111988
973,0.02245584307309231,0.019819571123988713,0.019819571123988713,0.011374381089274133,0.019707714422607468,0.02783954661563523,0.022870088910167192
977,0.02245584307309231,0.019819571123988713,0.019819571123988713,0.0280410477559408,0.022485492200385242,0.017635464982982168,0.021702319118335044
002,0.022392671879156743,0.019187859184633057,0.019187859184633057,0.019707714422607468,0.01692993664482969,0.017635464982982168,0.021793314167049237
004,0.022392671879156743,0.019187859184633057,0.019187859184633057,0.019707714422607468,0.01692993664482969,0.021036825527199855,0.021611324069620852
027,0.022392671879156743,0.019187859184633057,0.019187859184633057,0.019707714422607468,0.01692993664482969,0.021036825527199855,0.022202791886263108
033,0.022392671879156743,0.019187859184633057,0.019187859184633057,0.019707714422607468,0.022485492200385242,0.021036825527199855,0.021914640898668163
051,0.022392671879156743,0.019187859184633057,0.019187859184633057,0.019707714422607468,0.0280410477559408,0.021036825527199855,0.021626489911073216
069,0.022392671879156743,0.019187859184633057,0.019187859184633057,0.011374381089274133,0.014152158867051911,0.021036825527199855,0.023567717616976003
105,0.022392671879156743,0.019187859184633057,0.019187859184633057,0.011374381089274133,0.019707714422607468,0.010832743894546793,0.022506108715310415
146,0.022392671879156743,0.019187859184633057,0.019187859184633057,0.019707714422607468,0.019707714422607468,0.024438186071417543,0.02138383644783537
220,0.022392671879156743,0.019187859184633057,0.019187859184633057,0.019707714422607468,0.01692993664482969,0.01423410443876448,0.02226345525207257
231,0.022392671879156743,0.019187859184633057,0.019187859184633057,0.019707714422607468,0.019707714422607468,0.01423410443876448,0.021429333972192464
247,0.022392671879156743,0.019187859184633057,0.019187859184633057,0.011374381089274133,0.019707714422607468,0.021036825527199855,0.022384781983691492
271,0.022392671879156743,0.019187859184633057,0.019187859184633057,0.0280410477559408,0.0280410477559408,0.017635464982982168,0.021505163179454292
333,0.022392671879156743,0.019187859184633057,0.019187859184633057,0.019707714422607468,0.019707714422607468,0.017635464982982168,0.021535494862359023
338,0.022392671879156743,0.019187859184633057,0.019187859184633057,0.011374381089274133,0.014152158867051911,0.021036825527199855,0.023264400787928692
374,0.022392671879156743,0.019187859184633057,0.019187859184633057,0.0280410477559408,0.0280410477559408,0.017635464982982168,0.021429333972192464
377,0.022392671879156743,0.019187859184633057,0.019187859184633057,0.0280410477559408,0.019707714422607468,0.02783954661563523,0.021565826545263754
469,0.022392671879156743,0.019187859184633057,0.019187859184633057,0.011374381089274133,0.01692993664482969,0.02783954661563523,0.022718430495643534
497,0.022392671879156743,0.019187859184633057,0.019187859184633057,0.019707714422607468,0.01692993664482969,0.02783954661563523,0.022248289410620202
502,0.022392671879156743,0.019187859184633057,0.019187859184633057,0.019707714422607468,0.022485492200385242,0.021036825527199855,0.02158099238671612
505,0.022392671879156743,0.019187859184633057,0.019187859184633057,0.011374381089274133,0.019707714422607468,0.021036825527199855,0.022445445349500954
527,0.022392671879156743,0.019187859184633057,0.019187859184633057,0.0280410477559408,0.022485492200385242,0.021036825527199855,0.021762982484144506
551,0.022392671879156743,0.019187859184633057,0.019187859184633057,0.019707714422607468,0.022485492200385242,0.021036825527199855,0.022066299313191817
693,0.022392671879156743,0.019187859184633057,0.019187859184633057,0.0280410477559408,0.022485492200385242,0.021036825527199855,0.02199047010592999
700,0.022392671879156743,0.019187859184633057,0.019187859184633057,0.019707714422607468,0.019707714422607468,0.01423410443876448,0.02148999733800193
706,0.022392671879156743,0.019187859184633057,0.019187859184633057,0.011374381089274133,0.019707714422607468,0.021036825527199855,0.022339284459334394
754,0.022392671879156743,0.019187859184633057,0.019187859184633057,0.019707714422607468,0.019707714422607468,0.017635464982982168,0.02147483149654956
789,0.022392671879156743,0.019187859184633057,0.019187859184633057,0.019707714422607468,0.01692993664482969,0.017635464982982168,0.02159615822816849
792,0.022392671879156743,0.019187859184633057,0.019187859184633057,0.019707714422607468,0.019707714422607468,0.03804362824828829,0.022051133471739454
805,0.022392671879156743,0.019187859184633057,0.019187859184633057,0.011374381089274133,0.011374381089274133,0.017635464982982168,0.02411368790926116
821,0.022392671879156743,0.019187859184633057,0.019187859184633057,0.019707714422607468,0.019707714422607468,0.021036825527199855,0.021459665655097198
864,0.022392671879156743,0.019187859184633057,0.019187859184633057,0.0280410477559408,0.019707714422607468,0.02783954661563523,0.021793314167049237
868,0.022392671879156743,0.019187859184633057,0.019187859184633057,0.011374381089274133,0.014152158867051911,0.017635464982982168,0.02246061119095332
914,0.022392671879156743,0.019187859184633057,0.019187859184633057,0.0280410477559408,0.01692993664482969,0.021036825527199855,0.021732650801239775
947,0.022392671879156743,0.019187859184633057,0.019187859184633057,0.011374381089274133,0.019707714422607468,0.01423410443876448,0.022824591385810094
967,0.022392671879156743,0.019187859184633057,0.019187859184633057,0.036374381089274134,0.02526326997816302,0.017635464982982168,0.02147483149654956
056,0.02232950068522118,0.018556147245277405,0.018556147245277405,0.019707714422607468,0.01692993664482969,0.017635464982982168,0.021459665655097198
091,0.02232950068522118,0.018556147245277405,0.018556147245277405,0.0280410477559408,0.022485492200385242,0.01423410443876448,0.02171748495978741
134,0.02232950068522118,0.018556147245277405,0.018556147245277405,0.0280410477559408,0.022485492200385242,0.021036825527199855,0.021399002289287733
144,0.02232950068522118,0.018556147245277405,0.018556147245277405,0.019707714422607468,0.01692993664482969,0.017635464982982168,0.021535494862359023
184,0.02232950068522118,0.018556147245277405,0.018556147245277405,0.011374381089274133,0.014152158867051911,0.021036825527199855,0.022521274556762783
234,0.02232950068522118,0.018556147245277405,0.018556147245277405,0.011374381089274133,0.014152158867051911,0.021036825527199855,0.023764873555856755
238,0.02232950068522118,0.018556147245277405,0.018556147245277405,0.019707714422607468,0.019707714422607468,0.021036825527199855,0.022066299313191817
242,0.02232950068522118,0.018556147245277405,0.018556147245277405,0.0280410477559408,0.022485492200385242,0.024438186071417543,0.021505163179454292
255,0.02232950068522118,0.018556147245277405,0.018556147245277405,0.011374381089274133,0.019707714422607468,0.024438186071417543,0.022839757227262458
269,0.02232950068522118,0.018556147245277405,0.018556147245277405,0.0280410477559408,0.019707714422607468,0.024438186071417543,0.021399002289287733
298,0.02232950068522118,0.018556147245277405,0.018556147245277405,0.019707714422607468,0.019707714422607468,0.024438186071417543,0.021778148325596873
323,0.02232950068522118,0.018556147245277405,0.018556147245277405,0.0280410477559408,0.019707714422607468,0.021036825527199855,0.021505163179454292
354,0.02232950068522118,0.018556147245277405,0.018556147245277405,0.0280410477559408,0.02526326997816302,0.01423410443876448,0.02155066070381139
397,0.02232950068522118,0.018556147245277405,0.018556147245277405,0.011374381089274133,0.01692993664482969,0.024438186071417543,0.02387103444602331
406,0.02232950068522118,0.018556147245277405,0.018556147245277405,0.0280410477559408,0.022485492200385242,0.017635464982982168,0.021611324069620852
415,0.02232950068522118,0.018556147245277405,0.018556147245277405,0.011374381089274133,0.014152158867051911,0.021036825527199855,0.023734541872952025
453,0.02232950068522118,0.018556147245277405,0.018556147245277405,0.019707714422607468,0.019707714422607468,0.017635464982982168,0.02148999733800193
477,0.02232950068522118,0.018556147245277405,0.018556147245277405,0.011374381089274133,0.019707714422607468,0.021036825527199855,0.022597103764024608
506,0.02232950068522118,0.018556147245277405,0.018556147245277405,0.011374381089274133,0.01692993664482969,0.017635464982982168,0.023431225043904713
512,0.02232950068522118,0.018556147245277405,0.018556147245277405,0.011374381089274133,0.01692993664482969,0.017635464982982168,0.0222937869349773
513,0.02232950068522118,0.018556147245277405,0.018556147245277405,0.019707714422607468,0.019707714422607468,0.01423410443876448,0.02196013842302526
584,0.02232950068522118,0.018556147245277405,0.018556147245277405,0.011374381089274133,0.01692993664482969,0.024438186071417543,0.022445445349500954
588,0.02232950068522118,0.018556147245277405,0.018556147245277405,0.011374381089274133,0.01692993664482969,0.01423410443876448,0.022581937922572244
626,0.02232950068522118,0.018556147245277405,0.018556147245277405,0.011374381089274133,0.014152158867051911,0.024438186071417543,0.022733596337095898
664,0.02232950068522118,0.018556147245277405,0.018556147245277405,0.019707714422607468,0.019707714422607468,0.01423410443876448,0.021656821593977946
680,0.02232950068522118,0.018556147245277405,0.018556147245277405,0.019707714422607468,0.019707714422607468,0.024438186071417543,0.022005635947382356
713,0.02232950068522118,0.018556147245277405,0.018556147245277405,0.011374381089274133,0.022485492200385242,0.017635464982982168,0.02253644039821515
717,0.02232950068522118,0.018556147245277405,0.018556147245277405,0.019707714422607468,0.022485492200385242,0.024438186071417543,0.021747816642692142
734,0.02232950068522118,0.018556147245277405,0.018556147245277405,0.019707714422607468,0.02526326997816302,0.01423410443876448,0.0218539775328587
750,0.02232950068522118,0.018556147245277405,0.018556147245277405,0.011374381089274133,0.011374381089274133,0.017635464982982168,0.02411368790926116
797,0.02232950068522118,0.018556147245277405,0.018556147245277405,0.019707714422607468,0.01692993664482969,0.024438186071417543,0.02188430921576343
886,0.02232950068522118,0.018556147245277405,0.018556147245277405,0.011374381089274133,0.014152158867051911,0.017635464982982168,0.02347672256826181
952,0.02232950068522118,0.018556147245277405,0.018556147245277405,0.019707714422607468,0.019707714422607468,0.021036825527199855,0.021459665655097198
958,0.02232950068522118,0.018556147245277405,0.018556147245277405,0.011374381089274133,0.014152158867051911,0.017635464982982168,0.024053024543451696
987,0.02232950068522118,0.018556147245277405,0.018556147245277405,0.011374381089274133,0.01692993664482969,0.024438186071417543,0.022779093861453
006,0.022266329491285614,0.01792443530592175,0.01792443530592175,0.0280410477559408,0.022485492200385242,0.01423410443876448,0.021505163179454292
008,0.022266329491285614,0.01792443530592175,0.01792443530592175,0.019707714422607468,0.019707714422607468,0.024438186071417543,0.021793314167049237
055,0.022266329491285614,0.01792443530592175,0.01792443530592175,0.011374381089274133,0.02526326997816302,0.024438186071417543,0.02299141564178611
176,0.022266329491285614,0.01792443530592175,0.01792443530592175,0.011374381089274133,0.014152158867051911,0.02783954661563523,0.02327956662938106
204,0.022266329491285614,0.01792443530592175,0.01792443530592175,0.011374381089274133,0.01692993664482969,0.021036825527199855,0.022339284459334394
304,0.022266329491285614,0.01792443530592175,0.01792443530592175,0.019707714422607468,0.019707714422607468,0.021036825527199855,0.02155066070381139
351,0.022266329491285614,0.01792443530592175,0.01792443530592175,0.0280410477559408,0.022485492200385242,0.017635464982982168,0.021747816642692142
359,0.022266329491285614,0.01792443530592175,0.01792443530592175,0.011374381089274133,0.022485492200385242,0.021036825527199855,0.02290042059307192
373,0.022266329491285614,0.01792443530592175,0.01792443530592175,0.011374381089274133,0.022485492200385242,0.017635464982982168,0.02327956662938106
459,0.022266329491285614,0.01792443530592175,0.01792443530592175,0.011374381089274133,0.011374381089274133,0.02783954661563523,0.02411368790926116
624,0.022266329491285614,0.01792443530592175,0.01792443530592175,0.019707714422607468,0.01692993664482969,0.017635464982982168,0.021808480008501604
628,0.022266329491285614,0.01792443530592175,0.01792443530592175,0.019707714422607468,0.019707714422607468,0.01423410443876448,0.02171748495978741
629,0.022266329491285614,0.01792443530592175,0.01792443530592175,0.0280410477559408,0.01692993664482969,0.031240907159852914,0.02168715327688268
667,0.022266329491285614,0.01792443530592175,0.01792443530592175,0.011374381089274133,0.011374381089274133,0.01423410443876448,0.02411368790926116
684,0.022266329491285614,0.01792443530592175,0.01792443530592175,0.019707714422607468,0.022485492200385242,0.01423410443876448,0.0214141681307401
714,0.022266329491285614,0.01792443530592175,0.01792443530592175,0.019707714422607468,0.0280410477559408,0.024438186071417543,0.021459665655097198
773,0.022266329491285614,0.01792443530592175,0.01792443530592175,0.036374381089274134,0.0280410477559408,0.017635464982982168,0.021869143374311065
808,0.022266329491285614,0.01792443530592175,0.01792443530592175,0.0280410477559408,0.019707714422607468,0.01423410443876448,0.0214141681307401
826,0.022266329491285614,0.01792443530592175,0.01792443530592175,0.011374381089274133,0.019707714422607468,0.021036825527199855,0.022581937922572244
856,0.022266329491285614,0.01792443530592175,0.01792443530592175,0.011374381089274133,0.01692993664482969,0.017635464982982168,0.022657767129834073
019,0.022203158297350048,0.017292723366566096,0.017292723366566096,0.019707714422607468,0.019707714422607468,0.01423410443876448,0.021611324069620852
029,0.022203158297350048,0.017292723366566096,0.017292723366566096,0.019707714422607468,0.01692993664482969,0.017635464982982168,0.021762982484144506
040,0.022203158297350048,0.017292723366566096,0.017292723366566096,0.0280410477559408,0.01692993664482969,0.017635464982982168,0.02171748495978741
085,0.022203158297350048,0.017292723366566096,0.017292723366566096,0.019707714422607468,0.01692993664482969,0.02783954661563523,0.021762982484144506
088,0.022203158297350048,0.017292723366566096,0.017292723366566096,0.019707714422607468,0.01692993664482969,0.024438186071417543,0.02221795772771547
227,0.022203158297350048,0.017292723366566096,0.017292723366566096,0.019707714422607468,0.019707714422607468,0.01423410443876448,0.021732650801239775
275,0.022203158297350048,0.017292723366566096,0.017292723366566096,0.011374381089274133,0.022485492200385242,0.021036825527199855,0.022384781983691492
343,0.022203158297350048,0.017292723366566096,0.017292723366566096,0.011374381089274133,0.01692993664482969,0.021036825527199855,0.02253644039821515
411,0.022203158297350048,0.017292723366566096,0.017292723366566096,0.011374381089274133,0.022485492200385242,0.024438186071417543,0.022642601288381706
436,0.022203158297350048,0.017292723366566096,0.017292723366566096,0.011374381089274133,0.019707714422607468,0.01423410443876448,0.022597103764024608
443,0.022203158297350048,0.017292723366566096,0.017292723366566096,0.019707714422607468,0.01692993664482969,0.02783954661563523,0.021808480008501604
456,0.022203158297350048,0.017292723366566096,0.017292723366566096,0.019707714422607468,0.01692993664482969,0.01423410443876448,0.021671987435430314
470,0.022203158297350048,0.017292723366566096,0.017292723366566096,0.019707714422607468,0.02526326997816302,0.02783954661563523,0.02221795772771547
474,0.022203158297350048,0.017292723366566096,0.017292723366566096,0.011374381089274133,0.014152158867051911,0.010832743894546793,0.022475777032405685
555,0.022203158297350048,0.017292723366566096,0.017292723366566096,0.019707714422607468,0.01692993664482969,0.01423410443876448,0.021656821593977946
657,0.022203158297350048,0.017292723366566096,0.017292723366566096,0.011374381089274133,0.014152158867051911,0.021036825527199855,0.022384781983691492
780,0.022203158297350048,0.017292723366566096,0.017292723366566096,0.011374381089274133,0.01692993664482969,0.017635464982982168,0.02290042059307192
784,0.022203158297350048,0.017292723366566096,0.017292723366566096,0.011374381089274133,0.022485492200385242,0.024438186071417543,0.023112742373405038
795,0.022203158297350048,0.017292723366566096,0.017292723366566096,0.036374381089274134,0.02526326997816302,0.021036825527199855,0.021429333972192464
870,0.022203158297350048,0.017292723366566096,0.017292723366566096,0.0280410477559408,0.022485492200385242,0.024438186071417543,0.02155066070381139
874,0.022203158297350048,0.017292723366566096,0.017292723366566096,0.0280410477559408,0.019707714422607468,0.017635464982982168,0.021459665655097198
041,0.02213998710341448,0.016661011427210444,0.016661011427210444,0.011374381089274133,0.014152158867051911,0.01423410443876448,0.02394686365328514
149,0.02213998710341448,0.016661011427210444,0.016661011427210444,0.011374381089274133,0.014152158867051911,0.01423410443876448,0.02293075227597665
253,0.02213998710341448,0.016661011427210444,0.016661011427210444,0.011374381089274133,0.01692993664482969,0.021036825527199855,0.022945918117429014
259,0.02213998710341448,0.016661011427210444,0.016661011427210444,0.011374381089274133,0.014152158867051911,0.021036825527199855,0.023370561678095255
434,0.02213998710341448,0.016661011427210444,0.016661011427210444,0.036374381089274134,0.02526326997816302,0.01423410443876448,0.02148999733800193
451,0.02213998710341448,0.016661011427210444,0.016661011427210444,0.011374381089274133,0.011374381089274133,0.024438186071417543,0.02411368790926116
576,0.02213998710341448,0.016661011427210444,0.016661011427210444,0.011374381089274133,0.011374381089274133,0.017635464982982168,0.02411368790926116
783,0.02213998710341448,0.016661011427210444,0.016661011427210444,0.011374381089274133,0.014152158867051911,0.01423410443876448,0.022915586434524286
802,0.02213998710341448,0.016661011427210444,0.016661011427210444,0.019707714422607468,0.01692993664482969,0.010832743894546793,0.021399002289287733
807,0.02213998710341448,0.016661011427210444,0.016661011427210444,0.0280410477559408,0.019707714422607468,0.01423410443876448,0.02148999733800193
812,0.02213998710341448,0.016661011427210444,0.016661011427210444,0.0280410477559408,0.022485492200385242,0.017635464982982168,0.021762982484144506
924,0.02213998710341448,0.016661011427210444,0.016661011427210444,0.019707714422607468,0.02526326997816302,0.017635464982982168,0.022066299313191817
017,0.02207681590947892,0.016029299487854788,0.016029299487854788,0.036374381089274134,0.02526326997816302,0.021036825527199855,0.02171748495978741
042,0.02207681590947892,0.016029299487854788,0.016029299487854788,0.0280410477559408,0.02526326997816302,0.017635464982982168,0.021808480008501604
090,0.02207681590947892,0.016029299487854788,0.016029299487854788,0.011374381089274133,0.019707714422607468,0.017635464982982168,0.022475777032405685
178,0.02207681590947892,0.016029299487854788,0.016029299487854788,0.019707714422607468,0.01692993664482969,0.01423410443876448,0.021808480008501604
400,0.02207681590947892,0.016029299487854788,0.016029299487854788,0.0280410477559408,0.019707714422607468,0.01423410443876448,0.021626489911073216
596,0.02207681590947892,0.016029299487854788,0.016029299487854788,0.0280410477559408,0.019707714422607468,0.021036825527199855,0.0218539775328587
658,0.02207681590947892,0.016029299487854788,0.016029299487854788,0.011374381089274133,0.01692993664482969,0.01423410443876448,0.0240075270190946
730,0.02207681590947892,0.016029299487854788,0.016029299487854788,0.0280410477559408,0.02526326997816302,0.017635464982982168,0.021505163179454292
828,0.02207681590947892,0.016029299487854788,0.016029299487854788,0.011374381089274133,0.022485492200385242,0.010832743894546793,0.023446390885357077
893,0.02207681590947892,0.016029299487854788,0.016029299487854788,0.0280410477559408,0.022485492200385242,0.024438186071417543,0.021641655752525583
929,0.02207681590947892,0.016029299487854788,0.016029299487854788,0.011374381089274133,0.01692993664482969,0.01423410443876448,0.022445445349500954
968,0.02207681590947892,0.016029299487854788,0.016029299487854788,0.011374381089274133,0.019707714422607468,0.01423410443876448,0.02256677208111988
979,0.02207681590947892,0.016029299487854788,0.016029299487854788,0.011374381089274133,0.01692993664482969,0.010832743894546793,0.022779093861453
135,0.022013644715543353,0.015397587548499136,0.015397587548499136,0.011374381089274133,0.014152158867051911,0.017635464982982168,0.022945918117429014
315,0.022013644715543353,0.015397587548499136,0.015397587548499136,0.011374381089274133,0.011374381089274133,0.017635464982982168,0.02411368790926116
026,0.021950473521607786,0.014765875609143482,0.014765875609143482,0.011374381089274133,0.011374381089274133,0.01423410443876448,0.02411368790926116
747,0.02188730232767222,0.014134163669787828,0.014134163669787828,0.011374381089274133,0.014152158867051911,0.017635464982982168,0.023749707714404388
