number,probability,raw_model_probability,long_rate,short_rate,recent_long_rate,weekday_rate,gap_signal
572,0.023212769520573086,0.03434894572916875,0.03434894572916875,0.011374381089274133,0.0280410477559408,0.044846349336723663,0.02235445030078676
662,0.023212769520573086,0.03434894572916875,0.03434894572916875,0.019707714422607468,0.022485492200385242,0.03804362824828829,0.021641655752525583
186,0.023162232565424632,0.03308552185045744,0.03308552185045744,0.0280410477559408,0.0280410477559408,0.034642267704070605,0.021899475057215796
983,0.023136964087850407,0.03245380991110179,0.03245380991110179,0.0280410477559408,0.03359660331149635,0.034642267704070605,0.021565826545263754
053,0.02311169561027618,0.031822097971746136,0.031822097971746136,0.011374381089274133,0.019707714422607468,0.034642267704070605,0.022627435446929342
369,0.02311169561027618,0.031822097971746136,0.031822097971746136,0.036374381089274134,0.02526326997816302,0.024438186071417543,0.02148999733800193
432,0.02311169561027618,0.031822097971746136,0.031822097971746136,0.044707714422607465,0.03359660331149635,0.034642267704070605,0.0214141681307401
484,0.02311169561027618,0.031822097971746136,0.031822097971746136,0.0280410477559408,0.022485492200385242,0.024438186071417543,0.02155066070381139
697,0.02311169561027618,0.031822097971746136,0.031822097971746136,0.0280410477559408,0.030818825533718577,0.02783954661563523,0.0214141681307401
370,0.023086427132701953,0.03119038603239048,0.03119038603239048,0.019707714422607468,0.02526326997816302,0.034642267704070605,0.021914640898668163
114,0.023061158655127728,0.030558674093034827,0.030558674093034827,0.0280410477559408,0.036374381089274134,0.021036825527199855,0.021702319118335044
179,0.023061158655127728,0.030558674093034827,0.030558674093034827,0.0280410477559408,0.030818825533718577,0.02783954661563523,0.021944972581572894
294,0.023061158655127728,0.030558674093034827,0.030558674093034827,0.019707714422607468,0.030818825533718577,0.03804362824828829,0.021505163179454292
526,0.023061158655127728,0.030558674093034827,0.030558674093034827,0.036374381089274134,0.02526326997816302,0.04144498879250598,0.021747816642692142
592,0.023061158655127728,0.030558674093034827,0.030558674093034827,0.0280410477559408,0.030818825533718577,0.02783954661563523,0.021671987435430314
653,0.023061158655127728,0.030558674093034827,0.030558674093034827,0.0280410477559408,0.0280410477559408,0.017635464982982168,0.021762982484144506
878,0.023061158655127728,0.030558674093034827,0.030558674093034827,0.011374381089274133,0.022485492200385242,0.03804362824828829,0.022369616142239125
073,0.023035890177553503,0.02992696215367917,0.02992696215367917,0.019707714422607468,0.030818825533718577,0.03804362824828829,0.021869143374311065
645,0.023035890177553503,0.02992696215367917,0.02992696215367917,0.036374381089274134,0.030818825533718577,0.021036825527199855,0.0218539775328587
811,0.023035890177553503,0.02992696215367917,0.02992696215367917,0.036374381089274134,0.0280410477559408,0.024438186071417543,0.0214141681307401
867,0.023035890177553503,0.02992696215367917,0.02992696215367917,0.036374381089274134,0.022485492200385242,0.017635464982982168,0.021626489911073216
000,0.023010621699979274,0.02929525021432352,0.02929525021432352,0.044707714422607465,0.03359660331149635,0.024438186071417543,0.021459665655097198
079,0.023010621699979274,0.02929525021432352,0.02929525021432352,0.019707714422607468,0.019707714422607468,0.034642267704070605,0.021535494862359023
092,0.023010621699979274,0.02929525021432352,0.02929525021432352,0.019707714422607468,0.03359660331149635,0.01423410443876448,0.02212696267900128
119,0.023010621699979274,0.02929525021432352,0.02929525021432352,0.036374381089274134,0.022485492200385242,0.021036825527199855,0.0214141681307401
124,0.023010621699979274,0.02929525021432352,0.02929525021432352,0.019707714422607468,0.022485492200385242,0.034642267704070605,0.022187626044810744
213,0.023010621699979274,0.02929525021432352,0.02929525021432352,0.019707714422607468,0.02526326997816302,0.04144498879250598,0.02215729436190601
599,0.023010621699979274,0.02929525021432352,0.02929525021432352,0.019707714422607468,0.02526326997816302,0.034642267704070605,0.021793314167049237
676,0.023010621699979274,0.02929525021432352,0.02929525021432352,0.019707714422607468,0.02526326997816302,0.02783954661563523,0.022066299313191817
724,0.023010621699979274,0.02929525021432352,0.02929525021432352,0.0530410477559408,0.030818825533718577,0.03804362824828829,0.02147483149654956
854,0.023010621699979274,0.02929525021432352,0.02929525021432352,0.036374381089274134,0.0280410477559408,0.031240907159852914,0.021535494862359023
898,0.023010621699979274,0.02929525021432352,0.02929525021432352,0.011374381089274133,0.019707714422607468,0.02783954661563523,0.022703264654191167
052,0.02298535322240505,0.028663538274967867,0.028663538274967867,0.0280410477559408,0.030818825533718577,0.031240907159852914,0.021535494862359023
057,0.02298535322240505,0.028663538274967867,0.028663538274967867,0.036374381089274134,0.03359660331149635,0.034642267704070605,0.021793314167049237
221,0.02298535322240505,0.028663538274967867,0.028663538274967867,0.0280410477559408,0.02526326997816302,0.02783954661563523,0.021399002289287733
243,0.02298535322240505,0.028663538274967867,0.028663538274967867,0.019707714422607468,0.030818825533718577,0.02783954661563523,0.02223312356916784
267,0.02298535322240505,0.028663538274967867,0.028663538274967867,0.019707714422607468,0.0280410477559408,0.04144498879250598,0.022278621093524936
356,0.02298535322240505,0.028663538274967867,0.028663538274967867,0.0280410477559408,0.02526326997816302,0.024438186071417543,0.021914640898668163
473,0.02298535322240505,0.028663538274967867,0.028663538274967867,0.036374381089274134,0.036374381089274134,0.017635464982982168,0.021399002289287733
491,0.02298535322240505,0.028663538274967867,0.028663538274967867,0.036374381089274134,0.03915215886705191,0.02783954661563523,0.022066299313191817
573,0.02298535322240505,0.028663538274967867,0.028663538274967867,0.011374381089274133,0.01692993664482969,0.024438186071417543,0.022642601288381706
612,0.02298535322240505,0.028663538274967867,0.028663538274967867,0.0280410477559408,0.0280410477559408,0.031240907159852914,0.02155066070381139
848,0.02298535322240505,0.028663538274967867,0.028663538274967867,0.019707714422607468,0.022485492200385242,0.034642267704070605,0.021944972581572894
875,0.02298535322240505,0.028663538274967867,0.028663538274967867,0.019707714422607468,0.0280410477559408,0.021036825527199855,0.02212696267900128
975,0.02298535322240505,0.028663538274967867,0.028663538274967867,0.019707714422607468,0.02526326997816302,0.031240907159852914,0.02211179683754891
978,0.02298535322240505,0.028663538274967867,0.028663538274967867,0.019707714422607468,0.02526326997816302,0.031240907159852914,0.021626489911073216
013,0.022960084744830824,0.02803182633561221,0.02803182633561221,0.0280410477559408,0.0280410477559408,0.01423410443876448,0.021671987435430314
080,0.022960084744830824,0.02803182633561221,0.02803182633561221,0.036374381089274134,0.036374381089274134,0.024438186071417543,0.021641655752525583
112,0.022960084744830824,0.02803182633561221,0.02803182633561221,0.011374381089274133,0.01692993664482969,0.017635464982982168,0.02246061119095332
151,0.022960084744830824,0.02803182633561221,0.02803182633561221,0.011374381089274133,0.02526326997816302,0.021036825527199855,0.022369616142239125
274,0.022960084744830824,0.02803182633561221,0.02803182633561221,0.019707714422607468,0.014152158867051911,0.017635464982982168,0.02168715327688268
362,0.022960084744830824,0.02803182633561221,0.02803182633561221,0.019707714422607468,0.019707714422607468,0.02783954661563523,0.0218539775328587
532,0.022960084744830824,0.02803182633561221,0.02803182633561221,0.019707714422607468,0.0280410477559408,0.024438186071417543,0.02212696267900128
549,0.022960084744830824,0.02803182633561221,0.02803182633561221,0.019707714422607468,0.019707714422607468,0.034642267704070605,0.021793314167049237
556,0.022960084744830824,0.02803182633561221,0.02803182633561221,0.044707714422607465,0.03915215886705191,0.017635464982982168,0.0214141681307401
619,0.022960084744830824,0.02803182633561221,0.02803182633561221,0.036374381089274134,0.036374381089274134,0.021036825527199855,0.021611324069620852
691,0.022960084744830824,0.02803182633561221,0.02803182633561221,0.036374381089274134,0.03359660331149635,0.02783954661563523,0.021565826545263754
715,0.022960084744830824,0.02803182633561221,0.02803182633561221,0.044707714422607465,0.03359660331149635,0.017635464982982168,0.021505163179454292
774,0.022960084744830824,0.02803182633561221,0.02803182633561221,0.0280410477559408,0.036374381089274134,0.02783954661563523,0.021838811691406335
871,0.022960084744830824,0.02803182633561221,0.02803182633561221,0.019707714422607468,0.019707714422607468,0.031240907159852914,0.021626489911073216
906,0.022960084744830824,0.02803182633561221,0.02803182633561221,0.0530410477559408,0.0280410477559408,0.021036825527199855,0.02182364584995397
916,0.022960084744830824,0.02803182633561221,0.02803182633561221,0.0280410477559408,0.022485492200385242,0.03804362824828829,0.021611324069620852
964,0.022960084744830824,0.02803182633561221,0.02803182633561221,0.0280410477559408,0.03359660331149635,0.01423410443876448,0.021929806740120527
174,0.022934816267256596,0.02740011439625656,0.02740011439625656,0.036374381089274134,0.030818825533718577,0.021036825527199855,0.021702319118335044
194,0.022934816267256596,0.02740011439625656,0.02740011439625656,0.019707714422607468,0.0280410477559408,0.021036825527199855,0.0218539775328587
250,0.022934816267256596,0.02740011439625656,0.02740011439625656,0.061374381089274135,0.03915215886705191,0.021036825527199855,0.021399002289287733
292,0.022934816267256596,0.02740011439625656,0.02740011439625656,0.0280410477559408,0.0280410477559408,0.021036825527199855,0.021778148325596873
409,0.022934816267256596,0.02740011439625656,0.02740011439625656,0.0280410477559408,0.03915215886705191,0.034642267704070605,0.021611324069620852
419,0.022934816267256596,0.02740011439625656,0.02740011439625656,0.019707714422607468,0.014152158867051911,0.034642267704070605,0.021975304264477625
422,0.022934816267256596,0.02740011439625656,0.02740011439625656,0.011374381089274133,0.01692993664482969,0.031240907159852914,0.023234069105023965
475,0.022934816267256596,0.02740011439625656,0.02740011439625656,0.019707714422607468,0.022485492200385242,0.021036825527199855,0.021838811691406335
559,0.022934816267256596,0.02740011439625656,0.02740011439625656,0.0280410477559408,0.02526326997816302,0.034642267704070605,0.021747816642692142
605,0.022934816267256596,0.02740011439625656,0.02740011439625656,0.0530410477559408,0.030818825533718577,0.021036825527199855,0.021611324069620852
620,0.022934816267256596,0.02740011439625656,0.02740011439625656,0.019707714422607468,0.02526326997816302,0.034642267704070605,0.021565826545263754
661,0.022934816267256596,0.02740011439625656,0.02740011439625656,0.0280410477559408,0.022485492200385242,0.031240907159852914,0.02147483149654956
727,0.022934816267256596,0.02740011439625656,0.02740011439625656,0.036374381089274134,0.03359660331149635,0.01423410443876448,0.02155066070381139
836,0.022934816267256596,0.02740011439625656,0.02740011439625656,0.036374381089274134,0.030818825533718577,0.024438186071417543,0.02158099238671612
902,0.022934816267256596,0.02740011439625656,0.02740011439625656,0.0280410477559408,0.03359660331149635,0.031240907159852914,0.021459665655097198
932,0.022934816267256596,0.02740011439625656,0.02740011439625656,0.0280410477559408,0.022485492200385242,0.04144498879250598,0.021429333972192464
957,0.022934816267256596,0.02740011439625656,0.02740011439625656,0.019707714422607468,0.030818825533718577,0.010832743894546793,0.02138383644783537
032,0.02290954778968237,0.026768402456900903,0.026768402456900903,0.0280410477559408,0.022485492200385242,0.024438186071417543,0.02144449981364483
035,0.02290954778968237,0.026768402456900903,0.026768402456900903,0.0280410477559408,0.0280410477559408,0.021036825527199855,0.02155066070381139
059,0.02290954778968237,0.026768402456900903,0.026768402456900903,0.019707714422607468,0.02526326997816302,0.024438186071417543,0.02155066070381139
081,0.02290954778968237,0.026768402456900903,0.026768402456900903,0.0280410477559408,0.0280410477559408,0.024438186071417543,0.021899475057215796
097,0.02290954778968237,0.026768402456900903,0.026768402456900903,0.0280410477559408,0.030818825533718577,0.04144498879250598,0.02155066070381139
102,0.02290954778968237,0.026768402456900903,0.026768402456900903,0.0280410477559408,0.022485492200385242,0.02783954661563523,0.02158099238671612
115,0.02290954778968237,0.026768402456900903,0.026768402456900903,0.044707714422607465,0.0280410477559408,0.021036825527199855,0.02147483149654956
132,0.02290954778968237,0.026768402456900903,0.026768402456900903,0.019707714422607468,0.022485492200385242,0.031240907159852914,0.02158099238671612
138,0.02290954778968237,0.026768402456900903,0.026768402456900903,0.019707714422607468,0.0280410477559408,0.024438186071417543,0.02223312356916784
166,0.02290954778968237,0.026768402456900903,0.026768402456900903,0.0280410477559408,0.022485492200385242,0.021036825527199855,0.021459665655097198
189,0.02290954778968237,0.026768402456900903,0.026768402456900903,0.036374381089274134,0.02526326997816302,0.01423410443876448,0.02138383644783537
206,0.02290954778968237,0.026768402456900903,0.026768402456900903,0.0280410477559408,0.022485492200385242,0.02783954661563523,0.02168715327688268
239,0.02290954778968237,0.026768402456900903,0.026768402456900903,0.011374381089274133,0.022485492200385242,0.02783954661563523,0.02243027950804859
244,0.02290954778968237,0.026768402456900903,0.026768402456900903,0.0280410477559408,0.02526326997816302,0.02783954661563523,0.02202080178883472
254,0.02290954778968237,0.026768402456900903,0.026768402456900903,0.0280410477559408,0.02526326997816302,0.021036825527199855,0.021520329020906656
289,0.02290954778968237,0.026768402456900903,0.026768402456900903,0.011374381089274133,0.022485492200385242,0.031240907159852914,0.02276392802000063
296,0.02290954778968237,0.026768402456900903,0.026768402456900903,0.0280410477559408,0.030818825533718577,0.017635464982982168,0.021626489911073216
318,0.02290954778968237,0.026768402456900903,0.026768402456900903,0.0280410477559408,0.022485492200385242,0.01423410443876448,0.02144449981364483
341,0.02290954778968237,0.026768402456900903,0.026768402456900903,0.0280410477559408,0.0280410477559408,0.02783954661563523,0.02188430921576343
358,0.02290954778968237,0.026768402456900903,0.026768402456900903,0.019707714422607468,0.022485492200385242,0.024438186071417543,0.022096630996096548
363,0.02290954778968237,0.026768402456900903,0.026768402456900903,0.019707714422607468,0.02526326997816302,0.024438186071417543,0.02212696267900128
391,0.02290954778968237,0.026768402456900903,0.026768402456900903,0.0280410477559408,0.0280410477559408,0.031240907159852914,0.02211179683754891
396,0.02290954778968237,0.026768402456900903,0.026768402456900903,0.0280410477559408,0.02526326997816302,0.024438186071417543,0.021975304264477625
492,0.02290954778968237,0.026768402456900903,0.026768402456900903,0.019707714422607468,0.0280410477559408,0.044846349336723663,0.022202791886263108
522,0.02290954778968237,0.026768402456900903,0.026768402456900903,0.019707714422607468,0.030818825533718577,0.024438186071417543,0.022081465154644184
523,0.02290954778968237,0.026768402456900903,0.026768402456900903,0.036374381089274134,0.022485492200385242,0.024438186071417543,0.021914640898668163
525,0.02290954778968237,0.026768402456900903,0.026768402456900903,0.0280410477559408,0.02526326997816302,0.04144498879250598,0.0214141681307401
547,0.02290954778968237,0.026768402456900903,0.026768402456900903,0.036374381089274134,0.02526326997816302,0.021036825527199855,0.02159615822816849
586,0.02290954778968237,0.026768402456900903,0.026768402456900903,0.036374381089274134,0.0280410477559408,0.02783954661563523,0.021429333972192464
633,0.02290954778968237,0.026768402456900903,0.026768402456900903,0.011374381089274133,0.02526326997816302,0.01423410443876448,0.0231734057392145
665,0.02290954778968237,0.026768402456900903,0.026768402456900903,0.036374381089274134,0.022485492200385242,0.034642267704070605,0.02159615822816849
669,0.02290954778968237,0.026768402456900903,0.026768402456900903,0.019707714422607468,0.030818825533718577,0.021036825527199855,0.021747816642692142
710,0.02290954778968237,0.026768402456900903,0.026768402456900903,0.036374381089274134,0.02526326997816302,0.02783954661563523,0.02148999733800193
729,0.02290954778968237,0.026768402456900903,0.026768402456900903,0.0280410477559408,0.02526326997816302,0.01423410443876448,0.021747816642692142
736,0.02290954778968237,0.026768402456900903,0.026768402456900903,0.011374381089274133,0.019707714422607468,0.031240907159852914,0.02327956662938106
742,0.02290954778968237,0.026768402456900903,0.026768402456900903,0.0280410477559408,0.030818825533718577,0.031240907159852914,0.021399002289287733
749,0.02290954778968237,0.026768402456900903,0.026768402456900903,0.0280410477559408,0.022485492200385242,0.024438186071417543,0.021671987435430314
766,0.02290954778968237,0.026768402456900903,0.026768402456900903,0.011374381089274133,0.014152158867051911,0.03804362824828829,0.023006581483238482
813,0.02290954778968237,0.026768402456900903,0.026768402456900903,0.011374381089274133,0.01692993664482969,0.017635464982982168,0.022415113666596223
814,0.02290954778968237,0.026768402456900903,0.026768402456900903,0.011374381089274133,0.022485492200385242,0.01423410443876448,0.022824591385810094
829,0.02290954778968237,0.026768402456900903,0.026768402456900903,0.011374381089274133,0.02526326997816302,0.02783954661563523,0.02246061119095332
049,0.022884279312108145,0.02613669051754525,0.02613669051754525,0.011374381089274133,0.01692993664482969,0.024438186071417543,0.022824591385810094
087,0.022884279312108145,0.02613669051754525,0.02613669051754525,0.019707714422607468,0.0280410477559408,0.017635464982982168,0.022278621093524936
127,0.022884279312108145,0.02613669051754525,0.02613669051754525,0.0280410477559408,0.022485492200385242,0.021036825527199855,0.02159615822816849
139,0.022884279312108145,0.02613669051754525,0.02613669051754525,0.019707714422607468,0.014152158867051911,0.031240907159852914,0.021975304264477625
158,0.022884279312108145,0.02613669051754525,0.02613669051754525,0.019707714422607468,0.019707714422607468,0.024438186071417543,0.021611324069620852
169,0.022884279312108145,0.02613669051754525,0.02613669051754525,0.044707714422607465,0.0280410477559408,0.010832743894546793,0.02138383644783537
191,0.022884279312108145,0.02613669051754525,0.02613669051754525,0.0280410477559408,0.036374381089274134,0.017635464982982168,0.021869143374311065
208,0.022884279312108145,0.02613669051754525,0.02613669051754525,0.0280410477559408,0.030818825533718577,0.017635464982982168,0.021975304264477625
224,0.022884279312108145,0.02613669051754525,0.02613669051754525,0.036374381089274134,0.0280410477559408,0.01423410443876448,0.021808480008501604
313,0.022884279312108145,0.02613669051754525,0.02613669051754525,0.0280410477559408,0.02526326997816302,0.021036825527199855,0.021535494862359023
314,0.022884279312108145,0.02613669051754525,0.02613669051754525,0.044707714422607465,0.0280410477559408,0.031240907159852914,0.02138383644783537
326,0.022884279312108145,0.02613669051754525,0.02613669051754525,0.011374381089274133,0.01692993664482969,0.034642267704070605,0.0222937869349773
336,0.022884279312108145,0.02613669051754525,0.02613669051754525,0.0280410477559408,0.022485492200385242,0.021036825527199855,0.02182364584995397
380,0.022884279312108145,0.02613669051754525,0.02613669051754525,0.011374381089274133,0.01692993664482969,0.031240907159852914,0.022870088910167192
389,0.022884279312108145,0.02613669051754525,0.02613669051754525,0.036374381089274134,0.022485492200385242,0.034642267704070605,0.021838811691406335
395,0.022884279312108145,0.02613669051754525,0.02613669051754525,0.0280410477559408,0.02526326997816302,0.021036825527199855,0.021914640898668163
431,0.022884279312108145,0.02613669051754525,0.02613669051754525,0.011374381089274133,0.014152158867051911,0.031240907159852914,0.023400893360999982
447,0.022884279312108145,0.02613669051754525,0.02613669051754525,0.044707714422607465,0.0280410477559408,0.024438186071417543,0.02155066070381139
450,0.022884279312108145,0.02613669051754525,0.02613669051754525,0.011374381089274133,0.022485492200385242,0.021036825527199855,0.022824591385810094
482,0.022884279312108145,0.02613669051754525,0.02613669051754525,0.019707714422607468,0.014152158867051911,0.024438186071417543,0.0218539775328587
543,0.022884279312108145,0.02613669051754525,0.02613669051754525,0.0280410477559408,0.01692993664482969,0.017635464982982168,0.022035967630287086
606,0.022884279312108145,0.02613669051754525,0.02613669051754525,0.044707714422607465,0.036374381089274134,0.021036825527199855,0.021656821593977946
625,0.022884279312108145,0.02613669051754525,0.02613669051754525,0.0280410477559408,0.030818825533718577,0.02783954661563523,0.022005635947382356
647,0.022884279312108145,0.02613669051754525,0.02613669051754525,0.019707714422607468,0.022485492200385242,0.02783954661563523,0.022051133471739454
672,0.022884279312108145,0.02613669051754525,0.02613669051754525,0.011374381089274133,0.02526326997816302,0.021036825527199855,0.022521274556762783
686,0.022884279312108145,0.02613669051754525,0.02613669051754525,0.0280410477559408,0.022485492200385242,0.034642267704070605,0.021793314167049237
745,0.022884279312108145,0.02613669051754525,0.02613669051754525,0.019707714422607468,0.019707714422607468,0.02783954661563523,0.022172460203358377
791,0.022884279312108145,0.02613669051754525,0.02613669051754525,0.019707714422607468,0.0280410477559408,0.024438186071417543,0.021459665655097198
840,0.022884279312108145,0.02613669051754525,0.02613669051754525,0.036374381089274134,0.0280410477559408,0.02783954661563523,0.02155066070381139
844,0.022884279312108145,0.02613669051754525,0.02613669051754525,0.0280410477559408,0.02526326997816302,0.02783954661563523,0.021778148325596873
869,0.022884279312108145,0.02613669051754525,0.02613669051754525,0.0280410477559408,0.0280410477559408,0.017635464982982168,0.021459665655097198
879,0.022884279312108145,0.02613669051754525,0.02613669051754525,0.036374381089274134,0.022485492200385242,0.024438186071417543,0.021762982484144506
910,0.022884279312108145,0.02613669051754525,0.02613669051754525,0.011374381089274133,0.01692993664482969,0.024438186071417543,0.022490942873858052
937,0.022884279312108145,0.02613669051754525,0.02613669051754525,0.019707714422607468,0.019707714422607468,0.031240907159852914,0.021899475057215796
966,0.022884279312108145,0.02613669051754525,0.02613669051754525,0.011374381089274133,0.011374381089274133,0.034642267704070605,0.02411368790926116
981,0.022884279312108145,0.02613669051754525,0.02613669051754525,0.0280410477559408,0.022485492200385242,0.031240907159852914,0.021929806740120527
046,0.02285901083453392,0.025504978578189598,0.025504978578189598,0.0280410477559408,0.030818825533718577,0.017635464982982168,0.021611324069620852
063,0.02285901083453392,0.025504978578189598,0.025504978578189598,0.044707714422607465,0.030818825533718577,0.017635464982982168,0.021762982484144506
111,0.02285901083453392,0.025504978578189598,0.025504978578189598,0.0280410477559408,0.0280410477559408,0.03804362824828829,0.021429333972192464
121,0.02285901083453392,0.025504978578189598,0.025504978578189598,0.0280410477559408,0.019707714422607468,0.02783954661563523,0.0214141681307401
147,0.02285901083453392,0.025504978578189598,0.025504978578189598,0.0280410477559408,0.022485492200385242,0.02783954661563523,0.021793314167049237
246,0.02285901083453392,0.025504978578189598,0.025504978578189598,0.019707714422607468,0.030818825533718577,0.017635464982982168,0.021762982484144506
277,0.02285901083453392,0.025504978578189598,0.025504978578189598,0.036374381089274134,0.03359660331149635,0.034642267704070605,0.021429333972192464
278,0.02285901083453392,0.025504978578189598,0.025504978578189598,0.044707714422607465,0.0280410477559408,0.034642267704070605,0.021626489911073216
299,0.02285901083453392,0.025504978578189598,0.025504978578189598,0.044707714422607465,0.022485492200385242,0.024438186071417543,0.021399002289287733
300,0.02285901083453392,0.025504978578189598,0.025504978578189598,0.019707714422607468,0.01692993664482969,0.017635464982982168,0.02148999733800193
306,0.02285901083453392,0.025504978578189598,0.025504978578189598,0.019707714422607468,0.01692993664482969,0.02783954661563523,0.022248289410620202
310,0.02285901083453392,0.025504978578189598,0.025504978578189598,0.036374381089274134,0.02526326997816302,0.031240907159852914,0.021399002289287733
312,0.02285901083453392,0.025504978578189598,0.025504978578189598,0.019707714422607468,0.019707714422607468,0.031240907159852914,0.022248289410620202
317,0.02285901083453392,0.025504978578189598,0.025504978578189598,0.019707714422607468,0.022485492200385242,0.024438186071417543,0.022081465154644184
382,0.02285901083453392,0.025504978578189598,0.025504978578189598,0.019707714422607468,0.0280410477559408,0.021036825527199855,0.021793314167049237
398,0.02285901083453392,0.025504978578189598,0.025504978578189598,0.019707714422607468,0.036374381089274134,0.034642267704070605,0.021459665655097198
407,0.02285901083453392,0.025504978578189598,0.025504978578189598,0.019707714422607468,0.02526326997816302,0.021036825527199855,0.022035967630287086
417,0.02285901083453392,0.025504978578189598,0.025504978578189598,0.036374381089274134,0.0280410477559408,0.017635464982982168,0.02138383644783537
435,0.02285901083453392,0.025504978578189598,0.025504978578189598,0.019707714422607468,0.022485492200385242,0.024438186071417543,0.021565826545263754
442,0.02285901083453392,0.025504978578189598,0.025504978578189598,0.036374381089274134,0.03359660331149635,0.034642267704070605,0.021399002289287733
481,0.02285901083453392,0.025504978578189598,0.025504978578189598,0.036374381089274134,0.0280410477559408,0.017635464982982168,0.021656821593977946
508,0.02285901083453392,0.025504978578189598,0.025504978578189598,0.0280410477559408,0.019707714422607468,0.021036825527199855,0.021656821593977946
517,0.02285901083453392,0.025504978578189598,0.025504978578189598,0.036374381089274134,0.0280410477559408,0.024438186071417543,0.02138383644783537
561,0.02285901083453392,0.025504978578189598,0.025504978578189598,0.0280410477559408,0.0280410477559408,0.024438186071417543,0.021626489911073216
568,0.02285901083453392,0.025504978578189598,0.025504978578189598,0.0280410477559408,0.030818825533718577,0.024438186071417543,0.021565826545263754
582,0.02285901083453392,0.025504978578189598,0.025504978578189598,0.0280410477559408,0.03359660331149635,0.01423410443876448,0.021656821593977946
597,0.02285901083453392,0.025504978578189598,0.025504978578189598,0.019707714422607468,0.02526326997816302,0.024438186071417543,0.021520329020906656
602,0.02285901083453392,0.025504978578189598,0.025504978578189598,0.019707714422607468,0.019707714422607468,0.02783954661563523,0.022096630996096548
603,0.02285901083453392,0.025504978578189598,0.025504978578189598,0.019707714422607468,0.019707714422607468,0.010832743894546793,0.021565826545263754
609,0.02285901083453392,0.025504978578189598,0.025504978578189598,0.011374381089274133,0.02526326997816302,0.034642267704070605,0.022961083958881384
618,0.02285901083453392,0.025504978578189598,0.025504978578189598,0.036374381089274134,0.03359660331149635,0.021036825527199855,0.0214141681307401
627,0.02285901083453392,0.025504978578189598,0.025504978578189598,0.0280410477559408,0.030818825533718577,0.017635464982982168,0.021565826545263754
634,0.02285901083453392,0.025504978578189598,0.025504978578189598,0.036374381089274134,0.022485492200385242,0.024438186071417543,0.02138383644783537
636,0.02285901083453392,0.025504978578189598,0.025504978578189598,0.011374381089274133,0.02526326997816302,0.02783954661563523,0.022415113666596223
651,0.02285901083453392,0.025504978578189598,0.025504978578189598,0.044707714422607465,0.03359660331149635,0.024438186071417543,0.02144449981364483
652,0.02285901083453392,0.025504978578189598,0.025504978578189598,0.019707714422607468,0.02526326997816302,0.024438186071417543,0.021459665655097198
666,0.02285901083453392,0.025504978578189598,0.025504978578189598,0.036374381089274134,0.03359660331149635,0.031240907159852914,0.02159615822816849
688,0.02285901083453392,0.025504978578189598,0.025504978578189598,0.0280410477559408,0.02526326997816302,0.024438186071417543,0.02168715327688268
704,0.02285901083453392,0.025504978578189598,0.025504978578189598,0.036374381089274134,0.030818825533718577,0.02783954661563523,0.02138383644783537
720,0.02285901083453392,0.025504978578189598,0.025504978578189598,0.036374381089274134,0.030818825533718577,0.021036825527199855,0.02144449981364483
761,0.02285901083453392,0.025504978578189598,0.025504978578189598,0.019707714422607468,0.019707714422607468,0.021036825527199855,0.021459665655097198
768,0.02285901083453392,0.025504978578189598,0.025504978578189598,0.011374381089274133,0.022485492200385242,0.02783954661563523,0.02232411861788203
775,0.02285901083453392,0.025504978578189598,0.025504978578189598,0.0280410477559408,0.01692993664482969,0.034642267704070605,0.02148999733800193
794,0.02285901083453392,0.025504978578189598,0.025504978578189598,0.019707714422607468,0.02526326997816302,0.024438186071417543,0.021747816642692142
816,0.02285901083453392,0.025504978578189598,0.025504978578189598,0.019707714422607468,0.01692993664482969,0.031240907159852914,0.022081465154644184
841,0.02285901083453392,0.025504978578189598,0.025504978578189598,0.019707714422607468,0.022485492200385242,0.024438186071417543,0.021399002289287733
847,0.02285901083453392,0.025504978578189598,0.025504978578189598,0.019707714422607468,0.02526326997816302,0.02783954661563523,0.022066299313191817
877,0.02285901083453392,0.025504978578189598,0.025504978578189598,0.0280410477559408,0.0280410477559408,0.024438186071417543,0.02147483149654956
883,0.02285901083453392,0.025504978578189598,0.025504978578189598,0.019707714422607468,0.022485492200385242,0.021036825527199855,0.021778148325596873
887,0.02285901083453392,0.025504978578189598,0.025504978578189598,0.036374381089274134,0.030818825533718577,0.04144498879250598,0.02144449981364483
889,0.02285901083453392,0.025504978578189598,0.025504978578189598,0.044707714422607465,0.022485492200385242,0.02783954661563523,0.02168715327688268
904,0.02285901083453392,0.025504978578189598,0.025504978578189598,0.0280410477559408,0.02526326997816302,0.034642267704070605,0.021505163179454292
908,0.02285901083453392,0.025504978578189598,0.025504978578189598,0.019707714422607468,0.014152158867051911,0.044846349336723663,0.02155066070381139
946,0.02285901083453392,0.025504978578189598,0.025504978578189598,0.0280410477559408,0.01692993664482969,0.017635464982982168,0.021732650801239775
960,0.02285901083453392,0.025504978578189598,0.025504978578189598,0.011374381089274133,0.01692993664482969,0.01423410443876448,0.02290042059307192
989,0.02285901083453392,0.025504978578189598,0.025504978578189598,0.036374381089274134,0.0280410477559408,0.021036825527199855,0.021793314167049237
990,0.02285901083453392,0.025504978578189598,0.025504978578189598,0.019707714422607468,0.022485492200385242,0.04144498879250598,0.021929806740120527
003,0.02283374235695969,0.024873266638833942,0.024873266638833942,0.0280410477559408,0.02526326997816302,0.02783954661563523,0.021505163179454292
009,0.02283374235695969,0.024873266638833942,0.024873266638833942,0.0280410477559408,0.022485492200385242,0.017635464982982168,0.021429333972192464
014,0.02283374235695969,0.024873266638833942,0.024873266638833942,0.019707714422607468,0.022485492200385242,0.024438186071417543,0.02226345525207257
021,0.02283374235695969,0.024873266638833942,0.024873266638833942,0.0280410477559408,0.0280410477559408,0.024438186071417543,0.0214141681307401
022,0.02283374235695969,0.024873266638833942,0.024873266638833942,0.019707714422607468,0.02526326997816302,0.024438186071417543,0.021975304264477625
023,0.02283374235695969,0.024873266638833942,0.024873266638833942,0.0280410477559408,0.019707714422607468,0.017635464982982168,0.021838811691406335
028,0.02283374235695969,0.024873266638833942,0.024873266638833942,0.011374381089274133,0.01692993664482969,0.024438186071417543,0.023052079007595577
031,0.02283374235695969,0.024873266638833942,0.024873266638833942,0.019707714422607468,0.02526326997816302,0.024438186071417543,0.02138383644783537
034,0.02283374235695969,0.024873266638833942,0.024873266638833942,0.036374381089274134,0.022485492200385242,0.017635464982982168,0.021520329020906656
098,0.02283374235695969,0.024873266638833942,0.024873266638833942,0.0280410477559408,0.0280410477559408,0.02783954661563523,0.021626489911073216
106,0.02283374235695969,0.024873266638833942,0.024873266638833942,0.044707714422607465,0.0280410477559408,0.02783954661563523,0.021899475057215796
109,0.02283374235695969,0.024873266638833942,0.024873266638833942,0.019707714422607468,0.022485492200385242,0.021036825527199855,0.021929806740120527
125,0.02283374235695969,0.024873266638833942,0.024873266638833942,0.019707714422607468,0.0280410477559408,0.024438186071417543,0.02147483149654956
131,0.02283374235695969,0.024873266638833942,0.024873266638833942,0.036374381089274134,0.022485492200385242,0.017635464982982168,0.021459665655097198
133,0.02283374235695969,0.024873266638833942,0.024873266638833942,0.019707714422607468,0.019707714422607468,0.02783954661563523,0.02159615822816849
159,0.02283374235695969,0.024873266638833942,0.024873266638833942,0.011374381089274133,0.01692993664482969,0.024438186071417543,0.023218903263571594
168,0.02283374235695969,0.024873266638833942,0.024873266638833942,0.019707714422607468,0.02526326997816302,0.034642267704070605,0.022005635947382356
190,0.02283374235695969,0.024873266638833942,0.024873266638833942,0.0280410477559408,0.01692993664482969,0.010832743894546793,0.02188430921576343
197,0.02283374235695969,0.024873266638833942,0.024873266638833942,0.019707714422607468,0.02526326997816302,0.031240907159852914,0.021611324069620852
202,0.02283374235695969,0.024873266638833942,0.024873266638833942,0.036374381089274134,0.03359660331149635,0.017635464982982168,0.0214141681307401
205,0.02283374235695969,0.024873266638833942,0.024873266638833942,0.0280410477559408,0.03359660331149635,0.021036825527199855,0.021565826545263754
215,0.02283374235695969,0.024873266638833942,0.024873266638833942,0.019707714422607468,0.019707714422607468,0.04144498879250598,0.02196013842302526
217,0.02283374235695969,0.024873266638833942,0.024873266638833942,0.044707714422607465,0.02526326997816302,0.021036825527199855,0.021399002289287733
225,0.02283374235695969,0.024873266638833942,0.024873266638833942,0.019707714422607468,0.019707714422607468,0.02783954661563523,0.022142128520453646
228,0.02283374235695969,0.024873266638833942,0.024873266638833942,0.0280410477559408,0.019707714422607468,0.021036825527199855,0.021626489911073216
251,0.02283374235695969,0.024873266638833942,0.024873266638833942,0.019707714422607468,0.0280410477559408,0.02783954661563523,0.02168715327688268
279,0.02283374235695969,0.024873266638833942,0.024873266638833942,0.019707714422607468,0.019707714422607468,0.021036825527199855,0.021944972581572894
291,0.02283374235695969,0.024873266638833942,0.024873266638833942,0.019707714422607468,0.022485492200385242,0.031240907159852914,0.021869143374311065
297,0.02283374235695969,0.024873266638833942,0.024873266638833942,0.011374381089274133,0.014152158867051911,0.017635464982982168,0.022597103764024608
316,0.02283374235695969,0.024873266638833942,0.024873266638833942,0.0280410477559408,0.022485492200385242,0.021036825527199855,0.021399002289287733
330,0.02283374235695969,0.024873266638833942,0.024873266638833942,0.011374381089274133,0.036374381089274134,0.021036825527199855,0.022308952776429667
344,0.02283374235695969,0.024873266638833942,0.024873266638833942,0.011374381089274133,0.022485492200385242,0.021036825527199855,0.02293075227597665
349,0.02283374235695969,0.024873266638833942,0.024873266638833942,0.019707714422607468,0.01692993664482969,0.017635464982982168,0.021869143374311065
365,0.02283374235695969,0.024873266638833942,0.024873266638833942,0.0280410477559408,0.022485492200385242,0.02783954661563523,0.02182364584995397
375,0.02283374235695969,0.024873266638833942,0.024873266638833942,0.019707714422607468,0.019707714422607468,0.02783954661563523,0.02168715327688268
379,0.02283374235695969,0.024873266638833942,0.024873266638833942,0.036374381089274134,0.022485492200385242,0.021036825527199855,0.021399002289287733
390,0.02283374235695969,0.024873266638833942,0.024873266638833942,0.019707714422607468,0.019707714422607468,0.021036825527199855,0.021656821593977946
394,0.02283374235695969,0.024873266638833942,0.024873266638833942,0.0280410477559408,0.0280410477559408,0.024438186071417543,0.021702319118335044
461,0.02283374235695969,0.024873266638833942,0.024873266638833942,0.0280410477559408,0.02526326997816302,0.017635464982982168,0.021732650801239775
463,0.02283374235695969,0.024873266638833942,0.024873266638833942,0.036374381089274134,0.02526326997816302,0.02783954661563523,0.021520329020906656
485,0.02283374235695969,0.024873266638833942,0.024873266638833942,0.019707714422607468,0.02526326997816302,0.017635464982982168,0.021732650801239775
490,0.02283374235695969,0.024873266638833942,0.024873266638833942,0.011374381089274133,0.036374381089274134,0.021036825527199855,0.022369616142239125
509,0.02283374235695969,0.024873266638833942,0.024873266638833942,0.019707714422607468,0.030818825533718577,0.031240907159852914,0.021611324069620852
557,0.02283374235695969,0.024873266638833942,0.024873266638833942,0.0280410477559408,0.019707714422607468,0.02783954661563523,0.021459665655097198
594,0.02283374235695969,0.024873266638833942,0.024873266638833942,0.011374381089274133,0.019707714422607468,0.017635464982982168,0.02324923494647633
610,0.02283374235695969,0.024873266638833942,0.024873266638833942,0.036374381089274134,0.022485492200385242,0.024438186071417543,0.02147483149654956
659,0.02283374235695969,0.024873266638833942,0.024873266638833942,0.019707714422607468,0.019707714422607468,0.01423410443876448,0.02215729436190601
690,0.02283374235695969,0.024873266638833942,0.024873266638833942,0.036374381089274134,0.0280410477559408,0.02783954661563523,0.02158099238671612
705,0.02283374235695969,0.024873266638833942,0.024873266638833942,0.0280410477559408,0.0280410477559408,0.03804362824828829,0.021459665655097198
709,0.02283374235695969,0.024873266638833942,0.024873266638833942,0.011374381089274133,0.022485492200385242,0.02783954661563523,0.02314307405630977
711,0.02283374235695969,0.024873266638833942,0.024873266638833942,0.0280410477559408,0.022485492200385242,0.021036825527199855,0.02199047010592999
740,0.02283374235695969,0.024873266638833942,0.024873266638833942,0.036374381089274134,0.036374381089274134,0.01423410443876448,0.02158099238671612
752,0.02283374235695969,0.024873266638833942,0.024873266638833942,0.044707714422607465,0.030818825533718577,0.024438186071417543,0.021671987435430314
755,0.02283374235695969,0.024873266638833942,0.024873266638833942,0.036374381089274134,0.02526326997816302,0.024438186071417543,0.021914640898668163
764,0.02283374235695969,0.024873266638833942,0.024873266638833942,0.036374381089274134,0.03359660331149635,0.021036825527199855,0.021505163179454292
799,0.02283374235695969,0.024873266638833942,0.024873266638833942,0.0280410477559408,0.0280410477559408,0.024438186071417543,0.021914640898668163
832,0.02283374235695969,0.024873266638833942,0.024873266638833942,0.036374381089274134,0.022485492200385242,0.021036825527199855,0.021838811691406335
850,0.02283374235695969,0.024873266638833942,0.024873266638833942,0.0280410477559408,0.022485492200385242,0.021036825527199855,0.0214141681307401
862,0.02283374235695969,0.024873266638833942,0.024873266638833942,0.0280410477559408,0.022485492200385242,0.02783954661563523,0.0214141681307401
866,0.02283374235695969,0.024873266638833942,0.024873266638833942,0.019707714422607468,0.022485492200385242,0.034642267704070605,0.02159615822816849
913,0.02283374235695969,0.024873266638833942,0.024873266638833942,0.0280410477559408,0.03359660331149635,0.017635464982982168,0.021505163179454292
917,0.02283374235695969,0.024873266638833942,0.024873266638833942,0.0280410477559408,0.03359660331149635,0.017635464982982168,0.021656821593977946
927,0.02283374235695969,0.024873266638833942,0.024873266638833942,0.019707714422607468,0.03915215886705191,0.024438186071417543,0.022187626044810744
936,0.02283374235695969,0.024873266638833942,0.024873266638833942,0.019707714422607468,0.02526326997816302,0.024438186071417543,0.021520329020906656
959,0.02283374235695969,0.024873266638833942,0.024873266638833942,0.036374381089274134,0.036374381089274134,0.031240907159852914,0.021535494862359023
997,0.02283374235695969,0.024873266638833942,0.024873266638833942,0.011374381089274133,0.02526326997816302,0.024438186071417543,0.02256677208111988
030,0.022808473879385466,0.02424155469947829,0.02424155469947829,0.0280410477559408,0.022485492200385242,0.017635464982982168,0.021671987435430314
075,0.022808473879385466,0.02424155469947829,0.02424155469947829,0.0280410477559408,0.0280410477559408,0.024438186071417543,0.021611324069620852
104,0.022808473879385466,0.02424155469947829,0.02424155469947829,0.036374381089274134,0.0280410477559408,0.024438186071417543,0.021914640898668163
116,0.022808473879385466,0.02424155469947829,0.02424155469947829,0.011374381089274133,0.03359660331149635,0.021036825527199855,0.022384781983691492
177,0.022808473879385466,0.02424155469947829,0.02424155469947829,0.0280410477559408,0.0280410477559408,0.02783954661563523,0.02158099238671612
196,0.022808473879385466,0.02424155469947829,0.02424155469947829,0.0280410477559408,0.0280410477559408,0.02783954661563523,0.02221795772771547
200,0.022808473879385466,0.02424155469947829,0.02424155469947829,0.0280410477559408,0.022485492200385242,0.034642267704070605,0.0214141681307401
216,0.022808473879385466,0.02424155469947829,0.02424155469947829,0.011374381089274133,0.014152158867051911,0.02783954661563523,0.02276392802000063
248,0.022808473879385466,0.02424155469947829,0.02424155469947829,0.019707714422607468,0.019707714422607468,0.031240907159852914,0.02196013842302526
252,0.022808473879385466,0.02424155469947829,0.02424155469947829,0.044707714422607465,0.03359660331149635,0.024438186071417543,0.021656821593977946
302,0.022808473879385466,0.02424155469947829,0.02424155469947829,0.011374381089274133,0.01692993664482969,0.02783954661563523,0.022521274556762783
307,0.022808473879385466,0.02424155469947829,0.02424155469947829,0.019707714422607468,0.0280410477559408,0.01423410443876448,0.022096630996096548
308,0.022808473879385466,0.02424155469947829,0.02424155469947829,0.011374381089274133,0.019707714422607468,0.024438186071417543,0.022308952776429667
360,0.022808473879385466,0.02424155469947829,0.02424155469947829,0.036374381089274134,0.03359660331149635,0.021036825527199855,0.021762982484144506
368,0.022808473879385466,0.02424155469947829,0.02424155469947829,0.0280410477559408,0.030818825533718577,0.02783954661563523,0.021535494862359023
381,0.022808473879385466,0.02424155469947829,0.02424155469947829,0.0280410477559408,0.03359660331149635,0.02783954661563523,0.0214141681307401
392,0.022808473879385466,0.02424155469947829,0.02424155469947829,0.0280410477559408,0.0280410477559408,0.021036825527199855,0.02159615822816849
427,0.022808473879385466,0.02424155469947829,0.02424155469947829,0.019707714422607468,0.019707714422607468,0.01423410443876448,0.021702319118335044
428,0.022808473879385466,0.02424155469947829,0.02424155469947829,0.0280410477559408,0.0280410477559408,0.021036825527199855,0.021505163179454292
449,0.022808473879385466,0.02424155469947829,0.02424155469947829,0.0280410477559408,0.019707714422607468,0.017635464982982168,0.021611324069620852
471,0.022808473879385466,0.02424155469947829,0.02424155469947829,0.019707714422607468,0.019707714422607468,0.017635464982982168,0.02182364584995397
488,0.022808473879385466,0.02424155469947829,0.02424155469947829,0.011374381089274133,0.011374381089274133,0.017635464982982168,0.02411368790926116
489,0.022808473879385466,0.02424155469947829,0.02424155469947829,0.019707714422607468,0.019707714422607468,0.01423410443876448,0.02223312356916784
542,0.022808473879385466,0.02424155469947829,0.02424155469947829,0.044707714422607465,0.0280410477559408,0.017635464982982168,0.0214141681307401
545,0.022808473879385466,0.02424155469947829,0.02424155469947829,0.019707714422607468,0.02526326997816302,0.031240907159852914,0.021641655752525583
565,0.022808473879385466,0.02424155469947829,0.02424155469947829,0.011374381089274133,0.01692993664482969,0.021036825527199855,0.022794259702905363
566,0.022808473879385466,0.02424155469947829,0.02424155469947829,0.019707714422607468,0.022485492200385242,0.017635464982982168,0.0218539775328587
577,0.022808473879385466,0.02424155469947829,0.02424155469947829,0.011374381089274133,0.01692993664482969,0.024438186071417543,0.022506108715310415
579,0.022808473879385466,0.02424155469947829,0.02424155469947829,0.019707714422607468,0.022485492200385242,0.021036825527199855,0.021899475057215796
595,0.022808473879385466,0.02424155469947829,0.02424155469947829,0.036374381089274134,0.022485492200385242,0.021036825527199855,0.02155066070381139
601,0.022808473879385466,0.02424155469947829,0.02424155469947829,0.0280410477559408,0.022485492200385242,0.034642267704070605,0.02147483149654956
615,0.022808473879385466,0.02424155469947829,0.02424155469947829,0.019707714422607468,0.022485492200385242,0.017635464982982168,0.021565826545263754
632,0.022808473879385466,0.02424155469947829,0.02424155469947829,0.0280410477559408,0.02526326997816302,0.01423410443876448,0.021808480008501604
679,0.022808473879385466,0.02424155469947829,0.02424155469947829,0.0280410477559408,0.01692993664482969,0.02783954661563523,0.021914640898668163
683,0.022808473879385466,0.02424155469947829,0.02424155469947829,0.036374381089274134,0.019707714422607468,0.021036825527199855,0.021702319118335044
689,0.022808473879385466,0.02424155469947829,0.02424155469947829,0.0280410477559408,0.02526326997816302,0.010832743894546793,0.021429333972192464
694,0.022808473879385466,0.02424155469947829,0.02424155469947829,0.011374381089274133,0.019707714422607468,0.031240907159852914,0.02239994782514386
696,0.022808473879385466,0.02424155469947829,0.02424155469947829,0.019707714422607468,0.022485492200385242,0.024438186071417543,0.021899475057215796
703,0.022808473879385466,0.02424155469947829,0.02424155469947829,0.0280410477559408,0.02526326997816302,0.024438186071417543,0.022202791886263108
718,0.022808473879385466,0.02424155469947829,0.02424155469947829,0.036374381089274134,0.02526326997816302,0.031240907159852914,0.021702319118335044
726,0.022808473879385466,0.02424155469947829,0.02424155469947829,0.036374381089274134,0.0280410477559408,0.024438186071417543,0.02155066070381139
735,0.022808473879385466,0.02424155469947829,0.02424155469947829,0.0280410477559408,0.02526326997816302,0.017635464982982168,0.021535494862359023
748,0.022808473879385466,0.02424155469947829,0.02424155469947829,0.036374381089274134,0.030818825533718577,0.044846349336723663,0.021505163179454292
751,0.022808473879385466,0.02424155469947829,0.02424155469947829,0.036374381089274134,0.022485492200385242,0.021036825527199855,0.02144449981364483
758,0.022808473879385466,0.02424155469947829,0.02424155469947829,0.019707714422607468,0.022485492200385242,0.017635464982982168,0.02212696267900128
779,0.022808473879385466,0.02424155469947829,0.02424155469947829,0.011374381089274133,0.0280410477559408,0.024438186071417543,0.02293075227597665
781,0.022808473879385466,0.02424155469947829,0.02424155469947829,0.011374381089274133,0.02526326997816302,0.021036825527199855,0.022976249800333748
788,0.022808473879385466,0.02424155469947829,0.02424155469947829,0.036374381089274134,0.030818825533718577,0.024438186071417543,0.02148999733800193
801,0.022808473879385466,0.02424155469947829,0.02424155469947829,0.0280410477559408,0.02526326997816302,0.031240907159852914,0.02144449981364483
804,0.022808473879385466,0.02424155469947829,0.02424155469947829,0.019707714422607468,0.02526326997816302,0.017635464982982168,0.022066299313191817
851,0.022808473879385466,0.02424155469947829,0.02424155469947829,0.019707714422607468,0.03359660331149635,0.021036825527199855,0.02168715327688268
853,0.022808473879385466,0.02424155469947829,0.02424155469947829,0.0280410477559408,0.022485492200385242,0.017635464982982168,0.02138383644783537
857,0.022808473879385466,0.02424155469947829,0.02424155469947829,0.019707714422607468,0.02526326997816302,0.021036825527199855,0.022096630996096548
876,0.022808473879385466,0.02424155469947829,0.02424155469947829,0.011374381089274133,0.02526326997816302,0.02783954661563523,0.022627435446929342
897,0.022808473879385466,0.02424155469947829,0.02424155469947829,0.036374381089274134,0.02526326997816302,0.031240907159852914,0.02158099238671612
903,0.022808473879385466,0.02424155469947829,0.02424155469947829,0.0280410477559408,0.01692993664482969,0.034642267704070605,0.021838811691406335
921,0.022808473879385466,0.02424155469947829,0.02424155469947829,0.019707714422607468,0.03359660331149635,0.02783954661563523,0.02196013842302526
923,0.022808473879385466,0.02424155469947829,0.02424155469947829,0.0280410477559408,0.02526326997816302,0.017635464982982168,0.02148999733800193
933,0.022808473879385466,0.02424155469947829,0.02424155469947829,0.0280410477559408,0.02526326997816302,0.017635464982982168,0.02171748495978741
939,0.022808473879385466,0.02424155469947829,0.02424155469947829,0.0280410477559408,0.02526326997816302,0.021036825527199855,0.021702319118335044
943,0.022808473879385466,0.02424155469947829,0.02424155469947829,0.019707714422607468,0.019707714422607468,0.021036825527199855,0.02147483149654956
950,0.022808473879385466,0.02424155469947829,0.02424155469947829,0.0280410477559408,0.02526326997816302,0.024438186071417543,0.021429333972192464
956,0.022808473879385466,0.02424155469947829,0.02424155469947829,0.019707714422607468,0.02526326997816302,0.024438186071417543,0.021808480008501604
982,0.022808473879385466,0.02424155469947829,0.02424155469947829,0.036374381089274134,0.0280410477559408,0.024438186071417543,0.021641655752525583
986,0.022808473879385466,0.02424155469947829,0.02424155469947829,0.0280410477559408,0.022485492200385242,0.031240907159852914,0.02147483149654956
996,0.022808473879385466,0.02424155469947829,0.02424155469947829,0.019707714422607468,0.01692993664482969,0.034642267704070605,0.021899475057215796
010,0.02278320540181124,0.023609842760122634,0.023609842760122634,0.019707714422607468,0.0280410477559408,0.017635464982982168,0.021626489911073216
036,0.02278320540181124,0.023609842760122634,0.023609842760122634,0.019707714422607468,0.01692993664482969,0.02783954661563523,0.02221795772771547
047,0.02278320540181124,0.023609842760122634,0.023609842760122634,0.011374381089274133,0.01692993664482969,0.02783954661563523,0.022733596337095898
071,0.02278320540181124,0.023609842760122634,0.023609842760122634,0.019707714422607468,0.01692993664482969,0.031240907159852914,0.02188430921576343
076,0.02278320540181124,0.023609842760122634,0.023609842760122634,0.019707714422607468,0.022485492200385242,0.024438186071417543,0.02202080178883472
099,0.02278320540181124,0.023609842760122634,0.023609842760122634,0.011374381089274133,0.019707714422607468,0.021036825527199855,0.022339284459334394
100,0.02278320540181124,0.023609842760122634,0.023609842760122634,0.0280410477559408,0.022485492200385242,0.031240907159852914,0.021778148325596873
123,0.02278320540181124,0.023609842760122634,0.023609842760122634,0.0280410477559408,0.030818825533718577,0.021036825527199855,0.021535494862359023
140,0.02278320540181124,0.023609842760122634,0.023609842760122634,0.019707714422607468,0.019707714422607468,0.017635464982982168,0.022142128520453646
162,0.02278320540181124,0.023609842760122634,0.023609842760122634,0.036374381089274134,0.03359660331149635,0.017635464982982168,0.02148999733800193
165,0.02278320540181124,0.023609842760122634,0.023609842760122634,0.044707714422607465,0.02526326997816302,0.021036825527199855,0.021656821593977946
175,0.02278320540181124,0.023609842760122634,0.023609842760122634,0.0280410477559408,0.022485492200385242,0.02783954661563523,0.02221795772771547
180,0.02278320540181124,0.023609842760122634,0.023609842760122634,0.0280410477559408,0.02526326997816302,0.024438186071417543,0.021429333972192464
236,0.02278320540181124,0.023609842760122634,0.023609842760122634,0.019707714422607468,0.019707714422607468,0.021036825527199855,0.021914640898668163
257,0.02278320540181124,0.023609842760122634,0.023609842760122634,0.019707714422607468,0.019707714422607468,0.02783954661563523,0.02215729436190601
260,0.02278320540181124,0.023609842760122634,0.023609842760122634,0.019707714422607468,0.02526326997816302,0.024438186071417543,0.021520329020906656
263,0.02278320540181124,0.023609842760122634,0.023609842760122634,0.019707714422607468,0.022485492200385242,0.034642267704070605,0.02171748495978741
264,0.02278320540181124,0.023609842760122634,0.023609842760122634,0.011374381089274133,0.014152158867051911,0.017635464982982168,0.022506108715310415
311,0.02278320540181124,0.023609842760122634,0.023609842760122634,0.011374381089274133,0.019707714422607468,0.024438186071417543,0.022809425544357727
322,0.02278320540181124,0.023609842760122634,0.023609842760122634,0.036374381089274134,0.019707714422607468,0.01423410443876448,0.021399002289287733
331,0.02278320540181124,0.023609842760122634,0.023609842760122634,0.0280410477559408,0.030818825533718577,0.017635464982982168,0.021808480008501604
335,0.02278320540181124,0.023609842760122634,0.023609842760122634,0.019707714422607468,0.019707714422607468,0.02783954661563523,0.021656821593977946
339,0.02278320540181124,0.023609842760122634,0.023609842760122634,0.019707714422607468,0.019707714422607468,0.024438186071417543,0.021702319118335044
348,0.02278320540181124,0.023609842760122634,0.023609842760122634,0.019707714422607468,0.019707714422607468,0.024438186071417543,0.021611324069620852
353,0.02278320540181124,0.023609842760122634,0.023609842760122634,0.0280410477559408,0.022485492200385242,0.017635464982982168,0.02168715327688268
413,0.02278320540181124,0.023609842760122634,0.023609842760122634,0.044707714422607465,0.030818825533718577,0.02783954661563523,0.021808480008501604
423,0.02278320540181124,0.023609842760122634,0.023609842760122634,0.019707714422607468,0.02526326997816302,0.03804362824828829,0.02182364584995397
430,0.02278320540181124,0.023609842760122634,0.023609842760122634,0.011374381089274133,0.02526326997816302,0.01423410443876448,0.02239994782514386
454,0.02278320540181124,0.023609842760122634,0.023609842760122634,0.011374381089274133,0.019707714422607468,0.024438186071417543,0.0222937869349773
460,0.02278320540181124,0.023609842760122634,0.023609842760122634,0.0280410477559408,0.022485492200385242,0.02783954661563523,0.022081465154644184
468,0.02278320540181124,0.023609842760122634,0.023609842760122634,0.0280410477559408,0.022485492200385242,0.021036825527199855,0.021399002289287733
472,0.02278320540181124,0.023609842760122634,0.023609842760122634,0.019707714422607468,0.019707714422607468,0.021036825527199855,0.02148999733800193
510,0.02278320540181124,0.023609842760122634,0.023609842760122634,0.0280410477559408,0.030818825533718577,0.021036825527199855,0.021869143374311065
515,0.02278320540181124,0.023609842760122634,0.023609842760122634,0.0280410477559408,0.019707714422607468,0.024438186071417543,0.021535494862359023
546,0.02278320540181124,0.023609842760122634,0.023609842760122634,0.0280410477559408,0.022485492200385242,0.01423410443876448,0.021611324069620852
553,0.02278320540181124,0.023609842760122634,0.023609842760122634,0.0280410477559408,0.01692993664482969,0.021036825527199855,0.021808480008501604
560,0.02278320540181124,0.023609842760122634,0.023609842760122634,0.011374381089274133,0.01692993664482969,0.01423410443876448,0.022612269605476975
563,0.02278320540181124,0.023609842760122634,0.023609842760122634,0.011374381089274133,0.02526326997816302,0.03804362824828829,0.02232411861788203
569,0.02278320540181124,0.023609842760122634,0.023609842760122634,0.019707714422607468,0.030818825533718577,0.017635464982982168,0.022278621093524936
583,0.02278320540181124,0.023609842760122634,0.023609842760122634,0.0280410477559408,0.030818825533718577,0.024438186071417543,0.021429333972192464
630,0.02278320540181124,0.023609842760122634,0.023609842760122634,0.019707714422607468,0.022485492200385242,0.02783954661563523,0.022035967630287086
668,0.02278320540181124,0.023609842760122634,0.023609842760122634,0.011374381089274133,0.022485492200385242,0.01423410443876448,0.023158239897762136
682,0.02278320540181124,0.023609842760122634,0.023609842760122634,0.0280410477559408,0.022485492200385242,0.017635464982982168,0.021520329020906656
695,0.02278320540181124,0.023609842760122634,0.023609842760122634,0.0280410477559408,0.030818825533718577,0.02783954661563523,0.02147483149654956
698,0.02278320540181124,0.023609842760122634,0.023609842760122634,0.019707714422607468,0.019707714422607468,0.021036825527199855,0.021611324069620852
707,0.02278320540181124,0.023609842760122634,0.023609842760122634,0.019707714422607468,0.019707714422607468,0.017635464982982168,0.02188430921576343
712,0.02278320540181124,0.023609842760122634,0.023609842760122634,0.019707714422607468,0.02526326997816302,0.02783954661563523,0.022096630996096548
716,0.02278320540181124,0.023609842760122634,0.023609842760122634,0.011374381089274133,0.0280410477559408,0.024438186071417543,0.02253644039821515
731,0.02278320540181124,0.023609842760122634,0.023609842760122634,0.036374381089274134,0.030818825533718577,0.034642267704070605,0.021838811691406335
760,0.02278320540181124,0.023609842760122634,0.023609842760122634,0.044707714422607465,0.03359660331149635,0.021036825527199855,0.021459665655097198
765,0.02278320540181124,0.023609842760122634,0.023609842760122634,0.036374381089274134,0.022485492200385242,0.017635464982982168,0.021641655752525583
782,0.02278320540181124,0.023609842760122634,0.023609842760122634,0.011374381089274133,0.014152158867051911,0.021036825527199855,0.02378003939730912
793,0.02278320540181124,0.023609842760122634,0.023609842760122634,0.0280410477559408,0.02526326997816302,0.021036825527199855,0.021656821593977946
819,0.02278320540181124,0.023609842760122634,0.023609842760122634,0.019707714422607468,0.022485492200385242,0.017635464982982168,0.02155066070381139
858,0.02278320540181124,0.023609842760122634,0.023609842760122634,0.036374381089274134,0.02526326997816302,0.02783954661563523,0.021565826545263754
882,0.02278320540181124,0.023609842760122634,0.023609842760122634,0.011374381089274133,0.011374381089274133,0.021036825527199855,0.02411368790926116
891,0.02278320540181124,0.023609842760122634,0.023609842760122634,0.011374381089274133,0.030818825533718577,0.017635464982982168,0.02276392802000063
892,0.02278320540181124,0.023609842760122634,0.023609842760122634,0.036374381089274134,0.02526326997816302,0.017635464982982168,0.021520329020906656
894,0.02278320540181124,0.023609842760122634,0.023609842760122634,0.044707714422607465,0.022485492200385242,0.031240907159852914,0.021429333972192464
900,0.02278320540181124,0.023609842760122634,0.023609842760122634,0.0280410477559408,0.02526326997816302,0.02783954661563523,0.02188430921576343
915,0.02278320540181124,0.023609842760122634,0.023609842760122634,0.0280410477559408,0.022485492200385242,0.02783954661563523,0.021429333972192464
930,0.02278320540181124,0.023609842760122634,0.023609842760122634,0.0280410477559408,0.03359660331149635,0.02783954661563523,0.021671987435430314
938,0.02278320540181124,0.023609842760122634,0.023609842760122634,0.0280410477559408,0.030818825533718577,0.021036825527199855,0.021535494862359023
949,0.02278320540181124,0.023609842760122634,0.023609842760122634,0.0280410477559408,0.02526326997816302,0.017635464982982168,0.021399002289287733
951,0.02278320540181124,0.023609842760122634,0.023609842760122634,0.0280410477559408,0.022485492200385242,0.017635464982982168,0.021975304264477625
962,0.02278320540181124,0.023609842760122634,0.023609842760122634,0.019707714422607468,0.01692993664482969,0.031240907159852914,0.02182364584995397
969,0.02278320540181124,0.023609842760122634,0.023609842760122634,0.019707714422607468,0.019707714422607468,0.031240907159852914,0.02148999733800193
972,0.02278320540181124,0.023609842760122634,0.023609842760122634,0.0280410477559408,0.030818825533718577,0.017635464982982168,0.021702319118335044
980,0.02278320540181124,0.023609842760122634,0.023609842760122634,0.036374381089274134,0.022485492200385242,0.017635464982982168,0.02188430921576343
001,0.022757936924237013,0.02297813082076698,0.02297813082076698,0.0280410477559408,0.036374381089274134,0.031240907159852914,0.021778148325596873
044,0.022757936924237013,0.02297813082076698,0.02297813082076698,0.019707714422607468,0.02526326997816302,0.02783954661563523,0.022278621093524936
045,0.022757936924237013,0.02297813082076698,0.02297813082076698,0.0280410477559408,0.02526326997816302,0.021036825527199855,0.021611324069620852
054,0.022757936924237013,0.02297813082076698,0.02297813082076698,0.019707714422607468,0.0280410477559408,0.031240907159852914,0.022035967630287086
074,0.022757936924237013,0.02297813082076698,0.02297813082076698,0.0280410477559408,0.02526326997816302,0.024438186071417543,0.021641655752525583
130,0.022757936924237013,0.02297813082076698,0.02297813082076698,0.019707714422607468,0.0280410477559408,0.02783954661563523,0.02159615822816849
143,0.022757936924237013,0.02297813082076698,0.02297813082076698,0.0280410477559408,0.019707714422607468,0.017635464982982168,0.02171748495978741
150,0.022757936924237013,0.02297813082076698,0.02297813082076698,0.0280410477559408,0.04192993664482969,0.017635464982982168,0.021808480008501604
161,0.022757936924237013,0.02297813082076698,0.02297813082076698,0.011374381089274133,0.01692993664482969,0.021036825527199855,0.02320373742211923
164,0.022757936924237013,0.02297813082076698,0.02297813082076698,0.019707714422607468,0.019707714422607468,0.017635464982982168,0.02159615822816849
173,0.022757936924237013,0.02297813082076698,0.02297813082076698,0.019707714422607468,0.0280410477559408,0.021036825527199855,0.022005635947382356
183,0.022757936924237013,0.02297813082076698,0.02297813082076698,0.036374381089274134,0.02526326997816302,0.021036825527199855,0.021505163179454292
219,0.022757936924237013,0.02297813082076698,0.02297813082076698,0.019707714422607468,0.01692993664482969,0.024438186071417543,0.021869143374311065
240,0.022757936924237013,0.02297813082076698,0.02297813082076698,0.0280410477559408,0.022485492200385242,0.031240907159852914,0.02182364584995397
249,0.022757936924237013,0.02297813082076698,0.02297813082076698,0.0280410477559408,0.030818825533718577,0.017635464982982168,0.021520329020906656
262,0.022757936924237013,0.02297813082076698,0.02297813082076698,0.019707714422607468,0.01692993664482969,0.024438186071417543,0.021899475057215796
266,0.022757936924237013,0.02297813082076698,0.02297813082076698,0.011374381089274133,0.01692993664482969,0.02783954661563523,0.022794259702905363
270,0.022757936924237013,0.02297813082076698,0.02297813082076698,0.019707714422607468,0.02526326997816302,0.021036825527199855,0.021975304264477625
273,0.022757936924237013,0.02297813082076698,0.02297813082076698,0.019707714422607468,0.019707714422607468,0.02783954661563523,0.0214141681307401
301,0.022757936924237013,0.02297813082076698,0.02297813082076698,0.011374381089274133,0.01692993664482969,0.021036825527199855,0.02355255177552364
305,0.022757936924237013,0.02297813082076698,0.02297813082076698,0.019707714422607468,0.02526326997816302,0.031240907159852914,0.021535494862359023
319,0.022757936924237013,0.02297813082076698,0.02297813082076698,0.0280410477559408,0.019707714422607468,0.021036825527199855,0.021671987435430314
332,0.022757936924237013,0.02297813082076698,0.02297813082076698,0.0280410477559408,0.02526326997816302,0.031240907159852914,0.02138383644783537
340,0.022757936924237013,0.02297813082076698,0.02297813082076698,0.0280410477559408,0.022485492200385242,0.031240907159852914,0.021869143374311065
352,0.022757936924237013,0.02297813082076698,0.02297813082076698,0.019707714422607468,0.030818825533718577,0.021036825527199855,0.02226345525207257
399,0.022757936924237013,0.02297813082076698,0.02297813082076698,0.011374381089274133,0.019707714422607468,0.021036825527199855,0.022308952776429667
402,0.022757936924237013,0.02297813082076698,0.02297813082076698,0.0280410477559408,0.019707714422607468,0.024438186071417543,0.0218539775328587
403,0.022757936924237013,0.02297813082076698,0.02297813082076698,0.019707714422607468,0.01692993664482969,0.024438186071417543,0.021565826545263754
429,0.022757936924237013,0.02297813082076698,0.02297813082076698,0.036374381089274134,0.022485492200385242,0.017635464982982168,0.021914640898668163
444,0.022757936924237013,0.02297813082076698,0.02297813082076698,0.011374381089274133,0.019707714422607468,0.02783954661563523,0.02243027950804859
452,0.022757936924237013,0.02297813082076698,0.02297813082076698,0.036374381089274134,0.02526326997816302,0.021036825527199855,0.021732650801239775
462,0.022757936924237013,0.02297813082076698,0.02297813082076698,0.011374381089274133,0.011374381089274133,0.024438186071417543,0.02411368790926116
465,0.022757936924237013,0.02297813082076698,0.02297813082076698,0.0280410477559408,0.022485492200385242,0.01423410443876448,0.02199047010592999
478,0.022757936924237013,0.02297813082076698,0.02297813082076698,0.011374381089274133,0.014152158867051911,0.017635464982982168,0.023234069105023965
503,0.022757936924237013,0.02297813082076698,0.02297813082076698,0.0280410477559408,0.030818825533718577,0.021036825527199855,0.021808480008501604
562,0.022757936924237013,0.02297813082076698,0.02297813082076698,0.0280410477559408,0.036374381089274134,0.034642267704070605,0.02168715327688268
564,0.022757936924237013,0.02297813082076698,0.02297813082076698,0.0280410477559408,0.0280410477559408,0.017635464982982168,0.02212696267900128
578,0.022757936924237013,0.02297813082076698,0.02297813082076698,0.019707714422607468,0.019707714422607468,0.024438186071417543,0.02138383644783537
641,0.022757936924237013,0.02297813082076698,0.02297813082076698,0.0280410477559408,0.022485492200385242,0.017635464982982168,0.02159615822816849
642,0.022757936924237013,0.02297813082076698,0.02297813082076698,0.0280410477559408,0.02526326997816302,0.024438186071417543,0.021429333972192464
654,0.022757936924237013,0.02297813082076698,0.02297813082076698,0.019707714422607468,0.0280410477559408,0.034642267704070605,0.02144449981364483
675,0.022757936924237013,0.02297813082076698,0.02297813082076698,0.019707714422607468,0.01692993664482969,0.02783954661563523,0.022187626044810744
681,0.022757936924237013,0.02297813082076698,0.02297813082076698,0.011374381089274133,0.014152158867051911,0.044846349336723663,0.022794259702905363
692,0.022757936924237013,0.02297813082076698,0.02297813082076698,0.0280410477559408,0.019707714422607468,0.021036825527199855,0.021626489911073216
728,0.022757936924237013,0.02297813082076698,0.02297813082076698,0.011374381089274133,0.0280410477559408,0.02783954661563523,0.0222937869349773
769,0.022757936924237013,0.02297813082076698,0.02297813082076698,0.0280410477559408,0.02526326997816302,0.02783954661563523,0.021626489911073216
772,0.022757936924237013,0.02297813082076698,0.02297813082076698,0.0280410477559408,0.019707714422607468,0.02783954661563523,0.02168715327688268
776,0.022757936924237013,0.02297813082076698,0.02297813082076698,0.019707714422607468,0.022485492200385242,0.021036825527199855,0.021520329020906656
778,0.022757936924237013,0.02297813082076698,0.02297813082076698,0.011374381089274133,0.022485492200385242,0.017635464982982168,0.0222937869349773
800,0.022757936924237013,0.02297813082076698,0.02297813082076698,0.011374381089274133,0.014152158867051911,0.021036825527199855,0.02381037108021385
809,0.022757936924237013,0.02297813082076698,0.02297813082076698,0.0280410477559408,0.022485492200385242,0.021036825527199855,0.02155066070381139
810,0.022757936924237013,0.02297813082076698,0.02297813082076698,0.019707714422607468,0.019707714422607468,0.02783954661563523,0.021565826545263754
817,0.022757936924237013,0.02297813082076698,0.02297813082076698,0.036374381089274134,0.0280410477559408,0.01423410443876448,0.02138383644783537
820,0.022757936924237013,0.02297813082076698,0.02297813082076698,0.011374381089274133,0.0280410477559408,0.02783954661563523,0.022551606239667513
823,0.022757936924237013,0.02297813082076698,0.02297813082076698,0.036374381089274134,0.0280410477559408,0.021036825527199855,0.021520329020906656
835,0.022757936924237013,0.02297813082076698,0.02297813082076698,0.011374381089274133,0.01692993664482969,0.017635464982982168,0.022415113666596223
859,0.022757936924237013,0.02297813082076698,0.02297813082076698,0.011374381089274133,0.01692993664482969,0.017635464982982168,0.023507054251166542
860,0.022757936924237013,0.02297813082076698,0.02297813082076698,0.044707714422607465,0.03359660331149635,0.01423410443876448,0.021808480008501604
880,0.022757936924237013,0.02297813082076698,0.02297813082076698,0.019707714422607468,0.022485492200385242,0.034642267704070605,0.02188430921576343
888,0.022757936924237013,0.02297813082076698,0.02297813082076698,0.0280410477559408,0.0280410477559408,0.024438186071417543,0.021520329020906656
895,0.022757936924237013,0.02297813082076698,0.02297813082076698,0.0280410477559408,0.030818825533718577,0.031240907159852914,0.021732650801239775
905,0.022757936924237013,0.02297813082076698,0.02297813082076698,0.011374381089274133,0.011374381089274133,0.017635464982982168,0.02411368790926116
909,0.022757936924237013,0.02297813082076698,0.02297813082076698,0.0280410477559408,0.02526326997816302,0.021036825527199855,0.021505163179454292
920,0.022757936924237013,0.02297813082076698,0.02297813082076698,0.011374381089274133,0.01692993664482969,0.021036825527199855,0.022627435446929342
931,0.022757936924237013,0.02297813082076698,0.02297813082076698,0.0280410477559408,0.02526326997816302,0.021036825527199855,0.02144449981364483
942,0.022757936924237013,0.02297813082076698,0.02297813082076698,0.011374381089274133,0.019707714422607468,0.031240907159852914,0.022369616142239125
955,0.022757936924237013,0.02297813082076698,0.02297813082076698,0.019707714422607468,0.019707714422607468,0.034642267704070605,0.02211179683754891
963,0.022757936924237013,0.02297813082076698,0.02297813082076698,0.0280410477559408,0.02526326997816302,0.021036825527199855,0.0214141681307401
965,0.022757936924237013,0.02297813082076698,0.02297813082076698,0.036374381089274134,0.022485492200385242,0.017635464982982168,0.02158099238671612
974,0.022757936924237013,0.02297813082076698,0.02297813082076698,0.011374381089274133,0.019707714422607468,0.031240907159852914,0.022642601288381706
012,0.022732668446662788,0.022346418881411326,0.022346418881411326,0.036374381089274134,0.02526326997816302,0.021036825527199855,0.021505163179454292
024,0.022732668446662788,0.022346418881411326,0.022346418881411326,0.019707714422607468,0.019707714422607468,0.021036825527199855,0.02223312356916784
043,0.022732668446662788,0.022346418881411326,0.022346418881411326,0.011374381089274133,0.019707714422607468,0.024438186071417543,0.022597103764024608
050,0.022732668446662788,0.022346418881411326,0.022346418881411326,0.019707714422607468,0.01692993664482969,0.021036825527199855,0.02182364584995397
065,0.022732668446662788,0.022346418881411326,0.022346418881411326,0.0280410477559408,0.022485492200385242,0.017635464982982168,0.021838811691406335
086,0.022732668446662788,0.022346418881411326,0.022346418881411326,0.036374381089274134,0.019707714422607468,0.021036825527199855,0.021732650801239775
093,0.022732668446662788,0.022346418881411326,0.022346418881411326,0.011374381089274133,0.01692993664482969,0.021036825527199855,0.022809425544357727
110,0.022732668446662788,0.022346418881411326,0.022346418881411326,0.019707714422607468,0.022485492200385242,0.024438186071417543,0.02202080178883472
113,0.022732668446662788,0.022346418881411326,0.022346418881411326,0.044707714422607465,0.030818825533718577,0.024438186071417543,0.02144449981364483
153,0.022732668446662788,0.022346418881411326,0.022346418881411326,0.011374381089274133,0.014152158867051911,0.017635464982982168,0.023901366128928042
157,0.022732668446662788,0.022346418881411326,0.022346418881411326,0.011374381089274133,0.019707714422607468,0.031240907159852914,0.022642601288381706
195,0.022732668446662788,0.022346418881411326,0.022346418881411326,0.011374381089274133,0.01692993664482969,0.024438186071417543,0.02314307405630977
203,0.022732668446662788,0.022346418881411326,0.022346418881411326,0.0280410477559408,0.02526326997816302,0.031240907159852914,0.022005635947382356
210,0.022732668446662788,0.022346418881411326,0.022346418881411326,0.011374381089274133,0.014152158867051911,0.021036825527199855,0.022551606239667513
229,0.022732668446662788,0.022346418881411326,0.022346418881411326,0.0280410477559408,0.022485492200385242,0.021036825527199855,0.021626489911073216
233,0.022732668446662788,0.022346418881411326,0.022346418881411326,0.011374381089274133,0.019707714422607468,0.017635464982982168,0.022748762178548265
265,0.022732668446662788,0.022346418881411326,0.022346418881411326,0.019707714422607468,0.030818825533718577,0.01423410443876448,0.021747816642692142
283,0.022732668446662788,0.022346418881411326,0.022346418881411326,0.036374381089274134,0.0280410477559408,0.021036825527199855,0.021944972581572894
309,0.022732668446662788,0.022346418881411326,0.022346418881411326,0.011374381089274133,0.01692993664482969,0.034642267704070605,0.023491888409714175
321,0.022732668446662788,0.022346418881411326,0.022346418881411326,0.036374381089274134,0.02526326997816302,0.02783954661563523,0.02158099238671612
325,0.022732668446662788,0.022346418881411326,0.022346418881411326,0.019707714422607468,0.02526326997816302,0.01423410443876448,0.02148999733800193
329,0.022732668446662788,0.022346418881411326,0.022346418881411326,0.036374381089274134,0.0280410477559408,0.02783954661563523,0.021429333972192464
346,0.022732668446662788,0.022346418881411326,0.022346418881411326,0.019707714422607468,0.019707714422607468,0.01423410443876448,0.021732650801239775
388,0.022732668446662788,0.022346418881411326,0.022346418881411326,0.011374381089274133,0.019707714422607468,0.02783954661563523,0.022703264654191167
393,0.022732668446662788,0.022346418881411326,0.022346418881411326,0.011374381089274133,0.022485492200385242,0.024438186071417543,0.02235445030078676
414,0.022732668446662788,0.022346418881411326,0.022346418881411326,0.019707714422607468,0.019707714422607468,0.024438186071417543,0.021838811691406335
424,0.022732668446662788,0.022346418881411326,0.022346418881411326,0.019707714422607468,0.022485492200385242,0.021036825527199855,0.021535494862359023
426,0.022732668446662788,0.022346418881411326,0.022346418881411326,0.011374381089274133,0.02526326997816302,0.021036825527199855,0.02235445030078676
437,0.022732668446662788,0.022346418881411326,0.022346418881411326,0.019707714422607468,0.022485492200385242,0.024438186071417543,0.02211179683754891
439,0.022732668446662788,0.022346418881411326,0.022346418881411326,0.011374381089274133,0.01692993664482969,0.02783954661563523,0.023795205238761486
441,0.022732668446662788,0.022346418881411326,0.022346418881411326,0.036374381089274134,0.0280410477559408,0.024438186071417543,0.021535494862359023
466,0.022732668446662788,0.022346418881411326,0.022346418881411326,0.019707714422607468,0.022485492200385242,0.024438186071417543,0.021656821593977946
493,0.022732668446662788,0.022346418881411326,0.022346418881411326,0.019707714422607468,0.01692993664482969,0.024438186071417543,0.02158099238671612
495,0.022732668446662788,0.022346418881411326,0.022346418881411326,0.036374381089274134,0.036374381089274134,0.017635464982982168,0.02138383644783537
519,0.022732668446662788,0.022346418881411326,0.022346418881411326,0.011374381089274133,0.022485492200385242,0.017635464982982168,0.022915586434524286
530,0.022732668446662788,0.022346418881411326,0.022346418881411326,0.019707714422607468,0.019707714422607468,0.017635464982982168,0.021459665655097198
536,0.022732668446662788,0.022346418881411326,0.022346418881411326,0.0280410477559408,0.0280410477559408,0.024438186071417543,0.02199047010592999
539,0.022732668446662788,0.022346418881411326,0.022346418881411326,0.011374381089274133,0.014152158867051911,0.02783954661563523,0.024053024543451696
540,0.022732668446662788,0.022346418881411326,0.022346418881411326,0.011374381089274133,0.02526326997816302,0.024438186071417543,0.02253644039821515
558,0.022732668446662788,0.022346418881411326,0.022346418881411326,0.0280410477559408,0.01692993664482969,0.024438186071417543,0.02171748495978741
567,0.022732668446662788,0.022346418881411326,0.022346418881411326,0.0280410477559408,0.02526326997816302,0.031240907159852914,0.021399002289287733
574,0.022732668446662788,0.022346418881411326,0.022346418881411326,0.0280410477559408,0.02526326997816302,0.010832743894546793,0.021702319118335044
585,0.022732668446662788,0.022346418881411326,0.022346418881411326,0.0280410477559408,0.0280410477559408,0.021036825527199855,0.021626489911073216
589,0.022732668446662788,0.022346418881411326,0.022346418881411326,0.011374381089274133,0.019707714422607468,0.017635464982982168,0.0231734057392145
598,0.022732668446662788,0.022346418881411326,0.022346418881411326,0.011374381089274133,0.019707714422607468,0.031240907159852914,0.022703264654191167
608,0.022732668446662788,0.022346418881411326,0.022346418881411326,0.019707714422607468,0.022485492200385242,0.01423410443876448,0.021944972581572894
616,0.022732668446662788,0.022346418881411326,0.022346418881411326,0.011374381089274133,0.014152158867051911,0.01423410443876448,0.022506108715310415
617,0.022732668446662788,0.022346418881411326,0.022346418881411326,0.0280410477559408,0.022485492200385242,0.024438186071417543,0.021641655752525583
621,0.022732668446662788,0.022346418881411326,0.022346418881411326,0.011374381089274133,0.0280410477559408,0.04144498879250598,0.022703264654191167
623,0.022732668446662788,0.022346418881411326,0.022346418881411326,0.019707714422607468,0.01692993664482969,0.021036825527199855,0.02223312356916784
663,0.022732668446662788,0.022346418881411326,0.022346418881411326,0.019707714422607468,0.019707714422607468,0.021036825527199855,0.021762982484144506
671,0.022732668446662788,0.022346418881411326,0.022346418881411326,0.019707714422607468,0.01692993664482969,0.02783954661563523,0.021914640898668163
673,0.022732668446662788,0.022346418881411326,0.022346418881411326,0.011374381089274133,0.01692993664482969,0.024438186071417543,0.0222937869349773
721,0.022732668446662788,0.022346418881411326,0.022346418881411326,0.011374381089274133,0.022485492200385242,0.024438186071417543,0.02303691316614321
732,0.022732668446662788,0.022346418881411326,0.022346418881411326,0.0280410477559408,0.022485492200385242,0.017635464982982168,0.022066299313191817
741,0.022732668446662788,0.022346418881411326,0.022346418881411326,0.019707714422607468,0.019707714422607468,0.024438186071417543,0.021505163179454292
744,0.022732668446662788,0.022346418881411326,0.022346418881411326,0.0280410477559408,0.019707714422607468,0.024438186071417543,0.02168715327688268
756,0.022732668446662788,0.022346418881411326,0.022346418881411326,0.011374381089274133,0.011374381089274133,0.01423410443876448,0.02411368790926116
757,0.022732668446662788,0.022346418881411326,0.022346418881411326,0.019707714422607468,0.01692993664482969,0.024438186071417543,0.022051133471739454
762,0.022732668446662788,0.022346418881411326,0.022346418881411326,0.019707714422607468,0.02526326997816302,0.031240907159852914,0.02221795772771547
770,0.022732668446662788,0.022346418881411326,0.022346418881411326,0.019707714422607468,0.01692993664482969,0.021036825527199855,0.02159615822816849
786,0.022732668446662788,0.022346418881411326,0.022346418881411326,0.036374381089274134,0.02526326997816302,0.017635464982982168,0.021626489911073216
787,0.022732668446662788,0.022346418881411326,0.022346418881411326,0.011374381089274133,0.022485492200385242,0.02783954661563523,0.022885254751619555
815,0.022732668446662788,0.022346418881411326,0.022346418881411326,0.019707714422607468,0.014152158867051911,0.021036825527199855,0.02202080178883472
818,0.022732668446662788,0.022346418881411326,0.022346418881411326,0.011374381089274133,0.01692993664482969,0.024438186071417543,0.02239994782514386
824,0.022732668446662788,0.022346418881411326,0.022346418881411326,0.019707714422607468,0.014152158867051911,0.021036825527199855,0.021975304264477625
833,0.022732668446662788,0.022346418881411326,0.022346418881411326,0.044707714422607465,0.02526326997816302,0.021036825527199855,0.02147483149654956
843,0.022732668446662788,0.022346418881411326,0.022346418881411326,0.019707714422607468,0.019707714422607468,0.02783954661563523,0.021429333972192464
852,0.022732668446662788,0.022346418881411326,0.022346418881411326,0.036374381089274134,0.0280410477559408,0.031240907159852914,0.02138383644783537
873,0.022732668446662788,0.022346418881411326,0.022346418881411326,0.011374381089274133,0.014152158867051911,0.017635464982982168,0.024037858701999332
890,0.022732668446662788,0.022346418881411326,0.022346418881411326,0.036374381089274134,0.0280410477559408,0.024438186071417543,0.02171748495978741
912,0.022732668446662788,0.022346418881411326,0.022346418881411326,0.011374381089274133,0.019707714422607468,0.02783954661563523,0.022521274556762783
928,0.022732668446662788,0.022346418881411326,0.022346418881411326,0.011374381089274133,0.01692993664482969,0.03804362824828829,0.022976249800333748
945,0.022732668446662788,0.022346418881411326,0.022346418881411326,0.0280410477559408,0.0280410477559408,0.024438186071417543,0.021671987435430314
954,0.022732668446662788,0.022346418881411326,0.022346418881411326,0.019707714422607468,0.022485492200385242,0.02783954661563523,0.02196013842302526
970,0.022732668446662788,0.022346418881411326,0.022346418881411326,0.011374381089274133,0.01692993664482969,0.02783954661563523,0.02327956662938106
973,0.022732668446662788,0.022346418881411326,0.022346418881411326,0.019707714422607468,0.0280410477559408,0.02783954661563523,0.021975304264477625
988,0.022732668446662788,0.022346418881411326,0.022346418881411326,0.019707714422607468,0.022485492200385242,0.021036825527199855,0.022051133471739454
991,0.022732668446662788,0.022346418881411326,0.022346418881411326,0.011374381089274133,0.030818825533718577,0.021036825527199855,0.02290042059307192
992,0.022732668446662788,0.022346418881411326,0.022346418881411326,0.019707714422607468,0.022485492200385242,0.017635464982982168,0.022005635947382356
993,0.022732668446662788,0.022346418881411326,0.022346418881411326,0.019707714422607468,0.019707714422607468,0.02783954661563523,0.021747816642692142
994,0.022732668446662788,0.022346418881411326,0.022346418881411326,0.011374381089274133,0.019707714422607468,0.017635464982982168,0.022976249800333748
998,0.022732668446662788,0.022346418881411326,0.022346418881411326,0.019707714422607468,0.01692993664482969,0.034642267704070605,0.021535494862359023
005,0.022707399969088563,0.021714706942055673,0.021714706942055673,0.011374381089274133,0.014152158867051911,0.021036825527199855,0.023446390885357077
020,0.022707399969088563,0.021714706942055673,0.021714706942055673,0.011374381089274133,0.01692993664482969,0.024438186071417543,0.02347672256826181
025,0.022707399969088563,0.021714706942055673,0.021714706942055673,0.036374381089274134,0.02526326997816302,0.02783954661563523,0.02148999733800193
038,0.022707399969088563,0.021714706942055673,0.021714706942055673,0.0280410477559408,0.01692993664482969,0.01423410443876448,0.021778148325596873
064,0.022707399969088563,0.021714706942055673,0.021714706942055673,0.019707714422607468,0.02526326997816302,0.021036825527199855,0.02138383644783537
067,0.022707399969088563,0.021714706942055673,0.021714706942055673,0.011374381089274133,0.014152158867051911,0.01423410443876448,0.023052079007595577
089,0.022707399969088563,0.021714706942055673,0.021714706942055673,0.019707714422607468,0.019707714422607468,0.017635464982982168,0.02188430921576343
096,0.022707399969088563,0.021714706942055673,0.021714706942055673,0.011374381089274133,0.01692993664482969,0.024438186071417543,0.022521274556762783
108,0.022707399969088563,0.021714706942055673,0.021714706942055673,0.019707714422607468,0.02526326997816302,0.017635464982982168,0.02182364584995397
117,0.022707399969088563,0.021714706942055673,0.021714706942055673,0.0280410477559408,0.02526326997816302,0.034642267704070605,0.021535494862359023
126,0.022707399969088563,0.021714706942055673,0.021714706942055673,0.011374381089274133,0.01692993664482969,0.017635464982982168,0.022597103764024608
129,0.022707399969088563,0.021714706942055673,0.021714706942055673,0.011374381089274133,0.014152158867051911,0.024438186071417543,0.02408335622635643
136,0.022707399969088563,0.021714706942055673,0.021714706942055673,0.0280410477559408,0.019707714422607468,0.024438186071417543,0.0218539775328587
156,0.022707399969088563,0.021714706942055673,0.021714706942055673,0.011374381089274133,0.02526326997816302,0.01423410443876448,0.022339284459334394
163,0.022707399969088563,0.021714706942055673,0.021714706942055673,0.0280410477559408,0.022485492200385242,0.024438186071417543,0.02138383644783537
187,0.022707399969088563,0.021714706942055673,0.021714706942055673,0.019707714422607468,0.01692993664482969,0.024438186071417543,0.02211179683754891
188,0.022707399969088563,0.021714706942055673,0.021714706942055673,0.0280410477559408,0.02526326997816302,0.017635464982982168,0.02144449981364483
199,0.022707399969088563,0.021714706942055673,0.021714706942055673,0.011374381089274133,0.014152158867051911,0.024438186071417543,0.0222937869349773
201,0.022707399969088563,0.021714706942055673,0.021714706942055673,0.011374381089274133,0.01692993664482969,0.017635464982982168,0.02303691316614321
212,0.022707399969088563,0.021714706942055673,0.021714706942055673,0.011374381089274133,0.022485492200385242,0.024438186071417543,0.022839757227262458
223,0.022707399969088563,0.021714706942055673,0.021714706942055673,0.0280410477559408,0.02526326997816302,0.031240907159852914,0.02148999733800193
232,0.022707399969088563,0.021714706942055673,0.021714706942055673,0.036374381089274134,0.02526326997816302,0.024438186071417543,0.021732650801239775
261,0.022707399969088563,0.021714706942055673,0.021714706942055673,0.0280410477559408,0.022485492200385242,0.02783954661563523,0.021505163179454292
268,0.022707399969088563,0.021714706942055673,0.021714706942055673,0.019707714422607468,0.01692993664482969,0.017635464982982168,0.021808480008501604
272,0.022707399969088563,0.021714706942055673,0.021714706942055673,0.011374381089274133,0.019707714422607468,0.024438186071417543,0.022718430495643534
276,0.022707399969088563,0.021714706942055673,0.021714706942055673,0.011374381089274133,0.01692993664482969,0.031240907159852914,0.022506108715310415
280,0.022707399969088563,0.021714706942055673,0.021714706942055673,0.019707714422607468,0.0280410477559408,0.017635464982982168,0.021929806740120527
285,0.022707399969088563,0.021714706942055673,0.021714706942055673,0.011374381089274133,0.014152158867051911,0.017635464982982168,0.02239994782514386
286,0.022707399969088563,0.021714706942055673,0.021714706942055673,0.0280410477559408,0.0280410477559408,0.017635464982982168,0.021399002289287733
327,0.022707399969088563,0.021714706942055673,0.021714706942055673,0.036374381089274134,0.02526326997816302,0.024438186071417543,0.021399002289287733
337,0.022707399969088563,0.021714706942055673,0.021714706942055673,0.019707714422607468,0.019707714422607468,0.02783954661563523,0.021702319118335044
342,0.022707399969088563,0.021714706942055673,0.021714706942055673,0.019707714422607468,0.02526326997816302,0.017635464982982168,0.02215729436190601
371,0.022707399969088563,0.021714706942055673,0.021714706942055673,0.011374381089274133,0.014152158867051911,0.021036825527199855,0.023127908214857402
383,0.022707399969088563,0.021714706942055673,0.021714706942055673,0.019707714422607468,0.019707714422607468,0.021036825527199855,0.021671987435430314
385,0.022707399969088563,0.021714706942055673,0.021714706942055673,0.019707714422607468,0.030818825533718577,0.02783954661563523,0.021778148325596873
405,0.022707399969088563,0.021714706942055673,0.021714706942055673,0.011374381089274133,0.019707714422607468,0.024438186071417543,0.02299141564178611
412,0.022707399969088563,0.021714706942055673,0.021714706942055673,0.044707714422607465,0.03359660331149635,0.031240907159852914,0.02158099238671612
416,0.022707399969088563,0.021714706942055673,0.021714706942055673,0.011374381089274133,0.019707714422607468,0.017635464982982168,0.02239994782514386
421,0.022707399969088563,0.021714706942055673,0.021714706942055673,0.019707714422607468,0.022485492200385242,0.021036825527199855,0.021899475057215796
438,0.022707399969088563,0.021714706942055673,0.021714706942055673,0.019707714422607468,0.0280410477559408,0.017635464982982168,0.02171748495978741
446,0.022707399969088563,0.021714706942055673,0.021714706942055673,0.019707714422607468,0.022485492200385242,0.010832743894546793,0.0214141681307401
448,0.022707399969088563,0.021714706942055673,0.021714706942055673,0.036374381089274134,0.019707714422607468,0.017635464982982168,0.021520329020906656
458,0.022707399969088563,0.021714706942055673,0.021714706942055673,0.0280410477559408,0.03359660331149635,0.031240907159852914,0.021869143374311065
479,0.022707399969088563,0.021714706942055673,0.021714706942055673,0.019707714422607468,0.02526326997816302,0.024438186071417543,0.021429333972192464
480,0.022707399969088563,0.021714706942055673,0.021714706942055673,0.011374381089274133,0.014152158867051911,0.010832743894546793,0.022475777032405685
483,0.022707399969088563,0.021714706942055673,0.021714706942055673,0.0280410477559408,0.02526326997816302,0.01423410443876448,0.02138383644783537
494,0.022707399969088563,0.021714706942055673,0.021714706942055673,0.0280410477559408,0.022485492200385242,0.021036825527199855,0.021747816642692142
498,0.022707399969088563,0.021714706942055673,0.021714706942055673,0.019707714422607468,0.02526326997816302,0.021036825527199855,0.021505163179454292
500,0.022707399969088563,0.021714706942055673,0.021714706942055673,0.0280410477559408,0.022485492200385242,0.01423410443876448,0.021838811691406335
528,0.022707399969088563,0.021714706942055673,0.021714706942055673,0.019707714422607468,0.02526326997816302,0.01423410443876448,0.022081465154644184
575,0.022707399969088563,0.021714706942055673,0.021714706942055673,0.019707714422607468,0.01692993664482969,0.017635464982982168,0.021626489911073216
581,0.022707399969088563,0.021714706942055673,0.021714706942055673,0.019707714422607468,0.01692993664482969,0.021036825527199855,0.0218539775328587
587,0.022707399969088563,0.021714706942055673,0.021714706942055673,0.019707714422607468,0.019707714422607468,0.01423410443876448,0.02155066070381139
614,0.022707399969088563,0.021714706942055673,0.021714706942055673,0.019707714422607468,0.01692993664482969,0.024438186071417543,0.022278621093524936
631,0.022707399969088563,0.021714706942055673,0.021714706942055673,0.0280410477559408,0.030818825533718577,0.017635464982982168,0.02202080178883472
639,0.022707399969088563,0.021714706942055673,0.021714706942055673,0.0280410477559408,0.01692993664482969,0.021036825527199855,0.02159615822816849
646,0.022707399969088563,0.021714706942055673,0.021714706942055673,0.0280410477559408,0.030818825533718577,0.01423410443876448,0.02159615822816849
674,0.022707399969088563,0.021714706942055673,0.021714706942055673,0.019707714422607468,0.01692993664482969,0.02783954661563523,0.021793314167049237
678,0.022707399969088563,0.021714706942055673,0.021714706942055673,0.019707714422607468,0.02526326997816302,0.024438186071417543,0.021944972581572894
687,0.022707399969088563,0.021714706942055673,0.021714706942055673,0.044707714422607465,0.02526326997816302,0.017635464982982168,0.021520329020906656
723,0.022707399969088563,0.021714706942055673,0.021714706942055673,0.019707714422607468,0.019707714422607468,0.017635464982982168,0.021656821593977946
737,0.022707399969088563,0.021714706942055673,0.021714706942055673,0.019707714422607468,0.022485492200385242,0.017635464982982168,0.021929806740120527
738,0.022707399969088563,0.021714706942055673,0.021714706942055673,0.019707714422607468,0.019707714422607468,0.01423410443876448,0.021641655752525583
746,0.022707399969088563,0.021714706942055673,0.021714706942055673,0.019707714422607468,0.01692993664482969,0.024438186071417543,0.021429333972192464
753,0.022707399969088563,0.021714706942055673,0.021714706942055673,0.036374381089274134,0.0280410477559408,0.017635464982982168,0.02159615822816849
763,0.022707399969088563,0.021714706942055673,0.021714706942055673,0.019707714422607468,0.019707714422607468,0.031240907159852914,0.021762982484144506
777,0.022707399969088563,0.021714706942055673,0.021714706942055673,0.0280410477559408,0.022485492200385242,0.021036825527199855,0.021778148325596873
796,0.022707399969088563,0.021714706942055673,0.021714706942055673,0.0280410477559408,0.02526326997816302,0.024438186071417543,0.02159615822816849
798,0.022707399969088563,0.021714706942055673,0.021714706942055673,0.011374381089274133,0.01692993664482969,0.021036825527199855,0.022839757227262458
803,0.022707399969088563,0.021714706942055673,0.021714706942055673,0.011374381089274133,0.01692993664482969,0.021036825527199855,0.02256677208111988
822,0.022707399969088563,0.021714706942055673,0.021714706942055673,0.011374381089274133,0.01692993664482969,0.02783954661563523,0.022733596337095898
827,0.022707399969088563,0.021714706942055673,0.021714706942055673,0.036374381089274134,0.0280410477559408,0.021036825527199855,0.021429333972192464
831,0.022707399969088563,0.021714706942055673,0.021714706942055673,0.019707714422607468,0.0280410477559408,0.024438186071417543,0.021975304264477625
842,0.022707399969088563,0.021714706942055673,0.021714706942055673,0.0280410477559408,0.02526326997816302,0.01423410443876448,0.021732650801239775
855,0.022707399969088563,0.021714706942055673,0.021714706942055673,0.011374381089274133,0.019707714422607468,0.031240907159852914,0.022642601288381706
861,0.022707399969088563,0.021714706942055673,0.021714706942055673,0.019707714422607468,0.022485492200385242,0.024438186071417543,0.022142128520453646
872,0.022707399969088563,0.021714706942055673,0.021714706942055673,0.019707714422607468,0.0280410477559408,0.02783954661563523,0.02221795772771547
901,0.022707399969088563,0.021714706942055673,0.021714706942055673,0.0280410477559408,0.0280410477559408,0.02783954661563523,0.022035967630287086
918,0.022707399969088563,0.021714706942055673,0.021714706942055673,0.019707714422607468,0.014152158867051911,0.024438186071417543,0.021899475057215796
919,0.022707399969088563,0.021714706942055673,0.021714706942055673,0.036374381089274134,0.022485492200385242,0.021036825527199855,0.02144449981364483
922,0.022707399969088563,0.021714706942055673,0.021714706942055673,0.019707714422607468,0.01692993664482969,0.017635464982982168,0.0214141681307401
925,0.022707399969088563,0.021714706942055673,0.021714706942055673,0.011374381089274133,0.014152158867051911,0.024438186071417543,0.023431225043904713
941,0.022707399969088563,0.021714706942055673,0.021714706942055673,0.0280410477559408,0.02526326997816302,0.02783954661563523,0.021459665655097198
948,0.022707399969088563,0.021714706942055673,0.021714706942055673,0.011374381089274133,0.022485492200385242,0.024438186071417543,0.022369616142239125
953,0.022707399969088563,0.021714706942055673,0.021714706942055673,0.019707714422607468,0.01692993664482969,0.02783954661563523,0.02171748495978741
995,0.022707399969088563,0.021714706942055673,0.021714706942055673,0.011374381089274133,0.01692993664482969,0.02783954661563523,0.023294732470833423
016,0.022682131491514334,0.02108299500270002,0.02108299500270002,0.019707714422607468,0.019707714422607468,0.01423410443876448,0.0218539775328587
018,0.022682131491514334,0.02108299500270002,0.02108299500270002,0.019707714422607468,0.014152158867051911,0.02783954661563523,0.021429333972192464
039,0.022682131491514334,0.02108299500270002,0.02108299500270002,0.011374381089274133,0.011374381089274133,0.02783954661563523,0.02411368790926116
058,0.022682131491514334,0.02108299500270002,0.02108299500270002,0.019707714422607468,0.0280410477559408,0.021036825527199855,0.02182364584995397
070,0.022682131491514334,0.02108299500270002,0.02108299500270002,0.036374381089274134,0.022485492200385242,0.017635464982982168,0.021641655752525583
078,0.022682131491514334,0.02108299500270002,0.02108299500270002,0.011374381089274133,0.01692993664482969,0.017635464982982168,0.023764873555856755
083,0.022682131491514334,0.02108299500270002,0.02108299500270002,0.036374381089274134,0.03359660331149635,0.017635464982982168,0.021762982484144506
084,0.022682131491514334,0.02108299500270002,0.02108299500270002,0.036374381089274134,0.0280410477559408,0.017635464982982168,0.02168715327688268
101,0.022682131491514334,0.02108299500270002,0.02108299500270002,0.011374381089274133,0.01692993664482969,0.017635464982982168,0.02235445030078676
103,0.022682131491514334,0.02108299500270002,0.02108299500270002,0.036374381089274134,0.0280410477559408,0.017635464982982168,0.02138383644783537
128,0.022682131491514334,0.02108299500270002,0.02108299500270002,0.019707714422607468,0.02526326997816302,0.021036825527199855,0.021702319118335044
137,0.022682131491514334,0.02108299500270002,0.02108299500270002,0.0530410477559408,0.030818825533718577,0.010832743894546793,0.021641655752525583
141,0.022682131491514334,0.02108299500270002,0.02108299500270002,0.019707714422607468,0.02526326997816302,0.021036825527199855,0.02171748495978741
142,0.022682131491514334,0.02108299500270002,0.02108299500270002,0.0280410477559408,0.019707714422607468,0.031240907159852914,0.021459665655097198
145,0.022682131491514334,0.02108299500270002,0.02108299500270002,0.011374381089274133,0.01692993664482969,0.021036825527199855,0.02299141564178611
154,0.022682131491514334,0.02108299500270002,0.02108299500270002,0.019707714422607468,0.022485492200385242,0.021036825527199855,0.021671987435430314
155,0.022682131491514334,0.02108299500270002,0.02108299500270002,0.036374381089274134,0.0280410477559408,0.01423410443876448,0.021535494862359023
170,0.022682131491514334,0.02108299500270002,0.02108299500270002,0.036374381089274134,0.019707714422607468,0.024438186071417543,0.02168715327688268
171,0.022682131491514334,0.02108299500270002,0.02108299500270002,0.0280410477559408,0.022485492200385242,0.02783954661563523,0.02171748495978741
172,0.022682131491514334,0.02108299500270002,0.02108299500270002,0.011374381089274133,0.014152158867051911,0.02783954661563523,0.02314307405630977
192,0.022682131491514334,0.02108299500270002,0.02108299500270002,0.019707714422607468,0.022485492200385242,0.02783954661563523,0.02223312356916784
198,0.022682131491514334,0.02108299500270002,0.02108299500270002,0.036374381089274134,0.030818825533718577,0.021036825527199855,0.021611324069620852
209,0.022682131491514334,0.02108299500270002,0.02108299500270002,0.011374381089274133,0.019707714422607468,0.031240907159852914,0.022475777032405685
214,0.022682131491514334,0.02108299500270002,0.02108299500270002,0.019707714422607468,0.03359660331149635,0.01423410443876448,0.02171748495978741
237,0.022682131491514334,0.02108299500270002,0.02108299500270002,0.0280410477559408,0.02526326997816302,0.021036825527199855,0.021626489911073216
245,0.022682131491514334,0.02108299500270002,0.02108299500270002,0.0280410477559408,0.0280410477559408,0.02783954661563523,0.022051133471739454
258,0.022682131491514334,0.02108299500270002,0.02108299500270002,0.011374381089274133,0.01692993664482969,0.01423410443876448,0.022369616142239125
281,0.022682131491514334,0.02108299500270002,0.02108299500270002,0.019707714422607468,0.02526326997816302,0.024438186071417543,0.02196013842302526
282,0.022682131491514334,0.02108299500270002,0.02108299500270002,0.019707714422607468,0.019707714422607468,0.021036825527199855,0.022081465154644184
290,0.022682131491514334,0.02108299500270002,0.02108299500270002,0.0280410477559408,0.0280410477559408,0.017635464982982168,0.02159615822816849
303,0.022682131491514334,0.02108299500270002,0.02108299500270002,0.011374381089274133,0.022485492200385242,0.01423410443876448,0.02246061119095332
320,0.022682131491514334,0.02108299500270002,0.02108299500270002,0.011374381089274133,0.01692993664482969,0.021036825527199855,0.02246061119095332
347,0.022682131491514334,0.02108299500270002,0.02108299500270002,0.011374381089274133,0.011374381089274133,0.021036825527199855,0.02411368790926116
350,0.022682131491514334,0.02108299500270002,0.02108299500270002,0.036374381089274134,0.022485492200385242,0.017635464982982168,0.02144449981364483
355,0.022682131491514334,0.02108299500270002,0.02108299500270002,0.011374381089274133,0.030818825533718577,0.02783954661563523,0.02243027950804859
361,0.022682131491514334,0.02108299500270002,0.02108299500270002,0.0280410477559408,0.02526326997816302,0.017635464982982168,0.02158099238671612
364,0.022682131491514334,0.02108299500270002,0.02108299500270002,0.019707714422607468,0.0280410477559408,0.02783954661563523,0.021808480008501604
366,0.022682131491514334,0.02108299500270002,0.02108299500270002,0.019707714422607468,0.030818825533718577,0.02783954661563523,0.021899475057215796
376,0.022682131491514334,0.02108299500270002,0.02108299500270002,0.0280410477559408,0.019707714422607468,0.017635464982982168,0.021929806740120527
384,0.022682131491514334,0.02108299500270002,0.02108299500270002,0.036374381089274134,0.030818825533718577,0.024438186071417543,0.0214141681307401
401,0.022682131491514334,0.02108299500270002,0.02108299500270002,0.036374381089274134,0.0280410477559408,0.01423410443876448,0.021838811691406335
404,0.022682131491514334,0.02108299500270002,0.02108299500270002,0.011374381089274133,0.01692993664482969,0.024438186071417543,0.022688098812738804
410,0.022682131491514334,0.02108299500270002,0.02108299500270002,0.019707714422607468,0.02526326997816302,0.017635464982982168,0.021793314167049237
433,0.022682131491514334,0.02108299500270002,0.02108299500270002,0.011374381089274133,0.011374381089274133,0.017635464982982168,0.02411368790926116
467,0.022682131491514334,0.02108299500270002,0.02108299500270002,0.019707714422607468,0.022485492200385242,0.02783954661563523,0.02147483149654956
476,0.022682131491514334,0.02108299500270002,0.02108299500270002,0.0280410477559408,0.019707714422607468,0.021036825527199855,0.021459665655097198
487,0.022682131491514334,0.02108299500270002,0.02108299500270002,0.011374381089274133,0.022485492200385242,0.021036825527199855,0.022551606239667513
496,0.022682131491514334,0.02108299500270002,0.02108299500270002,0.019707714422607468,0.014152158867051911,0.021036825527199855,0.02158099238671612
505,0.022682131491514334,0.02108299500270002,0.02108299500270002,0.0280410477559408,0.019707714422607468,0.021036825527199855,0.02155066070381139
507,0.022682131491514334,0.02108299500270002,0.02108299500270002,0.0280410477559408,0.022485492200385242,0.024438186071417543,0.02168715327688268
518,0.022682131491514334,0.02108299500270002,0.02108299500270002,0.019707714422607468,0.01692993664482969,0.02783954661563523,0.02147483149654956
520,0.022682131491514334,0.02108299500270002,0.02108299500270002,0.0280410477559408,0.019707714422607468,0.021036825527199855,0.02158099238671612
521,0.022682131491514334,0.02108299500270002,0.02108299500270002,0.011374381089274133,0.01692993664482969,0.02783954661563523,0.022551606239667513
529,0.022682131491514334,0.02108299500270002,0.02108299500270002,0.019707714422607468,0.014152158867051911,0.021036825527199855,0.021626489911073216
531,0.022682131491514334,0.02108299500270002,0.02108299500270002,0.019707714422607468,0.0280410477559408,0.021036825527199855,0.021929806740120527
538,0.022682131491514334,0.02108299500270002,0.02108299500270002,0.011374381089274133,0.01692993664482969,0.021036825527199855,0.023446390885357077
554,0.022682131491514334,0.02108299500270002,0.02108299500270002,0.036374381089274134,0.0280410477559408,0.017635464982982168,0.0218539775328587
571,0.022682131491514334,0.02108299500270002,0.02108299500270002,0.011374381089274133,0.0280410477559408,0.034642267704070605,0.022369616142239125
580,0.022682131491514334,0.02108299500270002,0.02108299500270002,0.011374381089274133,0.019707714422607468,0.021036825527199855,0.022733596337095898
591,0.022682131491514334,0.02108299500270002,0.02108299500270002,0.011374381089274133,0.02526326997816302,0.024438186071417543,0.022733596337095898
593,0.022682131491514334,0.02108299500270002,0.02108299500270002,0.0280410477559408,0.02526326997816302,0.031240907159852914,0.02138383644783537
604,0.022682131491514334,0.02108299500270002,0.02108299500270002,0.019707714422607468,0.01692993664482969,0.017635464982982168,0.021929806740120527
611,0.022682131491514334,0.02108299500270002,0.02108299500270002,0.019707714422607468,0.02526326997816302,0.017635464982982168,0.022172460203358377
626,0.022682131491514334,0.02108299500270002,0.02108299500270002,0.019707714422607468,0.01692993664482969,0.024438186071417543,0.021838811691406335
638,0.022682131491514334,0.02108299500270002,0.02108299500270002,0.044707714422607465,0.030818825533718577,0.02783954661563523,0.021505163179454292
643,0.022682131491514334,0.02108299500270002,0.02108299500270002,0.019707714422607468,0.01692993664482969,0.021036825527199855,0.021429333972192464
650,0.022682131491514334,0.02108299500270002,0.02108299500270002,0.011374381089274133,0.01692993664482969,0.017635464982982168,0.022445445349500954
660,0.022682131491514334,0.02108299500270002,0.02108299500270002,0.036374381089274134,0.030818825533718577,0.021036825527199855,0.021869143374311065
685,0.022682131491514334,0.02108299500270002,0.02108299500270002,0.019707714422607468,0.022485492200385242,0.017635464982982168,0.021808480008501604
701,0.022682131491514334,0.02108299500270002,0.02108299500270002,0.019707714422607468,0.01692993664482969,0.017635464982982168,0.02202080178883472
708,0.022682131491514334,0.02108299500270002,0.02108299500270002,0.011374381089274133,0.030818825533718577,0.021036825527199855,0.022369616142239125
725,0.022682131491514334,0.02108299500270002,0.02108299500270002,0.011374381089274133,0.019707714422607468,0.017635464982982168,0.023097576531952674
739,0.022682131491514334,0.02108299500270002,0.02108299500270002,0.044707714422607465,0.02526326997816302,0.01423410443876448,0.021535494862359023
771,0.022682131491514334,0.02108299500270002,0.02108299500270002,0.0280410477559408,0.022485492200385242,0.017635464982982168,0.021929806740120527
830,0.022682131491514334,0.02108299500270002,0.02108299500270002,0.019707714422607468,0.01692993664482969,0.024438186071417543,0.021520329020906656
837,0.022682131491514334,0.02108299500270002,0.02108299500270002,0.011374381089274133,0.01692993664482969,0.021036825527199855,0.02367387850714256
845,0.022682131491514334,0.02108299500270002,0.02108299500270002,0.0280410477559408,0.022485492200385242,0.021036825527199855,0.021944972581572894
846,0.022682131491514334,0.02108299500270002,0.02108299500270002,0.019707714422607468,0.022485492200385242,0.017635464982982168,0.021899475057215796
865,0.022682131491514334,0.02108299500270002,0.02108299500270002,0.011374381089274133,0.022485492200385242,0.02783954661563523,0.02243027950804859
868,0.022682131491514334,0.02108299500270002,0.02108299500270002,0.019707714422607468,0.014152158867051911,0.024438186071417543,0.021565826545263754
885,0.022682131491514334,0.02108299500270002,0.02108299500270002,0.019707714422607468,0.022485492200385242,0.021036825527199855,0.021747816642692142
896,0.022682131491514334,0.02108299500270002,0.02108299500270002,0.019707714422607468,0.022485492200385242,0.017635464982982168,0.022278621093524936
907,0.022682131491514334,0.02108299500270002,0.02108299500270002,0.019707714422607468,0.02526326997816302,0.017635464982982168,0.02223312356916784
971,0.022682131491514334,0.02108299500270002,0.02108299500270002,0.011374381089274133,0.01692993664482969,0.021036825527199855,0.02285492306871482
976,0.022682131491514334,0.02108299500270002,0.02108299500270002,0.0280410477559408,0.02526326997816302,0.02783954661563523,0.021641655752525583
984,0.022682131491514334,0.02108299500270002,0.02108299500270002,0.019707714422607468,0.022485492200385242,0.017635464982982168,0.021732650801239775
007,0.02265686301394011,0.020451283063344365,0.020451283063344365,0.011374381089274133,0.022485492200385242,0.021036825527199855,0.022688098812738804
015,0.02265686301394011,0.020451283063344365,0.020451283063344365,0.0280410477559408,0.019707714422607468,0.02783954661563523,0.02148999733800193
037,0.02265686301394011,0.020451283063344365,0.020451283063344365,0.019707714422607468,0.02526326997816302,0.01423410443876448,0.021762982484144506
048,0.02265686301394011,0.020451283063344365,0.020451283063344365,0.011374381089274133,0.01692993664482969,0.017635464982982168,0.022885254751619555
061,0.02265686301394011,0.020451283063344365,0.020451283063344365,0.044707714422607465,0.030818825533718577,0.02783954661563523,0.02147483149654956
094,0.02265686301394011,0.020451283063344365,0.020451283063344365,0.019707714422607468,0.022485492200385242,0.01423410443876448,0.022202791886263108
107,0.02265686301394011,0.020451283063344365,0.020451283063344365,0.019707714422607468,0.01692993664482969,0.01423410443876448,0.022051133471739454
120,0.02265686301394011,0.020451283063344365,0.020451283063344365,0.0280410477559408,0.0280410477559408,0.01423410443876448,0.02144449981364483
122,0.02265686301394011,0.020451283063344365,0.020451283063344365,0.011374381089274133,0.01692993664482969,0.017635464982982168,0.023567717616976003
148,0.02265686301394011,0.020451283063344365,0.020451283063344365,0.0280410477559408,0.03359660331149635,0.02783954661563523,0.02221795772771547
185,0.02265686301394011,0.020451283063344365,0.020451283063344365,0.0280410477559408,0.02526326997816302,0.024438186071417543,0.021869143374311065
207,0.02265686301394011,0.020451283063344365,0.020451283063344365,0.019707714422607468,0.022485492200385242,0.010832743894546793,0.021505163179454292
211,0.02265686301394011,0.020451283063344365,0.020451283063344365,0.019707714422607468,0.019707714422607468,0.02783954661563523,0.021459665655097198
218,0.02265686301394011,0.020451283063344365,0.020451283063344365,0.019707714422607468,0.019707714422607468,0.021036825527199855,0.02196013842302526
226,0.02265686301394011,0.020451283063344365,0.020451283063344365,0.019707714422607468,0.014152158867051911,0.021036825527199855,0.022187626044810744
230,0.02265686301394011,0.020451283063344365,0.020451283063344365,0.0280410477559408,0.022485492200385242,0.021036825527199855,0.021732650801239775
234,0.02265686301394011,0.020451283063344365,0.020451283063344365,0.011374381089274133,0.01692993664482969,0.01423410443876448,0.022870088910167192
241,0.02265686301394011,0.020451283063344365,0.020451283063344365,0.019707714422607468,0.02526326997816302,0.021036825527199855,0.02148999733800193
247,0.02265686301394011,0.020451283063344365,0.020451283063344365,0.036374381089274134,0.02526326997816302,0.01423410443876448,0.02148999733800193
284,0.02265686301394011,0.020451283063344365,0.020451283063344365,0.0280410477559408,0.022485492200385242,0.017635464982982168,0.021671987435430314
288,0.02265686301394011,0.020451283063344365,0.020451283063344365,0.019707714422607468,0.01692993664482969,0.01423410443876448,0.022096630996096548
295,0.02265686301394011,0.020451283063344365,0.020451283063344365,0.0280410477559408,0.019707714422607468,0.024438186071417543,0.022005635947382356
334,0.02265686301394011,0.020451283063344365,0.020451283063344365,0.011374381089274133,0.014152158867051911,0.01423410443876448,0.023021747324690846
367,0.02265686301394011,0.020451283063344365,0.020451283063344365,0.0280410477559408,0.019707714422607468,0.017635464982982168,0.022096630996096548
386,0.02265686301394011,0.020451283063344365,0.020451283063344365,0.011374381089274133,0.011374381089274133,0.024438186071417543,0.02411368790926116
387,0.02265686301394011,0.020451283063344365,0.020451283063344365,0.019707714422607468,0.019707714422607468,0.031240907159852914,0.022066299313191817
418,0.02265686301394011,0.020451283063344365,0.020451283063344365,0.0280410477559408,0.02526326997816302,0.01423410443876448,0.021459665655097198
425,0.02265686301394011,0.020451283063344365,0.020451283063344365,0.019707714422607468,0.022485492200385242,0.01423410443876448,0.021838811691406335
455,0.02265686301394011,0.020451283063344365,0.020451283063344365,0.036374381089274134,0.030818825533718577,0.021036825527199855,0.021505163179454292
457,0.02265686301394011,0.020451283063344365,0.020451283063344365,0.019707714422607468,0.022485492200385242,0.024438186071417543,0.021520329020906656
464,0.02265686301394011,0.020451283063344365,0.020451283063344365,0.0280410477559408,0.02526326997816302,0.021036825527199855,0.021641655752525583
499,0.02265686301394011,0.020451283063344365,0.020451283063344365,0.019707714422607468,0.019707714422607468,0.02783954661563523,0.022066299313191817
504,0.02265686301394011,0.020451283063344365,0.020451283063344365,0.036374381089274134,0.019707714422607468,0.024438186071417543,0.02144449981364483
514,0.02265686301394011,0.020451283063344365,0.020451283063344365,0.011374381089274133,0.02526326997816302,0.01423410443876448,0.023097576531952674
516,0.02265686301394011,0.020451283063344365,0.020451283063344365,0.011374381089274133,0.019707714422607468,0.010832743894546793,0.02267293297128644
524,0.02265686301394011,0.020451283063344365,0.020451283063344365,0.019707714422607468,0.019707714422607468,0.02783954661563523,0.021747816642692142
534,0.02265686301394011,0.020451283063344365,0.020451283063344365,0.011374381089274133,0.01692993664482969,0.024438186071417543,0.02341605920245235
535,0.02265686301394011,0.020451283063344365,0.020451283063344365,0.011374381089274133,0.019707714422607468,0.02783954661563523,0.02267293297128644
537,0.02265686301394011,0.020451283063344365,0.020451283063344365,0.044707714422607465,0.030818825533718577,0.021036825527199855,0.0218539775328587
552,0.02265686301394011,0.020451283063344365,0.020451283063344365,0.011374381089274133,0.022485492200385242,0.017635464982982168,0.023309898312285787
607,0.02265686301394011,0.020451283063344365,0.020451283063344365,0.011374381089274133,0.014152158867051911,0.021036825527199855,0.023855868604570948
640,0.02265686301394011,0.020451283063344365,0.020451283063344365,0.0280410477559408,0.022485492200385242,0.02783954661563523,0.021838811691406335
644,0.02265686301394011,0.020451283063344365,0.020451283063344365,0.019707714422607468,0.01692993664482969,0.01423410443876448,0.022172460203358377
649,0.02265686301394011,0.020451283063344365,0.020451283063344365,0.011374381089274133,0.022485492200385242,0.02783954661563523,0.023112742373405038
655,0.02265686301394011,0.020451283063344365,0.020451283063344365,0.011374381089274133,0.01692993664482969,0.024438186071417543,0.02243027950804859
680,0.02265686301394011,0.020451283063344365,0.020451283063344365,0.0280410477559408,0.019707714422607468,0.021036825527199855,0.022051133471739454
702,0.02265686301394011,0.020451283063344365,0.020451283063344365,0.0280410477559408,0.02526326997816302,0.02783954661563523,0.0214141681307401
722,0.02265686301394011,0.020451283063344365,0.020451283063344365,0.0280410477559408,0.022485492200385242,0.024438186071417543,0.022081465154644184
743,0.02265686301394011,0.020451283063344365,0.020451283063344365,0.019707714422607468,0.019707714422607468,0.021036825527199855,0.022142128520453646
750,0.02265686301394011,0.020451283063344365,0.020451283063344365,0.011374381089274133,0.014152158867051911,0.01423410443876448,0.023218903263571594
825,0.02265686301394011,0.020451283063344365,0.020451283063344365,0.019707714422607468,0.01692993664482969,0.017635464982982168,0.022081465154644184
826,0.02265686301394011,0.020451283063344365,0.020451283063344365,0.0280410477559408,0.019707714422607468,0.017635464982982168,0.02168715327688268
834,0.02265686301394011,0.020451283063344365,0.020451283063344365,0.019707714422607468,0.022485492200385242,0.01423410443876448,0.02155066070381139
838,0.02265686301394011,0.020451283063344365,0.020451283063344365,0.019707714422607468,0.02526326997816302,0.017635464982982168,0.02202080178883472
849,0.02265686301394011,0.020451283063344365,0.020451283063344365,0.019707714422607468,0.01692993664482969,0.024438186071417543,0.021671987435430314
884,0.02265686301394011,0.020451283063344365,0.020451283063344365,0.036374381089274134,0.02526326997816302,0.010832743894546793,0.02144449981364483
911,0.02265686301394011,0.020451283063344365,0.020451283063344365,0.0280410477559408,0.022485492200385242,0.017635464982982168,0.021671987435430314
926,0.02265686301394011,0.020451283063344365,0.020451283063344365,0.019707714422607468,0.01692993664482969,0.021036825527199855,0.021671987435430314
934,0.02265686301394011,0.020451283063344365,0.020451283063344365,0.0280410477559408,0.03359660331149635,0.024438186071417543,0.021565826545263754
944,0.02265686301394011,0.020451283063344365,0.020451283063344365,0.011374381089274133,0.01692993664482969,0.017635464982982168,0.02334022999519052
985,0.02265686301394011,0.020451283063344365,0.020451283063344365,0.011374381089274133,0.02526326997816302,0.02783954661563523,0.022642601288381706
002,0.022631594536365884,0.019819571123988713,0.019819571123988713,0.011374381089274133,0.01692993664482969,0.021036825527199855,0.022551606239667513
011,0.022631594536365884,0.019819571123988713,0.019819571123988713,0.0280410477559408,0.019707714422607468,0.017635464982982168,0.021778148325596873
027,0.022631594536365884,0.019819571123988713,0.019819571123988713,0.019707714422607468,0.014152158867051911,0.024438186071417543,0.021747816642692142
056,0.022631594536365884,0.019819571123988713,0.019819571123988713,0.019707714422607468,0.01692993664482969,0.017635464982982168,0.02182364584995397
060,0.022631594536365884,0.019819571123988713,0.019819571123988713,0.019707714422607468,0.01692993664482969,0.021036825527199855,0.02144449981364483
062,0.022631594536365884,0.019819571123988713,0.019819571123988713,0.019707714422607468,0.022485492200385242,0.017635464982982168,0.021611324069620852
066,0.022631594536365884,0.019819571123988713,0.019819571123988713,0.011374381089274133,0.02526326997816302,0.017635464982982168,0.022339284459334394
069,0.022631594536365884,0.019819571123988713,0.019819571123988713,0.011374381089274133,0.019707714422607468,0.01423410443876448,0.02267293297128644
072,0.022631594536365884,0.019819571123988713,0.019819571123988713,0.019707714422607468,0.01692993664482969,0.02783954661563523,0.02147483149654956
095,0.022631594536365884,0.019819571123988713,0.019819571123988713,0.0280410477559408,0.01692993664482969,0.01423410443876448,0.02147483149654956
118,0.022631594536365884,0.019819571123988713,0.019819571123988713,0.019707714422607468,0.02526326997816302,0.02783954661563523,0.021459665655097198
152,0.022631594536365884,0.019819571123988713,0.019819571123988713,0.011374381089274133,0.011374381089274133,0.017635464982982168,0.02411368790926116
167,0.022631594536365884,0.019819571123988713,0.019819571123988713,0.036374381089274134,0.022485492200385242,0.024438186071417543,0.02144449981364483
182,0.022631594536365884,0.019819571123988713,0.019819571123988713,0.019707714422607468,0.014152158867051911,0.017635464982982168,0.021656821593977946
193,0.022631594536365884,0.019819571123988713,0.019819571123988713,0.0280410477559408,0.022485492200385242,0.024438186071417543,0.021899475057215796
220,0.022631594536365884,0.019819571123988713,0.019819571123988713,0.011374381089274133,0.014152158867051911,0.024438186071417543,0.02303691316614321
222,0.022631594536365884,0.019819571123988713,0.019819571123988713,0.019707714422607468,0.019707714422607468,0.017635464982982168,0.021944972581572894
324,0.022631594536365884,0.019819571123988713,0.019819571123988713,0.019707714422607468,0.019707714422607468,0.024438186071417543,0.021641655752525583
328,0.022631594536365884,0.019819571123988713,0.019819571123988713,0.019707714422607468,0.022485492200385242,0.02783954661563523,0.021914640898668163
338,0.022631594536365884,0.019819571123988713,0.019819571123988713,0.011374381089274133,0.01692993664482969,0.021036825527199855,0.022369616142239125
357,0.022631594536365884,0.019819571123988713,0.019819571123988713,0.019707714422607468,0.0280410477559408,0.024438186071417543,0.021641655752525583
378,0.022631594536365884,0.019819571123988713,0.019819571123988713,0.011374381089274133,0.019707714422607468,0.021036825527199855,0.02232411861788203
408,0.022631594536365884,0.019819571123988713,0.019819571123988713,0.011374381089274133,0.022485492200385242,0.021036825527199855,0.022627435446929342
420,0.022631594536365884,0.019819571123988713,0.019819571123988713,0.019707714422607468,0.014152158867051911,0.01423410443876448,0.021944972581572894
440,0.022631594536365884,0.019819571123988713,0.019819571123988713,0.0280410477559408,0.022485492200385242,0.01423410443876448,0.021641655752525583
445,0.022631594536365884,0.019819571123988713,0.019819571123988713,0.0280410477559408,0.019707714422607468,0.024438186071417543,0.02211179683754891
469,0.022631594536365884,0.019819571123988713,0.019819571123988713,0.019707714422607468,0.01692993664482969,0.017635464982982168,0.02182364584995397
497,0.022631594536365884,0.019819571123988713,0.019819571123988713,0.019707714422607468,0.01692993664482969,0.01423410443876448,0.021914640898668163
527,0.022631594536365884,0.019819571123988713,0.019819571123988713,0.019707714422607468,0.019707714422607468,0.02783954661563523,0.022005635947382356
541,0.022631594536365884,0.019819571123988713,0.019819571123988713,0.011374381089274133,0.014152158867051911,0.024438186071417543,0.024053024543451696
548,0.022631594536365884,0.019819571123988713,0.019819571123988713,0.011374381089274133,0.019707714422607468,0.01423410443876448,0.02235445030078676
550,0.022631594536365884,0.019819571123988713,0.019819571123988713,0.0280410477559408,0.019707714422607468,0.017635464982982168,0.02138383644783537
590,0.022631594536365884,0.019819571123988713,0.019819571123988713,0.019707714422607468,0.01692993664482969,0.010832743894546793,0.02155066070381139
600,0.022631594536365884,0.019819571123988713,0.019819571123988713,0.011374381089274133,0.01692993664482969,0.01423410443876448,0.02355255177552364
613,0.022631594536365884,0.019819571123988713,0.019819571123988713,0.036374381089274134,0.036374381089274134,0.031240907159852914,0.021671987435430314
635,0.022631594536365884,0.019819571123988713,0.019819571123988713,0.0280410477559408,0.022485492200385242,0.017635464982982168,0.021535494862359023
637,0.022631594536365884,0.019819571123988713,0.019819571123988713,0.0280410477559408,0.02526326997816302,0.024438186071417543,0.02182364584995397
656,0.022631594536365884,0.019819571123988713,0.019819571123988713,0.011374381089274133,0.022485492200385242,0.024438186071417543,0.02267293297128644
670,0.022631594536365884,0.019819571123988713,0.019819571123988713,0.019707714422607468,0.019707714422607468,0.01423410443876448,0.022172460203358377
677,0.022631594536365884,0.019819571123988713,0.019819571123988713,0.011374381089274133,0.019707714422607468,0.01423410443876448,0.022809425544357727
700,0.022631594536365884,0.019819571123988713,0.019819571123988713,0.019707714422607468,0.019707714422607468,0.010832743894546793,0.02188430921576343
706,0.022631594536365884,0.019819571123988713,0.019819571123988713,0.019707714422607468,0.022485492200385242,0.01423410443876448,0.02144449981364483
719,0.022631594536365884,0.019819571123988713,0.019819571123988713,0.0280410477559408,0.019707714422607468,0.01423410443876448,0.021626489911073216
759,0.022631594536365884,0.019819571123988713,0.019819571123988713,0.019707714422607468,0.019707714422607468,0.024438186071417543,0.022172460203358377
790,0.022631594536365884,0.019819571123988713,0.019819571123988713,0.019707714422607468,0.022485492200385242,0.010832743894546793,0.022096630996096548
863,0.022631594536365884,0.019819571123988713,0.019819571123988713,0.019707714422607468,0.019707714422607468,0.017635464982982168,0.02188430921576343
881,0.022631594536365884,0.019819571123988713,0.019819571123988713,0.036374381089274134,0.022485492200385242,0.01423410443876448,0.021626489911073216
899,0.022631594536365884,0.019819571123988713,0.019819571123988713,0.011374381089274133,0.011374381089274133,0.017635464982982168,0.02411368790926116
935,0.022631594536365884,0.019819571123988713,0.019819571123988713,0.011374381089274133,0.011374381089274133,0.017635464982982168,0.02411368790926116
940,0.022631594536365884,0.019819571123988713,0.019819571123988713,0.019707714422607468,0.014152158867051911,0.01423410443876448,0.02182364584995397
958,0.022631594536365884,0.019819571123988713,0.019819571123988713,0.011374381089274133,0.014152158867051911,0.01423410443876448,0.023158239897762136
961,0.022631594536365884,0.019819571123988713,0.019819571123988713,0.0280410477559408,0.022485492200385242,0.02783954661563523,0.021399002289287733
051,0.02260632605879166,0.019187859184633057,0.019187859184633057,0.011374381089274133,0.030818825533718577,0.017635464982982168,0.02253644039821515
055,0.02260632605879166,0.019187859184633057,0.019187859184633057,0.019707714422607468,0.02526326997816302,0.01423410443876448,0.022096630996096548
068,0.02260632605879166,0.019187859184633057,0.019187859184633057,0.011374381089274133,0.014152158867051911,0.010832743894546793,0.022369616142239125
105,0.02260632605879166,0.019187859184633057,0.019187859184633057,0.0280410477559408,0.019707714422607468,0.021036825527199855,0.021611324069620852
144,0.02260632605879166,0.019187859184633057,0.019187859184633057,0.011374381089274133,0.01692993664482969,0.017635464982982168,0.022945918117429014
181,0.02260632605879166,0.019187859184633057,0.019187859184633057,0.019707714422607468,0.01692993664482969,0.017635464982982168,0.021505163179454292
227,0.02260632605879166,0.019187859184633057,0.019187859184633057,0.019707714422607468,0.01692993664482969,0.021036825527199855,0.022035967630287086
231,0.02260632605879166,0.019187859184633057,0.019187859184633057,0.011374381089274133,0.02526326997816302,0.021036825527199855,0.022339284459334394
255,0.02260632605879166,0.019187859184633057,0.019187859184633057,0.0280410477559408,0.019707714422607468,0.010832743894546793,0.021944972581572894
293,0.02260632605879166,0.019187859184633057,0.019187859184633057,0.011374381089274133,0.022485492200385242,0.024438186071417543,0.02253644039821515
298,0.02260632605879166,0.019187859184633057,0.019187859184633057,0.0280410477559408,0.019707714422607468,0.017635464982982168,0.021505163179454292
304,0.02260632605879166,0.019187859184633057,0.019187859184633057,0.011374381089274133,0.01692993664482969,0.017635464982982168,0.022581937922572244
333,0.02260632605879166,0.019187859184633057,0.019187859184633057,0.011374381089274133,0.01692993664482969,0.017635464982982168,0.02256677208111988
345,0.02260632605879166,0.019187859184633057,0.019187859184633057,0.011374381089274133,0.022485492200385242,0.021036825527199855,0.022506108715310415
359,0.02260632605879166,0.019187859184633057,0.019187859184633057,0.019707714422607468,0.022485492200385242,0.024438186071417543,0.022005635947382356
397,0.02260632605879166,0.019187859184633057,0.019187859184633057,0.011374381089274133,0.022485492200385242,0.017635464982982168,0.022976249800333748
415,0.02260632605879166,0.019187859184633057,0.019187859184633057,0.011374381089274133,0.019707714422607468,0.031240907159852914,0.022839757227262458
486,0.02260632605879166,0.019187859184633057,0.019187859184633057,0.011374381089274133,0.011374381089274133,0.021036825527199855,0.02411368790926116
501,0.02260632605879166,0.019187859184633057,0.019187859184633057,0.011374381089274133,0.01692993664482969,0.017635464982982168,0.02239994782514386
506,0.02260632605879166,0.019187859184633057,0.019187859184633057,0.011374381089274133,0.019707714422607468,0.024438186071417543,0.02253644039821515
511,0.02260632605879166,0.019187859184633057,0.019187859184633057,0.011374381089274133,0.01692993664482969,0.01423410443876448,0.022976249800333748
512,0.02260632605879166,0.019187859184633057,0.019187859184633057,0.019707714422607468,0.02526326997816302,0.021036825527199855,0.021399002289287733
551,0.02260632605879166,0.019187859184633057,0.019187859184633057,0.019707714422607468,0.02526326997816302,0.01423410443876448,0.02148999733800193
570,0.02260632605879166,0.019187859184633057,0.019187859184633057,0.011374381089274133,0.019707714422607468,0.017635464982982168,0.0222937869349773
584,0.02260632605879166,0.019187859184633057,0.019187859184633057,0.019707714422607468,0.01692993664482969,0.01423410443876448,0.02155066070381139
622,0.02260632605879166,0.019187859184633057,0.019187859184633057,0.0280410477559408,0.019707714422607468,0.010832743894546793,0.02138383644783537
684,0.02260632605879166,0.019187859184633057,0.019187859184633057,0.011374381089274133,0.019707714422607468,0.024438186071417543,0.022308952776429667
699,0.02260632605879166,0.019187859184633057,0.019187859184633057,0.019707714422607468,0.02526326997816302,0.021036825527199855,0.021520329020906656
713,0.02260632605879166,0.019187859184633057,0.019187859184633057,0.0280410477559408,0.022485492200385242,0.024438186071417543,0.021641655752525583
734,0.02260632605879166,0.019187859184633057,0.019187859184633057,0.036374381089274134,0.0280410477559408,0.024438186071417543,0.021565826545263754
767,0.02260632605879166,0.019187859184633057,0.019187859184633057,0.044707714422607465,0.0280410477559408,0.024438186071417543,0.02158099238671612
780,0.02260632605879166,0.019187859184633057,0.019187859184633057,0.019707714422607468,0.019707714422607468,0.02783954661563523,0.022005635947382356
785,0.02260632605879166,0.019187859184633057,0.019187859184633057,0.019707714422607468,0.01692993664482969,0.021036825527199855,0.022172460203358377
789,0.02260632605879166,0.019187859184633057,0.019187859184633057,0.019707714422607468,0.022485492200385242,0.031240907159852914,0.021702319118335044
802,0.02260632605879166,0.019187859184633057,0.019187859184633057,0.019707714422607468,0.014152158867051911,0.021036825527199855,0.021944972581572894
805,0.02260632605879166,0.019187859184633057,0.019187859184633057,0.011374381089274133,0.019707714422607468,0.021036825527199855,0.02364354682423783
806,0.02260632605879166,0.019187859184633057,0.019187859184633057,0.011374381089274133,0.014152158867051911,0.031240907159852914,0.022961083958881384
839,0.02260632605879166,0.019187859184633057,0.019187859184633057,0.011374381089274133,0.022485492200385242,0.024438186071417543,0.02232411861788203
864,0.02260632605879166,0.019187859184633057,0.019187859184633057,0.011374381089274133,0.014152158867051911,0.017635464982982168,0.022688098812738804
886,0.02260632605879166,0.019187859184633057,0.019187859184633057,0.011374381089274133,0.01692993664482969,0.02783954661563523,0.022581937922572244
947,0.02260632605879166,0.019187859184633057,0.019187859184633057,0.0280410477559408,0.022485492200385242,0.017635464982982168,0.021929806740120527
999,0.02260632605879166,0.019187859184633057,0.019187859184633057,0.019707714422607468,0.01692993664482969,0.017635464982982168,0.02188430921576343
004,0.02258105758121743,0.018556147245277405,0.018556147245277405,0.019707714422607468,0.01692993664482969,0.02783954661563523,0.022172460203358377
008,0.02258105758121743,0.018556147245277405,0.018556147245277405,0.0280410477559408,0.022485492200385242,0.017635464982982168,0.021641655752525583
019,0.02258105758121743,0.018556147245277405,0.018556147245277405,0.019707714422607468,0.01692993664482969,0.034642267704070605,0.021793314167049237
033,0.02258105758121743,0.018556147245277405,0.018556147245277405,0.0280410477559408,0.022485492200385242,0.01423410443876448,0.02182364584995397
041,0.02258105758121743,0.018556147245277405,0.018556147245277405,0.011374381089274133,0.019707714422607468,0.024438186071417543,0.023052079007595577
146,0.02258105758121743,0.018556147245277405,0.018556147245277405,0.019707714422607468,0.01692993664482969,0.017635464982982168,0.022066299313191817
160,0.02258105758121743,0.018556147245277405,0.018556147245277405,0.036374381089274134,0.02526326997816302,0.017635464982982168,0.02144449981364483
176,0.02258105758121743,0.018556147245277405,0.018556147245277405,0.011374381089274133,0.01692993664482969,0.010832743894546793,0.022384781983691492
184,0.02258105758121743,0.018556147245277405,0.018556147245277405,0.019707714422607468,0.019707714422607468,0.024438186071417543,0.021626489911073216
204,0.02258105758121743,0.018556147245277405,0.018556147245277405,0.019707714422607468,0.0280410477559408,0.01423410443876448,0.02144449981364483
256,0.02258105758121743,0.018556147245277405,0.018556147245277405,0.011374381089274133,0.019707714422607468,0.017635464982982168,0.022627435446929342
275,0.02258105758121743,0.018556147245277405,0.018556147245277405,0.0280410477559408,0.022485492200385242,0.017635464982982168,0.02148999733800193
323,0.02258105758121743,0.018556147245277405,0.018556147245277405,0.011374381089274133,0.019707714422607468,0.01423410443876448,0.02235445030078676
343,0.02258105758121743,0.018556147245277405,0.018556147245277405,0.019707714422607468,0.019707714422607468,0.024438186071417543,0.021641655752525583
372,0.02258105758121743,0.018556147245277405,0.018556147245277405,0.019707714422607468,0.01692993664482969,0.024438186071417543,0.022142128520453646
406,0.02258105758121743,0.018556147245277405,0.018556147245277405,0.0280410477559408,0.022485492200385242,0.031240907159852914,0.02144449981364483
443,0.02258105758121743,0.018556147245277405,0.018556147245277405,0.019707714422607468,0.014152158867051911,0.021036825527199855,0.0218539775328587
459,0.02258105758121743,0.018556147245277405,0.018556147245277405,0.011374381089274133,0.011374381089274133,0.021036825527199855,0.02411368790926116
470,0.02258105758121743,0.018556147245277405,0.018556147245277405,0.019707714422607468,0.022485492200385242,0.017635464982982168,0.022248289410620202
477,0.02258105758121743,0.018556147245277405,0.018556147245277405,0.0280410477559408,0.02526326997816302,0.01423410443876448,0.021702319118335044
502,0.02258105758121743,0.018556147245277405,0.018556147245277405,0.036374381089274134,0.02526326997816302,0.021036825527199855,0.02147483149654956
513,0.02258105758121743,0.018556147245277405,0.018556147245277405,0.011374381089274133,0.019707714422607468,0.021036825527199855,0.022521274556762783
544,0.02258105758121743,0.018556147245277405,0.018556147245277405,0.011374381089274133,0.014152158867051911,0.010832743894546793,0.022475777032405685
588,0.02258105758121743,0.018556147245277405,0.018556147245277405,0.0280410477559408,0.019707714422607468,0.017635464982982168,0.02168715327688268
624,0.02258105758121743,0.018556147245277405,0.018556147245277405,0.011374381089274133,0.014152158867051911,0.02783954661563523,0.022718430495643534
648,0.02258105758121743,0.018556147245277405,0.018556147245277405,0.011374381089274133,0.019707714422607468,0.017635464982982168,0.02299141564178611
657,0.02258105758121743,0.018556147245277405,0.018556147245277405,0.019707714422607468,0.019707714422607468,0.01423410443876448,0.02148999733800193
714,0.02258105758121743,0.018556147245277405,0.018556147245277405,0.011374381089274133,0.02526326997816302,0.017635464982982168,0.02253644039821515
733,0.02258105758121743,0.018556147245277405,0.018556147245277405,0.044707714422607465,0.0280410477559408,0.021036825527199855,0.02147483149654956
754,0.02258105758121743,0.018556147245277405,0.018556147245277405,0.019707714422607468,0.022485492200385242,0.024438186071417543,0.021656821593977946
773,0.02258105758121743,0.018556147245277405,0.018556147245277405,0.011374381089274133,0.0280410477559408,0.017635464982982168,0.022597103764024608
784,0.02258105758121743,0.018556147245277405,0.018556147245277405,0.019707714422607468,0.030818825533718577,0.01423410443876448,0.02221795772771547
792,0.02258105758121743,0.018556147245277405,0.018556147245277405,0.0280410477559408,0.019707714422607468,0.021036825527199855,0.02148999733800193
797,0.02258105758121743,0.018556147245277405,0.018556147245277405,0.011374381089274133,0.01692993664482969,0.031240907159852914,0.02246061119095332
821,0.02258105758121743,0.018556147245277405,0.018556147245277405,0.019707714422607468,0.019707714422607468,0.010832743894546793,0.02155066070381139
914,0.02258105758121743,0.018556147245277405,0.018556147245277405,0.011374381089274133,0.011374381089274133,0.024438186071417543,0.02411368790926116
952,0.02258105758121743,0.018556147245277405,0.018556147245277405,0.0280410477559408,0.022485492200385242,0.024438186071417543,0.021535494862359023
967,0.02258105758121743,0.018556147245277405,0.018556147245277405,0.019707714422607468,0.022485492200385242,0.010832743894546793,0.02188430921576343
977,0.02258105758121743,0.018556147245277405,0.018556147245277405,0.019707714422607468,0.022485492200385242,0.01423410443876448,0.021747816642692142
987,0.02258105758121743,0.018556147245277405,0.018556147245277405,0.019707714422607468,0.019707714422607468,0.017635464982982168,0.02188430921576343
077,0.022555789103643205,0.01792443530592175,0.01792443530592175,0.019707714422607468,0.014152158867051911,0.02783954661563523,0.02147483149654956
134,0.022555789103643205,0.01792443530592175,0.01792443530592175,0.019707714422607468,0.01692993664482969,0.017635464982982168,0.021399002289287733
149,0.022555789103643205,0.01792443530592175,0.01792443530592175,0.019707714422607468,0.01692993664482969,0.024438186071417543,0.022035967630287086
235,0.022555789103643205,0.01792443530592175,0.01792443530592175,0.019707714422607468,0.02526326997816302,0.017635464982982168,0.022202791886263108
238,0.022555789103643205,0.01792443530592175,0.01792443530592175,0.019707714422607468,0.022485492200385242,0.01423410443876448,0.022096630996096548
242,0.022555789103643205,0.01792443530592175,0.01792443530592175,0.011374381089274133,0.01692993664482969,0.010832743894546793,0.022945918117429014
269,0.022555789103643205,0.01792443530592175,0.01792443530592175,0.019707714422607468,0.019707714422607468,0.01423410443876448,0.02223312356916784
271,0.022555789103643205,0.01792443530592175,0.01792443530592175,0.0280410477559408,0.022485492200385242,0.01423410443876448,0.021732650801239775
287,0.022555789103643205,0.01792443530592175,0.01792443530592175,0.019707714422607468,0.022485492200385242,0.021036825527199855,0.021762982484144506
351,0.022555789103643205,0.01792443530592175,0.01792443530592175,0.0280410477559408,0.019707714422607468,0.02783954661563523,0.022081465154644184
373,0.022555789103643205,0.01792443530592175,0.01792443530592175,0.011374381089274133,0.02526326997816302,0.017635464982982168,0.022384781983691492
374,0.022555789103643205,0.01792443530592175,0.01792443530592175,0.011374381089274133,0.02526326997816302,0.017635464982982168,0.022415113666596223
377,0.022555789103643205,0.01792443530592175,0.01792443530592175,0.019707714422607468,0.01692993664482969,0.01423410443876448,0.02226345525207257
411,0.022555789103643205,0.01792443530592175,0.01792443530592175,0.036374381089274134,0.0280410477559408,0.017635464982982168,0.021747816642692142
436,0.022555789103643205,0.01792443530592175,0.01792443530592175,0.019707714422607468,0.019707714422607468,0.024438186071417543,0.021702319118335044
453,0.022555789103643205,0.01792443530592175,0.01792443530592175,0.0280410477559408,0.0280410477559408,0.01423410443876448,0.021641655752525583
474,0.022555789103643205,0.01792443530592175,0.01792443530592175,0.019707714422607468,0.01692993664482969,0.021036825527199855,0.02158099238671612
533,0.022555789103643205,0.01792443530592175,0.01792443530592175,0.019707714422607468,0.019707714422607468,0.01423410443876448,0.021778148325596873
555,0.022555789103643205,0.01792443530592175,0.01792443530592175,0.019707714422607468,0.019707714422607468,0.01423410443876448,0.022096630996096548
628,0.022555789103643205,0.01792443530592175,0.01792443530592175,0.0280410477559408,0.019707714422607468,0.017635464982982168,0.021762982484144506
664,0.022555789103643205,0.01792443530592175,0.01792443530592175,0.019707714422607468,0.01692993664482969,0.017635464982982168,0.02155066070381139
667,0.022555789103643205,0.01792443530592175,0.01792443530592175,0.011374381089274133,0.011374381089274133,0.017635464982982168,0.02411368790926116
693,0.022555789103643205,0.01792443530592175,0.01792443530592175,0.019707714422607468,0.019707714422607468,0.017635464982982168,0.022096630996096548
717,0.022555789103643205,0.01792443530592175,0.01792443530592175,0.011374381089274133,0.0280410477559408,0.01423410443876448,0.022384781983691492
856,0.022555789103643205,0.01792443530592175,0.01792443530592175,0.0280410477559408,0.01692993664482969,0.021036825527199855,0.021762982484144506
924,0.022555789103643205,0.01792443530592175,0.01792443530592175,0.0280410477559408,0.022485492200385242,0.01423410443876448,0.021535494862359023
029,0.02253052062606898,0.017292723366566096,0.017292723366566096,0.011374381089274133,0.01692993664482969,0.024438186071417543,0.022490942873858052
040,0.02253052062606898,0.017292723366566096,0.017292723366566096,0.011374381089274133,0.014152158867051911,0.021036825527199855,0.02353738593407127
088,0.02253052062606898,0.017292723366566096,0.017292723366566096,0.011374381089274133,0.014152158867051911,0.010832743894546793,0.022597103764024608
091,0.02253052062606898,0.017292723366566096,0.017292723366566096,0.019707714422607468,0.019707714422607468,0.021036825527199855,0.022187626044810744
315,0.02253052062606898,0.017292723366566096,0.017292723366566096,0.011374381089274133,0.011374381089274133,0.017635464982982168,0.02411368790926116
354,0.02253052062606898,0.017292723366566096,0.017292723366566096,0.036374381089274134,0.019707714422607468,0.021036825527199855,0.021732650801239775
451,0.02253052062606898,0.017292723366566096,0.017292723366566096,0.011374381089274133,0.01692993664482969,0.010832743894546793,0.02347672256826181
456,0.02253052062606898,0.017292723366566096,0.017292723366566096,0.019707714422607468,0.014152158867051911,0.017635464982982168,0.021459665655097198
576,0.02253052062606898,0.017292723366566096,0.017292723366566096,0.011374381089274133,0.011374381089274133,0.017635464982982168,0.02411368790926116
783,0.02253052062606898,0.017292723366566096,0.017292723366566096,0.019707714422607468,0.014152158867051911,0.024438186071417543,0.02202080178883472
968,0.02253052062606898,0.017292723366566096,0.017292723366566096,0.019707714422607468,0.022485492200385242,0.017635464982982168,0.021671987435430314
006,0.02250525214849475,0.016661011427210444,0.016661011427210444,0.019707714422607468,0.01692993664482969,0.021036825527199855,0.022035967630287086
082,0.02250525214849475,0.016661011427210444,0.016661011427210444,0.019707714422607468,0.022485492200385242,0.017635464982982168,0.02171748495978741
085,0.02250525214849475,0.016661011427210444,0.016661011427210444,0.019707714422607468,0.01692993664482969,0.017635464982982168,0.022248289410620202
253,0.02250525214849475,0.016661011427210444,0.016661011427210444,0.019707714422607468,0.01692993664482969,0.010832743894546793,0.022051133471739454
259,0.02250525214849475,0.016661011427210444,0.016661011427210444,0.011374381089274133,0.019707714422607468,0.017635464982982168,0.022475777032405685
629,0.02250525214849475,0.016661011427210444,0.016661011427210444,0.011374381089274133,0.011374381089274133,0.017635464982982168,0.02411368790926116
658,0.02250525214849475,0.016661011427210444,0.016661011427210444,0.011374381089274133,0.019707714422607468,0.01423410443876448,0.023112742373405038
807,0.02250525214849475,0.016661011427210444,0.016661011427210444,0.011374381089274133,0.019707714422607468,0.01423410443876448,0.022521274556762783
808,0.02250525214849475,0.016661011427210444,0.016661011427210444,0.011374381089274133,0.022485492200385242,0.017635464982982168,0.023158239897762136
828,0.02250525214849475,0.016661011427210444,0.016661011427210444,0.011374381089274133,0.022485492200385242,0.021036825527199855,0.022551606239667513
870,0.02250525214849475,0.016661011427210444,0.016661011427210444,0.011374381089274133,0.019707714422607468,0.021036825527199855,0.022703264654191167
874,0.02250525214849475,0.016661011427210444,0.016661011427210444,0.019707714422607468,0.01692993664482969,0.021036825527199855,0.02159615822816849
893,0.02250525214849475,0.016661011427210444,0.016661011427210444,0.0280410477559408,0.01692993664482969,0.010832743894546793,0.021399002289287733
090,0.022479983670920526,0.016029299487854788,0.016029299487854788,0.0280410477559408,0.022485492200385242,0.017635464982982168,0.02158099238671612
178,0.022479983670920526,0.016029299487854788,0.016029299487854788,0.019707714422607468,0.014152158867051911,0.01423410443876448,0.02171748495978741
596,0.022479983670920526,0.016029299487854788,0.016029299487854788,0.011374381089274133,0.014152158867051911,0.010832743894546793,0.02303691316614321
730,0.022479983670920526,0.016029299487854788,0.016029299487854788,0.019707714422607468,0.019707714422607468,0.024438186071417543,0.022142128520453646
929,0.022479983670920526,0.016029299487854788,0.016029299487854788,0.019707714422607468,0.01692993664482969,0.01423410443876448,0.02155066070381139
979,0.022479983670920526,0.016029299487854788,0.016029299487854788,0.019707714422607468,0.02526326997816302,0.01423410443876448,0.02188430921576343
026,0.0224547151933463,0.015397587548499136,0.015397587548499136,0.011374381089274133,0.011374381089274133,0.01423410443876448,0.02411368790926116
042,0.0224547151933463,0.015397587548499136,0.015397587548499136,0.0280410477559408,0.019707714422607468,0.01423410443876448,0.02159615822816849
135,0.0224547151933463,0.015397587548499136,0.015397587548499136,0.019707714422607468,0.014152158867051911,0.021036825527199855,0.022051133471739454
400,0.0224547151933463,0.015397587548499136,0.015397587548499136,0.019707714422607468,0.014152158867051911,0.01423410443876448,0.021869143374311065
434,0.0224547151933463,0.015397587548499136,0.015397587548499136,0.019707714422607468,0.019707714422607468,0.01423410443876448,0.021656821593977946
795,0.0224547151933463,0.015397587548499136,0.015397587548499136,0.0280410477559408,0.019707714422607468,0.017635464982982168,0.021656821593977946
812,0.0224547151933463,0.015397587548499136,0.015397587548499136,0.019707714422607468,0.01692993664482969,0.01423410443876448,0.021565826545263754
017,0.022429446715772072,0.014765875609143482,0.014765875609143482,0.011374381089274133,0.01692993664482969,0.01423410443876448,0.022445445349500954
747,0.022429446715772072,0.014765875609143482,0.014765875609143482,0.011374381089274133,0.01692993664482969,0.017635464982982168,0.02285492306871482
