number,probability,raw_model_probability,long_rate,short_rate,recent_long_rate,weekday_rate,gap_signal
662,0.023482675907946834,0.0349806576685244,0.0349806576685244,0.0280410477559408,0.02526326997816302,0.031240907159852914,0.021429333972192464
572,0.023368967758862817,0.03308552185045744,0.03308552185045744,0.011374381089274133,0.02526326997816302,0.031240907159852914,0.022657767129834073
983,0.023331065042501476,0.03245380991110179,0.03245380991110179,0.036374381089274134,0.03359660331149635,0.044846349336723663,0.02158099238671612
053,0.02329316232614014,0.031822097971746136,0.031822097971746136,0.019707714422607468,0.019707714422607468,0.02783954661563523,0.02138383644783537
186,0.02329316232614014,0.031822097971746136,0.031822097971746136,0.0280410477559408,0.0280410477559408,0.024438186071417543,0.022202791886263108
369,0.02329316232614014,0.031822097971746136,0.031822097971746136,0.036374381089274134,0.02526326997816302,0.03804362824828829,0.02155066070381139
432,0.02329316232614014,0.031822097971746136,0.031822097971746136,0.044707714422607465,0.03359660331149635,0.04144498879250598,0.021535494862359023
697,0.02329316232614014,0.031822097971746136,0.031822097971746136,0.019707714422607468,0.0280410477559408,0.02783954661563523,0.02171748495978741
526,0.023255259609778797,0.03119038603239048,0.03119038603239048,0.036374381089274134,0.030818825533718577,0.017635464982982168,0.021656821593977946
592,0.023255259609778797,0.03119038603239048,0.03119038603239048,0.036374381089274134,0.030818825533718577,0.031240907159852914,0.021656821593977946
114,0.02321735689341746,0.030558674093034827,0.030558674093034827,0.019707714422607468,0.036374381089274134,0.04144498879250598,0.022005635947382356
294,0.02321735689341746,0.030558674093034827,0.030558674093034827,0.019707714422607468,0.0280410477559408,0.021036825527199855,0.021808480008501604
370,0.02321735689341746,0.030558674093034827,0.030558674093034827,0.0280410477559408,0.0280410477559408,0.034642267704070605,0.021429333972192464
484,0.02321735689341746,0.030558674093034827,0.030558674093034827,0.019707714422607468,0.022485492200385242,0.034642267704070605,0.0218539775328587
645,0.02321735689341746,0.030558674093034827,0.030558674093034827,0.036374381089274134,0.030818825533718577,0.031240907159852914,0.021429333972192464
653,0.02321735689341746,0.030558674093034827,0.030558674093034827,0.0280410477559408,0.0280410477559408,0.02783954661563523,0.022066299313191817
676,0.02321735689341746,0.030558674093034827,0.030558674093034827,0.036374381089274134,0.03359660331149635,0.02783954661563523,0.021399002289287733
811,0.02321735689341746,0.030558674093034827,0.030558674093034827,0.0530410477559408,0.03359660331149635,0.03804362824828829,0.02138383644783537
080,0.02317945417705612,0.02992696215367917,0.02992696215367917,0.061374381089274135,0.04470771442260746,0.031240907159852914,0.021459665655097198
179,0.02317945417705612,0.02992696215367917,0.02992696215367917,0.019707714422607468,0.030818825533718577,0.017635464982982168,0.022248289410620202
213,0.02317945417705612,0.02992696215367917,0.02992696215367917,0.019707714422607468,0.02526326997816302,0.017635464982982168,0.021505163179454292
867,0.02317945417705612,0.02992696215367917,0.02992696215367917,0.036374381089274134,0.022485492200385242,0.021036825527199855,0.021929806740120527
878,0.02317945417705612,0.02992696215367917,0.02992696215367917,0.011374381089274133,0.019707714422607468,0.017635464982982168,0.02267293297128644
000,0.02314155146069478,0.02929525021432352,0.02929525021432352,0.0280410477559408,0.03359660331149635,0.021036825527199855,0.021762982484144506
073,0.02314155146069478,0.02929525021432352,0.02929525021432352,0.036374381089274134,0.03359660331149635,0.021036825527199855,0.02147483149654956
079,0.02314155146069478,0.02929525021432352,0.02929525021432352,0.019707714422607468,0.019707714422607468,0.024438186071417543,0.021838811691406335
119,0.02314155146069478,0.02929525021432352,0.02929525021432352,0.036374381089274134,0.022485492200385242,0.02783954661563523,0.02171748495978741
612,0.02314155146069478,0.02929525021432352,0.02929525021432352,0.036374381089274134,0.0280410477559408,0.024438186071417543,0.02158099238671612
724,0.02314155146069478,0.02929525021432352,0.02929525021432352,0.061374381089274135,0.030818825533718577,0.021036825527199855,0.021611324069620852
854,0.02314155146069478,0.02929525021432352,0.02929525021432352,0.0280410477559408,0.0280410477559408,0.021036825527199855,0.021838811691406335
964,0.02314155146069478,0.02929525021432352,0.02929525021432352,0.036374381089274134,0.036374381089274134,0.03804362824828829,0.02147483149654956
052,0.02310364874433344,0.028663538274967867,0.028663538274967867,0.0280410477559408,0.030818825533718577,0.031240907159852914,0.021838811691406335
057,0.02310364874433344,0.028663538274967867,0.028663538274967867,0.036374381089274134,0.030818825533718577,0.024438186071417543,0.022096630996096548
092,0.02310364874433344,0.028663538274967867,0.028663538274967867,0.011374381089274133,0.030818825533718577,0.021036825527199855,0.02243027950804859
124,0.02310364874433344,0.028663538274967867,0.028663538274967867,0.011374381089274133,0.022485492200385242,0.02783954661563523,0.022490942873858052
243,0.02310364874433344,0.028663538274967867,0.028663538274967867,0.011374381089274133,0.0280410477559408,0.021036825527199855,0.02253644039821515
267,0.02310364874433344,0.028663538274967867,0.028663538274967867,0.011374381089274133,0.0280410477559408,0.021036825527199855,0.022581937922572244
356,0.02310364874433344,0.028663538274967867,0.028663538274967867,0.0280410477559408,0.0280410477559408,0.031240907159852914,0.0214141681307401
473,0.02310364874433344,0.028663538274967867,0.028663538274967867,0.0280410477559408,0.030818825533718577,0.024438186071417543,0.021702319118335044
491,0.02310364874433344,0.028663538274967867,0.028663538274967867,0.011374381089274133,0.03359660331149635,0.02783954661563523,0.022369616142239125
532,0.02310364874433344,0.028663538274967867,0.028663538274967867,0.019707714422607468,0.030818825533718577,0.03804362824828829,0.021535494862359023
599,0.02310364874433344,0.028663538274967867,0.028663538274967867,0.019707714422607468,0.022485492200385242,0.02783954661563523,0.022096630996096548
661,0.02310364874433344,0.028663538274967867,0.028663538274967867,0.044707714422607465,0.02526326997816302,0.021036825527199855,0.021399002289287733
875,0.02310364874433344,0.028663538274967867,0.028663538274967867,0.019707714422607468,0.0280410477559408,0.034642267704070605,0.021520329020906656
898,0.02310364874433344,0.028663538274967867,0.028663538274967867,0.011374381089274133,0.019707714422607468,0.021036825527199855,0.023006581483238482
081,0.023065746027972102,0.02803182633561221,0.02803182633561221,0.036374381089274134,0.030818825533718577,0.034642267704070605,0.021459665655097198
132,0.023065746027972102,0.02803182633561221,0.02803182633561221,0.044707714422607465,0.0280410477559408,0.024438186071417543,0.021459665655097198
151,0.023065746027972102,0.02803182633561221,0.02803182633561221,0.011374381089274133,0.02526326997816302,0.031240907159852914,0.02267293297128644
194,0.023065746027972102,0.02803182633561221,0.02803182633561221,0.0280410477559408,0.030818825533718577,0.02783954661563523,0.021656821593977946
221,0.023065746027972102,0.02803182633561221,0.02803182633561221,0.0280410477559408,0.02526326997816302,0.03804362824828829,0.021702319118335044
362,0.023065746027972102,0.02803182633561221,0.02803182633561221,0.019707714422607468,0.019707714422607468,0.024438186071417543,0.02215729436190601
549,0.023065746027972102,0.02803182633561221,0.02803182633561221,0.019707714422607468,0.019707714422607468,0.017635464982982168,0.022096630996096548
556,0.023065746027972102,0.02803182633561221,0.02803182633561221,0.044707714422607465,0.03915215886705191,0.02783954661563523,0.02171748495978741
573,0.023065746027972102,0.02803182633561221,0.02803182633561221,0.011374381089274133,0.01692993664482969,0.031240907159852914,0.022945918117429014
619,0.023065746027972102,0.02803182633561221,0.02803182633561221,0.019707714422607468,0.03359660331149635,0.024438186071417543,0.021914640898668163
633,0.023065746027972102,0.02803182633561221,0.02803182633561221,0.0280410477559408,0.02526326997816302,0.024438186071417543,0.021459665655097198
691,0.023065746027972102,0.02803182633561221,0.02803182633561221,0.019707714422607468,0.03359660331149635,0.04144498879250598,0.021869143374311065
749,0.023065746027972102,0.02803182633561221,0.02803182633561221,0.044707714422607465,0.02526326997816302,0.017635464982982168,0.0214141681307401
774,0.023065746027972102,0.02803182633561221,0.02803182633561221,0.019707714422607468,0.03359660331149635,0.024438186071417543,0.022142128520453646
836,0.023065746027972102,0.02803182633561221,0.02803182633561221,0.0280410477559408,0.03359660331149635,0.017635464982982168,0.021671987435430314
848,0.023065746027972102,0.02803182633561221,0.02803182633561221,0.0280410477559408,0.02526326997816302,0.024438186071417543,0.021399002289287733
871,0.023065746027972102,0.02803182633561221,0.02803182633561221,0.019707714422607468,0.01692993664482969,0.024438186071417543,0.021929806740120527
906,0.023065746027972102,0.02803182633561221,0.02803182633561221,0.019707714422607468,0.0280410477559408,0.044846349336723663,0.02212696267900128
916,0.023065746027972102,0.02803182633561221,0.02803182633561221,0.0280410477559408,0.022485492200385242,0.024438186071417543,0.021914640898668163
932,0.023065746027972102,0.02803182633561221,0.02803182633561221,0.0280410477559408,0.02526326997816302,0.02783954661563523,0.02144449981364483
978,0.023065746027972102,0.02803182633561221,0.02803182633561221,0.019707714422607468,0.022485492200385242,0.017635464982982168,0.021929806740120527
981,0.023065746027972102,0.02803182633561221,0.02803182633561221,0.044707714422607465,0.030818825533718577,0.024438186071417543,0.021399002289287733
013,0.023027843311610764,0.02740011439625656,0.02740011439625656,0.019707714422607468,0.0280410477559408,0.021036825527199855,0.021975304264477625
059,0.023027843311610764,0.02740011439625656,0.02740011439625656,0.036374381089274134,0.0280410477559408,0.02783954661563523,0.0214141681307401
112,0.023027843311610764,0.02740011439625656,0.02740011439625656,0.011374381089274133,0.01692993664482969,0.02783954661563523,0.02276392802000063
138,0.023027843311610764,0.02740011439625656,0.02740011439625656,0.019707714422607468,0.030818825533718577,0.02783954661563523,0.0214141681307401
292,0.023027843311610764,0.02740011439625656,0.02740011439625656,0.019707714422607468,0.02526326997816302,0.02783954661563523,0.022081465154644184
326,0.023027843311610764,0.02740011439625656,0.02740011439625656,0.0280410477559408,0.022485492200385242,0.024438186071417543,0.02148999733800193
358,0.023027843311610764,0.02740011439625656,0.02740011439625656,0.019707714422607468,0.02526326997816302,0.02783954661563523,0.02148999733800193
363,0.023027843311610764,0.02740011439625656,0.02740011439625656,0.019707714422607468,0.02526326997816302,0.031240907159852914,0.021611324069620852
409,0.023027843311610764,0.02740011439625656,0.02740011439625656,0.0280410477559408,0.03915215886705191,0.021036825527199855,0.02148999733800193
419,0.023027843311610764,0.02740011439625656,0.02740011439625656,0.019707714422607468,0.014152158867051911,0.02783954661563523,0.022278621093524936
422,0.023027843311610764,0.02740011439625656,0.02740011439625656,0.011374381089274133,0.01692993664482969,0.017635464982982168,0.02353738593407127
475,0.023027843311610764,0.02740011439625656,0.02740011439625656,0.019707714422607468,0.019707714422607468,0.044846349336723663,0.022142128520453646
522,0.023027843311610764,0.02740011439625656,0.02740011439625656,0.019707714422607468,0.0280410477559408,0.024438186071417543,0.0214141681307401
523,0.023027843311610764,0.02740011439625656,0.02740011439625656,0.0280410477559408,0.02526326997816302,0.02783954661563523,0.021535494862359023
525,0.023027843311610764,0.02740011439625656,0.02740011439625656,0.036374381089274134,0.0280410477559408,0.031240907159852914,0.021641655752525583
547,0.023027843311610764,0.02740011439625656,0.02740011439625656,0.044707714422607465,0.0280410477559408,0.02783954661563523,0.021611324069620852
715,0.023027843311610764,0.02740011439625656,0.02740011439625656,0.044707714422607465,0.030818825533718577,0.024438186071417543,0.02159615822816849
720,0.023027843311610764,0.02740011439625656,0.02740011439625656,0.044707714422607465,0.036374381089274134,0.02783954661563523,0.021626489911073216
729,0.023027843311610764,0.02740011439625656,0.02740011439625656,0.0280410477559408,0.0280410477559408,0.04144498879250598,0.021565826545263754
813,0.023027843311610764,0.02740011439625656,0.02740011439625656,0.019707714422607468,0.019707714422607468,0.031240907159852914,0.02155066070381139
902,0.023027843311610764,0.02740011439625656,0.02740011439625656,0.0280410477559408,0.02526326997816302,0.031240907159852914,0.021762982484144506
975,0.023027843311610764,0.02740011439625656,0.02740011439625656,0.011374381089274133,0.022485492200385242,0.02783954661563523,0.022415113666596223
035,0.022989940595249423,0.026768402456900903,0.026768402456900903,0.036374381089274134,0.02526326997816302,0.04144498879250598,0.021626489911073216
102,0.022989940595249423,0.026768402456900903,0.026768402456900903,0.0280410477559408,0.022485492200385242,0.017635464982982168,0.02188430921576343
115,0.022989940595249423,0.026768402456900903,0.026768402456900903,0.0280410477559408,0.02526326997816302,0.01423410443876448,0.021778148325596873
127,0.022989940595249423,0.026768402456900903,0.026768402456900903,0.0280410477559408,0.02526326997816302,0.02783954661563523,0.021611324069620852
169,0.022989940595249423,0.026768402456900903,0.026768402456900903,0.036374381089274134,0.030818825533718577,0.034642267704070605,0.021671987435430314
174,0.022989940595249423,0.026768402456900903,0.026768402456900903,0.019707714422607468,0.030818825533718577,0.031240907159852914,0.022005635947382356
189,0.022989940595249423,0.026768402456900903,0.026768402456900903,0.036374381089274134,0.0280410477559408,0.031240907159852914,0.02155066070381139
206,0.022989940595249423,0.026768402456900903,0.026768402456900903,0.019707714422607468,0.022485492200385242,0.021036825527199855,0.02199047010592999
224,0.022989940595249423,0.026768402456900903,0.026768402456900903,0.036374381089274134,0.02526326997816302,0.034642267704070605,0.021429333972192464
244,0.022989940595249423,0.026768402456900903,0.026768402456900903,0.011374381089274133,0.02526326997816302,0.02783954661563523,0.02232411861788203
254,0.022989940595249423,0.026768402456900903,0.026768402456900903,0.0280410477559408,0.02526326997816302,0.021036825527199855,0.02182364584995397
274,0.022989940595249423,0.026768402456900903,0.026768402456900903,0.019707714422607468,0.014152158867051911,0.034642267704070605,0.02199047010592999
296,0.022989940595249423,0.026768402456900903,0.026768402456900903,0.019707714422607468,0.0280410477559408,0.024438186071417543,0.021929806740120527
341,0.022989940595249423,0.026768402456900903,0.026768402456900903,0.019707714422607468,0.02526326997816302,0.021036825527199855,0.022187626044810744
396,0.022989940595249423,0.026768402456900903,0.026768402456900903,0.019707714422607468,0.022485492200385242,0.024438186071417543,0.022278621093524936
492,0.022989940595249423,0.026768402456900903,0.026768402456900903,0.011374381089274133,0.02526326997816302,0.024438186071417543,0.022506108715310415
559,0.022989940595249423,0.026768402456900903,0.026768402456900903,0.0280410477559408,0.019707714422607468,0.031240907159852914,0.022051133471739454
606,0.022989940595249423,0.026768402456900903,0.026768402456900903,0.0530410477559408,0.03915215886705191,0.02783954661563523,0.021535494862359023
620,0.022989940595249423,0.026768402456900903,0.026768402456900903,0.019707714422607468,0.02526326997816302,0.024438186071417543,0.021869143374311065
647,0.022989940595249423,0.026768402456900903,0.026768402456900903,0.0280410477559408,0.0280410477559408,0.010832743894546793,0.021611324069620852
665,0.022989940595249423,0.026768402456900903,0.026768402456900903,0.036374381089274134,0.02526326997816302,0.024438186071417543,0.02144449981364483
669,0.022989940595249423,0.026768402456900903,0.026768402456900903,0.019707714422607468,0.0280410477559408,0.031240907159852914,0.022051133471739454
710,0.022989940595249423,0.026768402456900903,0.026768402456900903,0.0280410477559408,0.022485492200385242,0.017635464982982168,0.021793314167049237
727,0.022989940595249423,0.026768402456900903,0.026768402456900903,0.036374381089274134,0.030818825533718577,0.01423410443876448,0.0218539775328587
761,0.022989940595249423,0.026768402456900903,0.026768402456900903,0.036374381089274134,0.022485492200385242,0.034642267704070605,0.021520329020906656
766,0.022989940595249423,0.026768402456900903,0.026768402456900903,0.011374381089274133,0.014152158867051911,0.017635464982982168,0.023309898312285787
814,0.022989940595249423,0.026768402456900903,0.026768402456900903,0.011374381089274133,0.019707714422607468,0.031240907159852914,0.023127908214857402
957,0.022989940595249423,0.026768402456900903,0.026768402456900903,0.019707714422607468,0.030818825533718577,0.04144498879250598,0.02168715327688268
032,0.022952037878888085,0.02613669051754525,0.02613669051754525,0.019707714422607468,0.022485492200385242,0.024438186071417543,0.021747816642692142
049,0.022952037878888085,0.02613669051754525,0.02613669051754525,0.011374381089274133,0.01692993664482969,0.024438186071417543,0.023127908214857402
111,0.022952037878888085,0.02613669051754525,0.02613669051754525,0.036374381089274134,0.0280410477559408,0.024438186071417543,0.021641655752525583
139,0.022952037878888085,0.02613669051754525,0.02613669051754525,0.019707714422607468,0.014152158867051911,0.021036825527199855,0.022278621093524936
158,0.022952037878888085,0.02613669051754525,0.02613669051754525,0.019707714422607468,0.019707714422607468,0.01423410443876448,0.021914640898668163
166,0.022952037878888085,0.02613669051754525,0.02613669051754525,0.0280410477559408,0.022485492200385242,0.024438186071417543,0.021762982484144506
191,0.022952037878888085,0.02613669051754525,0.02613669051754525,0.0280410477559408,0.03359660331149635,0.021036825527199855,0.021671987435430314
208,0.022952037878888085,0.02613669051754525,0.02613669051754525,0.0280410477559408,0.0280410477559408,0.024438186071417543,0.021399002289287733
217,0.022952037878888085,0.02613669051754525,0.02613669051754525,0.044707714422607465,0.0280410477559408,0.02783954661563523,0.02155066070381139
239,0.022952037878888085,0.02613669051754525,0.02613669051754525,0.011374381089274133,0.022485492200385242,0.044846349336723663,0.022733596337095898
250,0.022952037878888085,0.02613669051754525,0.02613669051754525,0.06970771442260747,0.04192993664482969,0.017635464982982168,0.0214141681307401
289,0.022952037878888085,0.02613669051754525,0.02613669051754525,0.011374381089274133,0.01692993664482969,0.02783954661563523,0.02306724484904794
299,0.022952037878888085,0.02613669051754525,0.02613669051754525,0.0530410477559408,0.0280410477559408,0.024438186071417543,0.021429333972192464
314,0.022952037878888085,0.02613669051754525,0.02613669051754525,0.044707714422607465,0.0280410477559408,0.021036825527199855,0.02168715327688268
318,0.022952037878888085,0.02613669051754525,0.02613669051754525,0.0280410477559408,0.02526326997816302,0.02783954661563523,0.02155066070381139
336,0.022952037878888085,0.02613669051754525,0.02613669051754525,0.019707714422607468,0.022485492200385242,0.031240907159852914,0.02212696267900128
349,0.022952037878888085,0.02613669051754525,0.02613669051754525,0.036374381089274134,0.022485492200385242,0.024438186071417543,0.021505163179454292
380,0.022952037878888085,0.02613669051754525,0.02613669051754525,0.011374381089274133,0.01692993664482969,0.02783954661563523,0.0231734057392145
391,0.022952037878888085,0.02613669051754525,0.02613669051754525,0.019707714422607468,0.030818825533718577,0.01423410443876448,0.021535494862359023
394,0.022952037878888085,0.02613669051754525,0.02613669051754525,0.036374381089274134,0.030818825533718577,0.021036825527199855,0.021429333972192464
395,0.022952037878888085,0.02613669051754525,0.02613669051754525,0.019707714422607468,0.02526326997816302,0.031240907159852914,0.02221795772771547
417,0.022952037878888085,0.02613669051754525,0.02613669051754525,0.036374381089274134,0.030818825533718577,0.021036825527199855,0.021429333972192464
447,0.022952037878888085,0.02613669051754525,0.02613669051754525,0.036374381089274134,0.02526326997816302,0.02783954661563523,0.0218539775328587
450,0.022952037878888085,0.02613669051754525,0.02613669051754525,0.011374381089274133,0.019707714422607468,0.031240907159852914,0.023127908214857402
481,0.022952037878888085,0.02613669051754525,0.02613669051754525,0.036374381089274134,0.0280410477559408,0.02783954661563523,0.021429333972192464
509,0.022952037878888085,0.02613669051754525,0.02613669051754525,0.036374381089274134,0.036374381089274134,0.01423410443876448,0.0214141681307401
543,0.022952037878888085,0.02613669051754525,0.02613669051754525,0.011374381089274133,0.01692993664482969,0.024438186071417543,0.022339284459334394
561,0.022952037878888085,0.02613669051754525,0.02613669051754525,0.036374381089274134,0.0280410477559408,0.031240907159852914,0.02144449981364483
568,0.022952037878888085,0.02613669051754525,0.02613669051754525,0.036374381089274134,0.030818825533718577,0.017635464982982168,0.021505163179454292
586,0.022952037878888085,0.02613669051754525,0.02613669051754525,0.0280410477559408,0.02526326997816302,0.024438186071417543,0.021732650801239775
594,0.022952037878888085,0.02613669051754525,0.02613669051754525,0.0280410477559408,0.02526326997816302,0.017635464982982168,0.02138383644783537
597,0.022952037878888085,0.02613669051754525,0.02613669051754525,0.0280410477559408,0.02526326997816302,0.024438186071417543,0.021656821593977946
605,0.022952037878888085,0.02613669051754525,0.02613669051754525,0.036374381089274134,0.030818825533718577,0.024438186071417543,0.021914640898668163
625,0.022952037878888085,0.02613669051754525,0.02613669051754525,0.011374381089274133,0.0280410477559408,0.024438186071417543,0.022308952776429667
634,0.022952037878888085,0.02613669051754525,0.02613669051754525,0.036374381089274134,0.022485492200385242,0.021036825527199855,0.021520329020906656
686,0.022952037878888085,0.02613669051754525,0.02613669051754525,0.036374381089274134,0.02526326997816302,0.02783954661563523,0.021565826545263754
688,0.022952037878888085,0.02613669051754525,0.02613669051754525,0.036374381089274134,0.030818825533718577,0.024438186071417543,0.02155066070381139
742,0.022952037878888085,0.02613669051754525,0.02613669051754525,0.0280410477559408,0.030818825533718577,0.031240907159852914,0.021702319118335044
791,0.022952037878888085,0.02613669051754525,0.02613669051754525,0.019707714422607468,0.0280410477559408,0.021036825527199855,0.021762982484144506
794,0.022952037878888085,0.02613669051754525,0.02613669051754525,0.0280410477559408,0.02526326997816302,0.017635464982982168,0.021535494862359023
829,0.022952037878888085,0.02613669051754525,0.02613669051754525,0.011374381089274133,0.022485492200385242,0.031240907159852914,0.02276392802000063
844,0.022952037878888085,0.02613669051754525,0.02613669051754525,0.0280410477559408,0.02526326997816302,0.02783954661563523,0.022081465154644184
847,0.022952037878888085,0.02613669051754525,0.02613669051754525,0.019707714422607468,0.022485492200385242,0.024438186071417543,0.0214141681307401
869,0.022952037878888085,0.02613669051754525,0.02613669051754525,0.0280410477559408,0.0280410477559408,0.017635464982982168,0.021762982484144506
879,0.022952037878888085,0.02613669051754525,0.02613669051754525,0.036374381089274134,0.02526326997816302,0.021036825527199855,0.02144449981364483
910,0.022952037878888085,0.02613669051754525,0.02613669051754525,0.011374381089274133,0.01692993664482969,0.024438186071417543,0.022794259702905363
937,0.022952037878888085,0.02613669051754525,0.02613669051754525,0.019707714422607468,0.01692993664482969,0.02783954661563523,0.022202791886263108
960,0.022952037878888085,0.02613669051754525,0.02613669051754525,0.019707714422607468,0.019707714422607468,0.021036825527199855,0.021520329020906656
003,0.022914135162526744,0.025504978578189598,0.025504978578189598,0.036374381089274134,0.02526326997816302,0.017635464982982168,0.02144449981364483
014,0.022914135162526744,0.025504978578189598,0.025504978578189598,0.019707714422607468,0.02526326997816302,0.024438186071417543,0.02158099238671612
023,0.022914135162526744,0.025504978578189598,0.025504978578189598,0.0280410477559408,0.022485492200385242,0.024438186071417543,0.02147483149654956
031,0.022914135162526744,0.025504978578189598,0.025504978578189598,0.0280410477559408,0.0280410477559408,0.02783954661563523,0.02148999733800193
046,0.022914135162526744,0.025504978578189598,0.025504978578189598,0.0280410477559408,0.0280410477559408,0.01423410443876448,0.021914640898668163
063,0.022914135162526744,0.025504978578189598,0.025504978578189598,0.0280410477559408,0.02526326997816302,0.021036825527199855,0.022066299313191817
087,0.022914135162526744,0.025504978578189598,0.025504978578189598,0.011374381089274133,0.022485492200385242,0.02783954661563523,0.022581937922572244
097,0.022914135162526744,0.025504978578189598,0.025504978578189598,0.0280410477559408,0.030818825533718577,0.02783954661563523,0.0218539775328587
121,0.022914135162526744,0.025504978578189598,0.025504978578189598,0.019707714422607468,0.019707714422607468,0.017635464982982168,0.02171748495978741
131,0.022914135162526744,0.025504978578189598,0.025504978578189598,0.036374381089274134,0.02526326997816302,0.024438186071417543,0.021429333972192464
133,0.022914135162526744,0.025504978578189598,0.025504978578189598,0.0280410477559408,0.022485492200385242,0.034642267704070605,0.02159615822816849
147,0.022914135162526744,0.025504978578189598,0.025504978578189598,0.019707714422607468,0.022485492200385242,0.024438186071417543,0.022096630996096548
168,0.022914135162526744,0.025504978578189598,0.025504978578189598,0.019707714422607468,0.0280410477559408,0.017635464982982168,0.0214141681307401
246,0.022914135162526744,0.025504978578189598,0.025504978578189598,0.019707714422607468,0.030818825533718577,0.024438186071417543,0.022066299313191817
278,0.022914135162526744,0.025504978578189598,0.025504978578189598,0.044707714422607465,0.030818825533718577,0.017635464982982168,0.021611324069620852
310,0.022914135162526744,0.025504978578189598,0.025504978578189598,0.036374381089274134,0.02526326997816302,0.024438186071417543,0.021702319118335044
313,0.022914135162526744,0.025504978578189598,0.025504978578189598,0.0280410477559408,0.0280410477559408,0.024438186071417543,0.0214141681307401
344,0.022914135162526744,0.025504978578189598,0.025504978578189598,0.019707714422607468,0.022485492200385242,0.02783954661563523,0.021641655752525583
398,0.022914135162526744,0.025504978578189598,0.025504978578189598,0.019707714422607468,0.03359660331149635,0.021036825527199855,0.021762982484144506
407,0.022914135162526744,0.025504978578189598,0.025504978578189598,0.011374381089274133,0.022485492200385242,0.03804362824828829,0.022339284459334394
431,0.022914135162526744,0.025504978578189598,0.025504978578189598,0.011374381089274133,0.014152158867051911,0.02783954661563523,0.023704210190047294
435,0.022914135162526744,0.025504978578189598,0.025504978578189598,0.019707714422607468,0.022485492200385242,0.017635464982982168,0.021869143374311065
442,0.022914135162526744,0.025504978578189598,0.025504978578189598,0.036374381089274134,0.03359660331149635,0.024438186071417543,0.021702319118335044
482,0.022914135162526744,0.025504978578189598,0.025504978578189598,0.019707714422607468,0.014152158867051911,0.021036825527199855,0.02215729436190601
508,0.022914135162526744,0.025504978578189598,0.025504978578189598,0.036374381089274134,0.019707714422607468,0.02783954661563523,0.021641655752525583
517,0.022914135162526744,0.025504978578189598,0.025504978578189598,0.044707714422607465,0.0280410477559408,0.024438186071417543,0.02147483149654956
582,0.022914135162526744,0.025504978578189598,0.025504978578189598,0.0280410477559408,0.030818825533718577,0.03804362824828829,0.02196013842302526
595,0.022914135162526744,0.025504978578189598,0.025504978578189598,0.044707714422607465,0.0280410477559408,0.01423410443876448,0.0214141681307401
603,0.022914135162526744,0.025504978578189598,0.025504978578189598,0.0280410477559408,0.022485492200385242,0.034642267704070605,0.021459665655097198
609,0.022914135162526744,0.025504978578189598,0.025504978578189598,0.011374381089274133,0.019707714422607468,0.02783954661563523,0.023264400787928692
618,0.022914135162526744,0.025504978578189598,0.025504978578189598,0.036374381089274134,0.03359660331149635,0.021036825527199855,0.02171748495978741
627,0.022914135162526744,0.025504978578189598,0.025504978578189598,0.0280410477559408,0.030818825533718577,0.044846349336723663,0.021869143374311065
666,0.022914135162526744,0.025504978578189598,0.025504978578189598,0.0280410477559408,0.03359660331149635,0.021036825527199855,0.021899475057215796
672,0.022914135162526744,0.025504978578189598,0.025504978578189598,0.011374381089274133,0.022485492200385242,0.024438186071417543,0.022824591385810094
704,0.022914135162526744,0.025504978578189598,0.025504978578189598,0.044707714422607465,0.030818825533718577,0.034642267704070605,0.02148999733800193
740,0.022914135162526744,0.025504978578189598,0.025504978578189598,0.036374381089274134,0.03359660331149635,0.017635464982982168,0.021505163179454292
775,0.022914135162526744,0.025504978578189598,0.025504978578189598,0.0280410477559408,0.01692993664482969,0.01423410443876448,0.021793314167049237
841,0.022914135162526744,0.025504978578189598,0.025504978578189598,0.019707714422607468,0.019707714422607468,0.021036825527199855,0.021702319118335044
851,0.022914135162526744,0.025504978578189598,0.025504978578189598,0.036374381089274134,0.03915215886705191,0.03804362824828829,0.0214141681307401
877,0.022914135162526744,0.025504978578189598,0.025504978578189598,0.019707714422607468,0.02526326997816302,0.02783954661563523,0.021778148325596873
883,0.022914135162526744,0.025504978578189598,0.025504978578189598,0.019707714422607468,0.022485492200385242,0.031240907159852914,0.022081465154644184
889,0.022914135162526744,0.025504978578189598,0.025504978578189598,0.0280410477559408,0.022485492200385242,0.02783954661563523,0.02199047010592999
908,0.022914135162526744,0.025504978578189598,0.025504978578189598,0.0280410477559408,0.01692993664482969,0.021036825527199855,0.021626489911073216
917,0.022914135162526744,0.025504978578189598,0.025504978578189598,0.036374381089274134,0.036374381089274134,0.017635464982982168,0.02147483149654956
936,0.022914135162526744,0.025504978578189598,0.025504978578189598,0.0280410477559408,0.022485492200385242,0.021036825527199855,0.021671987435430314
966,0.022914135162526744,0.025504978578189598,0.025504978578189598,0.011374381089274133,0.011374381089274133,0.02783954661563523,0.02411368790926116
989,0.022914135162526744,0.025504978578189598,0.025504978578189598,0.019707714422607468,0.0280410477559408,0.024438186071417543,0.022096630996096548
990,0.022914135162526744,0.025504978578189598,0.025504978578189598,0.019707714422607468,0.01692993664482969,0.01423410443876448,0.02223312356916784
021,0.022876232446165407,0.024873266638833942,0.024873266638833942,0.019707714422607468,0.02526326997816302,0.017635464982982168,0.02171748495978741
022,0.022876232446165407,0.024873266638833942,0.024873266638833942,0.019707714422607468,0.02526326997816302,0.031240907159852914,0.022278621093524936
034,0.022876232446165407,0.024873266638833942,0.024873266638833942,0.036374381089274134,0.022485492200385242,0.02783954661563523,0.021626489911073216
074,0.022876232446165407,0.024873266638833942,0.024873266638833942,0.0530410477559408,0.030818825533718577,0.031240907159852914,0.021535494862359023
098,0.022876232446165407,0.024873266638833942,0.024873266638833942,0.0280410477559408,0.0280410477559408,0.02783954661563523,0.021929806740120527
106,0.022876232446165407,0.024873266638833942,0.024873266638833942,0.0280410477559408,0.030818825533718577,0.01423410443876448,0.021626489911073216
109,0.022876232446165407,0.024873266638833942,0.024873266638833942,0.0280410477559408,0.02526326997816302,0.024438186071417543,0.021520329020906656
125,0.022876232446165407,0.024873266638833942,0.024873266638833942,0.019707714422607468,0.0280410477559408,0.024438186071417543,0.021778148325596873
196,0.022876232446165407,0.024873266638833942,0.024873266638833942,0.019707714422607468,0.0280410477559408,0.02783954661563523,0.021671987435430314
197,0.022876232446165407,0.024873266638833942,0.024873266638833942,0.019707714422607468,0.022485492200385242,0.017635464982982168,0.021914640898668163
200,0.022876232446165407,0.024873266638833942,0.024873266638833942,0.0280410477559408,0.022485492200385242,0.024438186071417543,0.02158099238671612
202,0.022876232446165407,0.024873266638833942,0.024873266638833942,0.0280410477559408,0.030818825533718577,0.021036825527199855,0.02171748495978741
205,0.022876232446165407,0.024873266638833942,0.024873266638833942,0.019707714422607468,0.0280410477559408,0.024438186071417543,0.021869143374311065
215,0.022876232446165407,0.024873266638833942,0.024873266638833942,0.019707714422607468,0.019707714422607468,0.024438186071417543,0.02226345525207257
225,0.022876232446165407,0.024873266638833942,0.024873266638833942,0.011374381089274133,0.019707714422607468,0.021036825527199855,0.022445445349500954
228,0.022876232446165407,0.024873266638833942,0.024873266638833942,0.019707714422607468,0.019707714422607468,0.017635464982982168,0.021929806740120527
236,0.022876232446165407,0.024873266638833942,0.024873266638833942,0.044707714422607465,0.0280410477559408,0.021036825527199855,0.021459665655097198
252,0.022876232446165407,0.024873266638833942,0.024873266638833942,0.044707714422607465,0.03359660331149635,0.034642267704070605,0.021505163179454292
277,0.022876232446165407,0.024873266638833942,0.024873266638833942,0.0280410477559408,0.030818825533718577,0.02783954661563523,0.021732650801239775
291,0.022876232446165407,0.024873266638833942,0.024873266638833942,0.019707714422607468,0.022485492200385242,0.017635464982982168,0.022172460203358377
312,0.022876232446165407,0.024873266638833942,0.024873266638833942,0.011374381089274133,0.019707714422607468,0.021036825527199855,0.022551606239667513
316,0.022876232446165407,0.024873266638833942,0.024873266638833942,0.019707714422607468,0.022485492200385242,0.034642267704070605,0.021702319118335044
330,0.022876232446165407,0.024873266638833942,0.024873266638833942,0.011374381089274133,0.030818825533718577,0.024438186071417543,0.022612269605476975
365,0.022876232446165407,0.024873266638833942,0.024873266638833942,0.0280410477559408,0.02526326997816302,0.017635464982982168,0.021505163179454292
379,0.022876232446165407,0.024873266638833942,0.024873266638833942,0.0280410477559408,0.022485492200385242,0.021036825527199855,0.021702319118335044
382,0.022876232446165407,0.024873266638833942,0.024873266638833942,0.019707714422607468,0.0280410477559408,0.021036825527199855,0.022096630996096548
389,0.022876232446165407,0.024873266638833942,0.024873266638833942,0.0280410477559408,0.019707714422607468,0.02783954661563523,0.022142128520453646
390,0.022876232446165407,0.024873266638833942,0.024873266638833942,0.019707714422607468,0.01692993664482969,0.02783954661563523,0.02196013842302526
427,0.022876232446165407,0.024873266638833942,0.024873266638833942,0.0280410477559408,0.019707714422607468,0.017635464982982168,0.021520329020906656
461,0.022876232446165407,0.024873266638833942,0.024873266638833942,0.019707714422607468,0.02526326997816302,0.024438186071417543,0.022035967630287086
463,0.022876232446165407,0.024873266638833942,0.024873266638833942,0.036374381089274134,0.022485492200385242,0.02783954661563523,0.02182364584995397
472,0.022876232446165407,0.024873266638833942,0.024873266638833942,0.036374381089274134,0.02526326997816302,0.024438186071417543,0.021399002289287733
485,0.022876232446165407,0.024873266638833942,0.024873266638833942,0.019707714422607468,0.02526326997816302,0.02783954661563523,0.022035967630287086
490,0.022876232446165407,0.024873266638833942,0.024873266638833942,0.011374381089274133,0.036374381089274134,0.024438186071417543,0.02267293297128644
510,0.022876232446165407,0.024873266638833942,0.024873266638833942,0.036374381089274134,0.036374381089274134,0.024438186071417543,0.02148999733800193
601,0.022876232446165407,0.024873266638833942,0.024873266638833942,0.0280410477559408,0.022485492200385242,0.01423410443876448,0.021399002289287733
610,0.022876232446165407,0.024873266638833942,0.024873266638833942,0.036374381089274134,0.022485492200385242,0.017635464982982168,0.021778148325596873
636,0.022876232446165407,0.024873266638833942,0.024873266638833942,0.019707714422607468,0.0280410477559408,0.017635464982982168,0.02159615822816849
651,0.022876232446165407,0.024873266638833942,0.024873266638833942,0.044707714422607465,0.030818825533718577,0.02783954661563523,0.021641655752525583
652,0.022876232446165407,0.024873266638833942,0.024873266638833942,0.019707714422607468,0.02526326997816302,0.024438186071417543,0.021762982484144506
679,0.022876232446165407,0.024873266638833942,0.024873266638833942,0.0280410477559408,0.019707714422607468,0.02783954661563523,0.021429333972192464
683,0.022876232446165407,0.024873266638833942,0.024873266638833942,0.036374381089274134,0.022485492200385242,0.02783954661563523,0.021505163179454292
690,0.022876232446165407,0.024873266638833942,0.024873266638833942,0.0280410477559408,0.02526326997816302,0.02783954661563523,0.02188430921576343
705,0.022876232446165407,0.024873266638833942,0.024873266638833942,0.0280410477559408,0.02526326997816302,0.021036825527199855,0.021762982484144506
718,0.022876232446165407,0.024873266638833942,0.024873266638833942,0.036374381089274134,0.02526326997816302,0.01423410443876448,0.021611324069620852
735,0.022876232446165407,0.024873266638833942,0.024873266638833942,0.036374381089274134,0.022485492200385242,0.021036825527199855,0.02144449981364483
736,0.022876232446165407,0.024873266638833942,0.024873266638833942,0.011374381089274133,0.019707714422607468,0.01423410443876448,0.023582883458428367
745,0.022876232446165407,0.024873266638833942,0.024873266638833942,0.011374381089274133,0.01692993664482969,0.02783954661563523,0.022475777032405685
752,0.022876232446165407,0.024873266638833942,0.024873266638833942,0.019707714422607468,0.030818825533718577,0.017635464982982168,0.021975304264477625
764,0.022876232446165407,0.024873266638833942,0.024873266638833942,0.036374381089274134,0.030818825533718577,0.031240907159852914,0.021808480008501604
781,0.022876232446165407,0.024873266638833942,0.024873266638833942,0.019707714422607468,0.022485492200385242,0.02783954661563523,0.02155066070381139
799,0.022876232446165407,0.024873266638833942,0.024873266638833942,0.0280410477559408,0.0280410477559408,0.034642267704070605,0.02221795772771547
816,0.022876232446165407,0.024873266638833942,0.024873266638833942,0.011374381089274133,0.014152158867051911,0.01423410443876448,0.022384781983691492
832,0.022876232446165407,0.024873266638833942,0.024873266638833942,0.0280410477559408,0.022485492200385242,0.02783954661563523,0.022142128520453646
850,0.022876232446165407,0.024873266638833942,0.024873266638833942,0.0280410477559408,0.022485492200385242,0.02783954661563523,0.02171748495978741
853,0.022876232446165407,0.024873266638833942,0.024873266638833942,0.0280410477559408,0.022485492200385242,0.024438186071417543,0.021520329020906656
876,0.022876232446165407,0.024873266638833942,0.024873266638833942,0.019707714422607468,0.02526326997816302,0.034642267704070605,0.02144449981364483
887,0.022876232446165407,0.024873266638833942,0.024873266638833942,0.0280410477559408,0.0280410477559408,0.010832743894546793,0.021747816642692142
903,0.022876232446165407,0.024873266638833942,0.024873266638833942,0.0280410477559408,0.019707714422607468,0.01423410443876448,0.02148999733800193
904,0.022876232446165407,0.024873266638833942,0.024873266638833942,0.0280410477559408,0.019707714422607468,0.017635464982982168,0.021808480008501604
913,0.022876232446165407,0.024873266638833942,0.024873266638833942,0.0280410477559408,0.030818825533718577,0.02783954661563523,0.02138383644783537
927,0.022876232446165407,0.024873266638833942,0.024873266638833942,0.011374381089274133,0.03915215886705191,0.021036825527199855,0.022490942873858052
933,0.022876232446165407,0.024873266638833942,0.024873266638833942,0.0280410477559408,0.0280410477559408,0.024438186071417543,0.021459665655097198
938,0.022876232446165407,0.024873266638833942,0.024873266638833942,0.044707714422607465,0.03359660331149635,0.021036825527199855,0.02148999733800193
946,0.022876232446165407,0.024873266638833942,0.024873266638833942,0.036374381089274134,0.019707714422607468,0.024438186071417543,0.021611324069620852
950,0.022876232446165407,0.024873266638833942,0.024873266638833942,0.036374381089274134,0.022485492200385242,0.01423410443876448,0.02159615822816849
959,0.022876232446165407,0.024873266638833942,0.024873266638833942,0.0280410477559408,0.030818825533718577,0.01423410443876448,0.021535494862359023
982,0.022876232446165407,0.024873266638833942,0.024873266638833942,0.036374381089274134,0.03359660331149635,0.021036825527199855,0.021656821593977946
028,0.022838329729804065,0.02424155469947829,0.02424155469947829,0.019707714422607468,0.019707714422607468,0.01423410443876448,0.021611324069620852
075,0.022838329729804065,0.02424155469947829,0.02424155469947829,0.0280410477559408,0.02526326997816302,0.01423410443876448,0.021914640898668163
104,0.022838329729804065,0.02424155469947829,0.02424155469947829,0.019707714422607468,0.02526326997816302,0.021036825527199855,0.02221795772771547
116,0.022838329729804065,0.02424155469947829,0.02424155469947829,0.011374381089274133,0.02526326997816302,0.017635464982982168,0.022688098812738804
159,0.022838329729804065,0.02424155469947829,0.02424155469947829,0.011374381089274133,0.01692993664482969,0.017635464982982168,0.023522220092618906
162,0.022838329729804065,0.02424155469947829,0.02424155469947829,0.044707714422607465,0.030818825533718577,0.031240907159852914,0.021656821593977946
190,0.022838329729804065,0.02424155469947829,0.02424155469947829,0.019707714422607468,0.01692993664482969,0.017635464982982168,0.022187626044810744
248,0.022838329729804065,0.02424155469947829,0.02424155469947829,0.019707714422607468,0.014152158867051911,0.031240907159852914,0.02226345525207257
264,0.022838329729804065,0.02424155469947829,0.02424155469947829,0.0280410477559408,0.019707714422607468,0.021036825527199855,0.02138383644783537
279,0.022838329729804065,0.02424155469947829,0.02424155469947829,0.019707714422607468,0.01692993664482969,0.021036825527199855,0.022248289410620202
297,0.022838329729804065,0.02424155469947829,0.02424155469947829,0.011374381089274133,0.014152158867051911,0.024438186071417543,0.02290042059307192
300,0.022838329729804065,0.02424155469947829,0.02424155469947829,0.036374381089274134,0.022485492200385242,0.021036825527199855,0.021505163179454292
302,0.022838329729804065,0.02424155469947829,0.02424155469947829,0.011374381089274133,0.01692993664482969,0.03804362824828829,0.022824591385810094
306,0.022838329729804065,0.02424155469947829,0.02424155469947829,0.011374381089274133,0.01692993664482969,0.024438186071417543,0.022551606239667513
307,0.022838329729804065,0.02424155469947829,0.02424155469947829,0.011374381089274133,0.0280410477559408,0.01423410443876448,0.02239994782514386
308,0.022838329729804065,0.02424155469947829,0.02424155469947829,0.019707714422607468,0.019707714422607468,0.024438186071417543,0.021656821593977946
317,0.022838329729804065,0.02424155469947829,0.02424155469947829,0.019707714422607468,0.022485492200385242,0.017635464982982168,0.021641655752525583
335,0.022838329729804065,0.02424155469947829,0.02424155469947829,0.0280410477559408,0.022485492200385242,0.02783954661563523,0.02147483149654956
360,0.022838329729804065,0.02424155469947829,0.02424155469947829,0.0280410477559408,0.036374381089274134,0.021036825527199855,0.021641655752525583
368,0.022838329729804065,0.02424155469947829,0.02424155469947829,0.0280410477559408,0.0280410477559408,0.01423410443876448,0.021838811691406335
381,0.022838329729804065,0.02424155469947829,0.02424155469947829,0.036374381089274134,0.03359660331149635,0.02783954661563523,0.021611324069620852
452,0.022838329729804065,0.02424155469947829,0.02424155469947829,0.044707714422607465,0.030818825533718577,0.021036825527199855,0.02138383644783537
460,0.022838329729804065,0.02424155469947829,0.02424155469947829,0.019707714422607468,0.02526326997816302,0.02783954661563523,0.02138383644783537
488,0.022838329729804065,0.02424155469947829,0.02424155469947829,0.011374381089274133,0.011374381089274133,0.021036825527199855,0.02411368790926116
542,0.022838329729804065,0.02424155469947829,0.02424155469947829,0.044707714422607465,0.02526326997816302,0.031240907159852914,0.02171748495978741
557,0.022838329729804065,0.02424155469947829,0.02424155469947829,0.0280410477559408,0.01692993664482969,0.01423410443876448,0.021762982484144506
565,0.022838329729804065,0.02424155469947829,0.02424155469947829,0.011374381089274133,0.01692993664482969,0.017635464982982168,0.023097576531952674
566,0.022838329729804065,0.02424155469947829,0.02424155469947829,0.019707714422607468,0.022485492200385242,0.017635464982982168,0.02215729436190601
569,0.022838329729804065,0.02424155469947829,0.02424155469947829,0.019707714422607468,0.03359660331149635,0.021036825527199855,0.021641655752525583
577,0.022838329729804065,0.02424155469947829,0.02424155469947829,0.011374381089274133,0.01692993664482969,0.017635464982982168,0.022809425544357727
579,0.022838329729804065,0.02424155469947829,0.02424155469947829,0.019707714422607468,0.022485492200385242,0.021036825527199855,0.022202791886263108
602,0.022838329729804065,0.02424155469947829,0.02424155469947829,0.011374381089274133,0.01692993664482969,0.017635464982982168,0.02239994782514386
615,0.022838329729804065,0.02424155469947829,0.02424155469947829,0.019707714422607468,0.022485492200385242,0.024438186071417543,0.021869143374311065
632,0.022838329729804065,0.02424155469947829,0.02424155469947829,0.019707714422607468,0.019707714422607468,0.024438186071417543,0.02211179683754891
659,0.022838329729804065,0.02424155469947829,0.02424155469947829,0.011374381089274133,0.019707714422607468,0.02783954661563523,0.02246061119095332
689,0.022838329729804065,0.02424155469947829,0.02424155469947829,0.0280410477559408,0.022485492200385242,0.024438186071417543,0.021732650801239775
694,0.022838329729804065,0.02424155469947829,0.02424155469947829,0.011374381089274133,0.019707714422607468,0.03804362824828829,0.022703264654191167
703,0.022838329729804065,0.02424155469947829,0.02424155469947829,0.011374381089274133,0.022485492200385242,0.017635464982982168,0.022506108715310415
707,0.022838329729804065,0.02424155469947829,0.02424155469947829,0.0280410477559408,0.019707714422607468,0.02783954661563523,0.021505163179454292
726,0.022838329729804065,0.02424155469947829,0.02424155469947829,0.036374381089274134,0.02526326997816302,0.021036825527199855,0.0218539775328587
751,0.022838329729804065,0.02424155469947829,0.02424155469947829,0.044707714422607465,0.02526326997816302,0.024438186071417543,0.02138383644783537
755,0.022838329729804065,0.02424155469947829,0.02424155469947829,0.019707714422607468,0.02526326997816302,0.024438186071417543,0.02221795772771547
768,0.022838329729804065,0.02424155469947829,0.02424155469947829,0.011374381089274133,0.019707714422607468,0.024438186071417543,0.022627435446929342
801,0.022838329729804065,0.02424155469947829,0.02424155469947829,0.0280410477559408,0.022485492200385242,0.024438186071417543,0.021747816642692142
804,0.022838329729804065,0.02424155469947829,0.02424155469947829,0.011374381089274133,0.02526326997816302,0.02783954661563523,0.022369616142239125
817,0.022838329729804065,0.02424155469947829,0.02424155469947829,0.061374381089274135,0.036374381089274134,0.02783954661563523,0.021429333972192464
819,0.022838329729804065,0.02424155469947829,0.02424155469947829,0.0280410477559408,0.022485492200385242,0.021036825527199855,0.021520329020906656
840,0.022838329729804065,0.02424155469947829,0.02424155469947829,0.0280410477559408,0.0280410477559408,0.024438186071417543,0.0218539775328587
866,0.022838329729804065,0.02424155469947829,0.02424155469947829,0.019707714422607468,0.022485492200385242,0.021036825527199855,0.021899475057215796
888,0.022838329729804065,0.02424155469947829,0.02424155469947829,0.036374381089274134,0.0280410477559408,0.010832743894546793,0.021520329020906656
891,0.022838329729804065,0.02424155469947829,0.02424155469947829,0.019707714422607468,0.030818825533718577,0.031240907159852914,0.021671987435430314
894,0.022838329729804065,0.02424155469947829,0.02424155469947829,0.0530410477559408,0.02526326997816302,0.021036825527199855,0.021505163179454292
897,0.022838329729804065,0.02424155469947829,0.02424155469947829,0.036374381089274134,0.0280410477559408,0.024438186071417543,0.021535494862359023
921,0.022838329729804065,0.02424155469947829,0.02424155469947829,0.019707714422607468,0.030818825533718577,0.01423410443876448,0.02226345525207257
923,0.022838329729804065,0.02424155469947829,0.02424155469947829,0.0280410477559408,0.022485492200385242,0.024438186071417543,0.021793314167049237
930,0.022838329729804065,0.02424155469947829,0.02424155469947829,0.036374381089274134,0.03359660331149635,0.024438186071417543,0.02155066070381139
939,0.022838329729804065,0.02424155469947829,0.02424155469947829,0.036374381089274134,0.030818825533718577,0.024438186071417543,0.02138383644783537
943,0.022838329729804065,0.02424155469947829,0.02424155469947829,0.019707714422607468,0.019707714422607468,0.021036825527199855,0.021778148325596873
956,0.022838329729804065,0.02424155469947829,0.02424155469947829,0.019707714422607468,0.022485492200385242,0.034642267704070605,0.02211179683754891
996,0.022838329729804065,0.02424155469947829,0.02424155469947829,0.019707714422607468,0.01692993664482969,0.017635464982982168,0.022202791886263108
997,0.022838329729804065,0.02424155469947829,0.02424155469947829,0.011374381089274133,0.022485492200385242,0.021036825527199855,0.022870088910167192
001,0.022800427013442728,0.023609842760122634,0.023609842760122634,0.036374381089274134,0.03359660331149635,0.03804362824828829,0.02147483149654956
009,0.022800427013442728,0.023609842760122634,0.023609842760122634,0.0280410477559408,0.019707714422607468,0.02783954661563523,0.021732650801239775
036,0.022800427013442728,0.023609842760122634,0.023609842760122634,0.011374381089274133,0.01692993664482969,0.024438186071417543,0.022521274556762783
047,0.022800427013442728,0.023609842760122634,0.023609842760122634,0.011374381089274133,0.014152158867051911,0.017635464982982168,0.02303691316614321
054,0.022800427013442728,0.023609842760122634,0.023609842760122634,0.019707714422607468,0.0280410477559408,0.021036825527199855,0.021641655752525583
076,0.022800427013442728,0.023609842760122634,0.023609842760122634,0.011374381089274133,0.022485492200385242,0.017635464982982168,0.02232411861788203
099,0.022800427013442728,0.023609842760122634,0.023609842760122634,0.011374381089274133,0.019707714422607468,0.017635464982982168,0.022642601288381706
140,0.022800427013442728,0.023609842760122634,0.023609842760122634,0.011374381089274133,0.019707714422607468,0.02783954661563523,0.022445445349500954
173,0.022800427013442728,0.023609842760122634,0.023609842760122634,0.019707714422607468,0.030818825533718577,0.01423410443876448,0.021429333972192464
175,0.022800427013442728,0.023609842760122634,0.023609842760122634,0.011374381089274133,0.022485492200385242,0.021036825527199855,0.022521274556762783
183,0.022800427013442728,0.023609842760122634,0.023609842760122634,0.044707714422607465,0.0280410477559408,0.017635464982982168,0.021565826545263754
216,0.022800427013442728,0.023609842760122634,0.023609842760122634,0.011374381089274133,0.014152158867051911,0.021036825527199855,0.02306724484904794
240,0.022800427013442728,0.023609842760122634,0.023609842760122634,0.0280410477559408,0.022485492200385242,0.024438186071417543,0.021626489911073216
251,0.022800427013442728,0.023609842760122634,0.023609842760122634,0.0280410477559408,0.030818825533718577,0.021036825527199855,0.021565826545263754
260,0.022800427013442728,0.023609842760122634,0.023609842760122634,0.019707714422607468,0.019707714422607468,0.034642267704070605,0.02182364584995397
263,0.022800427013442728,0.023609842760122634,0.023609842760122634,0.019707714422607468,0.022485492200385242,0.021036825527199855,0.02202080178883472
266,0.022800427013442728,0.023609842760122634,0.023609842760122634,0.019707714422607468,0.01692993664482969,0.010832743894546793,0.021565826545263754
270,0.022800427013442728,0.023609842760122634,0.023609842760122634,0.0280410477559408,0.0280410477559408,0.021036825527199855,0.02144449981364483
322,0.022800427013442728,0.023609842760122634,0.023609842760122634,0.044707714422607465,0.022485492200385242,0.034642267704070605,0.021429333972192464
339,0.022800427013442728,0.023609842760122634,0.023609842760122634,0.019707714422607468,0.019707714422607468,0.02783954661563523,0.022005635947382356
353,0.022800427013442728,0.023609842760122634,0.023609842760122634,0.019707714422607468,0.022485492200385242,0.031240907159852914,0.02199047010592999
375,0.022800427013442728,0.023609842760122634,0.023609842760122634,0.019707714422607468,0.019707714422607468,0.031240907159852914,0.02199047010592999
392,0.022800427013442728,0.023609842760122634,0.023609842760122634,0.0280410477559408,0.0280410477559408,0.031240907159852914,0.021899475057215796
402,0.022800427013442728,0.023609842760122634,0.023609842760122634,0.0280410477559408,0.022485492200385242,0.01423410443876448,0.021535494862359023
413,0.022800427013442728,0.023609842760122634,0.023609842760122634,0.0280410477559408,0.0280410477559408,0.02783954661563523,0.02211179683754891
423,0.022800427013442728,0.023609842760122634,0.023609842760122634,0.019707714422607468,0.019707714422607468,0.024438186071417543,0.02212696267900128
471,0.022800427013442728,0.023609842760122634,0.023609842760122634,0.019707714422607468,0.019707714422607468,0.02783954661563523,0.02212696267900128
489,0.022800427013442728,0.023609842760122634,0.023609842760122634,0.011374381089274133,0.019707714422607468,0.021036825527199855,0.02253644039821515
545,0.022800427013442728,0.023609842760122634,0.023609842760122634,0.019707714422607468,0.022485492200385242,0.02783954661563523,0.021944972581572894
546,0.022800427013442728,0.023609842760122634,0.023609842760122634,0.019707714422607468,0.022485492200385242,0.02783954661563523,0.021914640898668163
560,0.022800427013442728,0.023609842760122634,0.023609842760122634,0.011374381089274133,0.01692993664482969,0.034642267704070605,0.022915586434524286
583,0.022800427013442728,0.023609842760122634,0.023609842760122634,0.0280410477559408,0.030818825533718577,0.024438186071417543,0.021399002289287733
654,0.022800427013442728,0.023609842760122634,0.023609842760122634,0.0280410477559408,0.030818825533718577,0.017635464982982168,0.02144449981364483
668,0.022800427013442728,0.023609842760122634,0.023609842760122634,0.011374381089274133,0.019707714422607468,0.021036825527199855,0.023461556726809447
695,0.022800427013442728,0.023609842760122634,0.023609842760122634,0.019707714422607468,0.0280410477559408,0.031240907159852914,0.021778148325596873
696,0.022800427013442728,0.023609842760122634,0.023609842760122634,0.0280410477559408,0.02526326997816302,0.021036825527199855,0.02159615822816849
698,0.022800427013442728,0.023609842760122634,0.023609842760122634,0.019707714422607468,0.014152158867051911,0.021036825527199855,0.021914640898668163
709,0.022800427013442728,0.023609842760122634,0.023609842760122634,0.011374381089274133,0.019707714422607468,0.01423410443876448,0.023446390885357077
711,0.022800427013442728,0.023609842760122634,0.023609842760122634,0.011374381089274133,0.022485492200385242,0.024438186071417543,0.0222937869349773
712,0.022800427013442728,0.023609842760122634,0.023609842760122634,0.011374381089274133,0.02526326997816302,0.021036825527199855,0.02239994782514386
716,0.022800427013442728,0.023609842760122634,0.023609842760122634,0.011374381089274133,0.019707714422607468,0.021036825527199855,0.022839757227262458
748,0.022800427013442728,0.023609842760122634,0.023609842760122634,0.036374381089274134,0.0280410477559408,0.021036825527199855,0.021808480008501604
758,0.022800427013442728,0.023609842760122634,0.023609842760122634,0.011374381089274133,0.022485492200385242,0.024438186071417543,0.02243027950804859
765,0.022800427013442728,0.023609842760122634,0.023609842760122634,0.019707714422607468,0.022485492200385242,0.024438186071417543,0.021944972581572894
772,0.022800427013442728,0.023609842760122634,0.023609842760122634,0.036374381089274134,0.022485492200385242,0.024438186071417543,0.02138383644783537
779,0.022800427013442728,0.023609842760122634,0.023609842760122634,0.011374381089274133,0.0280410477559408,0.03804362824828829,0.023234069105023965
788,0.022800427013442728,0.023609842760122634,0.023609842760122634,0.0280410477559408,0.030818825533718577,0.024438186071417543,0.021793314167049237
800,0.022800427013442728,0.023609842760122634,0.023609842760122634,0.019707714422607468,0.014152158867051911,0.024438186071417543,0.021611324069620852
810,0.022800427013442728,0.023609842760122634,0.023609842760122634,0.0280410477559408,0.022485492200385242,0.01423410443876448,0.02138383644783537
823,0.022800427013442728,0.023609842760122634,0.023609842760122634,0.036374381089274134,0.030818825533718577,0.024438186071417543,0.02147483149654956
857,0.022800427013442728,0.023609842760122634,0.023609842760122634,0.011374381089274133,0.022485492200385242,0.024438186071417543,0.02239994782514386
858,0.022800427013442728,0.023609842760122634,0.023609842760122634,0.0280410477559408,0.022485492200385242,0.021036825527199855,0.021869143374311065
862,0.022800427013442728,0.023609842760122634,0.023609842760122634,0.0280410477559408,0.022485492200385242,0.024438186071417543,0.02171748495978741
882,0.022800427013442728,0.023609842760122634,0.023609842760122634,0.011374381089274133,0.011374381089274133,0.034642267704070605,0.02411368790926116
892,0.022800427013442728,0.023609842760122634,0.023609842760122634,0.036374381089274134,0.02526326997816302,0.02783954661563523,0.02182364584995397
895,0.022800427013442728,0.023609842760122634,0.023609842760122634,0.0280410477559408,0.03359660331149635,0.021036825527199855,0.021429333972192464
900,0.022800427013442728,0.023609842760122634,0.023609842760122634,0.019707714422607468,0.02526326997816302,0.02783954661563523,0.022187626044810744
909,0.022800427013442728,0.023609842760122634,0.023609842760122634,0.036374381089274134,0.0280410477559408,0.024438186071417543,0.021626489911073216
942,0.022800427013442728,0.023609842760122634,0.023609842760122634,0.019707714422607468,0.022485492200385242,0.01423410443876448,0.02155066070381139
949,0.022800427013442728,0.023609842760122634,0.023609842760122634,0.0280410477559408,0.02526326997816302,0.021036825527199855,0.021702319118335044
980,0.022800427013442728,0.023609842760122634,0.023609842760122634,0.019707714422607468,0.022485492200385242,0.021036825527199855,0.022187626044810744
986,0.022800427013442728,0.023609842760122634,0.023609842760122634,0.0280410477559408,0.022485492200385242,0.021036825527199855,0.021778148325596873
010,0.022762524297081387,0.02297813082076698,0.02297813082076698,0.019707714422607468,0.022485492200385242,0.017635464982982168,0.021929806740120527
030,0.022762524297081387,0.02297813082076698,0.02297813082076698,0.019707714422607468,0.022485492200385242,0.021036825527199855,0.021975304264477625
044,0.022762524297081387,0.02297813082076698,0.02297813082076698,0.019707714422607468,0.02526326997816302,0.02783954661563523,0.021641655752525583
045,0.022762524297081387,0.02297813082076698,0.02297813082076698,0.019707714422607468,0.019707714422607468,0.024438186071417543,0.021914640898668163
050,0.022762524297081387,0.02297813082076698,0.02297813082076698,0.0280410477559408,0.019707714422607468,0.02783954661563523,0.021656821593977946
071,0.022762524297081387,0.02297813082076698,0.02297813082076698,0.019707714422607468,0.01692993664482969,0.034642267704070605,0.022187626044810744
086,0.022762524297081387,0.02297813082076698,0.02297813082076698,0.036374381089274134,0.022485492200385242,0.021036825527199855,0.02147483149654956
100,0.022762524297081387,0.02297813082076698,0.02297813082076698,0.019707714422607468,0.022485492200385242,0.024438186071417543,0.022081465154644184
143,0.022762524297081387,0.02297813082076698,0.02297813082076698,0.019707714422607468,0.019707714422607468,0.017635464982982168,0.02202080178883472
150,0.022762524297081387,0.02297813082076698,0.02297813082076698,0.019707714422607468,0.03915215886705191,0.02783954661563523,0.02211179683754891
161,0.022762524297081387,0.02297813082076698,0.02297813082076698,0.011374381089274133,0.014152158867051911,0.024438186071417543,0.023507054251166542
164,0.022762524297081387,0.02297813082076698,0.02297813082076698,0.019707714422607468,0.019707714422607468,0.021036825527199855,0.021899475057215796
177,0.022762524297081387,0.02297813082076698,0.02297813082076698,0.0280410477559408,0.02526326997816302,0.017635464982982168,0.02188430921576343
195,0.022762524297081387,0.02297813082076698,0.02297813082076698,0.019707714422607468,0.019707714422607468,0.024438186071417543,0.021656821593977946
229,0.022762524297081387,0.02297813082076698,0.02297813082076698,0.0280410477559408,0.02526326997816302,0.017635464982982168,0.02159615822816849
257,0.022762524297081387,0.02297813082076698,0.02297813082076698,0.011374381089274133,0.01692993664482969,0.02783954661563523,0.02246061119095332
265,0.022762524297081387,0.02297813082076698,0.02297813082076698,0.0280410477559408,0.03359660331149635,0.03804362824828829,0.021565826545263754
273,0.022762524297081387,0.02297813082076698,0.02297813082076698,0.019707714422607468,0.019707714422607468,0.021036825527199855,0.02171748495978741
283,0.022762524297081387,0.02297813082076698,0.02297813082076698,0.0280410477559408,0.02526326997816302,0.024438186071417543,0.021611324069620852
301,0.022762524297081387,0.02297813082076698,0.02297813082076698,0.011374381089274133,0.014152158867051911,0.02783954661563523,0.023855868604570948
305,0.022762524297081387,0.02297813082076698,0.02297813082076698,0.019707714422607468,0.02526326997816302,0.024438186071417543,0.021838811691406335
311,0.022762524297081387,0.02297813082076698,0.02297813082076698,0.011374381089274133,0.01692993664482969,0.021036825527199855,0.023112742373405038
321,0.022762524297081387,0.02297813082076698,0.02297813082076698,0.0280410477559408,0.0280410477559408,0.031240907159852914,0.02144449981364483
331,0.022762524297081387,0.02297813082076698,0.02297813082076698,0.019707714422607468,0.030818825533718577,0.02783954661563523,0.02211179683754891
399,0.022762524297081387,0.02297813082076698,0.02297813082076698,0.011374381089274133,0.01692993664482969,0.02783954661563523,0.022612269605476975
403,0.022762524297081387,0.02297813082076698,0.02297813082076698,0.0280410477559408,0.01692993664482969,0.017635464982982168,0.021399002289287733
428,0.022762524297081387,0.02297813082076698,0.02297813082076698,0.019707714422607468,0.0280410477559408,0.024438186071417543,0.021808480008501604
430,0.022762524297081387,0.02297813082076698,0.02297813082076698,0.011374381089274133,0.02526326997816302,0.021036825527199855,0.022703264654191167
438,0.022762524297081387,0.02297813082076698,0.02297813082076698,0.036374381089274134,0.030818825533718577,0.031240907159852914,0.02144449981364483
449,0.022762524297081387,0.02297813082076698,0.02297813082076698,0.019707714422607468,0.019707714422607468,0.024438186071417543,0.021914640898668163
468,0.022762524297081387,0.02297813082076698,0.02297813082076698,0.0280410477559408,0.02526326997816302,0.02783954661563523,0.021535494862359023
478,0.022762524297081387,0.02297813082076698,0.02297813082076698,0.011374381089274133,0.014152158867051911,0.017635464982982168,0.02353738593407127
503,0.022762524297081387,0.02297813082076698,0.02297813082076698,0.0280410477559408,0.0280410477559408,0.034642267704070605,0.02211179683754891
519,0.022762524297081387,0.02297813082076698,0.02297813082076698,0.019707714422607468,0.022485492200385242,0.024438186071417543,0.021399002289287733
540,0.022762524297081387,0.02297813082076698,0.02297813082076698,0.019707714422607468,0.02526326997816302,0.021036825527199855,0.021656821593977946
553,0.022762524297081387,0.02297813082076698,0.02297813082076698,0.0280410477559408,0.019707714422607468,0.024438186071417543,0.021565826545263754
558,0.022762524297081387,0.02297813082076698,0.02297813082076698,0.036374381089274134,0.019707714422607468,0.034642267704070605,0.021611324069620852
562,0.022762524297081387,0.02297813082076698,0.02297813082076698,0.0280410477559408,0.036374381089274134,0.024438186071417543,0.021626489911073216
563,0.022762524297081387,0.02297813082076698,0.02297813082076698,0.011374381089274133,0.022485492200385242,0.021036825527199855,0.022627435446929342
616,0.022762524297081387,0.02297813082076698,0.02297813082076698,0.0280410477559408,0.019707714422607468,0.02783954661563523,0.02147483149654956
621,0.022762524297081387,0.02297813082076698,0.02297813082076698,0.019707714422607468,0.0280410477559408,0.017635464982982168,0.02159615822816849
630,0.022762524297081387,0.02297813082076698,0.02297813082076698,0.011374381089274133,0.019707714422607468,0.021036825527199855,0.022339284459334394
641,0.022762524297081387,0.02297813082076698,0.02297813082076698,0.0280410477559408,0.019707714422607468,0.021036825527199855,0.021899475057215796
642,0.022762524297081387,0.02297813082076698,0.02297813082076698,0.019707714422607468,0.022485492200385242,0.024438186071417543,0.021732650801239775
675,0.022762524297081387,0.02297813082076698,0.02297813082076698,0.011374381089274133,0.01692993664482969,0.031240907159852914,0.022490942873858052
682,0.022762524297081387,0.02297813082076698,0.02297813082076698,0.019707714422607468,0.022485492200385242,0.017635464982982168,0.02182364584995397
692,0.022762524297081387,0.02297813082076698,0.02297813082076698,0.019707714422607468,0.01692993664482969,0.01423410443876448,0.021929806740120527
728,0.022762524297081387,0.02297813082076698,0.02297813082076698,0.011374381089274133,0.0280410477559408,0.024438186071417543,0.022597103764024608
731,0.022762524297081387,0.02297813082076698,0.02297813082076698,0.019707714422607468,0.030818825533718577,0.024438186071417543,0.022142128520453646
760,0.022762524297081387,0.02297813082076698,0.02297813082076698,0.044707714422607465,0.03359660331149635,0.021036825527199855,0.021762982484144506
770,0.022762524297081387,0.02297813082076698,0.02297813082076698,0.0280410477559408,0.019707714422607468,0.02783954661563523,0.02158099238671612
776,0.022762524297081387,0.02297813082076698,0.02297813082076698,0.0280410477559408,0.02526326997816302,0.021036825527199855,0.021565826545263754
778,0.022762524297081387,0.02297813082076698,0.02297813082076698,0.011374381089274133,0.022485492200385242,0.021036825527199855,0.022597103764024608
782,0.022762524297081387,0.02297813082076698,0.02297813082076698,0.011374381089274133,0.014152158867051911,0.021036825527199855,0.02408335622635643
787,0.022762524297081387,0.02297813082076698,0.02297813082076698,0.019707714422607468,0.02526326997816302,0.01423410443876448,0.021671987435430314
809,0.022762524297081387,0.02297813082076698,0.02297813082076698,0.019707714422607468,0.022485492200385242,0.031240907159852914,0.0218539775328587
820,0.022762524297081387,0.02297813082076698,0.02297813082076698,0.011374381089274133,0.02526326997816302,0.021036825527199855,0.02285492306871482
824,0.022762524297081387,0.02297813082076698,0.02297813082076698,0.0280410477559408,0.01692993664482969,0.017635464982982168,0.021671987435430314
833,0.022762524297081387,0.02297813082076698,0.02297813082076698,0.044707714422607465,0.0280410477559408,0.017635464982982168,0.021565826545263754
835,0.022762524297081387,0.02297813082076698,0.02297813082076698,0.011374381089274133,0.01692993664482969,0.01423410443876448,0.022718430495643534
859,0.022762524297081387,0.02297813082076698,0.02297813082076698,0.011374381089274133,0.014152158867051911,0.034642267704070605,0.02381037108021385
880,0.022762524297081387,0.02297813082076698,0.02297813082076698,0.019707714422607468,0.022485492200385242,0.017635464982982168,0.022187626044810744
905,0.022762524297081387,0.02297813082076698,0.02297813082076698,0.011374381089274133,0.011374381089274133,0.02783954661563523,0.02411368790926116
915,0.022762524297081387,0.02297813082076698,0.02297813082076698,0.0280410477559408,0.019707714422607468,0.031240907159852914,0.021732650801239775
918,0.022762524297081387,0.02297813082076698,0.02297813082076698,0.036374381089274134,0.019707714422607468,0.017635464982982168,0.021429333972192464
928,0.022762524297081387,0.02297813082076698,0.02297813082076698,0.019707714422607468,0.019707714422607468,0.02783954661563523,0.021611324069620852
931,0.022762524297081387,0.02297813082076698,0.02297813082076698,0.019707714422607468,0.022485492200385242,0.021036825527199855,0.021747816642692142
941,0.022762524297081387,0.02297813082076698,0.02297813082076698,0.036374381089274134,0.030818825533718577,0.021036825527199855,0.021399002289287733
948,0.022762524297081387,0.02297813082076698,0.02297813082076698,0.0280410477559408,0.0280410477559408,0.02783954661563523,0.02155066070381139
962,0.022762524297081387,0.02297813082076698,0.02297813082076698,0.036374381089274134,0.022485492200385242,0.01423410443876448,0.02155066070381139
963,0.022762524297081387,0.02297813082076698,0.02297813082076698,0.019707714422607468,0.02526326997816302,0.021036825527199855,0.02171748495978741
965,0.022762524297081387,0.02297813082076698,0.02297813082076698,0.036374381089274134,0.019707714422607468,0.02783954661563523,0.02188430921576343
969,0.022762524297081387,0.02297813082076698,0.02297813082076698,0.019707714422607468,0.01692993664482969,0.024438186071417543,0.021793314167049237
974,0.022762524297081387,0.02297813082076698,0.02297813082076698,0.011374381089274133,0.019707714422607468,0.024438186071417543,0.022945918117429014
005,0.02272462158072005,0.022346418881411326,0.022346418881411326,0.019707714422607468,0.01692993664482969,0.02783954661563523,0.021671987435430314
012,0.02272462158072005,0.022346418881411326,0.022346418881411326,0.0280410477559408,0.02526326997816302,0.021036825527199855,0.021808480008501604
020,0.02272462158072005,0.022346418881411326,0.022346418881411326,0.0280410477559408,0.019707714422607468,0.031240907159852914,0.021459665655097198
043,0.02272462158072005,0.022346418881411326,0.022346418881411326,0.019707714422607468,0.022485492200385242,0.01423410443876448,0.021399002289287733
064,0.02272462158072005,0.022346418881411326,0.022346418881411326,0.0280410477559408,0.02526326997816302,0.02783954661563523,0.021520329020906656
093,0.02272462158072005,0.022346418881411326,0.022346418881411326,0.011374381089274133,0.014152158867051911,0.021036825527199855,0.023112742373405038
110,0.02272462158072005,0.022346418881411326,0.022346418881411326,0.011374381089274133,0.019707714422607468,0.024438186071417543,0.02232411861788203
113,0.02272462158072005,0.022346418881411326,0.022346418881411326,0.036374381089274134,0.030818825533718577,0.017635464982982168,0.021747816642692142
123,0.02272462158072005,0.022346418881411326,0.022346418881411326,0.0280410477559408,0.030818825533718577,0.021036825527199855,0.021838811691406335
129,0.02272462158072005,0.022346418881411326,0.022346418881411326,0.019707714422607468,0.014152158867051911,0.021036825527199855,0.02138383644783537
136,0.02272462158072005,0.022346418881411326,0.022346418881411326,0.0280410477559408,0.022485492200385242,0.021036825527199855,0.021505163179454292
153,0.02272462158072005,0.022346418881411326,0.022346418881411326,0.011374381089274133,0.011374381089274133,0.021036825527199855,0.02411368790926116
157,0.02272462158072005,0.022346418881411326,0.022346418881411326,0.011374381089274133,0.019707714422607468,0.01423410443876448,0.022945918117429014
165,0.02272462158072005,0.022346418881411326,0.022346418881411326,0.036374381089274134,0.02526326997816302,0.017635464982982168,0.02196013842302526
219,0.02272462158072005,0.022346418881411326,0.022346418881411326,0.019707714422607468,0.01692993664482969,0.031240907159852914,0.022172460203358377
233,0.02272462158072005,0.022346418881411326,0.022346418881411326,0.019707714422607468,0.022485492200385242,0.017635464982982168,0.021611324069620852
249,0.02272462158072005,0.022346418881411326,0.022346418881411326,0.019707714422607468,0.030818825533718577,0.02783954661563523,0.02182364584995397
262,0.02272462158072005,0.022346418881411326,0.022346418881411326,0.019707714422607468,0.01692993664482969,0.02783954661563523,0.022202791886263108
268,0.02272462158072005,0.022346418881411326,0.022346418881411326,0.0280410477559408,0.019707714422607468,0.024438186071417543,0.021520329020906656
309,0.02272462158072005,0.022346418881411326,0.022346418881411326,0.011374381089274133,0.014152158867051911,0.017635464982982168,0.023795205238761486
332,0.02272462158072005,0.022346418881411326,0.022346418881411326,0.0280410477559408,0.022485492200385242,0.02783954661563523,0.02168715327688268
340,0.02272462158072005,0.022346418881411326,0.022346418881411326,0.019707714422607468,0.022485492200385242,0.024438186071417543,0.022172460203358377
348,0.02272462158072005,0.022346418881411326,0.022346418881411326,0.019707714422607468,0.01692993664482969,0.017635464982982168,0.021914640898668163
352,0.02272462158072005,0.022346418881411326,0.022346418881411326,0.011374381089274133,0.0280410477559408,0.017635464982982168,0.02256677208111988
371,0.02272462158072005,0.022346418881411326,0.022346418881411326,0.019707714422607468,0.01692993664482969,0.017635464982982168,0.021459665655097198
383,0.02272462158072005,0.022346418881411326,0.022346418881411326,0.036374381089274134,0.02526326997816302,0.017635464982982168,0.02144449981364483
388,0.02272462158072005,0.022346418881411326,0.022346418881411326,0.019707714422607468,0.022485492200385242,0.024438186071417543,0.021399002289287733
414,0.02272462158072005,0.022346418881411326,0.022346418881411326,0.019707714422607468,0.019707714422607468,0.01423410443876448,0.022142128520453646
424,0.02272462158072005,0.022346418881411326,0.022346418881411326,0.019707714422607468,0.022485492200385242,0.024438186071417543,0.021838811691406335
429,0.02272462158072005,0.022346418881411326,0.022346418881411326,0.019707714422607468,0.019707714422607468,0.02783954661563523,0.02221795772771547
437,0.02272462158072005,0.022346418881411326,0.022346418881411326,0.019707714422607468,0.022485492200385242,0.02783954661563523,0.021535494862359023
441,0.02272462158072005,0.022346418881411326,0.022346418881411326,0.0280410477559408,0.02526326997816302,0.02783954661563523,0.021838811691406335
444,0.02272462158072005,0.022346418881411326,0.022346418881411326,0.011374381089274133,0.019707714422607468,0.02783954661563523,0.022733596337095898
446,0.02272462158072005,0.022346418881411326,0.022346418881411326,0.0280410477559408,0.02526326997816302,0.021036825527199855,0.0214141681307401
454,0.02272462158072005,0.022346418881411326,0.022346418881411326,0.011374381089274133,0.01692993664482969,0.024438186071417543,0.022597103764024608
462,0.02272462158072005,0.022346418881411326,0.022346418881411326,0.011374381089274133,0.011374381089274133,0.034642267704070605,0.02411368790926116
465,0.02272462158072005,0.022346418881411326,0.022346418881411326,0.011374381089274133,0.019707714422607468,0.04144498879250598,0.0222937869349773
495,0.02272462158072005,0.022346418881411326,0.022346418881411326,0.036374381089274134,0.030818825533718577,0.03804362824828829,0.02168715327688268
518,0.02272462158072005,0.022346418881411326,0.022346418881411326,0.036374381089274134,0.022485492200385242,0.024438186071417543,0.02138383644783537
536,0.02272462158072005,0.022346418881411326,0.022346418881411326,0.011374381089274133,0.0280410477559408,0.02783954661563523,0.0222937869349773
539,0.02272462158072005,0.022346418881411326,0.022346418881411326,0.019707714422607468,0.014152158867051911,0.017635464982982168,0.021520329020906656
564,0.02272462158072005,0.022346418881411326,0.022346418881411326,0.011374381089274133,0.02526326997816302,0.02783954661563523,0.02243027950804859
567,0.02272462158072005,0.022346418881411326,0.022346418881411326,0.019707714422607468,0.022485492200385242,0.021036825527199855,0.021702319118335044
578,0.02272462158072005,0.022346418881411326,0.022346418881411326,0.019707714422607468,0.01692993664482969,0.024438186071417543,0.02168715327688268
585,0.02272462158072005,0.022346418881411326,0.022346418881411326,0.019707714422607468,0.02526326997816302,0.010832743894546793,0.021929806740120527
589,0.02272462158072005,0.022346418881411326,0.022346418881411326,0.011374381089274133,0.01692993664482969,0.021036825527199855,0.02347672256826181
614,0.02272462158072005,0.022346418881411326,0.022346418881411326,0.0280410477559408,0.022485492200385242,0.02783954661563523,0.02158099238671612
623,0.02272462158072005,0.022346418881411326,0.022346418881411326,0.011374381089274133,0.01692993664482969,0.024438186071417543,0.02253644039821515
631,0.02272462158072005,0.022346418881411326,0.022346418881411326,0.019707714422607468,0.030818825533718577,0.031240907159852914,0.02159615822816849
638,0.02272462158072005,0.022346418881411326,0.022346418881411326,0.044707714422607465,0.036374381089274134,0.017635464982982168,0.021429333972192464
643,0.02272462158072005,0.022346418881411326,0.022346418881411326,0.036374381089274134,0.022485492200385242,0.021036825527199855,0.021429333972192464
649,0.02272462158072005,0.022346418881411326,0.022346418881411326,0.036374381089274134,0.02526326997816302,0.021036825527199855,0.021459665655097198
663,0.02272462158072005,0.022346418881411326,0.022346418881411326,0.019707714422607468,0.01692993664482969,0.024438186071417543,0.022066299313191817
671,0.02272462158072005,0.022346418881411326,0.022346418881411326,0.019707714422607468,0.01692993664482969,0.017635464982982168,0.02221795772771547
681,0.02272462158072005,0.022346418881411326,0.022346418881411326,0.011374381089274133,0.014152158867051911,0.017635464982982168,0.023097576531952674
687,0.02272462158072005,0.022346418881411326,0.022346418881411326,0.044707714422607465,0.030818825533718577,0.02783954661563523,0.02144449981364483
737,0.02272462158072005,0.022346418881411326,0.022346418881411326,0.036374381089274134,0.0280410477559408,0.017635464982982168,0.021399002289287733
738,0.02272462158072005,0.022346418881411326,0.022346418881411326,0.0280410477559408,0.019707714422607468,0.031240907159852914,0.021626489911073216
741,0.02272462158072005,0.022346418881411326,0.022346418881411326,0.019707714422607468,0.019707714422607468,0.01423410443876448,0.021808480008501604
746,0.02272462158072005,0.022346418881411326,0.022346418881411326,0.0280410477559408,0.01692993664482969,0.031240907159852914,0.021459665655097198
753,0.02272462158072005,0.022346418881411326,0.022346418881411326,0.044707714422607465,0.030818825533718577,0.02783954661563523,0.02138383644783537
762,0.02272462158072005,0.022346418881411326,0.022346418881411326,0.019707714422607468,0.02526326997816302,0.024438186071417543,0.021459665655097198
769,0.02272462158072005,0.022346418881411326,0.022346418881411326,0.019707714422607468,0.022485492200385242,0.024438186071417543,0.021929806740120527
777,0.02272462158072005,0.022346418881411326,0.022346418881411326,0.036374381089274134,0.022485492200385242,0.021036825527199855,0.02138383644783537
793,0.02272462158072005,0.022346418881411326,0.022346418881411326,0.019707714422607468,0.022485492200385242,0.021036825527199855,0.02196013842302526
827,0.02272462158072005,0.022346418881411326,0.022346418881411326,0.036374381089274134,0.0280410477559408,0.024438186071417543,0.02158099238671612
852,0.02272462158072005,0.022346418881411326,0.022346418881411326,0.0280410477559408,0.02526326997816302,0.021036825527199855,0.02168715327688268
860,0.02272462158072005,0.022346418881411326,0.022346418881411326,0.019707714422607468,0.03359660331149635,0.024438186071417543,0.02211179683754891
873,0.02272462158072005,0.022346418881411326,0.022346418881411326,0.019707714422607468,0.014152158867051911,0.02783954661563523,0.021565826545263754
890,0.02272462158072005,0.022346418881411326,0.022346418881411326,0.0280410477559408,0.02526326997816302,0.021036825527199855,0.02202080178883472
920,0.02272462158072005,0.022346418881411326,0.022346418881411326,0.011374381089274133,0.01692993664482969,0.017635464982982168,0.02293075227597665
945,0.02272462158072005,0.022346418881411326,0.022346418881411326,0.019707714422607468,0.0280410477559408,0.02783954661563523,0.021975304264477625
951,0.02272462158072005,0.022346418881411326,0.022346418881411326,0.019707714422607468,0.022485492200385242,0.021036825527199855,0.022278621093524936
954,0.02272462158072005,0.022346418881411326,0.022346418881411326,0.0280410477559408,0.022485492200385242,0.01423410443876448,0.021565826545263754
955,0.02272462158072005,0.022346418881411326,0.022346418881411326,0.011374381089274133,0.019707714422607468,0.010832743894546793,0.022415113666596223
970,0.02272462158072005,0.022346418881411326,0.022346418881411326,0.011374381089274133,0.01692993664482969,0.01423410443876448,0.023582883458428367
972,0.02272462158072005,0.022346418881411326,0.022346418881411326,0.0280410477559408,0.0280410477559408,0.021036825527199855,0.022005635947382356
991,0.02272462158072005,0.022346418881411326,0.022346418881411326,0.011374381089274133,0.030818825533718577,0.017635464982982168,0.02320373742211923
992,0.02272462158072005,0.022346418881411326,0.022346418881411326,0.011374381089274133,0.022485492200385242,0.017635464982982168,0.022308952776429667
993,0.02272462158072005,0.022346418881411326,0.022346418881411326,0.019707714422607468,0.019707714422607468,0.021036825527199855,0.022051133471739454
994,0.02272462158072005,0.022346418881411326,0.022346418881411326,0.019707714422607468,0.019707714422607468,0.021036825527199855,0.021459665655097198
998,0.02272462158072005,0.022346418881411326,0.022346418881411326,0.0280410477559408,0.019707714422607468,0.01423410443876448,0.02148999733800193
018,0.02268671886435871,0.021714706942055673,0.021714706942055673,0.036374381089274134,0.019707714422607468,0.021036825527199855,0.021429333972192464
024,0.02268671886435871,0.021714706942055673,0.021714706942055673,0.019707714422607468,0.022485492200385242,0.02783954661563523,0.02148999733800193
025,0.02268671886435871,0.021714706942055673,0.021714706942055673,0.0280410477559408,0.02526326997816302,0.024438186071417543,0.021793314167049237
038,0.02268671886435871,0.021714706942055673,0.021714706942055673,0.019707714422607468,0.01692993664482969,0.021036825527199855,0.022081465154644184
065,0.02268671886435871,0.021714706942055673,0.021714706942055673,0.019707714422607468,0.022485492200385242,0.02783954661563523,0.022142128520453646
067,0.02268671886435871,0.021714706942055673,0.021714706942055673,0.011374381089274133,0.014152158867051911,0.010832743894546793,0.023355395836642884
089,0.02268671886435871,0.021714706942055673,0.021714706942055673,0.019707714422607468,0.01692993664482969,0.017635464982982168,0.022187626044810744
096,0.02268671886435871,0.021714706942055673,0.021714706942055673,0.019707714422607468,0.01692993664482969,0.024438186071417543,0.021535494862359023
108,0.02268671886435871,0.021714706942055673,0.021714706942055673,0.019707714422607468,0.01692993664482969,0.024438186071417543,0.02212696267900128
117,0.02268671886435871,0.021714706942055673,0.021714706942055673,0.0280410477559408,0.022485492200385242,0.024438186071417543,0.021838811691406335
120,0.02268671886435871,0.021714706942055673,0.021714706942055673,0.044707714422607465,0.03359660331149635,0.02783954661563523,0.0214141681307401
126,0.02268671886435871,0.021714706942055673,0.021714706942055673,0.019707714422607468,0.01692993664482969,0.021036825527199855,0.02158099238671612
128,0.02268671886435871,0.021714706942055673,0.021714706942055673,0.0280410477559408,0.02526326997816302,0.017635464982982168,0.02138383644783537
154,0.02268671886435871,0.021714706942055673,0.021714706942055673,0.0280410477559408,0.019707714422607468,0.02783954661563523,0.02158099238671612
155,0.02268671886435871,0.021714706942055673,0.021714706942055673,0.0280410477559408,0.0280410477559408,0.021036825527199855,0.02148999733800193
156,0.02268671886435871,0.021714706942055673,0.021714706942055673,0.011374381089274133,0.019707714422607468,0.02783954661563523,0.022642601288381706
163,0.02268671886435871,0.021714706942055673,0.021714706942055673,0.0280410477559408,0.022485492200385242,0.031240907159852914,0.02168715327688268
170,0.02268671886435871,0.021714706942055673,0.021714706942055673,0.044707714422607465,0.022485492200385242,0.024438186071417543,0.0214141681307401
172,0.02268671886435871,0.021714706942055673,0.021714706942055673,0.019707714422607468,0.01692993664482969,0.021036825527199855,0.021656821593977946
180,0.02268671886435871,0.021714706942055673,0.021714706942055673,0.019707714422607468,0.02526326997816302,0.017635464982982168,0.021732650801239775
187,0.02268671886435871,0.021714706942055673,0.021714706942055673,0.011374381089274133,0.014152158867051911,0.017635464982982168,0.022415113666596223
188,0.02268671886435871,0.021714706942055673,0.021714706942055673,0.036374381089274134,0.02526326997816302,0.01423410443876448,0.021656821593977946
198,0.02268671886435871,0.021714706942055673,0.021714706942055673,0.044707714422607465,0.03359660331149635,0.024438186071417543,0.02144449981364483
199,0.02268671886435871,0.021714706942055673,0.021714706942055673,0.019707714422607468,0.01692993664482969,0.024438186071417543,0.021429333972192464
201,0.02268671886435871,0.021714706942055673,0.021714706942055673,0.011374381089274133,0.01692993664482969,0.024438186071417543,0.02334022999519052
210,0.02268671886435871,0.021714706942055673,0.021714706942055673,0.011374381089274133,0.014152158867051911,0.02783954661563523,0.02285492306871482
212,0.02268671886435871,0.021714706942055673,0.021714706942055673,0.019707714422607468,0.02526326997816302,0.024438186071417543,0.02147483149654956
223,0.02268671886435871,0.021714706942055673,0.021714706942055673,0.019707714422607468,0.02526326997816302,0.017635464982982168,0.021793314167049237
232,0.02268671886435871,0.021714706942055673,0.021714706942055673,0.036374381089274134,0.0280410477559408,0.017635464982982168,0.02138383644783537
261,0.02268671886435871,0.021714706942055673,0.021714706942055673,0.019707714422607468,0.022485492200385242,0.024438186071417543,0.021808480008501604
272,0.02268671886435871,0.021714706942055673,0.021714706942055673,0.011374381089274133,0.019707714422607468,0.02783954661563523,0.023021747324690846
280,0.02268671886435871,0.021714706942055673,0.021714706942055673,0.019707714422607468,0.022485492200385242,0.017635464982982168,0.02223312356916784
286,0.02268671886435871,0.021714706942055673,0.021714706942055673,0.0280410477559408,0.02526326997816302,0.017635464982982168,0.021702319118335044
319,0.02268671886435871,0.021714706942055673,0.021714706942055673,0.0280410477559408,0.019707714422607468,0.021036825527199855,0.021975304264477625
325,0.02268671886435871,0.021714706942055673,0.021714706942055673,0.019707714422607468,0.022485492200385242,0.021036825527199855,0.021793314167049237
327,0.02268671886435871,0.021714706942055673,0.021714706942055673,0.036374381089274134,0.02526326997816302,0.01423410443876448,0.021702319118335044
329,0.02268671886435871,0.021714706942055673,0.021714706942055673,0.036374381089274134,0.030818825533718577,0.024438186071417543,0.02159615822816849
342,0.02268671886435871,0.021714706942055673,0.021714706942055673,0.011374381089274133,0.02526326997816302,0.017635464982982168,0.02246061119095332
346,0.02268671886435871,0.021714706942055673,0.021714706942055673,0.019707714422607468,0.019707714422607468,0.031240907159852914,0.022035967630287086
350,0.02268671886435871,0.021714706942055673,0.021714706942055673,0.036374381089274134,0.02526326997816302,0.017635464982982168,0.0214141681307401
355,0.02268671886435871,0.021714706942055673,0.021714706942055673,0.019707714422607468,0.03359660331149635,0.02783954661563523,0.02158099238671612
376,0.02268671886435871,0.021714706942055673,0.021714706942055673,0.0280410477559408,0.022485492200385242,0.017635464982982168,0.0214141681307401
384,0.02268671886435871,0.021714706942055673,0.021714706942055673,0.0280410477559408,0.03359660331149635,0.021036825527199855,0.021505163179454292
385,0.02268671886435871,0.021714706942055673,0.021714706942055673,0.019707714422607468,0.02526326997816302,0.01423410443876448,0.022081465154644184
393,0.02268671886435871,0.021714706942055673,0.021714706942055673,0.011374381089274133,0.022485492200385242,0.02783954661563523,0.022657767129834073
404,0.02268671886435871,0.021714706942055673,0.021714706942055673,0.019707714422607468,0.019707714422607468,0.021036825527199855,0.021535494862359023
405,0.02268671886435871,0.021714706942055673,0.021714706942055673,0.019707714422607468,0.022485492200385242,0.017635464982982168,0.021626489911073216
412,0.02268671886435871,0.021714706942055673,0.021714706942055673,0.0280410477559408,0.03359660331149635,0.017635464982982168,0.02188430921576343
416,0.02268671886435871,0.021714706942055673,0.021714706942055673,0.011374381089274133,0.01692993664482969,0.021036825527199855,0.022703264654191167
421,0.02268671886435871,0.021714706942055673,0.021714706942055673,0.019707714422607468,0.019707714422607468,0.02783954661563523,0.022202791886263108
426,0.02268671886435871,0.021714706942055673,0.021714706942055673,0.011374381089274133,0.022485492200385242,0.024438186071417543,0.022657767129834073
439,0.02268671886435871,0.021714706942055673,0.021714706942055673,0.011374381089274133,0.014152158867051911,0.017635464982982168,0.024098522067808794
458,0.02268671886435871,0.021714706942055673,0.021714706942055673,0.019707714422607468,0.030818825533718577,0.010832743894546793,0.022172460203358377
466,0.02268671886435871,0.021714706942055673,0.021714706942055673,0.019707714422607468,0.022485492200385242,0.017635464982982168,0.02196013842302526
493,0.02268671886435871,0.021714706942055673,0.021714706942055673,0.019707714422607468,0.01692993664482969,0.034642267704070605,0.02188430921576343
507,0.02268671886435871,0.021714706942055673,0.021714706942055673,0.0280410477559408,0.02526326997816302,0.01423410443876448,0.02138383644783537
515,0.02268671886435871,0.021714706942055673,0.021714706942055673,0.036374381089274134,0.022485492200385242,0.010832743894546793,0.021459665655097198
520,0.02268671886435871,0.021714706942055673,0.021714706942055673,0.036374381089274134,0.022485492200385242,0.024438186071417543,0.021626489911073216
521,0.02268671886435871,0.021714706942055673,0.021714706942055673,0.019707714422607468,0.019707714422607468,0.024438186071417543,0.021520329020906656
528,0.02268671886435871,0.021714706942055673,0.021714706942055673,0.019707714422607468,0.0280410477559408,0.017635464982982168,0.02147483149654956
554,0.02268671886435871,0.021714706942055673,0.021714706942055673,0.0280410477559408,0.0280410477559408,0.021036825527199855,0.021520329020906656
574,0.02268671886435871,0.021714706942055673,0.021714706942055673,0.019707714422607468,0.02526326997816302,0.024438186071417543,0.022005635947382356
587,0.02268671886435871,0.021714706942055673,0.021714706942055673,0.0280410477559408,0.022485492200385242,0.02783954661563523,0.021641655752525583
598,0.02268671886435871,0.021714706942055673,0.021714706942055673,0.011374381089274133,0.01692993664482969,0.02783954661563523,0.023006581483238482
608,0.02268671886435871,0.021714706942055673,0.021714706942055673,0.019707714422607468,0.019707714422607468,0.021036825527199855,0.022248289410620202
617,0.02268671886435871,0.021714706942055673,0.021714706942055673,0.0280410477559408,0.022485492200385242,0.01423410443876448,0.02158099238671612
639,0.02268671886435871,0.021714706942055673,0.021714706942055673,0.019707714422607468,0.01692993664482969,0.024438186071417543,0.021899475057215796
650,0.02268671886435871,0.021714706942055673,0.021714706942055673,0.019707714422607468,0.019707714422607468,0.02783954661563523,0.02148999733800193
673,0.02268671886435871,0.021714706942055673,0.021714706942055673,0.011374381089274133,0.01692993664482969,0.02783954661563523,0.022597103764024608
674,0.02268671886435871,0.021714706942055673,0.021714706942055673,0.019707714422607468,0.01692993664482969,0.021036825527199855,0.022096630996096548
702,0.02268671886435871,0.021714706942055673,0.021714706942055673,0.036374381089274134,0.0280410477559408,0.021036825527199855,0.021399002289287733
721,0.02268671886435871,0.021714706942055673,0.021714706942055673,0.011374381089274133,0.022485492200385242,0.02783954661563523,0.02334022999519052
723,0.02268671886435871,0.021714706942055673,0.021714706942055673,0.019707714422607468,0.01692993664482969,0.021036825527199855,0.02196013842302526
725,0.02268671886435871,0.021714706942055673,0.021714706942055673,0.019707714422607468,0.019707714422607468,0.02783954661563523,0.02148999733800193
732,0.02268671886435871,0.021714706942055673,0.021714706942055673,0.011374381089274133,0.022485492200385242,0.021036825527199855,0.022369616142239125
744,0.02268671886435871,0.021714706942055673,0.021714706942055673,0.019707714422607468,0.01692993664482969,0.01423410443876448,0.02199047010592999
756,0.02268671886435871,0.021714706942055673,0.021714706942055673,0.011374381089274133,0.011374381089274133,0.021036825527199855,0.02411368790926116
757,0.02268671886435871,0.021714706942055673,0.021714706942055673,0.011374381089274133,0.01692993664482969,0.021036825527199855,0.02235445030078676
763,0.02268671886435871,0.021714706942055673,0.021714706942055673,0.019707714422607468,0.019707714422607468,0.017635464982982168,0.022066299313191817
786,0.02268671886435871,0.021714706942055673,0.021714706942055673,0.019707714422607468,0.02526326997816302,0.021036825527199855,0.021929806740120527
790,0.02268671886435871,0.021714706942055673,0.021714706942055673,0.036374381089274134,0.022485492200385242,0.021036825527199855,0.021505163179454292
796,0.02268671886435871,0.021714706942055673,0.021714706942055673,0.019707714422607468,0.02526326997816302,0.01423410443876448,0.021899475057215796
798,0.02268671886435871,0.021714706942055673,0.021714706942055673,0.011374381089274133,0.01692993664482969,0.024438186071417543,0.02314307405630977
803,0.02268671886435871,0.021714706942055673,0.021714706942055673,0.011374381089274133,0.01692993664482969,0.021036825527199855,0.022870088910167192
815,0.02268671886435871,0.021714706942055673,0.021714706942055673,0.011374381089274133,0.014152158867051911,0.021036825527199855,0.02232411861788203
818,0.02268671886435871,0.021714706942055673,0.021714706942055673,0.011374381089274133,0.01692993664482969,0.021036825527199855,0.022703264654191167
822,0.02268671886435871,0.021714706942055673,0.021714706942055673,0.011374381089274133,0.01692993664482969,0.021036825527199855,0.02303691316614321
842,0.02268671886435871,0.021714706942055673,0.021714706942055673,0.0280410477559408,0.02526326997816302,0.024438186071417543,0.022035967630287086
855,0.02268671886435871,0.021714706942055673,0.021714706942055673,0.019707714422607468,0.022485492200385242,0.017635464982982168,0.021626489911073216
872,0.02268671886435871,0.021714706942055673,0.021714706942055673,0.019707714422607468,0.0280410477559408,0.021036825527199855,0.021671987435430314
896,0.02268671886435871,0.021714706942055673,0.021714706942055673,0.019707714422607468,0.022485492200385242,0.01423410443876448,0.021399002289287733
912,0.02268671886435871,0.021714706942055673,0.021714706942055673,0.011374381089274133,0.01692993664482969,0.031240907159852914,0.022824591385810094
919,0.02268671886435871,0.021714706942055673,0.021714706942055673,0.036374381089274134,0.022485492200385242,0.031240907159852914,0.021747816642692142
922,0.02268671886435871,0.021714706942055673,0.021714706942055673,0.0280410477559408,0.01692993664482969,0.017635464982982168,0.021535494862359023
925,0.02268671886435871,0.021714706942055673,0.021714706942055673,0.011374381089274133,0.014152158867051911,0.02783954661563523,0.023734541872952025
953,0.02268671886435871,0.021714706942055673,0.021714706942055673,0.019707714422607468,0.01692993664482969,0.021036825527199855,0.02202080178883472
988,0.02268671886435871,0.021714706942055673,0.021714706942055673,0.011374381089274133,0.019707714422607468,0.031240907159852914,0.02235445030078676
015,0.02264881614799737,0.02108299500270002,0.02108299500270002,0.0280410477559408,0.022485492200385242,0.024438186071417543,0.021641655752525583
016,0.02264881614799737,0.02108299500270002,0.02108299500270002,0.019707714422607468,0.019707714422607468,0.021036825527199855,0.02215729436190601
039,0.02264881614799737,0.02108299500270002,0.02108299500270002,0.011374381089274133,0.011374381089274133,0.021036825527199855,0.02411368790926116
048,0.02264881614799737,0.02108299500270002,0.02108299500270002,0.019707714422607468,0.019707714422607468,0.024438186071417543,0.02158099238671612
058,0.02264881614799737,0.02108299500270002,0.02108299500270002,0.019707714422607468,0.0280410477559408,0.010832743894546793,0.02212696267900128
078,0.02264881614799737,0.02108299500270002,0.02108299500270002,0.011374381089274133,0.014152158867051911,0.017635464982982168,0.024068190384904067
083,0.02264881614799737,0.02108299500270002,0.02108299500270002,0.019707714422607468,0.030818825533718577,0.017635464982982168,0.022066299313191817
084,0.02264881614799737,0.02108299500270002,0.02108299500270002,0.019707714422607468,0.0280410477559408,0.017635464982982168,0.02199047010592999
101,0.02264881614799737,0.02108299500270002,0.02108299500270002,0.011374381089274133,0.01692993664482969,0.024438186071417543,0.022657767129834073
103,0.02264881614799737,0.02108299500270002,0.02108299500270002,0.0280410477559408,0.0280410477559408,0.021036825527199855,0.02168715327688268
107,0.02264881614799737,0.02108299500270002,0.02108299500270002,0.019707714422607468,0.01692993664482969,0.021036825527199855,0.021459665655097198
130,0.02264881614799737,0.02108299500270002,0.02108299500270002,0.019707714422607468,0.022485492200385242,0.024438186071417543,0.021899475057215796
141,0.02264881614799737,0.02108299500270002,0.02108299500270002,0.019707714422607468,0.019707714422607468,0.017635464982982168,0.02202080178883472
145,0.02264881614799737,0.02108299500270002,0.02108299500270002,0.011374381089274133,0.014152158867051911,0.02783954661563523,0.023294732470833423
192,0.02264881614799737,0.02108299500270002,0.02108299500270002,0.011374381089274133,0.022485492200385242,0.021036825527199855,0.02253644039821515
203,0.02264881614799737,0.02108299500270002,0.02108299500270002,0.011374381089274133,0.019707714422607468,0.01423410443876448,0.022308952776429667
209,0.02264881614799737,0.02108299500270002,0.02108299500270002,0.011374381089274133,0.019707714422607468,0.010832743894546793,0.022779093861453
214,0.02264881614799737,0.02108299500270002,0.02108299500270002,0.019707714422607468,0.030818825533718577,0.021036825527199855,0.02202080178883472
237,0.02264881614799737,0.02108299500270002,0.02108299500270002,0.0280410477559408,0.02526326997816302,0.021036825527199855,0.021929806740120527
258,0.02264881614799737,0.02108299500270002,0.02108299500270002,0.011374381089274133,0.01692993664482969,0.017635464982982168,0.02267293297128644
276,0.02264881614799737,0.02108299500270002,0.02108299500270002,0.019707714422607468,0.019707714422607468,0.01423410443876448,0.021641655752525583
281,0.02264881614799737,0.02108299500270002,0.02108299500270002,0.019707714422607468,0.02526326997816302,0.031240907159852914,0.02226345525207257
285,0.02264881614799737,0.02108299500270002,0.02108299500270002,0.011374381089274133,0.014152158867051911,0.024438186071417543,0.022703264654191167
290,0.02264881614799737,0.02108299500270002,0.02108299500270002,0.019707714422607468,0.0280410477559408,0.021036825527199855,0.021899475057215796
320,0.02264881614799737,0.02108299500270002,0.02108299500270002,0.019707714422607468,0.019707714422607468,0.017635464982982168,0.0214141681307401
334,0.02264881614799737,0.02108299500270002,0.02108299500270002,0.0280410477559408,0.019707714422607468,0.02783954661563523,0.021429333972192464
337,0.02264881614799737,0.02108299500270002,0.02108299500270002,0.019707714422607468,0.019707714422607468,0.021036825527199855,0.022005635947382356
347,0.02264881614799737,0.02108299500270002,0.02108299500270002,0.011374381089274133,0.011374381089274133,0.01423410443876448,0.02411368790926116
361,0.02264881614799737,0.02108299500270002,0.02108299500270002,0.036374381089274134,0.0280410477559408,0.031240907159852914,0.02144449981364483
364,0.02264881614799737,0.02108299500270002,0.02108299500270002,0.019707714422607468,0.0280410477559408,0.01423410443876448,0.02211179683754891
366,0.02264881614799737,0.02108299500270002,0.02108299500270002,0.019707714422607468,0.0280410477559408,0.01423410443876448,0.022202791886263108
410,0.02264881614799737,0.02108299500270002,0.02108299500270002,0.019707714422607468,0.022485492200385242,0.021036825527199855,0.022096630996096548
433,0.02264881614799737,0.02108299500270002,0.02108299500270002,0.019707714422607468,0.014152158867051911,0.02783954661563523,0.02159615822816849
448,0.02264881614799737,0.02108299500270002,0.02108299500270002,0.0280410477559408,0.019707714422607468,0.01423410443876448,0.02182364584995397
464,0.02264881614799737,0.02108299500270002,0.02108299500270002,0.036374381089274134,0.02526326997816302,0.031240907159852914,0.021641655752525583
467,0.02264881614799737,0.02108299500270002,0.02108299500270002,0.019707714422607468,0.01692993664482969,0.021036825527199855,0.021778148325596873
476,0.02264881614799737,0.02108299500270002,0.02108299500270002,0.019707714422607468,0.019707714422607468,0.017635464982982168,0.021762982484144506
479,0.02264881614799737,0.02108299500270002,0.02108299500270002,0.019707714422607468,0.02526326997816302,0.017635464982982168,0.021732650801239775
483,0.02264881614799737,0.02108299500270002,0.02108299500270002,0.019707714422607468,0.02526326997816302,0.017635464982982168,0.02168715327688268
494,0.02264881614799737,0.02108299500270002,0.02108299500270002,0.036374381089274134,0.02526326997816302,0.01423410443876448,0.021505163179454292
498,0.02264881614799737,0.02108299500270002,0.02108299500270002,0.019707714422607468,0.02526326997816302,0.024438186071417543,0.021808480008501604
500,0.02264881614799737,0.02108299500270002,0.02108299500270002,0.019707714422607468,0.01692993664482969,0.017635464982982168,0.022142128520453646
516,0.02264881614799737,0.02108299500270002,0.02108299500270002,0.019707714422607468,0.019707714422607468,0.017635464982982168,0.021505163179454292
529,0.02264881614799737,0.02108299500270002,0.02108299500270002,0.019707714422607468,0.014152158867051911,0.024438186071417543,0.021929806740120527
530,0.02264881614799737,0.02108299500270002,0.02108299500270002,0.019707714422607468,0.019707714422607468,0.024438186071417543,0.021762982484144506
531,0.02264881614799737,0.02108299500270002,0.02108299500270002,0.019707714422607468,0.02526326997816302,0.021036825527199855,0.02223312356916784
571,0.02264881614799737,0.02108299500270002,0.02108299500270002,0.011374381089274133,0.0280410477559408,0.01423410443876448,0.02267293297128644
575,0.02264881614799737,0.02108299500270002,0.02108299500270002,0.019707714422607468,0.01692993664482969,0.02783954661563523,0.021929806740120527
580,0.02264881614799737,0.02108299500270002,0.02108299500270002,0.019707714422607468,0.022485492200385242,0.024438186071417543,0.021626489911073216
581,0.02264881614799737,0.02108299500270002,0.02108299500270002,0.019707714422607468,0.01692993664482969,0.021036825527199855,0.02215729436190601
591,0.02264881614799737,0.02108299500270002,0.02108299500270002,0.011374381089274133,0.019707714422607468,0.024438186071417543,0.02303691316614321
604,0.02264881614799737,0.02108299500270002,0.02108299500270002,0.019707714422607468,0.01692993664482969,0.021036825527199855,0.02223312356916784
607,0.02264881614799737,0.02108299500270002,0.02108299500270002,0.019707714422607468,0.014152158867051911,0.01423410443876448,0.02144449981364483
611,0.02264881614799737,0.02108299500270002,0.02108299500270002,0.019707714422607468,0.0280410477559408,0.017635464982982168,0.02144449981364483
622,0.02264881614799737,0.02108299500270002,0.02108299500270002,0.0530410477559408,0.0280410477559408,0.024438186071417543,0.021505163179454292
635,0.02264881614799737,0.02108299500270002,0.02108299500270002,0.044707714422607465,0.02526326997816302,0.010832743894546793,0.02155066070381139
644,0.02264881614799737,0.02108299500270002,0.02108299500270002,0.019707714422607468,0.019707714422607468,0.017635464982982168,0.021641655752525583
646,0.02264881614799737,0.02108299500270002,0.02108299500270002,0.019707714422607468,0.030818825533718577,0.03804362824828829,0.021899475057215796
655,0.02264881614799737,0.02108299500270002,0.02108299500270002,0.019707714422607468,0.01692993664482969,0.02783954661563523,0.02144449981364483
660,0.02264881614799737,0.02108299500270002,0.02108299500270002,0.019707714422607468,0.030818825533718577,0.024438186071417543,0.022172460203358377
678,0.02264881614799737,0.02108299500270002,0.02108299500270002,0.019707714422607468,0.02526326997816302,0.017635464982982168,0.022248289410620202
699,0.02264881614799737,0.02108299500270002,0.02108299500270002,0.044707714422607465,0.03359660331149635,0.017635464982982168,0.0214141681307401
701,0.02264881614799737,0.02108299500270002,0.02108299500270002,0.011374381089274133,0.014152158867051911,0.024438186071417543,0.02232411861788203
708,0.02264881614799737,0.02108299500270002,0.02108299500270002,0.019707714422607468,0.03359660331149635,0.03804362824828829,0.02148999733800193
739,0.02264881614799737,0.02108299500270002,0.02108299500270002,0.036374381089274134,0.022485492200385242,0.024438186071417543,0.021838811691406335
743,0.02264881614799737,0.02108299500270002,0.02108299500270002,0.019707714422607468,0.022485492200385242,0.017635464982982168,0.021535494862359023
831,0.02264881614799737,0.02108299500270002,0.02108299500270002,0.019707714422607468,0.0280410477559408,0.017635464982982168,0.022278621093524936
837,0.02264881614799737,0.02108299500270002,0.02108299500270002,0.011374381089274133,0.01692993664482969,0.021036825527199855,0.023977195336189874
843,0.02264881614799737,0.02108299500270002,0.02108299500270002,0.0280410477559408,0.022485492200385242,0.01423410443876448,0.021459665655097198
845,0.02264881614799737,0.02108299500270002,0.02108299500270002,0.019707714422607468,0.022485492200385242,0.024438186071417543,0.022248289410620202
849,0.02264881614799737,0.02108299500270002,0.02108299500270002,0.0280410477559408,0.019707714422607468,0.021036825527199855,0.021671987435430314
861,0.02264881614799737,0.02108299500270002,0.02108299500270002,0.011374381089274133,0.022485492200385242,0.024438186071417543,0.022445445349500954
865,0.02264881614799737,0.02108299500270002,0.02108299500270002,0.011374381089274133,0.022485492200385242,0.021036825527199855,0.022733596337095898
885,0.02264881614799737,0.02108299500270002,0.02108299500270002,0.019707714422607468,0.019707714422607468,0.01423410443876448,0.022051133471739454
901,0.02264881614799737,0.02108299500270002,0.02108299500270002,0.011374381089274133,0.022485492200385242,0.024438186071417543,0.022339284459334394
907,0.02264881614799737,0.02108299500270002,0.02108299500270002,0.011374381089274133,0.02526326997816302,0.02783954661563523,0.02253644039821515
911,0.02264881614799737,0.02108299500270002,0.02108299500270002,0.036374381089274134,0.02526326997816302,0.010832743894546793,0.02155066070381139
934,0.02264881614799737,0.02108299500270002,0.02108299500270002,0.036374381089274134,0.036374381089274134,0.034642267704070605,0.021535494862359023
944,0.02264881614799737,0.02108299500270002,0.02108299500270002,0.019707714422607468,0.01692993664482969,0.017635464982982168,0.021626489911073216
971,0.02264881614799737,0.02108299500270002,0.02108299500270002,0.011374381089274133,0.01692993664482969,0.017635464982982168,0.023158239897762136
973,0.02264881614799737,0.02108299500270002,0.02108299500270002,0.019707714422607468,0.02526326997816302,0.021036825527199855,0.022278621093524936
976,0.02264881614799737,0.02108299500270002,0.02108299500270002,0.019707714422607468,0.02526326997816302,0.01423410443876448,0.021944972581572894
985,0.02264881614799737,0.02108299500270002,0.02108299500270002,0.019707714422607468,0.02526326997816302,0.02783954661563523,0.021565826545263754
995,0.02264881614799737,0.02108299500270002,0.02108299500270002,0.011374381089274133,0.014152158867051911,0.024438186071417543,0.02359804929988073
007,0.022610913431636032,0.020451283063344365,0.020451283063344365,0.011374381089274133,0.019707714422607468,0.021036825527199855,0.02299141564178611
011,0.022610913431636032,0.020451283063344365,0.020451283063344365,0.036374381089274134,0.022485492200385242,0.017635464982982168,0.02155066070381139
061,0.022610913431636032,0.020451283063344365,0.020451283063344365,0.044707714422607465,0.030818825533718577,0.01423410443876448,0.021778148325596873
066,0.022610913431636032,0.020451283063344365,0.020451283063344365,0.019707714422607468,0.02526326997816302,0.02783954661563523,0.02144449981364483
070,0.022610913431636032,0.020451283063344365,0.020451283063344365,0.044707714422607465,0.02526326997816302,0.017635464982982168,0.02155066070381139
072,0.022610913431636032,0.020451283063344365,0.020451283063344365,0.0280410477559408,0.019707714422607468,0.024438186071417543,0.02155066070381139
094,0.022610913431636032,0.020451283063344365,0.020451283063344365,0.011374381089274133,0.01692993664482969,0.017635464982982168,0.022506108715310415
137,0.022610913431636032,0.020451283063344365,0.020451283063344365,0.0280410477559408,0.0280410477559408,0.021036825527199855,0.021944972581572894
142,0.022610913431636032,0.020451283063344365,0.020451283063344365,0.019707714422607468,0.019707714422607468,0.017635464982982168,0.021762982484144506
148,0.022610913431636032,0.020451283063344365,0.020451283063344365,0.011374381089274133,0.030818825533718577,0.021036825527199855,0.022521274556762783
152,0.022610913431636032,0.020451283063344365,0.020451283063344365,0.0280410477559408,0.01692993664482969,0.017635464982982168,0.02138383644783537
207,0.022610913431636032,0.020451283063344365,0.020451283063344365,0.019707714422607468,0.019707714422607468,0.021036825527199855,0.021808480008501604
218,0.022610913431636032,0.020451283063344365,0.020451283063344365,0.019707714422607468,0.019707714422607468,0.01423410443876448,0.02226345525207257
226,0.022610913431636032,0.020451283063344365,0.020451283063344365,0.019707714422607468,0.01692993664482969,0.01423410443876448,0.02144449981364483
230,0.022610913431636032,0.020451283063344365,0.020451283063344365,0.019707714422607468,0.022485492200385242,0.017635464982982168,0.022035967630287086
234,0.022610913431636032,0.020451283063344365,0.020451283063344365,0.011374381089274133,0.01692993664482969,0.017635464982982168,0.0231734057392145
241,0.022610913431636032,0.020451283063344365,0.020451283063344365,0.0280410477559408,0.02526326997816302,0.017635464982982168,0.02138383644783537
245,0.022610913431636032,0.020451283063344365,0.020451283063344365,0.011374381089274133,0.0280410477559408,0.01423410443876448,0.02235445030078676
282,0.022610913431636032,0.020451283063344365,0.020451283063344365,0.011374381089274133,0.01692993664482969,0.024438186071417543,0.022384781983691492
284,0.022610913431636032,0.020451283063344365,0.020451283063344365,0.019707714422607468,0.022485492200385242,0.021036825527199855,0.021975304264477625
288,0.022610913431636032,0.020451283063344365,0.020451283063344365,0.011374381089274133,0.01692993664482969,0.024438186071417543,0.02239994782514386
295,0.022610913431636032,0.020451283063344365,0.020451283063344365,0.011374381089274133,0.019707714422607468,0.01423410443876448,0.022308952776429667
303,0.022610913431636032,0.020451283063344365,0.020451283063344365,0.011374381089274133,0.01692993664482969,0.021036825527199855,0.02276392802000063
386,0.022610913431636032,0.020451283063344365,0.020451283063344365,0.011374381089274133,0.011374381089274133,0.021036825527199855,0.02411368790926116
401,0.022610913431636032,0.020451283063344365,0.020451283063344365,0.019707714422607468,0.02526326997816302,0.02783954661563523,0.022142128520453646
408,0.022610913431636032,0.020451283063344365,0.020451283063344365,0.019707714422607468,0.019707714422607468,0.024438186071417543,0.02159615822816849
420,0.022610913431636032,0.020451283063344365,0.020451283063344365,0.0280410477559408,0.01692993664482969,0.02783954661563523,0.02155066070381139
425,0.022610913431636032,0.020451283063344365,0.020451283063344365,0.019707714422607468,0.022485492200385242,0.02783954661563523,0.022142128520453646
455,0.022610913431636032,0.020451283063344365,0.020451283063344365,0.0280410477559408,0.02526326997816302,0.02783954661563523,0.021808480008501604
457,0.022610913431636032,0.020451283063344365,0.020451283063344365,0.019707714422607468,0.019707714422607468,0.01423410443876448,0.02182364584995397
480,0.022610913431636032,0.020451283063344365,0.020451283063344365,0.011374381089274133,0.014152158867051911,0.01423410443876448,0.022779093861453
487,0.022610913431636032,0.020451283063344365,0.020451283063344365,0.011374381089274133,0.022485492200385242,0.021036825527199855,0.02285492306871482
496,0.022610913431636032,0.020451283063344365,0.020451283063344365,0.019707714422607468,0.014152158867051911,0.024438186071417543,0.02188430921576343
497,0.022610913431636032,0.020451283063344365,0.020451283063344365,0.0280410477559408,0.019707714422607468,0.017635464982982168,0.021656821593977946
504,0.022610913431636032,0.020451283063344365,0.020451283063344365,0.036374381089274134,0.022485492200385242,0.021036825527199855,0.0214141681307401
514,0.022610913431636032,0.020451283063344365,0.020451283063344365,0.019707714422607468,0.0280410477559408,0.024438186071417543,0.02159615822816849
534,0.022610913431636032,0.020451283063344365,0.020451283063344365,0.011374381089274133,0.01692993664482969,0.02783954661563523,0.023719376031499657
535,0.022610913431636032,0.020451283063344365,0.020451283063344365,0.011374381089274133,0.01692993664482969,0.024438186071417543,0.022976249800333748
538,0.022610913431636032,0.020451283063344365,0.020451283063344365,0.011374381089274133,0.01692993664482969,0.021036825527199855,0.023749707714404388
550,0.022610913431636032,0.020451283063344365,0.020451283063344365,0.0280410477559408,0.022485492200385242,0.034642267704070605,0.021671987435430314
590,0.022610913431636032,0.020451283063344365,0.020451283063344365,0.0280410477559408,0.01692993664482969,0.031240907159852914,0.021520329020906656
593,0.022610913431636032,0.020451283063344365,0.020451283063344365,0.0280410477559408,0.02526326997816302,0.024438186071417543,0.02168715327688268
637,0.022610913431636032,0.020451283063344365,0.020451283063344365,0.036374381089274134,0.02526326997816302,0.024438186071417543,0.02148999733800193
640,0.022610913431636032,0.020451283063344365,0.020451283063344365,0.019707714422607468,0.022485492200385242,0.024438186071417543,0.022142128520453646
656,0.022610913431636032,0.020451283063344365,0.020451283063344365,0.019707714422607468,0.02526326997816302,0.010832743894546793,0.021399002289287733
670,0.022610913431636032,0.020451283063344365,0.020451283063344365,0.019707714422607468,0.022485492200385242,0.021036825527199855,0.02138383644783537
677,0.022610913431636032,0.020451283063344365,0.020451283063344365,0.019707714422607468,0.019707714422607468,0.02783954661563523,0.021399002289287733
680,0.022610913431636032,0.020451283063344365,0.020451283063344365,0.019707714422607468,0.022485492200385242,0.021036825527199855,0.0214141681307401
722,0.022610913431636032,0.020451283063344365,0.020451283063344365,0.011374381089274133,0.019707714422607468,0.02783954661563523,0.022384781983691492
750,0.022610913431636032,0.020451283063344365,0.020451283063344365,0.011374381089274133,0.014152158867051911,0.031240907159852914,0.023522220092618906
759,0.022610913431636032,0.020451283063344365,0.020451283063344365,0.019707714422607468,0.019707714422607468,0.017635464982982168,0.021535494862359023
771,0.022610913431636032,0.020451283063344365,0.020451283063344365,0.0280410477559408,0.019707714422607468,0.024438186071417543,0.02223312356916784
825,0.022610913431636032,0.020451283063344365,0.020451283063344365,0.011374381089274133,0.01692993664482969,0.02783954661563523,0.022384781983691492
838,0.022610913431636032,0.020451283063344365,0.020451283063344365,0.011374381089274133,0.022485492200385242,0.031240907159852914,0.02232411861788203
846,0.022610913431636032,0.020451283063344365,0.020451283063344365,0.019707714422607468,0.01692993664482969,0.031240907159852914,0.022202791886263108
863,0.022610913431636032,0.020451283063344365,0.020451283063344365,0.0280410477559408,0.022485492200385242,0.021036825527199855,0.021671987435430314
884,0.022610913431636032,0.020451283063344365,0.020451283063344365,0.036374381089274134,0.0280410477559408,0.02783954661563523,0.02148999733800193
926,0.022610913431636032,0.020451283063344365,0.020451283063344365,0.019707714422607468,0.014152158867051911,0.017635464982982168,0.021975304264477625
940,0.022610913431636032,0.020451283063344365,0.020451283063344365,0.0280410477559408,0.01692993664482969,0.01423410443876448,0.021626489911073216
984,0.022610913431636032,0.020451283063344365,0.020451283063344365,0.019707714422607468,0.022485492200385242,0.021036825527199855,0.022035967630287086
002,0.02257301071527469,0.019819571123988713,0.019819571123988713,0.011374381089274133,0.01692993664482969,0.021036825527199855,0.02285492306871482
027,0.02257301071527469,0.019819571123988713,0.019819571123988713,0.0280410477559408,0.01692993664482969,0.017635464982982168,0.021611324069620852
037,0.02257301071527469,0.019819571123988713,0.019819571123988713,0.019707714422607468,0.01692993664482969,0.010832743894546793,0.022066299313191817
056,0.02257301071527469,0.019819571123988713,0.019819571123988713,0.019707714422607468,0.014152158867051911,0.02783954661563523,0.02212696267900128
060,0.02257301071527469,0.019819571123988713,0.019819571123988713,0.019707714422607468,0.01692993664482969,0.024438186071417543,0.021747816642692142
062,0.02257301071527469,0.019819571123988713,0.019819571123988713,0.019707714422607468,0.019707714422607468,0.010832743894546793,0.021914640898668163
069,0.02257301071527469,0.019819571123988713,0.019819571123988713,0.011374381089274133,0.019707714422607468,0.02783954661563523,0.022976249800333748
077,0.02257301071527469,0.019819571123988713,0.019819571123988713,0.044707714422607465,0.022485492200385242,0.01423410443876448,0.02155066070381139
095,0.02257301071527469,0.019819571123988713,0.019819571123988713,0.019707714422607468,0.01692993664482969,0.021036825527199855,0.021778148325596873
118,0.02257301071527469,0.019819571123988713,0.019819571123988713,0.019707714422607468,0.022485492200385242,0.021036825527199855,0.021762982484144506
122,0.02257301071527469,0.019819571123988713,0.019819571123988713,0.011374381089274133,0.01692993664482969,0.021036825527199855,0.02387103444602331
167,0.02257301071527469,0.019819571123988713,0.019819571123988713,0.019707714422607468,0.022485492200385242,0.02783954661563523,0.021747816642692142
171,0.02257301071527469,0.019819571123988713,0.019819571123988713,0.019707714422607468,0.022485492200385242,0.021036825527199855,0.02202080178883472
181,0.02257301071527469,0.019819571123988713,0.019819571123988713,0.0280410477559408,0.019707714422607468,0.021036825527199855,0.021641655752525583
182,0.02257301071527469,0.019819571123988713,0.019819571123988713,0.019707714422607468,0.014152158867051911,0.024438186071417543,0.02196013842302526
185,0.02257301071527469,0.019819571123988713,0.019819571123988713,0.019707714422607468,0.02526326997816302,0.021036825527199855,0.022172460203358377
193,0.02257301071527469,0.019819571123988713,0.019819571123988713,0.019707714422607468,0.022485492200385242,0.024438186071417543,0.022202791886263108
211,0.02257301071527469,0.019819571123988713,0.019819571123988713,0.019707714422607468,0.019707714422607468,0.021036825527199855,0.021762982484144506
220,0.02257301071527469,0.019819571123988713,0.019819571123988713,0.019707714422607468,0.01692993664482969,0.017635464982982168,0.021671987435430314
222,0.02257301071527469,0.019819571123988713,0.019819571123988713,0.019707714422607468,0.01692993664482969,0.021036825527199855,0.022248289410620202
247,0.02257301071527469,0.019819571123988713,0.019819571123988713,0.0280410477559408,0.022485492200385242,0.021036825527199855,0.021793314167049237
293,0.02257301071527469,0.019819571123988713,0.019819571123988713,0.019707714422607468,0.022485492200385242,0.021036825527199855,0.02147483149654956
324,0.02257301071527469,0.019819571123988713,0.019819571123988713,0.019707714422607468,0.019707714422607468,0.01423410443876448,0.021944972581572894
328,0.02257301071527469,0.019819571123988713,0.019819571123988713,0.019707714422607468,0.019707714422607468,0.02783954661563523,0.02221795772771547
345,0.02257301071527469,0.019819571123988713,0.019819571123988713,0.019707714422607468,0.022485492200385242,0.024438186071417543,0.021671987435430314
357,0.02257301071527469,0.019819571123988713,0.019819571123988713,0.019707714422607468,0.02526326997816302,0.017635464982982168,0.021944972581572894
378,0.02257301071527469,0.019819571123988713,0.019819571123988713,0.011374381089274133,0.019707714422607468,0.01423410443876448,0.022627435446929342
387,0.02257301071527469,0.019819571123988713,0.019819571123988713,0.011374381089274133,0.019707714422607468,0.01423410443876448,0.022369616142239125
418,0.02257301071527469,0.019819571123988713,0.019819571123988713,0.019707714422607468,0.02526326997816302,0.017635464982982168,0.021762982484144506
440,0.02257301071527469,0.019819571123988713,0.019819571123988713,0.0280410477559408,0.02526326997816302,0.02783954661563523,0.021520329020906656
469,0.02257301071527469,0.019819571123988713,0.019819571123988713,0.019707714422607468,0.01692993664482969,0.024438186071417543,0.02212696267900128
486,0.02257301071527469,0.019819571123988713,0.019819571123988713,0.019707714422607468,0.014152158867051911,0.01423410443876448,0.021671987435430314
499,0.02257301071527469,0.019819571123988713,0.019819571123988713,0.011374381089274133,0.019707714422607468,0.010832743894546793,0.022369616142239125
505,0.02257301071527469,0.019819571123988713,0.019819571123988713,0.0280410477559408,0.019707714422607468,0.024438186071417543,0.0218539775328587
524,0.02257301071527469,0.019819571123988713,0.019819571123988713,0.019707714422607468,0.019707714422607468,0.021036825527199855,0.022051133471739454
527,0.02257301071527469,0.019819571123988713,0.019819571123988713,0.011374381089274133,0.019707714422607468,0.024438186071417543,0.022308952776429667
537,0.02257301071527469,0.019819571123988713,0.019819571123988713,0.019707714422607468,0.030818825533718577,0.01423410443876448,0.02215729436190601
541,0.02257301071527469,0.019819571123988713,0.019819571123988713,0.011374381089274133,0.011374381089274133,0.024438186071417543,0.02411368790926116
544,0.02257301071527469,0.019819571123988713,0.019819571123988713,0.0280410477559408,0.019707714422607468,0.017635464982982168,0.021399002289287733
548,0.02257301071527469,0.019819571123988713,0.019819571123988713,0.011374381089274133,0.01692993664482969,0.02783954661563523,0.022657767129834073
552,0.02257301071527469,0.019819571123988713,0.019819571123988713,0.011374381089274133,0.022485492200385242,0.021036825527199855,0.0236132151413331
600,0.02257301071527469,0.019819571123988713,0.019819571123988713,0.011374381089274133,0.014152158867051911,0.021036825527199855,0.023855868604570948
613,0.02257301071527469,0.019819571123988713,0.019819571123988713,0.0280410477559408,0.03359660331149635,0.021036825527199855,0.021975304264477625
648,0.02257301071527469,0.019819571123988713,0.019819571123988713,0.0280410477559408,0.022485492200385242,0.01423410443876448,0.021429333972192464
685,0.02257301071527469,0.019819571123988713,0.019819571123988713,0.019707714422607468,0.019707714422607468,0.02783954661563523,0.02211179683754891
706,0.02257301071527469,0.019819571123988713,0.019819571123988713,0.019707714422607468,0.019707714422607468,0.017635464982982168,0.021747816642692142
719,0.02257301071527469,0.019819571123988713,0.019819571123988713,0.0280410477559408,0.01692993664482969,0.02783954661563523,0.021929806740120527
767,0.02257301071527469,0.019819571123988713,0.019819571123988713,0.044707714422607465,0.030818825533718577,0.02783954661563523,0.021505163179454292
785,0.02257301071527469,0.019819571123988713,0.019819571123988713,0.019707714422607468,0.019707714422607468,0.021036825527199855,0.02138383644783537
826,0.02257301071527469,0.019819571123988713,0.019819571123988713,0.019707714422607468,0.019707714422607468,0.024438186071417543,0.02199047010592999
830,0.02257301071527469,0.019819571123988713,0.019819571123988713,0.019707714422607468,0.01692993664482969,0.01423410443876448,0.02182364584995397
834,0.02257301071527469,0.019819571123988713,0.019819571123988713,0.0280410477559408,0.022485492200385242,0.021036825527199855,0.021611324069620852
864,0.02257301071527469,0.019819571123988713,0.019819571123988713,0.019707714422607468,0.01692993664482969,0.021036825527199855,0.02147483149654956
868,0.02257301071527469,0.019819571123988713,0.019819571123988713,0.019707714422607468,0.014152158867051911,0.024438186071417543,0.021869143374311065
881,0.02257301071527469,0.019819571123988713,0.019819571123988713,0.0280410477559408,0.019707714422607468,0.021036825527199855,0.021929806740120527
899,0.02257301071527469,0.019819571123988713,0.019819571123988713,0.011374381089274133,0.011374381089274133,0.024438186071417543,0.02411368790926116
935,0.02257301071527469,0.019819571123988713,0.019819571123988713,0.019707714422607468,0.014152158867051911,0.017635464982982168,0.021565826545263754
999,0.02257301071527469,0.019819571123988713,0.019819571123988713,0.0280410477559408,0.019707714422607468,0.01423410443876448,0.02138383644783537
051,0.022535107998913353,0.019187859184633057,0.019187859184633057,0.011374381089274133,0.030818825533718577,0.017635464982982168,0.022839757227262458
055,0.022535107998913353,0.019187859184633057,0.019187859184633057,0.011374381089274133,0.02526326997816302,0.024438186071417543,0.02239994782514386
068,0.022535107998913353,0.019187859184633057,0.019187859184633057,0.011374381089274133,0.014152158867051911,0.01423410443876448,0.02267293297128644
105,0.022535107998913353,0.019187859184633057,0.019187859184633057,0.019707714422607468,0.019707714422607468,0.024438186071417543,0.021914640898668163
144,0.022535107998913353,0.019187859184633057,0.019187859184633057,0.011374381089274133,0.01692993664482969,0.024438186071417543,0.02324923494647633
160,0.022535107998913353,0.019187859184633057,0.019187859184633057,0.044707714422607465,0.02526326997816302,0.024438186071417543,0.02158099238671612
231,0.022535107998913353,0.019187859184633057,0.019187859184633057,0.011374381089274133,0.022485492200385242,0.024438186071417543,0.022642601288381706
255,0.022535107998913353,0.019187859184633057,0.019187859184633057,0.019707714422607468,0.019707714422607468,0.02783954661563523,0.022248289410620202
256,0.022535107998913353,0.019187859184633057,0.019187859184633057,0.019707714422607468,0.022485492200385242,0.01423410443876448,0.02159615822816849
333,0.022535107998913353,0.019187859184633057,0.019187859184633057,0.011374381089274133,0.01692993664482969,0.017635464982982168,0.022870088910167192
338,0.022535107998913353,0.019187859184633057,0.019187859184633057,0.011374381089274133,0.01692993664482969,0.01423410443876448,0.02267293297128644
367,0.022535107998913353,0.019187859184633057,0.019187859184633057,0.019707714422607468,0.022485492200385242,0.024438186071417543,0.021399002289287733
397,0.022535107998913353,0.019187859184633057,0.019187859184633057,0.011374381089274133,0.019707714422607468,0.017635464982982168,0.02327956662938106
415,0.022535107998913353,0.019187859184633057,0.019187859184633057,0.011374381089274133,0.019707714422607468,0.017635464982982168,0.02314307405630977
445,0.022535107998913353,0.019187859184633057,0.019187859184633057,0.011374381089274133,0.019707714422607468,0.021036825527199855,0.022415113666596223
506,0.022535107998913353,0.019187859184633057,0.019187859184633057,0.011374381089274133,0.019707714422607468,0.01423410443876448,0.022839757227262458
511,0.022535107998913353,0.019187859184633057,0.019187859184633057,0.011374381089274133,0.014152158867051911,0.024438186071417543,0.02327956662938106
533,0.022535107998913353,0.019187859184633057,0.019187859184633057,0.036374381089274134,0.02526326997816302,0.01423410443876448,0.021520329020906656
551,0.022535107998913353,0.019187859184633057,0.019187859184633057,0.0280410477559408,0.0280410477559408,0.024438186071417543,0.02147483149654956
570,0.022535107998913353,0.019187859184633057,0.019187859184633057,0.019707714422607468,0.022485492200385242,0.017635464982982168,0.021505163179454292
626,0.022535107998913353,0.019187859184633057,0.019187859184633057,0.019707714422607468,0.01692993664482969,0.017635464982982168,0.022142128520453646
693,0.022535107998913353,0.019187859184633057,0.019187859184633057,0.0280410477559408,0.02526326997816302,0.017635464982982168,0.021399002289287733
700,0.022535107998913353,0.019187859184633057,0.019187859184633057,0.019707714422607468,0.019707714422607468,0.021036825527199855,0.022187626044810744
713,0.022535107998913353,0.019187859184633057,0.019187859184633057,0.0280410477559408,0.022485492200385242,0.01423410443876448,0.021944972581572894
733,0.022535107998913353,0.019187859184633057,0.019187859184633057,0.0530410477559408,0.030818825533718577,0.01423410443876448,0.021459665655097198
773,0.022535107998913353,0.019187859184633057,0.019187859184633057,0.0280410477559408,0.0280410477559408,0.02783954661563523,0.021505163179454292
789,0.022535107998913353,0.019187859184633057,0.019187859184633057,0.019707714422607468,0.01692993664482969,0.024438186071417543,0.022005635947382356
792,0.022535107998913353,0.019187859184633057,0.019187859184633057,0.0280410477559408,0.022485492200385242,0.01423410443876448,0.021459665655097198
805,0.022535107998913353,0.019187859184633057,0.019187859184633057,0.011374381089274133,0.01692993664482969,0.024438186071417543,0.02394686365328514
806,0.022535107998913353,0.019187859184633057,0.019187859184633057,0.011374381089274133,0.014152158867051911,0.01423410443876448,0.023264400787928692
839,0.022535107998913353,0.019187859184633057,0.019187859184633057,0.011374381089274133,0.022485492200385242,0.017635464982982168,0.022627435446929342
886,0.022535107998913353,0.019187859184633057,0.019187859184633057,0.011374381089274133,0.01692993664482969,0.024438186071417543,0.022885254751619555
947,0.022535107998913353,0.019187859184633057,0.019187859184633057,0.019707714422607468,0.022485492200385242,0.021036825527199855,0.02223312356916784
958,0.022535107998913353,0.019187859184633057,0.019187859184633057,0.011374381089274133,0.014152158867051911,0.010832743894546793,0.023461556726809447
961,0.022535107998913353,0.019187859184633057,0.019187859184633057,0.0280410477559408,0.022485492200385242,0.017635464982982168,0.021702319118335044
004,0.022497205282552012,0.018556147245277405,0.018556147245277405,0.011374381089274133,0.014152158867051911,0.017635464982982168,0.022475777032405685
008,0.022497205282552012,0.018556147245277405,0.018556147245277405,0.0280410477559408,0.019707714422607468,0.02783954661563523,0.021944972581572894
033,0.022497205282552012,0.018556147245277405,0.018556147245277405,0.019707714422607468,0.019707714422607468,0.021036825527199855,0.02212696267900128
041,0.022497205282552012,0.018556147245277405,0.018556147245277405,0.011374381089274133,0.01692993664482969,0.01423410443876448,0.023355395836642884
146,0.022497205282552012,0.018556147245277405,0.018556147245277405,0.011374381089274133,0.01692993664482969,0.024438186071417543,0.022369616142239125
176,0.022497205282552012,0.018556147245277405,0.018556147245277405,0.011374381089274133,0.01692993664482969,0.017635464982982168,0.022688098812738804
184,0.022497205282552012,0.018556147245277405,0.018556147245277405,0.019707714422607468,0.01692993664482969,0.017635464982982168,0.021929806740120527
235,0.022497205282552012,0.018556147245277405,0.018556147245277405,0.019707714422607468,0.0280410477559408,0.02783954661563523,0.02158099238671612
238,0.022497205282552012,0.018556147245277405,0.018556147245277405,0.019707714422607468,0.022485492200385242,0.031240907159852914,0.02147483149654956
242,0.022497205282552012,0.018556147245277405,0.018556147245277405,0.019707714422607468,0.019707714422607468,0.021036825527199855,0.02148999733800193
269,0.022497205282552012,0.018556147245277405,0.018556147245277405,0.019707714422607468,0.022485492200385242,0.01423410443876448,0.021565826545263754
287,0.022497205282552012,0.018556147245277405,0.018556147245277405,0.0280410477559408,0.02526326997816302,0.024438186071417543,0.021611324069620852
298,0.022497205282552012,0.018556147245277405,0.018556147245277405,0.019707714422607468,0.019707714422607468,0.017635464982982168,0.021808480008501604
304,0.022497205282552012,0.018556147245277405,0.018556147245277405,0.011374381089274133,0.01692993664482969,0.01423410443876448,0.022885254751619555
323,0.022497205282552012,0.018556147245277405,0.018556147245277405,0.011374381089274133,0.019707714422607468,0.024438186071417543,0.022657767129834073
351,0.022497205282552012,0.018556147245277405,0.018556147245277405,0.019707714422607468,0.022485492200385242,0.01423410443876448,0.02155066070381139
359,0.022497205282552012,0.018556147245277405,0.018556147245277405,0.011374381089274133,0.022485492200385242,0.017635464982982168,0.022308952776429667
372,0.022497205282552012,0.018556147245277405,0.018556147245277405,0.011374381089274133,0.01692993664482969,0.021036825527199855,0.022445445349500954
377,0.022497205282552012,0.018556147245277405,0.018556147245277405,0.019707714422607468,0.01692993664482969,0.017635464982982168,0.0214141681307401
459,0.022497205282552012,0.018556147245277405,0.018556147245277405,0.011374381089274133,0.011374381089274133,0.017635464982982168,0.02411368790926116
470,0.022497205282552012,0.018556147245277405,0.018556147245277405,0.019707714422607468,0.02526326997816302,0.017635464982982168,0.021626489911073216
477,0.022497205282552012,0.018556147245277405,0.018556147245277405,0.0280410477559408,0.022485492200385242,0.017635464982982168,0.022005635947382356
501,0.022497205282552012,0.018556147245277405,0.018556147245277405,0.011374381089274133,0.01692993664482969,0.024438186071417543,0.022703264654191167
502,0.022497205282552012,0.018556147245277405,0.018556147245277405,0.036374381089274134,0.022485492200385242,0.02783954661563523,0.021778148325596873
512,0.022497205282552012,0.018556147245277405,0.018556147245277405,0.019707714422607468,0.01692993664482969,0.017635464982982168,0.021702319118335044
513,0.022497205282552012,0.018556147245277405,0.018556147245277405,0.011374381089274133,0.019707714422607468,0.017635464982982168,0.022824591385810094
584,0.022497205282552012,0.018556147245277405,0.018556147245277405,0.019707714422607468,0.01692993664482969,0.01423410443876448,0.0218539775328587
588,0.022497205282552012,0.018556147245277405,0.018556147245277405,0.0280410477559408,0.019707714422607468,0.021036825527199855,0.02199047010592999
657,0.022497205282552012,0.018556147245277405,0.018556147245277405,0.019707714422607468,0.019707714422607468,0.021036825527199855,0.021793314167049237
714,0.022497205282552012,0.018556147245277405,0.018556147245277405,0.011374381089274133,0.02526326997816302,0.024438186071417543,0.022839757227262458
734,0.022497205282552012,0.018556147245277405,0.018556147245277405,0.036374381089274134,0.02526326997816302,0.010832743894546793,0.021869143374311065
754,0.022497205282552012,0.018556147245277405,0.018556147245277405,0.019707714422607468,0.022485492200385242,0.017635464982982168,0.02196013842302526
780,0.022497205282552012,0.018556147245277405,0.018556147245277405,0.011374381089274133,0.01692993664482969,0.021036825527199855,0.022308952776429667
784,0.022497205282552012,0.018556147245277405,0.018556147245277405,0.011374381089274133,0.0280410477559408,0.031240907159852914,0.022521274556762783
821,0.022497205282552012,0.018556147245277405,0.018556147245277405,0.019707714422607468,0.019707714422607468,0.017635464982982168,0.0218539775328587
914,0.022497205282552012,0.018556147245277405,0.018556147245277405,0.019707714422607468,0.014152158867051911,0.021036825527199855,0.02148999733800193
924,0.022497205282552012,0.018556147245277405,0.018556147245277405,0.0280410477559408,0.02526326997816302,0.01423410443876448,0.02147483149654956
952,0.022497205282552012,0.018556147245277405,0.018556147245277405,0.019707714422607468,0.022485492200385242,0.021036825527199855,0.021838811691406335
967,0.022497205282552012,0.018556147245277405,0.018556147245277405,0.0280410477559408,0.022485492200385242,0.024438186071417543,0.02147483149654956
977,0.022497205282552012,0.018556147245277405,0.018556147245277405,0.019707714422607468,0.019707714422607468,0.017635464982982168,0.022051133471739454
987,0.022497205282552012,0.018556147245277405,0.018556147245277405,0.019707714422607468,0.019707714422607468,0.024438186071417543,0.022187626044810744
019,0.022459302566190675,0.01792443530592175,0.01792443530592175,0.019707714422607468,0.01692993664482969,0.021036825527199855,0.022096630996096548
082,0.022459302566190675,0.01792443530592175,0.01792443530592175,0.036374381089274134,0.02526326997816302,0.01423410443876448,0.02148999733800193
091,0.022459302566190675,0.01792443530592175,0.01792443530592175,0.019707714422607468,0.022485492200385242,0.010832743894546793,0.02144449981364483
134,0.022459302566190675,0.01792443530592175,0.01792443530592175,0.019707714422607468,0.01692993664482969,0.017635464982982168,0.021702319118335044
149,0.022459302566190675,0.01792443530592175,0.01792443530592175,0.011374381089274133,0.014152158867051911,0.017635464982982168,0.022339284459334394
204,0.022459302566190675,0.01792443530592175,0.01792443530592175,0.019707714422607468,0.02526326997816302,0.017635464982982168,0.021747816642692142
227,0.022459302566190675,0.01792443530592175,0.01792443530592175,0.011374381089274133,0.01692993664482969,0.017635464982982168,0.022339284459334394
271,0.022459302566190675,0.01792443530592175,0.01792443530592175,0.019707714422607468,0.022485492200385242,0.021036825527199855,0.022035967630287086
275,0.022459302566190675,0.01792443530592175,0.01792443530592175,0.019707714422607468,0.022485492200385242,0.021036825527199855,0.021793314167049237
343,0.022459302566190675,0.01792443530592175,0.01792443530592175,0.019707714422607468,0.01692993664482969,0.017635464982982168,0.021944972581572894
354,0.022459302566190675,0.01792443530592175,0.01792443530592175,0.0280410477559408,0.022485492200385242,0.01423410443876448,0.021505163179454292
373,0.022459302566190675,0.01792443530592175,0.01792443530592175,0.011374381089274133,0.022485492200385242,0.017635464982982168,0.022688098812738804
374,0.022459302566190675,0.01792443530592175,0.01792443530592175,0.011374381089274133,0.022485492200385242,0.02783954661563523,0.022718430495643534
406,0.022459302566190675,0.01792443530592175,0.01792443530592175,0.0280410477559408,0.022485492200385242,0.021036825527199855,0.021747816642692142
411,0.022459302566190675,0.01792443530592175,0.01792443530592175,0.0280410477559408,0.02526326997816302,0.017635464982982168,0.022051133471739454
436,0.022459302566190675,0.01792443530592175,0.01792443530592175,0.019707714422607468,0.019707714422607468,0.024438186071417543,0.022005635947382356
453,0.022459302566190675,0.01792443530592175,0.01792443530592175,0.0280410477559408,0.019707714422607468,0.017635464982982168,0.021944972581572894
474,0.022459302566190675,0.01792443530592175,0.01792443530592175,0.019707714422607468,0.01692993664482969,0.017635464982982168,0.02188430921576343
624,0.022459302566190675,0.01792443530592175,0.01792443530592175,0.011374381089274133,0.014152158867051911,0.01423410443876448,0.023021747324690846
628,0.022459302566190675,0.01792443530592175,0.01792443530592175,0.019707714422607468,0.019707714422607468,0.017635464982982168,0.022066299313191817
664,0.022459302566190675,0.01792443530592175,0.01792443530592175,0.019707714422607468,0.01692993664482969,0.024438186071417543,0.0218539775328587
667,0.022459302566190675,0.01792443530592175,0.01792443530592175,0.011374381089274133,0.011374381089274133,0.034642267704070605,0.02411368790926116
717,0.022459302566190675,0.01792443530592175,0.01792443530592175,0.011374381089274133,0.02526326997816302,0.021036825527199855,0.022688098812738804
797,0.022459302566190675,0.01792443530592175,0.01792443530592175,0.011374381089274133,0.01692993664482969,0.010832743894546793,0.02276392802000063
856,0.022459302566190675,0.01792443530592175,0.01792443530592175,0.0280410477559408,0.01692993664482969,0.021036825527199855,0.022066299313191817
006,0.022421399849829333,0.017292723366566096,0.017292723366566096,0.019707714422607468,0.019707714422607468,0.01423410443876448,0.02159615822816849
029,0.022421399849829333,0.017292723366566096,0.017292723366566096,0.011374381089274133,0.01692993664482969,0.024438186071417543,0.022794259702905363
088,0.022421399849829333,0.017292723366566096,0.017292723366566096,0.019707714422607468,0.01692993664482969,0.01423410443876448,0.021626489911073216
443,0.022421399849829333,0.017292723366566096,0.017292723366566096,0.019707714422607468,0.014152158867051911,0.017635464982982168,0.02215729436190601
451,0.022421399849829333,0.017292723366566096,0.017292723366566096,0.011374381089274133,0.014152158867051911,0.017635464982982168,0.02378003939730912
456,0.022421399849829333,0.017292723366566096,0.017292723366566096,0.019707714422607468,0.014152158867051911,0.021036825527199855,0.021762982484144506
576,0.022421399849829333,0.017292723366566096,0.017292723366566096,0.011374381089274133,0.011374381089274133,0.024438186071417543,0.02411368790926116
629,0.022421399849829333,0.017292723366566096,0.017292723366566096,0.019707714422607468,0.014152158867051911,0.017635464982982168,0.021626489911073216
684,0.022421399849829333,0.017292723366566096,0.017292723366566096,0.011374381089274133,0.019707714422607468,0.021036825527199855,0.022612269605476975
783,0.022421399849829333,0.017292723366566096,0.017292723366566096,0.011374381089274133,0.014152158867051911,0.017635464982982168,0.02232411861788203
802,0.022421399849829333,0.017292723366566096,0.017292723366566096,0.019707714422607468,0.014152158867051911,0.01423410443876448,0.022248289410620202
040,0.022383497133467996,0.016661011427210444,0.016661011427210444,0.019707714422607468,0.01692993664482969,0.021036825527199855,0.02148999733800193
085,0.022383497133467996,0.016661011427210444,0.016661011427210444,0.011374381089274133,0.01692993664482969,0.010832743894546793,0.022551606239667513
253,0.022383497133467996,0.016661011427210444,0.016661011427210444,0.011374381089274133,0.01692993664482969,0.021036825527199855,0.02235445030078676
259,0.022383497133467996,0.016661011427210444,0.016661011427210444,0.011374381089274133,0.01692993664482969,0.021036825527199855,0.022779093861453
315,0.022383497133467996,0.016661011427210444,0.016661011427210444,0.011374381089274133,0.011374381089274133,0.021036825527199855,0.02411368790926116
434,0.022383497133467996,0.016661011427210444,0.016661011427210444,0.036374381089274134,0.022485492200385242,0.017635464982982168,0.021611324069620852
555,0.022383497133467996,0.016661011427210444,0.016661011427210444,0.011374381089274133,0.01692993664482969,0.021036825527199855,0.02239994782514386
596,0.022383497133467996,0.016661011427210444,0.016661011427210444,0.019707714422607468,0.01692993664482969,0.021036825527199855,0.021671987435430314
658,0.022383497133467996,0.016661011427210444,0.016661011427210444,0.011374381089274133,0.019707714422607468,0.017635464982982168,0.02341605920245235
730,0.022383497133467996,0.016661011427210444,0.016661011427210444,0.019707714422607468,0.022485492200385242,0.017635464982982168,0.021520329020906656
807,0.022383497133467996,0.016661011427210444,0.016661011427210444,0.019707714422607468,0.019707714422607468,0.021036825527199855,0.02155066070381139
808,0.022383497133467996,0.016661011427210444,0.016661011427210444,0.011374381089274133,0.019707714422607468,0.02783954661563523,0.023461556726809447
828,0.022383497133467996,0.016661011427210444,0.016661011427210444,0.011374381089274133,0.022485492200385242,0.017635464982982168,0.02285492306871482
870,0.022383497133467996,0.016661011427210444,0.016661011427210444,0.011374381089274133,0.019707714422607468,0.010832743894546793,0.023006581483238482
874,0.022383497133467996,0.016661011427210444,0.016661011427210444,0.019707714422607468,0.01692993664482969,0.024438186071417543,0.021899475057215796
968,0.022383497133467996,0.016661011427210444,0.016661011427210444,0.019707714422607468,0.022485492200385242,0.017635464982982168,0.021975304264477625
042,0.022345594417106658,0.016029299487854788,0.016029299487854788,0.0280410477559408,0.022485492200385242,0.017635464982982168,0.021565826545263754
090,0.022345594417106658,0.016029299487854788,0.016029299487854788,0.0280410477559408,0.022485492200385242,0.017635464982982168,0.02188430921576343
400,0.022345594417106658,0.016029299487854788,0.016029299487854788,0.0280410477559408,0.01692993664482969,0.024438186071417543,0.02158099238671612
795,0.022345594417106658,0.016029299487854788,0.016029299487854788,0.036374381089274134,0.022485492200385242,0.01423410443876448,0.021459665655097198
812,0.022345594417106658,0.016029299487854788,0.016029299487854788,0.0280410477559408,0.019707714422607468,0.017635464982982168,0.021656821593977946
893,0.022345594417106658,0.016029299487854788,0.016029299487854788,0.0280410477559408,0.01692993664482969,0.017635464982982168,0.021702319118335044
929,0.022345594417106658,0.016029299487854788,0.016029299487854788,0.019707714422607468,0.01692993664482969,0.010832743894546793,0.0218539775328587
979,0.022345594417106658,0.016029299487854788,0.016029299487854788,0.019707714422607468,0.02526326997816302,0.01423410443876448,0.022187626044810744
017,0.022307691700745317,0.015397587548499136,0.015397587548499136,0.019707714422607468,0.019707714422607468,0.021036825527199855,0.0214141681307401
026,0.022307691700745317,0.015397587548499136,0.015397587548499136,0.011374381089274133,0.011374381089274133,0.01423410443876448,0.02411368790926116
135,0.022307691700745317,0.015397587548499136,0.015397587548499136,0.011374381089274133,0.014152158867051911,0.01423410443876448,0.02235445030078676
178,0.022307691700745317,0.015397587548499136,0.015397587548499136,0.019707714422607468,0.014152158867051911,0.017635464982982168,0.02202080178883472
747,0.02226978898438398,0.014765875609143482,0.014765875609143482,0.011374381089274133,0.014152158867051911,0.017635464982982168,0.023158239897762136
