number,probability,raw_model_probability,long_rate,short_rate,recent_long_rate,weekday_rate,gap_signal
572,0.023212769520573086,0.03434894572916875,0.03434894572916875,0.011374381089274133,0.0280410477559408,0.017635464982982168,0.022369616142239125
662,0.023212769520573086,0.03434894572916875,0.03434894572916875,0.019707714422607468,0.022485492200385242,0.024438186071417543,0.021656821593977946
186,0.023162232565424632,0.03308552185045744,0.03308552185045744,0.0280410477559408,0.0280410477559408,0.021036825527199855,0.021914640898668163
983,0.023136964087850407,0.03245380991110179,0.03245380991110179,0.0280410477559408,0.03359660331149635,0.021036825527199855,0.02158099238671612
053,0.02311169561027618,0.031822097971746136,0.031822097971746136,0.011374381089274133,0.019707714422607468,0.031240907159852914,0.022642601288381706
369,0.02311169561027618,0.031822097971746136,0.031822097971746136,0.036374381089274134,0.02526326997816302,0.021036825527199855,0.021505163179454292
432,0.02311169561027618,0.031822097971746136,0.031822097971746136,0.044707714422607465,0.030818825533718577,0.02783954661563523,0.021429333972192464
484,0.02311169561027618,0.031822097971746136,0.031822097971746136,0.0280410477559408,0.022485492200385242,0.031240907159852914,0.021565826545263754
697,0.02311169561027618,0.031822097971746136,0.031822097971746136,0.0280410477559408,0.030818825533718577,0.03804362824828829,0.021429333972192464
370,0.023086427132701953,0.03119038603239048,0.03119038603239048,0.019707714422607468,0.02526326997816302,0.02783954661563523,0.021929806740120527
526,0.023086427132701953,0.03119038603239048,0.03119038603239048,0.044707714422607465,0.0280410477559408,0.03804362824828829,0.02138383644783537
114,0.023061158655127728,0.030558674093034827,0.030558674093034827,0.0280410477559408,0.036374381089274134,0.02783954661563523,0.02171748495978741
179,0.023061158655127728,0.030558674093034827,0.030558674093034827,0.0280410477559408,0.030818825533718577,0.03804362824828829,0.02196013842302526
294,0.023061158655127728,0.030558674093034827,0.030558674093034827,0.019707714422607468,0.030818825533718577,0.021036825527199855,0.021520329020906656
592,0.023061158655127728,0.030558674093034827,0.030558674093034827,0.0280410477559408,0.030818825533718577,0.031240907159852914,0.02168715327688268
653,0.023061158655127728,0.030558674093034827,0.030558674093034827,0.0280410477559408,0.0280410477559408,0.031240907159852914,0.021778148325596873
878,0.023061158655127728,0.030558674093034827,0.030558674093034827,0.011374381089274133,0.022485492200385242,0.021036825527199855,0.022384781983691492
073,0.023035890177553503,0.02992696215367917,0.02992696215367917,0.019707714422607468,0.030818825533718577,0.024438186071417543,0.02188430921576343
645,0.023035890177553503,0.02992696215367917,0.02992696215367917,0.036374381089274134,0.0280410477559408,0.034642267704070605,0.021869143374311065
676,0.023035890177553503,0.02992696215367917,0.02992696215367917,0.0280410477559408,0.0280410477559408,0.034642267704070605,0.02138383644783537
811,0.023035890177553503,0.02992696215367917,0.02992696215367917,0.036374381089274134,0.0280410477559408,0.017635464982982168,0.021429333972192464
867,0.023035890177553503,0.02992696215367917,0.02992696215367917,0.036374381089274134,0.022485492200385242,0.021036825527199855,0.021641655752525583
000,0.023010621699979274,0.02929525021432352,0.02929525021432352,0.036374381089274134,0.03359660331149635,0.02783954661563523,0.02147483149654956
079,0.023010621699979274,0.02929525021432352,0.02929525021432352,0.019707714422607468,0.019707714422607468,0.021036825527199855,0.02155066070381139
092,0.023010621699979274,0.02929525021432352,0.02929525021432352,0.019707714422607468,0.03359660331149635,0.021036825527199855,0.022142128520453646
119,0.023010621699979274,0.02929525021432352,0.02929525021432352,0.036374381089274134,0.022485492200385242,0.031240907159852914,0.021429333972192464
124,0.023010621699979274,0.02929525021432352,0.02929525021432352,0.019707714422607468,0.022485492200385242,0.02783954661563523,0.022202791886263108
213,0.023010621699979274,0.02929525021432352,0.02929525021432352,0.019707714422607468,0.02526326997816302,0.02783954661563523,0.022172460203358377
599,0.023010621699979274,0.02929525021432352,0.02929525021432352,0.019707714422607468,0.02526326997816302,0.024438186071417543,0.021808480008501604
724,0.023010621699979274,0.02929525021432352,0.02929525021432352,0.0530410477559408,0.030818825533718577,0.03804362824828829,0.02148999733800193
854,0.023010621699979274,0.02929525021432352,0.02929525021432352,0.036374381089274134,0.0280410477559408,0.021036825527199855,0.02155066070381139
898,0.023010621699979274,0.02929525021432352,0.02929525021432352,0.011374381089274133,0.019707714422607468,0.034642267704070605,0.022718430495643534
052,0.02298535322240505,0.028663538274967867,0.028663538274967867,0.0280410477559408,0.030818825533718577,0.02783954661563523,0.02155066070381139
057,0.02298535322240505,0.028663538274967867,0.028663538274967867,0.036374381089274134,0.03359660331149635,0.017635464982982168,0.021808480008501604
221,0.02298535322240505,0.028663538274967867,0.028663538274967867,0.0280410477559408,0.02526326997816302,0.021036825527199855,0.0214141681307401
243,0.02298535322240505,0.028663538274967867,0.028663538274967867,0.019707714422607468,0.030818825533718577,0.02783954661563523,0.022248289410620202
267,0.02298535322240505,0.028663538274967867,0.028663538274967867,0.011374381089274133,0.0280410477559408,0.02783954661563523,0.0222937869349773
356,0.02298535322240505,0.028663538274967867,0.028663538274967867,0.0280410477559408,0.02526326997816302,0.05164907042515904,0.021929806740120527
473,0.02298535322240505,0.028663538274967867,0.028663538274967867,0.036374381089274134,0.036374381089274134,0.04144498879250598,0.0214141681307401
491,0.02298535322240505,0.028663538274967867,0.028663538274967867,0.036374381089274134,0.03915215886705191,0.031240907159852914,0.022081465154644184
573,0.02298535322240505,0.028663538274967867,0.028663538274967867,0.011374381089274133,0.01692993664482969,0.024438186071417543,0.022657767129834073
612,0.02298535322240505,0.028663538274967867,0.028663538274967867,0.0280410477559408,0.0280410477559408,0.017635464982982168,0.021565826545263754
875,0.02298535322240505,0.028663538274967867,0.028663538274967867,0.019707714422607468,0.0280410477559408,0.024438186071417543,0.022142128520453646
975,0.02298535322240505,0.028663538274967867,0.028663538274967867,0.019707714422607468,0.02526326997816302,0.017635464982982168,0.02212696267900128
978,0.02298535322240505,0.028663538274967867,0.028663538274967867,0.019707714422607468,0.02526326997816302,0.04824770988094135,0.021641655752525583
013,0.022960084744830824,0.02803182633561221,0.02803182633561221,0.0280410477559408,0.0280410477559408,0.034642267704070605,0.02168715327688268
080,0.022960084744830824,0.02803182633561221,0.02803182633561221,0.036374381089274134,0.036374381089274134,0.034642267704070605,0.021656821593977946
112,0.022960084744830824,0.02803182633561221,0.02803182633561221,0.011374381089274133,0.01692993664482969,0.017635464982982168,0.022475777032405685
151,0.022960084744830824,0.02803182633561221,0.02803182633561221,0.011374381089274133,0.02526326997816302,0.02783954661563523,0.022384781983691492
274,0.022960084744830824,0.02803182633561221,0.02803182633561221,0.019707714422607468,0.014152158867051911,0.024438186071417543,0.021702319118335044
362,0.022960084744830824,0.02803182633561221,0.02803182633561221,0.019707714422607468,0.019707714422607468,0.024438186071417543,0.021869143374311065
532,0.022960084744830824,0.02803182633561221,0.02803182633561221,0.019707714422607468,0.0280410477559408,0.021036825527199855,0.022142128520453646
549,0.022960084744830824,0.02803182633561221,0.02803182633561221,0.019707714422607468,0.019707714422607468,0.034642267704070605,0.021808480008501604
556,0.022960084744830824,0.02803182633561221,0.02803182633561221,0.044707714422607465,0.03915215886705191,0.02783954661563523,0.021429333972192464
619,0.022960084744830824,0.02803182633561221,0.02803182633561221,0.036374381089274134,0.036374381089274134,0.021036825527199855,0.021626489911073216
691,0.022960084744830824,0.02803182633561221,0.02803182633561221,0.036374381089274134,0.03359660331149635,0.024438186071417543,0.02158099238671612
715,0.022960084744830824,0.02803182633561221,0.02803182633561221,0.044707714422607465,0.03359660331149635,0.021036825527199855,0.021520329020906656
774,0.022960084744830824,0.02803182633561221,0.02803182633561221,0.0280410477559408,0.036374381089274134,0.024438186071417543,0.0218539775328587
836,0.022960084744830824,0.02803182633561221,0.02803182633561221,0.044707714422607465,0.03359660331149635,0.03804362824828829,0.02138383644783537
848,0.022960084744830824,0.02803182633561221,0.02803182633561221,0.019707714422607468,0.022485492200385242,0.017635464982982168,0.02196013842302526
871,0.022960084744830824,0.02803182633561221,0.02803182633561221,0.019707714422607468,0.019707714422607468,0.021036825527199855,0.021641655752525583
906,0.022960084744830824,0.02803182633561221,0.02803182633561221,0.0530410477559408,0.0280410477559408,0.024438186071417543,0.021838811691406335
916,0.022960084744830824,0.02803182633561221,0.02803182633561221,0.0280410477559408,0.022485492200385242,0.017635464982982168,0.021626489911073216
964,0.022960084744830824,0.02803182633561221,0.02803182633561221,0.0280410477559408,0.03359660331149635,0.024438186071417543,0.021944972581572894
174,0.022934816267256596,0.02740011439625656,0.02740011439625656,0.036374381089274134,0.030818825533718577,0.034642267704070605,0.02171748495978741
194,0.022934816267256596,0.02740011439625656,0.02740011439625656,0.019707714422607468,0.0280410477559408,0.024438186071417543,0.021869143374311065
250,0.022934816267256596,0.02740011439625656,0.02740011439625656,0.061374381089274135,0.03915215886705191,0.02783954661563523,0.0214141681307401
292,0.022934816267256596,0.02740011439625656,0.02740011439625656,0.0280410477559408,0.0280410477559408,0.024438186071417543,0.021793314167049237
409,0.022934816267256596,0.02740011439625656,0.02740011439625656,0.0280410477559408,0.03915215886705191,0.02783954661563523,0.021626489911073216
419,0.022934816267256596,0.02740011439625656,0.02740011439625656,0.019707714422607468,0.014152158867051911,0.021036825527199855,0.02199047010592999
422,0.022934816267256596,0.02740011439625656,0.02740011439625656,0.011374381089274133,0.01692993664482969,0.034642267704070605,0.02324923494647633
475,0.022934816267256596,0.02740011439625656,0.02740011439625656,0.019707714422607468,0.022485492200385242,0.031240907159852914,0.0218539775328587
559,0.022934816267256596,0.02740011439625656,0.02740011439625656,0.0280410477559408,0.02526326997816302,0.010832743894546793,0.021762982484144506
605,0.022934816267256596,0.02740011439625656,0.02740011439625656,0.044707714422607465,0.030818825533718577,0.017635464982982168,0.021626489911073216
620,0.022934816267256596,0.02740011439625656,0.02740011439625656,0.019707714422607468,0.02526326997816302,0.021036825527199855,0.02158099238671612
661,0.022934816267256596,0.02740011439625656,0.02740011439625656,0.0280410477559408,0.022485492200385242,0.03804362824828829,0.02148999733800193
727,0.022934816267256596,0.02740011439625656,0.02740011439625656,0.036374381089274134,0.03359660331149635,0.021036825527199855,0.021565826545263754
902,0.022934816267256596,0.02740011439625656,0.02740011439625656,0.0280410477559408,0.03359660331149635,0.021036825527199855,0.02147483149654956
932,0.022934816267256596,0.02740011439625656,0.02740011439625656,0.0280410477559408,0.022485492200385242,0.021036825527199855,0.02144449981364483
957,0.022934816267256596,0.02740011439625656,0.02740011439625656,0.019707714422607468,0.030818825533718577,0.01423410443876448,0.021399002289287733
032,0.02290954778968237,0.026768402456900903,0.026768402456900903,0.0280410477559408,0.022485492200385242,0.021036825527199855,0.021459665655097198
035,0.02290954778968237,0.026768402456900903,0.026768402456900903,0.0280410477559408,0.0280410477559408,0.01423410443876448,0.021565826545263754
059,0.02290954778968237,0.026768402456900903,0.026768402456900903,0.019707714422607468,0.02526326997816302,0.031240907159852914,0.021565826545263754
081,0.02290954778968237,0.026768402456900903,0.026768402456900903,0.0280410477559408,0.0280410477559408,0.024438186071417543,0.021914640898668163
097,0.02290954778968237,0.026768402456900903,0.026768402456900903,0.0280410477559408,0.030818825533718577,0.021036825527199855,0.021565826545263754
102,0.02290954778968237,0.026768402456900903,0.026768402456900903,0.0280410477559408,0.022485492200385242,0.017635464982982168,0.02159615822816849
115,0.02290954778968237,0.026768402456900903,0.026768402456900903,0.044707714422607465,0.0280410477559408,0.02783954661563523,0.02148999733800193
138,0.02290954778968237,0.026768402456900903,0.026768402456900903,0.019707714422607468,0.0280410477559408,0.031240907159852914,0.022248289410620202
166,0.02290954778968237,0.026768402456900903,0.026768402456900903,0.0280410477559408,0.022485492200385242,0.034642267704070605,0.02147483149654956
169,0.02290954778968237,0.026768402456900903,0.026768402456900903,0.0530410477559408,0.030818825533718577,0.034642267704070605,0.02138383644783537
189,0.02290954778968237,0.026768402456900903,0.026768402456900903,0.036374381089274134,0.02526326997816302,0.03804362824828829,0.021399002289287733
191,0.02290954778968237,0.026768402456900903,0.026768402456900903,0.0280410477559408,0.036374381089274134,0.017635464982982168,0.02138383644783537
206,0.02290954778968237,0.026768402456900903,0.026768402456900903,0.0280410477559408,0.022485492200385242,0.021036825527199855,0.021702319118335044
239,0.02290954778968237,0.026768402456900903,0.026768402456900903,0.011374381089274133,0.022485492200385242,0.02783954661563523,0.022445445349500954
244,0.02290954778968237,0.026768402456900903,0.026768402456900903,0.019707714422607468,0.02526326997816302,0.02783954661563523,0.022035967630287086
254,0.02290954778968237,0.026768402456900903,0.026768402456900903,0.0280410477559408,0.02526326997816302,0.024438186071417543,0.021535494862359023
289,0.02290954778968237,0.026768402456900903,0.026768402456900903,0.011374381089274133,0.019707714422607468,0.02783954661563523,0.022779093861453
296,0.02290954778968237,0.026768402456900903,0.026768402456900903,0.0280410477559408,0.030818825533718577,0.031240907159852914,0.021641655752525583
318,0.02290954778968237,0.026768402456900903,0.026768402456900903,0.0280410477559408,0.022485492200385242,0.034642267704070605,0.021459665655097198
341,0.02290954778968237,0.026768402456900903,0.026768402456900903,0.0280410477559408,0.0280410477559408,0.02783954661563523,0.021899475057215796
358,0.02290954778968237,0.026768402456900903,0.026768402456900903,0.019707714422607468,0.022485492200385242,0.02783954661563523,0.02211179683754891
363,0.02290954778968237,0.026768402456900903,0.026768402456900903,0.019707714422607468,0.02526326997816302,0.017635464982982168,0.022142128520453646
396,0.02290954778968237,0.026768402456900903,0.026768402456900903,0.0280410477559408,0.02526326997816302,0.021036825527199855,0.02199047010592999
492,0.02290954778968237,0.026768402456900903,0.026768402456900903,0.019707714422607468,0.0280410477559408,0.02783954661563523,0.02221795772771547
522,0.02290954778968237,0.026768402456900903,0.026768402456900903,0.019707714422607468,0.030818825533718577,0.02783954661563523,0.022096630996096548
523,0.02290954778968237,0.026768402456900903,0.026768402456900903,0.0280410477559408,0.022485492200385242,0.024438186071417543,0.021929806740120527
525,0.02290954778968237,0.026768402456900903,0.026768402456900903,0.0280410477559408,0.02526326997816302,0.021036825527199855,0.021429333972192464
547,0.02290954778968237,0.026768402456900903,0.026768402456900903,0.036374381089274134,0.02526326997816302,0.021036825527199855,0.021611324069620852
586,0.02290954778968237,0.026768402456900903,0.026768402456900903,0.036374381089274134,0.0280410477559408,0.017635464982982168,0.02144449981364483
633,0.02290954778968237,0.026768402456900903,0.026768402456900903,0.011374381089274133,0.02526326997816302,0.021036825527199855,0.023188571580666867
669,0.02290954778968237,0.026768402456900903,0.026768402456900903,0.019707714422607468,0.030818825533718577,0.021036825527199855,0.021762982484144506
710,0.02290954778968237,0.026768402456900903,0.026768402456900903,0.036374381089274134,0.02526326997816302,0.04144498879250598,0.021505163179454292
729,0.02290954778968237,0.026768402456900903,0.026768402456900903,0.0280410477559408,0.02526326997816302,0.02783954661563523,0.021762982484144506
736,0.02290954778968237,0.026768402456900903,0.026768402456900903,0.011374381089274133,0.019707714422607468,0.021036825527199855,0.023294732470833423
742,0.02290954778968237,0.026768402456900903,0.026768402456900903,0.0280410477559408,0.030818825533718577,0.021036825527199855,0.0214141681307401
749,0.02290954778968237,0.026768402456900903,0.026768402456900903,0.0280410477559408,0.022485492200385242,0.044846349336723663,0.02168715327688268
766,0.02290954778968237,0.026768402456900903,0.026768402456900903,0.011374381089274133,0.014152158867051911,0.02783954661563523,0.023021747324690846
813,0.02290954778968237,0.026768402456900903,0.026768402456900903,0.011374381089274133,0.01692993664482969,0.024438186071417543,0.02243027950804859
814,0.02290954778968237,0.026768402456900903,0.026768402456900903,0.011374381089274133,0.022485492200385242,0.024438186071417543,0.022839757227262458
829,0.02290954778968237,0.026768402456900903,0.026768402456900903,0.011374381089274133,0.02526326997816302,0.021036825527199855,0.022475777032405685
049,0.022884279312108145,0.02613669051754525,0.02613669051754525,0.011374381089274133,0.01692993664482969,0.031240907159852914,0.022839757227262458
087,0.022884279312108145,0.02613669051754525,0.02613669051754525,0.011374381089274133,0.0280410477559408,0.021036825527199855,0.0222937869349773
127,0.022884279312108145,0.02613669051754525,0.02613669051754525,0.0280410477559408,0.022485492200385242,0.021036825527199855,0.021611324069620852
132,0.022884279312108145,0.02613669051754525,0.02613669051754525,0.019707714422607468,0.019707714422607468,0.02783954661563523,0.02159615822816849
139,0.022884279312108145,0.02613669051754525,0.02613669051754525,0.019707714422607468,0.014152158867051911,0.031240907159852914,0.02199047010592999
158,0.022884279312108145,0.02613669051754525,0.02613669051754525,0.019707714422607468,0.019707714422607468,0.01423410443876448,0.021626489911073216
208,0.022884279312108145,0.02613669051754525,0.02613669051754525,0.0280410477559408,0.030818825533718577,0.021036825527199855,0.02199047010592999
224,0.022884279312108145,0.02613669051754525,0.02613669051754525,0.036374381089274134,0.0280410477559408,0.031240907159852914,0.02182364584995397
313,0.022884279312108145,0.02613669051754525,0.02613669051754525,0.0280410477559408,0.02526326997816302,0.024438186071417543,0.02155066070381139
314,0.022884279312108145,0.02613669051754525,0.02613669051754525,0.044707714422607465,0.0280410477559408,0.01423410443876448,0.021399002289287733
326,0.022884279312108145,0.02613669051754525,0.02613669051754525,0.011374381089274133,0.01692993664482969,0.021036825527199855,0.022308952776429667
336,0.022884279312108145,0.02613669051754525,0.02613669051754525,0.0280410477559408,0.022485492200385242,0.02783954661563523,0.021838811691406335
380,0.022884279312108145,0.02613669051754525,0.02613669051754525,0.011374381089274133,0.01692993664482969,0.01423410443876448,0.022885254751619555
389,0.022884279312108145,0.02613669051754525,0.02613669051754525,0.036374381089274134,0.022485492200385242,0.021036825527199855,0.0218539775328587
391,0.022884279312108145,0.02613669051754525,0.02613669051754525,0.0280410477559408,0.0280410477559408,0.02783954661563523,0.02212696267900128
395,0.022884279312108145,0.02613669051754525,0.02613669051754525,0.0280410477559408,0.02526326997816302,0.021036825527199855,0.021929806740120527
447,0.022884279312108145,0.02613669051754525,0.02613669051754525,0.044707714422607465,0.0280410477559408,0.021036825527199855,0.021565826545263754
450,0.022884279312108145,0.02613669051754525,0.02613669051754525,0.011374381089274133,0.022485492200385242,0.031240907159852914,0.022839757227262458
482,0.022884279312108145,0.02613669051754525,0.02613669051754525,0.019707714422607468,0.014152158867051911,0.010832743894546793,0.021869143374311065
543,0.022884279312108145,0.02613669051754525,0.02613669051754525,0.0280410477559408,0.01692993664482969,0.034642267704070605,0.022051133471739454
606,0.022884279312108145,0.02613669051754525,0.02613669051754525,0.044707714422607465,0.036374381089274134,0.031240907159852914,0.021671987435430314
625,0.022884279312108145,0.02613669051754525,0.02613669051754525,0.0280410477559408,0.030818825533718577,0.021036825527199855,0.02202080178883472
647,0.022884279312108145,0.02613669051754525,0.02613669051754525,0.019707714422607468,0.022485492200385242,0.02783954661563523,0.022066299313191817
665,0.022884279312108145,0.02613669051754525,0.02613669051754525,0.036374381089274134,0.022485492200385242,0.034642267704070605,0.021611324069620852
672,0.022884279312108145,0.02613669051754525,0.02613669051754525,0.011374381089274133,0.02526326997816302,0.031240907159852914,0.02253644039821515
686,0.022884279312108145,0.02613669051754525,0.02613669051754525,0.0280410477559408,0.022485492200385242,0.031240907159852914,0.021808480008501604
720,0.022884279312108145,0.02613669051754525,0.02613669051754525,0.036374381089274134,0.03359660331149635,0.01423410443876448,0.02138383644783537
745,0.022884279312108145,0.02613669051754525,0.02613669051754525,0.019707714422607468,0.019707714422607468,0.017635464982982168,0.022187626044810744
791,0.022884279312108145,0.02613669051754525,0.02613669051754525,0.019707714422607468,0.0280410477559408,0.024438186071417543,0.02147483149654956
840,0.022884279312108145,0.02613669051754525,0.02613669051754525,0.036374381089274134,0.0280410477559408,0.034642267704070605,0.021565826545263754
844,0.022884279312108145,0.02613669051754525,0.02613669051754525,0.0280410477559408,0.02526326997816302,0.017635464982982168,0.021793314167049237
869,0.022884279312108145,0.02613669051754525,0.02613669051754525,0.0280410477559408,0.0280410477559408,0.031240907159852914,0.02147483149654956
879,0.022884279312108145,0.02613669051754525,0.02613669051754525,0.036374381089274134,0.022485492200385242,0.021036825527199855,0.021778148325596873
910,0.022884279312108145,0.02613669051754525,0.02613669051754525,0.011374381089274133,0.01692993664482969,0.024438186071417543,0.022506108715310415
937,0.022884279312108145,0.02613669051754525,0.02613669051754525,0.019707714422607468,0.019707714422607468,0.034642267704070605,0.021914640898668163
966,0.022884279312108145,0.02613669051754525,0.02613669051754525,0.011374381089274133,0.011374381089274133,0.024438186071417543,0.02411368790926116
981,0.022884279312108145,0.02613669051754525,0.02613669051754525,0.0280410477559408,0.022485492200385242,0.031240907159852914,0.021944972581572894
046,0.02285901083453392,0.025504978578189598,0.025504978578189598,0.0280410477559408,0.030818825533718577,0.024438186071417543,0.021626489911073216
063,0.02285901083453392,0.025504978578189598,0.025504978578189598,0.036374381089274134,0.030818825533718577,0.02783954661563523,0.021778148325596873
111,0.02285901083453392,0.025504978578189598,0.025504978578189598,0.0280410477559408,0.0280410477559408,0.017635464982982168,0.02144449981364483
121,0.02285901083453392,0.025504978578189598,0.025504978578189598,0.0280410477559408,0.019707714422607468,0.024438186071417543,0.021429333972192464
147,0.02285901083453392,0.025504978578189598,0.025504978578189598,0.0280410477559408,0.022485492200385242,0.021036825527199855,0.021808480008501604
246,0.02285901083453392,0.025504978578189598,0.025504978578189598,0.019707714422607468,0.030818825533718577,0.024438186071417543,0.021778148325596873
277,0.02285901083453392,0.025504978578189598,0.025504978578189598,0.036374381089274134,0.03359660331149635,0.021036825527199855,0.02144449981364483
278,0.02285901083453392,0.025504978578189598,0.025504978578189598,0.044707714422607465,0.0280410477559408,0.02783954661563523,0.021641655752525583
299,0.02285901083453392,0.025504978578189598,0.025504978578189598,0.044707714422607465,0.022485492200385242,0.017635464982982168,0.0214141681307401
300,0.02285901083453392,0.025504978578189598,0.025504978578189598,0.019707714422607468,0.01692993664482969,0.02783954661563523,0.021505163179454292
306,0.02285901083453392,0.025504978578189598,0.025504978578189598,0.019707714422607468,0.01692993664482969,0.02783954661563523,0.02226345525207257
310,0.02285901083453392,0.025504978578189598,0.025504978578189598,0.036374381089274134,0.02526326997816302,0.02783954661563523,0.0214141681307401
312,0.02285901083453392,0.025504978578189598,0.025504978578189598,0.019707714422607468,0.019707714422607468,0.02783954661563523,0.02226345525207257
317,0.02285901083453392,0.025504978578189598,0.025504978578189598,0.019707714422607468,0.022485492200385242,0.034642267704070605,0.022096630996096548
382,0.02285901083453392,0.025504978578189598,0.025504978578189598,0.019707714422607468,0.0280410477559408,0.031240907159852914,0.021808480008501604
398,0.02285901083453392,0.025504978578189598,0.025504978578189598,0.019707714422607468,0.036374381089274134,0.02783954661563523,0.02147483149654956
407,0.02285901083453392,0.025504978578189598,0.025504978578189598,0.019707714422607468,0.02526326997816302,0.017635464982982168,0.022051133471739454
417,0.02285901083453392,0.025504978578189598,0.025504978578189598,0.036374381089274134,0.0280410477559408,0.031240907159852914,0.021399002289287733
431,0.02285901083453392,0.025504978578189598,0.025504978578189598,0.011374381089274133,0.014152158867051911,0.01423410443876448,0.02341605920245235
435,0.02285901083453392,0.025504978578189598,0.025504978578189598,0.019707714422607468,0.022485492200385242,0.02783954661563523,0.02158099238671612
442,0.02285901083453392,0.025504978578189598,0.025504978578189598,0.036374381089274134,0.03359660331149635,0.017635464982982168,0.0214141681307401
481,0.02285901083453392,0.025504978578189598,0.025504978578189598,0.036374381089274134,0.0280410477559408,0.02783954661563523,0.021671987435430314
508,0.02285901083453392,0.025504978578189598,0.025504978578189598,0.0280410477559408,0.019707714422607468,0.024438186071417543,0.021671987435430314
517,0.02285901083453392,0.025504978578189598,0.025504978578189598,0.036374381089274134,0.02526326997816302,0.02783954661563523,0.021399002289287733
561,0.02285901083453392,0.025504978578189598,0.025504978578189598,0.0280410477559408,0.0280410477559408,0.02783954661563523,0.021641655752525583
568,0.02285901083453392,0.025504978578189598,0.025504978578189598,0.0280410477559408,0.030818825533718577,0.02783954661563523,0.02158099238671612
582,0.02285901083453392,0.025504978578189598,0.025504978578189598,0.0280410477559408,0.03359660331149635,0.017635464982982168,0.021671987435430314
597,0.02285901083453392,0.025504978578189598,0.025504978578189598,0.019707714422607468,0.02526326997816302,0.017635464982982168,0.021535494862359023
602,0.02285901083453392,0.025504978578189598,0.025504978578189598,0.019707714422607468,0.019707714422607468,0.031240907159852914,0.02211179683754891
603,0.02285901083453392,0.025504978578189598,0.025504978578189598,0.019707714422607468,0.019707714422607468,0.024438186071417543,0.02158099238671612
609,0.02285901083453392,0.025504978578189598,0.025504978578189598,0.011374381089274133,0.02526326997816302,0.017635464982982168,0.022976249800333748
618,0.02285901083453392,0.025504978578189598,0.025504978578189598,0.036374381089274134,0.03359660331149635,0.02783954661563523,0.021429333972192464
627,0.02285901083453392,0.025504978578189598,0.025504978578189598,0.0280410477559408,0.030818825533718577,0.02783954661563523,0.02158099238671612
634,0.02285901083453392,0.025504978578189598,0.025504978578189598,0.036374381089274134,0.022485492200385242,0.031240907159852914,0.021399002289287733
636,0.02285901083453392,0.025504978578189598,0.025504978578189598,0.011374381089274133,0.02526326997816302,0.02783954661563523,0.02243027950804859
652,0.02285901083453392,0.025504978578189598,0.025504978578189598,0.019707714422607468,0.02526326997816302,0.02783954661563523,0.02147483149654956
666,0.02285901083453392,0.025504978578189598,0.025504978578189598,0.036374381089274134,0.03359660331149635,0.031240907159852914,0.021611324069620852
688,0.02285901083453392,0.025504978578189598,0.025504978578189598,0.0280410477559408,0.02526326997816302,0.024438186071417543,0.021702319118335044
761,0.02285901083453392,0.025504978578189598,0.025504978578189598,0.019707714422607468,0.01692993664482969,0.017635464982982168,0.02147483149654956
768,0.02285901083453392,0.025504978578189598,0.025504978578189598,0.011374381089274133,0.022485492200385242,0.01423410443876448,0.022339284459334394
775,0.02285901083453392,0.025504978578189598,0.025504978578189598,0.0280410477559408,0.01692993664482969,0.021036825527199855,0.021505163179454292
794,0.02285901083453392,0.025504978578189598,0.025504978578189598,0.019707714422607468,0.02526326997816302,0.024438186071417543,0.021762982484144506
816,0.02285901083453392,0.025504978578189598,0.025504978578189598,0.019707714422607468,0.01692993664482969,0.02783954661563523,0.022096630996096548
841,0.02285901083453392,0.025504978578189598,0.025504978578189598,0.019707714422607468,0.022485492200385242,0.024438186071417543,0.0214141681307401
847,0.02285901083453392,0.025504978578189598,0.025504978578189598,0.019707714422607468,0.02526326997816302,0.017635464982982168,0.022081465154644184
877,0.02285901083453392,0.025504978578189598,0.025504978578189598,0.0280410477559408,0.0280410477559408,0.034642267704070605,0.02148999733800193
883,0.02285901083453392,0.025504978578189598,0.025504978578189598,0.019707714422607468,0.022485492200385242,0.02783954661563523,0.021793314167049237
887,0.02285901083453392,0.025504978578189598,0.025504978578189598,0.036374381089274134,0.030818825533718577,0.017635464982982168,0.021459665655097198
889,0.02285901083453392,0.025504978578189598,0.025504978578189598,0.036374381089274134,0.022485492200385242,0.04144498879250598,0.021702319118335044
904,0.02285901083453392,0.025504978578189598,0.025504978578189598,0.0280410477559408,0.02526326997816302,0.017635464982982168,0.021520329020906656
908,0.02285901083453392,0.025504978578189598,0.025504978578189598,0.019707714422607468,0.014152158867051911,0.01423410443876448,0.021565826545263754
936,0.02285901083453392,0.025504978578189598,0.025504978578189598,0.0280410477559408,0.0280410477559408,0.024438186071417543,0.02138383644783537
946,0.02285901083453392,0.025504978578189598,0.025504978578189598,0.0280410477559408,0.01692993664482969,0.024438186071417543,0.021747816642692142
960,0.02285901083453392,0.025504978578189598,0.025504978578189598,0.011374381089274133,0.01692993664482969,0.024438186071417543,0.022915586434524286
989,0.02285901083453392,0.025504978578189598,0.025504978578189598,0.036374381089274134,0.0280410477559408,0.031240907159852914,0.021808480008501604
990,0.02285901083453392,0.025504978578189598,0.025504978578189598,0.019707714422607468,0.022485492200385242,0.024438186071417543,0.021944972581572894
003,0.02283374235695969,0.024873266638833942,0.024873266638833942,0.0280410477559408,0.02526326997816302,0.021036825527199855,0.021520329020906656
009,0.02283374235695969,0.024873266638833942,0.024873266638833942,0.0280410477559408,0.022485492200385242,0.017635464982982168,0.02144449981364483
014,0.02283374235695969,0.024873266638833942,0.024873266638833942,0.019707714422607468,0.022485492200385242,0.024438186071417543,0.022278621093524936
021,0.02283374235695969,0.024873266638833942,0.024873266638833942,0.0280410477559408,0.0280410477559408,0.02783954661563523,0.021429333972192464
022,0.02283374235695969,0.024873266638833942,0.024873266638833942,0.019707714422607468,0.02526326997816302,0.021036825527199855,0.02199047010592999
023,0.02283374235695969,0.024873266638833942,0.024873266638833942,0.0280410477559408,0.019707714422607468,0.02783954661563523,0.0218539775328587
028,0.02283374235695969,0.024873266638833942,0.024873266638833942,0.011374381089274133,0.01692993664482969,0.031240907159852914,0.02306724484904794
031,0.02283374235695969,0.024873266638833942,0.024873266638833942,0.019707714422607468,0.02526326997816302,0.034642267704070605,0.021399002289287733
034,0.02283374235695969,0.024873266638833942,0.024873266638833942,0.036374381089274134,0.019707714422607468,0.02783954661563523,0.021535494862359023
098,0.02283374235695969,0.024873266638833942,0.024873266638833942,0.0280410477559408,0.0280410477559408,0.031240907159852914,0.021641655752525583
106,0.02283374235695969,0.024873266638833942,0.024873266638833942,0.044707714422607465,0.0280410477559408,0.017635464982982168,0.021914640898668163
109,0.02283374235695969,0.024873266638833942,0.024873266638833942,0.019707714422607468,0.022485492200385242,0.021036825527199855,0.021944972581572894
125,0.02283374235695969,0.024873266638833942,0.024873266638833942,0.019707714422607468,0.0280410477559408,0.02783954661563523,0.02148999733800193
131,0.02283374235695969,0.024873266638833942,0.024873266638833942,0.036374381089274134,0.022485492200385242,0.024438186071417543,0.02147483149654956
133,0.02283374235695969,0.024873266638833942,0.024873266638833942,0.019707714422607468,0.019707714422607468,0.021036825527199855,0.021611324069620852
159,0.02283374235695969,0.024873266638833942,0.024873266638833942,0.011374381089274133,0.01692993664482969,0.031240907159852914,0.023234069105023965
168,0.02283374235695969,0.024873266638833942,0.024873266638833942,0.019707714422607468,0.02526326997816302,0.017635464982982168,0.02202080178883472
190,0.02283374235695969,0.024873266638833942,0.024873266638833942,0.0280410477559408,0.01692993664482969,0.017635464982982168,0.021899475057215796
196,0.02283374235695969,0.024873266638833942,0.024873266638833942,0.0280410477559408,0.030818825533718577,0.024438186071417543,0.02138383644783537
197,0.02283374235695969,0.024873266638833942,0.024873266638833942,0.019707714422607468,0.02526326997816302,0.021036825527199855,0.021626489911073216
202,0.02283374235695969,0.024873266638833942,0.024873266638833942,0.036374381089274134,0.03359660331149635,0.034642267704070605,0.021429333972192464
205,0.02283374235695969,0.024873266638833942,0.024873266638833942,0.0280410477559408,0.03359660331149635,0.03804362824828829,0.02158099238671612
215,0.02283374235695969,0.024873266638833942,0.024873266638833942,0.019707714422607468,0.019707714422607468,0.024438186071417543,0.021975304264477625
217,0.02283374235695969,0.024873266638833942,0.024873266638833942,0.044707714422607465,0.02526326997816302,0.024438186071417543,0.0214141681307401
225,0.02283374235695969,0.024873266638833942,0.024873266638833942,0.019707714422607468,0.019707714422607468,0.02783954661563523,0.02215729436190601
228,0.02283374235695969,0.024873266638833942,0.024873266638833942,0.0280410477559408,0.019707714422607468,0.024438186071417543,0.021641655752525583
251,0.02283374235695969,0.024873266638833942,0.024873266638833942,0.019707714422607468,0.0280410477559408,0.02783954661563523,0.021702319118335044
279,0.02283374235695969,0.024873266638833942,0.024873266638833942,0.019707714422607468,0.019707714422607468,0.017635464982982168,0.02196013842302526
291,0.02283374235695969,0.024873266638833942,0.024873266638833942,0.019707714422607468,0.022485492200385242,0.021036825527199855,0.02188430921576343
297,0.02283374235695969,0.024873266638833942,0.024873266638833942,0.011374381089274133,0.014152158867051911,0.024438186071417543,0.022612269605476975
316,0.02283374235695969,0.024873266638833942,0.024873266638833942,0.0280410477559408,0.022485492200385242,0.021036825527199855,0.0214141681307401
330,0.02283374235695969,0.024873266638833942,0.024873266638833942,0.011374381089274133,0.036374381089274134,0.034642267704070605,0.02232411861788203
344,0.02283374235695969,0.024873266638833942,0.024873266638833942,0.011374381089274133,0.022485492200385242,0.02783954661563523,0.022945918117429014
349,0.02283374235695969,0.024873266638833942,0.024873266638833942,0.019707714422607468,0.01692993664482969,0.02783954661563523,0.02188430921576343
365,0.02283374235695969,0.024873266638833942,0.024873266638833942,0.0280410477559408,0.022485492200385242,0.017635464982982168,0.021838811691406335
375,0.02283374235695969,0.024873266638833942,0.024873266638833942,0.019707714422607468,0.019707714422607468,0.021036825527199855,0.021702319118335044
379,0.02283374235695969,0.024873266638833942,0.024873266638833942,0.036374381089274134,0.022485492200385242,0.02783954661563523,0.0214141681307401
390,0.02283374235695969,0.024873266638833942,0.024873266638833942,0.019707714422607468,0.019707714422607468,0.017635464982982168,0.021671987435430314
394,0.02283374235695969,0.024873266638833942,0.024873266638833942,0.0280410477559408,0.0280410477559408,0.024438186071417543,0.02171748495978741
461,0.02283374235695969,0.024873266638833942,0.024873266638833942,0.0280410477559408,0.02526326997816302,0.024438186071417543,0.021747816642692142
463,0.02283374235695969,0.024873266638833942,0.024873266638833942,0.036374381089274134,0.02526326997816302,0.017635464982982168,0.021535494862359023
485,0.02283374235695969,0.024873266638833942,0.024873266638833942,0.019707714422607468,0.02526326997816302,0.02783954661563523,0.021747816642692142
490,0.02283374235695969,0.024873266638833942,0.024873266638833942,0.011374381089274133,0.036374381089274134,0.024438186071417543,0.022384781983691492
509,0.02283374235695969,0.024873266638833942,0.024873266638833942,0.019707714422607468,0.030818825533718577,0.031240907159852914,0.021626489911073216
557,0.02283374235695969,0.024873266638833942,0.024873266638833942,0.0280410477559408,0.019707714422607468,0.021036825527199855,0.02147483149654956
594,0.02283374235695969,0.024873266638833942,0.024873266638833942,0.011374381089274133,0.019707714422607468,0.017635464982982168,0.023264400787928692
610,0.02283374235695969,0.024873266638833942,0.024873266638833942,0.036374381089274134,0.022485492200385242,0.02783954661563523,0.02148999733800193
651,0.02283374235695969,0.024873266638833942,0.024873266638833942,0.044707714422607465,0.03359660331149635,0.021036825527199855,0.021459665655097198
659,0.02283374235695969,0.024873266638833942,0.024873266638833942,0.019707714422607468,0.019707714422607468,0.031240907159852914,0.022172460203358377
690,0.02283374235695969,0.024873266638833942,0.024873266638833942,0.036374381089274134,0.0280410477559408,0.01423410443876448,0.02159615822816849
704,0.02283374235695969,0.024873266638833942,0.024873266638833942,0.036374381089274134,0.030818825533718577,0.024438186071417543,0.021399002289287733
705,0.02283374235695969,0.024873266638833942,0.024873266638833942,0.0280410477559408,0.0280410477559408,0.02783954661563523,0.02147483149654956
709,0.02283374235695969,0.024873266638833942,0.024873266638833942,0.011374381089274133,0.022485492200385242,0.021036825527199855,0.023158239897762136
711,0.02283374235695969,0.024873266638833942,0.024873266638833942,0.0280410477559408,0.022485492200385242,0.02783954661563523,0.022005635947382356
740,0.02283374235695969,0.024873266638833942,0.024873266638833942,0.036374381089274134,0.036374381089274134,0.034642267704070605,0.02159615822816849
752,0.02283374235695969,0.024873266638833942,0.024873266638833942,0.044707714422607465,0.030818825533718577,0.031240907159852914,0.02168715327688268
755,0.02283374235695969,0.024873266638833942,0.024873266638833942,0.036374381089274134,0.02526326997816302,0.02783954661563523,0.021929806740120527
764,0.02283374235695969,0.024873266638833942,0.024873266638833942,0.036374381089274134,0.03359660331149635,0.024438186071417543,0.021520329020906656
799,0.02283374235695969,0.024873266638833942,0.024873266638833942,0.0280410477559408,0.0280410477559408,0.017635464982982168,0.021929806740120527
832,0.02283374235695969,0.024873266638833942,0.024873266638833942,0.036374381089274134,0.022485492200385242,0.031240907159852914,0.0218539775328587
850,0.02283374235695969,0.024873266638833942,0.024873266638833942,0.0280410477559408,0.022485492200385242,0.017635464982982168,0.021429333972192464
851,0.02283374235695969,0.024873266638833942,0.024873266638833942,0.0280410477559408,0.036374381089274134,0.017635464982982168,0.02138383644783537
862,0.02283374235695969,0.024873266638833942,0.024873266638833942,0.0280410477559408,0.022485492200385242,0.021036825527199855,0.021429333972192464
866,0.02283374235695969,0.024873266638833942,0.024873266638833942,0.019707714422607468,0.022485492200385242,0.017635464982982168,0.021611324069620852
913,0.02283374235695969,0.024873266638833942,0.024873266638833942,0.0280410477559408,0.030818825533718577,0.021036825527199855,0.021520329020906656
917,0.02283374235695969,0.024873266638833942,0.024873266638833942,0.0280410477559408,0.03359660331149635,0.03804362824828829,0.021671987435430314
927,0.02283374235695969,0.024873266638833942,0.024873266638833942,0.019707714422607468,0.03915215886705191,0.017635464982982168,0.022202791886263108
959,0.02283374235695969,0.024873266638833942,0.024873266638833942,0.036374381089274134,0.036374381089274134,0.034642267704070605,0.02155066070381139
982,0.02283374235695969,0.024873266638833942,0.024873266638833942,0.044707714422607465,0.030818825533718577,0.024438186071417543,0.02138383644783537
997,0.02283374235695969,0.024873266638833942,0.024873266638833942,0.011374381089274133,0.02526326997816302,0.031240907159852914,0.022581937922572244
030,0.022808473879385466,0.02424155469947829,0.02424155469947829,0.0280410477559408,0.022485492200385242,0.03804362824828829,0.02168715327688268
075,0.022808473879385466,0.02424155469947829,0.02424155469947829,0.0280410477559408,0.0280410477559408,0.01423410443876448,0.021626489911073216
104,0.022808473879385466,0.02424155469947829,0.02424155469947829,0.036374381089274134,0.0280410477559408,0.021036825527199855,0.021929806740120527
116,0.022808473879385466,0.02424155469947829,0.02424155469947829,0.011374381089274133,0.03359660331149635,0.02783954661563523,0.02239994782514386
177,0.022808473879385466,0.02424155469947829,0.02424155469947829,0.0280410477559408,0.0280410477559408,0.024438186071417543,0.02159615822816849
200,0.022808473879385466,0.02424155469947829,0.02424155469947829,0.0280410477559408,0.022485492200385242,0.01423410443876448,0.021429333972192464
216,0.022808473879385466,0.02424155469947829,0.02424155469947829,0.011374381089274133,0.014152158867051911,0.02783954661563523,0.022779093861453
248,0.022808473879385466,0.02424155469947829,0.02424155469947829,0.019707714422607468,0.019707714422607468,0.024438186071417543,0.021975304264477625
252,0.022808473879385466,0.02424155469947829,0.02424155469947829,0.044707714422607465,0.03359660331149635,0.017635464982982168,0.021671987435430314
302,0.022808473879385466,0.02424155469947829,0.02424155469947829,0.011374381089274133,0.01692993664482969,0.01423410443876448,0.02253644039821515
307,0.022808473879385466,0.02424155469947829,0.02424155469947829,0.019707714422607468,0.0280410477559408,0.024438186071417543,0.02211179683754891
308,0.022808473879385466,0.02424155469947829,0.02424155469947829,0.011374381089274133,0.019707714422607468,0.017635464982982168,0.02232411861788203
360,0.022808473879385466,0.02424155469947829,0.02424155469947829,0.036374381089274134,0.03359660331149635,0.02783954661563523,0.021778148325596873
368,0.022808473879385466,0.02424155469947829,0.02424155469947829,0.0280410477559408,0.030818825533718577,0.017635464982982168,0.02155066070381139
381,0.022808473879385466,0.02424155469947829,0.02424155469947829,0.0280410477559408,0.03359660331149635,0.024438186071417543,0.021429333972192464
392,0.022808473879385466,0.02424155469947829,0.02424155469947829,0.0280410477559408,0.0280410477559408,0.01423410443876448,0.021611324069620852
427,0.022808473879385466,0.02424155469947829,0.02424155469947829,0.019707714422607468,0.019707714422607468,0.021036825527199855,0.02171748495978741
428,0.022808473879385466,0.02424155469947829,0.02424155469947829,0.019707714422607468,0.0280410477559408,0.021036825527199855,0.021520329020906656
449,0.022808473879385466,0.02424155469947829,0.02424155469947829,0.0280410477559408,0.019707714422607468,0.02783954661563523,0.021626489911073216
471,0.022808473879385466,0.02424155469947829,0.02424155469947829,0.019707714422607468,0.019707714422607468,0.024438186071417543,0.021838811691406335
488,0.022808473879385466,0.02424155469947829,0.02424155469947829,0.011374381089274133,0.011374381089274133,0.021036825527199855,0.02411368790926116
489,0.022808473879385466,0.02424155469947829,0.02424155469947829,0.019707714422607468,0.019707714422607468,0.031240907159852914,0.022248289410620202
542,0.022808473879385466,0.02424155469947829,0.02424155469947829,0.044707714422607465,0.0280410477559408,0.021036825527199855,0.021429333972192464
545,0.022808473879385466,0.02424155469947829,0.02424155469947829,0.019707714422607468,0.02526326997816302,0.021036825527199855,0.021656821593977946
565,0.022808473879385466,0.02424155469947829,0.02424155469947829,0.011374381089274133,0.01692993664482969,0.031240907159852914,0.022809425544357727
566,0.022808473879385466,0.02424155469947829,0.02424155469947829,0.019707714422607468,0.022485492200385242,0.021036825527199855,0.021869143374311065
577,0.022808473879385466,0.02424155469947829,0.02424155469947829,0.011374381089274133,0.01692993664482969,0.021036825527199855,0.022521274556762783
579,0.022808473879385466,0.02424155469947829,0.02424155469947829,0.019707714422607468,0.022485492200385242,0.03804362824828829,0.021914640898668163
595,0.022808473879385466,0.02424155469947829,0.02424155469947829,0.036374381089274134,0.022485492200385242,0.03804362824828829,0.021565826545263754
601,0.022808473879385466,0.02424155469947829,0.02424155469947829,0.0280410477559408,0.022485492200385242,0.021036825527199855,0.02148999733800193
615,0.022808473879385466,0.02424155469947829,0.02424155469947829,0.019707714422607468,0.022485492200385242,0.021036825527199855,0.02158099238671612
632,0.022808473879385466,0.02424155469947829,0.02424155469947829,0.0280410477559408,0.02526326997816302,0.021036825527199855,0.02182364584995397
679,0.022808473879385466,0.02424155469947829,0.02424155469947829,0.0280410477559408,0.01692993664482969,0.024438186071417543,0.021929806740120527
683,0.022808473879385466,0.02424155469947829,0.02424155469947829,0.036374381089274134,0.019707714422607468,0.024438186071417543,0.02171748495978741
689,0.022808473879385466,0.02424155469947829,0.02424155469947829,0.0280410477559408,0.022485492200385242,0.02783954661563523,0.02144449981364483
694,0.022808473879385466,0.02424155469947829,0.02424155469947829,0.011374381089274133,0.019707714422607468,0.021036825527199855,0.022415113666596223
696,0.022808473879385466,0.02424155469947829,0.02424155469947829,0.019707714422607468,0.022485492200385242,0.024438186071417543,0.021914640898668163
703,0.022808473879385466,0.02424155469947829,0.02424155469947829,0.0280410477559408,0.02526326997816302,0.024438186071417543,0.02221795772771547
718,0.022808473879385466,0.02424155469947829,0.02424155469947829,0.036374381089274134,0.02526326997816302,0.031240907159852914,0.02171748495978741
726,0.022808473879385466,0.02424155469947829,0.02424155469947829,0.036374381089274134,0.0280410477559408,0.024438186071417543,0.021565826545263754
735,0.022808473879385466,0.02424155469947829,0.02424155469947829,0.0280410477559408,0.02526326997816302,0.031240907159852914,0.02155066070381139
748,0.022808473879385466,0.02424155469947829,0.02424155469947829,0.036374381089274134,0.030818825533718577,0.021036825527199855,0.021520329020906656
751,0.022808473879385466,0.02424155469947829,0.02424155469947829,0.036374381089274134,0.022485492200385242,0.021036825527199855,0.021459665655097198
758,0.022808473879385466,0.02424155469947829,0.02424155469947829,0.019707714422607468,0.022485492200385242,0.017635464982982168,0.022142128520453646
779,0.022808473879385466,0.02424155469947829,0.02424155469947829,0.011374381089274133,0.0280410477559408,0.017635464982982168,0.022945918117429014
781,0.022808473879385466,0.02424155469947829,0.02424155469947829,0.011374381089274133,0.02526326997816302,0.024438186071417543,0.02299141564178611
788,0.022808473879385466,0.02424155469947829,0.02424155469947829,0.036374381089274134,0.030818825533718577,0.017635464982982168,0.021505163179454292
801,0.022808473879385466,0.02424155469947829,0.02424155469947829,0.0280410477559408,0.02526326997816302,0.024438186071417543,0.021459665655097198
804,0.022808473879385466,0.02424155469947829,0.02424155469947829,0.019707714422607468,0.02526326997816302,0.024438186071417543,0.022081465154644184
853,0.022808473879385466,0.02424155469947829,0.02424155469947829,0.0280410477559408,0.022485492200385242,0.031240907159852914,0.021399002289287733
857,0.022808473879385466,0.02424155469947829,0.02424155469947829,0.019707714422607468,0.02526326997816302,0.024438186071417543,0.02211179683754891
876,0.022808473879385466,0.02424155469947829,0.02424155469947829,0.011374381089274133,0.02526326997816302,0.021036825527199855,0.022642601288381706
891,0.022808473879385466,0.02424155469947829,0.02424155469947829,0.019707714422607468,0.03359660331149635,0.02783954661563523,0.02138383644783537
897,0.022808473879385466,0.02424155469947829,0.02424155469947829,0.036374381089274134,0.02526326997816302,0.031240907159852914,0.02159615822816849
903,0.022808473879385466,0.02424155469947829,0.02424155469947829,0.0280410477559408,0.01692993664482969,0.021036825527199855,0.0218539775328587
921,0.022808473879385466,0.02424155469947829,0.02424155469947829,0.019707714422607468,0.030818825533718577,0.024438186071417543,0.021975304264477625
923,0.022808473879385466,0.02424155469947829,0.02424155469947829,0.0280410477559408,0.02526326997816302,0.024438186071417543,0.021505163179454292
933,0.022808473879385466,0.02424155469947829,0.02424155469947829,0.0280410477559408,0.02526326997816302,0.034642267704070605,0.021732650801239775
939,0.022808473879385466,0.02424155469947829,0.02424155469947829,0.0280410477559408,0.02526326997816302,0.034642267704070605,0.02171748495978741
943,0.022808473879385466,0.02424155469947829,0.02424155469947829,0.019707714422607468,0.019707714422607468,0.024438186071417543,0.02148999733800193
950,0.022808473879385466,0.02424155469947829,0.02424155469947829,0.0280410477559408,0.02526326997816302,0.024438186071417543,0.02144449981364483
956,0.022808473879385466,0.02424155469947829,0.02424155469947829,0.019707714422607468,0.02526326997816302,0.02783954661563523,0.02182364584995397
986,0.022808473879385466,0.02424155469947829,0.02424155469947829,0.0280410477559408,0.022485492200385242,0.024438186071417543,0.02148999733800193
996,0.022808473879385466,0.02424155469947829,0.02424155469947829,0.019707714422607468,0.01692993664482969,0.010832743894546793,0.021914640898668163
010,0.02278320540181124,0.023609842760122634,0.023609842760122634,0.019707714422607468,0.02526326997816302,0.021036825527199855,0.021641655752525583
036,0.02278320540181124,0.023609842760122634,0.023609842760122634,0.019707714422607468,0.01692993664482969,0.01423410443876448,0.02223312356916784
047,0.02278320540181124,0.023609842760122634,0.023609842760122634,0.011374381089274133,0.01692993664482969,0.031240907159852914,0.022748762178548265
071,0.02278320540181124,0.023609842760122634,0.023609842760122634,0.019707714422607468,0.01692993664482969,0.024438186071417543,0.021899475057215796
076,0.02278320540181124,0.023609842760122634,0.023609842760122634,0.019707714422607468,0.022485492200385242,0.021036825527199855,0.022035967630287086
099,0.02278320540181124,0.023609842760122634,0.023609842760122634,0.011374381089274133,0.019707714422607468,0.021036825527199855,0.02235445030078676
100,0.02278320540181124,0.023609842760122634,0.023609842760122634,0.0280410477559408,0.022485492200385242,0.044846349336723663,0.021793314167049237
123,0.02278320540181124,0.023609842760122634,0.023609842760122634,0.0280410477559408,0.030818825533718577,0.017635464982982168,0.02155066070381139
140,0.02278320540181124,0.023609842760122634,0.023609842760122634,0.019707714422607468,0.019707714422607468,0.031240907159852914,0.02215729436190601
162,0.02278320540181124,0.023609842760122634,0.023609842760122634,0.036374381089274134,0.03359660331149635,0.024438186071417543,0.021505163179454292
165,0.02278320540181124,0.023609842760122634,0.023609842760122634,0.044707714422607465,0.02526326997816302,0.024438186071417543,0.021671987435430314
175,0.02278320540181124,0.023609842760122634,0.023609842760122634,0.0280410477559408,0.022485492200385242,0.02783954661563523,0.02223312356916784
180,0.02278320540181124,0.023609842760122634,0.023609842760122634,0.0280410477559408,0.02526326997816302,0.01423410443876448,0.02144449981364483
236,0.02278320540181124,0.023609842760122634,0.023609842760122634,0.019707714422607468,0.019707714422607468,0.021036825527199855,0.021929806740120527
257,0.02278320540181124,0.023609842760122634,0.023609842760122634,0.019707714422607468,0.019707714422607468,0.021036825527199855,0.022172460203358377
260,0.02278320540181124,0.023609842760122634,0.023609842760122634,0.019707714422607468,0.02526326997816302,0.017635464982982168,0.021535494862359023
263,0.02278320540181124,0.023609842760122634,0.023609842760122634,0.019707714422607468,0.022485492200385242,0.024438186071417543,0.021732650801239775
311,0.02278320540181124,0.023609842760122634,0.023609842760122634,0.011374381089274133,0.019707714422607468,0.01423410443876448,0.022824591385810094
322,0.02278320540181124,0.023609842760122634,0.023609842760122634,0.036374381089274134,0.019707714422607468,0.021036825527199855,0.0214141681307401
331,0.02278320540181124,0.023609842760122634,0.023609842760122634,0.0280410477559408,0.030818825533718577,0.024438186071417543,0.02182364584995397
335,0.02278320540181124,0.023609842760122634,0.023609842760122634,0.019707714422607468,0.019707714422607468,0.021036825527199855,0.021671987435430314
339,0.02278320540181124,0.023609842760122634,0.023609842760122634,0.019707714422607468,0.019707714422607468,0.017635464982982168,0.02171748495978741
348,0.02278320540181124,0.023609842760122634,0.023609842760122634,0.019707714422607468,0.019707714422607468,0.017635464982982168,0.021626489911073216
353,0.02278320540181124,0.023609842760122634,0.023609842760122634,0.0280410477559408,0.022485492200385242,0.017635464982982168,0.021702319118335044
413,0.02278320540181124,0.023609842760122634,0.023609842760122634,0.044707714422607465,0.030818825533718577,0.017635464982982168,0.02182364584995397
423,0.02278320540181124,0.023609842760122634,0.023609842760122634,0.019707714422607468,0.02526326997816302,0.021036825527199855,0.021838811691406335
430,0.02278320540181124,0.023609842760122634,0.023609842760122634,0.011374381089274133,0.02526326997816302,0.017635464982982168,0.022415113666596223
454,0.02278320540181124,0.023609842760122634,0.023609842760122634,0.011374381089274133,0.019707714422607468,0.017635464982982168,0.022308952776429667
460,0.02278320540181124,0.023609842760122634,0.023609842760122634,0.0280410477559408,0.022485492200385242,0.01423410443876448,0.022096630996096548
468,0.02278320540181124,0.023609842760122634,0.023609842760122634,0.0280410477559408,0.022485492200385242,0.024438186071417543,0.0214141681307401
472,0.02278320540181124,0.023609842760122634,0.023609842760122634,0.019707714422607468,0.019707714422607468,0.017635464982982168,0.021505163179454292
510,0.02278320540181124,0.023609842760122634,0.023609842760122634,0.0280410477559408,0.030818825533718577,0.01423410443876448,0.02188430921576343
546,0.02278320540181124,0.023609842760122634,0.023609842760122634,0.0280410477559408,0.022485492200385242,0.021036825527199855,0.021626489911073216
553,0.02278320540181124,0.023609842760122634,0.023609842760122634,0.0280410477559408,0.01692993664482969,0.044846349336723663,0.02182364584995397
560,0.02278320540181124,0.023609842760122634,0.023609842760122634,0.011374381089274133,0.01692993664482969,0.017635464982982168,0.022627435446929342
563,0.02278320540181124,0.023609842760122634,0.023609842760122634,0.011374381089274133,0.02526326997816302,0.01423410443876448,0.022339284459334394
569,0.02278320540181124,0.023609842760122634,0.023609842760122634,0.011374381089274133,0.030818825533718577,0.02783954661563523,0.0222937869349773
583,0.02278320540181124,0.023609842760122634,0.023609842760122634,0.0280410477559408,0.030818825533718577,0.017635464982982168,0.02144449981364483
630,0.02278320540181124,0.023609842760122634,0.023609842760122634,0.019707714422607468,0.022485492200385242,0.024438186071417543,0.022051133471739454
668,0.02278320540181124,0.023609842760122634,0.023609842760122634,0.011374381089274133,0.022485492200385242,0.017635464982982168,0.0231734057392145
695,0.02278320540181124,0.023609842760122634,0.023609842760122634,0.0280410477559408,0.030818825533718577,0.017635464982982168,0.02148999733800193
698,0.02278320540181124,0.023609842760122634,0.023609842760122634,0.019707714422607468,0.019707714422607468,0.02783954661563523,0.021626489911073216
707,0.02278320540181124,0.023609842760122634,0.023609842760122634,0.019707714422607468,0.019707714422607468,0.034642267704070605,0.021899475057215796
712,0.02278320540181124,0.023609842760122634,0.023609842760122634,0.019707714422607468,0.02526326997816302,0.02783954661563523,0.02211179683754891
716,0.02278320540181124,0.023609842760122634,0.023609842760122634,0.011374381089274133,0.0280410477559408,0.024438186071417543,0.022551606239667513
731,0.02278320540181124,0.023609842760122634,0.023609842760122634,0.036374381089274134,0.030818825533718577,0.021036825527199855,0.0218539775328587
760,0.02278320540181124,0.023609842760122634,0.023609842760122634,0.044707714422607465,0.03359660331149635,0.03804362824828829,0.02147483149654956
765,0.02278320540181124,0.023609842760122634,0.023609842760122634,0.036374381089274134,0.022485492200385242,0.021036825527199855,0.021656821593977946
782,0.02278320540181124,0.023609842760122634,0.023609842760122634,0.011374381089274133,0.014152158867051911,0.024438186071417543,0.023795205238761486
793,0.02278320540181124,0.023609842760122634,0.023609842760122634,0.0280410477559408,0.02526326997816302,0.02783954661563523,0.021671987435430314
819,0.02278320540181124,0.023609842760122634,0.023609842760122634,0.019707714422607468,0.022485492200385242,0.02783954661563523,0.021565826545263754
858,0.02278320540181124,0.023609842760122634,0.023609842760122634,0.036374381089274134,0.02526326997816302,0.02783954661563523,0.02158099238671612
882,0.02278320540181124,0.023609842760122634,0.023609842760122634,0.011374381089274133,0.011374381089274133,0.02783954661563523,0.02411368790926116
892,0.02278320540181124,0.023609842760122634,0.023609842760122634,0.036374381089274134,0.02526326997816302,0.024438186071417543,0.021535494862359023
894,0.02278320540181124,0.023609842760122634,0.023609842760122634,0.044707714422607465,0.022485492200385242,0.017635464982982168,0.02144449981364483
900,0.02278320540181124,0.023609842760122634,0.023609842760122634,0.0280410477559408,0.02526326997816302,0.024438186071417543,0.021899475057215796
915,0.02278320540181124,0.023609842760122634,0.023609842760122634,0.0280410477559408,0.022485492200385242,0.01423410443876448,0.02144449981364483
930,0.02278320540181124,0.023609842760122634,0.023609842760122634,0.0280410477559408,0.03359660331149635,0.024438186071417543,0.02168715327688268
938,0.02278320540181124,0.023609842760122634,0.023609842760122634,0.0280410477559408,0.030818825533718577,0.017635464982982168,0.02155066070381139
949,0.02278320540181124,0.023609842760122634,0.023609842760122634,0.0280410477559408,0.02526326997816302,0.024438186071417543,0.0214141681307401
951,0.02278320540181124,0.023609842760122634,0.023609842760122634,0.0280410477559408,0.022485492200385242,0.024438186071417543,0.02199047010592999
962,0.02278320540181124,0.023609842760122634,0.023609842760122634,0.019707714422607468,0.01692993664482969,0.024438186071417543,0.021838811691406335
969,0.02278320540181124,0.023609842760122634,0.023609842760122634,0.019707714422607468,0.019707714422607468,0.031240907159852914,0.021505163179454292
980,0.02278320540181124,0.023609842760122634,0.023609842760122634,0.036374381089274134,0.022485492200385242,0.031240907159852914,0.021899475057215796
001,0.022757936924237013,0.02297813082076698,0.02297813082076698,0.0280410477559408,0.036374381089274134,0.024438186071417543,0.021793314167049237
044,0.022757936924237013,0.02297813082076698,0.02297813082076698,0.011374381089274133,0.02526326997816302,0.021036825527199855,0.0222937869349773
045,0.022757936924237013,0.02297813082076698,0.02297813082076698,0.0280410477559408,0.02526326997816302,0.01423410443876448,0.021626489911073216
054,0.022757936924237013,0.02297813082076698,0.02297813082076698,0.019707714422607468,0.0280410477559408,0.021036825527199855,0.022051133471739454
074,0.022757936924237013,0.02297813082076698,0.02297813082076698,0.0280410477559408,0.02526326997816302,0.01423410443876448,0.021656821593977946
130,0.022757936924237013,0.02297813082076698,0.02297813082076698,0.019707714422607468,0.0280410477559408,0.021036825527199855,0.021611324069620852
143,0.022757936924237013,0.02297813082076698,0.02297813082076698,0.0280410477559408,0.019707714422607468,0.031240907159852914,0.021732650801239775
150,0.022757936924237013,0.02297813082076698,0.02297813082076698,0.0280410477559408,0.04192993664482969,0.024438186071417543,0.02182364584995397
161,0.022757936924237013,0.02297813082076698,0.02297813082076698,0.011374381089274133,0.014152158867051911,0.017635464982982168,0.023218903263571594
164,0.022757936924237013,0.02297813082076698,0.02297813082076698,0.019707714422607468,0.019707714422607468,0.031240907159852914,0.021611324069620852
173,0.022757936924237013,0.02297813082076698,0.02297813082076698,0.019707714422607468,0.0280410477559408,0.021036825527199855,0.02202080178883472
183,0.022757936924237013,0.02297813082076698,0.02297813082076698,0.036374381089274134,0.02526326997816302,0.021036825527199855,0.021520329020906656
219,0.022757936924237013,0.02297813082076698,0.02297813082076698,0.019707714422607468,0.01692993664482969,0.01423410443876448,0.02188430921576343
240,0.022757936924237013,0.02297813082076698,0.02297813082076698,0.0280410477559408,0.022485492200385242,0.024438186071417543,0.021838811691406335
249,0.022757936924237013,0.02297813082076698,0.02297813082076698,0.0280410477559408,0.030818825533718577,0.01423410443876448,0.021535494862359023
262,0.022757936924237013,0.02297813082076698,0.02297813082076698,0.019707714422607468,0.01692993664482969,0.02783954661563523,0.021914640898668163
264,0.022757936924237013,0.02297813082076698,0.02297813082076698,0.011374381089274133,0.014152158867051911,0.024438186071417543,0.022521274556762783
266,0.022757936924237013,0.02297813082076698,0.02297813082076698,0.011374381089274133,0.01692993664482969,0.031240907159852914,0.022809425544357727
270,0.022757936924237013,0.02297813082076698,0.02297813082076698,0.019707714422607468,0.02526326997816302,0.017635464982982168,0.02199047010592999
273,0.022757936924237013,0.02297813082076698,0.02297813082076698,0.019707714422607468,0.019707714422607468,0.01423410443876448,0.021429333972192464
301,0.022757936924237013,0.02297813082076698,0.02297813082076698,0.011374381089274133,0.01692993664482969,0.021036825527199855,0.023567717616976003
305,0.022757936924237013,0.02297813082076698,0.02297813082076698,0.019707714422607468,0.02526326997816302,0.021036825527199855,0.02155066070381139
319,0.022757936924237013,0.02297813082076698,0.02297813082076698,0.0280410477559408,0.019707714422607468,0.021036825527199855,0.02168715327688268
340,0.022757936924237013,0.02297813082076698,0.02297813082076698,0.0280410477559408,0.022485492200385242,0.024438186071417543,0.02188430921576343
352,0.022757936924237013,0.02297813082076698,0.02297813082076698,0.019707714422607468,0.030818825533718577,0.021036825527199855,0.022278621093524936
399,0.022757936924237013,0.02297813082076698,0.02297813082076698,0.011374381089274133,0.019707714422607468,0.01423410443876448,0.02232411861788203
402,0.022757936924237013,0.02297813082076698,0.02297813082076698,0.0280410477559408,0.019707714422607468,0.017635464982982168,0.021869143374311065
403,0.022757936924237013,0.02297813082076698,0.02297813082076698,0.019707714422607468,0.014152158867051911,0.01423410443876448,0.02158099238671612
429,0.022757936924237013,0.02297813082076698,0.02297813082076698,0.036374381089274134,0.022485492200385242,0.017635464982982168,0.021929806740120527
444,0.022757936924237013,0.02297813082076698,0.02297813082076698,0.011374381089274133,0.019707714422607468,0.02783954661563523,0.022445445349500954
452,0.022757936924237013,0.02297813082076698,0.02297813082076698,0.036374381089274134,0.02526326997816302,0.017635464982982168,0.021747816642692142
462,0.022757936924237013,0.02297813082076698,0.02297813082076698,0.011374381089274133,0.011374381089274133,0.03804362824828829,0.02411368790926116
465,0.022757936924237013,0.02297813082076698,0.02297813082076698,0.0280410477559408,0.022485492200385242,0.024438186071417543,0.022005635947382356
478,0.022757936924237013,0.02297813082076698,0.02297813082076698,0.011374381089274133,0.014152158867051911,0.01423410443876448,0.02324923494647633
503,0.022757936924237013,0.02297813082076698,0.02297813082076698,0.0280410477559408,0.030818825533718577,0.021036825527199855,0.02182364584995397
515,0.022757936924237013,0.02297813082076698,0.02297813082076698,0.0280410477559408,0.019707714422607468,0.02783954661563523,0.02155066070381139
562,0.022757936924237013,0.02297813082076698,0.02297813082076698,0.0280410477559408,0.036374381089274134,0.017635464982982168,0.021702319118335044
564,0.022757936924237013,0.02297813082076698,0.02297813082076698,0.0280410477559408,0.0280410477559408,0.024438186071417543,0.022142128520453646
578,0.022757936924237013,0.02297813082076698,0.02297813082076698,0.019707714422607468,0.019707714422607468,0.021036825527199855,0.021399002289287733
641,0.022757936924237013,0.02297813082076698,0.02297813082076698,0.0280410477559408,0.022485492200385242,0.02783954661563523,0.021611324069620852
642,0.022757936924237013,0.02297813082076698,0.02297813082076698,0.0280410477559408,0.02526326997816302,0.02783954661563523,0.02144449981364483
654,0.022757936924237013,0.02297813082076698,0.02297813082076698,0.019707714422607468,0.0280410477559408,0.010832743894546793,0.021459665655097198
675,0.022757936924237013,0.02297813082076698,0.02297813082076698,0.019707714422607468,0.01692993664482969,0.021036825527199855,0.022202791886263108
681,0.022757936924237013,0.02297813082076698,0.02297813082076698,0.011374381089274133,0.014152158867051911,0.017635464982982168,0.022809425544357727
682,0.022757936924237013,0.02297813082076698,0.02297813082076698,0.0280410477559408,0.022485492200385242,0.024438186071417543,0.021535494862359023
692,0.022757936924237013,0.02297813082076698,0.02297813082076698,0.0280410477559408,0.019707714422607468,0.021036825527199855,0.021641655752525583
728,0.022757936924237013,0.02297813082076698,0.02297813082076698,0.011374381089274133,0.0280410477559408,0.021036825527199855,0.022308952776429667
769,0.022757936924237013,0.02297813082076698,0.02297813082076698,0.0280410477559408,0.02526326997816302,0.010832743894546793,0.021641655752525583
772,0.022757936924237013,0.02297813082076698,0.02297813082076698,0.0280410477559408,0.019707714422607468,0.021036825527199855,0.021702319118335044
776,0.022757936924237013,0.02297813082076698,0.02297813082076698,0.019707714422607468,0.022485492200385242,0.017635464982982168,0.021535494862359023
778,0.022757936924237013,0.02297813082076698,0.02297813082076698,0.011374381089274133,0.022485492200385242,0.021036825527199855,0.022308952776429667
787,0.022757936924237013,0.02297813082076698,0.02297813082076698,0.019707714422607468,0.02526326997816302,0.01423410443876448,0.02138383644783537
800,0.022757936924237013,0.02297813082076698,0.02297813082076698,0.011374381089274133,0.014152158867051911,0.021036825527199855,0.02382553692166622
809,0.022757936924237013,0.02297813082076698,0.02297813082076698,0.0280410477559408,0.022485492200385242,0.017635464982982168,0.021565826545263754
810,0.022757936924237013,0.02297813082076698,0.02297813082076698,0.019707714422607468,0.019707714422607468,0.021036825527199855,0.02158099238671612
817,0.022757936924237013,0.02297813082076698,0.02297813082076698,0.036374381089274134,0.0280410477559408,0.034642267704070605,0.021399002289287733
820,0.022757936924237013,0.02297813082076698,0.02297813082076698,0.011374381089274133,0.0280410477559408,0.02783954661563523,0.02256677208111988
823,0.022757936924237013,0.02297813082076698,0.02297813082076698,0.0280410477559408,0.0280410477559408,0.01423410443876448,0.021535494862359023
824,0.022757936924237013,0.02297813082076698,0.02297813082076698,0.0280410477559408,0.01692993664482969,0.01423410443876448,0.02138383644783537
835,0.022757936924237013,0.02297813082076698,0.02297813082076698,0.011374381089274133,0.01692993664482969,0.024438186071417543,0.02243027950804859
859,0.022757936924237013,0.02297813082076698,0.02297813082076698,0.011374381089274133,0.01692993664482969,0.024438186071417543,0.023522220092618906
860,0.022757936924237013,0.02297813082076698,0.02297813082076698,0.044707714422607465,0.03359660331149635,0.021036825527199855,0.02182364584995397
880,0.022757936924237013,0.02297813082076698,0.02297813082076698,0.019707714422607468,0.022485492200385242,0.021036825527199855,0.021899475057215796
888,0.022757936924237013,0.02297813082076698,0.02297813082076698,0.0280410477559408,0.0280410477559408,0.01423410443876448,0.021535494862359023
895,0.022757936924237013,0.02297813082076698,0.02297813082076698,0.0280410477559408,0.030818825533718577,0.024438186071417543,0.021747816642692142
905,0.022757936924237013,0.02297813082076698,0.02297813082076698,0.011374381089274133,0.011374381089274133,0.017635464982982168,0.02411368790926116
909,0.022757936924237013,0.02297813082076698,0.02297813082076698,0.0280410477559408,0.02526326997816302,0.021036825527199855,0.021520329020906656
920,0.022757936924237013,0.02297813082076698,0.02297813082076698,0.011374381089274133,0.01692993664482969,0.02783954661563523,0.022642601288381706
931,0.022757936924237013,0.02297813082076698,0.02297813082076698,0.0280410477559408,0.02526326997816302,0.021036825527199855,0.021459665655097198
942,0.022757936924237013,0.02297813082076698,0.02297813082076698,0.011374381089274133,0.019707714422607468,0.024438186071417543,0.022384781983691492
955,0.022757936924237013,0.02297813082076698,0.02297813082076698,0.019707714422607468,0.019707714422607468,0.031240907159852914,0.02212696267900128
963,0.022757936924237013,0.02297813082076698,0.02297813082076698,0.0280410477559408,0.02526326997816302,0.024438186071417543,0.021429333972192464
965,0.022757936924237013,0.02297813082076698,0.02297813082076698,0.036374381089274134,0.022485492200385242,0.024438186071417543,0.02159615822816849
972,0.022757936924237013,0.02297813082076698,0.02297813082076698,0.0280410477559408,0.030818825533718577,0.017635464982982168,0.02171748495978741
974,0.022757936924237013,0.02297813082076698,0.02297813082076698,0.011374381089274133,0.019707714422607468,0.024438186071417543,0.022657767129834073
005,0.022732668446662788,0.022346418881411326,0.022346418881411326,0.019707714422607468,0.01692993664482969,0.02783954661563523,0.02138383644783537
012,0.022732668446662788,0.022346418881411326,0.022346418881411326,0.036374381089274134,0.02526326997816302,0.017635464982982168,0.021520329020906656
043,0.022732668446662788,0.022346418881411326,0.022346418881411326,0.011374381089274133,0.019707714422607468,0.024438186071417543,0.022612269605476975
050,0.022732668446662788,0.022346418881411326,0.022346418881411326,0.019707714422607468,0.01692993664482969,0.024438186071417543,0.021838811691406335
065,0.022732668446662788,0.022346418881411326,0.022346418881411326,0.0280410477559408,0.022485492200385242,0.017635464982982168,0.0218539775328587
086,0.022732668446662788,0.022346418881411326,0.022346418881411326,0.036374381089274134,0.019707714422607468,0.04144498879250598,0.021747816642692142
093,0.022732668446662788,0.022346418881411326,0.022346418881411326,0.011374381089274133,0.01692993664482969,0.017635464982982168,0.022824591385810094
110,0.022732668446662788,0.022346418881411326,0.022346418881411326,0.019707714422607468,0.019707714422607468,0.01423410443876448,0.022035967630287086
113,0.022732668446662788,0.022346418881411326,0.022346418881411326,0.044707714422607465,0.030818825533718577,0.021036825527199855,0.021459665655097198
153,0.022732668446662788,0.022346418881411326,0.022346418881411326,0.011374381089274133,0.014152158867051911,0.024438186071417543,0.023916531970380406
157,0.022732668446662788,0.022346418881411326,0.022346418881411326,0.011374381089274133,0.019707714422607468,0.024438186071417543,0.022657767129834073
195,0.022732668446662788,0.022346418881411326,0.022346418881411326,0.011374381089274133,0.01692993664482969,0.024438186071417543,0.023158239897762136
203,0.022732668446662788,0.022346418881411326,0.022346418881411326,0.0280410477559408,0.02526326997816302,0.024438186071417543,0.02202080178883472
210,0.022732668446662788,0.022346418881411326,0.022346418881411326,0.011374381089274133,0.014152158867051911,0.031240907159852914,0.02256677208111988
229,0.022732668446662788,0.022346418881411326,0.022346418881411326,0.0280410477559408,0.022485492200385242,0.02783954661563523,0.021641655752525583
233,0.022732668446662788,0.022346418881411326,0.022346418881411326,0.011374381089274133,0.019707714422607468,0.02783954661563523,0.02276392802000063
265,0.022732668446662788,0.022346418881411326,0.022346418881411326,0.019707714422607468,0.030818825533718577,0.024438186071417543,0.021762982484144506
283,0.022732668446662788,0.022346418881411326,0.022346418881411326,0.036374381089274134,0.0280410477559408,0.021036825527199855,0.02196013842302526
309,0.022732668446662788,0.022346418881411326,0.022346418881411326,0.011374381089274133,0.014152158867051911,0.02783954661563523,0.023507054251166542
321,0.022732668446662788,0.022346418881411326,0.022346418881411326,0.036374381089274134,0.02526326997816302,0.01423410443876448,0.02159615822816849
325,0.022732668446662788,0.022346418881411326,0.022346418881411326,0.019707714422607468,0.02526326997816302,0.017635464982982168,0.021505163179454292
329,0.022732668446662788,0.022346418881411326,0.022346418881411326,0.036374381089274134,0.0280410477559408,0.021036825527199855,0.02144449981364483
332,0.022732668446662788,0.022346418881411326,0.022346418881411326,0.0280410477559408,0.02526326997816302,0.017635464982982168,0.021399002289287733
346,0.022732668446662788,0.022346418881411326,0.022346418881411326,0.019707714422607468,0.019707714422607468,0.034642267704070605,0.021747816642692142
388,0.022732668446662788,0.022346418881411326,0.022346418881411326,0.011374381089274133,0.019707714422607468,0.021036825527199855,0.022718430495643534
393,0.022732668446662788,0.022346418881411326,0.022346418881411326,0.011374381089274133,0.022485492200385242,0.021036825527199855,0.022369616142239125
414,0.022732668446662788,0.022346418881411326,0.022346418881411326,0.019707714422607468,0.019707714422607468,0.017635464982982168,0.0218539775328587
424,0.022732668446662788,0.022346418881411326,0.022346418881411326,0.019707714422607468,0.022485492200385242,0.017635464982982168,0.02155066070381139
426,0.022732668446662788,0.022346418881411326,0.022346418881411326,0.011374381089274133,0.02526326997816302,0.024438186071417543,0.022369616142239125
437,0.022732668446662788,0.022346418881411326,0.022346418881411326,0.019707714422607468,0.022485492200385242,0.021036825527199855,0.02212696267900128
439,0.022732668446662788,0.022346418881411326,0.022346418881411326,0.011374381089274133,0.01692993664482969,0.021036825527199855,0.02381037108021385
441,0.022732668446662788,0.022346418881411326,0.022346418881411326,0.036374381089274134,0.0280410477559408,0.021036825527199855,0.02155066070381139
466,0.022732668446662788,0.022346418881411326,0.022346418881411326,0.019707714422607468,0.022485492200385242,0.02783954661563523,0.021671987435430314
493,0.022732668446662788,0.022346418881411326,0.022346418881411326,0.019707714422607468,0.01692993664482969,0.017635464982982168,0.02159615822816849
495,0.022732668446662788,0.022346418881411326,0.022346418881411326,0.036374381089274134,0.036374381089274134,0.021036825527199855,0.021399002289287733
519,0.022732668446662788,0.022346418881411326,0.022346418881411326,0.011374381089274133,0.022485492200385242,0.010832743894546793,0.02293075227597665
530,0.022732668446662788,0.022346418881411326,0.022346418881411326,0.019707714422607468,0.019707714422607468,0.024438186071417543,0.02147483149654956
536,0.022732668446662788,0.022346418881411326,0.022346418881411326,0.0280410477559408,0.0280410477559408,0.024438186071417543,0.022005635947382356
539,0.022732668446662788,0.022346418881411326,0.022346418881411326,0.011374381089274133,0.014152158867051911,0.021036825527199855,0.024068190384904067
540,0.022732668446662788,0.022346418881411326,0.022346418881411326,0.011374381089274133,0.02526326997816302,0.021036825527199855,0.022551606239667513
558,0.022732668446662788,0.022346418881411326,0.022346418881411326,0.0280410477559408,0.01692993664482969,0.021036825527199855,0.021732650801239775
567,0.022732668446662788,0.022346418881411326,0.022346418881411326,0.0280410477559408,0.02526326997816302,0.017635464982982168,0.0214141681307401
574,0.022732668446662788,0.022346418881411326,0.022346418881411326,0.0280410477559408,0.02526326997816302,0.017635464982982168,0.02171748495978741
585,0.022732668446662788,0.022346418881411326,0.022346418881411326,0.0280410477559408,0.0280410477559408,0.021036825527199855,0.021641655752525583
589,0.022732668446662788,0.022346418881411326,0.022346418881411326,0.011374381089274133,0.019707714422607468,0.024438186071417543,0.023188571580666867
598,0.022732668446662788,0.022346418881411326,0.022346418881411326,0.011374381089274133,0.019707714422607468,0.024438186071417543,0.022718430495643534
608,0.022732668446662788,0.022346418881411326,0.022346418881411326,0.019707714422607468,0.022485492200385242,0.034642267704070605,0.02196013842302526
616,0.022732668446662788,0.022346418881411326,0.022346418881411326,0.011374381089274133,0.014152158867051911,0.021036825527199855,0.022521274556762783
617,0.022732668446662788,0.022346418881411326,0.022346418881411326,0.0280410477559408,0.022485492200385242,0.021036825527199855,0.021656821593977946
621,0.022732668446662788,0.022346418881411326,0.022346418881411326,0.011374381089274133,0.0280410477559408,0.02783954661563523,0.022718430495643534
623,0.022732668446662788,0.022346418881411326,0.022346418881411326,0.019707714422607468,0.01692993664482969,0.02783954661563523,0.022248289410620202
663,0.022732668446662788,0.022346418881411326,0.022346418881411326,0.019707714422607468,0.019707714422607468,0.02783954661563523,0.021778148325596873
671,0.022732668446662788,0.022346418881411326,0.022346418881411326,0.019707714422607468,0.01692993664482969,0.034642267704070605,0.021929806740120527
673,0.022732668446662788,0.022346418881411326,0.022346418881411326,0.011374381089274133,0.01692993664482969,0.024438186071417543,0.022308952776429667
721,0.022732668446662788,0.022346418881411326,0.022346418881411326,0.011374381089274133,0.022485492200385242,0.021036825527199855,0.023052079007595577
732,0.022732668446662788,0.022346418881411326,0.022346418881411326,0.019707714422607468,0.022485492200385242,0.021036825527199855,0.022081465154644184
741,0.022732668446662788,0.022346418881411326,0.022346418881411326,0.019707714422607468,0.019707714422607468,0.024438186071417543,0.021520329020906656
744,0.022732668446662788,0.022346418881411326,0.022346418881411326,0.0280410477559408,0.019707714422607468,0.017635464982982168,0.021702319118335044
756,0.022732668446662788,0.022346418881411326,0.022346418881411326,0.011374381089274133,0.011374381089274133,0.02783954661563523,0.02411368790926116
757,0.022732668446662788,0.022346418881411326,0.022346418881411326,0.019707714422607468,0.01692993664482969,0.017635464982982168,0.022066299313191817
762,0.022732668446662788,0.022346418881411326,0.022346418881411326,0.019707714422607468,0.02526326997816302,0.024438186071417543,0.02223312356916784
770,0.022732668446662788,0.022346418881411326,0.022346418881411326,0.019707714422607468,0.01692993664482969,0.031240907159852914,0.021611324069620852
815,0.022732668446662788,0.022346418881411326,0.022346418881411326,0.019707714422607468,0.014152158867051911,0.02783954661563523,0.022035967630287086
818,0.022732668446662788,0.022346418881411326,0.022346418881411326,0.011374381089274133,0.01692993664482969,0.021036825527199855,0.022415113666596223
833,0.022732668446662788,0.022346418881411326,0.022346418881411326,0.044707714422607465,0.02526326997816302,0.017635464982982168,0.02148999733800193
843,0.022732668446662788,0.022346418881411326,0.022346418881411326,0.019707714422607468,0.019707714422607468,0.01423410443876448,0.02144449981364483
852,0.022732668446662788,0.022346418881411326,0.022346418881411326,0.036374381089274134,0.0280410477559408,0.024438186071417543,0.021399002289287733
872,0.022732668446662788,0.022346418881411326,0.022346418881411326,0.0280410477559408,0.030818825533718577,0.01423410443876448,0.02138383644783537
873,0.022732668446662788,0.022346418881411326,0.022346418881411326,0.011374381089274133,0.014152158867051911,0.031240907159852914,0.024053024543451696
890,0.022732668446662788,0.022346418881411326,0.022346418881411326,0.036374381089274134,0.0280410477559408,0.024438186071417543,0.021732650801239775
912,0.022732668446662788,0.022346418881411326,0.022346418881411326,0.011374381089274133,0.01692993664482969,0.01423410443876448,0.02253644039821515
928,0.022732668446662788,0.022346418881411326,0.022346418881411326,0.011374381089274133,0.01692993664482969,0.01423410443876448,0.02299141564178611
945,0.022732668446662788,0.022346418881411326,0.022346418881411326,0.0280410477559408,0.0280410477559408,0.031240907159852914,0.02168715327688268
954,0.022732668446662788,0.022346418881411326,0.022346418881411326,0.019707714422607468,0.022485492200385242,0.024438186071417543,0.021975304264477625
970,0.022732668446662788,0.022346418881411326,0.022346418881411326,0.011374381089274133,0.01692993664482969,0.021036825527199855,0.023294732470833423
988,0.022732668446662788,0.022346418881411326,0.022346418881411326,0.019707714422607468,0.022485492200385242,0.017635464982982168,0.022066299313191817
991,0.022732668446662788,0.022346418881411326,0.022346418881411326,0.011374381089274133,0.030818825533718577,0.01423410443876448,0.022915586434524286
992,0.022732668446662788,0.022346418881411326,0.022346418881411326,0.019707714422607468,0.022485492200385242,0.024438186071417543,0.02202080178883472
993,0.022732668446662788,0.022346418881411326,0.022346418881411326,0.019707714422607468,0.019707714422607468,0.017635464982982168,0.021762982484144506
994,0.022732668446662788,0.022346418881411326,0.022346418881411326,0.011374381089274133,0.019707714422607468,0.021036825527199855,0.02299141564178611
998,0.022732668446662788,0.022346418881411326,0.022346418881411326,0.019707714422607468,0.01692993664482969,0.024438186071417543,0.02155066070381139
020,0.022707399969088563,0.021714706942055673,0.021714706942055673,0.011374381089274133,0.01692993664482969,0.021036825527199855,0.023491888409714175
024,0.022707399969088563,0.021714706942055673,0.021714706942055673,0.019707714422607468,0.019707714422607468,0.017635464982982168,0.022248289410620202
025,0.022707399969088563,0.021714706942055673,0.021714706942055673,0.036374381089274134,0.02526326997816302,0.024438186071417543,0.021505163179454292
038,0.022707399969088563,0.021714706942055673,0.021714706942055673,0.0280410477559408,0.01692993664482969,0.024438186071417543,0.021793314167049237
064,0.022707399969088563,0.021714706942055673,0.021714706942055673,0.019707714422607468,0.02526326997816302,0.010832743894546793,0.021399002289287733
067,0.022707399969088563,0.021714706942055673,0.021714706942055673,0.011374381089274133,0.014152158867051911,0.02783954661563523,0.02306724484904794
089,0.022707399969088563,0.021714706942055673,0.021714706942055673,0.019707714422607468,0.019707714422607468,0.02783954661563523,0.021899475057215796
096,0.022707399969088563,0.021714706942055673,0.021714706942055673,0.011374381089274133,0.01692993664482969,0.017635464982982168,0.02253644039821515
108,0.022707399969088563,0.021714706942055673,0.021714706942055673,0.019707714422607468,0.02526326997816302,0.024438186071417543,0.021838811691406335
117,0.022707399969088563,0.021714706942055673,0.021714706942055673,0.0280410477559408,0.02526326997816302,0.01423410443876448,0.02155066070381139
126,0.022707399969088563,0.021714706942055673,0.021714706942055673,0.011374381089274133,0.01692993664482969,0.021036825527199855,0.022612269605476975
129,0.022707399969088563,0.021714706942055673,0.021714706942055673,0.011374381089274133,0.014152158867051911,0.024438186071417543,0.024098522067808794
136,0.022707399969088563,0.021714706942055673,0.021714706942055673,0.0280410477559408,0.019707714422607468,0.021036825527199855,0.021869143374311065
156,0.022707399969088563,0.021714706942055673,0.021714706942055673,0.011374381089274133,0.02526326997816302,0.01423410443876448,0.02235445030078676
163,0.022707399969088563,0.021714706942055673,0.021714706942055673,0.0280410477559408,0.022485492200385242,0.024438186071417543,0.021399002289287733
187,0.022707399969088563,0.021714706942055673,0.021714706942055673,0.019707714422607468,0.01692993664482969,0.02783954661563523,0.02212696267900128
188,0.022707399969088563,0.021714706942055673,0.021714706942055673,0.0280410477559408,0.02526326997816302,0.02783954661563523,0.021459665655097198
199,0.022707399969088563,0.021714706942055673,0.021714706942055673,0.011374381089274133,0.014152158867051911,0.017635464982982168,0.022308952776429667
201,0.022707399969088563,0.021714706942055673,0.021714706942055673,0.011374381089274133,0.01692993664482969,0.01423410443876448,0.023052079007595577
212,0.022707399969088563,0.021714706942055673,0.021714706942055673,0.011374381089274133,0.022485492200385242,0.021036825527199855,0.02285492306871482
223,0.022707399969088563,0.021714706942055673,0.021714706942055673,0.0280410477559408,0.02526326997816302,0.01423410443876448,0.021505163179454292
232,0.022707399969088563,0.021714706942055673,0.021714706942055673,0.036374381089274134,0.02526326997816302,0.024438186071417543,0.021747816642692142
261,0.022707399969088563,0.021714706942055673,0.021714706942055673,0.0280410477559408,0.022485492200385242,0.017635464982982168,0.021520329020906656
268,0.022707399969088563,0.021714706942055673,0.021714706942055673,0.019707714422607468,0.01692993664482969,0.010832743894546793,0.02182364584995397
272,0.022707399969088563,0.021714706942055673,0.021714706942055673,0.011374381089274133,0.019707714422607468,0.017635464982982168,0.022733596337095898
276,0.022707399969088563,0.021714706942055673,0.021714706942055673,0.011374381089274133,0.01692993664482969,0.024438186071417543,0.022521274556762783
280,0.022707399969088563,0.021714706942055673,0.021714706942055673,0.019707714422607468,0.0280410477559408,0.017635464982982168,0.021944972581572894
285,0.022707399969088563,0.021714706942055673,0.021714706942055673,0.011374381089274133,0.014152158867051911,0.021036825527199855,0.022415113666596223
286,0.022707399969088563,0.021714706942055673,0.021714706942055673,0.0280410477559408,0.0280410477559408,0.017635464982982168,0.0214141681307401
327,0.022707399969088563,0.021714706942055673,0.021714706942055673,0.036374381089274134,0.02526326997816302,0.017635464982982168,0.0214141681307401
337,0.022707399969088563,0.021714706942055673,0.021714706942055673,0.019707714422607468,0.019707714422607468,0.021036825527199855,0.02171748495978741
342,0.022707399969088563,0.021714706942055673,0.021714706942055673,0.019707714422607468,0.02526326997816302,0.02783954661563523,0.022172460203358377
371,0.022707399969088563,0.021714706942055673,0.021714706942055673,0.011374381089274133,0.014152158867051911,0.017635464982982168,0.02314307405630977
383,0.022707399969088563,0.021714706942055673,0.021714706942055673,0.019707714422607468,0.019707714422607468,0.02783954661563523,0.02168715327688268
385,0.022707399969088563,0.021714706942055673,0.021714706942055673,0.019707714422607468,0.030818825533718577,0.021036825527199855,0.021793314167049237
405,0.022707399969088563,0.021714706942055673,0.021714706942055673,0.011374381089274133,0.019707714422607468,0.024438186071417543,0.023006581483238482
412,0.022707399969088563,0.021714706942055673,0.021714706942055673,0.044707714422607465,0.03359660331149635,0.01423410443876448,0.02159615822816849
416,0.022707399969088563,0.021714706942055673,0.021714706942055673,0.011374381089274133,0.019707714422607468,0.031240907159852914,0.022415113666596223
421,0.022707399969088563,0.021714706942055673,0.021714706942055673,0.019707714422607468,0.022485492200385242,0.031240907159852914,0.021914640898668163
438,0.022707399969088563,0.021714706942055673,0.021714706942055673,0.019707714422607468,0.0280410477559408,0.024438186071417543,0.021732650801239775
446,0.022707399969088563,0.021714706942055673,0.021714706942055673,0.019707714422607468,0.022485492200385242,0.024438186071417543,0.021429333972192464
448,0.022707399969088563,0.021714706942055673,0.021714706942055673,0.036374381089274134,0.019707714422607468,0.01423410443876448,0.021535494862359023
458,0.022707399969088563,0.021714706942055673,0.021714706942055673,0.0280410477559408,0.03359660331149635,0.02783954661563523,0.02188430921576343
479,0.022707399969088563,0.021714706942055673,0.021714706942055673,0.019707714422607468,0.02526326997816302,0.034642267704070605,0.02144449981364483
480,0.022707399969088563,0.021714706942055673,0.021714706942055673,0.011374381089274133,0.014152158867051911,0.03804362824828829,0.022490942873858052
483,0.022707399969088563,0.021714706942055673,0.021714706942055673,0.0280410477559408,0.02526326997816302,0.010832743894546793,0.021399002289287733
494,0.022707399969088563,0.021714706942055673,0.021714706942055673,0.0280410477559408,0.022485492200385242,0.02783954661563523,0.021762982484144506
498,0.022707399969088563,0.021714706942055673,0.021714706942055673,0.019707714422607468,0.02526326997816302,0.024438186071417543,0.021520329020906656
500,0.022707399969088563,0.021714706942055673,0.021714706942055673,0.0280410477559408,0.019707714422607468,0.017635464982982168,0.0218539775328587
528,0.022707399969088563,0.021714706942055673,0.021714706942055673,0.019707714422607468,0.02526326997816302,0.02783954661563523,0.022096630996096548
575,0.022707399969088563,0.021714706942055673,0.021714706942055673,0.019707714422607468,0.01692993664482969,0.01423410443876448,0.021641655752525583
581,0.022707399969088563,0.021714706942055673,0.021714706942055673,0.019707714422607468,0.01692993664482969,0.021036825527199855,0.021869143374311065
587,0.022707399969088563,0.021714706942055673,0.021714706942055673,0.019707714422607468,0.019707714422607468,0.017635464982982168,0.021565826545263754
614,0.022707399969088563,0.021714706942055673,0.021714706942055673,0.011374381089274133,0.01692993664482969,0.021036825527199855,0.0222937869349773
631,0.022707399969088563,0.021714706942055673,0.021714706942055673,0.0280410477559408,0.030818825533718577,0.024438186071417543,0.022035967630287086
639,0.022707399969088563,0.021714706942055673,0.021714706942055673,0.0280410477559408,0.01692993664482969,0.02783954661563523,0.021611324069620852
646,0.022707399969088563,0.021714706942055673,0.021714706942055673,0.0280410477559408,0.030818825533718577,0.01423410443876448,0.021611324069620852
674,0.022707399969088563,0.021714706942055673,0.021714706942055673,0.019707714422607468,0.01692993664482969,0.034642267704070605,0.021808480008501604
678,0.022707399969088563,0.021714706942055673,0.021714706942055673,0.019707714422607468,0.02526326997816302,0.02783954661563523,0.02196013842302526
687,0.022707399969088563,0.021714706942055673,0.021714706942055673,0.044707714422607465,0.02526326997816302,0.017635464982982168,0.021535494862359023
723,0.022707399969088563,0.021714706942055673,0.021714706942055673,0.019707714422607468,0.019707714422607468,0.017635464982982168,0.021671987435430314
737,0.022707399969088563,0.021714706942055673,0.021714706942055673,0.019707714422607468,0.022485492200385242,0.021036825527199855,0.021944972581572894
738,0.022707399969088563,0.021714706942055673,0.021714706942055673,0.019707714422607468,0.019707714422607468,0.031240907159852914,0.021656821593977946
746,0.022707399969088563,0.021714706942055673,0.021714706942055673,0.019707714422607468,0.01692993664482969,0.017635464982982168,0.02144449981364483
753,0.022707399969088563,0.021714706942055673,0.021714706942055673,0.036374381089274134,0.0280410477559408,0.021036825527199855,0.021611324069620852
763,0.022707399969088563,0.021714706942055673,0.021714706942055673,0.019707714422607468,0.019707714422607468,0.01423410443876448,0.021778148325596873
777,0.022707399969088563,0.021714706942055673,0.021714706942055673,0.0280410477559408,0.022485492200385242,0.017635464982982168,0.021793314167049237
786,0.022707399969088563,0.021714706942055673,0.021714706942055673,0.036374381089274134,0.02526326997816302,0.02783954661563523,0.021641655752525583
796,0.022707399969088563,0.021714706942055673,0.021714706942055673,0.0280410477559408,0.02526326997816302,0.021036825527199855,0.021611324069620852
798,0.022707399969088563,0.021714706942055673,0.021714706942055673,0.011374381089274133,0.01692993664482969,0.02783954661563523,0.02285492306871482
803,0.022707399969088563,0.021714706942055673,0.021714706942055673,0.011374381089274133,0.01692993664482969,0.02783954661563523,0.022581937922572244
822,0.022707399969088563,0.021714706942055673,0.021714706942055673,0.011374381089274133,0.01692993664482969,0.02783954661563523,0.022748762178548265
827,0.022707399969088563,0.021714706942055673,0.021714706942055673,0.036374381089274134,0.0280410477559408,0.024438186071417543,0.02144449981364483
831,0.022707399969088563,0.021714706942055673,0.021714706942055673,0.019707714422607468,0.0280410477559408,0.017635464982982168,0.02199047010592999
842,0.022707399969088563,0.021714706942055673,0.021714706942055673,0.0280410477559408,0.02526326997816302,0.021036825527199855,0.021747816642692142
855,0.022707399969088563,0.021714706942055673,0.021714706942055673,0.011374381089274133,0.019707714422607468,0.017635464982982168,0.022657767129834073
861,0.022707399969088563,0.021714706942055673,0.021714706942055673,0.019707714422607468,0.022485492200385242,0.024438186071417543,0.02215729436190601
901,0.022707399969088563,0.021714706942055673,0.021714706942055673,0.0280410477559408,0.0280410477559408,0.021036825527199855,0.022051133471739454
918,0.022707399969088563,0.021714706942055673,0.021714706942055673,0.019707714422607468,0.014152158867051911,0.021036825527199855,0.021914640898668163
919,0.022707399969088563,0.021714706942055673,0.021714706942055673,0.036374381089274134,0.022485492200385242,0.02783954661563523,0.021459665655097198
922,0.022707399969088563,0.021714706942055673,0.021714706942055673,0.019707714422607468,0.01692993664482969,0.024438186071417543,0.021429333972192464
925,0.022707399969088563,0.021714706942055673,0.021714706942055673,0.011374381089274133,0.014152158867051911,0.024438186071417543,0.023446390885357077
941,0.022707399969088563,0.021714706942055673,0.021714706942055673,0.0280410477559408,0.02526326997816302,0.024438186071417543,0.02147483149654956
948,0.022707399969088563,0.021714706942055673,0.021714706942055673,0.011374381089274133,0.022485492200385242,0.034642267704070605,0.022384781983691492
953,0.022707399969088563,0.021714706942055673,0.021714706942055673,0.019707714422607468,0.01692993664482969,0.01423410443876448,0.021732650801239775
973,0.022707399969088563,0.021714706942055673,0.021714706942055673,0.019707714422607468,0.0280410477559408,0.017635464982982168,0.02199047010592999
995,0.022707399969088563,0.021714706942055673,0.021714706942055673,0.011374381089274133,0.014152158867051911,0.017635464982982168,0.023309898312285787
016,0.022682131491514334,0.02108299500270002,0.02108299500270002,0.019707714422607468,0.019707714422607468,0.017635464982982168,0.021869143374311065
018,0.022682131491514334,0.02108299500270002,0.02108299500270002,0.019707714422607468,0.014152158867051911,0.021036825527199855,0.02144449981364483
039,0.022682131491514334,0.02108299500270002,0.02108299500270002,0.011374381089274133,0.011374381089274133,0.017635464982982168,0.02411368790926116
058,0.022682131491514334,0.02108299500270002,0.02108299500270002,0.019707714422607468,0.0280410477559408,0.024438186071417543,0.021838811691406335
070,0.022682131491514334,0.02108299500270002,0.02108299500270002,0.036374381089274134,0.022485492200385242,0.021036825527199855,0.021656821593977946
078,0.022682131491514334,0.02108299500270002,0.02108299500270002,0.011374381089274133,0.01692993664482969,0.03804362824828829,0.02378003939730912
083,0.022682131491514334,0.02108299500270002,0.02108299500270002,0.036374381089274134,0.03359660331149635,0.021036825527199855,0.021778148325596873
084,0.022682131491514334,0.02108299500270002,0.02108299500270002,0.036374381089274134,0.0280410477559408,0.017635464982982168,0.021702319118335044
101,0.022682131491514334,0.02108299500270002,0.02108299500270002,0.011374381089274133,0.01692993664482969,0.021036825527199855,0.022369616142239125
103,0.022682131491514334,0.02108299500270002,0.02108299500270002,0.036374381089274134,0.0280410477559408,0.021036825527199855,0.021399002289287733
128,0.022682131491514334,0.02108299500270002,0.02108299500270002,0.019707714422607468,0.02526326997816302,0.031240907159852914,0.02171748495978741
141,0.022682131491514334,0.02108299500270002,0.02108299500270002,0.019707714422607468,0.02526326997816302,0.03804362824828829,0.021732650801239775
142,0.022682131491514334,0.02108299500270002,0.02108299500270002,0.0280410477559408,0.019707714422607468,0.01423410443876448,0.02147483149654956
145,0.022682131491514334,0.02108299500270002,0.02108299500270002,0.011374381089274133,0.01692993664482969,0.024438186071417543,0.023006581483238482
154,0.022682131491514334,0.02108299500270002,0.02108299500270002,0.019707714422607468,0.022485492200385242,0.034642267704070605,0.02168715327688268
155,0.022682131491514334,0.02108299500270002,0.02108299500270002,0.036374381089274134,0.0280410477559408,0.021036825527199855,0.02155066070381139
170,0.022682131491514334,0.02108299500270002,0.02108299500270002,0.036374381089274134,0.019707714422607468,0.017635464982982168,0.021702319118335044
171,0.022682131491514334,0.02108299500270002,0.02108299500270002,0.0280410477559408,0.022485492200385242,0.021036825527199855,0.021732650801239775
172,0.022682131491514334,0.02108299500270002,0.02108299500270002,0.011374381089274133,0.014152158867051911,0.017635464982982168,0.023158239897762136
192,0.022682131491514334,0.02108299500270002,0.02108299500270002,0.019707714422607468,0.022485492200385242,0.021036825527199855,0.022248289410620202
198,0.022682131491514334,0.02108299500270002,0.02108299500270002,0.036374381089274134,0.030818825533718577,0.021036825527199855,0.021626489911073216
209,0.022682131491514334,0.02108299500270002,0.02108299500270002,0.011374381089274133,0.019707714422607468,0.021036825527199855,0.022490942873858052
214,0.022682131491514334,0.02108299500270002,0.02108299500270002,0.019707714422607468,0.03359660331149635,0.021036825527199855,0.021732650801239775
237,0.022682131491514334,0.02108299500270002,0.02108299500270002,0.0280410477559408,0.02526326997816302,0.024438186071417543,0.021641655752525583
245,0.022682131491514334,0.02108299500270002,0.02108299500270002,0.0280410477559408,0.0280410477559408,0.017635464982982168,0.022066299313191817
258,0.022682131491514334,0.02108299500270002,0.02108299500270002,0.011374381089274133,0.01692993664482969,0.031240907159852914,0.022384781983691492
281,0.022682131491514334,0.02108299500270002,0.02108299500270002,0.019707714422607468,0.02526326997816302,0.01423410443876448,0.021975304264477625
282,0.022682131491514334,0.02108299500270002,0.02108299500270002,0.019707714422607468,0.019707714422607468,0.017635464982982168,0.022096630996096548
290,0.022682131491514334,0.02108299500270002,0.02108299500270002,0.0280410477559408,0.0280410477559408,0.017635464982982168,0.021611324069620852
303,0.022682131491514334,0.02108299500270002,0.02108299500270002,0.011374381089274133,0.022485492200385242,0.021036825527199855,0.022475777032405685
320,0.022682131491514334,0.02108299500270002,0.02108299500270002,0.011374381089274133,0.01692993664482969,0.017635464982982168,0.022475777032405685
347,0.022682131491514334,0.02108299500270002,0.02108299500270002,0.011374381089274133,0.011374381089274133,0.02783954661563523,0.02411368790926116
350,0.022682131491514334,0.02108299500270002,0.02108299500270002,0.036374381089274134,0.022485492200385242,0.021036825527199855,0.021459665655097198
355,0.022682131491514334,0.02108299500270002,0.02108299500270002,0.011374381089274133,0.030818825533718577,0.024438186071417543,0.022445445349500954
361,0.022682131491514334,0.02108299500270002,0.02108299500270002,0.0280410477559408,0.02526326997816302,0.031240907159852914,0.02159615822816849
364,0.022682131491514334,0.02108299500270002,0.02108299500270002,0.019707714422607468,0.0280410477559408,0.03804362824828829,0.02182364584995397
366,0.022682131491514334,0.02108299500270002,0.02108299500270002,0.019707714422607468,0.030818825533718577,0.024438186071417543,0.021914640898668163
376,0.022682131491514334,0.02108299500270002,0.02108299500270002,0.0280410477559408,0.019707714422607468,0.01423410443876448,0.021944972581572894
384,0.022682131491514334,0.02108299500270002,0.02108299500270002,0.036374381089274134,0.030818825533718577,0.02783954661563523,0.021429333972192464
401,0.022682131491514334,0.02108299500270002,0.02108299500270002,0.036374381089274134,0.0280410477559408,0.021036825527199855,0.0218539775328587
404,0.022682131491514334,0.02108299500270002,0.02108299500270002,0.011374381089274133,0.01692993664482969,0.01423410443876448,0.022703264654191167
410,0.022682131491514334,0.02108299500270002,0.02108299500270002,0.019707714422607468,0.02526326997816302,0.034642267704070605,0.021808480008501604
433,0.022682131491514334,0.02108299500270002,0.02108299500270002,0.011374381089274133,0.011374381089274133,0.01423410443876448,0.02411368790926116
467,0.022682131491514334,0.02108299500270002,0.02108299500270002,0.019707714422607468,0.019707714422607468,0.024438186071417543,0.02148999733800193
476,0.022682131491514334,0.02108299500270002,0.02108299500270002,0.0280410477559408,0.019707714422607468,0.024438186071417543,0.02147483149654956
487,0.022682131491514334,0.02108299500270002,0.02108299500270002,0.011374381089274133,0.022485492200385242,0.021036825527199855,0.02256677208111988
496,0.022682131491514334,0.02108299500270002,0.02108299500270002,0.019707714422607468,0.014152158867051911,0.021036825527199855,0.02159615822816849
505,0.022682131491514334,0.02108299500270002,0.02108299500270002,0.0280410477559408,0.019707714422607468,0.021036825527199855,0.021565826545263754
507,0.022682131491514334,0.02108299500270002,0.02108299500270002,0.0280410477559408,0.022485492200385242,0.031240907159852914,0.021702319118335044
518,0.022682131491514334,0.02108299500270002,0.02108299500270002,0.019707714422607468,0.01692993664482969,0.02783954661563523,0.02148999733800193
520,0.022682131491514334,0.02108299500270002,0.02108299500270002,0.0280410477559408,0.019707714422607468,0.02783954661563523,0.02159615822816849
521,0.022682131491514334,0.02108299500270002,0.02108299500270002,0.011374381089274133,0.01692993664482969,0.024438186071417543,0.02256677208111988
529,0.022682131491514334,0.02108299500270002,0.02108299500270002,0.019707714422607468,0.014152158867051911,0.024438186071417543,0.021641655752525583
531,0.022682131491514334,0.02108299500270002,0.02108299500270002,0.019707714422607468,0.0280410477559408,0.021036825527199855,0.021944972581572894
538,0.022682131491514334,0.02108299500270002,0.02108299500270002,0.011374381089274133,0.01692993664482969,0.021036825527199855,0.023461556726809447
554,0.022682131491514334,0.02108299500270002,0.02108299500270002,0.0280410477559408,0.0280410477559408,0.024438186071417543,0.021869143374311065
571,0.022682131491514334,0.02108299500270002,0.02108299500270002,0.011374381089274133,0.0280410477559408,0.017635464982982168,0.022384781983691492
591,0.022682131491514334,0.02108299500270002,0.02108299500270002,0.011374381089274133,0.02526326997816302,0.021036825527199855,0.022748762178548265
593,0.022682131491514334,0.02108299500270002,0.02108299500270002,0.0280410477559408,0.02526326997816302,0.017635464982982168,0.021399002289287733
604,0.022682131491514334,0.02108299500270002,0.02108299500270002,0.019707714422607468,0.01692993664482969,0.01423410443876448,0.021944972581572894
611,0.022682131491514334,0.02108299500270002,0.02108299500270002,0.019707714422607468,0.02526326997816302,0.01423410443876448,0.022187626044810744
626,0.022682131491514334,0.02108299500270002,0.02108299500270002,0.019707714422607468,0.01692993664482969,0.017635464982982168,0.0218539775328587
638,0.022682131491514334,0.02108299500270002,0.02108299500270002,0.036374381089274134,0.030818825533718577,0.021036825527199855,0.021520329020906656
643,0.022682131491514334,0.02108299500270002,0.02108299500270002,0.019707714422607468,0.01692993664482969,0.017635464982982168,0.02144449981364483
650,0.022682131491514334,0.02108299500270002,0.02108299500270002,0.011374381089274133,0.01692993664482969,0.024438186071417543,0.02246061119095332
660,0.022682131491514334,0.02108299500270002,0.02108299500270002,0.036374381089274134,0.030818825533718577,0.01423410443876448,0.02188430921576343
685,0.022682131491514334,0.02108299500270002,0.02108299500270002,0.019707714422607468,0.022485492200385242,0.02783954661563523,0.02182364584995397
701,0.022682131491514334,0.02108299500270002,0.02108299500270002,0.019707714422607468,0.01692993664482969,0.01423410443876448,0.022035967630287086
708,0.022682131491514334,0.02108299500270002,0.02108299500270002,0.011374381089274133,0.030818825533718577,0.021036825527199855,0.022384781983691492
725,0.022682131491514334,0.02108299500270002,0.02108299500270002,0.011374381089274133,0.019707714422607468,0.017635464982982168,0.023112742373405038
739,0.022682131491514334,0.02108299500270002,0.02108299500270002,0.044707714422607465,0.02526326997816302,0.024438186071417543,0.02155066070381139
771,0.022682131491514334,0.02108299500270002,0.02108299500270002,0.0280410477559408,0.022485492200385242,0.021036825527199855,0.021944972581572894
830,0.022682131491514334,0.02108299500270002,0.02108299500270002,0.019707714422607468,0.01692993664482969,0.031240907159852914,0.021535494862359023
837,0.022682131491514334,0.02108299500270002,0.02108299500270002,0.011374381089274133,0.01692993664482969,0.024438186071417543,0.023689044348594923
845,0.022682131491514334,0.02108299500270002,0.02108299500270002,0.0280410477559408,0.022485492200385242,0.024438186071417543,0.02196013842302526
846,0.022682131491514334,0.02108299500270002,0.02108299500270002,0.019707714422607468,0.022485492200385242,0.01423410443876448,0.021914640898668163
849,0.022682131491514334,0.02108299500270002,0.02108299500270002,0.0280410477559408,0.019707714422607468,0.021036825527199855,0.02138383644783537
865,0.022682131491514334,0.02108299500270002,0.02108299500270002,0.011374381089274133,0.022485492200385242,0.024438186071417543,0.022445445349500954
868,0.022682131491514334,0.02108299500270002,0.02108299500270002,0.019707714422607468,0.014152158867051911,0.01423410443876448,0.02158099238671612
885,0.022682131491514334,0.02108299500270002,0.02108299500270002,0.019707714422607468,0.022485492200385242,0.021036825527199855,0.021762982484144506
896,0.022682131491514334,0.02108299500270002,0.02108299500270002,0.011374381089274133,0.022485492200385242,0.021036825527199855,0.0222937869349773
907,0.022682131491514334,0.02108299500270002,0.02108299500270002,0.019707714422607468,0.02526326997816302,0.017635464982982168,0.022248289410620202
971,0.022682131491514334,0.02108299500270002,0.02108299500270002,0.011374381089274133,0.01692993664482969,0.017635464982982168,0.022870088910167192
976,0.022682131491514334,0.02108299500270002,0.02108299500270002,0.0280410477559408,0.02526326997816302,0.021036825527199855,0.021656821593977946
984,0.022682131491514334,0.02108299500270002,0.02108299500270002,0.019707714422607468,0.022485492200385242,0.017635464982982168,0.021747816642692142
007,0.02265686301394011,0.020451283063344365,0.020451283063344365,0.011374381089274133,0.022485492200385242,0.024438186071417543,0.022703264654191167
015,0.02265686301394011,0.020451283063344365,0.020451283063344365,0.019707714422607468,0.019707714422607468,0.017635464982982168,0.021505163179454292
037,0.02265686301394011,0.020451283063344365,0.020451283063344365,0.019707714422607468,0.02526326997816302,0.017635464982982168,0.021778148325596873
048,0.02265686301394011,0.020451283063344365,0.020451283063344365,0.011374381089274133,0.01692993664482969,0.021036825527199855,0.02290042059307192
061,0.02265686301394011,0.020451283063344365,0.020451283063344365,0.044707714422607465,0.030818825533718577,0.017635464982982168,0.02148999733800193
094,0.02265686301394011,0.020451283063344365,0.020451283063344365,0.019707714422607468,0.022485492200385242,0.02783954661563523,0.02221795772771547
107,0.02265686301394011,0.020451283063344365,0.020451283063344365,0.019707714422607468,0.01692993664482969,0.017635464982982168,0.022066299313191817
120,0.02265686301394011,0.020451283063344365,0.020451283063344365,0.0280410477559408,0.0280410477559408,0.017635464982982168,0.021459665655097198
122,0.02265686301394011,0.020451283063344365,0.020451283063344365,0.011374381089274133,0.01692993664482969,0.017635464982982168,0.023582883458428367
137,0.02265686301394011,0.020451283063344365,0.020451283063344365,0.0530410477559408,0.030818825533718577,0.024438186071417543,0.021656821593977946
148,0.02265686301394011,0.020451283063344365,0.020451283063344365,0.019707714422607468,0.03359660331149635,0.02783954661563523,0.02223312356916784
185,0.02265686301394011,0.020451283063344365,0.020451283063344365,0.0280410477559408,0.02526326997816302,0.017635464982982168,0.02188430921576343
207,0.02265686301394011,0.020451283063344365,0.020451283063344365,0.019707714422607468,0.022485492200385242,0.021036825527199855,0.021520329020906656
211,0.02265686301394011,0.020451283063344365,0.020451283063344365,0.019707714422607468,0.019707714422607468,0.024438186071417543,0.02147483149654956
218,0.02265686301394011,0.020451283063344365,0.020451283063344365,0.019707714422607468,0.019707714422607468,0.02783954661563523,0.021975304264477625
220,0.02265686301394011,0.020451283063344365,0.020451283063344365,0.019707714422607468,0.01692993664482969,0.01423410443876448,0.02138383644783537
226,0.02265686301394011,0.020451283063344365,0.020451283063344365,0.019707714422607468,0.014152158867051911,0.02783954661563523,0.022202791886263108
230,0.02265686301394011,0.020451283063344365,0.020451283063344365,0.0280410477559408,0.022485492200385242,0.017635464982982168,0.021747816642692142
234,0.02265686301394011,0.020451283063344365,0.020451283063344365,0.011374381089274133,0.01692993664482969,0.02783954661563523,0.022885254751619555
241,0.02265686301394011,0.020451283063344365,0.020451283063344365,0.019707714422607468,0.02526326997816302,0.02783954661563523,0.021505163179454292
247,0.02265686301394011,0.020451283063344365,0.020451283063344365,0.036374381089274134,0.02526326997816302,0.01423410443876448,0.021505163179454292
284,0.02265686301394011,0.020451283063344365,0.020451283063344365,0.0280410477559408,0.022485492200385242,0.02783954661563523,0.02168715327688268
288,0.02265686301394011,0.020451283063344365,0.020451283063344365,0.019707714422607468,0.01692993664482969,0.024438186071417543,0.02211179683754891
295,0.02265686301394011,0.020451283063344365,0.020451283063344365,0.0280410477559408,0.019707714422607468,0.02783954661563523,0.02202080178883472
334,0.02265686301394011,0.020451283063344365,0.020451283063344365,0.011374381089274133,0.014152158867051911,0.010832743894546793,0.02303691316614321
367,0.02265686301394011,0.020451283063344365,0.020451283063344365,0.0280410477559408,0.019707714422607468,0.021036825527199855,0.02211179683754891
386,0.02265686301394011,0.020451283063344365,0.020451283063344365,0.011374381089274133,0.011374381089274133,0.01423410443876448,0.02411368790926116
387,0.02265686301394011,0.020451283063344365,0.020451283063344365,0.019707714422607468,0.019707714422607468,0.021036825527199855,0.022081465154644184
418,0.02265686301394011,0.020451283063344365,0.020451283063344365,0.0280410477559408,0.02526326997816302,0.024438186071417543,0.02147483149654956
425,0.02265686301394011,0.020451283063344365,0.020451283063344365,0.019707714422607468,0.022485492200385242,0.021036825527199855,0.0218539775328587
455,0.02265686301394011,0.020451283063344365,0.020451283063344365,0.036374381089274134,0.030818825533718577,0.017635464982982168,0.021520329020906656
457,0.02265686301394011,0.020451283063344365,0.020451283063344365,0.019707714422607468,0.022485492200385242,0.021036825527199855,0.021535494862359023
464,0.02265686301394011,0.020451283063344365,0.020451283063344365,0.0280410477559408,0.02526326997816302,0.01423410443876448,0.021656821593977946
499,0.02265686301394011,0.020451283063344365,0.020451283063344365,0.019707714422607468,0.019707714422607468,0.01423410443876448,0.022081465154644184
504,0.02265686301394011,0.020451283063344365,0.020451283063344365,0.036374381089274134,0.019707714422607468,0.017635464982982168,0.021459665655097198
514,0.02265686301394011,0.020451283063344365,0.020451283063344365,0.011374381089274133,0.02526326997816302,0.017635464982982168,0.023112742373405038
516,0.02265686301394011,0.020451283063344365,0.020451283063344365,0.011374381089274133,0.019707714422607468,0.021036825527199855,0.022688098812738804
534,0.02265686301394011,0.020451283063344365,0.020451283063344365,0.011374381089274133,0.01692993664482969,0.01423410443876448,0.023431225043904713
535,0.02265686301394011,0.020451283063344365,0.020451283063344365,0.011374381089274133,0.019707714422607468,0.01423410443876448,0.022688098812738804
537,0.02265686301394011,0.020451283063344365,0.020451283063344365,0.044707714422607465,0.030818825533718577,0.01423410443876448,0.021869143374311065
550,0.02265686301394011,0.020451283063344365,0.020451283063344365,0.036374381089274134,0.022485492200385242,0.017635464982982168,0.02138383644783537
552,0.02265686301394011,0.020451283063344365,0.020451283063344365,0.011374381089274133,0.022485492200385242,0.017635464982982168,0.023325064153738157
580,0.02265686301394011,0.020451283063344365,0.020451283063344365,0.011374381089274133,0.019707714422607468,0.02783954661563523,0.022748762178548265
607,0.02265686301394011,0.020451283063344365,0.020451283063344365,0.011374381089274133,0.014152158867051911,0.024438186071417543,0.02387103444602331
640,0.02265686301394011,0.020451283063344365,0.020451283063344365,0.0280410477559408,0.022485492200385242,0.021036825527199855,0.0218539775328587
644,0.02265686301394011,0.020451283063344365,0.020451283063344365,0.019707714422607468,0.01692993664482969,0.021036825527199855,0.022187626044810744
649,0.02265686301394011,0.020451283063344365,0.020451283063344365,0.011374381089274133,0.022485492200385242,0.017635464982982168,0.023127908214857402
655,0.02265686301394011,0.020451283063344365,0.020451283063344365,0.011374381089274133,0.01692993664482969,0.021036825527199855,0.022445445349500954
680,0.02265686301394011,0.020451283063344365,0.020451283063344365,0.0280410477559408,0.019707714422607468,0.024438186071417543,0.022066299313191817
702,0.02265686301394011,0.020451283063344365,0.020451283063344365,0.019707714422607468,0.02526326997816302,0.017635464982982168,0.021429333972192464
722,0.02265686301394011,0.020451283063344365,0.020451283063344365,0.0280410477559408,0.022485492200385242,0.021036825527199855,0.022096630996096548
743,0.02265686301394011,0.020451283063344365,0.020451283063344365,0.019707714422607468,0.019707714422607468,0.017635464982982168,0.02215729436190601
750,0.02265686301394011,0.020451283063344365,0.020451283063344365,0.011374381089274133,0.014152158867051911,0.017635464982982168,0.023234069105023965
825,0.02265686301394011,0.020451283063344365,0.020451283063344365,0.019707714422607468,0.01692993664482969,0.021036825527199855,0.022096630996096548
826,0.02265686301394011,0.020451283063344365,0.020451283063344365,0.0280410477559408,0.019707714422607468,0.021036825527199855,0.021702319118335044
834,0.02265686301394011,0.020451283063344365,0.020451283063344365,0.019707714422607468,0.022485492200385242,0.017635464982982168,0.021565826545263754
838,0.02265686301394011,0.020451283063344365,0.020451283063344365,0.019707714422607468,0.02526326997816302,0.017635464982982168,0.022035967630287086
863,0.02265686301394011,0.020451283063344365,0.020451283063344365,0.0280410477559408,0.022485492200385242,0.024438186071417543,0.02138383644783537
884,0.02265686301394011,0.020451283063344365,0.020451283063344365,0.036374381089274134,0.02526326997816302,0.02783954661563523,0.021459665655097198
911,0.02265686301394011,0.020451283063344365,0.020451283063344365,0.0280410477559408,0.022485492200385242,0.021036825527199855,0.02168715327688268
926,0.02265686301394011,0.020451283063344365,0.020451283063344365,0.019707714422607468,0.01692993664482969,0.02783954661563523,0.02168715327688268
934,0.02265686301394011,0.020451283063344365,0.020451283063344365,0.0280410477559408,0.03359660331149635,0.021036825527199855,0.02158099238671612
944,0.02265686301394011,0.020451283063344365,0.020451283063344365,0.011374381089274133,0.01692993664482969,0.01423410443876448,0.023355395836642884
985,0.02265686301394011,0.020451283063344365,0.020451283063344365,0.011374381089274133,0.02526326997816302,0.017635464982982168,0.022657767129834073
002,0.022631594536365884,0.019819571123988713,0.019819571123988713,0.011374381089274133,0.01692993664482969,0.021036825527199855,0.02256677208111988
011,0.022631594536365884,0.019819571123988713,0.019819571123988713,0.0280410477559408,0.019707714422607468,0.021036825527199855,0.021793314167049237
056,0.022631594536365884,0.019819571123988713,0.019819571123988713,0.019707714422607468,0.01692993664482969,0.017635464982982168,0.021838811691406335
060,0.022631594536365884,0.019819571123988713,0.019819571123988713,0.019707714422607468,0.01692993664482969,0.01423410443876448,0.021459665655097198
062,0.022631594536365884,0.019819571123988713,0.019819571123988713,0.019707714422607468,0.022485492200385242,0.02783954661563523,0.021626489911073216
066,0.022631594536365884,0.019819571123988713,0.019819571123988713,0.011374381089274133,0.02526326997816302,0.024438186071417543,0.02235445030078676
069,0.022631594536365884,0.019819571123988713,0.019819571123988713,0.011374381089274133,0.019707714422607468,0.010832743894546793,0.022688098812738804
072,0.022631594536365884,0.019819571123988713,0.019819571123988713,0.019707714422607468,0.01692993664482969,0.024438186071417543,0.02148999733800193
095,0.022631594536365884,0.019819571123988713,0.019819571123988713,0.0280410477559408,0.01692993664482969,0.024438186071417543,0.02148999733800193
118,0.022631594536365884,0.019819571123988713,0.019819571123988713,0.019707714422607468,0.02526326997816302,0.021036825527199855,0.02147483149654956
167,0.022631594536365884,0.019819571123988713,0.019819571123988713,0.036374381089274134,0.022485492200385242,0.017635464982982168,0.021459665655097198
182,0.022631594536365884,0.019819571123988713,0.019819571123988713,0.019707714422607468,0.014152158867051911,0.01423410443876448,0.021671987435430314
193,0.022631594536365884,0.019819571123988713,0.019819571123988713,0.0280410477559408,0.022485492200385242,0.021036825527199855,0.021914640898668163
222,0.022631594536365884,0.019819571123988713,0.019819571123988713,0.019707714422607468,0.019707714422607468,0.021036825527199855,0.02196013842302526
324,0.022631594536365884,0.019819571123988713,0.019819571123988713,0.019707714422607468,0.019707714422607468,0.017635464982982168,0.021656821593977946
328,0.022631594536365884,0.019819571123988713,0.019819571123988713,0.019707714422607468,0.022485492200385242,0.01423410443876448,0.021929806740120527
338,0.022631594536365884,0.019819571123988713,0.019819571123988713,0.011374381089274133,0.01692993664482969,0.02783954661563523,0.022384781983691492
345,0.022631594536365884,0.019819571123988713,0.019819571123988713,0.019707714422607468,0.02526326997816302,0.017635464982982168,0.02138383644783537
357,0.022631594536365884,0.019819571123988713,0.019819571123988713,0.019707714422607468,0.0280410477559408,0.017635464982982168,0.021656821593977946
378,0.022631594536365884,0.019819571123988713,0.019819571123988713,0.011374381089274133,0.019707714422607468,0.024438186071417543,0.022339284459334394
408,0.022631594536365884,0.019819571123988713,0.019819571123988713,0.011374381089274133,0.022485492200385242,0.02783954661563523,0.022642601288381706
420,0.022631594536365884,0.019819571123988713,0.019819571123988713,0.019707714422607468,0.014152158867051911,0.017635464982982168,0.02196013842302526
440,0.022631594536365884,0.019819571123988713,0.019819571123988713,0.0280410477559408,0.022485492200385242,0.021036825527199855,0.021656821593977946
445,0.022631594536365884,0.019819571123988713,0.019819571123988713,0.0280410477559408,0.019707714422607468,0.01423410443876448,0.02212696267900128
469,0.022631594536365884,0.019819571123988713,0.019819571123988713,0.019707714422607468,0.01692993664482969,0.021036825527199855,0.021838811691406335
486,0.022631594536365884,0.019819571123988713,0.019819571123988713,0.019707714422607468,0.014152158867051911,0.017635464982982168,0.02138383644783537
497,0.022631594536365884,0.019819571123988713,0.019819571123988713,0.019707714422607468,0.01692993664482969,0.024438186071417543,0.021929806740120527
524,0.022631594536365884,0.019819571123988713,0.019819571123988713,0.019707714422607468,0.019707714422607468,0.021036825527199855,0.021762982484144506
527,0.022631594536365884,0.019819571123988713,0.019819571123988713,0.019707714422607468,0.019707714422607468,0.017635464982982168,0.02202080178883472
541,0.022631594536365884,0.019819571123988713,0.019819571123988713,0.011374381089274133,0.014152158867051911,0.021036825527199855,0.024068190384904067
548,0.022631594536365884,0.019819571123988713,0.019819571123988713,0.011374381089274133,0.019707714422607468,0.02783954661563523,0.022369616142239125
590,0.022631594536365884,0.019819571123988713,0.019819571123988713,0.019707714422607468,0.01692993664482969,0.01423410443876448,0.021565826545263754
600,0.022631594536365884,0.019819571123988713,0.019819571123988713,0.011374381089274133,0.01692993664482969,0.021036825527199855,0.023567717616976003
613,0.022631594536365884,0.019819571123988713,0.019819571123988713,0.036374381089274134,0.036374381089274134,0.02783954661563523,0.02168715327688268
635,0.022631594536365884,0.019819571123988713,0.019819571123988713,0.0280410477559408,0.022485492200385242,0.024438186071417543,0.02155066070381139
637,0.022631594536365884,0.019819571123988713,0.019819571123988713,0.0280410477559408,0.02526326997816302,0.02783954661563523,0.021838811691406335
656,0.022631594536365884,0.019819571123988713,0.019819571123988713,0.011374381089274133,0.022485492200385242,0.01423410443876448,0.022688098812738804
670,0.022631594536365884,0.019819571123988713,0.019819571123988713,0.019707714422607468,0.019707714422607468,0.021036825527199855,0.022187626044810744
677,0.022631594536365884,0.019819571123988713,0.019819571123988713,0.011374381089274133,0.019707714422607468,0.017635464982982168,0.022824591385810094
700,0.022631594536365884,0.019819571123988713,0.019819571123988713,0.019707714422607468,0.019707714422607468,0.031240907159852914,0.021899475057215796
706,0.022631594536365884,0.019819571123988713,0.019819571123988713,0.019707714422607468,0.022485492200385242,0.024438186071417543,0.021459665655097198
719,0.022631594536365884,0.019819571123988713,0.019819571123988713,0.0280410477559408,0.019707714422607468,0.021036825527199855,0.021641655752525583
759,0.022631594536365884,0.019819571123988713,0.019819571123988713,0.019707714422607468,0.019707714422607468,0.021036825527199855,0.022187626044810744
790,0.022631594536365884,0.019819571123988713,0.019819571123988713,0.019707714422607468,0.022485492200385242,0.044846349336723663,0.02211179683754891
881,0.022631594536365884,0.019819571123988713,0.019819571123988713,0.036374381089274134,0.022485492200385242,0.017635464982982168,0.021641655752525583
899,0.022631594536365884,0.019819571123988713,0.019819571123988713,0.011374381089274133,0.011374381089274133,0.017635464982982168,0.02411368790926116
940,0.022631594536365884,0.019819571123988713,0.019819571123988713,0.019707714422607468,0.014152158867051911,0.01423410443876448,0.021838811691406335
958,0.022631594536365884,0.019819571123988713,0.019819571123988713,0.011374381089274133,0.014152158867051911,0.031240907159852914,0.0231734057392145
961,0.022631594536365884,0.019819571123988713,0.019819571123988713,0.0280410477559408,0.022485492200385242,0.017635464982982168,0.0214141681307401
027,0.02260632605879166,0.019187859184633057,0.019187859184633057,0.019707714422607468,0.014152158867051911,0.010832743894546793,0.021762982484144506
051,0.02260632605879166,0.019187859184633057,0.019187859184633057,0.011374381089274133,0.030818825533718577,0.02783954661563523,0.022551606239667513
055,0.02260632605879166,0.019187859184633057,0.019187859184633057,0.019707714422607468,0.02526326997816302,0.024438186071417543,0.02211179683754891
068,0.02260632605879166,0.019187859184633057,0.019187859184633057,0.011374381089274133,0.014152158867051911,0.010832743894546793,0.022384781983691492
105,0.02260632605879166,0.019187859184633057,0.019187859184633057,0.0280410477559408,0.019707714422607468,0.017635464982982168,0.021626489911073216
144,0.02260632605879166,0.019187859184633057,0.019187859184633057,0.011374381089274133,0.01692993664482969,0.021036825527199855,0.022961083958881384
152,0.02260632605879166,0.019187859184633057,0.019187859184633057,0.011374381089274133,0.011374381089274133,0.017635464982982168,0.02411368790926116
181,0.02260632605879166,0.019187859184633057,0.019187859184633057,0.019707714422607468,0.01692993664482969,0.02783954661563523,0.021520329020906656
227,0.02260632605879166,0.019187859184633057,0.019187859184633057,0.019707714422607468,0.01692993664482969,0.021036825527199855,0.022051133471739454
231,0.02260632605879166,0.019187859184633057,0.019187859184633057,0.011374381089274133,0.02526326997816302,0.024438186071417543,0.02235445030078676
255,0.02260632605879166,0.019187859184633057,0.019187859184633057,0.0280410477559408,0.019707714422607468,0.024438186071417543,0.02196013842302526
293,0.02260632605879166,0.019187859184633057,0.019187859184633057,0.011374381089274133,0.022485492200385242,0.021036825527199855,0.022551606239667513
298,0.02260632605879166,0.019187859184633057,0.019187859184633057,0.0280410477559408,0.019707714422607468,0.01423410443876448,0.021520329020906656
304,0.02260632605879166,0.019187859184633057,0.019187859184633057,0.011374381089274133,0.01692993664482969,0.017635464982982168,0.022597103764024608
333,0.02260632605879166,0.019187859184633057,0.019187859184633057,0.011374381089274133,0.01692993664482969,0.017635464982982168,0.022581937922572244
359,0.02260632605879166,0.019187859184633057,0.019187859184633057,0.019707714422607468,0.022485492200385242,0.010832743894546793,0.02202080178883472
397,0.02260632605879166,0.019187859184633057,0.019187859184633057,0.011374381089274133,0.022485492200385242,0.021036825527199855,0.02299141564178611
415,0.02260632605879166,0.019187859184633057,0.019187859184633057,0.011374381089274133,0.019707714422607468,0.021036825527199855,0.02285492306871482
501,0.02260632605879166,0.019187859184633057,0.019187859184633057,0.011374381089274133,0.01692993664482969,0.02783954661563523,0.022415113666596223
506,0.02260632605879166,0.019187859184633057,0.019187859184633057,0.011374381089274133,0.019707714422607468,0.021036825527199855,0.022551606239667513
511,0.02260632605879166,0.019187859184633057,0.019187859184633057,0.011374381089274133,0.01692993664482969,0.024438186071417543,0.02299141564178611
512,0.02260632605879166,0.019187859184633057,0.019187859184633057,0.019707714422607468,0.02526326997816302,0.01423410443876448,0.0214141681307401
551,0.02260632605879166,0.019187859184633057,0.019187859184633057,0.019707714422607468,0.02526326997816302,0.021036825527199855,0.021505163179454292
570,0.02260632605879166,0.019187859184633057,0.019187859184633057,0.011374381089274133,0.019707714422607468,0.024438186071417543,0.022308952776429667
584,0.02260632605879166,0.019187859184633057,0.019187859184633057,0.019707714422607468,0.01692993664482969,0.01423410443876448,0.021565826545263754
622,0.02260632605879166,0.019187859184633057,0.019187859184633057,0.0280410477559408,0.019707714422607468,0.02783954661563523,0.021399002289287733
699,0.02260632605879166,0.019187859184633057,0.019187859184633057,0.019707714422607468,0.02526326997816302,0.024438186071417543,0.021535494862359023
713,0.02260632605879166,0.019187859184633057,0.019187859184633057,0.0280410477559408,0.022485492200385242,0.017635464982982168,0.021656821593977946
734,0.02260632605879166,0.019187859184633057,0.019187859184633057,0.036374381089274134,0.0280410477559408,0.024438186071417543,0.02158099238671612
767,0.02260632605879166,0.019187859184633057,0.019187859184633057,0.044707714422607465,0.0280410477559408,0.021036825527199855,0.02159615822816849
780,0.02260632605879166,0.019187859184633057,0.019187859184633057,0.019707714422607468,0.019707714422607468,0.010832743894546793,0.02202080178883472
785,0.02260632605879166,0.019187859184633057,0.019187859184633057,0.019707714422607468,0.01692993664482969,0.017635464982982168,0.022187626044810744
789,0.02260632605879166,0.019187859184633057,0.019187859184633057,0.019707714422607468,0.022485492200385242,0.017635464982982168,0.02171748495978741
802,0.02260632605879166,0.019187859184633057,0.019187859184633057,0.019707714422607468,0.014152158867051911,0.021036825527199855,0.02196013842302526
805,0.02260632605879166,0.019187859184633057,0.019187859184633057,0.011374381089274133,0.019707714422607468,0.010832743894546793,0.023658712665690196
806,0.02260632605879166,0.019187859184633057,0.019187859184633057,0.011374381089274133,0.014152158867051911,0.024438186071417543,0.022976249800333748
839,0.02260632605879166,0.019187859184633057,0.019187859184633057,0.011374381089274133,0.022485492200385242,0.017635464982982168,0.022339284459334394
864,0.02260632605879166,0.019187859184633057,0.019187859184633057,0.011374381089274133,0.014152158867051911,0.024438186071417543,0.022703264654191167
886,0.02260632605879166,0.019187859184633057,0.019187859184633057,0.011374381089274133,0.01692993664482969,0.024438186071417543,0.022597103764024608
935,0.02260632605879166,0.019187859184633057,0.019187859184633057,0.011374381089274133,0.011374381089274133,0.024438186071417543,0.02411368790926116
947,0.02260632605879166,0.019187859184633057,0.019187859184633057,0.0280410477559408,0.022485492200385242,0.021036825527199855,0.021944972581572894
999,0.02260632605879166,0.019187859184633057,0.019187859184633057,0.019707714422607468,0.01692993664482969,0.021036825527199855,0.021899475057215796
004,0.02258105758121743,0.018556147245277405,0.018556147245277405,0.019707714422607468,0.01692993664482969,0.01423410443876448,0.022187626044810744
008,0.02258105758121743,0.018556147245277405,0.018556147245277405,0.0280410477559408,0.022485492200385242,0.010832743894546793,0.021656821593977946
019,0.02258105758121743,0.018556147245277405,0.018556147245277405,0.019707714422607468,0.01692993664482969,0.021036825527199855,0.021808480008501604
033,0.02258105758121743,0.018556147245277405,0.018556147245277405,0.0280410477559408,0.022485492200385242,0.02783954661563523,0.021838811691406335
041,0.02258105758121743,0.018556147245277405,0.018556147245277405,0.011374381089274133,0.019707714422607468,0.021036825527199855,0.02306724484904794
146,0.02258105758121743,0.018556147245277405,0.018556147245277405,0.019707714422607468,0.01692993664482969,0.010832743894546793,0.022081465154644184
160,0.02258105758121743,0.018556147245277405,0.018556147245277405,0.036374381089274134,0.02526326997816302,0.021036825527199855,0.021459665655097198
176,0.02258105758121743,0.018556147245277405,0.018556147245277405,0.011374381089274133,0.01692993664482969,0.017635464982982168,0.02239994782514386
184,0.02258105758121743,0.018556147245277405,0.018556147245277405,0.019707714422607468,0.019707714422607468,0.017635464982982168,0.021641655752525583
204,0.02258105758121743,0.018556147245277405,0.018556147245277405,0.019707714422607468,0.0280410477559408,0.024438186071417543,0.021459665655097198
256,0.02258105758121743,0.018556147245277405,0.018556147245277405,0.011374381089274133,0.019707714422607468,0.021036825527199855,0.022642601288381706
275,0.02258105758121743,0.018556147245277405,0.018556147245277405,0.0280410477559408,0.022485492200385242,0.01423410443876448,0.021505163179454292
323,0.02258105758121743,0.018556147245277405,0.018556147245277405,0.011374381089274133,0.019707714422607468,0.021036825527199855,0.022369616142239125
372,0.02258105758121743,0.018556147245277405,0.018556147245277405,0.019707714422607468,0.01692993664482969,0.021036825527199855,0.02215729436190601
406,0.02258105758121743,0.018556147245277405,0.018556147245277405,0.0280410477559408,0.022485492200385242,0.021036825527199855,0.021459665655097198
443,0.02258105758121743,0.018556147245277405,0.018556147245277405,0.019707714422607468,0.014152158867051911,0.010832743894546793,0.021869143374311065
459,0.02258105758121743,0.018556147245277405,0.018556147245277405,0.011374381089274133,0.011374381089274133,0.017635464982982168,0.02411368790926116
470,0.02258105758121743,0.018556147245277405,0.018556147245277405,0.019707714422607468,0.022485492200385242,0.017635464982982168,0.02226345525207257
477,0.02258105758121743,0.018556147245277405,0.018556147245277405,0.0280410477559408,0.02526326997816302,0.024438186071417543,0.02171748495978741
502,0.02258105758121743,0.018556147245277405,0.018556147245277405,0.036374381089274134,0.02526326997816302,0.021036825527199855,0.02148999733800193
513,0.02258105758121743,0.018556147245277405,0.018556147245277405,0.011374381089274133,0.019707714422607468,0.024438186071417543,0.02253644039821515
544,0.02258105758121743,0.018556147245277405,0.018556147245277405,0.011374381089274133,0.014152158867051911,0.02783954661563523,0.022490942873858052
588,0.02258105758121743,0.018556147245277405,0.018556147245277405,0.0280410477559408,0.019707714422607468,0.024438186071417543,0.021702319118335044
624,0.02258105758121743,0.018556147245277405,0.018556147245277405,0.011374381089274133,0.014152158867051911,0.024438186071417543,0.022733596337095898
648,0.02258105758121743,0.018556147245277405,0.018556147245277405,0.011374381089274133,0.019707714422607468,0.024438186071417543,0.023006581483238482
657,0.02258105758121743,0.018556147245277405,0.018556147245277405,0.019707714422607468,0.019707714422607468,0.017635464982982168,0.021505163179454292
684,0.02258105758121743,0.018556147245277405,0.018556147245277405,0.011374381089274133,0.019707714422607468,0.01423410443876448,0.02232411861788203
714,0.02258105758121743,0.018556147245277405,0.018556147245277405,0.011374381089274133,0.02526326997816302,0.017635464982982168,0.022551606239667513
733,0.02258105758121743,0.018556147245277405,0.018556147245277405,0.044707714422607465,0.0280410477559408,0.021036825527199855,0.02148999733800193
754,0.02258105758121743,0.018556147245277405,0.018556147245277405,0.019707714422607468,0.022485492200385242,0.017635464982982168,0.021671987435430314
773,0.02258105758121743,0.018556147245277405,0.018556147245277405,0.011374381089274133,0.0280410477559408,0.017635464982982168,0.022612269605476975
784,0.02258105758121743,0.018556147245277405,0.018556147245277405,0.019707714422607468,0.030818825533718577,0.017635464982982168,0.02223312356916784
792,0.02258105758121743,0.018556147245277405,0.018556147245277405,0.0280410477559408,0.019707714422607468,0.01423410443876448,0.021505163179454292
797,0.02258105758121743,0.018556147245277405,0.018556147245277405,0.011374381089274133,0.01692993664482969,0.01423410443876448,0.022475777032405685
821,0.02258105758121743,0.018556147245277405,0.018556147245277405,0.019707714422607468,0.019707714422607468,0.024438186071417543,0.021565826545263754
914,0.02258105758121743,0.018556147245277405,0.018556147245277405,0.011374381089274133,0.011374381089274133,0.01423410443876448,0.02411368790926116
952,0.02258105758121743,0.018556147245277405,0.018556147245277405,0.0280410477559408,0.022485492200385242,0.01423410443876448,0.02155066070381139
967,0.02258105758121743,0.018556147245277405,0.018556147245277405,0.019707714422607468,0.022485492200385242,0.021036825527199855,0.021899475057215796
977,0.02258105758121743,0.018556147245277405,0.018556147245277405,0.019707714422607468,0.019707714422607468,0.01423410443876448,0.021762982484144506
987,0.02258105758121743,0.018556147245277405,0.018556147245277405,0.019707714422607468,0.019707714422607468,0.017635464982982168,0.021899475057215796
077,0.022555789103643205,0.01792443530592175,0.01792443530592175,0.019707714422607468,0.014152158867051911,0.024438186071417543,0.02148999733800193
134,0.022555789103643205,0.01792443530592175,0.01792443530592175,0.019707714422607468,0.01692993664482969,0.021036825527199855,0.0214141681307401
149,0.022555789103643205,0.01792443530592175,0.01792443530592175,0.019707714422607468,0.014152158867051911,0.010832743894546793,0.022051133471739454
235,0.022555789103643205,0.01792443530592175,0.01792443530592175,0.019707714422607468,0.02526326997816302,0.021036825527199855,0.02221795772771547
238,0.022555789103643205,0.01792443530592175,0.01792443530592175,0.019707714422607468,0.022485492200385242,0.021036825527199855,0.02211179683754891
242,0.022555789103643205,0.01792443530592175,0.01792443530592175,0.011374381089274133,0.01692993664482969,0.021036825527199855,0.022961083958881384
269,0.022555789103643205,0.01792443530592175,0.01792443530592175,0.019707714422607468,0.019707714422607468,0.024438186071417543,0.022248289410620202
271,0.022555789103643205,0.01792443530592175,0.01792443530592175,0.0280410477559408,0.022485492200385242,0.021036825527199855,0.021747816642692142
287,0.022555789103643205,0.01792443530592175,0.01792443530592175,0.019707714422607468,0.022485492200385242,0.017635464982982168,0.021778148325596873
343,0.022555789103643205,0.01792443530592175,0.01792443530592175,0.019707714422607468,0.019707714422607468,0.017635464982982168,0.021656821593977946
351,0.022555789103643205,0.01792443530592175,0.01792443530592175,0.0280410477559408,0.019707714422607468,0.01423410443876448,0.022096630996096548
373,0.022555789103643205,0.01792443530592175,0.01792443530592175,0.011374381089274133,0.02526326997816302,0.017635464982982168,0.02239994782514386
374,0.022555789103643205,0.01792443530592175,0.01792443530592175,0.011374381089274133,0.02526326997816302,0.017635464982982168,0.02243027950804859
377,0.022555789103643205,0.01792443530592175,0.01792443530592175,0.019707714422607468,0.01692993664482969,0.017635464982982168,0.022278621093524936
411,0.022555789103643205,0.01792443530592175,0.01792443530592175,0.036374381089274134,0.02526326997816302,0.024438186071417543,0.021762982484144506
436,0.022555789103643205,0.01792443530592175,0.01792443530592175,0.019707714422607468,0.019707714422607468,0.024438186071417543,0.02171748495978741
453,0.022555789103643205,0.01792443530592175,0.01792443530592175,0.0280410477559408,0.0280410477559408,0.017635464982982168,0.021656821593977946
474,0.022555789103643205,0.01792443530592175,0.01792443530592175,0.019707714422607468,0.01692993664482969,0.024438186071417543,0.02159615822816849
533,0.022555789103643205,0.01792443530592175,0.01792443530592175,0.019707714422607468,0.019707714422607468,0.02783954661563523,0.021793314167049237
555,0.022555789103643205,0.01792443530592175,0.01792443530592175,0.019707714422607468,0.019707714422607468,0.02783954661563523,0.02211179683754891
628,0.022555789103643205,0.01792443530592175,0.01792443530592175,0.0280410477559408,0.019707714422607468,0.01423410443876448,0.021778148325596873
664,0.022555789103643205,0.01792443530592175,0.01792443530592175,0.019707714422607468,0.01692993664482969,0.017635464982982168,0.021565826545263754
667,0.022555789103643205,0.01792443530592175,0.01792443530592175,0.011374381089274133,0.011374381089274133,0.01423410443876448,0.02411368790926116
693,0.022555789103643205,0.01792443530592175,0.01792443530592175,0.019707714422607468,0.019707714422607468,0.021036825527199855,0.02211179683754891
717,0.022555789103643205,0.01792443530592175,0.01792443530592175,0.011374381089274133,0.0280410477559408,0.017635464982982168,0.02239994782514386
856,0.022555789103643205,0.01792443530592175,0.01792443530592175,0.0280410477559408,0.01692993664482969,0.024438186071417543,0.021778148325596873
924,0.022555789103643205,0.01792443530592175,0.01792443530592175,0.0280410477559408,0.022485492200385242,0.024438186071417543,0.02155066070381139
029,0.02253052062606898,0.017292723366566096,0.017292723366566096,0.011374381089274133,0.01692993664482969,0.017635464982982168,0.022506108715310415
040,0.02253052062606898,0.017292723366566096,0.017292723366566096,0.011374381089274133,0.014152158867051911,0.021036825527199855,0.02355255177552364
088,0.02253052062606898,0.017292723366566096,0.017292723366566096,0.011374381089274133,0.014152158867051911,0.024438186071417543,0.022612269605476975
091,0.02253052062606898,0.017292723366566096,0.017292723366566096,0.019707714422607468,0.019707714422607468,0.01423410443876448,0.022202791886263108
315,0.02253052062606898,0.017292723366566096,0.017292723366566096,0.011374381089274133,0.011374381089274133,0.017635464982982168,0.02411368790926116
354,0.02253052062606898,0.017292723366566096,0.017292723366566096,0.036374381089274134,0.019707714422607468,0.02783954661563523,0.021747816642692142
451,0.02253052062606898,0.017292723366566096,0.017292723366566096,0.011374381089274133,0.01692993664482969,0.021036825527199855,0.023491888409714175
456,0.02253052062606898,0.017292723366566096,0.017292723366566096,0.019707714422607468,0.014152158867051911,0.021036825527199855,0.02147483149654956
576,0.02253052062606898,0.017292723366566096,0.017292723366566096,0.011374381089274133,0.011374381089274133,0.024438186071417543,0.02411368790926116
783,0.02253052062606898,0.017292723366566096,0.017292723366566096,0.019707714422607468,0.014152158867051911,0.01423410443876448,0.022035967630287086
968,0.02253052062606898,0.017292723366566096,0.017292723366566096,0.019707714422607468,0.022485492200385242,0.017635464982982168,0.02168715327688268
006,0.02250525214849475,0.016661011427210444,0.016661011427210444,0.019707714422607468,0.01692993664482969,0.021036825527199855,0.022051133471739454
082,0.02250525214849475,0.016661011427210444,0.016661011427210444,0.019707714422607468,0.022485492200385242,0.017635464982982168,0.021732650801239775
085,0.02250525214849475,0.016661011427210444,0.016661011427210444,0.019707714422607468,0.01692993664482969,0.024438186071417543,0.02226345525207257
253,0.02250525214849475,0.016661011427210444,0.016661011427210444,0.019707714422607468,0.01692993664482969,0.01423410443876448,0.022066299313191817
259,0.02250525214849475,0.016661011427210444,0.016661011427210444,0.011374381089274133,0.019707714422607468,0.01423410443876448,0.022490942873858052
596,0.02250525214849475,0.016661011427210444,0.016661011427210444,0.019707714422607468,0.01692993664482969,0.017635464982982168,0.02138383644783537
629,0.02250525214849475,0.016661011427210444,0.016661011427210444,0.011374381089274133,0.011374381089274133,0.01423410443876448,0.02411368790926116
658,0.02250525214849475,0.016661011427210444,0.016661011427210444,0.011374381089274133,0.019707714422607468,0.017635464982982168,0.023127908214857402
807,0.02250525214849475,0.016661011427210444,0.016661011427210444,0.011374381089274133,0.019707714422607468,0.02783954661563523,0.02253644039821515
808,0.02250525214849475,0.016661011427210444,0.016661011427210444,0.011374381089274133,0.022485492200385242,0.021036825527199855,0.0231734057392145
828,0.02250525214849475,0.016661011427210444,0.016661011427210444,0.011374381089274133,0.022485492200385242,0.03804362824828829,0.02256677208111988
870,0.02250525214849475,0.016661011427210444,0.016661011427210444,0.011374381089274133,0.019707714422607468,0.024438186071417543,0.022718430495643534
874,0.02250525214849475,0.016661011427210444,0.016661011427210444,0.019707714422607468,0.01692993664482969,0.017635464982982168,0.021611324069620852
893,0.02250525214849475,0.016661011427210444,0.016661011427210444,0.0280410477559408,0.01692993664482969,0.017635464982982168,0.0214141681307401
090,0.022479983670920526,0.016029299487854788,0.016029299487854788,0.0280410477559408,0.022485492200385242,0.024438186071417543,0.02159615822816849
178,0.022479983670920526,0.016029299487854788,0.016029299487854788,0.019707714422607468,0.014152158867051911,0.024438186071417543,0.021732650801239775
730,0.022479983670920526,0.016029299487854788,0.016029299487854788,0.019707714422607468,0.019707714422607468,0.01423410443876448,0.02215729436190601
929,0.022479983670920526,0.016029299487854788,0.016029299487854788,0.019707714422607468,0.01692993664482969,0.01423410443876448,0.021565826545263754
979,0.022479983670920526,0.016029299487854788,0.016029299487854788,0.019707714422607468,0.02526326997816302,0.034642267704070605,0.021899475057215796
026,0.0224547151933463,0.015397587548499136,0.015397587548499136,0.011374381089274133,0.011374381089274133,0.01423410443876448,0.02411368790926116
042,0.0224547151933463,0.015397587548499136,0.015397587548499136,0.0280410477559408,0.019707714422607468,0.01423410443876448,0.021611324069620852
135,0.0224547151933463,0.015397587548499136,0.015397587548499136,0.019707714422607468,0.014152158867051911,0.010832743894546793,0.022066299313191817
400,0.0224547151933463,0.015397587548499136,0.015397587548499136,0.019707714422607468,0.014152158867051911,0.01423410443876448,0.02188430921576343
434,0.0224547151933463,0.015397587548499136,0.015397587548499136,0.019707714422607468,0.019707714422607468,0.01423410443876448,0.021671987435430314
795,0.0224547151933463,0.015397587548499136,0.015397587548499136,0.0280410477559408,0.019707714422607468,0.017635464982982168,0.021671987435430314
812,0.0224547151933463,0.015397587548499136,0.015397587548499136,0.019707714422607468,0.01692993664482969,0.017635464982982168,0.02158099238671612
017,0.022429446715772072,0.014765875609143482,0.014765875609143482,0.011374381089274133,0.01692993664482969,0.017635464982982168,0.02246061119095332
747,0.022429446715772072,0.014765875609143482,0.014765875609143482,0.011374381089274133,0.01692993664482969,0.017635464982982168,0.022870088910167192
