number,probability,raw_model_probability,long_rate,short_rate,recent_long_rate,weekday_rate,gap_signal
662,0.023446075932890012,0.034370658084244075,0.034370658084244075,0.019707714422607468,0.022485492200385242,0.034642267704070605,0.02188430921576343
572,0.02337022258270038,0.03310643558108352,0.03310643558108352,0.011374381089274133,0.0280410477559408,0.021036825527199855,0.022597103764024608
983,0.023332295907605563,0.03247432432950324,0.03247432432950324,0.036374381089274134,0.036374381089274134,0.04144498879250598,0.021520329020906656
186,0.02329436923251075,0.03184221307792297,0.03184221307792297,0.0280410477559408,0.0280410477559408,0.034642267704070605,0.022142128520453646
369,0.02329436923251075,0.03184221307792297,0.03184221307792297,0.036374381089274134,0.0280410477559408,0.02783954661563523,0.02148999733800193
432,0.02329436923251075,0.03184221307792297,0.03184221307792297,0.044707714422607465,0.03359660331149635,0.024438186071417543,0.02147483149654956
526,0.02329436923251075,0.03184221307792297,0.03184221307792297,0.044707714422607465,0.030818825533718577,0.034642267704070605,0.02159615822816849
697,0.02329436923251075,0.03184221307792297,0.03184221307792297,0.019707714422607468,0.0280410477559408,0.024438186071417543,0.021656821593977946
053,0.02325644255741593,0.031210101826342686,0.031210101826342686,0.011374381089274133,0.01692993664482969,0.021036825527199855,0.022870088910167192
484,0.02325644255741593,0.031210101826342686,0.031210101826342686,0.019707714422607468,0.022485492200385242,0.04144498879250598,0.021793314167049237
592,0.02325644255741593,0.031210101826342686,0.031210101826342686,0.036374381089274134,0.030818825533718577,0.03804362824828829,0.02159615822816849
114,0.023218515882321114,0.030577990574762407,0.030577990574762407,0.0280410477559408,0.036374381089274134,0.017635464982982168,0.021944972581572894
294,0.023218515882321114,0.030577990574762407,0.030577990574762407,0.019707714422607468,0.0280410477559408,0.034642267704070605,0.021747816642692142
645,0.023218515882321114,0.030577990574762407,0.030577990574762407,0.0280410477559408,0.0280410477559408,0.021036825527199855,0.021520329020906656
653,0.023218515882321114,0.030577990574762407,0.030577990574762407,0.0280410477559408,0.0280410477559408,0.031240907159852914,0.022005635947382356
073,0.023180589207226297,0.029945879323182132,0.029945879323182132,0.036374381089274134,0.03359660331149635,0.02783954661563523,0.0214141681307401
080,0.023180589207226297,0.029945879323182132,0.029945879323182132,0.061374381089274135,0.04470771442260746,0.03804362824828829,0.021399002289287733
179,0.023180589207226297,0.029945879323182132,0.029945879323182132,0.0280410477559408,0.030818825533718577,0.024438186071417543,0.022187626044810744
213,0.023180589207226297,0.029945879323182132,0.029945879323182132,0.019707714422607468,0.02526326997816302,0.02783954661563523,0.02144449981364483
370,0.023180589207226297,0.029945879323182132,0.029945879323182132,0.019707714422607468,0.02526326997816302,0.03804362824828829,0.02215729436190601
676,0.023180589207226297,0.029945879323182132,0.029945879323182132,0.0280410477559408,0.030818825533718577,0.03804362824828829,0.0214141681307401
811,0.023180589207226297,0.029945879323182132,0.029945879323182132,0.044707714422607465,0.030818825533718577,0.031240907159852914,0.02147483149654956
867,0.023180589207226297,0.029945879323182132,0.029945879323182132,0.036374381089274134,0.022485492200385242,0.03804362824828829,0.021869143374311065
878,0.023180589207226297,0.029945879323182132,0.029945879323182132,0.011374381089274133,0.019707714422607468,0.034642267704070605,0.022612269605476975
000,0.02314266253213148,0.029313768071601853,0.029313768071601853,0.0280410477559408,0.03359660331149635,0.04144498879250598,0.021702319118335044
079,0.02314266253213148,0.029313768071601853,0.029313768071601853,0.019707714422607468,0.019707714422607468,0.031240907159852914,0.021778148325596873
092,0.02314266253213148,0.029313768071601853,0.029313768071601853,0.011374381089274133,0.030818825533718577,0.02783954661563523,0.022369616142239125
119,0.02314266253213148,0.029313768071601853,0.029313768071601853,0.036374381089274134,0.022485492200385242,0.02783954661563523,0.021656821593977946
124,0.02314266253213148,0.029313768071601853,0.029313768071601853,0.011374381089274133,0.022485492200385242,0.03804362824828829,0.02243027950804859
612,0.02314266253213148,0.029313768071601853,0.029313768071601853,0.036374381089274134,0.0280410477559408,0.024438186071417543,0.021520329020906656
724,0.02314266253213148,0.029313768071601853,0.029313768071601853,0.061374381089274135,0.030818825533718577,0.024438186071417543,0.02155066070381139
854,0.02314266253213148,0.029313768071601853,0.029313768071601853,0.036374381089274134,0.0280410477559408,0.04824770988094135,0.021778148325596873
964,0.02314266253213148,0.029313768071601853,0.029313768071601853,0.036374381089274134,0.036374381089274134,0.024438186071417543,0.0214141681307401
052,0.023104735857036665,0.028681656820021575,0.028681656820021575,0.0280410477559408,0.030818825533718577,0.021036825527199855,0.021778148325596873
057,0.023104735857036665,0.028681656820021575,0.028681656820021575,0.036374381089274134,0.030818825533718577,0.01423410443876448,0.022035967630287086
243,0.023104735857036665,0.028681656820021575,0.028681656820021575,0.011374381089274133,0.0280410477559408,0.031240907159852914,0.022475777032405685
267,0.023104735857036665,0.028681656820021575,0.028681656820021575,0.011374381089274133,0.0280410477559408,0.02783954661563523,0.022521274556762783
356,0.023104735857036665,0.028681656820021575,0.028681656820021575,0.019707714422607468,0.02526326997816302,0.010832743894546793,0.02215729436190601
473,0.023104735857036665,0.028681656820021575,0.028681656820021575,0.036374381089274134,0.030818825533718577,0.02783954661563523,0.021641655752525583
491,0.023104735857036665,0.028681656820021575,0.028681656820021575,0.011374381089274133,0.03359660331149635,0.034642267704070605,0.022308952776429667
532,0.023104735857036665,0.028681656820021575,0.028681656820021575,0.019707714422607468,0.030818825533718577,0.017635464982982168,0.02147483149654956
599,0.023104735857036665,0.028681656820021575,0.028681656820021575,0.019707714422607468,0.022485492200385242,0.024438186071417543,0.022035967630287086
875,0.023104735857036665,0.028681656820021575,0.028681656820021575,0.019707714422607468,0.030818825533718577,0.021036825527199855,0.021459665655097198
898,0.023104735857036665,0.028681656820021575,0.028681656820021575,0.011374381089274133,0.019707714422607468,0.021036825527199855,0.022945918117429014
081,0.023066809181941848,0.028049545568441296,0.028049545568441296,0.036374381089274134,0.03359660331149635,0.021036825527199855,0.021399002289287733
132,0.023066809181941848,0.028049545568441296,0.028049545568441296,0.044707714422607465,0.0280410477559408,0.031240907159852914,0.021399002289287733
151,0.023066809181941848,0.028049545568441296,0.028049545568441296,0.011374381089274133,0.02526326997816302,0.02783954661563523,0.022612269605476975
194,0.023066809181941848,0.028049545568441296,0.028049545568441296,0.0280410477559408,0.030818825533718577,0.03804362824828829,0.02159615822816849
221,0.023066809181941848,0.028049545568441296,0.028049545568441296,0.0280410477559408,0.02526326997816302,0.021036825527199855,0.021641655752525583
362,0.023066809181941848,0.028049545568441296,0.028049545568441296,0.019707714422607468,0.019707714422607468,0.034642267704070605,0.022096630996096548
549,0.023066809181941848,0.028049545568441296,0.028049545568441296,0.019707714422607468,0.019707714422607468,0.017635464982982168,0.022035967630287086
556,0.023066809181941848,0.028049545568441296,0.028049545568441296,0.044707714422607465,0.03915215886705191,0.024438186071417543,0.021656821593977946
573,0.023066809181941848,0.028049545568441296,0.028049545568441296,0.011374381089274133,0.01692993664482969,0.021036825527199855,0.022885254751619555
619,0.023066809181941848,0.028049545568441296,0.028049545568441296,0.0280410477559408,0.03359660331149635,0.017635464982982168,0.0218539775328587
633,0.023066809181941848,0.028049545568441296,0.028049545568441296,0.0280410477559408,0.02526326997816302,0.031240907159852914,0.021399002289287733
661,0.023066809181941848,0.028049545568441296,0.028049545568441296,0.036374381089274134,0.02526326997816302,0.02783954661563523,0.02147483149654956
691,0.023066809181941848,0.028049545568441296,0.028049545568441296,0.019707714422607468,0.03359660331149635,0.021036825527199855,0.021808480008501604
774,0.023066809181941848,0.028049545568441296,0.028049545568441296,0.019707714422607468,0.03359660331149635,0.024438186071417543,0.022081465154644184
836,0.023066809181941848,0.028049545568441296,0.028049545568441296,0.036374381089274134,0.03359660331149635,0.02783954661563523,0.021611324069620852
848,0.023066809181941848,0.028049545568441296,0.028049545568441296,0.019707714422607468,0.022485492200385242,0.031240907159852914,0.022187626044810744
871,0.023066809181941848,0.028049545568441296,0.028049545568441296,0.019707714422607468,0.019707714422607468,0.02783954661563523,0.021869143374311065
906,0.023066809181941848,0.028049545568441296,0.028049545568441296,0.0280410477559408,0.0280410477559408,0.021036825527199855,0.022066299313191817
916,0.023066809181941848,0.028049545568441296,0.028049545568441296,0.0280410477559408,0.022485492200385242,0.017635464982982168,0.0218539775328587
932,0.023066809181941848,0.028049545568441296,0.028049545568441296,0.036374381089274134,0.02526326997816302,0.031240907159852914,0.02138383644783537
978,0.023066809181941848,0.028049545568441296,0.028049545568441296,0.019707714422607468,0.02526326997816302,0.02783954661563523,0.021869143374311065
013,0.02302888250684703,0.027417434316861018,0.027417434316861018,0.019707714422607468,0.0280410477559408,0.017635464982982168,0.021914640898668163
112,0.02302888250684703,0.027417434316861018,0.027417434316861018,0.011374381089274133,0.01692993664482969,0.021036825527199855,0.022703264654191167
274,0.02302888250684703,0.027417434316861018,0.027417434316861018,0.019707714422607468,0.014152158867051911,0.02783954661563523,0.021929806740120527
292,0.02302888250684703,0.027417434316861018,0.027417434316861018,0.0280410477559408,0.02526326997816302,0.024438186071417543,0.02202080178883472
326,0.02302888250684703,0.027417434316861018,0.027417434316861018,0.0280410477559408,0.022485492200385242,0.017635464982982168,0.021429333972192464
358,0.02302888250684703,0.027417434316861018,0.027417434316861018,0.019707714422607468,0.02526326997816302,0.017635464982982168,0.021429333972192464
363,0.02302888250684703,0.027417434316861018,0.027417434316861018,0.019707714422607468,0.02526326997816302,0.02783954661563523,0.02155066070381139
409,0.02302888250684703,0.027417434316861018,0.027417434316861018,0.0280410477559408,0.03915215886705191,0.031240907159852914,0.021429333972192464
419,0.02302888250684703,0.027417434316861018,0.027417434316861018,0.019707714422607468,0.014152158867051911,0.021036825527199855,0.02221795772771547
422,0.02302888250684703,0.027417434316861018,0.027417434316861018,0.011374381089274133,0.01692993664482969,0.024438186071417543,0.02347672256826181
475,0.02302888250684703,0.027417434316861018,0.027417434316861018,0.019707714422607468,0.019707714422607468,0.01423410443876448,0.022081465154644184
523,0.02302888250684703,0.027417434316861018,0.027417434316861018,0.0280410477559408,0.02526326997816302,0.021036825527199855,0.02147483149654956
525,0.02302888250684703,0.027417434316861018,0.027417434316861018,0.036374381089274134,0.0280410477559408,0.024438186071417543,0.02158099238671612
547,0.02302888250684703,0.027417434316861018,0.027417434316861018,0.044707714422607465,0.0280410477559408,0.03804362824828829,0.02155066070381139
715,0.02302888250684703,0.027417434316861018,0.027417434316861018,0.044707714422607465,0.030818825533718577,0.031240907159852914,0.021535494862359023
720,0.02302888250684703,0.027417434316861018,0.027417434316861018,0.044707714422607465,0.036374381089274134,0.044846349336723663,0.021565826545263754
729,0.02302888250684703,0.027417434316861018,0.027417434316861018,0.036374381089274134,0.0280410477559408,0.021036825527199855,0.021505163179454292
749,0.02302888250684703,0.027417434316861018,0.027417434316861018,0.036374381089274134,0.02526326997816302,0.02783954661563523,0.021399002289287733
813,0.02302888250684703,0.027417434316861018,0.027417434316861018,0.019707714422607468,0.019707714422607468,0.017635464982982168,0.02148999733800193
902,0.02302888250684703,0.027417434316861018,0.027417434316861018,0.0280410477559408,0.0280410477559408,0.024438186071417543,0.021702319118335044
975,0.02302888250684703,0.027417434316861018,0.027417434316861018,0.011374381089274133,0.022485492200385242,0.024438186071417543,0.02235445030078676
981,0.02302888250684703,0.027417434316861018,0.027417434316861018,0.036374381089274134,0.0280410477559408,0.031240907159852914,0.02148999733800193
035,0.022990955831752213,0.02678532306528074,0.02678532306528074,0.036374381089274134,0.0280410477559408,0.031240907159852914,0.021565826545263754
059,0.022990955831752213,0.02678532306528074,0.02678532306528074,0.0280410477559408,0.02526326997816302,0.024438186071417543,0.02159615822816849
102,0.022990955831752213,0.02678532306528074,0.02678532306528074,0.0280410477559408,0.022485492200385242,0.04144498879250598,0.02182364584995397
115,0.022990955831752213,0.02678532306528074,0.02678532306528074,0.0280410477559408,0.02526326997816302,0.02783954661563523,0.02171748495978741
127,0.022990955831752213,0.02678532306528074,0.02678532306528074,0.0280410477559408,0.02526326997816302,0.024438186071417543,0.02155066070381139
138,0.022990955831752213,0.02678532306528074,0.02678532306528074,0.011374381089274133,0.0280410477559408,0.01423410443876448,0.022475777032405685
166,0.022990955831752213,0.02678532306528074,0.02678532306528074,0.0280410477559408,0.022485492200385242,0.024438186071417543,0.021702319118335044
169,0.022990955831752213,0.02678532306528074,0.02678532306528074,0.036374381089274134,0.030818825533718577,0.01423410443876448,0.021611324069620852
174,0.022990955831752213,0.02678532306528074,0.02678532306528074,0.019707714422607468,0.030818825533718577,0.024438186071417543,0.021944972581572894
189,0.022990955831752213,0.02678532306528074,0.02678532306528074,0.036374381089274134,0.0280410477559408,0.021036825527199855,0.02148999733800193
206,0.022990955831752213,0.02678532306528074,0.02678532306528074,0.019707714422607468,0.022485492200385242,0.021036825527199855,0.021929806740120527
244,0.022990955831752213,0.02678532306528074,0.02678532306528074,0.019707714422607468,0.02526326997816302,0.04144498879250598,0.02226345525207257
254,0.022990955831752213,0.02678532306528074,0.02678532306528074,0.0280410477559408,0.02526326997816302,0.02783954661563523,0.021762982484144506
296,0.022990955831752213,0.02678532306528074,0.02678532306528074,0.019707714422607468,0.030818825533718577,0.024438186071417543,0.021869143374311065
341,0.022990955831752213,0.02678532306528074,0.02678532306528074,0.019707714422607468,0.02526326997816302,0.021036825527199855,0.02212696267900128
396,0.022990955831752213,0.02678532306528074,0.02678532306528074,0.0280410477559408,0.022485492200385242,0.034642267704070605,0.02221795772771547
492,0.022990955831752213,0.02678532306528074,0.02678532306528074,0.011374381089274133,0.02526326997816302,0.017635464982982168,0.022445445349500954
522,0.022990955831752213,0.02678532306528074,0.02678532306528074,0.011374381089274133,0.02526326997816302,0.024438186071417543,0.02232411861788203
559,0.022990955831752213,0.02678532306528074,0.02678532306528074,0.0280410477559408,0.019707714422607468,0.034642267704070605,0.02199047010592999
586,0.022990955831752213,0.02678532306528074,0.02678532306528074,0.0280410477559408,0.02526326997816302,0.03804362824828829,0.021671987435430314
606,0.022990955831752213,0.02678532306528074,0.02678532306528074,0.0530410477559408,0.03915215886705191,0.021036825527199855,0.02147483149654956
620,0.022990955831752213,0.02678532306528074,0.02678532306528074,0.019707714422607468,0.02526326997816302,0.031240907159852914,0.021808480008501604
647,0.022990955831752213,0.02678532306528074,0.02678532306528074,0.0280410477559408,0.0280410477559408,0.017635464982982168,0.02155066070381139
665,0.022990955831752213,0.02678532306528074,0.02678532306528074,0.036374381089274134,0.02526326997816302,0.024438186071417543,0.02138383644783537
669,0.022990955831752213,0.02678532306528074,0.02678532306528074,0.019707714422607468,0.0280410477559408,0.024438186071417543,0.02199047010592999
686,0.022990955831752213,0.02678532306528074,0.02678532306528074,0.036374381089274134,0.02526326997816302,0.017635464982982168,0.021505163179454292
710,0.022990955831752213,0.02678532306528074,0.02678532306528074,0.0280410477559408,0.02526326997816302,0.024438186071417543,0.021732650801239775
727,0.022990955831752213,0.02678532306528074,0.02678532306528074,0.036374381089274134,0.030818825533718577,0.024438186071417543,0.021793314167049237
761,0.022990955831752213,0.02678532306528074,0.02678532306528074,0.036374381089274134,0.022485492200385242,0.024438186071417543,0.021459665655097198
766,0.022990955831752213,0.02678532306528074,0.02678532306528074,0.011374381089274133,0.014152158867051911,0.024438186071417543,0.02324923494647633
814,0.022990955831752213,0.02678532306528074,0.02678532306528074,0.011374381089274133,0.019707714422607468,0.02783954661563523,0.02306724484904794
957,0.022990955831752213,0.02678532306528074,0.02678532306528074,0.019707714422607468,0.030818825533718577,0.021036825527199855,0.021626489911073216
032,0.022953029156657395,0.02615321181370046,0.02615321181370046,0.019707714422607468,0.022485492200385242,0.024438186071417543,0.02168715327688268
049,0.022953029156657395,0.02615321181370046,0.02615321181370046,0.011374381089274133,0.01692993664482969,0.01423410443876448,0.02306724484904794
097,0.022953029156657395,0.02615321181370046,0.02615321181370046,0.0280410477559408,0.030818825533718577,0.017635464982982168,0.021793314167049237
111,0.022953029156657395,0.02615321181370046,0.02615321181370046,0.036374381089274134,0.0280410477559408,0.021036825527199855,0.02158099238671612
139,0.022953029156657395,0.02615321181370046,0.02615321181370046,0.019707714422607468,0.014152158867051911,0.031240907159852914,0.02221795772771547
158,0.022953029156657395,0.02615321181370046,0.02615321181370046,0.019707714422607468,0.019707714422607468,0.024438186071417543,0.0218539775328587
191,0.022953029156657395,0.02615321181370046,0.02615321181370046,0.0280410477559408,0.036374381089274134,0.031240907159852914,0.021611324069620852
217,0.022953029156657395,0.02615321181370046,0.02615321181370046,0.044707714422607465,0.0280410477559408,0.024438186071417543,0.02148999733800193
224,0.022953029156657395,0.02615321181370046,0.02615321181370046,0.036374381089274134,0.0280410477559408,0.031240907159852914,0.022051133471739454
239,0.022953029156657395,0.02615321181370046,0.02615321181370046,0.011374381089274133,0.022485492200385242,0.01423410443876448,0.02267293297128644
278,0.022953029156657395,0.02615321181370046,0.02615321181370046,0.0530410477559408,0.030818825533718577,0.021036825527199855,0.02155066070381139
289,0.022953029156657395,0.02615321181370046,0.02615321181370046,0.011374381089274133,0.01692993664482969,0.031240907159852914,0.023006581483238482
314,0.022953029156657395,0.02615321181370046,0.02615321181370046,0.044707714422607465,0.0280410477559408,0.024438186071417543,0.021626489911073216
318,0.022953029156657395,0.02615321181370046,0.02615321181370046,0.0280410477559408,0.02526326997816302,0.021036825527199855,0.02148999733800193
336,0.022953029156657395,0.02615321181370046,0.02615321181370046,0.019707714422607468,0.022485492200385242,0.021036825527199855,0.022066299313191817
349,0.022953029156657395,0.02615321181370046,0.02615321181370046,0.036374381089274134,0.022485492200385242,0.031240907159852914,0.02144449981364483
380,0.022953029156657395,0.02615321181370046,0.02615321181370046,0.011374381089274133,0.01692993664482969,0.024438186071417543,0.023112742373405038
391,0.022953029156657395,0.02615321181370046,0.02615321181370046,0.019707714422607468,0.030818825533718577,0.034642267704070605,0.02147483149654956
395,0.022953029156657395,0.02615321181370046,0.02615321181370046,0.019707714422607468,0.02526326997816302,0.031240907159852914,0.02215729436190601
447,0.022953029156657395,0.02615321181370046,0.02615321181370046,0.036374381089274134,0.0280410477559408,0.02783954661563523,0.021793314167049237
450,0.022953029156657395,0.02615321181370046,0.02615321181370046,0.011374381089274133,0.019707714422607468,0.02783954661563523,0.02306724484904794
543,0.022953029156657395,0.02615321181370046,0.02615321181370046,0.019707714422607468,0.01692993664482969,0.02783954661563523,0.022278621093524936
561,0.022953029156657395,0.02615321181370046,0.02615321181370046,0.036374381089274134,0.0280410477559408,0.024438186071417543,0.02138383644783537
568,0.022953029156657395,0.02615321181370046,0.02615321181370046,0.036374381089274134,0.030818825533718577,0.031240907159852914,0.02144449981364483
597,0.022953029156657395,0.02615321181370046,0.02615321181370046,0.0280410477559408,0.02526326997816302,0.02783954661563523,0.02159615822816849
605,0.022953029156657395,0.02615321181370046,0.02615321181370046,0.036374381089274134,0.030818825533718577,0.031240907159852914,0.0218539775328587
625,0.022953029156657395,0.02615321181370046,0.02615321181370046,0.019707714422607468,0.0280410477559408,0.02783954661563523,0.022248289410620202
634,0.022953029156657395,0.02615321181370046,0.02615321181370046,0.036374381089274134,0.022485492200385242,0.034642267704070605,0.021459665655097198
688,0.022953029156657395,0.02615321181370046,0.02615321181370046,0.036374381089274134,0.030818825533718577,0.024438186071417543,0.02148999733800193
742,0.022953029156657395,0.02615321181370046,0.02615321181370046,0.0280410477559408,0.030818825533718577,0.02783954661563523,0.021641655752525583
791,0.022953029156657395,0.02615321181370046,0.02615321181370046,0.019707714422607468,0.0280410477559408,0.017635464982982168,0.021702319118335044
794,0.022953029156657395,0.02615321181370046,0.02615321181370046,0.0280410477559408,0.02526326997816302,0.03804362824828829,0.02147483149654956
829,0.022953029156657395,0.02615321181370046,0.02615321181370046,0.011374381089274133,0.022485492200385242,0.024438186071417543,0.022703264654191167
844,0.022953029156657395,0.02615321181370046,0.02615321181370046,0.0280410477559408,0.02526326997816302,0.031240907159852914,0.02202080178883472
869,0.022953029156657395,0.02615321181370046,0.02615321181370046,0.0280410477559408,0.0280410477559408,0.024438186071417543,0.021702319118335044
879,0.022953029156657395,0.02615321181370046,0.02615321181370046,0.044707714422607465,0.02526326997816302,0.031240907159852914,0.02138383644783537
910,0.022953029156657395,0.02615321181370046,0.02615321181370046,0.011374381089274133,0.01692993664482969,0.034642267704070605,0.022733596337095898
937,0.022953029156657395,0.02615321181370046,0.02615321181370046,0.019707714422607468,0.019707714422607468,0.01423410443876448,0.022142128520453646
960,0.022953029156657395,0.02615321181370046,0.02615321181370046,0.019707714422607468,0.019707714422607468,0.031240907159852914,0.021459665655097198
966,0.022953029156657395,0.02615321181370046,0.02615321181370046,0.011374381089274133,0.011374381089274133,0.017635464982982168,0.02411368790926116
003,0.02291510248156258,0.025521100562120185,0.025521100562120185,0.036374381089274134,0.02526326997816302,0.010832743894546793,0.02138383644783537
014,0.02291510248156258,0.025521100562120185,0.025521100562120185,0.019707714422607468,0.02526326997816302,0.021036825527199855,0.021520329020906656
023,0.02291510248156258,0.025521100562120185,0.025521100562120185,0.0280410477559408,0.022485492200385242,0.017635464982982168,0.0214141681307401
031,0.02291510248156258,0.025521100562120185,0.025521100562120185,0.0280410477559408,0.0280410477559408,0.021036825527199855,0.021429333972192464
046,0.02291510248156258,0.025521100562120185,0.025521100562120185,0.0280410477559408,0.0280410477559408,0.02783954661563523,0.0218539775328587
063,0.02291510248156258,0.025521100562120185,0.025521100562120185,0.0280410477559408,0.02526326997816302,0.021036825527199855,0.022005635947382356
087,0.02291510248156258,0.025521100562120185,0.025521100562120185,0.011374381089274133,0.022485492200385242,0.031240907159852914,0.022521274556762783
121,0.02291510248156258,0.025521100562120185,0.025521100562120185,0.019707714422607468,0.019707714422607468,0.02783954661563523,0.021656821593977946
133,0.02291510248156258,0.025521100562120185,0.025521100562120185,0.0280410477559408,0.022485492200385242,0.021036825527199855,0.021535494862359023
147,0.02291510248156258,0.025521100562120185,0.025521100562120185,0.019707714422607468,0.022485492200385242,0.02783954661563523,0.022035967630287086
208,0.02291510248156258,0.025521100562120185,0.025521100562120185,0.0280410477559408,0.02526326997816302,0.034642267704070605,0.02221795772771547
246,0.02291510248156258,0.025521100562120185,0.025521100562120185,0.019707714422607468,0.030818825533718577,0.021036825527199855,0.022005635947382356
250,0.02291510248156258,0.025521100562120185,0.025521100562120185,0.061374381089274135,0.03915215886705191,0.021036825527199855,0.021641655752525583
277,0.02291510248156258,0.025521100562120185,0.025521100562120185,0.036374381089274134,0.030818825533718577,0.031240907159852914,0.021671987435430314
299,0.02291510248156258,0.025521100562120185,0.025521100562120185,0.044707714422607465,0.02526326997816302,0.03804362824828829,0.021459665655097198
310,0.02291510248156258,0.025521100562120185,0.025521100562120185,0.036374381089274134,0.02526326997816302,0.021036825527199855,0.021641655752525583
344,0.02291510248156258,0.025521100562120185,0.025521100562120185,0.019707714422607468,0.022485492200385242,0.024438186071417543,0.02158099238671612
394,0.02291510248156258,0.025521100562120185,0.025521100562120185,0.0280410477559408,0.0280410477559408,0.031240907159852914,0.021459665655097198
398,0.02291510248156258,0.025521100562120185,0.025521100562120185,0.019707714422607468,0.03359660331149635,0.024438186071417543,0.021702319118335044
407,0.02291510248156258,0.025521100562120185,0.025521100562120185,0.019707714422607468,0.022485492200385242,0.024438186071417543,0.022278621093524936
417,0.02291510248156258,0.025521100562120185,0.025521100562120185,0.036374381089274134,0.0280410477559408,0.024438186071417543,0.021626489911073216
431,0.02291510248156258,0.025521100562120185,0.025521100562120185,0.011374381089274133,0.014152158867051911,0.02783954661563523,0.02364354682423783
435,0.02291510248156258,0.025521100562120185,0.025521100562120185,0.019707714422607468,0.022485492200385242,0.034642267704070605,0.021808480008501604
442,0.02291510248156258,0.025521100562120185,0.025521100562120185,0.036374381089274134,0.03359660331149635,0.021036825527199855,0.021641655752525583
481,0.02291510248156258,0.025521100562120185,0.025521100562120185,0.0280410477559408,0.02526326997816302,0.02783954661563523,0.021899475057215796
482,0.02291510248156258,0.025521100562120185,0.025521100562120185,0.019707714422607468,0.014152158867051911,0.02783954661563523,0.022096630996096548
508,0.02291510248156258,0.025521100562120185,0.025521100562120185,0.036374381089274134,0.022485492200385242,0.021036825527199855,0.02158099238671612
509,0.02291510248156258,0.025521100562120185,0.025521100562120185,0.0280410477559408,0.03359660331149635,0.02783954661563523,0.02159615822816849
517,0.02291510248156258,0.025521100562120185,0.025521100562120185,0.044707714422607465,0.0280410477559408,0.021036825527199855,0.0214141681307401
582,0.02291510248156258,0.025521100562120185,0.025521100562120185,0.0280410477559408,0.030818825533718577,0.024438186071417543,0.021899475057215796
603,0.02291510248156258,0.025521100562120185,0.025521100562120185,0.0280410477559408,0.022485492200385242,0.017635464982982168,0.021399002289287733
609,0.02291510248156258,0.025521100562120185,0.025521100562120185,0.011374381089274133,0.019707714422607468,0.021036825527199855,0.02320373742211923
618,0.02291510248156258,0.025521100562120185,0.025521100562120185,0.036374381089274134,0.03359660331149635,0.02783954661563523,0.021656821593977946
627,0.02291510248156258,0.025521100562120185,0.025521100562120185,0.0280410477559408,0.030818825533718577,0.021036825527199855,0.021808480008501604
666,0.02291510248156258,0.025521100562120185,0.025521100562120185,0.0280410477559408,0.03359660331149635,0.031240907159852914,0.021838811691406335
672,0.02291510248156258,0.025521100562120185,0.025521100562120185,0.011374381089274133,0.02526326997816302,0.021036825527199855,0.02276392802000063
704,0.02291510248156258,0.025521100562120185,0.025521100562120185,0.044707714422607465,0.03359660331149635,0.021036825527199855,0.021429333972192464
740,0.02291510248156258,0.025521100562120185,0.025521100562120185,0.036374381089274134,0.03359660331149635,0.031240907159852914,0.02144449981364483
775,0.02291510248156258,0.025521100562120185,0.025521100562120185,0.0280410477559408,0.01692993664482969,0.024438186071417543,0.021732650801239775
841,0.02291510248156258,0.025521100562120185,0.025521100562120185,0.019707714422607468,0.019707714422607468,0.031240907159852914,0.021641655752525583
847,0.02291510248156258,0.025521100562120185,0.025521100562120185,0.011374381089274133,0.019707714422607468,0.034642267704070605,0.022308952776429667
877,0.02291510248156258,0.025521100562120185,0.025521100562120185,0.0280410477559408,0.02526326997816302,0.02783954661563523,0.02171748495978741
883,0.02291510248156258,0.025521100562120185,0.025521100562120185,0.019707714422607468,0.022485492200385242,0.010832743894546793,0.02202080178883472
889,0.02291510248156258,0.025521100562120185,0.025521100562120185,0.0280410477559408,0.022485492200385242,0.01423410443876448,0.021929806740120527
908,0.02291510248156258,0.025521100562120185,0.025521100562120185,0.0280410477559408,0.01692993664482969,0.02783954661563523,0.021565826545263754
917,0.02291510248156258,0.025521100562120185,0.025521100562120185,0.036374381089274134,0.036374381089274134,0.02783954661563523,0.0214141681307401
936,0.02291510248156258,0.025521100562120185,0.025521100562120185,0.0280410477559408,0.022485492200385242,0.021036825527199855,0.021611324069620852
946,0.02291510248156258,0.025521100562120185,0.025521100562120185,0.036374381089274134,0.019707714422607468,0.01423410443876448,0.02155066070381139
982,0.02291510248156258,0.025521100562120185,0.025521100562120185,0.044707714422607465,0.03359660331149635,0.02783954661563523,0.02159615822816849
989,0.02291510248156258,0.025521100562120185,0.025521100562120185,0.0280410477559408,0.0280410477559408,0.017635464982982168,0.022035967630287086
990,0.02291510248156258,0.025521100562120185,0.025521100562120185,0.019707714422607468,0.01692993664482969,0.031240907159852914,0.022172460203358377
021,0.022877175806467764,0.024888989310539907,0.024888989310539907,0.019707714422607468,0.02526326997816302,0.034642267704070605,0.021656821593977946
022,0.022877175806467764,0.024888989310539907,0.024888989310539907,0.019707714422607468,0.02526326997816302,0.031240907159852914,0.02221795772771547
034,0.022877175806467764,0.024888989310539907,0.024888989310539907,0.044707714422607465,0.022485492200385242,0.034642267704070605,0.021565826545263754
074,0.022877175806467764,0.024888989310539907,0.024888989310539907,0.0530410477559408,0.030818825533718577,0.034642267704070605,0.02147483149654956
098,0.022877175806467764,0.024888989310539907,0.024888989310539907,0.0280410477559408,0.0280410477559408,0.031240907159852914,0.021869143374311065
106,0.022877175806467764,0.024888989310539907,0.024888989310539907,0.0280410477559408,0.030818825533718577,0.034642267704070605,0.021565826545263754
109,0.022877175806467764,0.024888989310539907,0.024888989310539907,0.0280410477559408,0.02526326997816302,0.024438186071417543,0.021459665655097198
125,0.022877175806467764,0.024888989310539907,0.024888989310539907,0.019707714422607468,0.0280410477559408,0.024438186071417543,0.02171748495978741
131,0.022877175806467764,0.024888989310539907,0.024888989310539907,0.036374381089274134,0.022485492200385242,0.02783954661563523,0.021702319118335044
168,0.022877175806467764,0.024888989310539907,0.024888989310539907,0.019707714422607468,0.02526326997816302,0.031240907159852914,0.022248289410620202
196,0.022877175806467764,0.024888989310539907,0.024888989310539907,0.019707714422607468,0.0280410477559408,0.017635464982982168,0.021611324069620852
197,0.022877175806467764,0.024888989310539907,0.024888989310539907,0.019707714422607468,0.022485492200385242,0.044846349336723663,0.0218539775328587
200,0.022877175806467764,0.024888989310539907,0.024888989310539907,0.0280410477559408,0.022485492200385242,0.017635464982982168,0.021520329020906656
202,0.022877175806467764,0.024888989310539907,0.024888989310539907,0.0280410477559408,0.030818825533718577,0.021036825527199855,0.021656821593977946
205,0.022877175806467764,0.024888989310539907,0.024888989310539907,0.019707714422607468,0.030818825533718577,0.024438186071417543,0.021808480008501604
215,0.022877175806467764,0.024888989310539907,0.024888989310539907,0.019707714422607468,0.019707714422607468,0.024438186071417543,0.022202791886263108
225,0.022877175806467764,0.024888989310539907,0.024888989310539907,0.011374381089274133,0.019707714422607468,0.02783954661563523,0.022384781983691492
228,0.022877175806467764,0.024888989310539907,0.024888989310539907,0.019707714422607468,0.019707714422607468,0.017635464982982168,0.021869143374311065
236,0.022877175806467764,0.024888989310539907,0.024888989310539907,0.044707714422607465,0.0280410477559408,0.02783954661563523,0.021399002289287733
252,0.022877175806467764,0.024888989310539907,0.024888989310539907,0.044707714422607465,0.03359660331149635,0.02783954661563523,0.02144449981364483
291,0.022877175806467764,0.024888989310539907,0.024888989310539907,0.019707714422607468,0.022485492200385242,0.02783954661563523,0.02211179683754891
312,0.022877175806467764,0.024888989310539907,0.024888989310539907,0.011374381089274133,0.019707714422607468,0.021036825527199855,0.022490942873858052
313,0.022877175806467764,0.024888989310539907,0.024888989310539907,0.019707714422607468,0.02526326997816302,0.02783954661563523,0.021778148325596873
316,0.022877175806467764,0.024888989310539907,0.024888989310539907,0.019707714422607468,0.022485492200385242,0.021036825527199855,0.021641655752525583
330,0.022877175806467764,0.024888989310539907,0.024888989310539907,0.011374381089274133,0.030818825533718577,0.02783954661563523,0.022551606239667513
365,0.022877175806467764,0.024888989310539907,0.024888989310539907,0.0280410477559408,0.02526326997816302,0.01423410443876448,0.02144449981364483
379,0.022877175806467764,0.024888989310539907,0.024888989310539907,0.0280410477559408,0.022485492200385242,0.021036825527199855,0.021641655752525583
381,0.022877175806467764,0.024888989310539907,0.024888989310539907,0.036374381089274134,0.03359660331149635,0.01423410443876448,0.02155066070381139
382,0.022877175806467764,0.024888989310539907,0.024888989310539907,0.019707714422607468,0.0280410477559408,0.024438186071417543,0.022035967630287086
389,0.022877175806467764,0.024888989310539907,0.024888989310539907,0.0280410477559408,0.022485492200385242,0.021036825527199855,0.022081465154644184
390,0.022877175806467764,0.024888989310539907,0.024888989310539907,0.019707714422607468,0.01692993664482969,0.010832743894546793,0.021899475057215796
427,0.022877175806467764,0.024888989310539907,0.024888989310539907,0.0280410477559408,0.022485492200385242,0.04144498879250598,0.021459665655097198
461,0.022877175806467764,0.024888989310539907,0.024888989310539907,0.019707714422607468,0.02526326997816302,0.017635464982982168,0.021975304264477625
463,0.022877175806467764,0.024888989310539907,0.024888989310539907,0.036374381089274134,0.022485492200385242,0.02783954661563523,0.021762982484144506
485,0.022877175806467764,0.024888989310539907,0.024888989310539907,0.019707714422607468,0.02526326997816302,0.021036825527199855,0.021975304264477625
490,0.022877175806467764,0.024888989310539907,0.024888989310539907,0.011374381089274133,0.036374381089274134,0.024438186071417543,0.022612269605476975
510,0.022877175806467764,0.024888989310539907,0.024888989310539907,0.036374381089274134,0.036374381089274134,0.031240907159852914,0.021429333972192464
594,0.022877175806467764,0.024888989310539907,0.024888989310539907,0.011374381089274133,0.019707714422607468,0.034642267704070605,0.023491888409714175
595,0.022877175806467764,0.024888989310539907,0.024888989310539907,0.036374381089274134,0.02526326997816302,0.031240907159852914,0.021565826545263754
610,0.022877175806467764,0.024888989310539907,0.024888989310539907,0.036374381089274134,0.022485492200385242,0.031240907159852914,0.02171748495978741
636,0.022877175806467764,0.024888989310539907,0.024888989310539907,0.019707714422607468,0.0280410477559408,0.024438186071417543,0.021535494862359023
651,0.022877175806467764,0.024888989310539907,0.024888989310539907,0.0530410477559408,0.03359660331149635,0.024438186071417543,0.02158099238671612
652,0.022877175806467764,0.024888989310539907,0.024888989310539907,0.019707714422607468,0.02526326997816302,0.024438186071417543,0.021702319118335044
683,0.022877175806467764,0.024888989310539907,0.024888989310539907,0.036374381089274134,0.022485492200385242,0.02783954661563523,0.02144449981364483
690,0.022877175806467764,0.024888989310539907,0.024888989310539907,0.036374381089274134,0.02526326997816302,0.02783954661563523,0.02182364584995397
705,0.022877175806467764,0.024888989310539907,0.024888989310539907,0.0280410477559408,0.02526326997816302,0.017635464982982168,0.021702319118335044
718,0.022877175806467764,0.024888989310539907,0.024888989310539907,0.036374381089274134,0.02526326997816302,0.024438186071417543,0.02155066070381139
735,0.022877175806467764,0.024888989310539907,0.024888989310539907,0.036374381089274134,0.02526326997816302,0.031240907159852914,0.02138383644783537
736,0.022877175806467764,0.024888989310539907,0.024888989310539907,0.011374381089274133,0.019707714422607468,0.021036825527199855,0.023522220092618906
745,0.022877175806467764,0.024888989310539907,0.024888989310539907,0.011374381089274133,0.019707714422607468,0.021036825527199855,0.022415113666596223
752,0.022877175806467764,0.024888989310539907,0.024888989310539907,0.019707714422607468,0.030818825533718577,0.021036825527199855,0.021914640898668163
764,0.022877175806467764,0.024888989310539907,0.024888989310539907,0.036374381089274134,0.030818825533718577,0.034642267704070605,0.021747816642692142
781,0.022877175806467764,0.024888989310539907,0.024888989310539907,0.019707714422607468,0.022485492200385242,0.03804362824828829,0.02148999733800193
799,0.022877175806467764,0.024888989310539907,0.024888989310539907,0.0280410477559408,0.0280410477559408,0.01423410443876448,0.02215729436190601
816,0.022877175806467764,0.024888989310539907,0.024888989310539907,0.011374381089274133,0.014152158867051911,0.02783954661563523,0.02232411861788203
832,0.022877175806467764,0.024888989310539907,0.024888989310539907,0.036374381089274134,0.022485492200385242,0.02783954661563523,0.022081465154644184
850,0.022877175806467764,0.024888989310539907,0.024888989310539907,0.0280410477559408,0.022485492200385242,0.034642267704070605,0.021656821593977946
851,0.022877175806467764,0.024888989310539907,0.024888989310539907,0.0280410477559408,0.036374381089274134,0.02783954661563523,0.021611324069620852
853,0.022877175806467764,0.024888989310539907,0.024888989310539907,0.0280410477559408,0.022485492200385242,0.031240907159852914,0.021459665655097198
866,0.022877175806467764,0.024888989310539907,0.024888989310539907,0.019707714422607468,0.022485492200385242,0.031240907159852914,0.021838811691406335
876,0.022877175806467764,0.024888989310539907,0.024888989310539907,0.019707714422607468,0.02526326997816302,0.024438186071417543,0.02138383644783537
887,0.022877175806467764,0.024888989310539907,0.024888989310539907,0.0280410477559408,0.0280410477559408,0.02783954661563523,0.02168715327688268
903,0.022877175806467764,0.024888989310539907,0.024888989310539907,0.0280410477559408,0.019707714422607468,0.017635464982982168,0.021429333972192464
904,0.022877175806467764,0.024888989310539907,0.024888989310539907,0.0280410477559408,0.019707714422607468,0.021036825527199855,0.021747816642692142
927,0.022877175806467764,0.024888989310539907,0.024888989310539907,0.011374381089274133,0.03915215886705191,0.024438186071417543,0.02243027950804859
933,0.022877175806467764,0.024888989310539907,0.024888989310539907,0.0280410477559408,0.0280410477559408,0.024438186071417543,0.021399002289287733
938,0.022877175806467764,0.024888989310539907,0.024888989310539907,0.044707714422607465,0.036374381089274134,0.031240907159852914,0.021429333972192464
950,0.022877175806467764,0.024888989310539907,0.024888989310539907,0.036374381089274134,0.02526326997816302,0.034642267704070605,0.021535494862359023
959,0.022877175806467764,0.024888989310539907,0.024888989310539907,0.036374381089274134,0.03359660331149635,0.02783954661563523,0.02147483149654956
028,0.022839249131372946,0.024256878058959628,0.024256878058959628,0.019707714422607468,0.019707714422607468,0.031240907159852914,0.02155066070381139
075,0.022839249131372946,0.024256878058959628,0.024256878058959628,0.0280410477559408,0.02526326997816302,0.034642267704070605,0.0218539775328587
104,0.022839249131372946,0.024256878058959628,0.024256878058959628,0.019707714422607468,0.02526326997816302,0.021036825527199855,0.02215729436190601
116,0.022839249131372946,0.024256878058959628,0.024256878058959628,0.011374381089274133,0.0280410477559408,0.024438186071417543,0.022627435446929342
159,0.022839249131372946,0.024256878058959628,0.024256878058959628,0.011374381089274133,0.01692993664482969,0.034642267704070605,0.023461556726809447
162,0.022839249131372946,0.024256878058959628,0.024256878058959628,0.044707714422607465,0.030818825533718577,0.010832743894546793,0.02159615822816849
190,0.022839249131372946,0.024256878058959628,0.024256878058959628,0.019707714422607468,0.01692993664482969,0.02783954661563523,0.02212696267900128
248,0.022839249131372946,0.024256878058959628,0.024256878058959628,0.019707714422607468,0.01692993664482969,0.017635464982982168,0.022202791886263108
251,0.022839249131372946,0.024256878058959628,0.024256878058959628,0.0280410477559408,0.030818825533718577,0.010832743894546793,0.021505163179454292
279,0.022839249131372946,0.024256878058959628,0.024256878058959628,0.019707714422607468,0.019707714422607468,0.021036825527199855,0.022187626044810744
297,0.022839249131372946,0.024256878058959628,0.024256878058959628,0.011374381089274133,0.014152158867051911,0.021036825527199855,0.022839757227262458
300,0.022839249131372946,0.024256878058959628,0.024256878058959628,0.036374381089274134,0.022485492200385242,0.02783954661563523,0.02144449981364483
302,0.022839249131372946,0.024256878058959628,0.024256878058959628,0.011374381089274133,0.01692993664482969,0.017635464982982168,0.02276392802000063
306,0.022839249131372946,0.024256878058959628,0.024256878058959628,0.011374381089274133,0.01692993664482969,0.021036825527199855,0.022490942873858052
307,0.022839249131372946,0.024256878058959628,0.024256878058959628,0.011374381089274133,0.0280410477559408,0.031240907159852914,0.022339284459334394
308,0.022839249131372946,0.024256878058959628,0.024256878058959628,0.019707714422607468,0.019707714422607468,0.024438186071417543,0.02159615822816849
317,0.022839249131372946,0.024256878058959628,0.024256878058959628,0.019707714422607468,0.022485492200385242,0.017635464982982168,0.02158099238671612
335,0.022839249131372946,0.024256878058959628,0.024256878058959628,0.0280410477559408,0.022485492200385242,0.031240907159852914,0.0214141681307401
360,0.022839249131372946,0.024256878058959628,0.024256878058959628,0.036374381089274134,0.036374381089274134,0.031240907159852914,0.02158099238671612
368,0.022839249131372946,0.024256878058959628,0.024256878058959628,0.0280410477559408,0.030818825533718577,0.02783954661563523,0.021778148325596873
472,0.022839249131372946,0.024256878058959628,0.024256878058959628,0.0280410477559408,0.022485492200385242,0.031240907159852914,0.021565826545263754
488,0.022839249131372946,0.024256878058959628,0.024256878058959628,0.011374381089274133,0.011374381089274133,0.02783954661563523,0.02411368790926116
542,0.022839249131372946,0.024256878058959628,0.024256878058959628,0.044707714422607465,0.02526326997816302,0.021036825527199855,0.021656821593977946
557,0.022839249131372946,0.024256878058959628,0.024256878058959628,0.0280410477559408,0.01692993664482969,0.024438186071417543,0.021702319118335044
565,0.022839249131372946,0.024256878058959628,0.024256878058959628,0.011374381089274133,0.01692993664482969,0.017635464982982168,0.02303691316614321
566,0.022839249131372946,0.024256878058959628,0.024256878058959628,0.019707714422607468,0.022485492200385242,0.031240907159852914,0.022096630996096548
569,0.022839249131372946,0.024256878058959628,0.024256878058959628,0.019707714422607468,0.03359660331149635,0.024438186071417543,0.02158099238671612
577,0.022839249131372946,0.024256878058959628,0.024256878058959628,0.011374381089274133,0.01692993664482969,0.021036825527199855,0.022748762178548265
579,0.022839249131372946,0.024256878058959628,0.024256878058959628,0.019707714422607468,0.022485492200385242,0.02783954661563523,0.022142128520453646
601,0.022839249131372946,0.024256878058959628,0.024256878058959628,0.019707714422607468,0.019707714422607468,0.024438186071417543,0.02171748495978741
602,0.022839249131372946,0.024256878058959628,0.024256878058959628,0.011374381089274133,0.01692993664482969,0.017635464982982168,0.022339284459334394
615,0.022839249131372946,0.024256878058959628,0.024256878058959628,0.019707714422607468,0.022485492200385242,0.02783954661563523,0.021808480008501604
632,0.022839249131372946,0.024256878058959628,0.024256878058959628,0.019707714422607468,0.019707714422607468,0.02783954661563523,0.022051133471739454
659,0.022839249131372946,0.024256878058959628,0.024256878058959628,0.011374381089274133,0.019707714422607468,0.024438186071417543,0.02239994782514386
679,0.022839249131372946,0.024256878058959628,0.024256878058959628,0.019707714422607468,0.01692993664482969,0.017635464982982168,0.02215729436190601
689,0.022839249131372946,0.024256878058959628,0.024256878058959628,0.0280410477559408,0.022485492200385242,0.031240907159852914,0.021671987435430314
694,0.022839249131372946,0.024256878058959628,0.024256878058959628,0.011374381089274133,0.019707714422607468,0.021036825527199855,0.022642601288381706
703,0.022839249131372946,0.024256878058959628,0.024256878058959628,0.011374381089274133,0.02526326997816302,0.024438186071417543,0.022445445349500954
707,0.022839249131372946,0.024256878058959628,0.024256878058959628,0.0280410477559408,0.022485492200385242,0.021036825527199855,0.02144449981364483
709,0.022839249131372946,0.024256878058959628,0.024256878058959628,0.011374381089274133,0.019707714422607468,0.034642267704070605,0.02338572751954762
711,0.022839249131372946,0.024256878058959628,0.024256878058959628,0.0280410477559408,0.022485492200385242,0.024438186071417543,0.02223312356916784
726,0.022839249131372946,0.024256878058959628,0.024256878058959628,0.036374381089274134,0.02526326997816302,0.031240907159852914,0.021793314167049237
755,0.022839249131372946,0.024256878058959628,0.024256878058959628,0.019707714422607468,0.02526326997816302,0.02783954661563523,0.02215729436190601
768,0.022839249131372946,0.024256878058959628,0.024256878058959628,0.011374381089274133,0.019707714422607468,0.021036825527199855,0.02256677208111988
788,0.022839249131372946,0.024256878058959628,0.024256878058959628,0.0280410477559408,0.030818825533718577,0.024438186071417543,0.021732650801239775
801,0.022839249131372946,0.024256878058959628,0.024256878058959628,0.0280410477559408,0.022485492200385242,0.021036825527199855,0.02168715327688268
804,0.022839249131372946,0.024256878058959628,0.024256878058959628,0.011374381089274133,0.02526326997816302,0.02783954661563523,0.022308952776429667
819,0.022839249131372946,0.024256878058959628,0.024256878058959628,0.0280410477559408,0.022485492200385242,0.021036825527199855,0.021459665655097198
840,0.022839249131372946,0.024256878058959628,0.024256878058959628,0.0280410477559408,0.0280410477559408,0.024438186071417543,0.021793314167049237
862,0.022839249131372946,0.024256878058959628,0.024256878058959628,0.0280410477559408,0.022485492200385242,0.017635464982982168,0.021656821593977946
888,0.022839249131372946,0.024256878058959628,0.024256878058959628,0.036374381089274134,0.0280410477559408,0.03804362824828829,0.021459665655097198
891,0.022839249131372946,0.024256878058959628,0.024256878058959628,0.019707714422607468,0.03359660331149635,0.021036825527199855,0.021611324069620852
894,0.022839249131372946,0.024256878058959628,0.024256878058959628,0.0530410477559408,0.02526326997816302,0.02783954661563523,0.02144449981364483
897,0.022839249131372946,0.024256878058959628,0.024256878058959628,0.036374381089274134,0.0280410477559408,0.021036825527199855,0.02147483149654956
913,0.022839249131372946,0.024256878058959628,0.024256878058959628,0.019707714422607468,0.0280410477559408,0.024438186071417543,0.021747816642692142
921,0.022839249131372946,0.024256878058959628,0.024256878058959628,0.019707714422607468,0.030818825533718577,0.03804362824828829,0.022202791886263108
923,0.022839249131372946,0.024256878058959628,0.024256878058959628,0.0280410477559408,0.022485492200385242,0.017635464982982168,0.021732650801239775
930,0.022839249131372946,0.024256878058959628,0.024256878058959628,0.036374381089274134,0.03359660331149635,0.017635464982982168,0.02148999733800193
939,0.022839249131372946,0.024256878058959628,0.024256878058959628,0.0280410477559408,0.0280410477559408,0.021036825527199855,0.021520329020906656
943,0.022839249131372946,0.024256878058959628,0.024256878058959628,0.019707714422607468,0.019707714422607468,0.021036825527199855,0.02171748495978741
956,0.022839249131372946,0.024256878058959628,0.024256878058959628,0.019707714422607468,0.022485492200385242,0.021036825527199855,0.022051133471739454
996,0.022839249131372946,0.024256878058959628,0.024256878058959628,0.019707714422607468,0.01692993664482969,0.024438186071417543,0.022142128520453646
997,0.022839249131372946,0.024256878058959628,0.024256878058959628,0.011374381089274133,0.022485492200385242,0.034642267704070605,0.022809425544357727
001,0.02280132245627813,0.02362476680737935,0.02362476680737935,0.036374381089274134,0.03359660331149635,0.024438186071417543,0.0214141681307401
009,0.02280132245627813,0.02362476680737935,0.02362476680737935,0.0280410477559408,0.019707714422607468,0.021036825527199855,0.021671987435430314
030,0.02280132245627813,0.02362476680737935,0.02362476680737935,0.019707714422607468,0.022485492200385242,0.021036825527199855,0.021914640898668163
036,0.02280132245627813,0.02362476680737935,0.02362476680737935,0.011374381089274133,0.01692993664482969,0.024438186071417543,0.02246061119095332
047,0.02280132245627813,0.02362476680737935,0.02362476680737935,0.011374381089274133,0.01692993664482969,0.024438186071417543,0.022976249800333748
054,0.02280132245627813,0.02362476680737935,0.02362476680737935,0.0280410477559408,0.0280410477559408,0.017635464982982168,0.02158099238671612
071,0.02280132245627813,0.02362476680737935,0.02362476680737935,0.019707714422607468,0.01692993664482969,0.01423410443876448,0.02212696267900128
076,0.02280132245627813,0.02362476680737935,0.02362476680737935,0.019707714422607468,0.022485492200385242,0.02783954661563523,0.02226345525207257
099,0.02280132245627813,0.02362476680737935,0.02362476680737935,0.011374381089274133,0.019707714422607468,0.031240907159852914,0.022581937922572244
140,0.02280132245627813,0.02362476680737935,0.02362476680737935,0.011374381089274133,0.019707714422607468,0.017635464982982168,0.022384781983691492
175,0.02280132245627813,0.02362476680737935,0.02362476680737935,0.011374381089274133,0.022485492200385242,0.024438186071417543,0.02246061119095332
183,0.02280132245627813,0.02362476680737935,0.02362476680737935,0.044707714422607465,0.0280410477559408,0.024438186071417543,0.021505163179454292
216,0.02280132245627813,0.02362476680737935,0.02362476680737935,0.011374381089274133,0.014152158867051911,0.024438186071417543,0.023006581483238482
240,0.02280132245627813,0.02362476680737935,0.02362476680737935,0.0280410477559408,0.02526326997816302,0.024438186071417543,0.021565826545263754
260,0.02280132245627813,0.02362476680737935,0.02362476680737935,0.019707714422607468,0.019707714422607468,0.01423410443876448,0.021762982484144506
263,0.02280132245627813,0.02362476680737935,0.02362476680737935,0.019707714422607468,0.022485492200385242,0.010832743894546793,0.02196013842302526
264,0.02280132245627813,0.02362476680737935,0.02362476680737935,0.019707714422607468,0.01692993664482969,0.017635464982982168,0.02147483149654956
266,0.02280132245627813,0.02362476680737935,0.02362476680737935,0.019707714422607468,0.01692993664482969,0.021036825527199855,0.021505163179454292
270,0.02280132245627813,0.02362476680737935,0.02362476680737935,0.0280410477559408,0.0280410477559408,0.024438186071417543,0.02138383644783537
339,0.02280132245627813,0.02362476680737935,0.02362476680737935,0.019707714422607468,0.019707714422607468,0.017635464982982168,0.021944972581572894
353,0.02280132245627813,0.02362476680737935,0.02362476680737935,0.019707714422607468,0.022485492200385242,0.031240907159852914,0.021929806740120527
375,0.02280132245627813,0.02362476680737935,0.02362476680737935,0.019707714422607468,0.019707714422607468,0.017635464982982168,0.021929806740120527
392,0.02280132245627813,0.02362476680737935,0.02362476680737935,0.0280410477559408,0.0280410477559408,0.031240907159852914,0.021838811691406335
402,0.02280132245627813,0.02362476680737935,0.02362476680737935,0.0280410477559408,0.022485492200385242,0.02783954661563523,0.02147483149654956
413,0.02280132245627813,0.02362476680737935,0.02362476680737935,0.0280410477559408,0.0280410477559408,0.021036825527199855,0.022051133471739454
423,0.02280132245627813,0.02362476680737935,0.02362476680737935,0.019707714422607468,0.019707714422607468,0.021036825527199855,0.022066299313191817
428,0.02280132245627813,0.02362476680737935,0.02362476680737935,0.019707714422607468,0.0280410477559408,0.021036825527199855,0.021747816642692142
460,0.02280132245627813,0.02362476680737935,0.02362476680737935,0.011374381089274133,0.022485492200385242,0.024438186071417543,0.02232411861788203
471,0.02280132245627813,0.02362476680737935,0.02362476680737935,0.019707714422607468,0.019707714422607468,0.034642267704070605,0.022066299313191817
489,0.02280132245627813,0.02362476680737935,0.02362476680737935,0.011374381089274133,0.019707714422607468,0.017635464982982168,0.022475777032405685
545,0.02280132245627813,0.02362476680737935,0.02362476680737935,0.019707714422607468,0.022485492200385242,0.02783954661563523,0.02188430921576343
546,0.02280132245627813,0.02362476680737935,0.02362476680737935,0.019707714422607468,0.022485492200385242,0.021036825527199855,0.0218539775328587
560,0.02280132245627813,0.02362476680737935,0.02362476680737935,0.011374381089274133,0.01692993664482969,0.024438186071417543,0.02285492306871482
654,0.02280132245627813,0.02362476680737935,0.02362476680737935,0.0280410477559408,0.030818825533718577,0.017635464982982168,0.02138383644783537
668,0.02280132245627813,0.02362476680737935,0.02362476680737935,0.011374381089274133,0.019707714422607468,0.034642267704070605,0.023400893360999982
695,0.02280132245627813,0.02362476680737935,0.02362476680737935,0.019707714422607468,0.0280410477559408,0.024438186071417543,0.02171748495978741
696,0.02280132245627813,0.02362476680737935,0.02362476680737935,0.0280410477559408,0.02526326997816302,0.017635464982982168,0.021535494862359023
698,0.02280132245627813,0.02362476680737935,0.02362476680737935,0.019707714422607468,0.014152158867051911,0.021036825527199855,0.0218539775328587
712,0.02280132245627813,0.02362476680737935,0.02362476680737935,0.011374381089274133,0.02526326997816302,0.017635464982982168,0.022339284459334394
716,0.02280132245627813,0.02362476680737935,0.02362476680737935,0.011374381089274133,0.022485492200385242,0.031240907159852914,0.022779093861453
748,0.02280132245627813,0.02362476680737935,0.02362476680737935,0.036374381089274134,0.030818825533718577,0.021036825527199855,0.021747816642692142
751,0.02280132245627813,0.02362476680737935,0.02362476680737935,0.036374381089274134,0.022485492200385242,0.010832743894546793,0.021429333972192464
758,0.02280132245627813,0.02362476680737935,0.02362476680737935,0.011374381089274133,0.022485492200385242,0.021036825527199855,0.022369616142239125
765,0.02280132245627813,0.02362476680737935,0.02362476680737935,0.019707714422607468,0.022485492200385242,0.024438186071417543,0.02188430921576343
779,0.02280132245627813,0.02362476680737935,0.02362476680737935,0.011374381089274133,0.0280410477559408,0.02783954661563523,0.0231734057392145
800,0.02280132245627813,0.02362476680737935,0.02362476680737935,0.019707714422607468,0.01692993664482969,0.01423410443876448,0.02155066070381139
817,0.02280132245627813,0.02362476680737935,0.02362476680737935,0.0530410477559408,0.03359660331149635,0.017635464982982168,0.021399002289287733
823,0.02280132245627813,0.02362476680737935,0.02362476680737935,0.036374381089274134,0.030818825533718577,0.02783954661563523,0.0214141681307401
857,0.02280132245627813,0.02362476680737935,0.02362476680737935,0.011374381089274133,0.022485492200385242,0.021036825527199855,0.022339284459334394
858,0.02280132245627813,0.02362476680737935,0.02362476680737935,0.0280410477559408,0.022485492200385242,0.021036825527199855,0.021808480008501604
882,0.02280132245627813,0.02362476680737935,0.02362476680737935,0.011374381089274133,0.011374381089274133,0.01423410443876448,0.02411368790926116
892,0.02280132245627813,0.02362476680737935,0.02362476680737935,0.036374381089274134,0.02526326997816302,0.021036825527199855,0.021762982484144506
900,0.02280132245627813,0.02362476680737935,0.02362476680737935,0.019707714422607468,0.02526326997816302,0.017635464982982168,0.02212696267900128
909,0.02280132245627813,0.02362476680737935,0.02362476680737935,0.036374381089274134,0.0280410477559408,0.02783954661563523,0.021565826545263754
942,0.02280132245627813,0.02362476680737935,0.02362476680737935,0.019707714422607468,0.022485492200385242,0.021036825527199855,0.02148999733800193
949,0.02280132245627813,0.02362476680737935,0.02362476680737935,0.0280410477559408,0.02526326997816302,0.02783954661563523,0.021641655752525583
962,0.02280132245627813,0.02362476680737935,0.02362476680737935,0.036374381089274134,0.022485492200385242,0.01423410443876448,0.02148999733800193
980,0.02280132245627813,0.02362476680737935,0.02362476680737935,0.019707714422607468,0.022485492200385242,0.024438186071417543,0.02212696267900128
986,0.02280132245627813,0.02362476680737935,0.02362476680737935,0.0280410477559408,0.022485492200385242,0.017635464982982168,0.02171748495978741
010,0.022763395781183315,0.02299265555579907,0.02299265555579907,0.019707714422607468,0.022485492200385242,0.034642267704070605,0.021869143374311065
044,0.022763395781183315,0.02299265555579907,0.02299265555579907,0.019707714422607468,0.02526326997816302,0.024438186071417543,0.02158099238671612
045,0.022763395781183315,0.02299265555579907,0.02299265555579907,0.019707714422607468,0.02526326997816302,0.024438186071417543,0.0218539775328587
050,0.022763395781183315,0.02299265555579907,0.02299265555579907,0.0280410477559408,0.019707714422607468,0.031240907159852914,0.02159615822816849
086,0.022763395781183315,0.02299265555579907,0.02299265555579907,0.036374381089274134,0.022485492200385242,0.01423410443876448,0.0214141681307401
100,0.022763395781183315,0.02299265555579907,0.02299265555579907,0.0280410477559408,0.022485492200385242,0.01423410443876448,0.02202080178883472
143,0.022763395781183315,0.02299265555579907,0.02299265555579907,0.0280410477559408,0.019707714422607468,0.01423410443876448,0.02196013842302526
150,0.022763395781183315,0.02299265555579907,0.02299265555579907,0.019707714422607468,0.03915215886705191,0.024438186071417543,0.022051133471739454
161,0.022763395781183315,0.02299265555579907,0.02299265555579907,0.011374381089274133,0.014152158867051911,0.024438186071417543,0.023446390885357077
164,0.022763395781183315,0.02299265555579907,0.02299265555579907,0.019707714422607468,0.019707714422607468,0.017635464982982168,0.021838811691406335
173,0.022763395781183315,0.02299265555579907,0.02299265555579907,0.019707714422607468,0.0280410477559408,0.02783954661563523,0.022248289410620202
177,0.022763395781183315,0.02299265555579907,0.02299265555579907,0.0280410477559408,0.02526326997816302,0.02783954661563523,0.02182364584995397
195,0.022763395781183315,0.02299265555579907,0.02299265555579907,0.019707714422607468,0.019707714422607468,0.024438186071417543,0.02159615822816849
229,0.022763395781183315,0.02299265555579907,0.02299265555579907,0.0280410477559408,0.02526326997816302,0.01423410443876448,0.021535494862359023
257,0.022763395781183315,0.02299265555579907,0.02299265555579907,0.011374381089274133,0.019707714422607468,0.01423410443876448,0.02239994782514386
265,0.022763395781183315,0.02299265555579907,0.02299265555579907,0.0280410477559408,0.03359660331149635,0.02783954661563523,0.021505163179454292
273,0.022763395781183315,0.02299265555579907,0.02299265555579907,0.019707714422607468,0.019707714422607468,0.024438186071417543,0.021656821593977946
283,0.022763395781183315,0.02299265555579907,0.02299265555579907,0.036374381089274134,0.02526326997816302,0.01423410443876448,0.02155066070381139
301,0.022763395781183315,0.02299265555579907,0.02299265555579907,0.011374381089274133,0.014152158867051911,0.034642267704070605,0.023795205238761486
305,0.022763395781183315,0.02299265555579907,0.02299265555579907,0.019707714422607468,0.02526326997816302,0.017635464982982168,0.021778148325596873
311,0.022763395781183315,0.02299265555579907,0.02299265555579907,0.011374381089274133,0.019707714422607468,0.031240907159852914,0.023052079007595577
321,0.022763395781183315,0.02299265555579907,0.02299265555579907,0.0280410477559408,0.0280410477559408,0.02783954661563523,0.02138383644783537
322,0.022763395781183315,0.02299265555579907,0.02299265555579907,0.036374381089274134,0.019707714422607468,0.017635464982982168,0.021641655752525583
331,0.022763395781183315,0.02299265555579907,0.02299265555579907,0.019707714422607468,0.030818825533718577,0.021036825527199855,0.022051133471739454
340,0.022763395781183315,0.02299265555579907,0.02299265555579907,0.019707714422607468,0.022485492200385242,0.010832743894546793,0.02211179683754891
352,0.022763395781183315,0.02299265555579907,0.02299265555579907,0.011374381089274133,0.0280410477559408,0.031240907159852914,0.022506108715310415
399,0.022763395781183315,0.02299265555579907,0.02299265555579907,0.011374381089274133,0.01692993664482969,0.021036825527199855,0.022551606239667513
430,0.022763395781183315,0.02299265555579907,0.02299265555579907,0.011374381089274133,0.02526326997816302,0.031240907159852914,0.022642601288381706
438,0.022763395781183315,0.02299265555579907,0.02299265555579907,0.036374381089274134,0.03359660331149635,0.021036825527199855,0.02138383644783537
449,0.022763395781183315,0.02299265555579907,0.02299265555579907,0.0280410477559408,0.019707714422607468,0.021036825527199855,0.0218539775328587
452,0.022763395781183315,0.02299265555579907,0.02299265555579907,0.036374381089274134,0.02526326997816302,0.017635464982982168,0.021975304264477625
468,0.022763395781183315,0.02299265555579907,0.02299265555579907,0.036374381089274134,0.02526326997816302,0.017635464982982168,0.02147483149654956
478,0.022763395781183315,0.02299265555579907,0.02299265555579907,0.011374381089274133,0.014152158867051911,0.021036825527199855,0.02347672256826181
503,0.022763395781183315,0.02299265555579907,0.02299265555579907,0.0280410477559408,0.0280410477559408,0.01423410443876448,0.022051133471739454
540,0.022763395781183315,0.02299265555579907,0.02299265555579907,0.019707714422607468,0.0280410477559408,0.017635464982982168,0.02159615822816849
553,0.022763395781183315,0.02299265555579907,0.02299265555579907,0.036374381089274134,0.019707714422607468,0.01423410443876448,0.021505163179454292
558,0.022763395781183315,0.02299265555579907,0.02299265555579907,0.036374381089274134,0.019707714422607468,0.017635464982982168,0.02155066070381139
562,0.022763395781183315,0.02299265555579907,0.02299265555579907,0.036374381089274134,0.03915215886705191,0.024438186071417543,0.021565826545263754
563,0.022763395781183315,0.02299265555579907,0.02299265555579907,0.011374381089274133,0.022485492200385242,0.021036825527199855,0.02256677208111988
583,0.022763395781183315,0.02299265555579907,0.02299265555579907,0.019707714422607468,0.0280410477559408,0.024438186071417543,0.021671987435430314
616,0.022763395781183315,0.02299265555579907,0.02299265555579907,0.0280410477559408,0.019707714422607468,0.017635464982982168,0.0214141681307401
621,0.022763395781183315,0.02299265555579907,0.02299265555579907,0.019707714422607468,0.0280410477559408,0.01423410443876448,0.021535494862359023
630,0.022763395781183315,0.02299265555579907,0.02299265555579907,0.019707714422607468,0.019707714422607468,0.017635464982982168,0.022278621093524936
641,0.022763395781183315,0.02299265555579907,0.02299265555579907,0.0280410477559408,0.022485492200385242,0.02783954661563523,0.021838811691406335
642,0.022763395781183315,0.02299265555579907,0.02299265555579907,0.0280410477559408,0.022485492200385242,0.024438186071417543,0.021671987435430314
675,0.022763395781183315,0.02299265555579907,0.02299265555579907,0.011374381089274133,0.01692993664482969,0.024438186071417543,0.02243027950804859
681,0.022763395781183315,0.02299265555579907,0.02299265555579907,0.011374381089274133,0.014152158867051911,0.021036825527199855,0.02303691316614321
682,0.022763395781183315,0.02299265555579907,0.02299265555579907,0.019707714422607468,0.022485492200385242,0.02783954661563523,0.021762982484144506
687,0.022763395781183315,0.02299265555579907,0.02299265555579907,0.044707714422607465,0.030818825533718577,0.021036825527199855,0.02138383644783537
692,0.022763395781183315,0.02299265555579907,0.02299265555579907,0.019707714422607468,0.01692993664482969,0.024438186071417543,0.021869143374311065
728,0.022763395781183315,0.02299265555579907,0.02299265555579907,0.011374381089274133,0.0280410477559408,0.024438186071417543,0.02253644039821515
731,0.022763395781183315,0.02299265555579907,0.02299265555579907,0.036374381089274134,0.030818825533718577,0.017635464982982168,0.022081465154644184
760,0.022763395781183315,0.02299265555579907,0.02299265555579907,0.044707714422607465,0.03359660331149635,0.021036825527199855,0.021702319118335044
770,0.022763395781183315,0.02299265555579907,0.02299265555579907,0.0280410477559408,0.019707714422607468,0.021036825527199855,0.021520329020906656
772,0.022763395781183315,0.02299265555579907,0.02299265555579907,0.0280410477559408,0.019707714422607468,0.024438186071417543,0.021929806740120527
776,0.022763395781183315,0.02299265555579907,0.02299265555579907,0.0280410477559408,0.02526326997816302,0.021036825527199855,0.021505163179454292
778,0.022763395781183315,0.02299265555579907,0.02299265555579907,0.011374381089274133,0.022485492200385242,0.031240907159852914,0.02253644039821515
782,0.022763395781183315,0.02299265555579907,0.02299265555579907,0.011374381089274133,0.014152158867051911,0.034642267704070605,0.02402269286054697
787,0.022763395781183315,0.02299265555579907,0.02299265555579907,0.019707714422607468,0.02526326997816302,0.031240907159852914,0.021611324069620852
809,0.022763395781183315,0.02299265555579907,0.02299265555579907,0.019707714422607468,0.022485492200385242,0.04144498879250598,0.021793314167049237
810,0.022763395781183315,0.02299265555579907,0.02299265555579907,0.019707714422607468,0.019707714422607468,0.017635464982982168,0.021808480008501604
820,0.022763395781183315,0.02299265555579907,0.02299265555579907,0.011374381089274133,0.0280410477559408,0.021036825527199855,0.022794259702905363
824,0.022763395781183315,0.02299265555579907,0.02299265555579907,0.0280410477559408,0.01692993664482969,0.021036825527199855,0.021611324069620852
833,0.022763395781183315,0.02299265555579907,0.02299265555579907,0.044707714422607465,0.0280410477559408,0.02783954661563523,0.021505163179454292
835,0.022763395781183315,0.02299265555579907,0.02299265555579907,0.011374381089274133,0.01692993664482969,0.02783954661563523,0.022657767129834073
859,0.022763395781183315,0.02299265555579907,0.02299265555579907,0.011374381089274133,0.014152158867051911,0.024438186071417543,0.023749707714404388
880,0.022763395781183315,0.02299265555579907,0.02299265555579907,0.019707714422607468,0.022485492200385242,0.017635464982982168,0.02212696267900128
895,0.022763395781183315,0.02299265555579907,0.02299265555579907,0.019707714422607468,0.030818825533718577,0.021036825527199855,0.021975304264477625
905,0.022763395781183315,0.02299265555579907,0.02299265555579907,0.011374381089274133,0.011374381089274133,0.024438186071417543,0.02411368790926116
915,0.022763395781183315,0.02299265555579907,0.02299265555579907,0.0280410477559408,0.019707714422607468,0.021036825527199855,0.021671987435430314
928,0.022763395781183315,0.02299265555579907,0.02299265555579907,0.019707714422607468,0.019707714422607468,0.02783954661563523,0.02155066070381139
931,0.022763395781183315,0.02299265555579907,0.02299265555579907,0.019707714422607468,0.022485492200385242,0.024438186071417543,0.02168715327688268
948,0.022763395781183315,0.02299265555579907,0.02299265555579907,0.0280410477559408,0.0280410477559408,0.01423410443876448,0.02148999733800193
951,0.022763395781183315,0.02299265555579907,0.02299265555579907,0.019707714422607468,0.022485492200385242,0.021036825527199855,0.02221795772771547
954,0.022763395781183315,0.02299265555579907,0.02299265555579907,0.0280410477559408,0.022485492200385242,0.024438186071417543,0.021505163179454292
963,0.022763395781183315,0.02299265555579907,0.02299265555579907,0.019707714422607468,0.02526326997816302,0.024438186071417543,0.021656821593977946
965,0.022763395781183315,0.02299265555579907,0.02299265555579907,0.036374381089274134,0.019707714422607468,0.021036825527199855,0.02182364584995397
969,0.022763395781183315,0.02299265555579907,0.02299265555579907,0.019707714422607468,0.01692993664482969,0.017635464982982168,0.021732650801239775
974,0.022763395781183315,0.02299265555579907,0.02299265555579907,0.011374381089274133,0.019707714422607468,0.031240907159852914,0.022885254751619555
005,0.022725469106088497,0.022360544304218792,0.022360544304218792,0.019707714422607468,0.01692993664482969,0.021036825527199855,0.021611324069620852
012,0.022725469106088497,0.022360544304218792,0.022360544304218792,0.0280410477559408,0.02526326997816302,0.02783954661563523,0.021747816642692142
020,0.022725469106088497,0.022360544304218792,0.022360544304218792,0.0280410477559408,0.022485492200385242,0.024438186071417543,0.021399002289287733
064,0.022725469106088497,0.022360544304218792,0.022360544304218792,0.0280410477559408,0.02526326997816302,0.024438186071417543,0.021459665655097198
093,0.022725469106088497,0.022360544304218792,0.022360544304218792,0.011374381089274133,0.014152158867051911,0.024438186071417543,0.023052079007595577
110,0.022725469106088497,0.022360544304218792,0.022360544304218792,0.019707714422607468,0.019707714422607468,0.031240907159852914,0.02226345525207257
113,0.022725469106088497,0.022360544304218792,0.022360544304218792,0.036374381089274134,0.030818825533718577,0.021036825527199855,0.02168715327688268
123,0.022725469106088497,0.022360544304218792,0.022360544304218792,0.0280410477559408,0.030818825533718577,0.031240907159852914,0.021778148325596873
126,0.022725469106088497,0.022360544304218792,0.022360544304218792,0.019707714422607468,0.01692993664482969,0.02783954661563523,0.021520329020906656
136,0.022725469106088497,0.022360544304218792,0.022360544304218792,0.0280410477559408,0.022485492200385242,0.031240907159852914,0.02144449981364483
153,0.022725469106088497,0.022360544304218792,0.022360544304218792,0.011374381089274133,0.011374381089274133,0.031240907159852914,0.02411368790926116
157,0.022725469106088497,0.022360544304218792,0.022360544304218792,0.011374381089274133,0.019707714422607468,0.024438186071417543,0.022885254751619555
165,0.022725469106088497,0.022360544304218792,0.022360544304218792,0.036374381089274134,0.02526326997816302,0.01423410443876448,0.021899475057215796
219,0.022725469106088497,0.022360544304218792,0.022360544304218792,0.019707714422607468,0.01692993664482969,0.02783954661563523,0.02211179683754891
233,0.022725469106088497,0.022360544304218792,0.022360544304218792,0.019707714422607468,0.022485492200385242,0.021036825527199855,0.02155066070381139
249,0.022725469106088497,0.022360544304218792,0.022360544304218792,0.019707714422607468,0.030818825533718577,0.024438186071417543,0.021762982484144506
262,0.022725469106088497,0.022360544304218792,0.022360544304218792,0.019707714422607468,0.01692993664482969,0.024438186071417543,0.022142128520453646
268,0.022725469106088497,0.022360544304218792,0.022360544304218792,0.0280410477559408,0.019707714422607468,0.01423410443876448,0.021459665655097198
309,0.022725469106088497,0.022360544304218792,0.022360544304218792,0.011374381089274133,0.014152158867051911,0.01423410443876448,0.023734541872952025
332,0.022725469106088497,0.022360544304218792,0.022360544304218792,0.0280410477559408,0.022485492200385242,0.021036825527199855,0.021626489911073216
348,0.022725469106088497,0.022360544304218792,0.022360544304218792,0.019707714422607468,0.019707714422607468,0.021036825527199855,0.0218539775328587
371,0.022725469106088497,0.022360544304218792,0.022360544304218792,0.019707714422607468,0.01692993664482969,0.017635464982982168,0.021399002289287733
383,0.022725469106088497,0.022360544304218792,0.022360544304218792,0.036374381089274134,0.02526326997816302,0.021036825527199855,0.02138383644783537
393,0.022725469106088497,0.022360544304218792,0.022360544304218792,0.011374381089274133,0.022485492200385242,0.017635464982982168,0.022597103764024608
403,0.022725469106088497,0.022360544304218792,0.022360544304218792,0.019707714422607468,0.014152158867051911,0.021036825527199855,0.021808480008501604
414,0.022725469106088497,0.022360544304218792,0.022360544304218792,0.019707714422607468,0.019707714422607468,0.010832743894546793,0.022081465154644184
424,0.022725469106088497,0.022360544304218792,0.022360544304218792,0.019707714422607468,0.022485492200385242,0.02783954661563523,0.021778148325596873
429,0.022725469106088497,0.022360544304218792,0.022360544304218792,0.0280410477559408,0.019707714422607468,0.017635464982982168,0.02215729436190601
437,0.022725469106088497,0.022360544304218792,0.022360544304218792,0.019707714422607468,0.02526326997816302,0.024438186071417543,0.02147483149654956
439,0.022725469106088497,0.022360544304218792,0.022360544304218792,0.011374381089274133,0.014152158867051911,0.021036825527199855,0.024037858701999332
441,0.022725469106088497,0.022360544304218792,0.022360544304218792,0.0280410477559408,0.0280410477559408,0.031240907159852914,0.021778148325596873
444,0.022725469106088497,0.022360544304218792,0.022360544304218792,0.011374381089274133,0.019707714422607468,0.010832743894546793,0.02267293297128644
454,0.022725469106088497,0.022360544304218792,0.022360544304218792,0.011374381089274133,0.01692993664482969,0.017635464982982168,0.02253644039821515
462,0.022725469106088497,0.022360544304218792,0.022360544304218792,0.011374381089274133,0.011374381089274133,0.017635464982982168,0.02411368790926116
465,0.022725469106088497,0.022360544304218792,0.022360544304218792,0.019707714422607468,0.022485492200385242,0.017635464982982168,0.02223312356916784
495,0.022725469106088497,0.022360544304218792,0.022360544304218792,0.036374381089274134,0.03359660331149635,0.01423410443876448,0.021626489911073216
519,0.022725469106088497,0.022360544304218792,0.022360544304218792,0.011374381089274133,0.019707714422607468,0.024438186071417543,0.023158239897762136
536,0.022725469106088497,0.022360544304218792,0.022360544304218792,0.019707714422607468,0.0280410477559408,0.02783954661563523,0.02223312356916784
539,0.022725469106088497,0.022360544304218792,0.022360544304218792,0.019707714422607468,0.014152158867051911,0.031240907159852914,0.021459665655097198
564,0.022725469106088497,0.022360544304218792,0.022360544304218792,0.011374381089274133,0.02526326997816302,0.017635464982982168,0.022369616142239125
567,0.022725469106088497,0.022360544304218792,0.022360544304218792,0.019707714422607468,0.022485492200385242,0.010832743894546793,0.021641655752525583
578,0.022725469106088497,0.022360544304218792,0.022360544304218792,0.019707714422607468,0.01692993664482969,0.021036825527199855,0.021626489911073216
585,0.022725469106088497,0.022360544304218792,0.022360544304218792,0.019707714422607468,0.02526326997816302,0.021036825527199855,0.021869143374311065
589,0.022725469106088497,0.022360544304218792,0.022360544304218792,0.011374381089274133,0.01692993664482969,0.01423410443876448,0.02341605920245235
614,0.022725469106088497,0.022360544304218792,0.022360544304218792,0.0280410477559408,0.022485492200385242,0.021036825527199855,0.021520329020906656
617,0.022725469106088497,0.022360544304218792,0.022360544304218792,0.0280410477559408,0.02526326997816302,0.021036825527199855,0.021520329020906656
623,0.022725469106088497,0.022360544304218792,0.022360544304218792,0.011374381089274133,0.01692993664482969,0.010832743894546793,0.022475777032405685
631,0.022725469106088497,0.022360544304218792,0.022360544304218792,0.0280410477559408,0.030818825533718577,0.017635464982982168,0.021535494862359023
649,0.022725469106088497,0.022360544304218792,0.022360544304218792,0.036374381089274134,0.02526326997816302,0.01423410443876448,0.021399002289287733
663,0.022725469106088497,0.022360544304218792,0.022360544304218792,0.019707714422607468,0.01692993664482969,0.01423410443876448,0.022005635947382356
671,0.022725469106088497,0.022360544304218792,0.022360544304218792,0.019707714422607468,0.01692993664482969,0.024438186071417543,0.02215729436190601
738,0.022725469106088497,0.022360544304218792,0.022360544304218792,0.0280410477559408,0.022485492200385242,0.021036825527199855,0.021565826545263754
741,0.022725469106088497,0.022360544304218792,0.022360544304218792,0.019707714422607468,0.019707714422607468,0.031240907159852914,0.021747816642692142
746,0.022725469106088497,0.022360544304218792,0.022360544304218792,0.0280410477559408,0.01692993664482969,0.02783954661563523,0.021399002289287733
756,0.022725469106088497,0.022360544304218792,0.022360544304218792,0.011374381089274133,0.011374381089274133,0.024438186071417543,0.02411368790926116
762,0.022725469106088497,0.022360544304218792,0.022360544304218792,0.019707714422607468,0.02526326997816302,0.021036825527199855,0.021399002289287733
769,0.022725469106088497,0.022360544304218792,0.022360544304218792,0.019707714422607468,0.022485492200385242,0.021036825527199855,0.021869143374311065
793,0.022725469106088497,0.022360544304218792,0.022360544304218792,0.019707714422607468,0.02526326997816302,0.017635464982982168,0.021899475057215796
815,0.022725469106088497,0.022360544304218792,0.022360544304218792,0.019707714422607468,0.014152158867051911,0.024438186071417543,0.02226345525207257
827,0.022725469106088497,0.022360544304218792,0.022360544304218792,0.036374381089274134,0.030818825533718577,0.024438186071417543,0.021520329020906656
852,0.022725469106088497,0.022360544304218792,0.022360544304218792,0.0280410477559408,0.02526326997816302,0.017635464982982168,0.021626489911073216
860,0.022725469106088497,0.022360544304218792,0.022360544304218792,0.0280410477559408,0.03359660331149635,0.021036825527199855,0.022051133471739454
873,0.022725469106088497,0.022360544304218792,0.022360544304218792,0.019707714422607468,0.014152158867051911,0.01423410443876448,0.021505163179454292
890,0.022725469106088497,0.022360544304218792,0.022360544304218792,0.0280410477559408,0.0280410477559408,0.010832743894546793,0.02196013842302526
918,0.022725469106088497,0.022360544304218792,0.022360544304218792,0.0280410477559408,0.01692993664482969,0.02783954661563523,0.0214141681307401
920,0.022725469106088497,0.022360544304218792,0.022360544304218792,0.011374381089274133,0.01692993664482969,0.017635464982982168,0.022870088910167192
941,0.022725469106088497,0.022360544304218792,0.022360544304218792,0.0280410477559408,0.0280410477559408,0.021036825527199855,0.021520329020906656
945,0.022725469106088497,0.022360544304218792,0.022360544304218792,0.0280410477559408,0.0280410477559408,0.021036825527199855,0.021914640898668163
955,0.022725469106088497,0.022360544304218792,0.022360544304218792,0.011374381089274133,0.019707714422607468,0.017635464982982168,0.02235445030078676
970,0.022725469106088497,0.022360544304218792,0.022360544304218792,0.011374381089274133,0.01692993664482969,0.010832743894546793,0.023522220092618906
972,0.022725469106088497,0.022360544304218792,0.022360544304218792,0.0280410477559408,0.0280410477559408,0.02783954661563523,0.021944972581572894
991,0.022725469106088497,0.022360544304218792,0.022360544304218792,0.011374381089274133,0.030818825533718577,0.024438186071417543,0.02314307405630977
992,0.022725469106088497,0.022360544304218792,0.022360544304218792,0.019707714422607468,0.022485492200385242,0.034642267704070605,0.022248289410620202
993,0.022725469106088497,0.022360544304218792,0.022360544304218792,0.019707714422607468,0.019707714422607468,0.021036825527199855,0.02199047010592999
994,0.022725469106088497,0.022360544304218792,0.022360544304218792,0.019707714422607468,0.019707714422607468,0.024438186071417543,0.021399002289287733
998,0.022725469106088497,0.022360544304218792,0.022360544304218792,0.0280410477559408,0.019707714422607468,0.024438186071417543,0.021429333972192464
024,0.02268754243099368,0.021728433052638513,0.021728433052638513,0.019707714422607468,0.022485492200385242,0.024438186071417543,0.021429333972192464
025,0.02268754243099368,0.021728433052638513,0.021728433052638513,0.0280410477559408,0.02526326997816302,0.021036825527199855,0.021732650801239775
038,0.02268754243099368,0.021728433052638513,0.021728433052638513,0.019707714422607468,0.01692993664482969,0.021036825527199855,0.02202080178883472
043,0.02268754243099368,0.021728433052638513,0.021728433052638513,0.011374381089274133,0.019707714422607468,0.031240907159852914,0.022839757227262458
065,0.02268754243099368,0.021728433052638513,0.021728433052638513,0.019707714422607468,0.022485492200385242,0.017635464982982168,0.022081465154644184
067,0.02268754243099368,0.021728433052638513,0.021728433052638513,0.011374381089274133,0.014152158867051911,0.031240907159852914,0.023294732470833423
089,0.02268754243099368,0.021728433052638513,0.021728433052638513,0.019707714422607468,0.01692993664482969,0.02783954661563523,0.02212696267900128
096,0.02268754243099368,0.021728433052638513,0.021728433052638513,0.019707714422607468,0.01692993664482969,0.02783954661563523,0.02147483149654956
108,0.02268754243099368,0.021728433052638513,0.021728433052638513,0.019707714422607468,0.019707714422607468,0.02783954661563523,0.022066299313191817
117,0.02268754243099368,0.021728433052638513,0.021728433052638513,0.0280410477559408,0.02526326997816302,0.021036825527199855,0.021778148325596873
129,0.02268754243099368,0.021728433052638513,0.021728433052638513,0.011374381089274133,0.011374381089274133,0.01423410443876448,0.02411368790926116
130,0.02268754243099368,0.021728433052638513,0.021728433052638513,0.019707714422607468,0.02526326997816302,0.024438186071417543,0.021838811691406335
154,0.02268754243099368,0.021728433052638513,0.021728433052638513,0.0280410477559408,0.019707714422607468,0.010832743894546793,0.021520329020906656
155,0.02268754243099368,0.021728433052638513,0.021728433052638513,0.0280410477559408,0.0280410477559408,0.031240907159852914,0.021429333972192464
156,0.02268754243099368,0.021728433052638513,0.021728433052638513,0.011374381089274133,0.022485492200385242,0.021036825527199855,0.022581937922572244
163,0.02268754243099368,0.021728433052638513,0.021728433052638513,0.0280410477559408,0.022485492200385242,0.017635464982982168,0.021626489911073216
172,0.02268754243099368,0.021728433052638513,0.021728433052638513,0.019707714422607468,0.01692993664482969,0.024438186071417543,0.02159615822816849
180,0.02268754243099368,0.021728433052638513,0.021728433052638513,0.019707714422607468,0.02526326997816302,0.02783954661563523,0.021671987435430314
187,0.02268754243099368,0.021728433052638513,0.021728433052638513,0.011374381089274133,0.014152158867051911,0.017635464982982168,0.02235445030078676
188,0.02268754243099368,0.021728433052638513,0.021728433052638513,0.036374381089274134,0.02526326997816302,0.01423410443876448,0.02159615822816849
198,0.02268754243099368,0.021728433052638513,0.021728433052638513,0.044707714422607465,0.03359660331149635,0.021036825527199855,0.02138383644783537
201,0.02268754243099368,0.021728433052638513,0.021728433052638513,0.011374381089274133,0.01692993664482969,0.02783954661563523,0.02327956662938106
203,0.02268754243099368,0.021728433052638513,0.021728433052638513,0.019707714422607468,0.022485492200385242,0.017635464982982168,0.022248289410620202
210,0.02268754243099368,0.021728433052638513,0.021728433052638513,0.011374381089274133,0.014152158867051911,0.01423410443876448,0.022794259702905363
212,0.02268754243099368,0.021728433052638513,0.021728433052638513,0.019707714422607468,0.02526326997816302,0.017635464982982168,0.0214141681307401
223,0.02268754243099368,0.021728433052638513,0.021728433052638513,0.019707714422607468,0.02526326997816302,0.024438186071417543,0.021732650801239775
261,0.02268754243099368,0.021728433052638513,0.021728433052638513,0.0280410477559408,0.022485492200385242,0.01423410443876448,0.021747816642692142
272,0.02268754243099368,0.021728433052638513,0.021728433052638513,0.011374381089274133,0.019707714422607468,0.021036825527199855,0.022961083958881384
276,0.02268754243099368,0.021728433052638513,0.021728433052638513,0.019707714422607468,0.019707714422607468,0.021036825527199855,0.02158099238671612
280,0.02268754243099368,0.021728433052638513,0.021728433052638513,0.019707714422607468,0.022485492200385242,0.017635464982982168,0.022172460203358377
286,0.02268754243099368,0.021728433052638513,0.021728433052638513,0.0280410477559408,0.0280410477559408,0.031240907159852914,0.021641655752525583
319,0.02268754243099368,0.021728433052638513,0.021728433052638513,0.0280410477559408,0.019707714422607468,0.021036825527199855,0.021914640898668163
325,0.02268754243099368,0.021728433052638513,0.021728433052638513,0.019707714422607468,0.022485492200385242,0.02783954661563523,0.021732650801239775
327,0.02268754243099368,0.021728433052638513,0.021728433052638513,0.036374381089274134,0.02526326997816302,0.021036825527199855,0.021641655752525583
329,0.02268754243099368,0.021728433052638513,0.021728433052638513,0.036374381089274134,0.030818825533718577,0.017635464982982168,0.021535494862359023
342,0.02268754243099368,0.021728433052638513,0.021728433052638513,0.011374381089274133,0.02526326997816302,0.021036825527199855,0.02239994782514386
346,0.02268754243099368,0.021728433052638513,0.021728433052638513,0.019707714422607468,0.019707714422607468,0.017635464982982168,0.021975304264477625
355,0.02268754243099368,0.021728433052638513,0.021728433052638513,0.019707714422607468,0.03359660331149635,0.024438186071417543,0.021520329020906656
384,0.02268754243099368,0.021728433052638513,0.021728433052638513,0.036374381089274134,0.03359660331149635,0.021036825527199855,0.02144449981364483
385,0.02268754243099368,0.021728433052638513,0.021728433052638513,0.019707714422607468,0.02526326997816302,0.021036825527199855,0.02202080178883472
388,0.02268754243099368,0.021728433052638513,0.021728433052638513,0.011374381089274133,0.019707714422607468,0.031240907159852914,0.022945918117429014
404,0.02268754243099368,0.021728433052638513,0.021728433052638513,0.019707714422607468,0.019707714422607468,0.021036825527199855,0.02147483149654956
405,0.02268754243099368,0.021728433052638513,0.021728433052638513,0.019707714422607468,0.022485492200385242,0.021036825527199855,0.021565826545263754
412,0.02268754243099368,0.021728433052638513,0.021728433052638513,0.036374381089274134,0.03359660331149635,0.021036825527199855,0.02182364584995397
416,0.02268754243099368,0.021728433052638513,0.021728433052638513,0.011374381089274133,0.01692993664482969,0.017635464982982168,0.022642601288381706
421,0.02268754243099368,0.021728433052638513,0.021728433052638513,0.019707714422607468,0.019707714422607468,0.024438186071417543,0.022142128520453646
426,0.02268754243099368,0.021728433052638513,0.021728433052638513,0.011374381089274133,0.022485492200385242,0.021036825527199855,0.022597103764024608
446,0.02268754243099368,0.021728433052638513,0.021728433052638513,0.019707714422607468,0.022485492200385242,0.01423410443876448,0.021656821593977946
458,0.02268754243099368,0.021728433052638513,0.021728433052638513,0.019707714422607468,0.030818825533718577,0.017635464982982168,0.02211179683754891
466,0.02268754243099368,0.021728433052638513,0.021728433052638513,0.019707714422607468,0.022485492200385242,0.010832743894546793,0.021899475057215796
493,0.02268754243099368,0.021728433052638513,0.021728433052638513,0.019707714422607468,0.01692993664482969,0.01423410443876448,0.02182364584995397
494,0.02268754243099368,0.021728433052638513,0.021728433052638513,0.036374381089274134,0.02526326997816302,0.017635464982982168,0.02144449981364483
515,0.02268754243099368,0.021728433052638513,0.021728433052638513,0.036374381089274134,0.022485492200385242,0.02783954661563523,0.021399002289287733
518,0.02268754243099368,0.021728433052638513,0.021728433052638513,0.0280410477559408,0.019707714422607468,0.021036825527199855,0.021399002289287733
520,0.02268754243099368,0.021728433052638513,0.021728433052638513,0.036374381089274134,0.022485492200385242,0.031240907159852914,0.021565826545263754
521,0.02268754243099368,0.021728433052638513,0.021728433052638513,0.019707714422607468,0.019707714422607468,0.017635464982982168,0.021459665655097198
528,0.02268754243099368,0.021728433052638513,0.021728433052638513,0.019707714422607468,0.0280410477559408,0.021036825527199855,0.0214141681307401
554,0.02268754243099368,0.021728433052638513,0.021728433052638513,0.0280410477559408,0.0280410477559408,0.03804362824828829,0.021459665655097198
574,0.02268754243099368,0.021728433052638513,0.021728433052638513,0.0280410477559408,0.02526326997816302,0.031240907159852914,0.021944972581572894
587,0.02268754243099368,0.021728433052638513,0.021728433052638513,0.0280410477559408,0.022485492200385242,0.021036825527199855,0.02158099238671612
598,0.02268754243099368,0.021728433052638513,0.021728433052638513,0.011374381089274133,0.01692993664482969,0.024438186071417543,0.022945918117429014
608,0.02268754243099368,0.021728433052638513,0.021728433052638513,0.019707714422607468,0.019707714422607468,0.01423410443876448,0.022187626044810744
638,0.02268754243099368,0.021728433052638513,0.021728433052638513,0.036374381089274134,0.03359660331149635,0.021036825527199855,0.021429333972192464
639,0.02268754243099368,0.021728433052638513,0.021728433052638513,0.019707714422607468,0.01692993664482969,0.021036825527199855,0.021838811691406335
643,0.02268754243099368,0.021728433052638513,0.021728433052638513,0.0280410477559408,0.019707714422607468,0.031240907159852914,0.02148999733800193
650,0.02268754243099368,0.021728433052638513,0.021728433052638513,0.019707714422607468,0.019707714422607468,0.017635464982982168,0.021429333972192464
673,0.02268754243099368,0.021728433052638513,0.021728433052638513,0.011374381089274133,0.01692993664482969,0.01423410443876448,0.02253644039821515
674,0.02268754243099368,0.021728433052638513,0.021728433052638513,0.019707714422607468,0.01692993664482969,0.017635464982982168,0.022035967630287086
721,0.02268754243099368,0.021728433052638513,0.021728433052638513,0.011374381089274133,0.022485492200385242,0.024438186071417543,0.02327956662938106
723,0.02268754243099368,0.021728433052638513,0.021728433052638513,0.019707714422607468,0.01692993664482969,0.024438186071417543,0.021899475057215796
725,0.02268754243099368,0.021728433052638513,0.021728433052638513,0.019707714422607468,0.019707714422607468,0.01423410443876448,0.021429333972192464
732,0.02268754243099368,0.021728433052638513,0.021728433052638513,0.011374381089274133,0.022485492200385242,0.024438186071417543,0.022308952776429667
737,0.02268754243099368,0.021728433052638513,0.021728433052638513,0.019707714422607468,0.022485492200385242,0.017635464982982168,0.022172460203358377
744,0.02268754243099368,0.021728433052638513,0.021728433052638513,0.019707714422607468,0.01692993664482969,0.021036825527199855,0.021929806740120527
753,0.02268754243099368,0.021728433052638513,0.021728433052638513,0.036374381089274134,0.0280410477559408,0.017635464982982168,0.021838811691406335
757,0.02268754243099368,0.021728433052638513,0.021728433052638513,0.011374381089274133,0.01692993664482969,0.021036825527199855,0.0222937869349773
763,0.02268754243099368,0.021728433052638513,0.021728433052638513,0.019707714422607468,0.019707714422607468,0.010832743894546793,0.022005635947382356
777,0.02268754243099368,0.021728433052638513,0.021728433052638513,0.0280410477559408,0.019707714422607468,0.02783954661563523,0.02202080178883472
786,0.02268754243099368,0.021728433052638513,0.021728433052638513,0.019707714422607468,0.02526326997816302,0.017635464982982168,0.021869143374311065
790,0.02268754243099368,0.021728433052638513,0.021728433052638513,0.036374381089274134,0.022485492200385242,0.021036825527199855,0.02144449981364483
796,0.02268754243099368,0.021728433052638513,0.021728433052638513,0.019707714422607468,0.02526326997816302,0.021036825527199855,0.021838811691406335
798,0.02268754243099368,0.021728433052638513,0.021728433052638513,0.011374381089274133,0.01692993664482969,0.017635464982982168,0.023082410690500304
803,0.02268754243099368,0.021728433052638513,0.021728433052638513,0.011374381089274133,0.01692993664482969,0.021036825527199855,0.022809425544357727
818,0.02268754243099368,0.021728433052638513,0.021728433052638513,0.011374381089274133,0.01692993664482969,0.02783954661563523,0.022642601288381706
822,0.02268754243099368,0.021728433052638513,0.021728433052638513,0.011374381089274133,0.01692993664482969,0.024438186071417543,0.022976249800333748
842,0.02268754243099368,0.021728433052638513,0.021728433052638513,0.0280410477559408,0.02526326997816302,0.01423410443876448,0.021975304264477625
855,0.02268754243099368,0.021728433052638513,0.021728433052638513,0.019707714422607468,0.022485492200385242,0.017635464982982168,0.021565826545263754
872,0.02268754243099368,0.021728433052638513,0.021728433052638513,0.019707714422607468,0.0280410477559408,0.021036825527199855,0.021611324069620852
912,0.02268754243099368,0.021728433052638513,0.021728433052638513,0.011374381089274133,0.01692993664482969,0.021036825527199855,0.02276392802000063
919,0.02268754243099368,0.021728433052638513,0.021728433052638513,0.036374381089274134,0.022485492200385242,0.017635464982982168,0.02168715327688268
922,0.02268754243099368,0.021728433052638513,0.021728433052638513,0.0280410477559408,0.01692993664482969,0.021036825527199855,0.02147483149654956
925,0.02268754243099368,0.021728433052638513,0.021728433052638513,0.011374381089274133,0.014152158867051911,0.017635464982982168,0.02367387850714256
953,0.02268754243099368,0.021728433052638513,0.021728433052638513,0.019707714422607468,0.01692993664482969,0.021036825527199855,0.02196013842302526
988,0.02268754243099368,0.021728433052638513,0.021728433052638513,0.011374381089274133,0.019707714422607468,0.017635464982982168,0.0222937869349773
015,0.022649615755898862,0.02109632180105824,0.02109632180105824,0.0280410477559408,0.022485492200385242,0.017635464982982168,0.02158099238671612
016,0.022649615755898862,0.02109632180105824,0.02109632180105824,0.019707714422607468,0.019707714422607468,0.034642267704070605,0.022096630996096548
018,0.022649615755898862,0.02109632180105824,0.02109632180105824,0.0280410477559408,0.01692993664482969,0.02783954661563523,0.021565826545263754
039,0.022649615755898862,0.02109632180105824,0.02109632180105824,0.011374381089274133,0.011374381089274133,0.02783954661563523,0.02411368790926116
048,0.022649615755898862,0.02109632180105824,0.02109632180105824,0.019707714422607468,0.019707714422607468,0.021036825527199855,0.021520329020906656
058,0.022649615755898862,0.02109632180105824,0.02109632180105824,0.019707714422607468,0.0280410477559408,0.021036825527199855,0.022066299313191817
078,0.022649615755898862,0.02109632180105824,0.02109632180105824,0.011374381089274133,0.01692993664482969,0.02783954661563523,0.0240075270190946
083,0.022649615755898862,0.02109632180105824,0.02109632180105824,0.019707714422607468,0.030818825533718577,0.017635464982982168,0.022005635947382356
084,0.022649615755898862,0.02109632180105824,0.02109632180105824,0.0280410477559408,0.0280410477559408,0.031240907159852914,0.021929806740120527
101,0.022649615755898862,0.02109632180105824,0.02109632180105824,0.011374381089274133,0.01692993664482969,0.021036825527199855,0.022597103764024608
103,0.022649615755898862,0.02109632180105824,0.02109632180105824,0.0280410477559408,0.0280410477559408,0.024438186071417543,0.021626489911073216
107,0.022649615755898862,0.02109632180105824,0.02109632180105824,0.019707714422607468,0.019707714422607468,0.031240907159852914,0.021399002289287733
120,0.022649615755898862,0.02109632180105824,0.02109632180105824,0.036374381089274134,0.030818825533718577,0.017635464982982168,0.02159615822816849
128,0.022649615755898862,0.02109632180105824,0.02109632180105824,0.019707714422607468,0.022485492200385242,0.021036825527199855,0.021944972581572894
141,0.022649615755898862,0.02109632180105824,0.02109632180105824,0.019707714422607468,0.022485492200385242,0.01423410443876448,0.02196013842302526
145,0.022649615755898862,0.02109632180105824,0.02109632180105824,0.011374381089274133,0.014152158867051911,0.024438186071417543,0.023234069105023965
170,0.022649615755898862,0.02109632180105824,0.02109632180105824,0.036374381089274134,0.019707714422607468,0.01423410443876448,0.021929806740120527
192,0.022649615755898862,0.02109632180105824,0.02109632180105824,0.011374381089274133,0.022485492200385242,0.010832743894546793,0.022475777032405685
199,0.022649615755898862,0.02109632180105824,0.02109632180105824,0.011374381089274133,0.014152158867051911,0.02783954661563523,0.02253644039821515
209,0.022649615755898862,0.02109632180105824,0.02109632180105824,0.011374381089274133,0.019707714422607468,0.010832743894546793,0.022718430495643534
214,0.022649615755898862,0.02109632180105824,0.02109632180105824,0.019707714422607468,0.030818825533718577,0.017635464982982168,0.02196013842302526
226,0.022649615755898862,0.02109632180105824,0.02109632180105824,0.019707714422607468,0.01692993664482969,0.01423410443876448,0.02138383644783537
232,0.022649615755898862,0.02109632180105824,0.02109632180105824,0.0280410477559408,0.02526326997816302,0.021036825527199855,0.021975304264477625
237,0.022649615755898862,0.02109632180105824,0.02109632180105824,0.0280410477559408,0.02526326997816302,0.02783954661563523,0.021869143374311065
258,0.022649615755898862,0.02109632180105824,0.02109632180105824,0.011374381089274133,0.01692993664482969,0.024438186071417543,0.022612269605476975
281,0.022649615755898862,0.02109632180105824,0.02109632180105824,0.019707714422607468,0.02526326997816302,0.017635464982982168,0.022202791886263108
285,0.022649615755898862,0.02109632180105824,0.02109632180105824,0.011374381089274133,0.014152158867051911,0.01423410443876448,0.022642601288381706
290,0.022649615755898862,0.02109632180105824,0.02109632180105824,0.0280410477559408,0.0280410477559408,0.02783954661563523,0.021838811691406335
337,0.022649615755898862,0.02109632180105824,0.02109632180105824,0.019707714422607468,0.019707714422607468,0.034642267704070605,0.021944972581572894
347,0.022649615755898862,0.02109632180105824,0.02109632180105824,0.011374381089274133,0.011374381089274133,0.021036825527199855,0.02411368790926116
350,0.022649615755898862,0.02109632180105824,0.02109632180105824,0.036374381089274134,0.022485492200385242,0.017635464982982168,0.02168715327688268
361,0.022649615755898862,0.02109632180105824,0.02109632180105824,0.036374381089274134,0.0280410477559408,0.017635464982982168,0.02138383644783537
364,0.022649615755898862,0.02109632180105824,0.02109632180105824,0.019707714422607468,0.0280410477559408,0.024438186071417543,0.022051133471739454
366,0.022649615755898862,0.02109632180105824,0.02109632180105824,0.019707714422607468,0.0280410477559408,0.021036825527199855,0.022142128520453646
376,0.022649615755898862,0.02109632180105824,0.02109632180105824,0.019707714422607468,0.019707714422607468,0.024438186071417543,0.022172460203358377
410,0.022649615755898862,0.02109632180105824,0.02109632180105824,0.019707714422607468,0.022485492200385242,0.021036825527199855,0.022035967630287086
433,0.022649615755898862,0.02109632180105824,0.02109632180105824,0.019707714422607468,0.014152158867051911,0.02783954661563523,0.021535494862359023
448,0.022649615755898862,0.02109632180105824,0.02109632180105824,0.0280410477559408,0.019707714422607468,0.021036825527199855,0.021762982484144506
464,0.022649615755898862,0.02109632180105824,0.02109632180105824,0.036374381089274134,0.0280410477559408,0.021036825527199855,0.02158099238671612
467,0.022649615755898862,0.02109632180105824,0.02109632180105824,0.019707714422607468,0.01692993664482969,0.024438186071417543,0.02171748495978741
476,0.022649615755898862,0.02109632180105824,0.02109632180105824,0.019707714422607468,0.019707714422607468,0.02783954661563523,0.021702319118335044
479,0.022649615755898862,0.02109632180105824,0.02109632180105824,0.019707714422607468,0.02526326997816302,0.021036825527199855,0.021671987435430314
480,0.022649615755898862,0.02109632180105824,0.02109632180105824,0.011374381089274133,0.014152158867051911,0.024438186071417543,0.022718430495643534
483,0.022649615755898862,0.02109632180105824,0.02109632180105824,0.019707714422607468,0.02526326997816302,0.024438186071417543,0.021626489911073216
496,0.022649615755898862,0.02109632180105824,0.02109632180105824,0.019707714422607468,0.014152158867051911,0.017635464982982168,0.02182364584995397
498,0.022649615755898862,0.02109632180105824,0.02109632180105824,0.019707714422607468,0.02526326997816302,0.021036825527199855,0.021747816642692142
500,0.022649615755898862,0.02109632180105824,0.02109632180105824,0.019707714422607468,0.01692993664482969,0.021036825527199855,0.022081465154644184
507,0.022649615755898862,0.02109632180105824,0.02109632180105824,0.019707714422607468,0.022485492200385242,0.024438186071417543,0.021929806740120527
516,0.022649615755898862,0.02109632180105824,0.02109632180105824,0.019707714422607468,0.019707714422607468,0.021036825527199855,0.02144449981364483
529,0.022649615755898862,0.02109632180105824,0.02109632180105824,0.019707714422607468,0.014152158867051911,0.017635464982982168,0.021869143374311065
530,0.022649615755898862,0.02109632180105824,0.02109632180105824,0.019707714422607468,0.019707714422607468,0.021036825527199855,0.021702319118335044
531,0.022649615755898862,0.02109632180105824,0.02109632180105824,0.019707714422607468,0.02526326997816302,0.031240907159852914,0.022172460203358377
571,0.022649615755898862,0.02109632180105824,0.02109632180105824,0.011374381089274133,0.0280410477559408,0.024438186071417543,0.022612269605476975
575,0.022649615755898862,0.02109632180105824,0.02109632180105824,0.019707714422607468,0.01692993664482969,0.024438186071417543,0.021869143374311065
580,0.022649615755898862,0.02109632180105824,0.02109632180105824,0.019707714422607468,0.022485492200385242,0.017635464982982168,0.021565826545263754
581,0.022649615755898862,0.02109632180105824,0.02109632180105824,0.019707714422607468,0.01692993664482969,0.02783954661563523,0.022096630996096548
591,0.022649615755898862,0.02109632180105824,0.02109632180105824,0.011374381089274133,0.019707714422607468,0.01423410443876448,0.022976249800333748
593,0.022649615755898862,0.02109632180105824,0.02109632180105824,0.0280410477559408,0.02526326997816302,0.017635464982982168,0.021626489911073216
604,0.022649615755898862,0.02109632180105824,0.02109632180105824,0.019707714422607468,0.01692993664482969,0.024438186071417543,0.022172460203358377
607,0.022649615755898862,0.02109632180105824,0.02109632180105824,0.019707714422607468,0.01692993664482969,0.017635464982982168,0.02138383644783537
611,0.022649615755898862,0.02109632180105824,0.02109632180105824,0.019707714422607468,0.0280410477559408,0.02783954661563523,0.02138383644783537
622,0.022649615755898862,0.02109632180105824,0.02109632180105824,0.0530410477559408,0.0280410477559408,0.021036825527199855,0.02144449981364483
635,0.022649615755898862,0.02109632180105824,0.02109632180105824,0.044707714422607465,0.02526326997816302,0.024438186071417543,0.02148999733800193
644,0.022649615755898862,0.02109632180105824,0.02109632180105824,0.019707714422607468,0.019707714422607468,0.024438186071417543,0.02158099238671612
646,0.022649615755898862,0.02109632180105824,0.02109632180105824,0.019707714422607468,0.030818825533718577,0.021036825527199855,0.021838811691406335
655,0.022649615755898862,0.02109632180105824,0.02109632180105824,0.019707714422607468,0.01692993664482969,0.01423410443876448,0.02138383644783537
660,0.022649615755898862,0.02109632180105824,0.02109632180105824,0.036374381089274134,0.030818825533718577,0.021036825527199855,0.02211179683754891
678,0.022649615755898862,0.02109632180105824,0.02109632180105824,0.019707714422607468,0.02526326997816302,0.017635464982982168,0.022187626044810744
701,0.022649615755898862,0.02109632180105824,0.02109632180105824,0.019707714422607468,0.014152158867051911,0.01423410443876448,0.02226345525207257
702,0.022649615755898862,0.02109632180105824,0.02109632180105824,0.0280410477559408,0.02526326997816302,0.02783954661563523,0.02138383644783537
708,0.022649615755898862,0.02109632180105824,0.02109632180105824,0.019707714422607468,0.03359660331149635,0.021036825527199855,0.021429333972192464
739,0.022649615755898862,0.02109632180105824,0.02109632180105824,0.036374381089274134,0.022485492200385242,0.024438186071417543,0.021778148325596873
743,0.022649615755898862,0.02109632180105824,0.02109632180105824,0.019707714422607468,0.022485492200385242,0.02783954661563523,0.02147483149654956
831,0.022649615755898862,0.02109632180105824,0.02109632180105824,0.019707714422607468,0.0280410477559408,0.021036825527199855,0.02221795772771547
837,0.022649615755898862,0.02109632180105824,0.02109632180105824,0.011374381089274133,0.01692993664482969,0.021036825527199855,0.023916531970380406
843,0.022649615755898862,0.02109632180105824,0.02109632180105824,0.0280410477559408,0.022485492200385242,0.021036825527199855,0.021399002289287733
845,0.022649615755898862,0.02109632180105824,0.02109632180105824,0.019707714422607468,0.022485492200385242,0.017635464982982168,0.022187626044810744
849,0.022649615755898862,0.02109632180105824,0.02109632180105824,0.0280410477559408,0.019707714422607468,0.021036825527199855,0.021611324069620852
861,0.022649615755898862,0.02109632180105824,0.02109632180105824,0.011374381089274133,0.022485492200385242,0.01423410443876448,0.022384781983691492
865,0.022649615755898862,0.02109632180105824,0.02109632180105824,0.011374381089274133,0.022485492200385242,0.017635464982982168,0.02267293297128644
885,0.022649615755898862,0.02109632180105824,0.02109632180105824,0.019707714422607468,0.019707714422607468,0.024438186071417543,0.02199047010592999
896,0.022649615755898862,0.02109632180105824,0.02109632180105824,0.011374381089274133,0.019707714422607468,0.017635464982982168,0.022521274556762783
901,0.022649615755898862,0.02109632180105824,0.02109632180105824,0.019707714422607468,0.022485492200385242,0.017635464982982168,0.022278621093524936
907,0.022649615755898862,0.02109632180105824,0.02109632180105824,0.011374381089274133,0.02526326997816302,0.021036825527199855,0.022475777032405685
911,0.022649615755898862,0.02109632180105824,0.02109632180105824,0.036374381089274134,0.02526326997816302,0.01423410443876448,0.02148999733800193
934,0.022649615755898862,0.02109632180105824,0.02109632180105824,0.036374381089274134,0.036374381089274134,0.01423410443876448,0.02147483149654956
944,0.022649615755898862,0.02109632180105824,0.02109632180105824,0.019707714422607468,0.01692993664482969,0.034642267704070605,0.021565826545263754
971,0.022649615755898862,0.02109632180105824,0.02109632180105824,0.011374381089274133,0.01692993664482969,0.024438186071417543,0.023097576531952674
973,0.022649615755898862,0.02109632180105824,0.02109632180105824,0.019707714422607468,0.02526326997816302,0.02783954661563523,0.02221795772771547
976,0.022649615755898862,0.02109632180105824,0.02109632180105824,0.019707714422607468,0.02526326997816302,0.021036825527199855,0.02188430921576343
985,0.022649615755898862,0.02109632180105824,0.02109632180105824,0.019707714422607468,0.02526326997816302,0.021036825527199855,0.021505163179454292
995,0.022649615755898862,0.02109632180105824,0.02109632180105824,0.011374381089274133,0.014152158867051911,0.01423410443876448,0.02353738593407127
007,0.02261168908080405,0.02046421054947796,0.02046421054947796,0.011374381089274133,0.019707714422607468,0.017635464982982168,0.02293075227597665
011,0.02261168908080405,0.02046421054947796,0.02046421054947796,0.036374381089274134,0.022485492200385242,0.024438186071417543,0.02148999733800193
061,0.02261168908080405,0.02046421054947796,0.02046421054947796,0.044707714422607465,0.030818825533718577,0.017635464982982168,0.02171748495978741
066,0.02261168908080405,0.02046421054947796,0.02046421054947796,0.019707714422607468,0.02526326997816302,0.017635464982982168,0.02138383644783537
070,0.02261168908080405,0.02046421054947796,0.02046421054947796,0.044707714422607465,0.02526326997816302,0.024438186071417543,0.02148999733800193
072,0.02261168908080405,0.02046421054947796,0.02046421054947796,0.0280410477559408,0.019707714422607468,0.017635464982982168,0.02148999733800193
094,0.02261168908080405,0.02046421054947796,0.02046421054947796,0.011374381089274133,0.019707714422607468,0.017635464982982168,0.022445445349500954
137,0.02261168908080405,0.02046421054947796,0.02046421054947796,0.0280410477559408,0.0280410477559408,0.01423410443876448,0.02188430921576343
142,0.02261168908080405,0.02046421054947796,0.02046421054947796,0.0280410477559408,0.019707714422607468,0.021036825527199855,0.021702319118335044
148,0.02261168908080405,0.02046421054947796,0.02046421054947796,0.011374381089274133,0.03359660331149635,0.021036825527199855,0.02246061119095332
171,0.02261168908080405,0.02046421054947796,0.02046421054947796,0.019707714422607468,0.022485492200385242,0.024438186071417543,0.02196013842302526
207,0.02261168908080405,0.02046421054947796,0.02046421054947796,0.019707714422607468,0.019707714422607468,0.031240907159852914,0.021747816642692142
211,0.02261168908080405,0.02046421054947796,0.02046421054947796,0.019707714422607468,0.019707714422607468,0.021036825527199855,0.021702319118335044
218,0.02261168908080405,0.02046421054947796,0.02046421054947796,0.019707714422607468,0.019707714422607468,0.031240907159852914,0.022202791886263108
230,0.02261168908080405,0.02046421054947796,0.02046421054947796,0.0280410477559408,0.022485492200385242,0.024438186071417543,0.021975304264477625
234,0.02261168908080405,0.02046421054947796,0.02046421054947796,0.011374381089274133,0.01692993664482969,0.021036825527199855,0.023112742373405038
241,0.02261168908080405,0.02046421054947796,0.02046421054947796,0.019707714422607468,0.02526326997816302,0.021036825527199855,0.021732650801239775
245,0.02261168908080405,0.02046421054947796,0.02046421054947796,0.011374381089274133,0.0280410477559408,0.031240907159852914,0.0222937869349773
282,0.02261168908080405,0.02046421054947796,0.02046421054947796,0.011374381089274133,0.01692993664482969,0.017635464982982168,0.02232411861788203
284,0.02261168908080405,0.02046421054947796,0.02046421054947796,0.0280410477559408,0.022485492200385242,0.017635464982982168,0.021914640898668163
288,0.02261168908080405,0.02046421054947796,0.02046421054947796,0.011374381089274133,0.01692993664482969,0.017635464982982168,0.022339284459334394
295,0.02261168908080405,0.02046421054947796,0.02046421054947796,0.019707714422607468,0.019707714422607468,0.017635464982982168,0.022248289410620202
303,0.02261168908080405,0.02046421054947796,0.02046421054947796,0.011374381089274133,0.019707714422607468,0.021036825527199855,0.022703264654191167
320,0.02261168908080405,0.02046421054947796,0.02046421054947796,0.011374381089274133,0.01692993664482969,0.01423410443876448,0.022703264654191167
334,0.02261168908080405,0.02046421054947796,0.02046421054947796,0.019707714422607468,0.01692993664482969,0.021036825527199855,0.021505163179454292
386,0.02261168908080405,0.02046421054947796,0.02046421054947796,0.011374381089274133,0.011374381089274133,0.017635464982982168,0.02411368790926116
401,0.02261168908080405,0.02046421054947796,0.02046421054947796,0.019707714422607468,0.02526326997816302,0.021036825527199855,0.022081465154644184
408,0.02261168908080405,0.02046421054947796,0.02046421054947796,0.019707714422607468,0.022485492200385242,0.010832743894546793,0.021535494862359023
420,0.02261168908080405,0.02046421054947796,0.02046421054947796,0.0280410477559408,0.01692993664482969,0.021036825527199855,0.02148999733800193
425,0.02261168908080405,0.02046421054947796,0.02046421054947796,0.019707714422607468,0.022485492200385242,0.021036825527199855,0.022081465154644184
455,0.02261168908080405,0.02046421054947796,0.02046421054947796,0.0280410477559408,0.02526326997816302,0.021036825527199855,0.021747816642692142
457,0.02261168908080405,0.02046421054947796,0.02046421054947796,0.019707714422607468,0.019707714422607468,0.021036825527199855,0.021762982484144506
487,0.02261168908080405,0.02046421054947796,0.02046421054947796,0.011374381089274133,0.022485492200385242,0.024438186071417543,0.022794259702905363
497,0.02261168908080405,0.02046421054947796,0.02046421054947796,0.0280410477559408,0.019707714422607468,0.02783954661563523,0.02159615822816849
505,0.02261168908080405,0.02046421054947796,0.02046421054947796,0.0280410477559408,0.019707714422607468,0.021036825527199855,0.021793314167049237
514,0.02261168908080405,0.02046421054947796,0.02046421054947796,0.019707714422607468,0.0280410477559408,0.021036825527199855,0.021535494862359023
534,0.02261168908080405,0.02046421054947796,0.02046421054947796,0.011374381089274133,0.01692993664482969,0.017635464982982168,0.023658712665690196
535,0.02261168908080405,0.02046421054947796,0.02046421054947796,0.011374381089274133,0.01692993664482969,0.01423410443876448,0.022915586434524286
538,0.02261168908080405,0.02046421054947796,0.02046421054947796,0.011374381089274133,0.01692993664482969,0.017635464982982168,0.023689044348594923
550,0.02261168908080405,0.02046421054947796,0.02046421054947796,0.0280410477559408,0.022485492200385242,0.021036825527199855,0.021611324069620852
590,0.02261168908080405,0.02046421054947796,0.02046421054947796,0.0280410477559408,0.019707714422607468,0.017635464982982168,0.021459665655097198
637,0.02261168908080405,0.02046421054947796,0.02046421054947796,0.036374381089274134,0.02526326997816302,0.017635464982982168,0.021429333972192464
640,0.02261168908080405,0.02046421054947796,0.02046421054947796,0.0280410477559408,0.022485492200385242,0.017635464982982168,0.022081465154644184
699,0.02261168908080405,0.02046421054947796,0.02046421054947796,0.036374381089274134,0.030818825533718577,0.024438186071417543,0.02147483149654956
722,0.02261168908080405,0.02046421054947796,0.02046421054947796,0.011374381089274133,0.019707714422607468,0.01423410443876448,0.02232411861788203
750,0.02261168908080405,0.02046421054947796,0.02046421054947796,0.011374381089274133,0.014152158867051911,0.021036825527199855,0.023461556726809447
759,0.02261168908080405,0.02046421054947796,0.02046421054947796,0.019707714422607468,0.022485492200385242,0.017635464982982168,0.02147483149654956
771,0.02261168908080405,0.02046421054947796,0.02046421054947796,0.0280410477559408,0.019707714422607468,0.021036825527199855,0.022172460203358377
825,0.02261168908080405,0.02046421054947796,0.02046421054947796,0.011374381089274133,0.01692993664482969,0.017635464982982168,0.02232411861788203
826,0.02261168908080405,0.02046421054947796,0.02046421054947796,0.019707714422607468,0.019707714422607468,0.024438186071417543,0.021929806740120527
834,0.02261168908080405,0.02046421054947796,0.02046421054947796,0.0280410477559408,0.022485492200385242,0.024438186071417543,0.02155066070381139
838,0.02261168908080405,0.02046421054947796,0.02046421054947796,0.019707714422607468,0.022485492200385242,0.021036825527199855,0.02226345525207257
846,0.02261168908080405,0.02046421054947796,0.02046421054947796,0.019707714422607468,0.01692993664482969,0.017635464982982168,0.022142128520453646
863,0.02261168908080405,0.02046421054947796,0.02046421054947796,0.0280410477559408,0.022485492200385242,0.021036825527199855,0.021611324069620852
884,0.02261168908080405,0.02046421054947796,0.02046421054947796,0.036374381089274134,0.0280410477559408,0.010832743894546793,0.021429333972192464
926,0.02261168908080405,0.02046421054947796,0.02046421054947796,0.019707714422607468,0.01692993664482969,0.024438186071417543,0.021914640898668163
940,0.02261168908080405,0.02046421054947796,0.02046421054947796,0.0280410477559408,0.01692993664482969,0.021036825527199855,0.021565826545263754
984,0.02261168908080405,0.02046421054947796,0.02046421054947796,0.019707714422607468,0.022485492200385242,0.02783954661563523,0.021975304264477625
002,0.02257376240570923,0.01983209929789768,0.01983209929789768,0.011374381089274133,0.01692993664482969,0.017635464982982168,0.022794259702905363
027,0.02257376240570923,0.01983209929789768,0.01983209929789768,0.0280410477559408,0.01692993664482969,0.021036825527199855,0.02155066070381139
037,0.02257376240570923,0.01983209929789768,0.01983209929789768,0.019707714422607468,0.01692993664482969,0.01423410443876448,0.022005635947382356
056,0.02257376240570923,0.01983209929789768,0.01983209929789768,0.019707714422607468,0.014152158867051911,0.017635464982982168,0.022066299313191817
060,0.02257376240570923,0.01983209929789768,0.01983209929789768,0.019707714422607468,0.01692993664482969,0.017635464982982168,0.02168715327688268
062,0.02257376240570923,0.01983209929789768,0.01983209929789768,0.019707714422607468,0.019707714422607468,0.01423410443876448,0.0218539775328587
069,0.02257376240570923,0.01983209929789768,0.01983209929789768,0.011374381089274133,0.019707714422607468,0.021036825527199855,0.022915586434524286
077,0.02257376240570923,0.01983209929789768,0.01983209929789768,0.044707714422607465,0.022485492200385242,0.017635464982982168,0.02148999733800193
095,0.02257376240570923,0.01983209929789768,0.01983209929789768,0.019707714422607468,0.01692993664482969,0.021036825527199855,0.02171748495978741
118,0.02257376240570923,0.01983209929789768,0.01983209929789768,0.019707714422607468,0.02526326997816302,0.017635464982982168,0.021702319118335044
122,0.02257376240570923,0.01983209929789768,0.01983209929789768,0.011374381089274133,0.01692993664482969,0.01423410443876448,0.02381037108021385
167,0.02257376240570923,0.01983209929789768,0.01983209929789768,0.019707714422607468,0.022485492200385242,0.010832743894546793,0.02168715327688268
181,0.02257376240570923,0.01983209929789768,0.01983209929789768,0.0280410477559408,0.019707714422607468,0.017635464982982168,0.02158099238671612
182,0.02257376240570923,0.01983209929789768,0.01983209929789768,0.019707714422607468,0.014152158867051911,0.021036825527199855,0.021899475057215796
185,0.02257376240570923,0.01983209929789768,0.01983209929789768,0.019707714422607468,0.02526326997816302,0.017635464982982168,0.02211179683754891
193,0.02257376240570923,0.01983209929789768,0.01983209929789768,0.0280410477559408,0.022485492200385242,0.021036825527199855,0.022142128520453646
220,0.02257376240570923,0.01983209929789768,0.01983209929789768,0.019707714422607468,0.01692993664482969,0.01423410443876448,0.021611324069620852
222,0.02257376240570923,0.01983209929789768,0.01983209929789768,0.019707714422607468,0.01692993664482969,0.021036825527199855,0.022187626044810744
247,0.02257376240570923,0.01983209929789768,0.01983209929789768,0.0280410477559408,0.022485492200385242,0.021036825527199855,0.021732650801239775
293,0.02257376240570923,0.01983209929789768,0.01983209929789768,0.019707714422607468,0.022485492200385242,0.021036825527199855,0.0214141681307401
324,0.02257376240570923,0.01983209929789768,0.01983209929789768,0.019707714422607468,0.019707714422607468,0.024438186071417543,0.02188430921576343
328,0.02257376240570923,0.01983209929789768,0.01983209929789768,0.019707714422607468,0.019707714422607468,0.01423410443876448,0.02215729436190601
345,0.02257376240570923,0.01983209929789768,0.01983209929789768,0.019707714422607468,0.022485492200385242,0.024438186071417543,0.021611324069620852
357,0.02257376240570923,0.01983209929789768,0.01983209929789768,0.019707714422607468,0.0280410477559408,0.024438186071417543,0.02188430921576343
378,0.02257376240570923,0.01983209929789768,0.01983209929789768,0.011374381089274133,0.019707714422607468,0.024438186071417543,0.02256677208111988
387,0.02257376240570923,0.01983209929789768,0.01983209929789768,0.011374381089274133,0.019707714422607468,0.021036825527199855,0.022308952776429667
418,0.02257376240570923,0.01983209929789768,0.01983209929789768,0.0280410477559408,0.02526326997816302,0.017635464982982168,0.021702319118335044
440,0.02257376240570923,0.01983209929789768,0.01983209929789768,0.0280410477559408,0.02526326997816302,0.024438186071417543,0.021459665655097198
469,0.02257376240570923,0.01983209929789768,0.01983209929789768,0.019707714422607468,0.01692993664482969,0.02783954661563523,0.022066299313191817
486,0.02257376240570923,0.01983209929789768,0.01983209929789768,0.019707714422607468,0.014152158867051911,0.017635464982982168,0.021611324069620852
499,0.02257376240570923,0.01983209929789768,0.01983209929789768,0.011374381089274133,0.019707714422607468,0.031240907159852914,0.022308952776429667
504,0.02257376240570923,0.01983209929789768,0.01983209929789768,0.036374381089274134,0.019707714422607468,0.01423410443876448,0.02168715327688268
524,0.02257376240570923,0.01983209929789768,0.01983209929789768,0.019707714422607468,0.019707714422607468,0.024438186071417543,0.02199047010592999
527,0.02257376240570923,0.01983209929789768,0.01983209929789768,0.019707714422607468,0.019707714422607468,0.024438186071417543,0.022248289410620202
537,0.02257376240570923,0.01983209929789768,0.01983209929789768,0.0280410477559408,0.030818825533718577,0.031240907159852914,0.022096630996096548
541,0.02257376240570923,0.01983209929789768,0.01983209929789768,0.011374381089274133,0.011374381089274133,0.017635464982982168,0.02411368790926116
548,0.02257376240570923,0.01983209929789768,0.01983209929789768,0.011374381089274133,0.01692993664482969,0.017635464982982168,0.022597103764024608
551,0.02257376240570923,0.01983209929789768,0.01983209929789768,0.0280410477559408,0.0280410477559408,0.021036825527199855,0.0214141681307401
552,0.02257376240570923,0.01983209929789768,0.01983209929789768,0.011374381089274133,0.022485492200385242,0.01423410443876448,0.02355255177552364
600,0.02257376240570923,0.01983209929789768,0.01983209929789768,0.011374381089274133,0.014152158867051911,0.02783954661563523,0.023795205238761486
613,0.02257376240570923,0.01983209929789768,0.01983209929789768,0.0280410477559408,0.03359660331149635,0.021036825527199855,0.021914640898668163
626,0.02257376240570923,0.01983209929789768,0.01983209929789768,0.019707714422607468,0.01692993664482969,0.02783954661563523,0.022081465154644184
656,0.02257376240570923,0.01983209929789768,0.01983209929789768,0.011374381089274133,0.022485492200385242,0.017635464982982168,0.022915586434524286
670,0.02257376240570923,0.01983209929789768,0.01983209929789768,0.011374381089274133,0.019707714422607468,0.024438186071417543,0.022415113666596223
677,0.02257376240570923,0.01983209929789768,0.01983209929789768,0.011374381089274133,0.019707714422607468,0.021036825527199855,0.023052079007595577
680,0.02257376240570923,0.01983209929789768,0.01983209929789768,0.011374381089274133,0.019707714422607468,0.021036825527199855,0.0222937869349773
685,0.02257376240570923,0.01983209929789768,0.01983209929789768,0.019707714422607468,0.019707714422607468,0.01423410443876448,0.022051133471739454
706,0.02257376240570923,0.01983209929789768,0.01983209929789768,0.019707714422607468,0.022485492200385242,0.021036825527199855,0.02168715327688268
719,0.02257376240570923,0.01983209929789768,0.01983209929789768,0.0280410477559408,0.01692993664482969,0.021036825527199855,0.021869143374311065
767,0.02257376240570923,0.01983209929789768,0.01983209929789768,0.044707714422607465,0.030818825533718577,0.024438186071417543,0.02144449981364483
830,0.02257376240570923,0.01983209929789768,0.01983209929789768,0.019707714422607468,0.01692993664482969,0.010832743894546793,0.021762982484144506
864,0.02257376240570923,0.01983209929789768,0.01983209929789768,0.019707714422607468,0.01692993664482969,0.024438186071417543,0.0214141681307401
868,0.02257376240570923,0.01983209929789768,0.01983209929789768,0.019707714422607468,0.014152158867051911,0.021036825527199855,0.021808480008501604
881,0.02257376240570923,0.01983209929789768,0.01983209929789768,0.0280410477559408,0.019707714422607468,0.017635464982982168,0.021869143374311065
899,0.02257376240570923,0.01983209929789768,0.01983209929789768,0.011374381089274133,0.011374381089274133,0.021036825527199855,0.02411368790926116
935,0.02257376240570923,0.01983209929789768,0.01983209929789768,0.019707714422607468,0.014152158867051911,0.021036825527199855,0.021505163179454292
961,0.02257376240570923,0.01983209929789768,0.01983209929789768,0.0280410477559408,0.022485492200385242,0.017635464982982168,0.021641655752525583
051,0.022535835730614413,0.019199988046317402,0.019199988046317402,0.011374381089274133,0.030818825533718577,0.021036825527199855,0.022779093861453
055,0.022535835730614413,0.019199988046317402,0.019199988046317402,0.011374381089274133,0.02526326997816302,0.02783954661563523,0.022339284459334394
068,0.022535835730614413,0.019199988046317402,0.019199988046317402,0.011374381089274133,0.014152158867051911,0.017635464982982168,0.022612269605476975
105,0.022535835730614413,0.019199988046317402,0.019199988046317402,0.019707714422607468,0.019707714422607468,0.010832743894546793,0.0218539775328587
144,0.022535835730614413,0.019199988046317402,0.019199988046317402,0.011374381089274133,0.01692993664482969,0.017635464982982168,0.023188571580666867
152,0.022535835730614413,0.019199988046317402,0.019199988046317402,0.011374381089274133,0.011374381089274133,0.02783954661563523,0.02411368790926116
160,0.022535835730614413,0.019199988046317402,0.019199988046317402,0.044707714422607465,0.02526326997816302,0.021036825527199855,0.021520329020906656
231,0.022535835730614413,0.019199988046317402,0.019199988046317402,0.011374381089274133,0.022485492200385242,0.01423410443876448,0.022581937922572244
255,0.022535835730614413,0.019199988046317402,0.019199988046317402,0.0280410477559408,0.019707714422607468,0.024438186071417543,0.022187626044810744
256,0.022535835730614413,0.019199988046317402,0.019199988046317402,0.019707714422607468,0.022485492200385242,0.02783954661563523,0.021535494862359023
304,0.022535835730614413,0.019199988046317402,0.019199988046317402,0.011374381089274133,0.01692993664482969,0.021036825527199855,0.022824591385810094
333,0.022535835730614413,0.019199988046317402,0.019199988046317402,0.011374381089274133,0.01692993664482969,0.017635464982982168,0.022809425544357727
338,0.022535835730614413,0.019199988046317402,0.019199988046317402,0.011374381089274133,0.01692993664482969,0.021036825527199855,0.022612269605476975
397,0.022535835730614413,0.019199988046317402,0.019199988046317402,0.011374381089274133,0.022485492200385242,0.024438186071417543,0.023218903263571594
415,0.022535835730614413,0.019199988046317402,0.019199988046317402,0.011374381089274133,0.019707714422607468,0.021036825527199855,0.023082410690500304
445,0.022535835730614413,0.019199988046317402,0.019199988046317402,0.011374381089274133,0.019707714422607468,0.01423410443876448,0.02235445030078676
506,0.022535835730614413,0.019199988046317402,0.019199988046317402,0.011374381089274133,0.019707714422607468,0.017635464982982168,0.022779093861453
511,0.022535835730614413,0.019199988046317402,0.019199988046317402,0.011374381089274133,0.014152158867051911,0.021036825527199855,0.023218903263571594
533,0.022535835730614413,0.019199988046317402,0.019199988046317402,0.036374381089274134,0.02526326997816302,0.024438186071417543,0.021459665655097198
544,0.022535835730614413,0.019199988046317402,0.019199988046317402,0.019707714422607468,0.01692993664482969,0.017635464982982168,0.021520329020906656
570,0.022535835730614413,0.019199988046317402,0.019199988046317402,0.019707714422607468,0.022485492200385242,0.021036825527199855,0.02144449981364483
648,0.022535835730614413,0.019199988046317402,0.019199988046317402,0.019707714422607468,0.019707714422607468,0.01423410443876448,0.02138383644783537
700,0.022535835730614413,0.019199988046317402,0.019199988046317402,0.019707714422607468,0.019707714422607468,0.01423410443876448,0.02212696267900128
713,0.022535835730614413,0.019199988046317402,0.019199988046317402,0.0280410477559408,0.022485492200385242,0.021036825527199855,0.02188430921576343
733,0.022535835730614413,0.019199988046317402,0.019199988046317402,0.0530410477559408,0.030818825533718577,0.024438186071417543,0.021399002289287733
773,0.022535835730614413,0.019199988046317402,0.019199988046317402,0.0280410477559408,0.030818825533718577,0.021036825527199855,0.02144449981364483
785,0.022535835730614413,0.019199988046317402,0.019199988046317402,0.011374381089274133,0.01692993664482969,0.021036825527199855,0.022415113666596223
789,0.022535835730614413,0.019199988046317402,0.019199988046317402,0.019707714422607468,0.01692993664482969,0.021036825527199855,0.021944972581572894
792,0.022535835730614413,0.019199988046317402,0.019199988046317402,0.0280410477559408,0.022485492200385242,0.03804362824828829,0.021399002289287733
805,0.022535835730614413,0.019199988046317402,0.019199988046317402,0.011374381089274133,0.019707714422607468,0.017635464982982168,0.02388620028747568
806,0.022535835730614413,0.019199988046317402,0.019199988046317402,0.011374381089274133,0.014152158867051911,0.017635464982982168,0.02320373742211923
839,0.022535835730614413,0.019199988046317402,0.019199988046317402,0.011374381089274133,0.022485492200385242,0.01423410443876448,0.02256677208111988
886,0.022535835730614413,0.019199988046317402,0.019199988046317402,0.011374381089274133,0.01692993664482969,0.017635464982982168,0.022824591385810094
947,0.022535835730614413,0.019199988046317402,0.019199988046317402,0.019707714422607468,0.022485492200385242,0.01423410443876448,0.022172460203358377
958,0.022535835730614413,0.019199988046317402,0.019199988046317402,0.011374381089274133,0.014152158867051911,0.017635464982982168,0.023400893360999982
999,0.022535835730614413,0.019199988046317402,0.019199988046317402,0.019707714422607468,0.01692993664482969,0.024438186071417543,0.02212696267900128
004,0.022497909055519596,0.018567876794737124,0.018567876794737124,0.011374381089274133,0.014152158867051911,0.021036825527199855,0.022415113666596223
008,0.022497909055519596,0.018567876794737124,0.018567876794737124,0.0280410477559408,0.019707714422607468,0.024438186071417543,0.02188430921576343
033,0.022497909055519596,0.018567876794737124,0.018567876794737124,0.019707714422607468,0.019707714422607468,0.021036825527199855,0.022066299313191817
041,0.022497909055519596,0.018567876794737124,0.018567876794737124,0.011374381089274133,0.01692993664482969,0.021036825527199855,0.023294732470833423
146,0.022497909055519596,0.018567876794737124,0.018567876794737124,0.011374381089274133,0.01692993664482969,0.024438186071417543,0.022308952776429667
176,0.022497909055519596,0.018567876794737124,0.018567876794737124,0.011374381089274133,0.01692993664482969,0.02783954661563523,0.022627435446929342
184,0.022497909055519596,0.018567876794737124,0.018567876794737124,0.019707714422607468,0.019707714422607468,0.021036825527199855,0.021869143374311065
227,0.022497909055519596,0.018567876794737124,0.018567876794737124,0.019707714422607468,0.01692993664482969,0.01423410443876448,0.022278621093524936
235,0.022497909055519596,0.018567876794737124,0.018567876794737124,0.019707714422607468,0.0280410477559408,0.024438186071417543,0.021520329020906656
238,0.022497909055519596,0.018567876794737124,0.018567876794737124,0.019707714422607468,0.022485492200385242,0.021036825527199855,0.0214141681307401
242,0.022497909055519596,0.018567876794737124,0.018567876794737124,0.019707714422607468,0.019707714422607468,0.02783954661563523,0.021429333972192464
269,0.022497909055519596,0.018567876794737124,0.018567876794737124,0.019707714422607468,0.022485492200385242,0.024438186071417543,0.021505163179454292
287,0.022497909055519596,0.018567876794737124,0.018567876794737124,0.0280410477559408,0.02526326997816302,0.021036825527199855,0.02155066070381139
298,0.022497909055519596,0.018567876794737124,0.018567876794737124,0.0280410477559408,0.019707714422607468,0.024438186071417543,0.021747816642692142
323,0.022497909055519596,0.018567876794737124,0.018567876794737124,0.011374381089274133,0.019707714422607468,0.021036825527199855,0.022597103764024608
351,0.022497909055519596,0.018567876794737124,0.018567876794737124,0.019707714422607468,0.022485492200385242,0.017635464982982168,0.02148999733800193
359,0.022497909055519596,0.018567876794737124,0.018567876794737124,0.019707714422607468,0.022485492200385242,0.021036825527199855,0.022248289410620202
367,0.022497909055519596,0.018567876794737124,0.018567876794737124,0.011374381089274133,0.019707714422607468,0.021036825527199855,0.022339284459334394
372,0.022497909055519596,0.018567876794737124,0.018567876794737124,0.011374381089274133,0.01692993664482969,0.02783954661563523,0.022384781983691492
459,0.022497909055519596,0.018567876794737124,0.018567876794737124,0.011374381089274133,0.011374381089274133,0.02783954661563523,0.02411368790926116
470,0.022497909055519596,0.018567876794737124,0.018567876794737124,0.019707714422607468,0.02526326997816302,0.02783954661563523,0.021565826545263754
477,0.022497909055519596,0.018567876794737124,0.018567876794737124,0.0280410477559408,0.022485492200385242,0.021036825527199855,0.021944972581572894
501,0.022497909055519596,0.018567876794737124,0.018567876794737124,0.011374381089274133,0.01692993664482969,0.017635464982982168,0.022642601288381706
502,0.022497909055519596,0.018567876794737124,0.018567876794737124,0.036374381089274134,0.022485492200385242,0.017635464982982168,0.02171748495978741
512,0.022497909055519596,0.018567876794737124,0.018567876794737124,0.019707714422607468,0.01692993664482969,0.017635464982982168,0.021641655752525583
513,0.022497909055519596,0.018567876794737124,0.018567876794737124,0.011374381089274133,0.019707714422607468,0.01423410443876448,0.02276392802000063
584,0.022497909055519596,0.018567876794737124,0.018567876794737124,0.019707714422607468,0.01692993664482969,0.024438186071417543,0.021793314167049237
588,0.022497909055519596,0.018567876794737124,0.018567876794737124,0.0280410477559408,0.019707714422607468,0.01423410443876448,0.021929806740120527
624,0.022497909055519596,0.018567876794737124,0.018567876794737124,0.011374381089274133,0.014152158867051911,0.017635464982982168,0.022961083958881384
657,0.022497909055519596,0.018567876794737124,0.018567876794737124,0.019707714422607468,0.019707714422607468,0.021036825527199855,0.021732650801239775
693,0.022497909055519596,0.018567876794737124,0.018567876794737124,0.019707714422607468,0.022485492200385242,0.021036825527199855,0.0214141681307401
714,0.022497909055519596,0.018567876794737124,0.018567876794737124,0.011374381089274133,0.02526326997816302,0.02783954661563523,0.022779093861453
734,0.022497909055519596,0.018567876794737124,0.018567876794737124,0.036374381089274134,0.02526326997816302,0.01423410443876448,0.021808480008501604
754,0.022497909055519596,0.018567876794737124,0.018567876794737124,0.019707714422607468,0.022485492200385242,0.01423410443876448,0.021899475057215796
780,0.022497909055519596,0.018567876794737124,0.018567876794737124,0.019707714422607468,0.01692993664482969,0.017635464982982168,0.022248289410620202
784,0.022497909055519596,0.018567876794737124,0.018567876794737124,0.011374381089274133,0.0280410477559408,0.02783954661563523,0.02246061119095332
821,0.022497909055519596,0.018567876794737124,0.018567876794737124,0.019707714422607468,0.019707714422607468,0.021036825527199855,0.021793314167049237
914,0.022497909055519596,0.018567876794737124,0.018567876794737124,0.019707714422607468,0.014152158867051911,0.021036825527199855,0.021429333972192464
924,0.022497909055519596,0.018567876794737124,0.018567876794737124,0.0280410477559408,0.02526326997816302,0.017635464982982168,0.0214141681307401
952,0.022497909055519596,0.018567876794737124,0.018567876794737124,0.019707714422607468,0.022485492200385242,0.024438186071417543,0.021778148325596873
967,0.022497909055519596,0.018567876794737124,0.018567876794737124,0.0280410477559408,0.022485492200385242,0.010832743894546793,0.0214141681307401
977,0.022497909055519596,0.018567876794737124,0.018567876794737124,0.019707714422607468,0.019707714422607468,0.017635464982982168,0.02199047010592999
987,0.022497909055519596,0.018567876794737124,0.018567876794737124,0.019707714422607468,0.019707714422607468,0.024438186071417543,0.02212696267900128
019,0.02245998238042478,0.017935765543156845,0.017935765543156845,0.019707714422607468,0.01692993664482969,0.01423410443876448,0.022035967630287086
040,0.02245998238042478,0.017935765543156845,0.017935765543156845,0.019707714422607468,0.01692993664482969,0.017635464982982168,0.021429333972192464
082,0.02245998238042478,0.017935765543156845,0.017935765543156845,0.036374381089274134,0.0280410477559408,0.017635464982982168,0.021429333972192464
091,0.02245998238042478,0.017935765543156845,0.017935765543156845,0.019707714422607468,0.022485492200385242,0.01423410443876448,0.02138383644783537
134,0.02245998238042478,0.017935765543156845,0.017935765543156845,0.019707714422607468,0.01692993664482969,0.021036825527199855,0.021641655752525583
149,0.02245998238042478,0.017935765543156845,0.017935765543156845,0.019707714422607468,0.014152158867051911,0.01423410443876448,0.022278621093524936
204,0.02245998238042478,0.017935765543156845,0.017935765543156845,0.019707714422607468,0.02526326997816302,0.021036825527199855,0.02168715327688268
271,0.02245998238042478,0.017935765543156845,0.017935765543156845,0.019707714422607468,0.022485492200385242,0.017635464982982168,0.021975304264477625
275,0.02245998238042478,0.017935765543156845,0.017935765543156845,0.019707714422607468,0.022485492200385242,0.024438186071417543,0.021732650801239775
343,0.02245998238042478,0.017935765543156845,0.017935765543156845,0.019707714422607468,0.01692993664482969,0.021036825527199855,0.02188430921576343
354,0.02245998238042478,0.017935765543156845,0.017935765543156845,0.036374381089274134,0.022485492200385242,0.01423410443876448,0.02144449981364483
373,0.02245998238042478,0.017935765543156845,0.017935765543156845,0.011374381089274133,0.022485492200385242,0.017635464982982168,0.022627435446929342
374,0.02245998238042478,0.017935765543156845,0.017935765543156845,0.011374381089274133,0.022485492200385242,0.017635464982982168,0.022657767129834073
377,0.02245998238042478,0.017935765543156845,0.017935765543156845,0.011374381089274133,0.014152158867051911,0.024438186071417543,0.022506108715310415
406,0.02245998238042478,0.017935765543156845,0.017935765543156845,0.0280410477559408,0.022485492200385242,0.017635464982982168,0.02168715327688268
411,0.02245998238042478,0.017935765543156845,0.017935765543156845,0.0280410477559408,0.02526326997816302,0.024438186071417543,0.02199047010592999
436,0.02245998238042478,0.017935765543156845,0.017935765543156845,0.019707714422607468,0.019707714422607468,0.01423410443876448,0.021944972581572894
453,0.02245998238042478,0.017935765543156845,0.017935765543156845,0.0280410477559408,0.019707714422607468,0.017635464982982168,0.02188430921576343
474,0.02245998238042478,0.017935765543156845,0.017935765543156845,0.019707714422607468,0.01692993664482969,0.010832743894546793,0.02182364584995397
628,0.02245998238042478,0.017935765543156845,0.017935765543156845,0.019707714422607468,0.019707714422607468,0.01423410443876448,0.022005635947382356
664,0.02245998238042478,0.017935765543156845,0.017935765543156845,0.019707714422607468,0.01692993664482969,0.01423410443876448,0.021793314167049237
667,0.02245998238042478,0.017935765543156845,0.017935765543156845,0.011374381089274133,0.011374381089274133,0.01423410443876448,0.02411368790926116
717,0.02245998238042478,0.017935765543156845,0.017935765543156845,0.011374381089274133,0.02526326997816302,0.024438186071417543,0.022627435446929342
797,0.02245998238042478,0.017935765543156845,0.017935765543156845,0.011374381089274133,0.01692993664482969,0.024438186071417543,0.022703264654191167
802,0.02245998238042478,0.017935765543156845,0.017935765543156845,0.019707714422607468,0.014152158867051911,0.010832743894546793,0.022187626044810744
856,0.02245998238042478,0.017935765543156845,0.017935765543156845,0.0280410477559408,0.01692993664482969,0.017635464982982168,0.022005635947382356
006,0.022422055705329964,0.017303654291576567,0.017303654291576567,0.0280410477559408,0.019707714422607468,0.01423410443876448,0.021535494862359023
029,0.022422055705329964,0.017303654291576567,0.017303654291576567,0.011374381089274133,0.01692993664482969,0.017635464982982168,0.022733596337095898
088,0.022422055705329964,0.017303654291576567,0.017303654291576567,0.019707714422607468,0.01692993664482969,0.024438186071417543,0.021565826545263754
443,0.022422055705329964,0.017303654291576567,0.017303654291576567,0.019707714422607468,0.014152158867051911,0.02783954661563523,0.022096630996096548
451,0.022422055705329964,0.017303654291576567,0.017303654291576567,0.011374381089274133,0.014152158867051911,0.024438186071417543,0.023719376031499657
456,0.022422055705329964,0.017303654291576567,0.017303654291576567,0.019707714422607468,0.014152158867051911,0.01423410443876448,0.021702319118335044
555,0.022422055705329964,0.017303654291576567,0.017303654291576567,0.011374381089274133,0.01692993664482969,0.01423410443876448,0.022339284459334394
576,0.022422055705329964,0.017303654291576567,0.017303654291576567,0.011374381089274133,0.011374381089274133,0.017635464982982168,0.02411368790926116
629,0.022422055705329964,0.017303654291576567,0.017303654291576567,0.019707714422607468,0.014152158867051911,0.02783954661563523,0.021565826545263754
684,0.022422055705329964,0.017303654291576567,0.017303654291576567,0.011374381089274133,0.019707714422607468,0.01423410443876448,0.022551606239667513
783,0.022422055705329964,0.017303654291576567,0.017303654291576567,0.019707714422607468,0.014152158867051911,0.017635464982982168,0.02226345525207257
085,0.022384129030235147,0.01667154303999629,0.01667154303999629,0.011374381089274133,0.01692993664482969,0.02783954661563523,0.022490942873858052
253,0.022384129030235147,0.01667154303999629,0.01667154303999629,0.011374381089274133,0.01692993664482969,0.021036825527199855,0.0222937869349773
259,0.022384129030235147,0.01667154303999629,0.01667154303999629,0.011374381089274133,0.01692993664482969,0.021036825527199855,0.022718430495643534
315,0.022384129030235147,0.01667154303999629,0.01667154303999629,0.011374381089274133,0.011374381089274133,0.017635464982982168,0.02411368790926116
434,0.022384129030235147,0.01667154303999629,0.01667154303999629,0.036374381089274134,0.022485492200385242,0.01423410443876448,0.02155066070381139
596,0.022384129030235147,0.01667154303999629,0.01667154303999629,0.019707714422607468,0.01692993664482969,0.021036825527199855,0.021611324069620852
658,0.022384129030235147,0.01667154303999629,0.01667154303999629,0.011374381089274133,0.019707714422607468,0.01423410443876448,0.023355395836642884
730,0.022384129030235147,0.01667154303999629,0.01667154303999629,0.019707714422607468,0.022485492200385242,0.021036825527199855,0.021459665655097198
807,0.022384129030235147,0.01667154303999629,0.01667154303999629,0.019707714422607468,0.019707714422607468,0.01423410443876448,0.02148999733800193
808,0.022384129030235147,0.01667154303999629,0.01667154303999629,0.011374381089274133,0.019707714422607468,0.01423410443876448,0.023400893360999982
828,0.022384129030235147,0.01667154303999629,0.01667154303999629,0.011374381089274133,0.022485492200385242,0.010832743894546793,0.022794259702905363
870,0.022384129030235147,0.01667154303999629,0.01667154303999629,0.011374381089274133,0.019707714422607468,0.024438186071417543,0.022945918117429014
874,0.022384129030235147,0.01667154303999629,0.01667154303999629,0.019707714422607468,0.01692993664482969,0.017635464982982168,0.021838811691406335
968,0.022384129030235147,0.01667154303999629,0.01667154303999629,0.019707714422607468,0.022485492200385242,0.01423410443876448,0.021914640898668163
042,0.02234620235514033,0.016039431788416013,0.016039431788416013,0.036374381089274134,0.022485492200385242,0.017635464982982168,0.021505163179454292
090,0.02234620235514033,0.016039431788416013,0.016039431788416013,0.0280410477559408,0.022485492200385242,0.017635464982982168,0.02182364584995397
400,0.02234620235514033,0.016039431788416013,0.016039431788416013,0.0280410477559408,0.01692993664482969,0.01423410443876448,0.021520329020906656
795,0.02234620235514033,0.016039431788416013,0.016039431788416013,0.036374381089274134,0.022485492200385242,0.017635464982982168,0.021399002289287733
812,0.02234620235514033,0.016039431788416013,0.016039431788416013,0.0280410477559408,0.019707714422607468,0.017635464982982168,0.02159615822816849
893,0.02234620235514033,0.016039431788416013,0.016039431788416013,0.0280410477559408,0.01692993664482969,0.024438186071417543,0.021641655752525583
929,0.02234620235514033,0.016039431788416013,0.016039431788416013,0.019707714422607468,0.01692993664482969,0.01423410443876448,0.021793314167049237
979,0.02234620235514033,0.016039431788416013,0.016039431788416013,0.019707714422607468,0.02526326997816302,0.010832743894546793,0.02212696267900128
026,0.022308275680045512,0.015407320536835734,0.015407320536835734,0.011374381089274133,0.011374381089274133,0.01423410443876448,0.02411368790926116
135,0.022308275680045512,0.015407320536835734,0.015407320536835734,0.011374381089274133,0.014152158867051911,0.017635464982982168,0.0222937869349773
178,0.022308275680045512,0.015407320536835734,0.015407320536835734,0.019707714422607468,0.014152158867051911,0.01423410443876448,0.02196013842302526
017,0.022270349004950698,0.014775209285255456,0.014775209285255456,0.011374381089274133,0.01692993664482969,0.021036825527199855,0.022688098812738804
747,0.022270349004950698,0.014775209285255456,0.014775209285255456,0.011374381089274133,0.01692993664482969,0.017635464982982168,0.023097576531952674
