number,probability,raw_model_probability,long_rate,short_rate,recent_long_rate,weekday_rate,gap_signal
572,0.023444773191585493,0.03434894572916875,0.03434894572916875,0.011374381089274133,0.0280410477559408,0.024355344762700872,0.022521274556762783
662,0.023444773191585493,0.03434894572916875,0.03434894572916875,0.019707714422607468,0.022485492200385242,0.027745175271175447,0.021808480008501604
369,0.023331065042501476,0.03245380991110179,0.03245380991110179,0.044707714422607465,0.0280410477559408,0.027745175271175447,0.0214141681307401
983,0.023331065042501476,0.03245380991110179,0.03245380991110179,0.036374381089274134,0.036374381089274134,0.01757568374575172,0.02144449981364483
186,0.02329316232614014,0.031822097971746136,0.031822097971746136,0.0280410477559408,0.0280410477559408,0.037914666796599175,0.022066299313191817
432,0.02329316232614014,0.031822097971746136,0.031822097971746136,0.0530410477559408,0.03359660331149635,0.027745175271175447,0.021399002289287733
484,0.02329316232614014,0.031822097971746136,0.031822097971746136,0.019707714422607468,0.022485492200385242,0.024355344762700872,0.02171748495978741
526,0.02329316232614014,0.031822097971746136,0.031822097971746136,0.0530410477559408,0.030818825533718577,0.024355344762700872,0.021520329020906656
697,0.02329316232614014,0.031822097971746136,0.031822097971746136,0.0280410477559408,0.0280410477559408,0.034524836288124604,0.02158099238671612
053,0.023255259609778797,0.03119038603239048,0.03119038603239048,0.011374381089274133,0.01692993664482969,0.027745175271175447,0.022794259702905363
592,0.023255259609778797,0.03119038603239048,0.03119038603239048,0.036374381089274134,0.03359660331149635,0.024355344762700872,0.021520329020906656
114,0.02321735689341746,0.030558674093034827,0.030558674093034827,0.0280410477559408,0.036374381089274134,0.041304497305073753,0.021869143374311065
294,0.02321735689341746,0.030558674093034827,0.030558674093034827,0.019707714422607468,0.030818825533718577,0.027745175271175447,0.021671987435430314
370,0.02321735689341746,0.030558674093034827,0.030558674093034827,0.019707714422607468,0.02526326997816302,0.024355344762700872,0.022081465154644184
645,0.02321735689341746,0.030558674093034827,0.030558674093034827,0.036374381089274134,0.030818825533718577,0.031135005779650025,0.02144449981364483
653,0.02321735689341746,0.030558674093034827,0.030558674093034827,0.0280410477559408,0.0280410477559408,0.034524836288124604,0.021929806740120527
811,0.02321735689341746,0.030558674093034827,0.030558674093034827,0.044707714422607465,0.030818825533718577,0.027745175271175447,0.021399002289287733
073,0.02317945417705612,0.02992696215367917,0.02992696215367917,0.0280410477559408,0.030818825533718577,0.027745175271175447,0.021459665655097198
179,0.02317945417705612,0.02992696215367917,0.02992696215367917,0.0280410477559408,0.030818825533718577,0.027745175271175447,0.02211179683754891
724,0.02317945417705612,0.02992696215367917,0.02992696215367917,0.061374381089274135,0.03359660331149635,0.031135005779650025,0.02147483149654956
867,0.02317945417705612,0.02992696215367917,0.02992696215367917,0.036374381089274134,0.022485492200385242,0.041304497305073753,0.021793314167049237
878,0.02317945417705612,0.02992696215367917,0.02992696215367917,0.011374381089274133,0.019707714422607468,0.031135005779650025,0.02253644039821515
000,0.02314155146069478,0.02929525021432352,0.02929525021432352,0.0280410477559408,0.03359660331149635,0.031135005779650025,0.021626489911073216
079,0.02314155146069478,0.02929525021432352,0.02929525021432352,0.019707714422607468,0.019707714422607468,0.034524836288124604,0.021702319118335044
080,0.02314155146069478,0.02929525021432352,0.02929525021432352,0.0530410477559408,0.04192993664482969,0.024355344762700872,0.02138383644783537
092,0.02314155146069478,0.02929525021432352,0.02929525021432352,0.011374381089274133,0.030818825533718577,0.024355344762700872,0.0222937869349773
119,0.02314155146069478,0.02929525021432352,0.02929525021432352,0.036374381089274134,0.022485492200385242,0.034524836288124604,0.02158099238671612
124,0.02314155146069478,0.02929525021432352,0.02929525021432352,0.011374381089274133,0.022485492200385242,0.024355344762700872,0.02235445030078676
213,0.02314155146069478,0.02929525021432352,0.02929525021432352,0.011374381089274133,0.022485492200385242,0.031135005779650025,0.02232411861788203
612,0.02314155146069478,0.02929525021432352,0.02929525021432352,0.036374381089274134,0.0280410477559408,0.04469432781354833,0.02144449981364483
676,0.02314155146069478,0.02929525021432352,0.02929525021432352,0.0280410477559408,0.0280410477559408,0.024355344762700872,0.021535494862359023
854,0.02314155146069478,0.02929525021432352,0.02929525021432352,0.036374381089274134,0.0280410477559408,0.01757568374575172,0.021702319118335044
052,0.02310364874433344,0.028663538274967867,0.028663538274967867,0.0280410477559408,0.030818825533718577,0.01757568374575172,0.021702319118335044
057,0.02310364874433344,0.028663538274967867,0.028663538274967867,0.036374381089274134,0.030818825533718577,0.037914666796599175,0.02196013842302526
243,0.02310364874433344,0.028663538274967867,0.028663538274967867,0.011374381089274133,0.0280410477559408,0.037914666796599175,0.02239994782514386
267,0.02310364874433344,0.028663538274967867,0.028663538274967867,0.011374381089274133,0.0280410477559408,0.024355344762700872,0.022445445349500954
356,0.02310364874433344,0.028663538274967867,0.028663538274967867,0.0280410477559408,0.02526326997816302,0.024355344762700872,0.022081465154644184
473,0.02310364874433344,0.028663538274967867,0.028663538274967867,0.036374381089274134,0.030818825533718577,0.024355344762700872,0.021565826545263754
491,0.02310364874433344,0.028663538274967867,0.028663538274967867,0.019707714422607468,0.03359660331149635,0.034524836288124604,0.02223312356916784
532,0.02310364874433344,0.028663538274967867,0.028663538274967867,0.019707714422607468,0.030818825533718577,0.024355344762700872,0.021399002289287733
599,0.02310364874433344,0.028663538274967867,0.028663538274967867,0.019707714422607468,0.022485492200385242,0.027745175271175447,0.02196013842302526
875,0.02310364874433344,0.028663538274967867,0.028663538274967867,0.019707714422607468,0.030818825533718577,0.027745175271175447,0.02138383644783537
898,0.02310364874433344,0.028663538274967867,0.028663538274967867,0.011374381089274133,0.019707714422607468,0.024355344762700872,0.022870088910167192
964,0.02310364874433344,0.028663538274967867,0.028663538274967867,0.036374381089274134,0.03359660331149635,0.034524836288124604,0.021459665655097198
151,0.023065746027972102,0.02803182633561221,0.02803182633561221,0.011374381089274133,0.02526326997816302,0.031135005779650025,0.02253644039821515
194,0.023065746027972102,0.02803182633561221,0.02803182633561221,0.0280410477559408,0.030818825533718577,0.024355344762700872,0.021520329020906656
221,0.023065746027972102,0.02803182633561221,0.02803182633561221,0.0280410477559408,0.02526326997816302,0.024355344762700872,0.021565826545263754
274,0.023065746027972102,0.02803182633561221,0.02803182633561221,0.019707714422607468,0.014152158867051911,0.020965514254226294,0.0218539775328587
362,0.023065746027972102,0.02803182633561221,0.02803182633561221,0.019707714422607468,0.019707714422607468,0.027745175271175447,0.02202080178883472
549,0.023065746027972102,0.02803182633561221,0.02803182633561221,0.019707714422607468,0.019707714422607468,0.037914666796599175,0.02196013842302526
556,0.023065746027972102,0.02803182633561221,0.02803182633561221,0.044707714422607465,0.03915215886705191,0.024355344762700872,0.02158099238671612
573,0.023065746027972102,0.02803182633561221,0.02803182633561221,0.011374381089274133,0.01692993664482969,0.024355344762700872,0.022809425544357727
619,0.023065746027972102,0.02803182633561221,0.02803182633561221,0.0280410477559408,0.03359660331149635,0.0480841583220229,0.021778148325596873
661,0.023065746027972102,0.02803182633561221,0.02803182633561221,0.036374381089274134,0.02526326997816302,0.01757568374575172,0.021399002289287733
691,0.023065746027972102,0.02803182633561221,0.02803182633561221,0.019707714422607468,0.03359660331149635,0.031135005779650025,0.021732650801239775
774,0.023065746027972102,0.02803182633561221,0.02803182633561221,0.019707714422607468,0.03359660331149635,0.024355344762700872,0.022005635947382356
836,0.023065746027972102,0.02803182633561221,0.02803182633561221,0.036374381089274134,0.03359660331149635,0.027745175271175447,0.021535494862359023
848,0.023065746027972102,0.02803182633561221,0.02803182633561221,0.019707714422607468,0.022485492200385242,0.024355344762700872,0.02211179683754891
871,0.023065746027972102,0.02803182633561221,0.02803182633561221,0.019707714422607468,0.019707714422607468,0.024355344762700872,0.021793314167049237
906,0.023065746027972102,0.02803182633561221,0.02803182633561221,0.036374381089274134,0.0280410477559408,0.024355344762700872,0.02199047010592999
916,0.023065746027972102,0.02803182633561221,0.02803182633561221,0.0280410477559408,0.022485492200385242,0.024355344762700872,0.021778148325596873
978,0.023065746027972102,0.02803182633561221,0.02803182633561221,0.019707714422607468,0.02526326997816302,0.01757568374575172,0.021793314167049237
013,0.023027843311610764,0.02740011439625656,0.02740011439625656,0.019707714422607468,0.0280410477559408,0.034524836288124604,0.021838811691406335
081,0.023027843311610764,0.02740011439625656,0.02740011439625656,0.0280410477559408,0.030818825533718577,0.010796022728802566,0.021520329020906656
112,0.023027843311610764,0.02740011439625656,0.02740011439625656,0.011374381089274133,0.01692993664482969,0.034524836288124604,0.022627435446929342
174,0.023027843311610764,0.02740011439625656,0.02740011439625656,0.019707714422607468,0.030818825533718577,0.027745175271175447,0.021869143374311065
189,0.023027843311610764,0.02740011439625656,0.02740011439625656,0.044707714422607465,0.0280410477559408,0.027745175271175447,0.0214141681307401
250,0.023027843311610764,0.02740011439625656,0.02740011439625656,0.061374381089274135,0.03915215886705191,0.031135005779650025,0.021565826545263754
292,0.023027843311610764,0.02740011439625656,0.02740011439625656,0.0280410477559408,0.02526326997816302,0.027745175271175447,0.021944972581572894
363,0.023027843311610764,0.02740011439625656,0.02740011439625656,0.019707714422607468,0.02526326997816302,0.031135005779650025,0.02147483149654956
419,0.023027843311610764,0.02740011439625656,0.02740011439625656,0.019707714422607468,0.014152158867051911,0.031135005779650025,0.022142128520453646
422,0.023027843311610764,0.02740011439625656,0.02740011439625656,0.011374381089274133,0.01692993664482969,0.031135005779650025,0.023400893360999982
475,0.023027843311610764,0.02740011439625656,0.02740011439625656,0.019707714422607468,0.019707714422607468,0.027745175271175447,0.022005635947382356
523,0.023027843311610764,0.02740011439625656,0.02740011439625656,0.0280410477559408,0.02526326997816302,0.027745175271175447,0.021399002289287733
525,0.023027843311610764,0.02740011439625656,0.02740011439625656,0.036374381089274134,0.0280410477559408,0.027745175271175447,0.021505163179454292
547,0.023027843311610764,0.02740011439625656,0.02740011439625656,0.044707714422607465,0.0280410477559408,0.027745175271175447,0.02147483149654956
633,0.023027843311610764,0.02740011439625656,0.02740011439625656,0.019707714422607468,0.02526326997816302,0.031135005779650025,0.0214141681307401
715,0.023027843311610764,0.02740011439625656,0.02740011439625656,0.0530410477559408,0.03359660331149635,0.037914666796599175,0.021459665655097198
720,0.023027843311610764,0.02740011439625656,0.02740011439625656,0.044707714422607465,0.036374381089274134,0.027745175271175447,0.02148999733800193
729,0.023027843311610764,0.02740011439625656,0.02740011439625656,0.036374381089274134,0.0280410477559408,0.020965514254226294,0.021429333972192464
813,0.023027843311610764,0.02740011439625656,0.02740011439625656,0.019707714422607468,0.019707714422607468,0.037914666796599175,0.0214141681307401
902,0.023027843311610764,0.02740011439625656,0.02740011439625656,0.0280410477559408,0.030818825533718577,0.010796022728802566,0.021626489911073216
932,0.023027843311610764,0.02740011439625656,0.02740011439625656,0.0280410477559408,0.022485492200385242,0.014185853237277142,0.02159615822816849
957,0.023027843311610764,0.02740011439625656,0.02740011439625656,0.019707714422607468,0.030818825533718577,0.031135005779650025,0.02155066070381139
975,0.023027843311610764,0.02740011439625656,0.02740011439625656,0.019707714422607468,0.022485492200385242,0.024355344762700872,0.022278621093524936
981,0.023027843311610764,0.02740011439625656,0.02740011439625656,0.036374381089274134,0.0280410477559408,0.014185853237277142,0.0214141681307401
035,0.022989940595249423,0.026768402456900903,0.026768402456900903,0.036374381089274134,0.0280410477559408,0.020965514254226294,0.02148999733800193
059,0.022989940595249423,0.026768402456900903,0.026768402456900903,0.0280410477559408,0.02526326997816302,0.024355344762700872,0.021520329020906656
097,0.022989940595249423,0.026768402456900903,0.026768402456900903,0.0280410477559408,0.030818825533718577,0.024355344762700872,0.02171748495978741
102,0.022989940595249423,0.026768402456900903,0.026768402456900903,0.0280410477559408,0.022485492200385242,0.027745175271175447,0.021747816642692142
115,0.022989940595249423,0.026768402456900903,0.026768402456900903,0.0280410477559408,0.0280410477559408,0.037914666796599175,0.021641655752525583
127,0.022989940595249423,0.026768402456900903,0.026768402456900903,0.036374381089274134,0.02526326997816302,0.027745175271175447,0.02147483149654956
132,0.022989940595249423,0.026768402456900903,0.026768402456900903,0.0280410477559408,0.022485492200385242,0.01757568374575172,0.02138383644783537
138,0.022989940595249423,0.026768402456900903,0.026768402456900903,0.011374381089274133,0.0280410477559408,0.01757568374575172,0.02239994782514386
166,0.022989940595249423,0.026768402456900903,0.026768402456900903,0.0280410477559408,0.022485492200385242,0.01757568374575172,0.021626489911073216
169,0.022989940595249423,0.026768402456900903,0.026768402456900903,0.044707714422607465,0.030818825533718577,0.027745175271175447,0.021535494862359023
206,0.022989940595249423,0.026768402456900903,0.026768402456900903,0.019707714422607468,0.022485492200385242,0.020965514254226294,0.0218539775328587
244,0.022989940595249423,0.026768402456900903,0.026768402456900903,0.019707714422607468,0.02526326997816302,0.01757568374575172,0.022187626044810744
254,0.022989940595249423,0.026768402456900903,0.026768402456900903,0.0280410477559408,0.02526326997816302,0.024355344762700872,0.02168715327688268
296,0.022989940595249423,0.026768402456900903,0.026768402456900903,0.019707714422607468,0.030818825533718577,0.020965514254226294,0.021793314167049237
326,0.022989940595249423,0.026768402456900903,0.026768402456900903,0.019707714422607468,0.019707714422607468,0.024355344762700872,0.021520329020906656
341,0.022989940595249423,0.026768402456900903,0.026768402456900903,0.019707714422607468,0.02526326997816302,0.027745175271175447,0.022051133471739454
358,0.022989940595249423,0.026768402456900903,0.026768402456900903,0.019707714422607468,0.022485492200385242,0.031135005779650025,0.02226345525207257
396,0.022989940595249423,0.026768402456900903,0.026768402456900903,0.0280410477559408,0.02526326997816302,0.031135005779650025,0.022142128520453646
409,0.022989940595249423,0.026768402456900903,0.026768402456900903,0.019707714422607468,0.036374381089274134,0.01757568374575172,0.021778148325596873
492,0.022989940595249423,0.026768402456900903,0.026768402456900903,0.011374381089274133,0.02526326997816302,0.027745175271175447,0.022369616142239125
522,0.022989940595249423,0.026768402456900903,0.026768402456900903,0.019707714422607468,0.0280410477559408,0.027745175271175447,0.022248289410620202
559,0.022989940595249423,0.026768402456900903,0.026768402456900903,0.0280410477559408,0.019707714422607468,0.014185853237277142,0.021914640898668163
586,0.022989940595249423,0.026768402456900903,0.026768402456900903,0.0280410477559408,0.02526326997816302,0.027745175271175447,0.02159615822816849
606,0.022989940595249423,0.026768402456900903,0.026768402456900903,0.0530410477559408,0.03915215886705191,0.031135005779650025,0.021399002289287733
620,0.022989940595249423,0.026768402456900903,0.026768402456900903,0.019707714422607468,0.02526326997816302,0.024355344762700872,0.021732650801239775
647,0.022989940595249423,0.026768402456900903,0.026768402456900903,0.036374381089274134,0.0280410477559408,0.034524836288124604,0.02147483149654956
669,0.022989940595249423,0.026768402456900903,0.026768402456900903,0.019707714422607468,0.030818825533718577,0.024355344762700872,0.021914640898668163
686,0.022989940595249423,0.026768402456900903,0.026768402456900903,0.036374381089274134,0.02526326997816302,0.014185853237277142,0.021429333972192464
688,0.022989940595249423,0.026768402456900903,0.026768402456900903,0.036374381089274134,0.030818825533718577,0.027745175271175447,0.0214141681307401
710,0.022989940595249423,0.026768402456900903,0.026768402456900903,0.0280410477559408,0.02526326997816302,0.020965514254226294,0.021656821593977946
727,0.022989940595249423,0.026768402456900903,0.026768402456900903,0.036374381089274134,0.030818825533718577,0.034524836288124604,0.02171748495978741
749,0.022989940595249423,0.026768402456900903,0.026768402456900903,0.0280410477559408,0.022485492200385242,0.020965514254226294,0.021838811691406335
761,0.022989940595249423,0.026768402456900903,0.026768402456900903,0.036374381089274134,0.022485492200385242,0.031135005779650025,0.02138383644783537
766,0.022989940595249423,0.026768402456900903,0.026768402456900903,0.011374381089274133,0.014152158867051911,0.027745175271175447,0.0231734057392145
814,0.022989940595249423,0.026768402456900903,0.026768402456900903,0.011374381089274133,0.019707714422607468,0.034524836288124604,0.02299141564178611
829,0.022989940595249423,0.026768402456900903,0.026768402456900903,0.011374381089274133,0.02526326997816302,0.024355344762700872,0.022627435446929342
032,0.022952037878888085,0.02613669051754525,0.02613669051754525,0.019707714422607468,0.022485492200385242,0.024355344762700872,0.021611324069620852
049,0.022952037878888085,0.02613669051754525,0.02613669051754525,0.011374381089274133,0.01692993664482969,0.031135005779650025,0.02299141564178611
111,0.022952037878888085,0.02613669051754525,0.02613669051754525,0.036374381089274134,0.0280410477559408,0.024355344762700872,0.021505163179454292
139,0.022952037878888085,0.02613669051754525,0.02613669051754525,0.019707714422607468,0.014152158867051911,0.014185853237277142,0.022142128520453646
158,0.022952037878888085,0.02613669051754525,0.02613669051754525,0.019707714422607468,0.019707714422607468,0.037914666796599175,0.021778148325596873
191,0.022952037878888085,0.02613669051754525,0.02613669051754525,0.0280410477559408,0.036374381089274134,0.024355344762700872,0.021535494862359023
217,0.022952037878888085,0.02613669051754525,0.02613669051754525,0.044707714422607465,0.0280410477559408,0.014185853237277142,0.0214141681307401
224,0.022952037878888085,0.02613669051754525,0.02613669051754525,0.036374381089274134,0.0280410477559408,0.027745175271175447,0.021975304264477625
239,0.022952037878888085,0.02613669051754525,0.02613669051754525,0.011374381089274133,0.022485492200385242,0.024355344762700872,0.022597103764024608
278,0.022952037878888085,0.02613669051754525,0.02613669051754525,0.0530410477559408,0.030818825533718577,0.020965514254226294,0.02147483149654956
289,0.022952037878888085,0.02613669051754525,0.02613669051754525,0.011374381089274133,0.019707714422607468,0.020965514254226294,0.02293075227597665
314,0.022952037878888085,0.02613669051754525,0.02613669051754525,0.044707714422607465,0.0280410477559408,0.020965514254226294,0.02155066070381139
318,0.022952037878888085,0.02613669051754525,0.02613669051754525,0.0280410477559408,0.02526326997816302,0.020965514254226294,0.0214141681307401
336,0.022952037878888085,0.02613669051754525,0.02613669051754525,0.019707714422607468,0.022485492200385242,0.027745175271175447,0.02199047010592999
380,0.022952037878888085,0.02613669051754525,0.02613669051754525,0.011374381089274133,0.01692993664482969,0.034524836288124604,0.02303691316614321
391,0.022952037878888085,0.02613669051754525,0.02613669051754525,0.0280410477559408,0.030818825533718577,0.020965514254226294,0.021399002289287733
395,0.022952037878888085,0.02613669051754525,0.02613669051754525,0.0280410477559408,0.02526326997816302,0.031135005779650025,0.022081465154644184
447,0.022952037878888085,0.02613669051754525,0.02613669051754525,0.044707714422607465,0.0280410477559408,0.024355344762700872,0.02171748495978741
450,0.022952037878888085,0.02613669051754525,0.02613669051754525,0.011374381089274133,0.022485492200385242,0.020965514254226294,0.02299141564178611
543,0.022952037878888085,0.02613669051754525,0.02613669051754525,0.0280410477559408,0.01692993664482969,0.024355344762700872,0.022202791886263108
597,0.022952037878888085,0.02613669051754525,0.02613669051754525,0.0280410477559408,0.0280410477559408,0.027745175271175447,0.021520329020906656
605,0.022952037878888085,0.02613669051754525,0.02613669051754525,0.036374381089274134,0.030818825533718577,0.027745175271175447,0.021778148325596873
625,0.022952037878888085,0.02613669051754525,0.02613669051754525,0.019707714422607468,0.0280410477559408,0.01757568374575172,0.022172460203358377
634,0.022952037878888085,0.02613669051754525,0.02613669051754525,0.044707714422607465,0.022485492200385242,0.020965514254226294,0.02138383644783537
665,0.022952037878888085,0.02613669051754525,0.02613669051754525,0.0280410477559408,0.022485492200385242,0.020965514254226294,0.021762982484144506
742,0.022952037878888085,0.02613669051754525,0.02613669051754525,0.0280410477559408,0.030818825533718577,0.020965514254226294,0.021565826545263754
791,0.022952037878888085,0.02613669051754525,0.02613669051754525,0.019707714422607468,0.0280410477559408,0.027745175271175447,0.021626489911073216
794,0.022952037878888085,0.02613669051754525,0.02613669051754525,0.0280410477559408,0.0280410477559408,0.024355344762700872,0.021399002289287733
844,0.022952037878888085,0.02613669051754525,0.02613669051754525,0.0280410477559408,0.02526326997816302,0.031135005779650025,0.021944972581572894
869,0.022952037878888085,0.02613669051754525,0.02613669051754525,0.0280410477559408,0.0280410477559408,0.037914666796599175,0.021626489911073216
879,0.022952037878888085,0.02613669051754525,0.02613669051754525,0.036374381089274134,0.022485492200385242,0.024355344762700872,0.021929806740120527
910,0.022952037878888085,0.02613669051754525,0.02613669051754525,0.011374381089274133,0.01692993664482969,0.020965514254226294,0.022657767129834073
937,0.022952037878888085,0.02613669051754525,0.02613669051754525,0.019707714422607468,0.019707714422607468,0.031135005779650025,0.022066299313191817
960,0.022952037878888085,0.02613669051754525,0.02613669051754525,0.019707714422607468,0.019707714422607468,0.037914666796599175,0.02138383644783537
966,0.022952037878888085,0.02613669051754525,0.02613669051754525,0.011374381089274133,0.011374381089274133,0.020965514254226294,0.02411368790926116
014,0.022914135162526744,0.025504978578189598,0.025504978578189598,0.019707714422607468,0.02526326997816302,0.034524836288124604,0.02144449981364483
046,0.022914135162526744,0.025504978578189598,0.025504978578189598,0.0280410477559408,0.0280410477559408,0.037914666796599175,0.021778148325596873
063,0.022914135162526744,0.025504978578189598,0.025504978578189598,0.036374381089274134,0.0280410477559408,0.020965514254226294,0.021929806740120527
087,0.022914135162526744,0.025504978578189598,0.025504978578189598,0.011374381089274133,0.022485492200385242,0.020965514254226294,0.022445445349500954
106,0.022914135162526744,0.025504978578189598,0.025504978578189598,0.036374381089274134,0.030818825533718577,0.034524836288124604,0.02148999733800193
121,0.022914135162526744,0.025504978578189598,0.025504978578189598,0.0280410477559408,0.019707714422607468,0.027745175271175447,0.02158099238671612
133,0.022914135162526744,0.025504978578189598,0.025504978578189598,0.0280410477559408,0.022485492200385242,0.027745175271175447,0.021459665655097198
147,0.022914135162526744,0.025504978578189598,0.025504978578189598,0.0280410477559408,0.022485492200385242,0.01757568374575172,0.02196013842302526
208,0.022914135162526744,0.025504978578189598,0.025504978578189598,0.0280410477559408,0.0280410477559408,0.027745175271175447,0.022142128520453646
246,0.022914135162526744,0.025504978578189598,0.025504978578189598,0.019707714422607468,0.030818825533718577,0.034524836288124604,0.021929806740120527
277,0.022914135162526744,0.025504978578189598,0.025504978578189598,0.036374381089274134,0.030818825533718577,0.01757568374575172,0.02159615822816849
299,0.022914135162526744,0.025504978578189598,0.025504978578189598,0.0530410477559408,0.02526326997816302,0.01757568374575172,0.02138383644783537
310,0.022914135162526744,0.025504978578189598,0.025504978578189598,0.036374381089274134,0.02526326997816302,0.020965514254226294,0.021565826545263754
313,0.022914135162526744,0.025504978578189598,0.025504978578189598,0.0280410477559408,0.02526326997816302,0.034524836288124604,0.021702319118335044
344,0.022914135162526744,0.025504978578189598,0.025504978578189598,0.019707714422607468,0.02526326997816302,0.020965514254226294,0.021505163179454292
349,0.022914135162526744,0.025504978578189598,0.025504978578189598,0.0280410477559408,0.019707714422607468,0.020965514254226294,0.021429333972192464
382,0.022914135162526744,0.025504978578189598,0.025504978578189598,0.019707714422607468,0.0280410477559408,0.027745175271175447,0.02196013842302526
394,0.022914135162526744,0.025504978578189598,0.025504978578189598,0.0280410477559408,0.0280410477559408,0.031135005779650025,0.02138383644783537
398,0.022914135162526744,0.025504978578189598,0.025504978578189598,0.019707714422607468,0.036374381089274134,0.014185853237277142,0.021626489911073216
407,0.022914135162526744,0.025504978578189598,0.025504978578189598,0.019707714422607468,0.022485492200385242,0.01757568374575172,0.022202791886263108
417,0.022914135162526744,0.025504978578189598,0.025504978578189598,0.036374381089274134,0.0280410477559408,0.031135005779650025,0.02155066070381139
431,0.022914135162526744,0.025504978578189598,0.025504978578189598,0.011374381089274133,0.014152158867051911,0.020965514254226294,0.023567717616976003
435,0.022914135162526744,0.025504978578189598,0.025504978578189598,0.019707714422607468,0.022485492200385242,0.01757568374575172,0.021732650801239775
442,0.022914135162526744,0.025504978578189598,0.025504978578189598,0.036374381089274134,0.03359660331149635,0.024355344762700872,0.021565826545263754
481,0.022914135162526744,0.025504978578189598,0.025504978578189598,0.0280410477559408,0.02526326997816302,0.027745175271175447,0.02182364584995397
482,0.022914135162526744,0.025504978578189598,0.025504978578189598,0.019707714422607468,0.014152158867051911,0.024355344762700872,0.02202080178883472
508,0.022914135162526744,0.025504978578189598,0.025504978578189598,0.036374381089274134,0.022485492200385242,0.020965514254226294,0.021505163179454292
509,0.022914135162526744,0.025504978578189598,0.025504978578189598,0.0280410477559408,0.03359660331149635,0.024355344762700872,0.021520329020906656
561,0.022914135162526744,0.025504978578189598,0.025504978578189598,0.0280410477559408,0.02526326997816302,0.020965514254226294,0.021793314167049237
568,0.022914135162526744,0.025504978578189598,0.025504978578189598,0.0280410477559408,0.0280410477559408,0.024355344762700872,0.021732650801239775
582,0.022914135162526744,0.025504978578189598,0.025504978578189598,0.0280410477559408,0.030818825533718577,0.024355344762700872,0.02182364584995397
603,0.022914135162526744,0.025504978578189598,0.025504978578189598,0.019707714422607468,0.019707714422607468,0.031135005779650025,0.021732650801239775
609,0.022914135162526744,0.025504978578189598,0.025504978578189598,0.011374381089274133,0.022485492200385242,0.020965514254226294,0.023127908214857402
618,0.022914135162526744,0.025504978578189598,0.025504978578189598,0.036374381089274134,0.03359660331149635,0.027745175271175447,0.02158099238671612
627,0.022914135162526744,0.025504978578189598,0.025504978578189598,0.0280410477559408,0.030818825533718577,0.01757568374575172,0.021732650801239775
651,0.022914135162526744,0.025504978578189598,0.025504978578189598,0.0530410477559408,0.036374381089274134,0.024355344762700872,0.021505163179454292
666,0.022914135162526744,0.025504978578189598,0.025504978578189598,0.036374381089274134,0.03359660331149635,0.020965514254226294,0.021762982484144506
672,0.022914135162526744,0.025504978578189598,0.025504978578189598,0.011374381089274133,0.02526326997816302,0.034524836288124604,0.022688098812738804
736,0.022914135162526744,0.025504978578189598,0.025504978578189598,0.011374381089274133,0.019707714422607468,0.034524836288124604,0.023446390885357077
775,0.022914135162526744,0.025504978578189598,0.025504978578189598,0.0280410477559408,0.01692993664482969,0.031135005779650025,0.021656821593977946
841,0.022914135162526744,0.025504978578189598,0.025504978578189598,0.019707714422607468,0.019707714422607468,0.01757568374575172,0.021565826545263754
847,0.022914135162526744,0.025504978578189598,0.025504978578189598,0.019707714422607468,0.019707714422607468,0.027745175271175447,0.02223312356916784
877,0.022914135162526744,0.025504978578189598,0.025504978578189598,0.0280410477559408,0.02526326997816302,0.031135005779650025,0.021641655752525583
883,0.022914135162526744,0.025504978578189598,0.025504978578189598,0.019707714422607468,0.022485492200385242,0.027745175271175447,0.021944972581572894
889,0.022914135162526744,0.025504978578189598,0.025504978578189598,0.0280410477559408,0.022485492200385242,0.020965514254226294,0.0218539775328587
904,0.022914135162526744,0.025504978578189598,0.025504978578189598,0.0280410477559408,0.022485492200385242,0.024355344762700872,0.021671987435430314
908,0.022914135162526744,0.025504978578189598,0.025504978578189598,0.0280410477559408,0.01692993664482969,0.01757568374575172,0.02148999733800193
936,0.022914135162526744,0.025504978578189598,0.025504978578189598,0.0280410477559408,0.022485492200385242,0.020965514254226294,0.021535494862359023
946,0.022914135162526744,0.025504978578189598,0.025504978578189598,0.036374381089274134,0.019707714422607468,0.024355344762700872,0.02147483149654956
982,0.022914135162526744,0.025504978578189598,0.025504978578189598,0.044707714422607465,0.03359660331149635,0.027745175271175447,0.021520329020906656
989,0.022914135162526744,0.025504978578189598,0.025504978578189598,0.0280410477559408,0.0280410477559408,0.01757568374575172,0.02196013842302526
990,0.022914135162526744,0.025504978578189598,0.025504978578189598,0.019707714422607468,0.01692993664482969,0.024355344762700872,0.022096630996096548
003,0.022876232446165407,0.024873266638833942,0.024873266638833942,0.0280410477559408,0.022485492200385242,0.034524836288124604,0.021671987435430314
021,0.022876232446165407,0.024873266638833942,0.024873266638833942,0.019707714422607468,0.02526326997816302,0.027745175271175447,0.02158099238671612
022,0.022876232446165407,0.024873266638833942,0.024873266638833942,0.019707714422607468,0.02526326997816302,0.020965514254226294,0.022142128520453646
023,0.022876232446165407,0.024873266638833942,0.024873266638833942,0.019707714422607468,0.019707714422607468,0.031135005779650025,0.022005635947382356
031,0.022876232446165407,0.024873266638833942,0.024873266638833942,0.019707714422607468,0.02526326997816302,0.014185853237277142,0.02155066070381139
034,0.022876232446165407,0.024873266638833942,0.024873266638833942,0.044707714422607465,0.022485492200385242,0.024355344762700872,0.02148999733800193
074,0.022876232446165407,0.024873266638833942,0.024873266638833942,0.0530410477559408,0.030818825533718577,0.027745175271175447,0.021399002289287733
098,0.022876232446165407,0.024873266638833942,0.024873266638833942,0.0280410477559408,0.0280410477559408,0.024355344762700872,0.021793314167049237
109,0.022876232446165407,0.024873266638833942,0.024873266638833942,0.0280410477559408,0.02526326997816302,0.020965514254226294,0.02138383644783537
125,0.022876232446165407,0.024873266638833942,0.024873266638833942,0.019707714422607468,0.0280410477559408,0.01757568374575172,0.021641655752525583
131,0.022876232446165407,0.024873266638833942,0.024873266638833942,0.036374381089274134,0.022485492200385242,0.027745175271175447,0.021626489911073216
168,0.022876232446165407,0.024873266638833942,0.024873266638833942,0.019707714422607468,0.02526326997816302,0.027745175271175447,0.022172460203358377
196,0.022876232446165407,0.024873266638833942,0.024873266638833942,0.019707714422607468,0.030818825533718577,0.024355344762700872,0.021535494862359023
197,0.022876232446165407,0.024873266638833942,0.024873266638833942,0.019707714422607468,0.02526326997816302,0.027745175271175447,0.021778148325596873
200,0.022876232446165407,0.024873266638833942,0.024873266638833942,0.036374381089274134,0.022485492200385242,0.027745175271175447,0.02144449981364483
202,0.022876232446165407,0.024873266638833942,0.024873266638833942,0.0280410477559408,0.030818825533718577,0.01757568374575172,0.02158099238671612
205,0.022876232446165407,0.024873266638833942,0.024873266638833942,0.019707714422607468,0.03359660331149635,0.01757568374575172,0.021732650801239775
215,0.022876232446165407,0.024873266638833942,0.024873266638833942,0.019707714422607468,0.019707714422607468,0.020965514254226294,0.02212696267900128
225,0.022876232446165407,0.024873266638833942,0.024873266638833942,0.011374381089274133,0.019707714422607468,0.024355344762700872,0.022308952776429667
228,0.022876232446165407,0.024873266638833942,0.024873266638833942,0.019707714422607468,0.019707714422607468,0.024355344762700872,0.021793314167049237
236,0.022876232446165407,0.024873266638833942,0.024873266638833942,0.036374381089274134,0.02526326997816302,0.024355344762700872,0.02148999733800193
251,0.022876232446165407,0.024873266638833942,0.024873266638833942,0.0280410477559408,0.030818825533718577,0.020965514254226294,0.021429333972192464
291,0.022876232446165407,0.024873266638833942,0.024873266638833942,0.019707714422607468,0.022485492200385242,0.01757568374575172,0.022035967630287086
297,0.022876232446165407,0.024873266638833942,0.024873266638833942,0.011374381089274133,0.014152158867051911,0.027745175271175447,0.02276392802000063
300,0.022876232446165407,0.024873266638833942,0.024873266638833942,0.0280410477559408,0.019707714422607468,0.024355344762700872,0.021459665655097198
306,0.022876232446165407,0.024873266638833942,0.024873266638833942,0.011374381089274133,0.01692993664482969,0.024355344762700872,0.022415113666596223
308,0.022876232446165407,0.024873266638833942,0.024873266638833942,0.019707714422607468,0.022485492200385242,0.010796022728802566,0.021520329020906656
312,0.022876232446165407,0.024873266638833942,0.024873266638833942,0.011374381089274133,0.019707714422607468,0.020965514254226294,0.022415113666596223
316,0.022876232446165407,0.024873266638833942,0.024873266638833942,0.019707714422607468,0.022485492200385242,0.020965514254226294,0.021565826545263754
317,0.022876232446165407,0.024873266638833942,0.024873266638833942,0.0280410477559408,0.022485492200385242,0.024355344762700872,0.021505163179454292
330,0.022876232446165407,0.024873266638833942,0.024873266638833942,0.011374381089274133,0.036374381089274134,0.01757568374575172,0.022475777032405685
379,0.022876232446165407,0.024873266638833942,0.024873266638833942,0.0280410477559408,0.022485492200385242,0.024355344762700872,0.021565826545263754
381,0.022876232446165407,0.024873266638833942,0.024873266638833942,0.036374381089274134,0.03359660331149635,0.031135005779650025,0.02147483149654956
389,0.022876232446165407,0.024873266638833942,0.024873266638833942,0.0280410477559408,0.022485492200385242,0.037914666796599175,0.022005635947382356
390,0.022876232446165407,0.024873266638833942,0.024873266638833942,0.019707714422607468,0.01692993664482969,0.027745175271175447,0.02182364584995397
427,0.022876232446165407,0.024873266638833942,0.024873266638833942,0.0280410477559408,0.022485492200385242,0.031135005779650025,0.02138383644783537
461,0.022876232446165407,0.024873266638833942,0.024873266638833942,0.019707714422607468,0.02526326997816302,0.034524836288124604,0.021899475057215796
463,0.022876232446165407,0.024873266638833942,0.024873266638833942,0.036374381089274134,0.022485492200385242,0.01757568374575172,0.02168715327688268
485,0.022876232446165407,0.024873266638833942,0.024873266638833942,0.019707714422607468,0.02526326997816302,0.034524836288124604,0.021899475057215796
490,0.022876232446165407,0.024873266638833942,0.024873266638833942,0.011374381089274133,0.036374381089274134,0.01757568374575172,0.02253644039821515
517,0.022876232446165407,0.024873266638833942,0.024873266638833942,0.036374381089274134,0.02526326997816302,0.014185853237277142,0.02155066070381139
594,0.022876232446165407,0.024873266638833942,0.024873266638833942,0.011374381089274133,0.019707714422607468,0.027745175271175447,0.02341605920245235
595,0.022876232446165407,0.024873266638833942,0.024873266638833942,0.036374381089274134,0.02526326997816302,0.01757568374575172,0.02148999733800193
610,0.022876232446165407,0.024873266638833942,0.024873266638833942,0.036374381089274134,0.022485492200385242,0.01757568374575172,0.021641655752525583
636,0.022876232446165407,0.024873266638833942,0.024873266638833942,0.019707714422607468,0.0280410477559408,0.031135005779650025,0.021459665655097198
652,0.022876232446165407,0.024873266638833942,0.024873266638833942,0.019707714422607468,0.02526326997816302,0.020965514254226294,0.021626489911073216
659,0.022876232446165407,0.024873266638833942,0.024873266638833942,0.011374381089274133,0.019707714422607468,0.031135005779650025,0.02232411861788203
690,0.022876232446165407,0.024873266638833942,0.024873266638833942,0.036374381089274134,0.02526326997816302,0.027745175271175447,0.021747816642692142
704,0.022876232446165407,0.024873266638833942,0.024873266638833942,0.036374381089274134,0.030818825533718577,0.031135005779650025,0.02155066070381139
705,0.022876232446165407,0.024873266638833942,0.024873266638833942,0.0280410477559408,0.02526326997816302,0.01757568374575172,0.021626489911073216
709,0.022876232446165407,0.024873266638833942,0.024873266638833942,0.011374381089274133,0.019707714422607468,0.014185853237277142,0.023309898312285787
711,0.022876232446165407,0.024873266638833942,0.024873266638833942,0.0280410477559408,0.022485492200385242,0.027745175271175447,0.02215729436190601
718,0.022876232446165407,0.024873266638833942,0.024873266638833942,0.044707714422607465,0.0280410477559408,0.020965514254226294,0.02147483149654956
740,0.022876232446165407,0.024873266638833942,0.024873266638833942,0.0280410477559408,0.03359660331149635,0.020965514254226294,0.021747816642692142
745,0.022876232446165407,0.024873266638833942,0.024873266638833942,0.011374381089274133,0.019707714422607468,0.020965514254226294,0.022339284459334394
752,0.022876232446165407,0.024873266638833942,0.024873266638833942,0.019707714422607468,0.030818825533718577,0.027745175271175447,0.021838811691406335
764,0.022876232446165407,0.024873266638833942,0.024873266638833942,0.036374381089274134,0.030818825533718577,0.01757568374575172,0.021671987435430314
781,0.022876232446165407,0.024873266638833942,0.024873266638833942,0.019707714422607468,0.02526326997816302,0.020965514254226294,0.0214141681307401
799,0.022876232446165407,0.024873266638833942,0.024873266638833942,0.0280410477559408,0.0280410477559408,0.010796022728802566,0.022081465154644184
816,0.022876232446165407,0.024873266638833942,0.024873266638833942,0.019707714422607468,0.014152158867051911,0.020965514254226294,0.022248289410620202
832,0.022876232446165407,0.024873266638833942,0.024873266638833942,0.036374381089274134,0.022485492200385242,0.027745175271175447,0.022005635947382356
850,0.022876232446165407,0.024873266638833942,0.024873266638833942,0.0280410477559408,0.022485492200385242,0.027745175271175447,0.02158099238671612
851,0.022876232446165407,0.024873266638833942,0.024873266638833942,0.0280410477559408,0.036374381089274134,0.024355344762700872,0.021535494862359023
853,0.022876232446165407,0.024873266638833942,0.024873266638833942,0.036374381089274134,0.02526326997816302,0.024355344762700872,0.02138383644783537
866,0.022876232446165407,0.024873266638833942,0.024873266638833942,0.019707714422607468,0.022485492200385242,0.014185853237277142,0.021762982484144506
887,0.022876232446165407,0.024873266638833942,0.024873266638833942,0.036374381089274134,0.0280410477559408,0.034524836288124604,0.021611324069620852
917,0.022876232446165407,0.024873266638833942,0.024873266638833942,0.0280410477559408,0.03359660331149635,0.031135005779650025,0.02182364584995397
927,0.022876232446165407,0.024873266638833942,0.024873266638833942,0.011374381089274133,0.03915215886705191,0.031135005779650025,0.02235445030078676
950,0.022876232446165407,0.024873266638833942,0.024873266638833942,0.036374381089274134,0.0280410477559408,0.014185853237277142,0.021459665655097198
959,0.022876232446165407,0.024873266638833942,0.024873266638833942,0.044707714422607465,0.036374381089274134,0.014185853237277142,0.021399002289287733
009,0.022838329729804065,0.02424155469947829,0.02424155469947829,0.0280410477559408,0.019707714422607468,0.027745175271175447,0.02159615822816849
028,0.022838329729804065,0.02424155469947829,0.02424155469947829,0.019707714422607468,0.019707714422607468,0.01757568374575172,0.02147483149654956
075,0.022838329729804065,0.02424155469947829,0.02424155469947829,0.0280410477559408,0.02526326997816302,0.020965514254226294,0.021778148325596873
104,0.022838329729804065,0.02424155469947829,0.02424155469947829,0.019707714422607468,0.02526326997816302,0.034524836288124604,0.022081465154644184
116,0.022838329729804065,0.02424155469947829,0.02424155469947829,0.011374381089274133,0.030818825533718577,0.024355344762700872,0.022551606239667513
159,0.022838329729804065,0.02424155469947829,0.02424155469947829,0.011374381089274133,0.01692993664482969,0.024355344762700872,0.02338572751954762
162,0.022838329729804065,0.02424155469947829,0.02424155469947829,0.044707714422607465,0.03359660331149635,0.020965514254226294,0.021520329020906656
190,0.022838329729804065,0.02424155469947829,0.02424155469947829,0.0280410477559408,0.01692993664482969,0.020965514254226294,0.022051133471739454
216,0.022838329729804065,0.02424155469947829,0.02424155469947829,0.011374381089274133,0.014152158867051911,0.024355344762700872,0.02293075227597665
248,0.022838329729804065,0.02424155469947829,0.02424155469947829,0.019707714422607468,0.019707714422607468,0.020965514254226294,0.02212696267900128
252,0.022838329729804065,0.02424155469947829,0.02424155469947829,0.036374381089274134,0.03359660331149635,0.020965514254226294,0.02182364584995397
279,0.022838329729804065,0.02424155469947829,0.02424155469947829,0.019707714422607468,0.019707714422607468,0.031135005779650025,0.02211179683754891
302,0.022838329729804065,0.02424155469947829,0.02424155469947829,0.011374381089274133,0.01692993664482969,0.014185853237277142,0.022688098812738804
307,0.022838329729804065,0.02424155469947829,0.02424155469947829,0.019707714422607468,0.0280410477559408,0.034524836288124604,0.02226345525207257
360,0.022838329729804065,0.02424155469947829,0.02424155469947829,0.036374381089274134,0.036374381089274134,0.01757568374575172,0.021505163179454292
365,0.022838329729804065,0.02424155469947829,0.02424155469947829,0.019707714422607468,0.022485492200385242,0.034524836288124604,0.02199047010592999
368,0.022838329729804065,0.02424155469947829,0.02424155469947829,0.0280410477559408,0.030818825533718577,0.020965514254226294,0.021702319118335044
375,0.022838329729804065,0.02424155469947829,0.02424155469947829,0.019707714422607468,0.019707714422607468,0.020965514254226294,0.0218539775328587
392,0.022838329729804065,0.02424155469947829,0.02424155469947829,0.0280410477559408,0.0280410477559408,0.020965514254226294,0.021762982484144506
472,0.022838329729804065,0.02424155469947829,0.02424155469947829,0.0280410477559408,0.022485492200385242,0.024355344762700872,0.02148999733800193
488,0.022838329729804065,0.02424155469947829,0.02424155469947829,0.011374381089274133,0.011374381089274133,0.014185853237277142,0.02411368790926116
510,0.022838329729804065,0.02424155469947829,0.02424155469947829,0.0280410477559408,0.03359660331149635,0.024355344762700872,0.021459665655097198
542,0.022838329729804065,0.02424155469947829,0.02424155469947829,0.044707714422607465,0.02526326997816302,0.034524836288124604,0.02158099238671612
557,0.022838329729804065,0.02424155469947829,0.02424155469947829,0.0280410477559408,0.01692993664482969,0.020965514254226294,0.021626489911073216
565,0.022838329729804065,0.02424155469947829,0.02424155469947829,0.011374381089274133,0.01692993664482969,0.034524836288124604,0.022961083958881384
566,0.022838329729804065,0.02424155469947829,0.02424155469947829,0.019707714422607468,0.022485492200385242,0.027745175271175447,0.02202080178883472
569,0.022838329729804065,0.02424155469947829,0.02424155469947829,0.019707714422607468,0.03359660331149635,0.027745175271175447,0.021505163179454292
577,0.022838329729804065,0.02424155469947829,0.02424155469947829,0.011374381089274133,0.01692993664482969,0.024355344762700872,0.02267293297128644
579,0.022838329729804065,0.02424155469947829,0.02424155469947829,0.019707714422607468,0.022485492200385242,0.027745175271175447,0.022066299313191817
601,0.022838329729804065,0.02424155469947829,0.02424155469947829,0.019707714422607468,0.019707714422607468,0.020965514254226294,0.021641655752525583
602,0.022838329729804065,0.02424155469947829,0.02424155469947829,0.019707714422607468,0.01692993664482969,0.027745175271175447,0.02226345525207257
615,0.022838329729804065,0.02424155469947829,0.02424155469947829,0.019707714422607468,0.022485492200385242,0.01757568374575172,0.021732650801239775
632,0.022838329729804065,0.02424155469947829,0.02424155469947829,0.019707714422607468,0.019707714422607468,0.020965514254226294,0.021975304264477625
679,0.022838329729804065,0.02424155469947829,0.02424155469947829,0.019707714422607468,0.01692993664482969,0.020965514254226294,0.022081465154644184
683,0.022838329729804065,0.02424155469947829,0.02424155469947829,0.0280410477559408,0.019707714422607468,0.027745175271175447,0.021869143374311065
689,0.022838329729804065,0.02424155469947829,0.02424155469947829,0.0280410477559408,0.022485492200385242,0.024355344762700872,0.02159615822816849
694,0.022838329729804065,0.02424155469947829,0.02424155469947829,0.011374381089274133,0.019707714422607468,0.01757568374575172,0.02256677208111988
696,0.022838329729804065,0.02424155469947829,0.02424155469947829,0.0280410477559408,0.02526326997816302,0.01757568374575172,0.021459665655097198
703,0.022838329729804065,0.02424155469947829,0.02424155469947829,0.011374381089274133,0.02526326997816302,0.020965514254226294,0.022369616142239125
726,0.022838329729804065,0.02424155469947829,0.02424155469947829,0.036374381089274134,0.02526326997816302,0.020965514254226294,0.02171748495978741
735,0.022838329729804065,0.02424155469947829,0.02424155469947829,0.0280410477559408,0.02526326997816302,0.031135005779650025,0.021702319118335044
751,0.022838329729804065,0.02424155469947829,0.02424155469947829,0.036374381089274134,0.019707714422607468,0.020965514254226294,0.021611324069620852
755,0.022838329729804065,0.02424155469947829,0.02424155469947829,0.019707714422607468,0.02526326997816302,0.027745175271175447,0.022081465154644184
768,0.022838329729804065,0.02424155469947829,0.02424155469947829,0.011374381089274133,0.019707714422607468,0.027745175271175447,0.022490942873858052
779,0.022838329729804065,0.02424155469947829,0.02424155469947829,0.011374381089274133,0.0280410477559408,0.01757568374575172,0.023097576531952674
788,0.022838329729804065,0.02424155469947829,0.02424155469947829,0.0280410477559408,0.030818825533718577,0.01757568374575172,0.021656821593977946
801,0.022838329729804065,0.02424155469947829,0.02424155469947829,0.0280410477559408,0.022485492200385242,0.01757568374575172,0.021611324069620852
804,0.022838329729804065,0.02424155469947829,0.02424155469947829,0.019707714422607468,0.02526326997816302,0.037914666796599175,0.02223312356916784
819,0.022838329729804065,0.02424155469947829,0.02424155469947829,0.0280410477559408,0.022485492200385242,0.031135005779650025,0.02138383644783537
840,0.022838329729804065,0.02424155469947829,0.02424155469947829,0.0280410477559408,0.0280410477559408,0.020965514254226294,0.02171748495978741
862,0.022838329729804065,0.02424155469947829,0.02424155469947829,0.0280410477559408,0.022485492200385242,0.020965514254226294,0.02158099238671612
876,0.022838329729804065,0.02424155469947829,0.02424155469947829,0.011374381089274133,0.022485492200385242,0.01757568374575172,0.022794259702905363
888,0.022838329729804065,0.02424155469947829,0.02424155469947829,0.044707714422607465,0.0280410477559408,0.027745175271175447,0.02138383644783537
891,0.022838329729804065,0.02424155469947829,0.02424155469947829,0.019707714422607468,0.03359660331149635,0.020965514254226294,0.021535494862359023
897,0.022838329729804065,0.02424155469947829,0.02424155469947829,0.044707714422607465,0.0280410477559408,0.020965514254226294,0.021399002289287733
903,0.022838329729804065,0.02424155469947829,0.02424155469947829,0.0280410477559408,0.01692993664482969,0.024355344762700872,0.022005635947382356
913,0.022838329729804065,0.02424155469947829,0.02424155469947829,0.019707714422607468,0.0280410477559408,0.031135005779650025,0.021671987435430314
921,0.022838329729804065,0.02424155469947829,0.02424155469947829,0.019707714422607468,0.030818825533718577,0.024355344762700872,0.02212696267900128
923,0.022838329729804065,0.02424155469947829,0.02424155469947829,0.0280410477559408,0.022485492200385242,0.020965514254226294,0.021656821593977946
930,0.022838329729804065,0.02424155469947829,0.02424155469947829,0.036374381089274134,0.036374381089274134,0.020965514254226294,0.0214141681307401
933,0.022838329729804065,0.02424155469947829,0.02424155469947829,0.0280410477559408,0.02526326997816302,0.020965514254226294,0.02188430921576343
938,0.022838329729804065,0.02424155469947829,0.02424155469947829,0.036374381089274134,0.03359660331149635,0.027745175271175447,0.021459665655097198
939,0.022838329729804065,0.02424155469947829,0.02424155469947829,0.0280410477559408,0.0280410477559408,0.014185853237277142,0.02144449981364483
943,0.022838329729804065,0.02424155469947829,0.02424155469947829,0.019707714422607468,0.019707714422607468,0.027745175271175447,0.021641655752525583
956,0.022838329729804065,0.02424155469947829,0.02424155469947829,0.019707714422607468,0.02526326997816302,0.010796022728802566,0.021975304264477625
962,0.022838329729804065,0.02424155469947829,0.02424155469947829,0.036374381089274134,0.022485492200385242,0.01757568374575172,0.0214141681307401
996,0.022838329729804065,0.02424155469947829,0.02424155469947829,0.019707714422607468,0.01692993664482969,0.031135005779650025,0.022066299313191817
997,0.022838329729804065,0.02424155469947829,0.02424155469947829,0.011374381089274133,0.02526326997816302,0.01757568374575172,0.022733596337095898
010,0.022800427013442728,0.023609842760122634,0.023609842760122634,0.019707714422607468,0.02526326997816302,0.020965514254226294,0.021793314167049237
030,0.022800427013442728,0.023609842760122634,0.023609842760122634,0.019707714422607468,0.022485492200385242,0.01757568374575172,0.021838811691406335
036,0.022800427013442728,0.023609842760122634,0.023609842760122634,0.011374381089274133,0.01692993664482969,0.01757568374575172,0.022384781983691492
047,0.022800427013442728,0.023609842760122634,0.023609842760122634,0.011374381089274133,0.01692993664482969,0.014185853237277142,0.02290042059307192
054,0.022800427013442728,0.023609842760122634,0.023609842760122634,0.0280410477559408,0.030818825533718577,0.01757568374575172,0.021505163179454292
071,0.022800427013442728,0.023609842760122634,0.023609842760122634,0.019707714422607468,0.01692993664482969,0.014185853237277142,0.022051133471739454
076,0.022800427013442728,0.023609842760122634,0.023609842760122634,0.019707714422607468,0.022485492200385242,0.024355344762700872,0.022187626044810744
099,0.022800427013442728,0.023609842760122634,0.023609842760122634,0.011374381089274133,0.019707714422607468,0.020965514254226294,0.022506108715310415
100,0.022800427013442728,0.023609842760122634,0.023609842760122634,0.0280410477559408,0.022485492200385242,0.024355344762700872,0.021944972581572894
140,0.022800427013442728,0.023609842760122634,0.023609842760122634,0.011374381089274133,0.019707714422607468,0.024355344762700872,0.022308952776429667
165,0.022800427013442728,0.023609842760122634,0.023609842760122634,0.036374381089274134,0.02526326997816302,0.031135005779650025,0.02182364584995397
175,0.022800427013442728,0.023609842760122634,0.023609842760122634,0.011374381089274133,0.022485492200385242,0.020965514254226294,0.022384781983691492
183,0.022800427013442728,0.023609842760122634,0.023609842760122634,0.044707714422607465,0.0280410477559408,0.024355344762700872,0.021429333972192464
240,0.022800427013442728,0.023609842760122634,0.023609842760122634,0.036374381089274134,0.02526326997816302,0.01757568374575172,0.02148999733800193
257,0.022800427013442728,0.023609842760122634,0.023609842760122634,0.011374381089274133,0.019707714422607468,0.01757568374575172,0.02232411861788203
260,0.022800427013442728,0.023609842760122634,0.023609842760122634,0.019707714422607468,0.019707714422607468,0.031135005779650025,0.02168715327688268
263,0.022800427013442728,0.023609842760122634,0.023609842760122634,0.019707714422607468,0.022485492200385242,0.01757568374575172,0.02188430921576343
264,0.022800427013442728,0.023609842760122634,0.023609842760122634,0.019707714422607468,0.01692993664482969,0.020965514254226294,0.021399002289287733
266,0.022800427013442728,0.023609842760122634,0.023609842760122634,0.019707714422607468,0.01692993664482969,0.020965514254226294,0.021429333972192464
322,0.022800427013442728,0.023609842760122634,0.023609842760122634,0.036374381089274134,0.019707714422607468,0.024355344762700872,0.021565826545263754
331,0.022800427013442728,0.023609842760122634,0.023609842760122634,0.0280410477559408,0.030818825533718577,0.024355344762700872,0.021975304264477625
335,0.022800427013442728,0.023609842760122634,0.023609842760122634,0.019707714422607468,0.019707714422607468,0.020965514254226294,0.02182364584995397
339,0.022800427013442728,0.023609842760122634,0.023609842760122634,0.019707714422607468,0.019707714422607468,0.020965514254226294,0.021869143374311065
353,0.022800427013442728,0.023609842760122634,0.023609842760122634,0.0280410477559408,0.022485492200385242,0.031135005779650025,0.0218539775328587
402,0.022800427013442728,0.023609842760122634,0.023609842760122634,0.0280410477559408,0.022485492200385242,0.020965514254226294,0.021399002289287733
413,0.022800427013442728,0.023609842760122634,0.023609842760122634,0.0280410477559408,0.0280410477559408,0.034524836288124604,0.021975304264477625
423,0.022800427013442728,0.023609842760122634,0.023609842760122634,0.019707714422607468,0.022485492200385242,0.020965514254226294,0.02199047010592999
428,0.022800427013442728,0.023609842760122634,0.023609842760122634,0.019707714422607468,0.0280410477559408,0.031135005779650025,0.021671987435430314
430,0.022800427013442728,0.023609842760122634,0.023609842760122634,0.011374381089274133,0.02526326997816302,0.020965514254226294,0.02256677208111988
449,0.022800427013442728,0.023609842760122634,0.023609842760122634,0.0280410477559408,0.019707714422607468,0.024355344762700872,0.021778148325596873
460,0.022800427013442728,0.023609842760122634,0.023609842760122634,0.019707714422607468,0.022485492200385242,0.020965514254226294,0.022248289410620202
468,0.022800427013442728,0.023609842760122634,0.023609842760122634,0.036374381089274134,0.02526326997816302,0.024355344762700872,0.021399002289287733
471,0.022800427013442728,0.023609842760122634,0.023609842760122634,0.019707714422607468,0.019707714422607468,0.01757568374575172,0.02199047010592999
489,0.022800427013442728,0.023609842760122634,0.023609842760122634,0.011374381089274133,0.019707714422607468,0.034524836288124604,0.02239994782514386
545,0.022800427013442728,0.023609842760122634,0.023609842760122634,0.019707714422607468,0.022485492200385242,0.014185853237277142,0.021808480008501604
546,0.022800427013442728,0.023609842760122634,0.023609842760122634,0.019707714422607468,0.022485492200385242,0.020965514254226294,0.021778148325596873
553,0.022800427013442728,0.023609842760122634,0.023609842760122634,0.036374381089274134,0.019707714422607468,0.01757568374575172,0.021429333972192464
560,0.022800427013442728,0.023609842760122634,0.023609842760122634,0.011374381089274133,0.01692993664482969,0.01757568374575172,0.022779093861453
563,0.022800427013442728,0.023609842760122634,0.023609842760122634,0.011374381089274133,0.022485492200385242,0.027745175271175447,0.022490942873858052
583,0.022800427013442728,0.023609842760122634,0.023609842760122634,0.019707714422607468,0.0280410477559408,0.01757568374575172,0.02159615822816849
668,0.022800427013442728,0.023609842760122634,0.023609842760122634,0.011374381089274133,0.022485492200385242,0.024355344762700872,0.023325064153738157
695,0.022800427013442728,0.023609842760122634,0.023609842760122634,0.019707714422607468,0.0280410477559408,0.01757568374575172,0.021641655752525583
698,0.022800427013442728,0.023609842760122634,0.023609842760122634,0.019707714422607468,0.014152158867051911,0.01757568374575172,0.021778148325596873
707,0.022800427013442728,0.023609842760122634,0.023609842760122634,0.019707714422607468,0.019707714422607468,0.024355344762700872,0.022051133471739454
712,0.022800427013442728,0.023609842760122634,0.023609842760122634,0.019707714422607468,0.02526326997816302,0.027745175271175447,0.02226345525207257
716,0.022800427013442728,0.023609842760122634,0.023609842760122634,0.011374381089274133,0.022485492200385242,0.024355344762700872,0.022703264654191167
748,0.022800427013442728,0.023609842760122634,0.023609842760122634,0.036374381089274134,0.030818825533718577,0.020965514254226294,0.021671987435430314
758,0.022800427013442728,0.023609842760122634,0.023609842760122634,0.011374381089274133,0.022485492200385242,0.014185853237277142,0.0222937869349773
760,0.022800427013442728,0.023609842760122634,0.023609842760122634,0.044707714422607465,0.03359660331149635,0.024355344762700872,0.021626489911073216
765,0.022800427013442728,0.023609842760122634,0.023609842760122634,0.0280410477559408,0.022485492200385242,0.024355344762700872,0.021808480008501604
782,0.022800427013442728,0.023609842760122634,0.023609842760122634,0.011374381089274133,0.014152158867051911,0.020965514254226294,0.02394686365328514
800,0.022800427013442728,0.023609842760122634,0.023609842760122634,0.019707714422607468,0.01692993664482969,0.027745175271175447,0.02147483149654956
857,0.022800427013442728,0.023609842760122634,0.023609842760122634,0.019707714422607468,0.022485492200385242,0.027745175271175447,0.02226345525207257
858,0.022800427013442728,0.023609842760122634,0.023609842760122634,0.0280410477559408,0.022485492200385242,0.01757568374575172,0.021732650801239775
882,0.022800427013442728,0.023609842760122634,0.023609842760122634,0.011374381089274133,0.011374381089274133,0.024355344762700872,0.02411368790926116
892,0.022800427013442728,0.023609842760122634,0.023609842760122634,0.036374381089274134,0.02526326997816302,0.031135005779650025,0.02168715327688268
894,0.022800427013442728,0.023609842760122634,0.023609842760122634,0.044707714422607465,0.022485492200385242,0.027745175271175447,0.02159615822816849
900,0.022800427013442728,0.023609842760122634,0.023609842760122634,0.0280410477559408,0.02526326997816302,0.01757568374575172,0.022051133471739454
909,0.022800427013442728,0.023609842760122634,0.023609842760122634,0.036374381089274134,0.0280410477559408,0.01757568374575172,0.02148999733800193
942,0.022800427013442728,0.023609842760122634,0.023609842760122634,0.019707714422607468,0.022485492200385242,0.027745175271175447,0.0214141681307401
949,0.022800427013442728,0.023609842760122634,0.023609842760122634,0.0280410477559408,0.02526326997816302,0.01757568374575172,0.021565826545263754
969,0.022800427013442728,0.023609842760122634,0.023609842760122634,0.019707714422607468,0.019707714422607468,0.024355344762700872,0.021656821593977946
980,0.022800427013442728,0.023609842760122634,0.023609842760122634,0.0280410477559408,0.022485492200385242,0.020965514254226294,0.022051133471739454
986,0.022800427013442728,0.023609842760122634,0.023609842760122634,0.0280410477559408,0.022485492200385242,0.01757568374575172,0.021641655752525583
001,0.022762524297081387,0.02297813082076698,0.02297813082076698,0.0280410477559408,0.036374381089274134,0.014185853237277142,0.021944972581572894
044,0.022762524297081387,0.02297813082076698,0.02297813082076698,0.019707714422607468,0.0280410477559408,0.020965514254226294,0.021505163179454292
045,0.022762524297081387,0.02297813082076698,0.02297813082076698,0.0280410477559408,0.02526326997816302,0.027745175271175447,0.021778148325596873
050,0.022762524297081387,0.02297813082076698,0.02297813082076698,0.0280410477559408,0.019707714422607468,0.020965514254226294,0.021520329020906656
123,0.022762524297081387,0.02297813082076698,0.02297813082076698,0.0280410477559408,0.030818825533718577,0.031135005779650025,0.021702319118335044
143,0.022762524297081387,0.02297813082076698,0.02297813082076698,0.0280410477559408,0.019707714422607468,0.020965514254226294,0.02188430921576343
150,0.022762524297081387,0.02297813082076698,0.02297813082076698,0.019707714422607468,0.03915215886705191,0.020965514254226294,0.021975304264477625
161,0.022762524297081387,0.02297813082076698,0.02297813082076698,0.011374381089274133,0.014152158867051911,0.024355344762700872,0.023370561678095255
164,0.022762524297081387,0.02297813082076698,0.02297813082076698,0.019707714422607468,0.019707714422607468,0.024355344762700872,0.021762982484144506
173,0.022762524297081387,0.02297813082076698,0.02297813082076698,0.019707714422607468,0.0280410477559408,0.027745175271175447,0.022172460203358377
177,0.022762524297081387,0.02297813082076698,0.02297813082076698,0.0280410477559408,0.02526326997816302,0.014185853237277142,0.021747816642692142
195,0.022762524297081387,0.02297813082076698,0.02297813082076698,0.019707714422607468,0.019707714422607468,0.027745175271175447,0.021520329020906656
229,0.022762524297081387,0.02297813082076698,0.02297813082076698,0.0280410477559408,0.02526326997816302,0.027745175271175447,0.021459665655097198
262,0.022762524297081387,0.02297813082076698,0.02297813082076698,0.019707714422607468,0.01692993664482969,0.020965514254226294,0.022066299313191817
265,0.022762524297081387,0.02297813082076698,0.02297813082076698,0.0280410477559408,0.03359660331149635,0.020965514254226294,0.021429333972192464
270,0.022762524297081387,0.02297813082076698,0.02297813082076698,0.019707714422607468,0.02526326997816302,0.031135005779650025,0.022142128520453646
273,0.022762524297081387,0.02297813082076698,0.02297813082076698,0.019707714422607468,0.019707714422607468,0.027745175271175447,0.02158099238671612
283,0.022762524297081387,0.02297813082076698,0.02297813082076698,0.036374381089274134,0.030818825533718577,0.027745175271175447,0.02147483149654956
301,0.022762524297081387,0.02297813082076698,0.02297813082076698,0.011374381089274133,0.014152158867051911,0.020965514254226294,0.023719376031499657
305,0.022762524297081387,0.02297813082076698,0.02297813082076698,0.019707714422607468,0.02526326997816302,0.01757568374575172,0.021702319118335044
311,0.022762524297081387,0.02297813082076698,0.02297813082076698,0.011374381089274133,0.019707714422607468,0.01757568374575172,0.022976249800333748
340,0.022762524297081387,0.02297813082076698,0.02297813082076698,0.019707714422607468,0.022485492200385242,0.024355344762700872,0.022035967630287086
348,0.022762524297081387,0.02297813082076698,0.02297813082076698,0.019707714422607468,0.019707714422607468,0.020965514254226294,0.021778148325596873
352,0.022762524297081387,0.02297813082076698,0.02297813082076698,0.011374381089274133,0.030818825533718577,0.020965514254226294,0.02243027950804859
399,0.022762524297081387,0.02297813082076698,0.02297813082076698,0.011374381089274133,0.019707714422607468,0.01757568374575172,0.022475777032405685
403,0.022762524297081387,0.02297813082076698,0.02297813082076698,0.019707714422607468,0.014152158867051911,0.024355344762700872,0.021732650801239775
444,0.022762524297081387,0.02297813082076698,0.02297813082076698,0.011374381089274133,0.019707714422607468,0.020965514254226294,0.022597103764024608
452,0.022762524297081387,0.02297813082076698,0.02297813082076698,0.036374381089274134,0.02526326997816302,0.024355344762700872,0.021899475057215796
478,0.022762524297081387,0.02297813082076698,0.02297813082076698,0.011374381089274133,0.014152158867051911,0.024355344762700872,0.023400893360999982
503,0.022762524297081387,0.02297813082076698,0.02297813082076698,0.0280410477559408,0.0280410477559408,0.01757568374575172,0.021975304264477625
540,0.022762524297081387,0.02297813082076698,0.02297813082076698,0.019707714422607468,0.0280410477559408,0.020965514254226294,0.021520329020906656
558,0.022762524297081387,0.02297813082076698,0.02297813082076698,0.036374381089274134,0.019707714422607468,0.027745175271175447,0.02147483149654956
562,0.022762524297081387,0.02297813082076698,0.02297813082076698,0.036374381089274134,0.03915215886705191,0.027745175271175447,0.02148999733800193
564,0.022762524297081387,0.02297813082076698,0.02297813082076698,0.011374381089274133,0.02526326997816302,0.020965514254226294,0.0222937869349773
614,0.022762524297081387,0.02297813082076698,0.02297813082076698,0.0280410477559408,0.022485492200385242,0.027745175271175447,0.02144449981364483
617,0.022762524297081387,0.02297813082076698,0.02297813082076698,0.0280410477559408,0.02526326997816302,0.027745175271175447,0.02144449981364483
621,0.022762524297081387,0.02297813082076698,0.02297813082076698,0.019707714422607468,0.0280410477559408,0.020965514254226294,0.021459665655097198
630,0.022762524297081387,0.02297813082076698,0.02297813082076698,0.019707714422607468,0.019707714422607468,0.020965514254226294,0.022202791886263108
641,0.022762524297081387,0.02297813082076698,0.02297813082076698,0.0280410477559408,0.022485492200385242,0.027745175271175447,0.021762982484144506
642,0.022762524297081387,0.02297813082076698,0.02297813082076698,0.0280410477559408,0.02526326997816302,0.024355344762700872,0.02159615822816849
654,0.022762524297081387,0.02297813082076698,0.02297813082076698,0.019707714422607468,0.0280410477559408,0.020965514254226294,0.021611324069620852
675,0.022762524297081387,0.02297813082076698,0.02297813082076698,0.011374381089274133,0.01692993664482969,0.020965514254226294,0.02235445030078676
681,0.022762524297081387,0.02297813082076698,0.02297813082076698,0.011374381089274133,0.014152158867051911,0.020965514254226294,0.022961083958881384
682,0.022762524297081387,0.02297813082076698,0.02297813082076698,0.019707714422607468,0.022485492200385242,0.027745175271175447,0.02168715327688268
692,0.022762524297081387,0.02297813082076698,0.02297813082076698,0.0280410477559408,0.01692993664482969,0.024355344762700872,0.021793314167049237
728,0.022762524297081387,0.02297813082076698,0.02297813082076698,0.011374381089274133,0.0280410477559408,0.024355344762700872,0.02246061119095332
731,0.022762524297081387,0.02297813082076698,0.02297813082076698,0.036374381089274134,0.030818825533718577,0.024355344762700872,0.022005635947382356
770,0.022762524297081387,0.02297813082076698,0.02297813082076698,0.0280410477559408,0.019707714422607468,0.01757568374575172,0.02144449981364483
772,0.022762524297081387,0.02297813082076698,0.02297813082076698,0.0280410477559408,0.019707714422607468,0.024355344762700872,0.0218539775328587
776,0.022762524297081387,0.02297813082076698,0.02297813082076698,0.0280410477559408,0.02526326997816302,0.01757568374575172,0.021429333972192464
778,0.022762524297081387,0.02297813082076698,0.02297813082076698,0.011374381089274133,0.022485492200385242,0.027745175271175447,0.02246061119095332
787,0.022762524297081387,0.02297813082076698,0.02297813082076698,0.019707714422607468,0.02526326997816302,0.031135005779650025,0.021535494862359023
809,0.022762524297081387,0.02297813082076698,0.02297813082076698,0.0280410477559408,0.022485492200385242,0.01757568374575172,0.02171748495978741
810,0.022762524297081387,0.02297813082076698,0.02297813082076698,0.019707714422607468,0.019707714422607468,0.034524836288124604,0.021732650801239775
820,0.022762524297081387,0.02297813082076698,0.02297813082076698,0.011374381089274133,0.0280410477559408,0.014185853237277142,0.022718430495643534
823,0.022762524297081387,0.02297813082076698,0.02297813082076698,0.0280410477559408,0.0280410477559408,0.031135005779650025,0.02168715327688268
824,0.022762524297081387,0.02297813082076698,0.02297813082076698,0.0280410477559408,0.01692993664482969,0.027745175271175447,0.021535494862359023
833,0.022762524297081387,0.02297813082076698,0.02297813082076698,0.044707714422607465,0.0280410477559408,0.027745175271175447,0.021429333972192464
835,0.022762524297081387,0.02297813082076698,0.02297813082076698,0.011374381089274133,0.01692993664482969,0.027745175271175447,0.022581937922572244
859,0.022762524297081387,0.02297813082076698,0.02297813082076698,0.011374381089274133,0.014152158867051911,0.010796022728802566,0.02367387850714256
860,0.022762524297081387,0.02297813082076698,0.02297813082076698,0.0280410477559408,0.03359660331149635,0.027745175271175447,0.021975304264477625
880,0.022762524297081387,0.02297813082076698,0.02297813082076698,0.019707714422607468,0.022485492200385242,0.031135005779650025,0.022051133471739454
895,0.022762524297081387,0.02297813082076698,0.02297813082076698,0.019707714422607468,0.030818825533718577,0.01757568374575172,0.021899475057215796
905,0.022762524297081387,0.02297813082076698,0.02297813082076698,0.011374381089274133,0.011374381089274133,0.020965514254226294,0.02411368790926116
915,0.022762524297081387,0.02297813082076698,0.02297813082076698,0.0280410477559408,0.019707714422607468,0.034524836288124604,0.02159615822816849
928,0.022762524297081387,0.02297813082076698,0.02297813082076698,0.019707714422607468,0.019707714422607468,0.01757568374575172,0.02147483149654956
931,0.022762524297081387,0.02297813082076698,0.02297813082076698,0.019707714422607468,0.02526326997816302,0.031135005779650025,0.021611324069620852
948,0.022762524297081387,0.02297813082076698,0.02297813082076698,0.0280410477559408,0.0280410477559408,0.020965514254226294,0.0214141681307401
951,0.022762524297081387,0.02297813082076698,0.02297813082076698,0.019707714422607468,0.022485492200385242,0.024355344762700872,0.022142128520453646
954,0.022762524297081387,0.02297813082076698,0.02297813082076698,0.0280410477559408,0.022485492200385242,0.01757568374575172,0.021429333972192464
963,0.022762524297081387,0.02297813082076698,0.02297813082076698,0.019707714422607468,0.02526326997816302,0.027745175271175447,0.02158099238671612
965,0.022762524297081387,0.02297813082076698,0.02297813082076698,0.036374381089274134,0.019707714422607468,0.01757568374575172,0.021747816642692142
972,0.022762524297081387,0.02297813082076698,0.02297813082076698,0.0280410477559408,0.0280410477559408,0.027745175271175447,0.021869143374311065
974,0.022762524297081387,0.02297813082076698,0.02297813082076698,0.011374381089274133,0.019707714422607468,0.01757568374575172,0.022809425544357727
005,0.02272462158072005,0.022346418881411326,0.022346418881411326,0.019707714422607468,0.01692993664482969,0.014185853237277142,0.021535494862359023
012,0.02272462158072005,0.022346418881411326,0.022346418881411326,0.0280410477559408,0.02526326997816302,0.01757568374575172,0.021671987435430314
064,0.02272462158072005,0.022346418881411326,0.022346418881411326,0.0280410477559408,0.02526326997816302,0.014185853237277142,0.02138383644783537
086,0.02272462158072005,0.022346418881411326,0.022346418881411326,0.036374381089274134,0.019707714422607468,0.027745175271175447,0.021899475057215796
093,0.02272462158072005,0.022346418881411326,0.022346418881411326,0.011374381089274133,0.014152158867051911,0.020965514254226294,0.022976249800333748
096,0.02272462158072005,0.022346418881411326,0.022346418881411326,0.019707714422607468,0.01692993664482969,0.01757568374575172,0.021399002289287733
110,0.02272462158072005,0.022346418881411326,0.022346418881411326,0.019707714422607468,0.019707714422607468,0.024355344762700872,0.022187626044810744
113,0.02272462158072005,0.022346418881411326,0.022346418881411326,0.044707714422607465,0.030818825533718577,0.01757568374575172,0.021611324069620852
126,0.02272462158072005,0.022346418881411326,0.022346418881411326,0.019707714422607468,0.01692993664482969,0.014185853237277142,0.02144449981364483
153,0.02272462158072005,0.022346418881411326,0.022346418881411326,0.011374381089274133,0.014152158867051911,0.01757568374575172,0.024068190384904067
157,0.02272462158072005,0.022346418881411326,0.022346418881411326,0.011374381089274133,0.019707714422607468,0.020965514254226294,0.022809425544357727
180,0.02272462158072005,0.022346418881411326,0.022346418881411326,0.0280410477559408,0.02526326997816302,0.027745175271175447,0.02159615822816849
188,0.02272462158072005,0.022346418881411326,0.022346418881411326,0.036374381089274134,0.02526326997816302,0.027745175271175447,0.021520329020906656
203,0.02272462158072005,0.022346418881411326,0.022346418881411326,0.019707714422607468,0.022485492200385242,0.014185853237277142,0.022172460203358377
210,0.02272462158072005,0.022346418881411326,0.022346418881411326,0.011374381089274133,0.014152158867051911,0.01757568374575172,0.022718430495643534
219,0.02272462158072005,0.022346418881411326,0.022346418881411326,0.019707714422607468,0.01692993664482969,0.01757568374575172,0.022035967630287086
233,0.02272462158072005,0.022346418881411326,0.022346418881411326,0.019707714422607468,0.022485492200385242,0.024355344762700872,0.02147483149654956
249,0.02272462158072005,0.022346418881411326,0.022346418881411326,0.019707714422607468,0.030818825533718577,0.031135005779650025,0.02168715327688268
268,0.02272462158072005,0.022346418881411326,0.022346418881411326,0.0280410477559408,0.019707714422607468,0.027745175271175447,0.02138383644783537
276,0.02272462158072005,0.022346418881411326,0.022346418881411326,0.019707714422607468,0.019707714422607468,0.027745175271175447,0.021505163179454292
309,0.02272462158072005,0.022346418881411326,0.022346418881411326,0.011374381089274133,0.014152158867051911,0.01757568374575172,0.023658712665690196
319,0.02272462158072005,0.022346418881411326,0.022346418881411326,0.0280410477559408,0.019707714422607468,0.020965514254226294,0.021838811691406335
321,0.02272462158072005,0.022346418881411326,0.022346418881411326,0.019707714422607468,0.02526326997816302,0.020965514254226294,0.021747816642692142
332,0.02272462158072005,0.022346418881411326,0.022346418881411326,0.0280410477559408,0.02526326997816302,0.01757568374575172,0.02155066070381139
393,0.02272462158072005,0.022346418881411326,0.022346418881411326,0.011374381089274133,0.022485492200385242,0.010796022728802566,0.022521274556762783
414,0.02272462158072005,0.022346418881411326,0.022346418881411326,0.019707714422607468,0.019707714422607468,0.027745175271175447,0.022005635947382356
424,0.02272462158072005,0.022346418881411326,0.022346418881411326,0.019707714422607468,0.022485492200385242,0.024355344762700872,0.021702319118335044
429,0.02272462158072005,0.022346418881411326,0.022346418881411326,0.0280410477559408,0.019707714422607468,0.027745175271175447,0.022081465154644184
437,0.02272462158072005,0.022346418881411326,0.022346418881411326,0.0280410477559408,0.02526326997816302,0.020965514254226294,0.021399002289287733
438,0.02272462158072005,0.022346418881411326,0.022346418881411326,0.0280410477559408,0.030818825533718577,0.014185853237277142,0.02138383644783537
439,0.02272462158072005,0.022346418881411326,0.022346418881411326,0.011374381089274133,0.014152158867051911,0.024355344762700872,0.023962029494737504
441,0.02272462158072005,0.022346418881411326,0.022346418881411326,0.0280410477559408,0.0280410477559408,0.024355344762700872,0.021702319118335044
454,0.02272462158072005,0.022346418881411326,0.022346418881411326,0.011374381089274133,0.01692993664482969,0.024355344762700872,0.02246061119095332
462,0.02272462158072005,0.022346418881411326,0.022346418881411326,0.011374381089274133,0.011374381089274133,0.010796022728802566,0.02411368790926116
465,0.02272462158072005,0.022346418881411326,0.022346418881411326,0.0280410477559408,0.022485492200385242,0.01757568374575172,0.02215729436190601
466,0.02272462158072005,0.022346418881411326,0.022346418881411326,0.019707714422607468,0.022485492200385242,0.020965514254226294,0.02182364584995397
493,0.02272462158072005,0.022346418881411326,0.022346418881411326,0.019707714422607468,0.01692993664482969,0.020965514254226294,0.021747816642692142
495,0.02272462158072005,0.022346418881411326,0.022346418881411326,0.036374381089274134,0.03359660331149635,0.031135005779650025,0.02155066070381139
519,0.02272462158072005,0.022346418881411326,0.022346418881411326,0.011374381089274133,0.019707714422607468,0.020965514254226294,0.023082410690500304
536,0.02272462158072005,0.022346418881411326,0.022346418881411326,0.019707714422607468,0.0280410477559408,0.01757568374575172,0.02215729436190601
539,0.02272462158072005,0.022346418881411326,0.022346418881411326,0.019707714422607468,0.014152158867051911,0.01757568374575172,0.02138383644783537
567,0.02272462158072005,0.022346418881411326,0.022346418881411326,0.019707714422607468,0.022485492200385242,0.031135005779650025,0.021565826545263754
578,0.02272462158072005,0.022346418881411326,0.022346418881411326,0.019707714422607468,0.019707714422607468,0.024355344762700872,0.02155066070381139
585,0.02272462158072005,0.022346418881411326,0.022346418881411326,0.0280410477559408,0.02526326997816302,0.034524836288124604,0.021793314167049237
589,0.02272462158072005,0.022346418881411326,0.022346418881411326,0.011374381089274133,0.01692993664482969,0.041304497305073753,0.02334022999519052
616,0.02272462158072005,0.022346418881411326,0.022346418881411326,0.019707714422607468,0.01692993664482969,0.024355344762700872,0.021429333972192464
623,0.02272462158072005,0.022346418881411326,0.022346418881411326,0.011374381089274133,0.01692993664482969,0.01757568374575172,0.02239994782514386
631,0.02272462158072005,0.022346418881411326,0.022346418881411326,0.0280410477559408,0.03359660331149635,0.020965514254226294,0.021459665655097198
663,0.02272462158072005,0.022346418881411326,0.022346418881411326,0.019707714422607468,0.01692993664482969,0.020965514254226294,0.021929806740120527
671,0.02272462158072005,0.022346418881411326,0.022346418881411326,0.019707714422607468,0.01692993664482969,0.01757568374575172,0.022081465154644184
687,0.02272462158072005,0.022346418881411326,0.022346418881411326,0.036374381089274134,0.0280410477559408,0.024355344762700872,0.02144449981364483
721,0.02272462158072005,0.022346418881411326,0.022346418881411326,0.011374381089274133,0.022485492200385242,0.014185853237277142,0.02320373742211923
738,0.02272462158072005,0.022346418881411326,0.022346418881411326,0.0280410477559408,0.022485492200385242,0.01757568374575172,0.02148999733800193
741,0.02272462158072005,0.022346418881411326,0.022346418881411326,0.019707714422607468,0.019707714422607468,0.024355344762700872,0.021671987435430314
744,0.02272462158072005,0.022346418881411326,0.022346418881411326,0.019707714422607468,0.01692993664482969,0.031135005779650025,0.0218539775328587
756,0.02272462158072005,0.022346418881411326,0.022346418881411326,0.011374381089274133,0.011374381089274133,0.020965514254226294,0.02411368790926116
769,0.02272462158072005,0.022346418881411326,0.022346418881411326,0.019707714422607468,0.022485492200385242,0.027745175271175447,0.021793314167049237
793,0.02272462158072005,0.022346418881411326,0.022346418881411326,0.0280410477559408,0.02526326997816302,0.020965514254226294,0.02182364584995397
815,0.02272462158072005,0.022346418881411326,0.022346418881411326,0.019707714422607468,0.014152158867051911,0.020965514254226294,0.022187626044810744
817,0.02272462158072005,0.022346418881411326,0.022346418881411326,0.036374381089274134,0.0280410477559408,0.01757568374575172,0.02155066070381139
827,0.02272462158072005,0.022346418881411326,0.022346418881411326,0.044707714422607465,0.030818825533718577,0.024355344762700872,0.02144449981364483
852,0.02272462158072005,0.022346418881411326,0.022346418881411326,0.0280410477559408,0.0280410477559408,0.024355344762700872,0.02155066070381139
873,0.02272462158072005,0.022346418881411326,0.022346418881411326,0.019707714422607468,0.014152158867051911,0.014185853237277142,0.021429333972192464
890,0.02272462158072005,0.022346418881411326,0.022346418881411326,0.036374381089274134,0.0280410477559408,0.020965514254226294,0.02188430921576343
920,0.02272462158072005,0.022346418881411326,0.022346418881411326,0.011374381089274133,0.01692993664482969,0.037914666796599175,0.022794259702905363
941,0.02272462158072005,0.022346418881411326,0.022346418881411326,0.0280410477559408,0.0280410477559408,0.020965514254226294,0.02144449981364483
945,0.02272462158072005,0.022346418881411326,0.022346418881411326,0.0280410477559408,0.0280410477559408,0.01757568374575172,0.021838811691406335
955,0.02272462158072005,0.022346418881411326,0.022346418881411326,0.019707714422607468,0.019707714422607468,0.034524836288124604,0.022278621093524936
970,0.02272462158072005,0.022346418881411326,0.022346418881411326,0.011374381089274133,0.01692993664482969,0.037914666796599175,0.023446390885357077
991,0.02272462158072005,0.022346418881411326,0.022346418881411326,0.011374381089274133,0.030818825533718577,0.04469432781354833,0.02306724484904794
992,0.02272462158072005,0.022346418881411326,0.022346418881411326,0.019707714422607468,0.022485492200385242,0.024355344762700872,0.022172460203358377
993,0.02272462158072005,0.022346418881411326,0.022346418881411326,0.019707714422607468,0.019707714422607468,0.014185853237277142,0.021914640898668163
994,0.02272462158072005,0.022346418881411326,0.022346418881411326,0.011374381089274133,0.019707714422607468,0.027745175271175447,0.02314307405630977
998,0.02272462158072005,0.022346418881411326,0.022346418881411326,0.019707714422607468,0.01692993664482969,0.01757568374575172,0.021702319118335044
018,0.02268671886435871,0.021714706942055673,0.021714706942055673,0.0280410477559408,0.01692993664482969,0.014185853237277142,0.02148999733800193
020,0.02268671886435871,0.021714706942055673,0.021714706942055673,0.019707714422607468,0.019707714422607468,0.020965514254226294,0.021505163179454292
025,0.02268671886435871,0.021714706942055673,0.021714706942055673,0.036374381089274134,0.02526326997816302,0.020965514254226294,0.021656821593977946
038,0.02268671886435871,0.021714706942055673,0.021714706942055673,0.019707714422607468,0.01692993664482969,0.024355344762700872,0.021944972581572894
043,0.02268671886435871,0.021714706942055673,0.021714706942055673,0.011374381089274133,0.019707714422607468,0.027745175271175447,0.02276392802000063
065,0.02268671886435871,0.021714706942055673,0.021714706942055673,0.019707714422607468,0.022485492200385242,0.027745175271175447,0.022005635947382356
067,0.02268671886435871,0.021714706942055673,0.021714706942055673,0.011374381089274133,0.014152158867051911,0.020965514254226294,0.023218903263571594
070,0.02268671886435871,0.021714706942055673,0.021714706942055673,0.044707714422607465,0.02526326997816302,0.01757568374575172,0.0214141681307401
089,0.02268671886435871,0.021714706942055673,0.021714706942055673,0.019707714422607468,0.01692993664482969,0.020965514254226294,0.022051133471739454
108,0.02268671886435871,0.021714706942055673,0.021714706942055673,0.019707714422607468,0.02526326997816302,0.01757568374575172,0.02199047010592999
117,0.02268671886435871,0.021714706942055673,0.021714706942055673,0.0280410477559408,0.02526326997816302,0.020965514254226294,0.021702319118335044
129,0.02268671886435871,0.021714706942055673,0.021714706942055673,0.011374381089274133,0.011374381089274133,0.034524836288124604,0.02411368790926116
130,0.02268671886435871,0.021714706942055673,0.021714706942055673,0.019707714422607468,0.02526326997816302,0.01757568374575172,0.021762982484144506
136,0.02268671886435871,0.021714706942055673,0.021714706942055673,0.019707714422607468,0.019707714422607468,0.024355344762700872,0.02202080178883472
154,0.02268671886435871,0.021714706942055673,0.021714706942055673,0.0280410477559408,0.02526326997816302,0.024355344762700872,0.02144449981364483
156,0.02268671886435871,0.021714706942055673,0.021714706942055673,0.011374381089274133,0.02526326997816302,0.031135005779650025,0.022506108715310415
163,0.02268671886435871,0.021714706942055673,0.021714706942055673,0.0280410477559408,0.022485492200385242,0.014185853237277142,0.02155066070381139
172,0.02268671886435871,0.021714706942055673,0.021714706942055673,0.019707714422607468,0.01692993664482969,0.020965514254226294,0.021520329020906656
187,0.02268671886435871,0.021714706942055673,0.021714706942055673,0.019707714422607468,0.014152158867051911,0.020965514254226294,0.022278621093524936
201,0.02268671886435871,0.021714706942055673,0.021714706942055673,0.011374381089274133,0.01692993664482969,0.024355344762700872,0.02320373742211923
212,0.02268671886435871,0.021714706942055673,0.021714706942055673,0.011374381089274133,0.022485492200385242,0.024355344762700872,0.023006581483238482
223,0.02268671886435871,0.021714706942055673,0.021714706942055673,0.019707714422607468,0.02526326997816302,0.027745175271175447,0.021656821593977946
261,0.02268671886435871,0.021714706942055673,0.021714706942055673,0.0280410477559408,0.022485492200385242,0.014185853237277142,0.021671987435430314
272,0.02268671886435871,0.021714706942055673,0.021714706942055673,0.011374381089274133,0.019707714422607468,0.024355344762700872,0.022885254751619555
280,0.02268671886435871,0.021714706942055673,0.021714706942055673,0.019707714422607468,0.02526326997816302,0.027745175271175447,0.022096630996096548
285,0.02268671886435871,0.021714706942055673,0.021714706942055673,0.011374381089274133,0.014152158867051911,0.027745175271175447,0.02256677208111988
286,0.02268671886435871,0.021714706942055673,0.021714706942055673,0.0280410477559408,0.0280410477559408,0.031135005779650025,0.021565826545263754
325,0.02268671886435871,0.021714706942055673,0.021714706942055673,0.019707714422607468,0.022485492200385242,0.024355344762700872,0.021656821593977946
327,0.02268671886435871,0.021714706942055673,0.021714706942055673,0.036374381089274134,0.02526326997816302,0.024355344762700872,0.021565826545263754
329,0.02268671886435871,0.021714706942055673,0.021714706942055673,0.036374381089274134,0.030818825533718577,0.01757568374575172,0.021459665655097198
342,0.02268671886435871,0.021714706942055673,0.021714706942055673,0.011374381089274133,0.02526326997816302,0.024355344762700872,0.02232411861788203
346,0.02268671886435871,0.021714706942055673,0.021714706942055673,0.019707714422607468,0.019707714422607468,0.01757568374575172,0.021899475057215796
355,0.02268671886435871,0.021714706942055673,0.021714706942055673,0.019707714422607468,0.03359660331149635,0.010796022728802566,0.02144449981364483
371,0.02268671886435871,0.021714706942055673,0.021714706942055673,0.011374381089274133,0.014152158867051911,0.034524836288124604,0.023294732470833423
385,0.02268671886435871,0.021714706942055673,0.021714706942055673,0.019707714422607468,0.02526326997816302,0.024355344762700872,0.021944972581572894
388,0.02268671886435871,0.021714706942055673,0.021714706942055673,0.011374381089274133,0.019707714422607468,0.01757568374575172,0.022870088910167192
404,0.02268671886435871,0.021714706942055673,0.021714706942055673,0.019707714422607468,0.019707714422607468,0.024355344762700872,0.021399002289287733
405,0.02268671886435871,0.021714706942055673,0.021714706942055673,0.019707714422607468,0.022485492200385242,0.020965514254226294,0.02148999733800193
412,0.02268671886435871,0.021714706942055673,0.021714706942055673,0.044707714422607465,0.03359660331149635,0.020965514254226294,0.021747816642692142
416,0.02268671886435871,0.021714706942055673,0.021714706942055673,0.011374381089274133,0.019707714422607468,0.01757568374575172,0.02256677208111988
421,0.02268671886435871,0.021714706942055673,0.021714706942055673,0.019707714422607468,0.019707714422607468,0.020965514254226294,0.022066299313191817
426,0.02268671886435871,0.021714706942055673,0.021714706942055673,0.011374381089274133,0.02526326997816302,0.020965514254226294,0.022521274556762783
446,0.02268671886435871,0.021714706942055673,0.021714706942055673,0.019707714422607468,0.022485492200385242,0.024355344762700872,0.02158099238671612
448,0.02268671886435871,0.021714706942055673,0.021714706942055673,0.0280410477559408,0.019707714422607468,0.037914666796599175,0.02168715327688268
458,0.02268671886435871,0.021714706942055673,0.021714706942055673,0.0280410477559408,0.03359660331149635,0.014185853237277142,0.022035967630287086
479,0.02268671886435871,0.021714706942055673,0.021714706942055673,0.019707714422607468,0.02526326997816302,0.014185853237277142,0.02159615822816849
480,0.02268671886435871,0.021714706942055673,0.021714706942055673,0.011374381089274133,0.014152158867051911,0.024355344762700872,0.022642601288381706
494,0.02268671886435871,0.021714706942055673,0.021714706942055673,0.0280410477559408,0.022485492200385242,0.027745175271175447,0.021914640898668163
515,0.02268671886435871,0.021714706942055673,0.021714706942055673,0.0280410477559408,0.019707714422607468,0.020965514254226294,0.021702319118335044
520,0.02268671886435871,0.021714706942055673,0.021714706942055673,0.036374381089274134,0.022485492200385242,0.01757568374575172,0.02148999733800193
521,0.02268671886435871,0.021714706942055673,0.021714706942055673,0.019707714422607468,0.019707714422607468,0.024355344762700872,0.02138383644783537
530,0.02268671886435871,0.021714706942055673,0.021714706942055673,0.019707714422607468,0.019707714422607468,0.020965514254226294,0.021626489911073216
554,0.02268671886435871,0.021714706942055673,0.021714706942055673,0.0280410477559408,0.030818825533718577,0.01757568374575172,0.02138383644783537
574,0.02268671886435871,0.021714706942055673,0.021714706942055673,0.0280410477559408,0.02526326997816302,0.01757568374575172,0.021869143374311065
575,0.02268671886435871,0.021714706942055673,0.021714706942055673,0.019707714422607468,0.01692993664482969,0.031135005779650025,0.021793314167049237
581,0.02268671886435871,0.021714706942055673,0.021714706942055673,0.019707714422607468,0.01692993664482969,0.020965514254226294,0.02202080178883472
587,0.02268671886435871,0.021714706942055673,0.021714706942055673,0.0280410477559408,0.022485492200385242,0.031135005779650025,0.021505163179454292
598,0.02268671886435871,0.021714706942055673,0.021714706942055673,0.011374381089274133,0.01692993664482969,0.01757568374575172,0.022870088910167192
608,0.02268671886435871,0.021714706942055673,0.021714706942055673,0.019707714422607468,0.022485492200385242,0.01757568374575172,0.02211179683754891
639,0.02268671886435871,0.021714706942055673,0.021714706942055673,0.0280410477559408,0.01692993664482969,0.020965514254226294,0.021762982484144506
643,0.02268671886435871,0.021714706942055673,0.021714706942055673,0.0280410477559408,0.019707714422607468,0.01757568374575172,0.0214141681307401
646,0.02268671886435871,0.021714706942055673,0.021714706942055673,0.019707714422607468,0.030818825533718577,0.027745175271175447,0.021762982484144506
673,0.02268671886435871,0.021714706942055673,0.021714706942055673,0.011374381089274133,0.01692993664482969,0.024355344762700872,0.02246061119095332
674,0.02268671886435871,0.021714706942055673,0.021714706942055673,0.019707714422607468,0.01692993664482969,0.01757568374575172,0.02196013842302526
723,0.02268671886435871,0.021714706942055673,0.021714706942055673,0.019707714422607468,0.01692993664482969,0.024355344762700872,0.02182364584995397
732,0.02268671886435871,0.021714706942055673,0.021714706942055673,0.019707714422607468,0.022485492200385242,0.014185853237277142,0.02223312356916784
737,0.02268671886435871,0.021714706942055673,0.021714706942055673,0.019707714422607468,0.022485492200385242,0.027745175271175447,0.022096630996096548
746,0.02268671886435871,0.021714706942055673,0.021714706942055673,0.019707714422607468,0.01692993664482969,0.020965514254226294,0.02159615822816849
753,0.02268671886435871,0.021714706942055673,0.021714706942055673,0.036374381089274134,0.0280410477559408,0.020965514254226294,0.021762982484144506
757,0.02268671886435871,0.021714706942055673,0.021714706942055673,0.019707714422607468,0.01692993664482969,0.031135005779650025,0.02221795772771547
762,0.02268671886435871,0.021714706942055673,0.021714706942055673,0.011374381089274133,0.022485492200385242,0.020965514254226294,0.022384781983691492
763,0.02268671886435871,0.021714706942055673,0.021714706942055673,0.019707714422607468,0.019707714422607468,0.024355344762700872,0.021929806740120527
777,0.02268671886435871,0.021714706942055673,0.021714706942055673,0.0280410477559408,0.019707714422607468,0.027745175271175447,0.021944972581572894
786,0.02268671886435871,0.021714706942055673,0.021714706942055673,0.019707714422607468,0.02526326997816302,0.031135005779650025,0.021793314167049237
796,0.02268671886435871,0.021714706942055673,0.021714706942055673,0.019707714422607468,0.02526326997816302,0.020965514254226294,0.021762982484144506
798,0.02268671886435871,0.021714706942055673,0.021714706942055673,0.011374381089274133,0.01692993664482969,0.020965514254226294,0.023006581483238482
803,0.02268671886435871,0.021714706942055673,0.021714706942055673,0.011374381089274133,0.01692993664482969,0.024355344762700872,0.022733596337095898
818,0.02268671886435871,0.021714706942055673,0.021714706942055673,0.011374381089274133,0.01692993664482969,0.027745175271175447,0.02256677208111988
822,0.02268671886435871,0.021714706942055673,0.021714706942055673,0.011374381089274133,0.01692993664482969,0.01757568374575172,0.02290042059307192
842,0.02268671886435871,0.021714706942055673,0.021714706942055673,0.0280410477559408,0.02526326997816302,0.034524836288124604,0.021899475057215796
843,0.02268671886435871,0.021714706942055673,0.021714706942055673,0.019707714422607468,0.019707714422607468,0.020965514254226294,0.02159615822816849
855,0.02268671886435871,0.021714706942055673,0.021714706942055673,0.019707714422607468,0.022485492200385242,0.031135005779650025,0.02148999733800193
872,0.02268671886435871,0.021714706942055673,0.021714706942055673,0.019707714422607468,0.0280410477559408,0.020965514254226294,0.021535494862359023
912,0.02268671886435871,0.021714706942055673,0.021714706942055673,0.011374381089274133,0.01692993664482969,0.01757568374575172,0.022688098812738804
918,0.02268671886435871,0.021714706942055673,0.021714706942055673,0.019707714422607468,0.014152158867051911,0.024355344762700872,0.022066299313191817
919,0.02268671886435871,0.021714706942055673,0.021714706942055673,0.036374381089274134,0.022485492200385242,0.020965514254226294,0.021611324069620852
922,0.02268671886435871,0.021714706942055673,0.021714706942055673,0.0280410477559408,0.019707714422607468,0.024355344762700872,0.021399002289287733
925,0.02268671886435871,0.021714706942055673,0.021714706942055673,0.011374381089274133,0.014152158867051911,0.024355344762700872,0.02359804929988073
953,0.02268671886435871,0.021714706942055673,0.021714706942055673,0.019707714422607468,0.01692993664482969,0.031135005779650025,0.02188430921576343
973,0.02268671886435871,0.021714706942055673,0.021714706942055673,0.019707714422607468,0.0280410477559408,0.014185853237277142,0.022142128520453646
988,0.02268671886435871,0.021714706942055673,0.021714706942055673,0.019707714422607468,0.019707714422607468,0.020965514254226294,0.02221795772771547
015,0.02264881614799737,0.02108299500270002,0.02108299500270002,0.0280410477559408,0.022485492200385242,0.020965514254226294,0.021505163179454292
016,0.02264881614799737,0.02108299500270002,0.02108299500270002,0.019707714422607468,0.019707714422607468,0.014185853237277142,0.02202080178883472
024,0.02264881614799737,0.02108299500270002,0.02108299500270002,0.011374381089274133,0.019707714422607468,0.024355344762700872,0.02239994782514386
039,0.02264881614799737,0.02108299500270002,0.02108299500270002,0.011374381089274133,0.011374381089274133,0.020965514254226294,0.02411368790926116
048,0.02264881614799737,0.02108299500270002,0.02108299500270002,0.019707714422607468,0.019707714422607468,0.01757568374575172,0.02144449981364483
058,0.02264881614799737,0.02108299500270002,0.02108299500270002,0.019707714422607468,0.0280410477559408,0.024355344762700872,0.02199047010592999
078,0.02264881614799737,0.02108299500270002,0.02108299500270002,0.011374381089274133,0.01692993664482969,0.024355344762700872,0.023931697811832776
083,0.02264881614799737,0.02108299500270002,0.02108299500270002,0.019707714422607468,0.030818825533718577,0.031135005779650025,0.021929806740120527
084,0.02264881614799737,0.02108299500270002,0.02108299500270002,0.036374381089274134,0.0280410477559408,0.01757568374575172,0.0218539775328587
101,0.02264881614799737,0.02108299500270002,0.02108299500270002,0.011374381089274133,0.01692993664482969,0.027745175271175447,0.022521274556762783
103,0.02264881614799737,0.02108299500270002,0.02108299500270002,0.0280410477559408,0.0280410477559408,0.027745175271175447,0.02155066070381139
120,0.02264881614799737,0.02108299500270002,0.02108299500270002,0.036374381089274134,0.030818825533718577,0.014185853237277142,0.021520329020906656
128,0.02264881614799737,0.02108299500270002,0.02108299500270002,0.019707714422607468,0.02526326997816302,0.020965514254226294,0.021869143374311065
141,0.02264881614799737,0.02108299500270002,0.02108299500270002,0.019707714422607468,0.022485492200385242,0.020965514254226294,0.02188430921576343
142,0.02264881614799737,0.02108299500270002,0.02108299500270002,0.0280410477559408,0.019707714422607468,0.031135005779650025,0.021626489911073216
145,0.02264881614799737,0.02108299500270002,0.02108299500270002,0.011374381089274133,0.014152158867051911,0.020965514254226294,0.023158239897762136
155,0.02264881614799737,0.02108299500270002,0.02108299500270002,0.019707714422607468,0.02526326997816302,0.01757568374575172,0.021702319118335044
170,0.02264881614799737,0.02108299500270002,0.02108299500270002,0.036374381089274134,0.019707714422607468,0.027745175271175447,0.0218539775328587
171,0.02264881614799737,0.02108299500270002,0.02108299500270002,0.019707714422607468,0.022485492200385242,0.020965514254226294,0.02188430921576343
192,0.02264881614799737,0.02108299500270002,0.02108299500270002,0.011374381089274133,0.022485492200385242,0.031135005779650025,0.02239994782514386
198,0.02264881614799737,0.02108299500270002,0.02108299500270002,0.036374381089274134,0.030818825533718577,0.020965514254226294,0.021778148325596873
199,0.02264881614799737,0.02108299500270002,0.02108299500270002,0.011374381089274133,0.014152158867051911,0.01757568374575172,0.02246061119095332
209,0.02264881614799737,0.02108299500270002,0.02108299500270002,0.011374381089274133,0.019707714422607468,0.020965514254226294,0.022642601288381706
214,0.02264881614799737,0.02108299500270002,0.02108299500270002,0.019707714422607468,0.030818825533718577,0.027745175271175447,0.02188430921576343
232,0.02264881614799737,0.02108299500270002,0.02108299500270002,0.0280410477559408,0.02526326997816302,0.024355344762700872,0.021899475057215796
237,0.02264881614799737,0.02108299500270002,0.02108299500270002,0.0280410477559408,0.02526326997816302,0.01757568374575172,0.021793314167049237
245,0.02264881614799737,0.02108299500270002,0.02108299500270002,0.019707714422607468,0.0280410477559408,0.014185853237277142,0.02221795772771547
258,0.02264881614799737,0.02108299500270002,0.02108299500270002,0.011374381089274133,0.01692993664482969,0.027745175271175447,0.02253644039821515
281,0.02264881614799737,0.02108299500270002,0.02108299500270002,0.019707714422607468,0.02526326997816302,0.027745175271175447,0.02212696267900128
290,0.02264881614799737,0.02108299500270002,0.02108299500270002,0.0280410477559408,0.0280410477559408,0.020965514254226294,0.021762982484144506
334,0.02264881614799737,0.02108299500270002,0.02108299500270002,0.019707714422607468,0.01692993664482969,0.031135005779650025,0.021429333972192464
337,0.02264881614799737,0.02108299500270002,0.02108299500270002,0.019707714422607468,0.019707714422607468,0.01757568374575172,0.021869143374311065
347,0.02264881614799737,0.02108299500270002,0.02108299500270002,0.011374381089274133,0.011374381089274133,0.020965514254226294,0.02411368790926116
350,0.02264881614799737,0.02108299500270002,0.02108299500270002,0.036374381089274134,0.022485492200385242,0.020965514254226294,0.021611324069620852
364,0.02264881614799737,0.02108299500270002,0.02108299500270002,0.019707714422607468,0.0280410477559408,0.020965514254226294,0.021975304264477625
366,0.02264881614799737,0.02108299500270002,0.02108299500270002,0.019707714422607468,0.030818825533718577,0.01757568374575172,0.022066299313191817
376,0.02264881614799737,0.02108299500270002,0.02108299500270002,0.019707714422607468,0.019707714422607468,0.034524836288124604,0.022096630996096548
383,0.02264881614799737,0.02108299500270002,0.02108299500270002,0.019707714422607468,0.019707714422607468,0.014185853237277142,0.021838811691406335
384,0.02264881614799737,0.02108299500270002,0.02108299500270002,0.0280410477559408,0.030818825533718577,0.014185853237277142,0.02158099238671612
410,0.02264881614799737,0.02108299500270002,0.02108299500270002,0.019707714422607468,0.02526326997816302,0.014185853237277142,0.02196013842302526
433,0.02264881614799737,0.02108299500270002,0.02108299500270002,0.019707714422607468,0.014152158867051911,0.027745175271175447,0.021459665655097198
464,0.02264881614799737,0.02108299500270002,0.02108299500270002,0.036374381089274134,0.0280410477559408,0.027745175271175447,0.021505163179454292
467,0.02264881614799737,0.02108299500270002,0.02108299500270002,0.019707714422607468,0.01692993664482969,0.01757568374575172,0.021641655752525583
476,0.02264881614799737,0.02108299500270002,0.02108299500270002,0.0280410477559408,0.019707714422607468,0.014185853237277142,0.021626489911073216
483,0.02264881614799737,0.02108299500270002,0.02108299500270002,0.019707714422607468,0.02526326997816302,0.024355344762700872,0.02155066070381139
487,0.02264881614799737,0.02108299500270002,0.02108299500270002,0.011374381089274133,0.022485492200385242,0.01757568374575172,0.022718430495643534
496,0.02264881614799737,0.02108299500270002,0.02108299500270002,0.019707714422607468,0.014152158867051911,0.01757568374575172,0.021747816642692142
498,0.02264881614799737,0.02108299500270002,0.02108299500270002,0.019707714422607468,0.02526326997816302,0.020965514254226294,0.021671987435430314
500,0.02264881614799737,0.02108299500270002,0.02108299500270002,0.019707714422607468,0.01692993664482969,0.034524836288124604,0.022005635947382356
507,0.02264881614799737,0.02108299500270002,0.02108299500270002,0.019707714422607468,0.022485492200385242,0.01757568374575172,0.0218539775328587
514,0.02264881614799737,0.02108299500270002,0.02108299500270002,0.019707714422607468,0.0280410477559408,0.027745175271175447,0.021459665655097198
518,0.02264881614799737,0.02108299500270002,0.02108299500270002,0.019707714422607468,0.01692993664482969,0.010796022728802566,0.021641655752525583
528,0.02264881614799737,0.02108299500270002,0.02108299500270002,0.019707714422607468,0.02526326997816302,0.027745175271175447,0.022248289410620202
529,0.02264881614799737,0.02108299500270002,0.02108299500270002,0.019707714422607468,0.014152158867051911,0.020965514254226294,0.021793314167049237
531,0.02264881614799737,0.02108299500270002,0.02108299500270002,0.019707714422607468,0.0280410477559408,0.014185853237277142,0.022096630996096548
571,0.02264881614799737,0.02108299500270002,0.02108299500270002,0.011374381089274133,0.0280410477559408,0.024355344762700872,0.02253644039821515
580,0.02264881614799737,0.02108299500270002,0.02108299500270002,0.019707714422607468,0.022485492200385242,0.01757568374575172,0.02148999733800193
591,0.02264881614799737,0.02108299500270002,0.02108299500270002,0.011374381089274133,0.019707714422607468,0.01757568374575172,0.02290042059307192
593,0.02264881614799737,0.02108299500270002,0.02108299500270002,0.0280410477559408,0.02526326997816302,0.014185853237277142,0.02155066070381139
604,0.02264881614799737,0.02108299500270002,0.02108299500270002,0.019707714422607468,0.01692993664482969,0.024355344762700872,0.022096630996096548
635,0.02264881614799737,0.02108299500270002,0.02108299500270002,0.044707714422607465,0.02526326997816302,0.024355344762700872,0.0214141681307401
638,0.02264881614799737,0.02108299500270002,0.02108299500270002,0.0280410477559408,0.030818825533718577,0.024355344762700872,0.021671987435430314
644,0.02264881614799737,0.02108299500270002,0.02108299500270002,0.019707714422607468,0.019707714422607468,0.020965514254226294,0.021505163179454292
649,0.02264881614799737,0.02108299500270002,0.02108299500270002,0.019707714422607468,0.02526326997816302,0.027745175271175447,0.021459665655097198
650,0.02264881614799737,0.02108299500270002,0.02108299500270002,0.011374381089274133,0.01692993664482969,0.01757568374575172,0.022612269605476975
660,0.02264881614799737,0.02108299500270002,0.02108299500270002,0.036374381089274134,0.030818825533718577,0.027745175271175447,0.022035967630287086
678,0.02264881614799737,0.02108299500270002,0.02108299500270002,0.019707714422607468,0.02526326997816302,0.024355344762700872,0.02211179683754891
701,0.02264881614799737,0.02108299500270002,0.02108299500270002,0.019707714422607468,0.01692993664482969,0.027745175271175447,0.022187626044810744
725,0.02264881614799737,0.02108299500270002,0.02108299500270002,0.011374381089274133,0.01692993664482969,0.031135005779650025,0.023264400787928692
739,0.02264881614799737,0.02108299500270002,0.02108299500270002,0.044707714422607465,0.022485492200385242,0.020965514254226294,0.021702319118335044
743,0.02264881614799737,0.02108299500270002,0.02108299500270002,0.019707714422607468,0.022485492200385242,0.01757568374575172,0.021399002289287733
771,0.02264881614799737,0.02108299500270002,0.02108299500270002,0.0280410477559408,0.022485492200385242,0.024355344762700872,0.022096630996096548
790,0.02264881614799737,0.02108299500270002,0.02108299500270002,0.036374381089274134,0.022485492200385242,0.01757568374575172,0.02144449981364483
831,0.02264881614799737,0.02108299500270002,0.02108299500270002,0.019707714422607468,0.0280410477559408,0.020965514254226294,0.022142128520453646
837,0.02264881614799737,0.02108299500270002,0.02108299500270002,0.011374381089274133,0.01692993664482969,0.020965514254226294,0.023840702763118584
845,0.02264881614799737,0.02108299500270002,0.02108299500270002,0.019707714422607468,0.022485492200385242,0.027745175271175447,0.02211179683754891
849,0.02264881614799737,0.02108299500270002,0.02108299500270002,0.0280410477559408,0.019707714422607468,0.024355344762700872,0.021535494862359023
861,0.02264881614799737,0.02108299500270002,0.02108299500270002,0.011374381089274133,0.022485492200385242,0.01757568374575172,0.022308952776429667
865,0.02264881614799737,0.02108299500270002,0.02108299500270002,0.011374381089274133,0.022485492200385242,0.014185853237277142,0.022597103764024608
885,0.02264881614799737,0.02108299500270002,0.02108299500270002,0.019707714422607468,0.019707714422607468,0.031135005779650025,0.021914640898668163
896,0.02264881614799737,0.02108299500270002,0.02108299500270002,0.011374381089274133,0.022485492200385242,0.031135005779650025,0.022445445349500954
901,0.02264881614799737,0.02108299500270002,0.02108299500270002,0.019707714422607468,0.02526326997816302,0.024355344762700872,0.022202791886263108
907,0.02264881614799737,0.02108299500270002,0.02108299500270002,0.011374381089274133,0.02526326997816302,0.020965514254226294,0.02239994782514386
911,0.02264881614799737,0.02108299500270002,0.02108299500270002,0.036374381089274134,0.02526326997816302,0.024355344762700872,0.0214141681307401
934,0.02264881614799737,0.02108299500270002,0.02108299500270002,0.036374381089274134,0.036374381089274134,0.014185853237277142,0.021399002289287733
944,0.02264881614799737,0.02108299500270002,0.02108299500270002,0.019707714422607468,0.019707714422607468,0.014185853237277142,0.02148999733800193
971,0.02264881614799737,0.02108299500270002,0.02108299500270002,0.011374381089274133,0.01692993664482969,0.01757568374575172,0.023021747324690846
976,0.02264881614799737,0.02108299500270002,0.02108299500270002,0.0280410477559408,0.02526326997816302,0.020965514254226294,0.021808480008501604
984,0.02264881614799737,0.02108299500270002,0.02108299500270002,0.019707714422607468,0.022485492200385242,0.020965514254226294,0.021899475057215796
985,0.02264881614799737,0.02108299500270002,0.02108299500270002,0.019707714422607468,0.02526326997816302,0.01757568374575172,0.021429333972192464
995,0.02264881614799737,0.02108299500270002,0.02108299500270002,0.011374381089274133,0.014152158867051911,0.020965514254226294,0.023461556726809447
007,0.022610913431636032,0.020451283063344365,0.020451283063344365,0.011374381089274133,0.022485492200385242,0.024355344762700872,0.02285492306871482
011,0.022610913431636032,0.020451283063344365,0.020451283063344365,0.036374381089274134,0.022485492200385242,0.027745175271175447,0.0214141681307401
037,0.022610913431636032,0.020451283063344365,0.020451283063344365,0.019707714422607468,0.019707714422607468,0.01757568374575172,0.021929806740120527
061,0.022610913431636032,0.020451283063344365,0.020451283063344365,0.044707714422607465,0.030818825533718577,0.024355344762700872,0.021641655752525583
072,0.022610913431636032,0.020451283063344365,0.020451283063344365,0.0280410477559408,0.019707714422607468,0.01757568374575172,0.0214141681307401
094,0.022610913431636032,0.020451283063344365,0.020451283063344365,0.011374381089274133,0.019707714422607468,0.024355344762700872,0.022369616142239125
107,0.022610913431636032,0.020451283063344365,0.020451283063344365,0.019707714422607468,0.01692993664482969,0.027745175271175447,0.02221795772771547
122,0.022610913431636032,0.020451283063344365,0.020451283063344365,0.011374381089274133,0.01692993664482969,0.027745175271175447,0.023734541872952025
137,0.022610913431636032,0.020451283063344365,0.020451283063344365,0.036374381089274134,0.0280410477559408,0.01757568374575172,0.021808480008501604
148,0.022610913431636032,0.020451283063344365,0.020451283063344365,0.011374381089274133,0.03359660331149635,0.014185853237277142,0.022384781983691492
185,0.022610913431636032,0.020451283063344365,0.020451283063344365,0.019707714422607468,0.02526326997816302,0.01757568374575172,0.022035967630287086
207,0.022610913431636032,0.020451283063344365,0.020451283063344365,0.019707714422607468,0.019707714422607468,0.020965514254226294,0.021671987435430314
211,0.022610913431636032,0.020451283063344365,0.020451283063344365,0.019707714422607468,0.019707714422607468,0.014185853237277142,0.021626489911073216
218,0.022610913431636032,0.020451283063344365,0.020451283063344365,0.019707714422607468,0.019707714422607468,0.01757568374575172,0.02212696267900128
220,0.022610913431636032,0.020451283063344365,0.020451283063344365,0.019707714422607468,0.01692993664482969,0.027745175271175447,0.021535494862359023
226,0.022610913431636032,0.020451283063344365,0.020451283063344365,0.011374381089274133,0.014152158867051911,0.020965514254226294,0.02235445030078676
230,0.022610913431636032,0.020451283063344365,0.020451283063344365,0.0280410477559408,0.022485492200385242,0.027745175271175447,0.021899475057215796
234,0.022610913431636032,0.020451283063344365,0.020451283063344365,0.011374381089274133,0.01692993664482969,0.034524836288124604,0.02303691316614321
241,0.022610913431636032,0.020451283063344365,0.020451283063344365,0.019707714422607468,0.02526326997816302,0.027745175271175447,0.021656821593977946
247,0.022610913431636032,0.020451283063344365,0.020451283063344365,0.036374381089274134,0.02526326997816302,0.031135005779650025,0.021656821593977946
282,0.022610913431636032,0.020451283063344365,0.020451283063344365,0.019707714422607468,0.01692993664482969,0.01757568374575172,0.022248289410620202
284,0.022610913431636032,0.020451283063344365,0.020451283063344365,0.0280410477559408,0.022485492200385242,0.020965514254226294,0.021838811691406335
288,0.022610913431636032,0.020451283063344365,0.020451283063344365,0.019707714422607468,0.01692993664482969,0.014185853237277142,0.02226345525207257
295,0.022610913431636032,0.020451283063344365,0.020451283063344365,0.0280410477559408,0.019707714422607468,0.014185853237277142,0.022172460203358377
303,0.022610913431636032,0.020451283063344365,0.020451283063344365,0.011374381089274133,0.019707714422607468,0.020965514254226294,0.022627435446929342
320,0.022610913431636032,0.020451283063344365,0.020451283063344365,0.011374381089274133,0.01692993664482969,0.027745175271175447,0.022627435446929342
361,0.022610913431636032,0.020451283063344365,0.020451283063344365,0.0280410477559408,0.02526326997816302,0.01757568374575172,0.021747816642692142
386,0.022610913431636032,0.020451283063344365,0.020451283063344365,0.011374381089274133,0.011374381089274133,0.014185853237277142,0.02411368790926116
387,0.022610913431636032,0.020451283063344365,0.020451283063344365,0.019707714422607468,0.019707714422607468,0.01757568374575172,0.02223312356916784
401,0.022610913431636032,0.020451283063344365,0.020451283063344365,0.0280410477559408,0.0280410477559408,0.031135005779650025,0.022005635947382356
408,0.022610913431636032,0.020451283063344365,0.020451283063344365,0.019707714422607468,0.02526326997816302,0.01757568374575172,0.021459665655097198
418,0.022610913431636032,0.020451283063344365,0.020451283063344365,0.0280410477559408,0.02526326997816302,0.020965514254226294,0.021626489911073216
420,0.022610913431636032,0.020451283063344365,0.020451283063344365,0.0280410477559408,0.01692993664482969,0.020965514254226294,0.0214141681307401
425,0.022610913431636032,0.020451283063344365,0.020451283063344365,0.019707714422607468,0.022485492200385242,0.01757568374575172,0.022005635947382356
440,0.022610913431636032,0.020451283063344365,0.020451283063344365,0.0280410477559408,0.02526326997816302,0.014185853237277142,0.02138383644783537
455,0.022610913431636032,0.020451283063344365,0.020451283063344365,0.0280410477559408,0.02526326997816302,0.024355344762700872,0.021671987435430314
457,0.022610913431636032,0.020451283063344365,0.020451283063344365,0.019707714422607468,0.019707714422607468,0.020965514254226294,0.02168715327688268
497,0.022610913431636032,0.020451283063344365,0.020451283063344365,0.0280410477559408,0.019707714422607468,0.024355344762700872,0.021520329020906656
505,0.022610913431636032,0.020451283063344365,0.020451283063344365,0.0280410477559408,0.019707714422607468,0.014185853237277142,0.02171748495978741
516,0.022610913431636032,0.020451283063344365,0.020451283063344365,0.011374381089274133,0.019707714422607468,0.027745175271175447,0.022839757227262458
534,0.022610913431636032,0.020451283063344365,0.020451283063344365,0.011374381089274133,0.01692993664482969,0.024355344762700872,0.023582883458428367
535,0.022610913431636032,0.020451283063344365,0.020451283063344365,0.011374381089274133,0.019707714422607468,0.01757568374575172,0.022839757227262458
538,0.022610913431636032,0.020451283063344365,0.020451283063344365,0.011374381089274133,0.01692993664482969,0.027745175271175447,0.0236132151413331
550,0.022610913431636032,0.020451283063344365,0.020451283063344365,0.0280410477559408,0.022485492200385242,0.020965514254226294,0.021535494862359023
552,0.022610913431636032,0.020451283063344365,0.020451283063344365,0.011374381089274133,0.022485492200385242,0.010796022728802566,0.02347672256826181
590,0.022610913431636032,0.020451283063344365,0.020451283063344365,0.0280410477559408,0.019707714422607468,0.020965514254226294,0.02138383644783537
607,0.022610913431636032,0.020451283063344365,0.020451283063344365,0.011374381089274133,0.014152158867051911,0.034524836288124604,0.02402269286054697
611,0.022610913431636032,0.020451283063344365,0.020451283063344365,0.011374381089274133,0.02526326997816302,0.037914666796599175,0.022339284459334394
622,0.022610913431636032,0.020451283063344365,0.020451283063344365,0.044707714422607465,0.02526326997816302,0.014185853237277142,0.021399002289287733
640,0.022610913431636032,0.020451283063344365,0.020451283063344365,0.0280410477559408,0.022485492200385242,0.024355344762700872,0.022005635947382356
655,0.022610913431636032,0.020451283063344365,0.020451283063344365,0.011374381089274133,0.01692993664482969,0.01757568374575172,0.022597103764024608
680,0.022610913431636032,0.020451283063344365,0.020451283063344365,0.019707714422607468,0.019707714422607468,0.027745175271175447,0.02221795772771547
685,0.022610913431636032,0.020451283063344365,0.020451283063344365,0.019707714422607468,0.022485492200385242,0.020965514254226294,0.021975304264477625
699,0.022610913431636032,0.020451283063344365,0.020451283063344365,0.036374381089274134,0.030818825533718577,0.020965514254226294,0.021399002289287733
702,0.022610913431636032,0.020451283063344365,0.020451283063344365,0.019707714422607468,0.02526326997816302,0.01757568374575172,0.02158099238671612
708,0.022610913431636032,0.020451283063344365,0.020451283063344365,0.011374381089274133,0.030818825533718577,0.020965514254226294,0.02253644039821515
722,0.022610913431636032,0.020451283063344365,0.020451283063344365,0.019707714422607468,0.022485492200385242,0.020965514254226294,0.022248289410620202
750,0.022610913431636032,0.020451283063344365,0.020451283063344365,0.011374381089274133,0.014152158867051911,0.020965514254226294,0.02338572751954762
759,0.022610913431636032,0.020451283063344365,0.020451283063344365,0.019707714422607468,0.022485492200385242,0.01757568374575172,0.021399002289287733
825,0.022610913431636032,0.020451283063344365,0.020451283063344365,0.019707714422607468,0.01692993664482969,0.014185853237277142,0.022248289410620202
826,0.022610913431636032,0.020451283063344365,0.020451283063344365,0.019707714422607468,0.019707714422607468,0.024355344762700872,0.0218539775328587
830,0.022610913431636032,0.020451283063344365,0.020451283063344365,0.019707714422607468,0.01692993664482969,0.024355344762700872,0.02168715327688268
834,0.022610913431636032,0.020451283063344365,0.020451283063344365,0.0280410477559408,0.022485492200385242,0.024355344762700872,0.02147483149654956
838,0.022610913431636032,0.020451283063344365,0.020451283063344365,0.019707714422607468,0.02526326997816302,0.024355344762700872,0.022187626044810744
846,0.022610913431636032,0.020451283063344365,0.020451283063344365,0.019707714422607468,0.01692993664482969,0.01757568374575172,0.022066299313191817
863,0.022610913431636032,0.020451283063344365,0.020451283063344365,0.0280410477559408,0.022485492200385242,0.024355344762700872,0.021535494862359023
884,0.022610913431636032,0.020451283063344365,0.020451283063344365,0.0280410477559408,0.02526326997816302,0.024355344762700872,0.021611324069620852
926,0.022610913431636032,0.020451283063344365,0.020451283063344365,0.019707714422607468,0.01692993664482969,0.020965514254226294,0.021838811691406335
940,0.022610913431636032,0.020451283063344365,0.020451283063344365,0.0280410477559408,0.01692993664482969,0.020965514254226294,0.02148999733800193
002,0.02257301071527469,0.019819571123988713,0.019819571123988713,0.011374381089274133,0.01692993664482969,0.01757568374575172,0.022718430495643534
027,0.02257301071527469,0.019819571123988713,0.019819571123988713,0.0280410477559408,0.01692993664482969,0.01757568374575172,0.02147483149654956
056,0.02257301071527469,0.019819571123988713,0.019819571123988713,0.019707714422607468,0.014152158867051911,0.024355344762700872,0.02199047010592999
060,0.02257301071527469,0.019819571123988713,0.019819571123988713,0.019707714422607468,0.01692993664482969,0.020965514254226294,0.021611324069620852
062,0.02257301071527469,0.019819571123988713,0.019819571123988713,0.019707714422607468,0.019707714422607468,0.027745175271175447,0.021778148325596873
066,0.02257301071527469,0.019819571123988713,0.019819571123988713,0.011374381089274133,0.022485492200385242,0.01757568374575172,0.022506108715310415
069,0.02257301071527469,0.019819571123988713,0.019819571123988713,0.011374381089274133,0.019707714422607468,0.024355344762700872,0.022839757227262458
077,0.02257301071527469,0.019819571123988713,0.019819571123988713,0.044707714422607465,0.022485492200385242,0.020965514254226294,0.0214141681307401
095,0.02257301071527469,0.019819571123988713,0.019819571123988713,0.019707714422607468,0.01692993664482969,0.024355344762700872,0.021641655752525583
118,0.02257301071527469,0.019819571123988713,0.019819571123988713,0.019707714422607468,0.02526326997816302,0.020965514254226294,0.021626489911073216
167,0.02257301071527469,0.019819571123988713,0.019819571123988713,0.0280410477559408,0.022485492200385242,0.010796022728802566,0.021611324069620852
181,0.02257301071527469,0.019819571123988713,0.019819571123988713,0.0280410477559408,0.019707714422607468,0.01757568374575172,0.021505163179454292
182,0.02257301071527469,0.019819571123988713,0.019819571123988713,0.019707714422607468,0.014152158867051911,0.024355344762700872,0.02182364584995397
193,0.02257301071527469,0.019819571123988713,0.019819571123988713,0.0280410477559408,0.022485492200385242,0.014185853237277142,0.022066299313191817
222,0.02257301071527469,0.019819571123988713,0.019819571123988713,0.019707714422607468,0.019707714422607468,0.034524836288124604,0.02211179683754891
324,0.02257301071527469,0.019819571123988713,0.019819571123988713,0.019707714422607468,0.019707714422607468,0.020965514254226294,0.021808480008501604
328,0.02257301071527469,0.019819571123988713,0.019819571123988713,0.019707714422607468,0.022485492200385242,0.014185853237277142,0.022081465154644184
345,0.02257301071527469,0.019819571123988713,0.019819571123988713,0.019707714422607468,0.02526326997816302,0.01757568374575172,0.021535494862359023
357,0.02257301071527469,0.019819571123988713,0.019819571123988713,0.019707714422607468,0.0280410477559408,0.020965514254226294,0.021808480008501604
378,0.02257301071527469,0.019819571123988713,0.019819571123988713,0.011374381089274133,0.019707714422607468,0.024355344762700872,0.022490942873858052
445,0.02257301071527469,0.019819571123988713,0.019819571123988713,0.019707714422607468,0.019707714422607468,0.01757568374575172,0.022278621093524936
469,0.02257301071527469,0.019819571123988713,0.019819571123988713,0.019707714422607468,0.01692993664482969,0.010796022728802566,0.02199047010592999
486,0.02257301071527469,0.019819571123988713,0.019819571123988713,0.019707714422607468,0.014152158867051911,0.027745175271175447,0.021535494862359023
499,0.02257301071527469,0.019819571123988713,0.019819571123988713,0.019707714422607468,0.019707714422607468,0.024355344762700872,0.02223312356916784
504,0.02257301071527469,0.019819571123988713,0.019819571123988713,0.036374381089274134,0.019707714422607468,0.01757568374575172,0.021611324069620852
524,0.02257301071527469,0.019819571123988713,0.019819571123988713,0.019707714422607468,0.019707714422607468,0.01757568374575172,0.021914640898668163
527,0.02257301071527469,0.019819571123988713,0.019819571123988713,0.019707714422607468,0.019707714422607468,0.010796022728802566,0.022172460203358377
537,0.02257301071527469,0.019819571123988713,0.019819571123988713,0.0280410477559408,0.030818825533718577,0.020965514254226294,0.02202080178883472
541,0.02257301071527469,0.019819571123988713,0.019819571123988713,0.011374381089274133,0.011374381089274133,0.020965514254226294,0.02411368790926116
548,0.02257301071527469,0.019819571123988713,0.019819571123988713,0.011374381089274133,0.01692993664482969,0.014185853237277142,0.022521274556762783
600,0.02257301071527469,0.019819571123988713,0.019819571123988713,0.011374381089274133,0.014152158867051911,0.014185853237277142,0.023719376031499657
613,0.02257301071527469,0.019819571123988713,0.019819571123988713,0.0280410477559408,0.036374381089274134,0.014185853237277142,0.021838811691406335
626,0.02257301071527469,0.019819571123988713,0.019819571123988713,0.019707714422607468,0.01692993664482969,0.020965514254226294,0.022005635947382356
637,0.02257301071527469,0.019819571123988713,0.019819571123988713,0.0280410477559408,0.022485492200385242,0.014185853237277142,0.02199047010592999
656,0.02257301071527469,0.019819571123988713,0.019819571123988713,0.011374381089274133,0.022485492200385242,0.024355344762700872,0.022839757227262458
670,0.02257301071527469,0.019819571123988713,0.019819571123988713,0.011374381089274133,0.019707714422607468,0.024355344762700872,0.022339284459334394
677,0.02257301071527469,0.019819571123988713,0.019819571123988713,0.011374381089274133,0.019707714422607468,0.027745175271175447,0.022976249800333748
700,0.02257301071527469,0.019819571123988713,0.019819571123988713,0.019707714422607468,0.019707714422607468,0.024355344762700872,0.022051133471739454
706,0.02257301071527469,0.019819571123988713,0.019819571123988713,0.019707714422607468,0.022485492200385242,0.024355344762700872,0.021611324069620852
719,0.02257301071527469,0.019819571123988713,0.019819571123988713,0.0280410477559408,0.019707714422607468,0.027745175271175447,0.021793314167049237
868,0.02257301071527469,0.019819571123988713,0.019819571123988713,0.019707714422607468,0.014152158867051911,0.027745175271175447,0.021732650801239775
881,0.02257301071527469,0.019819571123988713,0.019819571123988713,0.0280410477559408,0.019707714422607468,0.020965514254226294,0.021793314167049237
899,0.02257301071527469,0.019819571123988713,0.019819571123988713,0.011374381089274133,0.011374381089274133,0.01757568374575172,0.02411368790926116
935,0.02257301071527469,0.019819571123988713,0.019819571123988713,0.019707714422607468,0.014152158867051911,0.020965514254226294,0.021429333972192464
958,0.02257301071527469,0.019819571123988713,0.019819571123988713,0.011374381089274133,0.014152158867051911,0.01757568374575172,0.023325064153738157
961,0.02257301071527469,0.019819571123988713,0.019819571123988713,0.0280410477559408,0.022485492200385242,0.01757568374575172,0.021565826545263754
051,0.022535107998913353,0.019187859184633057,0.019187859184633057,0.011374381089274133,0.030818825533718577,0.014185853237277142,0.022703264654191167
055,0.022535107998913353,0.019187859184633057,0.019187859184633057,0.019707714422607468,0.02526326997816302,0.014185853237277142,0.02226345525207257
068,0.022535107998913353,0.019187859184633057,0.019187859184633057,0.011374381089274133,0.014152158867051911,0.034524836288124604,0.02253644039821515
105,0.022535107998913353,0.019187859184633057,0.019187859184633057,0.0280410477559408,0.019707714422607468,0.020965514254226294,0.021778148325596873
144,0.022535107998913353,0.019187859184633057,0.019187859184633057,0.011374381089274133,0.01692993664482969,0.020965514254226294,0.023112742373405038
152,0.022535107998913353,0.019187859184633057,0.019187859184633057,0.011374381089274133,0.011374381089274133,0.024355344762700872,0.02411368790926116
160,0.022535107998913353,0.019187859184633057,0.019187859184633057,0.044707714422607465,0.0280410477559408,0.024355344762700872,0.02144449981364483
227,0.022535107998913353,0.019187859184633057,0.019187859184633057,0.019707714422607468,0.01692993664482969,0.01757568374575172,0.022202791886263108
231,0.022535107998913353,0.019187859184633057,0.019187859184633057,0.011374381089274133,0.022485492200385242,0.020965514254226294,0.022506108715310415
255,0.022535107998913353,0.019187859184633057,0.019187859184633057,0.0280410477559408,0.019707714422607468,0.020965514254226294,0.02211179683754891
256,0.022535107998913353,0.019187859184633057,0.019187859184633057,0.019707714422607468,0.022485492200385242,0.01757568374575172,0.021459665655097198
293,0.022535107998913353,0.019187859184633057,0.019187859184633057,0.011374381089274133,0.019707714422607468,0.027745175271175447,0.022703264654191167
304,0.022535107998913353,0.019187859184633057,0.019187859184633057,0.011374381089274133,0.01692993664482969,0.027745175271175447,0.022748762178548265
333,0.022535107998913353,0.019187859184633057,0.019187859184633057,0.011374381089274133,0.01692993664482969,0.027745175271175447,0.022733596337095898
338,0.022535107998913353,0.019187859184633057,0.019187859184633057,0.011374381089274133,0.01692993664482969,0.01757568374575172,0.02253644039821515
367,0.022535107998913353,0.019187859184633057,0.019187859184633057,0.019707714422607468,0.019707714422607468,0.020965514254226294,0.02226345525207257
397,0.022535107998913353,0.019187859184633057,0.019187859184633057,0.011374381089274133,0.022485492200385242,0.014185853237277142,0.02314307405630977
415,0.022535107998913353,0.019187859184633057,0.019187859184633057,0.011374381089274133,0.019707714422607468,0.01757568374575172,0.023006581483238482
506,0.022535107998913353,0.019187859184633057,0.019187859184633057,0.011374381089274133,0.019707714422607468,0.027745175271175447,0.022703264654191167
511,0.022535107998913353,0.019187859184633057,0.019187859184633057,0.011374381089274133,0.014152158867051911,0.014185853237277142,0.02314307405630977
512,0.022535107998913353,0.019187859184633057,0.019187859184633057,0.019707714422607468,0.019707714422607468,0.031135005779650025,0.021565826545263754
533,0.022535107998913353,0.019187859184633057,0.019187859184633057,0.036374381089274134,0.02526326997816302,0.01757568374575172,0.02138383644783537
544,0.022535107998913353,0.019187859184633057,0.019187859184633057,0.019707714422607468,0.01692993664482969,0.020965514254226294,0.02144449981364483
551,0.022535107998913353,0.019187859184633057,0.019187859184633057,0.019707714422607468,0.02526326997816302,0.01757568374575172,0.021656821593977946
570,0.022535107998913353,0.019187859184633057,0.019187859184633057,0.011374381089274133,0.019707714422607468,0.01757568374575172,0.02246061119095332
713,0.022535107998913353,0.019187859184633057,0.019187859184633057,0.0280410477559408,0.022485492200385242,0.014185853237277142,0.021808480008501604
734,0.022535107998913353,0.019187859184633057,0.019187859184633057,0.036374381089274134,0.02526326997816302,0.020965514254226294,0.021732650801239775
767,0.022535107998913353,0.019187859184633057,0.019187859184633057,0.044707714422607465,0.0280410477559408,0.014185853237277142,0.021747816642692142
785,0.022535107998913353,0.019187859184633057,0.019187859184633057,0.011374381089274133,0.01692993664482969,0.01757568374575172,0.022339284459334394
789,0.022535107998913353,0.019187859184633057,0.019187859184633057,0.019707714422607468,0.01692993664482969,0.014185853237277142,0.021869143374311065
805,0.022535107998913353,0.019187859184633057,0.019187859184633057,0.011374381089274133,0.019707714422607468,0.01757568374575172,0.02381037108021385
806,0.022535107998913353,0.019187859184633057,0.019187859184633057,0.011374381089274133,0.014152158867051911,0.01757568374575172,0.023127908214857402
839,0.022535107998913353,0.019187859184633057,0.019187859184633057,0.011374381089274133,0.022485492200385242,0.024355344762700872,0.022490942873858052
864,0.022535107998913353,0.019187859184633057,0.019187859184633057,0.011374381089274133,0.014152158867051911,0.01757568374575172,0.02285492306871482
886,0.022535107998913353,0.019187859184633057,0.019187859184633057,0.011374381089274133,0.01692993664482969,0.01757568374575172,0.022748762178548265
947,0.022535107998913353,0.019187859184633057,0.019187859184633057,0.0280410477559408,0.022485492200385242,0.020965514254226294,0.022096630996096548
999,0.022535107998913353,0.019187859184633057,0.019187859184633057,0.019707714422607468,0.01692993664482969,0.014185853237277142,0.022051133471739454
004,0.022497205282552012,0.018556147245277405,0.018556147245277405,0.011374381089274133,0.01692993664482969,0.020965514254226294,0.022339284459334394
008,0.022497205282552012,0.018556147245277405,0.018556147245277405,0.0280410477559408,0.019707714422607468,0.024355344762700872,0.021808480008501604
033,0.022497205282552012,0.018556147245277405,0.018556147245277405,0.019707714422607468,0.022485492200385242,0.01757568374575172,0.02199047010592999
041,0.022497205282552012,0.018556147245277405,0.018556147245277405,0.011374381089274133,0.01692993664482969,0.020965514254226294,0.023218903263571594
146,0.022497205282552012,0.018556147245277405,0.018556147245277405,0.019707714422607468,0.01692993664482969,0.024355344762700872,0.02223312356916784
176,0.022497205282552012,0.018556147245277405,0.018556147245277405,0.011374381089274133,0.01692993664482969,0.020965514254226294,0.022551606239667513
184,0.022497205282552012,0.018556147245277405,0.018556147245277405,0.019707714422607468,0.019707714422607468,0.020965514254226294,0.021793314167049237
204,0.022497205282552012,0.018556147245277405,0.018556147245277405,0.019707714422607468,0.02526326997816302,0.01757568374575172,0.021611324069620852
235,0.022497205282552012,0.018556147245277405,0.018556147245277405,0.019707714422607468,0.0280410477559408,0.014185853237277142,0.02144449981364483
269,0.022497205282552012,0.018556147245277405,0.018556147245277405,0.019707714422607468,0.022485492200385242,0.020965514254226294,0.021429333972192464
275,0.022497205282552012,0.018556147245277405,0.018556147245277405,0.019707714422607468,0.022485492200385242,0.014185853237277142,0.021656821593977946
287,0.022497205282552012,0.018556147245277405,0.018556147245277405,0.0280410477559408,0.02526326997816302,0.01757568374575172,0.02147483149654956
298,0.022497205282552012,0.018556147245277405,0.018556147245277405,0.0280410477559408,0.019707714422607468,0.014185853237277142,0.021671987435430314
323,0.022497205282552012,0.018556147245277405,0.018556147245277405,0.011374381089274133,0.019707714422607468,0.014185853237277142,0.022521274556762783
351,0.022497205282552012,0.018556147245277405,0.018556147245277405,0.036374381089274134,0.022485492200385242,0.01757568374575172,0.0214141681307401
359,0.022497205282552012,0.018556147245277405,0.018556147245277405,0.019707714422607468,0.022485492200385242,0.024355344762700872,0.022172460203358377
372,0.022497205282552012,0.018556147245277405,0.018556147245277405,0.011374381089274133,0.01692993664482969,0.014185853237277142,0.022308952776429667
459,0.022497205282552012,0.018556147245277405,0.018556147245277405,0.011374381089274133,0.011374381089274133,0.014185853237277142,0.02411368790926116
470,0.022497205282552012,0.018556147245277405,0.018556147245277405,0.019707714422607468,0.02526326997816302,0.014185853237277142,0.02148999733800193
477,0.022497205282552012,0.018556147245277405,0.018556147245277405,0.0280410477559408,0.022485492200385242,0.020965514254226294,0.021869143374311065
501,0.022497205282552012,0.018556147245277405,0.018556147245277405,0.011374381089274133,0.01692993664482969,0.020965514254226294,0.02256677208111988
502,0.022497205282552012,0.018556147245277405,0.018556147245277405,0.036374381089274134,0.022485492200385242,0.014185853237277142,0.021641655752525583
513,0.022497205282552012,0.018556147245277405,0.018556147245277405,0.011374381089274133,0.019707714422607468,0.014185853237277142,0.022688098812738804
584,0.022497205282552012,0.018556147245277405,0.018556147245277405,0.019707714422607468,0.01692993664482969,0.024355344762700872,0.02171748495978741
588,0.022497205282552012,0.018556147245277405,0.018556147245277405,0.0280410477559408,0.019707714422607468,0.014185853237277142,0.0218539775328587
624,0.022497205282552012,0.018556147245277405,0.018556147245277405,0.011374381089274133,0.014152158867051911,0.014185853237277142,0.022885254751619555
648,0.022497205282552012,0.018556147245277405,0.018556147245277405,0.011374381089274133,0.01692993664482969,0.024355344762700872,0.023158239897762136
657,0.022497205282552012,0.018556147245277405,0.018556147245277405,0.019707714422607468,0.019707714422607468,0.01757568374575172,0.021656821593977946
714,0.022497205282552012,0.018556147245277405,0.018556147245277405,0.011374381089274133,0.02526326997816302,0.020965514254226294,0.022703264654191167
733,0.022497205282552012,0.018556147245277405,0.018556147245277405,0.044707714422607465,0.0280410477559408,0.01757568374575172,0.021641655752525583
754,0.022497205282552012,0.018556147245277405,0.018556147245277405,0.019707714422607468,0.022485492200385242,0.027745175271175447,0.02182364584995397
773,0.022497205282552012,0.018556147245277405,0.018556147245277405,0.019707714422607468,0.0280410477559408,0.01757568374575172,0.021520329020906656
780,0.022497205282552012,0.018556147245277405,0.018556147245277405,0.019707714422607468,0.01692993664482969,0.010796022728802566,0.022172460203358377
784,0.022497205282552012,0.018556147245277405,0.018556147245277405,0.011374381089274133,0.0280410477559408,0.010796022728802566,0.022384781983691492
792,0.022497205282552012,0.018556147245277405,0.018556147245277405,0.0280410477559408,0.019707714422607468,0.020965514254226294,0.021656821593977946
821,0.022497205282552012,0.018556147245277405,0.018556147245277405,0.019707714422607468,0.019707714422607468,0.020965514254226294,0.02171748495978741
952,0.022497205282552012,0.018556147245277405,0.018556147245277405,0.019707714422607468,0.022485492200385242,0.01757568374575172,0.021702319118335044
967,0.022497205282552012,0.018556147245277405,0.018556147245277405,0.019707714422607468,0.022485492200385242,0.014185853237277142,0.022051133471739454
977,0.022497205282552012,0.018556147245277405,0.018556147245277405,0.019707714422607468,0.019707714422607468,0.020965514254226294,0.021914640898668163
987,0.022497205282552012,0.018556147245277405,0.018556147245277405,0.019707714422607468,0.019707714422607468,0.014185853237277142,0.022051133471739454
019,0.022459302566190675,0.01792443530592175,0.01792443530592175,0.019707714422607468,0.01692993664482969,0.014185853237277142,0.02196013842302526
134,0.022459302566190675,0.01792443530592175,0.01792443530592175,0.019707714422607468,0.01692993664482969,0.014185853237277142,0.021565826545263754
149,0.022459302566190675,0.01792443530592175,0.01792443530592175,0.019707714422607468,0.014152158867051911,0.01757568374575172,0.022202791886263108
238,0.022459302566190675,0.01792443530592175,0.01792443530592175,0.019707714422607468,0.019707714422607468,0.020965514254226294,0.02226345525207257
242,0.022459302566190675,0.01792443530592175,0.01792443530592175,0.011374381089274133,0.01692993664482969,0.014185853237277142,0.023112742373405038
271,0.022459302566190675,0.01792443530592175,0.01792443530592175,0.019707714422607468,0.022485492200385242,0.014185853237277142,0.021899475057215796
343,0.022459302566190675,0.01792443530592175,0.01792443530592175,0.019707714422607468,0.01692993664482969,0.010796022728802566,0.021808480008501604
373,0.022459302566190675,0.01792443530592175,0.01792443530592175,0.011374381089274133,0.022485492200385242,0.020965514254226294,0.022551606239667513
374,0.022459302566190675,0.01792443530592175,0.01792443530592175,0.011374381089274133,0.02526326997816302,0.01757568374575172,0.022581937922572244
377,0.022459302566190675,0.01792443530592175,0.01792443530592175,0.011374381089274133,0.014152158867051911,0.024355344762700872,0.02243027950804859
406,0.022459302566190675,0.01792443530592175,0.01792443530592175,0.0280410477559408,0.022485492200385242,0.010796022728802566,0.021611324069620852
411,0.022459302566190675,0.01792443530592175,0.01792443530592175,0.0280410477559408,0.02526326997816302,0.014185853237277142,0.021914640898668163
436,0.022459302566190675,0.01792443530592175,0.01792443530592175,0.019707714422607468,0.019707714422607468,0.010796022728802566,0.021869143374311065
453,0.022459302566190675,0.01792443530592175,0.01792443530592175,0.0280410477559408,0.022485492200385242,0.01757568374575172,0.021808480008501604
474,0.022459302566190675,0.01792443530592175,0.01792443530592175,0.019707714422607468,0.01692993664482969,0.020965514254226294,0.021747816642692142
628,0.022459302566190675,0.01792443530592175,0.01792443530592175,0.019707714422607468,0.019707714422607468,0.020965514254226294,0.021929806740120527
664,0.022459302566190675,0.01792443530592175,0.01792443530592175,0.019707714422607468,0.01692993664482969,0.01757568374575172,0.02171748495978741
667,0.022459302566190675,0.01792443530592175,0.01792443530592175,0.011374381089274133,0.011374381089274133,0.01757568374575172,0.02411368790926116
693,0.022459302566190675,0.01792443530592175,0.01792443530592175,0.019707714422607468,0.019707714422607468,0.020965514254226294,0.02226345525207257
717,0.022459302566190675,0.01792443530592175,0.01792443530592175,0.011374381089274133,0.02526326997816302,0.01757568374575172,0.022551606239667513
797,0.022459302566190675,0.01792443530592175,0.01792443530592175,0.011374381089274133,0.01692993664482969,0.01757568374575172,0.022627435446929342
802,0.022459302566190675,0.01792443530592175,0.01792443530592175,0.019707714422607468,0.014152158867051911,0.027745175271175447,0.02211179683754891
856,0.022459302566190675,0.01792443530592175,0.01792443530592175,0.0280410477559408,0.01692993664482969,0.014185853237277142,0.021929806740120527
914,0.022459302566190675,0.01792443530592175,0.01792443530592175,0.011374381089274133,0.011374381089274133,0.01757568374575172,0.02411368790926116
924,0.022459302566190675,0.01792443530592175,0.01792443530592175,0.019707714422607468,0.022485492200385242,0.020965514254226294,0.021702319118335044
006,0.022421399849829333,0.017292723366566096,0.017292723366566096,0.0280410477559408,0.019707714422607468,0.014185853237277142,0.021459665655097198
029,0.022421399849829333,0.017292723366566096,0.017292723366566096,0.011374381089274133,0.01692993664482969,0.01757568374575172,0.022657767129834073
040,0.022421399849829333,0.017292723366566096,0.017292723366566096,0.011374381089274133,0.014152158867051911,0.024355344762700872,0.023704210190047294
082,0.022421399849829333,0.017292723366566096,0.017292723366566096,0.0280410477559408,0.02526326997816302,0.014185853237277142,0.021429333972192464
088,0.022421399849829333,0.017292723366566096,0.017292723366566096,0.019707714422607468,0.01692993664482969,0.01757568374575172,0.02148999733800193
091,0.022421399849829333,0.017292723366566096,0.017292723366566096,0.011374381089274133,0.019707714422607468,0.01757568374575172,0.02235445030078676
315,0.022421399849829333,0.017292723366566096,0.017292723366566096,0.011374381089274133,0.011374381089274133,0.024355344762700872,0.02411368790926116
354,0.022421399849829333,0.017292723366566096,0.017292723366566096,0.036374381089274134,0.019707714422607468,0.020965514254226294,0.021899475057215796
443,0.022421399849829333,0.017292723366566096,0.017292723366566096,0.019707714422607468,0.014152158867051911,0.024355344762700872,0.02202080178883472
451,0.022421399849829333,0.017292723366566096,0.017292723366566096,0.011374381089274133,0.01692993664482969,0.027745175271175447,0.02364354682423783
456,0.022421399849829333,0.017292723366566096,0.017292723366566096,0.019707714422607468,0.014152158867051911,0.01757568374575172,0.021626489911073216
555,0.022421399849829333,0.017292723366566096,0.017292723366566096,0.019707714422607468,0.01692993664482969,0.020965514254226294,0.02226345525207257
576,0.022421399849829333,0.017292723366566096,0.017292723366566096,0.011374381089274133,0.011374381089274133,0.014185853237277142,0.02411368790926116
629,0.022421399849829333,0.017292723366566096,0.017292723366566096,0.019707714422607468,0.014152158867051911,0.014185853237277142,0.02148999733800193
684,0.022421399849829333,0.017292723366566096,0.017292723366566096,0.011374381089274133,0.019707714422607468,0.020965514254226294,0.022475777032405685
783,0.022421399849829333,0.017292723366566096,0.017292723366566096,0.019707714422607468,0.014152158867051911,0.020965514254226294,0.022187626044810744
807,0.022421399849829333,0.017292723366566096,0.017292723366566096,0.019707714422607468,0.019707714422607468,0.020965514254226294,0.0214141681307401
968,0.022421399849829333,0.017292723366566096,0.017292723366566096,0.019707714422607468,0.022485492200385242,0.020965514254226294,0.021838811691406335
085,0.022383497133467996,0.016661011427210444,0.016661011427210444,0.011374381089274133,0.01692993664482969,0.014185853237277142,0.022415113666596223
253,0.022383497133467996,0.016661011427210444,0.016661011427210444,0.019707714422607468,0.01692993664482969,0.020965514254226294,0.02221795772771547
259,0.022383497133467996,0.016661011427210444,0.016661011427210444,0.011374381089274133,0.01692993664482969,0.01757568374575172,0.022642601288381706
434,0.022383497133467996,0.016661011427210444,0.016661011427210444,0.036374381089274134,0.022485492200385242,0.024355344762700872,0.02147483149654956
596,0.022383497133467996,0.016661011427210444,0.016661011427210444,0.019707714422607468,0.01692993664482969,0.01757568374575172,0.021535494862359023
658,0.022383497133467996,0.016661011427210444,0.016661011427210444,0.011374381089274133,0.019707714422607468,0.024355344762700872,0.02327956662938106
730,0.022383497133467996,0.016661011427210444,0.016661011427210444,0.019707714422607468,0.022485492200385242,0.01757568374575172,0.02138383644783537
808,0.022383497133467996,0.016661011427210444,0.016661011427210444,0.011374381089274133,0.019707714422607468,0.014185853237277142,0.023325064153738157
828,0.022383497133467996,0.016661011427210444,0.016661011427210444,0.011374381089274133,0.022485492200385242,0.010796022728802566,0.022718430495643534
870,0.022383497133467996,0.016661011427210444,0.016661011427210444,0.011374381089274133,0.019707714422607468,0.014185853237277142,0.022870088910167192
874,0.022383497133467996,0.016661011427210444,0.016661011427210444,0.019707714422607468,0.01692993664482969,0.01757568374575172,0.021762982484144506
042,0.022345594417106658,0.016029299487854788,0.016029299487854788,0.036374381089274134,0.022485492200385242,0.01757568374575172,0.021429333972192464
090,0.022345594417106658,0.016029299487854788,0.016029299487854788,0.0280410477559408,0.022485492200385242,0.01757568374575172,0.021747816642692142
400,0.022345594417106658,0.016029299487854788,0.016029299487854788,0.0280410477559408,0.01692993664482969,0.010796022728802566,0.02144449981364483
812,0.022345594417106658,0.016029299487854788,0.016029299487854788,0.0280410477559408,0.019707714422607468,0.014185853237277142,0.021520329020906656
893,0.022345594417106658,0.016029299487854788,0.016029299487854788,0.0280410477559408,0.01692993664482969,0.020965514254226294,0.021565826545263754
929,0.022345594417106658,0.016029299487854788,0.016029299487854788,0.019707714422607468,0.01692993664482969,0.024355344762700872,0.02171748495978741
979,0.022345594417106658,0.016029299487854788,0.016029299487854788,0.019707714422607468,0.02526326997816302,0.020965514254226294,0.022051133471739454
026,0.022307691700745317,0.015397587548499136,0.015397587548499136,0.011374381089274133,0.011374381089274133,0.027745175271175447,0.02411368790926116
135,0.022307691700745317,0.015397587548499136,0.015397587548499136,0.019707714422607468,0.014152158867051911,0.020965514254226294,0.02221795772771547
178,0.022307691700745317,0.015397587548499136,0.015397587548499136,0.019707714422607468,0.014152158867051911,0.014185853237277142,0.02188430921576343
795,0.022307691700745317,0.015397587548499136,0.015397587548499136,0.0280410477559408,0.019707714422607468,0.01757568374575172,0.02182364584995397
017,0.02226978898438398,0.014765875609143482,0.014765875609143482,0.011374381089274133,0.01692993664482969,0.014185853237277142,0.022612269605476975
747,0.02226978898438398,0.014765875609143482,0.014765875609143482,0.011374381089274133,0.01692993664482969,0.010796022728802566,0.023021747324690846
