number,draws,occurrences,draws_hit,full_rate,baseline,z_score,p_value_normal,bh_q_value,rate_30,rate_90,rate_365,rate_1095,current_gap_draws
000,7573,19,19,0.0025089132444209693,0.002997000999999999,-0.7770343448507576,0.43713850760726836,0.9143799052410162,0.0,0.0,0.0027397260273972603,0.0036529680365296802,318
001,7573,16,16,0.0021127690479334476,0.002997000999999999,-1.4076948002005136,0.15922146220758712,0.9030034662706874,0.0,0.0,0.0027397260273972603,0.0027397260273972603,179
002,7573,11,11,0.0014525287204542453,0.002997000999999999,-2.4587955591167723,0.013940397692424137,0.728698274128222,0.0,0.0,0.0,0.0009132420091324201,767
003,7573,12,12,0.001584576785950086,0.002997000999999999,-2.2485754073335205,0.02453952251748837,0.8414243844213425,0.0,0.0,0.0027397260273972603,0.0027397260273972603,224
004,7573,18,18,0.0023768651789251288,0.002997000999999999,-0.9872544966340097,0.3235178917890641,0.911745891998287,0.0,0.0,0.0,0.0018264840182648401,427
005,7573,20,20,0.00264096130991681,0.002997000999999999,-0.5668141930675057,0.5708404266777634,0.9334064023029459,0.0,0.0,0.005479452054794521,0.0036529680365296802,287
006,7573,24,24,0.003169153571900172,0.002997000999999999,0.2740664140655014,0.7840335836597541,0.9469004633571909,0.0,0.0,0.00821917808219178,0.0027397260273972603,98
007,7573,21,21,0.00277300937541265,0.002997000999999999,-0.3565940412842544,0.7213957389693066,0.9469004633571909,0.0,0.0,0.0027397260273972603,0.0018264840182648401,141
008,7573,9,9,0.0011884325894625644,0.002997000999999999,-2.879235862683276,0.003986400732303924,0.728698274128222,0.0,0.0,0.0,0.0009132420091324201,937
009,7573,20,20,0.00264096130991681,0.002997000999999999,-0.5668141930675057,0.5708404266777634,0.9334064023029459,0.0,0.011111111111111112,0.0027397260273972603,0.0027397260273972603,77
010,7573,24,24,0.003169153571900172,0.002997000999999999,0.2740664140655014,0.7840335836597541,0.9469004633571909,0.03333333333333333,0.011111111111111112,0.00821917808219178,0.0036529680365296802,5
011,7573,16,16,0.0021127690479334476,0.002997000999999999,-1.4076948002005136,0.15922146220758712,0.9030034662706874,0.0,0.011111111111111112,0.0027397260273972603,0.0036529680365296802,46
012,7573,23,23,0.0030371055064043312,0.002997000999999999,0.06384626228224947,0.949092641401796,0.949092641401796,0.0,0.022222222222222223,0.00821917808219178,0.0036529680365296802,63
013,7573,27,27,0.003565297768387693,0.002997000999999999,0.9047268694152566,0.3656101026913131,0.911745891998287,0.0,0.0,0.0027397260273972603,0.0045662100456621,249
014,7573,29,29,0.0038293938993793743,0.002997000999999999,1.3251671729817605,0.18511571058549092,0.9030034662706874,0.0,0.0,0.0027397260273972603,0.005479452054794521,246
015,7573,22,22,0.0029050574409084907,0.002997000999999999,-0.14637388950100247,0.88362623844775,0.949092641401796,0.0,0.0,0.0,0.0009132420091324201,912
016,7573,30,30,0.003961441964875215,0.002997000999999999,1.5353873247650125,0.12468871534887581,0.9030034662706874,0.0,0.011111111111111112,0.0027397260273972603,0.0045662100456621,86
017,7573,29,29,0.0038293938993793743,0.002997000999999999,1.3251671729817605,0.18511571058549092,0.9030034662706874,0.0,0.0,0.0,0.0027397260273972603,729
018,7573,20,20,0.00264096130991681,0.002997000999999999,-0.5668141930675057,0.5708404266777634,0.9334064023029459,0.0,0.0,0.0,0.0009132420091324201,507
019,7573,22,22,0.0029050574409084907,0.002997000999999999,-0.14637388950100247,0.88362623844775,0.949092641401796,0.0,0.0,0.0,0.0009132420091324201,847
020,7573,22,22,0.0029050574409084907,0.002997000999999999,-0.14637388950100247,0.88362623844775,0.949092641401796,0.0,0.011111111111111112,0.0027397260273972603,0.0018264840182648401,40
021,7573,23,23,0.0030371055064043312,0.002997000999999999,0.06384626228224947,0.949092641401796,0.949092641401796,0.0,0.011111111111111112,0.010958904109589041,0.005479452054794521,34
022,7573,19,19,0.0025089132444209693,0.002997000999999999,-0.7770343448507576,0.43713850760726836,0.9143799052410162,0.03333333333333333,0.011111111111111112,0.005479452054794521,0.0045662100456621,18
023,7573,20,20,0.00264096130991681,0.002997000999999999,-0.5668141930675057,0.5708404266777634,0.9334064023029459,0.0,0.011111111111111112,0.0027397260273972603,0.0036529680365296802,41
024,7573,22,22,0.0029050574409084907,0.002997000999999999,-0.14637388950100247,0.88362623844775,0.949092641401796,0.0,0.0,0.0,0.0009132420091324201,522
025,7573,19,19,0.0025089132444209693,0.002997000999999999,-0.7770343448507576,0.43713850760726836,0.9143799052410162,0.0,0.011111111111111112,0.0027397260273972603,0.0027397260273972603,62
026,7573,20,20,0.00264096130991681,0.002997000999999999,-0.5668141930675057,0.5708404266777634,0.9334064023029459,0.0,0.0,0.0,0.0018264840182648401,740
027,7573,27,27,0.003565297768387693,0.002997000999999999,0.9047268694152566,0.3656101026913131,0.911745891998287,0.0,0.0,0.0,0.0018264840182648401,367
028,7573,16,16,0.0021127690479334476,0.002997000999999999,-1.4076948002005136,0.15922146220758712,0.9030034662706874,0.0,0.0,0.0,0.0018264840182648401,402
029,7573,19,19,0.0025089132444209693,0.002997000999999999,-0.7770343448507576,0.43713850760726836,0.9143799052410162,0.0,0.0,0.0027397260273972603,0.0018264840182648401,181
030,7573,25,25,0.003301201637396012,0.002997000999999999,0.4842865658487527,0.6281825087498826,0.9334064023029459,0.0,0.0,0.0,0.0036529680365296802,655
031,7573,19,19,0.0025089132444209693,0.002997000999999999,-0.7770343448507576,0.43713850760726836,0.9143799052410162,0.0,0.022222222222222223,0.005479452054794521,0.006392694063926941,42
032,7573,18,18,0.0023768651789251288,0.002997000999999999,-0.9872544966340097,0.3235178917890641,0.911745891998287,0.0,0.0,0.0027397260273972603,0.0009132420091324201,299
033,7573,11,11,0.0014525287204542453,0.002997000999999999,-2.4587955591167723,0.013940397692424137,0.728698274128222,0.0,0.0,0.0,0.0018264840182648401,1046
034,7573,26,26,0.0034332497028918526,0.002997000999999999,0.6945067176320047,0.4873644894934616,0.9143799052410162,0.0,0.011111111111111112,0.010958904109589041,0.006392694063926941,64
035,7573,20,20,0.00264096130991681,0.002997000999999999,-0.5668141930675057,0.5708404266777634,0.9334064023029459,0.0,0.0,0.0,0.0036529680365296802,365
036,7573,14,14,0.0018486729169417669,0.002997000999999999,-1.8281351037670168,0.06752927770683262,0.8887822219524399,0.0,0.0,0.005479452054794521,0.0027397260273972603,110
037,7573,18,18,0.0023768651789251288,0.002997000999999999,-0.9872544966340097,0.3235178917890641,0.911745891998287,0.0,0.0,0.0,0.0,1124
038,7573,21,21,0.00277300937541265,0.002997000999999999,-0.3565940412842544,0.7213957389693066,0.9469004633571909,0.0,0.0,0.0027397260273972603,0.0027397260273972603,106
039,7573,16,16,0.0021127690479334476,0.002997000999999999,-1.4076948002005136,0.15922146220758712,0.9030034662706874,0.0,0.0,0.0027397260273972603,0.0009132420091324201,352
040,7573,23,23,0.0030371055064043312,0.002997000999999999,0.06384626228224947,0.949092641401796,0.949092641401796,0.0,0.011111111111111112,0.005479452054794521,0.0018264840182648401,42
041,7573,20,20,0.00264096130991681,0.002997000999999999,-0.5668141930675057,0.5708404266777634,0.9334064023029459,0.0,0.0,0.0027397260273972603,0.0018264840182648401,209
042,7573,22,22,0.0029050574409084907,0.002997000999999999,-0.14637388950100247,0.88362623844775,0.949092641401796,0.0,0.0,0.0,0.0027397260273972603,370
043,7573,29,29,0.0038293938993793743,0.002997000999999999,1.3251671729817605,0.18511571058549092,0.9030034662706874,0.0,0.0,0.0027397260273972603,0.0036529680365296802,169
044,7573,21,21,0.00277300937541265,0.002997000999999999,-0.3565940412842544,0.7213957389693066,0.9469004633571909,0.0,0.0,0.0027397260273972603,0.0027397260273972603,221
045,7573,29,29,0.0038293938993793743,0.002997000999999999,1.3251671729817605,0.18511571058549092,0.9030034662706874,0.0,0.0,0.0027397260273972603,0.0036529680365296802,122
046,7573,19,19,0.0025089132444209693,0.002997000999999999,-0.7770343448507576,0.43713850760726836,0.9143799052410162,0.0,0.0,0.0027397260273972603,0.0027397260273972603,314
047,7573,24,24,0.003169153571900172,0.002997000999999999,0.2740664140655014,0.7840335836597541,0.9469004633571909,0.0,0.0,0.0027397260273972603,0.0045662100456621,309
048,7573,25,25,0.003301201637396012,0.002997000999999999,0.4842865658487527,0.6281825087498826,0.9334064023029459,0.0,0.0,0.0,0.0,1490
049,7573,30,30,0.003961441964875215,0.002997000999999999,1.5353873247650125,0.12468871534887581,0.9030034662706874,0.0,0.0,0.005479452054794521,0.006392694063926941,183
050,7573,21,21,0.00277300937541265,0.002997000999999999,-0.3565940412842544,0.7213957389693066,0.9469004633571909,0.0,0.0,0.0,0.0009132420091324201,468
051,7573,26,26,0.0034332497028918526,0.002997000999999999,0.6945067176320047,0.4873644894934616,0.9143799052410162,0.0,0.0,0.005479452054794521,0.0045662100456621,131
052,7573,23,23,0.0030371055064043312,0.002997000999999999,0.06384626228224947,0.949092641401796,0.949092641401796,0.03333333333333333,0.011111111111111112,0.005479452054794521,0.0036529680365296802,6
053,7573,28,28,0.0036973458338835337,0.002997000999999999,1.1149470211985086,0.26487312519086875,0.911745891998287,0.0,0.011111111111111112,0.0027397260273972603,0.006392694063926941,30
054,7573,19,19,0.0025089132444209693,0.002997000999999999,-0.7770343448507576,0.43713850760726836,0.9143799052410162,0.0,0.0,0.005479452054794521,0.0027397260273972603,175
055,7573,26,26,0.0034332497028918526,0.002997000999999999,0.6945067176320047,0.4873644894934616,0.9143799052410162,0.0,0.0,0.005479452054794521,0.006392694063926941,123
056,7573,23,23,0.0030371055064043312,0.002997000999999999,0.06384626228224947,0.949092641401796,0.949092641401796,0.0,0.011111111111111112,0.0027397260273972603,0.0027397260273972603,84
057,7573,26,26,0.0034332497028918526,0.002997000999999999,0.6945067176320047,0.4873644894934616,0.9143799052410162,0.03333333333333333,0.011111111111111112,0.005479452054794521,0.0045662100456621,15
058,7573,19,19,0.0025089132444209693,0.002997000999999999,-0.7770343448507576,0.43713850760726836,0.9143799052410162,0.0,0.0,0.0027397260273972603,0.0009132420091324201,158
059,7573,28,28,0.0036973458338835337,0.002997000999999999,1.1149470211985086,0.26487312519086875,0.911745891998287,0.0,0.011111111111111112,0.00821917808219178,0.005479452054794521,53
060,7573,18,18,0.0023768651789251288,0.002997000999999999,-0.9872544966340097,0.3235178917890641,0.911745891998287,0.0,0.0,0.0,0.0018264840182648401,461
061,7573,25,25,0.003301201637396012,0.002997000999999999,0.4842865658487527,0.6281825087498826,0.9334064023029459,0.0,0.0,0.005479452054794521,0.0045662100456621,150
062,7573,21,21,0.00277300937541265,0.002997000999999999,-0.3565940412842544,0.7213957389693066,0.9469004633571909,0.0,0.0,0.0027397260273972603,0.0045662100456621,147
063,7573,20,20,0.00264096130991681,0.002997000999999999,-0.5668141930675057,0.5708404266777634,0.9334064023029459,0.03333333333333333,0.011111111111111112,0.00821917808219178,0.0045662100456621,27
064,7573,25,25,0.003301201637396012,0.002997000999999999,0.4842865658487527,0.6281825087498826,0.9334064023029459,0.0,0.0,0.0,0.0018264840182648401,879
065,7573,23,23,0.0030371055064043312,0.002997000999999999,0.06384626228224947,0.949092641401796,0.949092641401796,0.0,0.0,0.005479452054794521,0.0045662100456621,196
066,7573,20,20,0.00264096130991681,0.002997000999999999,-0.5668141930675057,0.5708404266777634,0.9334064023029459,0.0,0.0,0.0027397260273972603,0.0018264840182648401,162
067,7573,22,22,0.0029050574409084907,0.002997000999999999,-0.14637388950100247,0.88362623844775,0.949092641401796,0.0,0.0,0.0,0.0018264840182648401,421
068,7573,23,23,0.0030371055064043312,0.002997000999999999,0.06384626228224947,0.949092641401796,0.949092641401796,0.0,0.0,0.0,0.0027397260273972603,459
069,7573,30,30,0.003961441964875215,0.002997000999999999,1.5353873247650125,0.12468871534887581,0.9030034662706874,0.0,0.0,0.0027397260273972603,0.0018264840182648401,342
070,7573,26,26,0.0034332497028918526,0.002997000999999999,0.6945067176320047,0.4873644894934616,0.9143799052410162,0.0,0.0,0.0,0.0009132420091324201,848
071,7573,22,22,0.0029050574409084907,0.002997000999999999,-0.14637388950100247,0.88362623844775,0.949092641401796,0.0,0.011111111111111112,0.005479452054794521,0.0036529680365296802,88
072,7573,16,16,0.0021127690479334476,0.002997000999999999,-1.4076948002005136,0.15922146220758712,0.9030034662706874,0.0,0.011111111111111112,0.0027397260273972603,0.0009132420091324201,46
073,7573,19,19,0.0025089132444209693,0.002997000999999999,-0.7770343448507576,0.43713850760726836,0.9143799052410162,0.0,0.0,0.0,0.0,1110
074,7573,27,27,0.003565297768387693,0.002997000999999999,0.9047268694152566,0.3656101026913131,0.911745891998287,0.0,0.022222222222222223,0.010958904109589041,0.005479452054794521,45
075,7573,24,24,0.003169153571900172,0.002997000999999999,0.2740664140655014,0.7840335836597541,0.9469004633571909,0.06666666666666667,0.03333333333333333,0.00821917808219178,0.006392694063926941,2
076,7573,25,25,0.003301201637396012,0.002997000999999999,0.4842865658487527,0.6281825087498826,0.9334064023029459,0.0,0.0,0.005479452054794521,0.006392694063926941,135
077,7573,16,16,0.0021127690479334476,0.002997000999999999,-1.4076948002005136,0.15922146220758712,0.9030034662706874,0.0,0.0,0.0,0.0,2047
078,7573,24,24,0.003169153571900172,0.002997000999999999,0.2740664140655014,0.7840335836597541,0.9469004633571909,0.0,0.0,0.0027397260273972603,0.0027397260273972603,322
079,7573,25,25,0.003301201637396012,0.002997000999999999,0.4842865658487527,0.6281825087498826,0.9334064023029459,0.0,0.0,0.0,0.0045662100456621,497
080,7573,27,27,0.003565297768387693,0.002997000999999999,0.9047268694152566,0.3656101026913131,0.911745891998287,0.0,0.03333333333333333,0.010958904109589041,0.005479452054794521,48
081,7573,17,17,0.002244817113429288,0.002997000999999999,-1.1974746484172616,0.2311216031061841,0.911745891998287,0.0,0.011111111111111112,0.005479452054794521,0.0027397260273972603,53
082,7573,22,22,0.0029050574409084907,0.002997000999999999,-0.14637388950100247,0.88362623844775,0.949092641401796,0.03333333333333333,0.03333333333333333,0.00821917808219178,0.0027397260273972603,9
083,7573,26,26,0.0034332497028918526,0.002997000999999999,0.6945067176320047,0.4873644894934616,0.9143799052410162,0.03333333333333333,0.011111111111111112,0.005479452054794521,0.0036529680365296802,23
084,7573,23,23,0.0030371055064043312,0.002997000999999999,0.06384626228224947,0.949092641401796,0.949092641401796,0.0,0.0,0.0,0.0009132420091324201,618
085,7573,19,19,0.0025089132444209693,0.002997000999999999,-0.7770343448507576,0.43713850760726836,0.9143799052410162,0.0,0.0,0.0,0.0018264840182648401,386
086,7573,20,20,0.00264096130991681,0.002997000999999999,-0.5668141930675057,0.5708404266777634,0.9334064023029459,0.0,0.0,0.0027397260273972603,0.0036529680365296802,287
087,7573,20,20,0.00264096130991681,0.002997000999999999,-0.5668141930675057,0.5708404266777634,0.9334064023029459,0.03333333333333333,0.011111111111111112,0.005479452054794521,0.006392694063926941,1
088,7573,17,17,0.002244817113429288,0.002997000999999999,-1.1974746484172616,0.2311216031061841,0.911745891998287,0.0,0.0,0.0027397260273972603,0.0027397260273972603,266
089,7573,16,16,0.0021127690479334476,0.002997000999999999,-1.4076948002005136,0.15922146220758712,0.9030034662706874,0.0,0.0,0.0027397260273972603,0.0018264840182648401,311
090,7573,9,9,0.0011884325894625644,0.002997000999999999,-2.879235862683276,0.003986400732303924,0.728698274128222,0.0,0.0,0.0027397260273972603,0.0009132420091324201,343
091,7573,12,12,0.001584576785950086,0.002997000999999999,-2.2485754073335205,0.02453952251748837,0.8414243844213425,0.0,0.0,0.0,0.0,1968
092,7573,23,23,0.0030371055064043312,0.002997000999999999,0.06384626228224947,0.949092641401796,0.949092641401796,0.0,0.0,0.005479452054794521,0.005479452054794521,104
093,7573,23,23,0.0030371055064043312,0.002997000999999999,0.06384626228224947,0.949092641401796,0.949092641401796,0.0,0.0,0.0027397260273972603,0.0027397260273972603,301
094,7573,18,18,0.0023768651789251288,0.002997000999999999,-0.9872544966340097,0.3235178917890641,0.911745891998287,0.0,0.0,0.005479452054794521,0.0018264840182648401,218
095,7573,29,29,0.0038293938993793743,0.002997000999999999,1.3251671729817605,0.18511571058549092,0.9030034662706874,0.0,0.011111111111111112,0.010958904109589041,0.005479452054794521,61
096,7573,29,29,0.0038293938993793743,0.002997000999999999,1.3251671729817605,0.18511571058549092,0.9030034662706874,0.0,0.0,0.0,0.0036529680365296802,458
097,7573,27,27,0.003565297768387693,0.002997000999999999,0.9047268694152566,0.3656101026913131,0.911745891998287,0.0,0.0,0.005479452054794521,0.0018264840182648401,119
098,7573,19,19,0.0025089132444209693,0.002997000999999999,-0.7770343448507576,0.43713850760726836,0.9143799052410162,0.0,0.0,0.0027397260273972603,0.0027397260273972603,128
099,7573,19,19,0.0025089132444209693,0.002997000999999999,-0.7770343448507576,0.43713850760726836,0.9143799052410162,0.0,0.0,0.0,0.0009132420091324201,779
100,7573,24,24,0.003169153571900172,0.002997000999999999,0.2740664140655014,0.7840335836597541,0.9469004633571909,0.0,0.0,0.0,0.0027397260273972603,560
101,7573,23,23,0.0030371055064043312,0.002997000999999999,0.06384626228224947,0.949092641401796,0.949092641401796,0.0,0.0,0.0,0.0027397260273972603,408
102,7573,28,28,0.0036973458338835337,0.002997000999999999,1.1149470211985086,0.26487312519086875,0.911745891998287,0.0,0.0,0.005479452054794521,0.005479452054794521,172
103,7573,29,29,0.0038293938993793743,0.002997000999999999,1.3251671729817605,0.18511571058549092,0.9030034662706874,0.0,0.011111111111111112,0.005479452054794521,0.0036529680365296802,55
104,7573,25,25,0.003301201637396012,0.002997000999999999,0.4842865658487527,0.6281825087498826,0.9334064023029459,0.0,0.0,0.0027397260273972603,0.0036529680365296802,330
105,7573,24,24,0.003169153571900172,0.002997000999999999,0.2740664140655014,0.7840335836597541,0.9469004633571909,0.0,0.0,0.0,0.0027397260273972603,726
106,7573,22,22,0.0029050574409084907,0.002997000999999999,-0.14637388950100247,0.88362623844775,0.949092641401796,0.0,0.0,0.0027397260273972603,0.005479452054794521,120
107,7573,22,22,0.0029050574409084907,0.002997000999999999,-0.14637388950100247,0.88362623844775,0.949092641401796,0.0,0.0,0.0027397260273972603,0.0018264840182648401,241
108,7573,23,23,0.0030371055064043312,0.002997000999999999,0.06384626228224947,0.949092641401796,0.949092641401796,0.0,0.0,0.00821917808219178,0.0027397260273972603,219
109,7573,22,22,0.0029050574409084907,0.002997000999999999,-0.14637388950100247,0.88362623844775,0.949092641401796,0.0,0.0,0.0027397260273972603,0.0045662100456621,254
110,7573,14,14,0.0018486729169417669,0.002997000999999999,-1.8281351037670168,0.06752927770683262,0.8887822219524399,0.0,0.0,0.0027397260273972603,0.0036529680365296802,306
111,7573,38,38,0.005017826488841939,0.002997000999999999,3.217148539031027,0.0012947154844001466,0.728698274128222,0.0,0.011111111111111112,0.005479452054794521,0.0045662100456621,58
112,7573,27,27,0.003565297768387693,0.002997000999999999,0.9047268694152566,0.3656101026913131,0.911745891998287,0.0,0.0,0.0027397260273972603,0.0009132420091324201,305
113,7573,18,18,0.0023768651789251288,0.002997000999999999,-0.9872544966340097,0.3235178917890641,0.911745891998287,0.0,0.011111111111111112,0.0027397260273972603,0.0018264840182648401,59
114,7573,25,25,0.003301201637396012,0.002997000999999999,0.4842865658487527,0.6281825087498826,0.9334064023029459,0.0,0.0,0.0027397260273972603,0.0036529680365296802,98
115,7573,29,29,0.0038293938993793743,0.002997000999999999,1.3251671729817605,0.18511571058549092,0.9030034662706874,0.03333333333333333,0.011111111111111112,0.005479452054794521,0.005479452054794521,14
116,7573,21,21,0.00277300937541265,0.002997000999999999,-0.3565940412842544,0.7213957389693066,0.9469004633571909,0.0,0.0,0.0027397260273972603,0.0009132420091324201,121
117,7573,27,27,0.003565297768387693,0.002997000999999999,0.9047268694152566,0.3656101026913131,0.911745891998287,0.0,0.011111111111111112,0.00821917808219178,0.0027397260273972603,65
118,7573,13,13,0.0017166248514459263,0.002997000999999999,-2.0383552555502686,0.041514417627089906,0.8414243844213425,0.0,0.011111111111111112,0.0027397260273972603,0.0018264840182648401,31
119,7573,19,19,0.0025089132444209693,0.002997000999999999,-0.7770343448507576,0.43713850760726836,0.9143799052410162,0.03333333333333333,0.011111111111111112,0.0027397260273972603,0.0045662100456621,22
120,7573,31,31,0.0040934900303710555,0.002997000999999999,1.7456074765482645,0.08087918219767204,0.8887822219524399,0.0,0.011111111111111112,0.00821917808219178,0.0036529680365296802,37
121,7573,27,27,0.003565297768387693,0.002997000999999999,0.9047268694152566,0.3656101026913131,0.911745891998287,0.0,0.0,0.0027397260273972603,0.006392694063926941,276
122,7573,23,23,0.0030371055064043312,0.002997000999999999,0.06384626228224947,0.949092641401796,0.949092641401796,0.0,0.0,0.005479452054794521,0.0036529680365296802,199
123,7573,19,19,0.0025089132444209693,0.002997000999999999,-0.7770343448507576,0.43713850760726836,0.9143799052410162,0.0,0.0,0.0,0.0,1242
124,7573,27,27,0.003565297768387693,0.002997000999999999,0.9047268694152566,0.3656101026913131,0.911745891998287,0.0,0.0,0.00821917808219178,0.005479452054794521,108
125,7573,19,19,0.0025089132444209693,0.002997000999999999,-0.7770343448507576,0.43713850760726836,0.9143799052410162,0.0,0.0,0.005479452054794521,0.0027397260273972603,150
126,7573,15,15,0.0019807209824376074,0.002997000999999999,-1.6179149519837648,0.10568092752586929,0.9030034662706874,0.0,0.0,0.0027397260273972603,0.0018264840182648401,342
127,7573,23,23,0.0030371055064043312,0.002997000999999999,0.06384626228224947,0.949092641401796,0.949092641401796,0.0,0.0,0.0,0.0018264840182648401,672
128,7573,18,18,0.0023768651789251288,0.002997000999999999,-0.9872544966340097,0.3235178917890641,0.911745891998287,0.0,0.0,0.0,0.0009132420091324201,849
129,7573,17,17,0.002244817113429288,0.002997000999999999,-1.1974746484172616,0.2311216031061841,0.911745891998287,0.0,0.0,0.0,0.0,1171
130,7573,24,24,0.003169153571900172,0.002997000999999999,0.2740664140655014,0.7840335836597541,0.9469004633571909,0.0,0.0,0.005479452054794521,0.0036529680365296802,191
131,7573,22,22,0.0029050574409084907,0.002997000999999999,-0.14637388950100247,0.88362623844775,0.949092641401796,0.0,0.0,0.005479452054794521,0.0036529680365296802,95
132,7573,28,28,0.0036973458338835337,0.002997000999999999,1.1149470211985086,0.26487312519086875,0.911745891998287,0.03333333333333333,0.011111111111111112,0.00821917808219178,0.0045662100456621,16
133,7573,24,24,0.003169153571900172,0.002997000999999999,0.2740664140655014,0.7840335836597541,0.9469004633571909,0.0,0.0,0.005479452054794521,0.0036529680365296802,202
134,7573,16,16,0.0021127690479334476,0.002997000999999999,-1.4076948002005136,0.15922146220758712,0.9030034662706874,0.0,0.0,0.0,0.0009132420091324201,387
135,7573,36,36,0.0047537303578502575,0.002997000999999999,2.7967082354645227,0.005162613066021665,0.728698274128222,0.0,0.0,0.005479452054794521,0.0018264840182648401,99
136,7573,13,13,0.0017166248514459263,0.002997000999999999,-2.0383552555502686,0.041514417627089906,0.8414243844213425,0.0,0.0,0.005479452054794521,0.0018264840182648401,296
137,7573,16,16,0.0021127690479334476,0.002997000999999999,-1.4076948002005136,0.15922146220758712,0.9030034662706874,0.0,0.0,0.0,0.0009132420091324201,997
138,7573,29,29,0.0038293938993793743,0.002997000999999999,1.3251671729817605,0.18511571058549092,0.9030034662706874,0.0,0.0,0.0,0.0027397260273972603,814
139,7573,17,17,0.002244817113429288,0.002997000999999999,-1.1974746484172616,0.2311216031061841,0.911745891998287,0.0,0.0,0.0027397260273972603,0.0009132420091324201,255
140,7573,25,25,0.003301201637396012,0.002997000999999999,0.4842865658487527,0.6281825087498826,0.9334064023029459,0.0,0.0,0.005479452054794521,0.0036529680365296802,105
141,7573,16,16,0.0021127690479334476,0.002997000999999999,-1.4076948002005136,0.15922146220758712,0.9030034662706874,0.0,0.0,0.0,0.0009132420091324201,478
142,7573,26,26,0.0034332497028918526,0.002997000999999999,0.6945067176320047,0.4873644894934616,0.9143799052410162,0.0,0.0,0.0,0.0045662100456621,624
143,7573,21,21,0.00277300937541265,0.002997000999999999,-0.3565940412842544,0.7213957389693066,0.9469004633571909,0.0,0.0,0.0,0.0027397260273972603,401
144,7573,31,31,0.0040934900303710555,0.002997000999999999,1.7456074765482645,0.08087918219767204,0.8887822219524399,0.03333333333333333,0.011111111111111112,0.0027397260273972603,0.0018264840182648401,6
145,7573,24,24,0.003169153571900172,0.002997000999999999,0.2740664140655014,0.7840335836597541,0.9469004633571909,0.0,0.0,0.0,0.0018264840182648401,392
146,7573,20,20,0.00264096130991681,0.002997000999999999,-0.5668141930675057,0.5708404266777634,0.9334064023029459,0.0,0.0,0.005479452054794521,0.0018264840182648401,100
147,7573,23,23,0.0030371055064043312,0.002997000999999999,0.06384626228224947,0.949092641401796,0.949092641401796,0.0,0.0,0.005479452054794521,0.0027397260273972603,239
148,7573,21,21,0.00277300937541265,0.002997000999999999,-0.3565940412842544,0.7213957389693066,0.9469004633571909,0.0,0.0,0.0027397260273972603,0.0036529680365296802,165
149,7573,20,20,0.00264096130991681,0.002997000999999999,-0.5668141930675057,0.5708404266777634,0.9334064023029459,0.0,0.0,0.0,0.0009132420091324201,530
150,7573,18,18,0.0023768651789251288,0.002997000999999999,-0.9872544966340097,0.3235178917890641,0.911745891998287,0.0,0.0,0.0027397260273972603,0.0009132420091324201,226
151,7573,29,29,0.0038293938993793743,0.002997000999999999,1.3251671729817605,0.18511571058549092,0.9030034662706874,0.0,0.0,0.005479452054794521,0.006392694063926941,197
152,7573,23,23,0.0030371055064043312,0.002997000999999999,0.06384626228224947,0.949092641401796,0.949092641401796,0.0,0.0,0.0027397260273972603,0.0018264840182648401,274
153,7573,20,20,0.00264096130991681,0.002997000999999999,-0.5668141930675057,0.5708404266777634,0.9334064023029459,0.0,0.0,0.0,0.0018264840182648401,389
154,7573,24,24,0.003169153571900172,0.002997000999999999,0.2740664140655014,0.7840335836597541,0.9469004633571909,0.0,0.0,0.005479452054794521,0.0036529680365296802,308
155,7573,20,20,0.00264096130991681,0.002997000999999999,-0.5668141930675057,0.5708404266777634,0.9334064023029459,0.0,0.011111111111111112,0.00821917808219178,0.0036529680365296802,65
156,7573,35,35,0.004621682292354417,0.002997000999999999,2.586488083681271,0.009695952296808138,0.728698274128222,0.0,0.0,0.0027397260273972603,0.0036529680365296802,150
157,7573,35,35,0.004621682292354417,0.002997000999999999,2.586488083681271,0.009695952296808138,0.728698274128222,0.0,0.0,0.0027397260273972603,0.0045662100456621,155
158,7573,22,22,0.0029050574409084907,0.002997000999999999,-0.14637388950100247,0.88362623844775,0.949092641401796,0.0,0.0,0.0,0.0027397260273972603,559
159,7573,22,22,0.0029050574409084907,0.002997000999999999,-0.14637388950100247,0.88362623844775,0.949092641401796,0.0,0.0,0.0027397260273972603,0.0027397260273972603,271
160,7573,21,21,0.00277300937541265,0.002997000999999999,-0.3565940412842544,0.7213957389693066,0.9469004633571909,0.03333333333333333,0.011111111111111112,0.005479452054794521,0.0045662100456621,4
161,7573,27,27,0.003565297768387693,0.002997000999999999,0.9047268694152566,0.3656101026913131,0.911745891998287,0.0,0.0,0.0027397260273972603,0.0009132420091324201,309
162,7573,19,19,0.0025089132444209693,0.002997000999999999,-0.7770343448507576,0.43713850760726836,0.9143799052410162,0.0,0.0,0.0027397260273972603,0.0018264840182648401,294
163,7573,26,26,0.0034332497028918526,0.002997000999999999,0.6945067176320047,0.4873644894934616,0.9143799052410162,0.0,0.0,0.0027397260273972603,0.0027397260273972603,132
164,7573,27,27,0.003565297768387693,0.002997000999999999,0.9047268694152566,0.3656101026913131,0.911745891998287,0.03333333333333333,0.011111111111111112,0.0027397260273972603,0.0027397260273972603,27
165,7573,17,17,0.002244817113429288,0.002997000999999999,-1.1974746484172616,0.2311216031061841,0.911745891998287,0.0,0.0,0.0,0.0009132420091324201,863
166,7573,27,27,0.003565297768387693,0.002997000999999999,0.9047268694152566,0.3656101026913131,0.911745891998287,0.0,0.0,0.0,0.005479452054794521,493
167,7573,22,22,0.0029050574409084907,0.002997000999999999,-0.14637388950100247,0.88362623844775,0.949092641401796,0.0,0.0,0.0,0.0009132420091324201,394
168,7573,26,26,0.0034332497028918526,0.002997000999999999,0.6945067176320047,0.4873644894934616,0.9143799052410162,0.0,0.0,0.0027397260273972603,0.0027397260273972603,127
169,7573,24,24,0.003169153571900172,0.002997000999999999,0.2740664140655014,0.7840335836597541,0.9469004633571909,0.0,0.0,0.0027397260273972603,0.0027397260273972603,112
170,7573,20,20,0.00264096130991681,0.002997000999999999,-0.5668141930675057,0.5708404266777634,0.9334064023029459,0.0,0.011111111111111112,0.0027397260273972603,0.0036529680365296802,76
171,7573,19,19,0.0025089132444209693,0.002997000999999999,-0.7770343448507576,0.43713850760726836,0.9143799052410162,0.0,0.0,0.0,0.0,1126
172,7573,17,17,0.002244817113429288,0.002997000999999999,-1.1974746484172616,0.2311216031061841,0.911745891998287,0.0,0.0,0.0,0.0,1703
173,7573,25,25,0.003301201637396012,0.002997000999999999,0.4842865658487527,0.6281825087498826,0.9334064023029459,0.0,0.011111111111111112,0.0027397260273972603,0.0009132420091324201,38
174,7573,18,18,0.0023768651789251288,0.002997000999999999,-0.9872544966340097,0.3235178917890641,0.911745891998287,0.0,0.0,0.0,0.0009132420091324201,1042
175,7573,26,26,0.0034332497028918526,0.002997000999999999,0.6945067176320047,0.4873644894934616,0.9143799052410162,0.0,0.0,0.0,0.0018264840182648401,404
176,7573,16,16,0.0021127690479334476,0.002997000999999999,-1.4076948002005136,0.15922146220758712,0.9030034662706874,0.0,0.0,0.0027397260273972603,0.0018264840182648401,270
177,7573,18,18,0.0023768651789251288,0.002997000999999999,-0.9872544966340097,0.3235178917890641,0.911745891998287,0.0,0.011111111111111112,0.005479452054794521,0.0045662100456621,33
178,7573,23,23,0.0030371055064043312,0.002997000999999999,0.06384626228224947,0.949092641401796,0.949092641401796,0.0,0.0,0.0027397260273972603,0.0009132420091324201,283
179,7573,22,22,0.0029050574409084907,0.002997000999999999,-0.14637388950100247,0.88362623844775,0.949092641401796,0.0,0.0,0.00821917808219178,0.0045662100456621,115
180,7573,21,21,0.00277300937541265,0.002997000999999999,-0.3565940412842544,0.7213957389693066,0.9469004633571909,0.0,0.0,0.0027397260273972603,0.0009132420091324201,103
181,7573,17,17,0.002244817113429288,0.002997000999999999,-1.1974746484172616,0.2311216031061841,0.911745891998287,0.0,0.011111111111111112,0.0027397260273972603,0.0018264840182648401,52
182,7573,21,21,0.00277300937541265,0.002997000999999999,-0.3565940412842544,0.7213957389693066,0.9469004633571909,0.0,0.0,0.0,0.0027397260273972603,412
183,7573,26,26,0.0034332497028918526,0.002997000999999999,0.6945067176320047,0.4873644894934616,0.9143799052410162,0.0,0.0,0.0,0.005479452054794521,428
184,7573,27,27,0.003565297768387693,0.002997000999999999,0.9047268694152566,0.3656101026913131,0.911745891998287,0.0,0.0,0.0027397260273972603,0.0027397260273972603,319
185,7573,32,32,0.004225538095866895,0.002997000999999999,1.955827628331515,0.050485463065280546,0.8414243844213425,0.0,0.0,0.005479452054794521,0.006392694063926941,141
186,7573,29,29,0.0038293938993793743,0.002997000999999999,1.3251671729817605,0.18511571058549092,0.9030034662706874,0.0,0.011111111111111112,0.010958904109589041,0.006392694063926941,89
187,7573,29,29,0.0038293938993793743,0.002997000999999999,1.3251671729817605,0.18511571058549092,0.9030034662706874,0.0,0.0,0.0027397260273972603,0.0045662100456621,259
188,7573,24,24,0.003169153571900172,0.002997000999999999,0.2740664140655014,0.7840335836597541,0.9469004633571909,0.03333333333333333,0.022222222222222223,0.00821917808219178,0.0036529680365296802,11
189,7573,20,20,0.00264096130991681,0.002997000999999999,-0.5668141930675057,0.5708404266777634,0.9334064023029459,0.0,0.011111111111111112,0.005479452054794521,0.005479452054794521,46
190,7573,26,26,0.0034332497028918526,0.002997000999999999,0.6945067176320047,0.4873644894934616,0.9143799052410162,0.0,0.0,0.0,0.0027397260273972603,842
191,7573,23,23,0.0030371055064043312,0.002997000999999999,0.06384626228224947,0.949092641401796,0.949092641401796,0.0,0.011111111111111112,0.005479452054794521,0.0045662100456621,87
192,7573,22,22,0.0029050574409084907,0.002997000999999999,-0.14637388950100247,0.88362623844775,0.949092641401796,0.0,0.0,0.0,0.0027397260273972603,507
193,7573,23,23,0.0030371055064043312,0.002997000999999999,0.06384626228224947,0.949092641401796,0.949092641401796,0.0,0.0,0.0,0.0027397260273972603,569
194,7573,24,24,0.003169153571900172,0.002997000999999999,0.2740664140655014,0.7840335836597541,0.9469004633571909,0.0,0.0,0.005479452054794521,0.0036529680365296802,154
195,7573,34,34,0.004489634226858576,0.002997000999999999,2.376267931898019,0.017488758579077328,0.728698274128222,0.0,0.0,0.00821917808219178,0.0073059360730593605,171
196,7573,22,22,0.0029050574409084907,0.002997000999999999,-0.14637388950100247,0.88362623844775,0.949092641401796,0.0,0.0,0.0,0.0,1622
197,7573,19,19,0.0025089132444209693,0.002997000999999999,-0.7770343448507576,0.43713850760726836,0.9143799052410162,0.0,0.0,0.0,0.0009132420091324201,839
198,7573,18,18,0.0023768651789251288,0.002997000999999999,-0.9872544966340097,0.3235178917890641,0.911745891998287,0.0,0.0,0.0,0.0018264840182648401,860
199,7573,11,11,0.0014525287204542453,0.002997000999999999,-2.4587955591167723,0.013940397692424137,0.728698274128222,0.03333333333333333,0.011111111111111112,0.0027397260273972603,0.0018264840182648401,9
200,7573,29,29,0.0038293938993793743,0.002997000999999999,1.3251671729817605,0.18511571058549092,0.9030034662706874,0.0,0.0,0.0027397260273972603,0.0045662100456621,244
201,7573,22,22,0.0029050574409084907,0.002997000999999999,-0.14637388950100247,0.88362623844775,0.949092641401796,0.0,0.0,0.0,0.0018264840182648401,373
202,7573,24,24,0.003169153571900172,0.002997000999999999,0.2740664140655014,0.7840335836597541,0.9469004633571909,0.0,0.0,0.005479452054794521,0.0018264840182648401,112
203,7573,25,25,0.003301201637396012,0.002997000999999999,0.4842865658487527,0.6281825087498826,0.9334064023029459,0.0,0.0,0.005479452054794521,0.0018264840182648401,232
204,7573,15,15,0.0019807209824376074,0.002997000999999999,-1.6179149519837648,0.10568092752586929,0.9030034662706874,0.0,0.0,0.0,0.0009132420091324201,944
205,7573,27,27,0.003565297768387693,0.002997000999999999,0.9047268694152566,0.3656101026913131,0.911745891998287,0.0,0.0,0.0027397260273972603,0.0027397260273972603,216
206,7573,19,19,0.0025089132444209693,0.002997000999999999,-0.7770343448507576,0.43713850760726836,0.9143799052410162,0.0,0.0,0.0027397260273972603,0.0027397260273972603,244
207,7573,22,22,0.0029050574409084907,0.002997000999999999,-0.14637388950100247,0.88362623844775,0.949092641401796,0.0,0.0,0.0027397260273972603,0.0018264840182648401,230
208,7573,26,26,0.0034332497028918526,0.002997000999999999,0.6945067176320047,0.4873644894934616,0.9143799052410162,0.0,0.0,0.0,0.0027397260273972603,719
209,7573,21,21,0.00277300937541265,0.002997000999999999,-0.3565940412842544,0.7213957389693066,0.9469004633571909,0.0,0.0,0.0,0.0018264840182648401,533
210,7573,31,31,0.0040934900303710555,0.002997000999999999,1.7456074765482645,0.08087918219767204,0.8887822219524399,0.0,0.0,0.0,0.0018264840182648401,521
211,7573,18,18,0.0023768651789251288,0.002997000999999999,-0.9872544966340097,0.3235178917890641,0.911745891998287,0.0,0.0,0.0,0.0036529680365296802,679
212,7573,29,29,0.0038293938993793743,0.002997000999999999,1.3251671729817605,0.18511571058549092,0.9030034662706874,0.0,0.0,0.0027397260273972603,0.0018264840182648401,173
213,7573,22,22,0.0029050574409084907,0.002997000999999999,-0.14637388950100247,0.88362623844775,0.949092641401796,0.0,0.0,0.00821917808219178,0.0045662100456621,106
214,7573,32,32,0.004225538095866895,0.002997000999999999,1.955827628331515,0.050485463065280546,0.8414243844213425,0.0,0.0,0.005479452054794521,0.0027397260273972603,204
215,7573,21,21,0.00277300937541265,0.002997000999999999,-0.3565940412842544,0.7213957389693066,0.9469004633571909,0.0,0.0,0.0027397260273972603,0.0018264840182648401,247
216,7573,27,27,0.003565297768387693,0.002997000999999999,0.9047268694152566,0.3656101026913131,0.911745891998287,0.0,0.0,0.0,0.0045662100456621,453
217,7573,21,21,0.00277300937541265,0.002997000999999999,-0.3565940412842544,0.7213957389693066,0.9469004633571909,0.0,0.011111111111111112,0.0027397260273972603,0.0018264840182648401,73
218,7573,23,23,0.0030371055064043312,0.002997000999999999,0.06384626228224947,0.949092641401796,0.949092641401796,0.0,0.0,0.00821917808219178,0.0036529680365296802,93
219,7573,22,22,0.0029050574409084907,0.002997000999999999,-0.14637388950100247,0.88362623844775,0.949092641401796,0.0,0.0,0.0,0.0027397260273972603,405
220,7573,24,24,0.003169153571900172,0.002997000999999999,0.2740664140655014,0.7840335836597541,0.9469004633571909,0.0,0.0,0.0027397260273972603,0.0018264840182648401,164
221,7573,22,22,0.0029050574409084907,0.002997000999999999,-0.14637388950100247,0.88362623844775,0.949092641401796,0.0,0.0,0.0,0.0018264840182648401,580
222,7573,22,22,0.0029050574409084907,0.002997000999999999,-0.14637388950100247,0.88362623844775,0.949092641401796,0.0,0.0,0.0027397260273972603,0.0027397260273972603,92
223,7573,19,19,0.0025089132444209693,0.002997000999999999,-0.7770343448507576,0.43713850760726836,0.9143799052410162,0.0,0.0,0.0,0.0018264840182648401,587
224,7573,21,21,0.00277300937541265,0.002997000999999999,-0.3565940412842544,0.7213957389693066,0.9469004633571909,0.0,0.011111111111111112,0.0027397260273972603,0.005479452054794521,89
225,7573,21,21,0.00277300937541265,0.002997000999999999,-0.3565940412842544,0.7213957389693066,0.9469004633571909,0.0,0.0,0.0,0.0027397260273972603,553
226,7573,26,26,0.0034332497028918526,0.002997000999999999,0.6945067176320047,0.4873644894934616,0.9143799052410162,0.0,0.011111111111111112,0.005479452054794521,0.0045662100456621,39
227,7573,26,26,0.0034332497028918526,0.002997000999999999,0.6945067176320047,0.4873644894934616,0.9143799052410162,0.0,0.0,0.0027397260273972603,0.0036529680365296802,336
228,7573,22,22,0.0029050574409084907,0.002997000999999999,-0.14637388950100247,0.88362623844775,0.949092641401796,0.0,0.0,0.0027397260273972603,0.0036529680365296802,161
229,7573,26,26,0.0034332497028918526,0.002997000999999999,0.6945067176320047,0.4873644894934616,0.9143799052410162,0.0,0.0,0.0,0.0,1685
230,7573,20,20,0.00264096130991681,0.002997000999999999,-0.5668141930675057,0.5708404266777634,0.9334064023029459,0.0,0.0,0.005479452054794521,0.0045662100456621,162
231,7573,22,22,0.0029050574409084907,0.002997000999999999,-0.14637388950100247,0.88362623844775,0.949092641401796,0.0,0.0,0.00821917808219178,0.0027397260273972603,118
232,7573,29,29,0.0038293938993793743,0.002997000999999999,1.3251671729817605,0.18511571058549092,0.9030034662706874,0.0,0.011111111111111112,0.005479452054794521,0.0027397260273972603,32
233,7573,19,19,0.0025089132444209693,0.002997000999999999,-0.7770343448507576,0.43713850760726836,0.9143799052410162,0.0,0.0,0.0,0.0027397260273972603,407
234,7573,16,16,0.0021127690479334476,0.002997000999999999,-1.4076948002005136,0.15922146220758712,0.9030034662706874,0.0,0.0,0.0027397260273972603,0.0018264840182648401,235
235,7573,18,18,0.0023768651789251288,0.002997000999999999,-0.9872544966340097,0.3235178917890641,0.911745891998287,0.0,0.0,0.0,0.0018264840182648401,589
236,7573,26,26,0.0034332497028918526,0.002997000999999999,0.6945067176320047,0.4873644894934616,0.9143799052410162,0.0,0.0,0.0,0.0036529680365296802,522
237,7573,23,23,0.0030371055064043312,0.002997000999999999,0.06384626228224947,0.949092641401796,0.949092641401796,0.03333333333333333,0.022222222222222223,0.00821917808219178,0.006392694063926941,0
238,7573,27,27,0.003565297768387693,0.002997000999999999,0.9047268694152566,0.3656101026913131,0.911745891998287,0.0,0.0,0.0027397260273972603,0.0027397260273972603,102
239,7573,27,27,0.003565297768387693,0.002997000999999999,0.9047268694152566,0.3656101026913131,0.911745891998287,0.0,0.011111111111111112,0.00821917808219178,0.006392694063926941,33
240,7573,22,22,0.0029050574409084907,0.002997000999999999,-0.14637388950100247,0.88362623844775,0.949092641401796,0.0,0.011111111111111112,0.00821917808219178,0.0045662100456621,51
241,7573,20,20,0.00264096130991681,0.002997000999999999,-0.5668141930675057,0.5708404266777634,0.9334064023029459,0.0,0.0,0.0027397260273972603,0.0018264840182648401,334
242,7573,20,20,0.00264096130991681,0.002997000999999999,-0.5668141930675057,0.5708404266777634,0.9334064023029459,0.0,0.0,0.0027397260273972603,0.0027397260273972603,293
243,7573,21,21,0.00277300937541265,0.002997000999999999,-0.3565940412842544,0.7213957389693066,0.9469004633571909,0.0,0.011111111111111112,0.010958904109589041,0.0045662100456621,30
244,7573,21,21,0.00277300937541265,0.002997000999999999,-0.3565940412842544,0.7213957389693066,0.9469004633571909,0.0,0.0,0.0027397260273972603,0.0018264840182648401,97
245,7573,26,26,0.0034332497028918526,0.002997000999999999,0.6945067176320047,0.4873644894934616,0.9143799052410162,0.03333333333333333,0.011111111111111112,0.0027397260273972603,0.0036529680365296802,28
246,7573,18,18,0.0023768651789251288,0.002997000999999999,-0.9872544966340097,0.3235178917890641,0.911745891998287,0.0,0.0,0.005479452054794521,0.0036529680365296802,138
247,7573,23,23,0.0030371055064043312,0.002997000999999999,0.06384626228224947,0.949092641401796,0.949092641401796,0.0,0.0,0.0027397260273972603,0.0036529680365296802,219
248,7573,28,28,0.0036973458338835337,0.002997000999999999,1.1149470211985086,0.26487312519086875,0.911745891998287,0.0,0.0,0.0027397260273972603,0.0018264840182648401,217
249,7573,26,26,0.0034332497028918526,0.002997000999999999,0.6945067176320047,0.4873644894934616,0.9143799052410162,0.0,0.011111111111111112,0.0027397260273972603,0.0027397260273972603,32
250,7573,31,31,0.0040934900303710555,0.002997000999999999,1.7456074765482645,0.08087918219767204,0.8887822219524399,0.0,0.011111111111111112,0.005479452054794521,0.0027397260273972603,37
251,7573,26,26,0.0034332497028918526,0.002997000999999999,0.6945067176320047,0.4873644894934616,0.9143799052410162,0.0,0.0,0.005479452054794521,0.0027397260273972603,310
252,7573,24,24,0.003169153571900172,0.002997000999999999,0.2740664140655014,0.7840335836597541,0.9469004633571909,0.0,0.0,0.005479452054794521,0.0027397260273972603,137
253,7573,24,24,0.003169153571900172,0.002997000999999999,0.2740664140655014,0.7840335836597541,0.9469004633571909,0.0,0.0,0.00821917808219178,0.006392694063926941,133
254,7573,22,22,0.0029050574409084907,0.002997000999999999,-0.14637388950100247,0.88362623844775,0.949092641401796,0.0,0.0,0.0027397260273972603,0.0027397260273972603,292
255,7573,17,17,0.002244817113429288,0.002997000999999999,-1.1974746484172616,0.2311216031061841,0.911745891998287,0.0,0.0,0.0027397260273972603,0.0018264840182648401,243
256,7573,16,16,0.0021127690479334476,0.002997000999999999,-1.4076948002005136,0.15922146220758712,0.9030034662706874,0.03333333333333333,0.011111111111111112,0.0027397260273972603,0.0027397260273972603,18
257,7573,25,25,0.003301201637396012,0.002997000999999999,0.4842865658487527,0.6281825087498826,0.9334064023029459,0.0,0.0,0.0,0.0036529680365296802,382
258,7573,21,21,0.00277300937541265,0.002997000999999999,-0.3565940412842544,0.7213957389693066,0.9469004633571909,0.0,0.0,0.005479452054794521,0.005479452054794521,242
259,7573,21,21,0.00277300937541265,0.002997000999999999,-0.3565940412842544,0.7213957389693066,0.9469004633571909,0.0,0.0,0.0027397260273972603,0.0036529680365296802,227
260,7573,18,18,0.0023768651789251288,0.002997000999999999,-0.9872544966340097,0.3235178917890641,0.911745891998287,0.0,0.0,0.0,0.0018264840182648401,698
261,7573,29,29,0.0038293938993793743,0.002997000999999999,1.3251671729817605,0.18511571058549092,0.9030034662706874,0.0,0.022222222222222223,0.005479452054794521,0.0018264840182648401,32
262,7573,27,27,0.003565297768387693,0.002997000999999999,0.9047268694152566,0.3656101026913131,0.911745891998287,0.0,0.0,0.0,0.0018264840182648401,907
263,7573,21,21,0.00277300937541265,0.002997000999999999,-0.3565940412842544,0.7213957389693066,0.9469004633571909,0.0,0.0,0.0,0.0009132420091324201,794
264,7573,30,30,0.003961441964875215,0.002997000999999999,1.5353873247650125,0.12468871534887581,0.9030034662706874,0.0,0.0,0.00821917808219178,0.0045662100456621,129
265,7573,22,22,0.0029050574409084907,0.002997000999999999,-0.14637388950100247,0.88362623844775,0.949092641401796,0.0,0.0,0.0027397260273972603,0.0018264840182648401,324
266,7573,26,26,0.0034332497028918526,0.002997000999999999,0.6945067176320047,0.4873644894934616,0.9143799052410162,0.0,0.0,0.0,0.0036529680365296802,574
267,7573,10,10,0.001320480654958405,0.002997000999999999,-2.669015710900024,0.007607389172492951,0.728698274128222,0.0,0.0,0.0,0.0,1443
268,7573,21,21,0.00277300937541265,0.002997000999999999,-0.3565940412842544,0.7213957389693066,0.9469004633571909,0.0,0.011111111111111112,0.005479452054794521,0.0036529680365296802,83
269,7573,26,26,0.0034332497028918526,0.002997000999999999,0.6945067176320047,0.4873644894934616,0.9143799052410162,0.0,0.0,0.0,0.0,1155
270,7573,23,23,0.0030371055064043312,0.002997000999999999,0.06384626228224947,0.949092641401796,0.949092641401796,0.0,0.0,0.005479452054794521,0.0045662100456621,94
271,7573,31,31,0.0040934900303710555,0.002997000999999999,1.7456074765482645,0.08087918219767204,0.8887822219524399,0.03333333333333333,0.011111111111111112,0.00821917808219178,0.005479452054794521,8
272,7573,24,24,0.003169153571900172,0.002997000999999999,0.2740664140655014,0.7840335836597541,0.9469004633571909,0.0,0.0,0.0027397260273972603,0.0027397260273972603,143
273,7573,23,23,0.0030371055064043312,0.002997000999999999,0.06384626228224947,0.949092641401796,0.949092641401796,0.0,0.0,0.0,0.0009132420091324201,644
274,7573,21,21,0.00277300937541265,0.002997000999999999,-0.3565940412842544,0.7213957389693066,0.9469004633571909,0.0,0.011111111111111112,0.005479452054794521,0.0073059360730593605,75
275,7573,15,15,0.0019807209824376074,0.002997000999999999,-1.6179149519837648,0.10568092752586929,0.9030034662706874,0.0,0.0,0.0,0.0009132420091324201,902
276,7573,18,18,0.0023768651789251288,0.002997000999999999,-0.9872544966340097,0.3235178917890641,0.911745891998287,0.03333333333333333,0.011111111111111112,0.005479452054794521,0.0036529680365296802,10
277,7573,27,27,0.003565297768387693,0.002997000999999999,0.9047268694152566,0.3656101026913131,0.911745891998287,0.0,0.0,0.00821917808219178,0.0036529680365296802,96
278,7573,18,18,0.0023768651789251288,0.002997000999999999,-0.9872544966340097,0.3235178917890641,0.911745891998287,0.0,0.011111111111111112,0.0027397260273972603,0.0027397260273972603,72
279,7573,27,27,0.003565297768387693,0.002997000999999999,0.9047268694152566,0.3656101026913131,0.911745891998287,0.03333333333333333,0.011111111111111112,0.00821917808219178,0.0045662100456621,9
280,7573,20,20,0.00264096130991681,0.002997000999999999,-0.5668141930675057,0.5708404266777634,0.9334064023029459,0.03333333333333333,0.011111111111111112,0.0027397260273972603,0.0045662100456621,7
281,7573,19,19,0.0025089132444209693,0.002997000999999999,-0.7770343448507576,0.43713850760726836,0.9143799052410162,0.0,0.0,0.0,0.0,1810
282,7573,16,16,0.0021127690479334476,0.002997000999999999,-1.4076948002005136,0.15922146220758712,0.9030034662706874,0.0,0.0,0.0,0.0027397260273972603,368
283,7573,17,17,0.002244817113429288,0.002997000999999999,-1.1974746484172616,0.2311216031061841,0.911745891998287,0.0,0.0,0.0027397260273972603,0.0018264840182648401,255
284,7573,28,28,0.0036973458338835337,0.002997000999999999,1.1149470211985086,0.26487312519086875,0.911745891998287,0.03333333333333333,0.011111111111111112,0.0027397260273972603,0.0027397260273972603,24
285,7573,22,22,0.0029050574409084907,0.002997000999999999,-0.14637388950100247,0.88362623844775,0.949092641401796,0.0,0.0,0.0,0.0009132420091324201,1072
286,7573,28,28,0.0036973458338835337,0.002997000999999999,1.1149470211985086,0.26487312519086875,0.911745891998287,0.03333333333333333,0.022222222222222223,0.005479452054794521,0.0027397260273972603,18
287,7573,26,26,0.0034332497028918526,0.002997000999999999,0.6945067176320047,0.4873644894934616,0.9143799052410162,0.0,0.0,0.0,0.0036529680365296802,369
288,7573,28,28,0.0036973458338835337,0.002997000999999999,1.1149470211985086,0.26487312519086875,0.911745891998287,0.0,0.0,0.0027397260273972603,0.005479452054794521,276
289,7573,25,25,0.003301201637396012,0.002997000999999999,0.4842865658487527,0.6281825087498826,0.9334064023029459,0.0,0.0,0.0,0.0009132420091324201,623
290,7573,21,21,0.00277300937541265,0.002997000999999999,-0.3565940412842544,0.7213957389693066,0.9469004633571909,0.0,0.0,0.0027397260273972603,0.0045662100456621,159
291,7573,20,20,0.00264096130991681,0.002997000999999999,-0.5668141930675057,0.5708404266777634,0.9334064023029459,0.0,0.0,0.005479452054794521,0.0027397260273972603,145
292,7573,23,23,0.0030371055064043312,0.002997000999999999,0.06384626228224947,0.949092641401796,0.949092641401796,0.0,0.0,0.0,0.0027397260273972603,527
293,7573,15,15,0.0019807209824376074,0.002997000999999999,-1.6179149519837648,0.10568092752586929,0.9030034662706874,0.03333333333333333,0.011111111111111112,0.005479452054794521,0.0018264840182648401,29
294,7573,31,31,0.0040934900303710555,0.002997000999999999,1.7456074765482645,0.08087918219767204,0.8887822219524399,0.06666666666666667,0.022222222222222223,0.010958904109589041,0.0045662100456621,2
295,7573,30,30,0.003961441964875215,0.002997000999999999,1.5353873247650125,0.12468871534887581,0.9030034662706874,0.03333333333333333,0.011111111111111112,0.010958904109589041,0.0045662100456621,26
296,7573,21,21,0.00277300937541265,0.002997000999999999,-0.3565940412842544,0.7213957389693066,0.9469004633571909,0.0,0.0,0.0,0.0036529680365296802,384
297,7573,22,22,0.0029050574409084907,0.002997000999999999,-0.14637388950100247,0.88362623844775,0.949092641401796,0.0,0.0,0.0027397260273972603,0.0036529680365296802,323
298,7573,14,14,0.0018486729169417669,0.002997000999999999,-1.8281351037670168,0.06752927770683262,0.8887822219524399,0.0,0.0,0.0,0.0009132420091324201,659
299,7573,13,13,0.0017166248514459263,0.002997000999999999,-2.0383552555502686,0.041514417627089906,0.8414243844213425,0.0,0.011111111111111112,0.0027397260273972603,0.0009132420091324201,38
300,7573,20,20,0.00264096130991681,0.002997000999999999,-0.5668141930675057,0.5708404266777634,0.9334064023029459,0.03333333333333333,0.011111111111111112,0.0027397260273972603,0.0018264840182648401,13
301,7573,25,25,0.003301201637396012,0.002997000999999999,0.4842865658487527,0.6281825087498826,0.9334064023029459,0.0,0.0,0.005479452054794521,0.0036529680365296802,261
302,7573,25,25,0.003301201637396012,0.002997000999999999,0.4842865658487527,0.6281825087498826,0.9334064023029459,0.0,0.0,0.005479452054794521,0.0036529680365296802,195
303,7573,21,21,0.00277300937541265,0.002997000999999999,-0.3565940412842544,0.7213957389693066,0.9469004633571909,0.0,0.0,0.0027397260273972603,0.0018264840182648401,344
304,7573,15,15,0.0019807209824376074,0.002997000999999999,-1.6179149519837648,0.10568092752586929,0.9030034662706874,0.0,0.0,0.0,0.0009132420091324201,500
305,7573,21,21,0.00277300937541265,0.002997000999999999,-0.3565940412842544,0.7213957389693066,0.9469004633571909,0.0,0.0,0.0,0.0018264840182648401,524
306,7573,23,23,0.0030371055064043312,0.002997000999999999,0.06384626228224947,0.949092641401796,0.949092641401796,0.0,0.0,0.0,0.005479452054794521,398
307,7573,32,32,0.004225538095866895,0.002997000999999999,1.955827628331515,0.050485463065280546,0.8414243844213425,0.0,0.0,0.0027397260273972603,0.0018264840182648401,182
308,7573,19,19,0.0025089132444209693,0.002997000999999999,-0.7770343448507576,0.43713850760726836,0.9143799052410162,0.0,0.0,0.0,0.0036529680365296802,437
309,7573,33,33,0.004357586161362736,0.002997000999999999,2.166047780114767,0.030307535984845087,0.8414243844213425,0.0,0.0,0.0,0.0009132420091324201,756
310,7573,28,28,0.0036973458338835337,0.002997000999999999,1.1149470211985086,0.26487312519086875,0.911745891998287,0.0,0.0,0.0027397260273972603,0.0027397260273972603,255
311,7573,24,24,0.003169153571900172,0.002997000999999999,0.2740664140655014,0.7840335836597541,0.9469004633571909,0.0,0.0,0.00821917808219178,0.0036529680365296802,149
312,7573,27,27,0.003565297768387693,0.002997000999999999,0.9047268694152566,0.3656101026913131,0.911745891998287,0.0,0.0,0.0027397260273972603,0.0036529680365296802,158
313,7573,23,23,0.0030371055064043312,0.002997000999999999,0.06384626228224947,0.949092641401796,0.949092641401796,0.06666666666666667,0.022222222222222223,0.005479452054794521,0.0045662100456621,20
314,7573,19,19,0.0025089132444209693,0.002997000999999999,-0.7770343448507576,0.43713850760726836,0.9143799052410162,0.0,0.0,0.0027397260273972603,0.0018264840182648401,345
315,7573,13,13,0.0017166248514459263,0.002997000999999999,-2.0383552555502686,0.041514417627089906,0.8414243844213425,0.0,0.0,0.0,0.0,1330
316,7573,33,33,0.004357586161362736,0.002997000999999999,2.166047780114767,0.030307535984845087,0.8414243844213425,0.0,0.0,0.0,0.005479452054794521,474
317,7573,24,24,0.003169153571900172,0.002997000999999999,0.2740664140655014,0.7840335836597541,0.9469004633571909,0.0,0.0,0.0027397260273972603,0.0036529680365296802,340
318,7573,22,22,0.0029050574409084907,0.002997000999999999,-0.14637388950100247,0.88362623844775,0.949092641401796,0.0,0.0,0.0,0.005479452054794521,378
319,7573,24,24,0.003169153571900172,0.002997000999999999,0.2740664140655014,0.7840335836597541,0.9469004633571909,0.0,0.0,0.0,0.0009132420091324201,854
320,7573,24,24,0.003169153571900172,0.002997000999999999,0.2740664140655014,0.7840335836597541,0.9469004633571909,0.0,0.0,0.0027397260273972603,0.0045662100456621,126
321,7573,26,26,0.0034332497028918526,0.002997000999999999,0.6945067176320047,0.4873644894934616,0.9143799052410162,0.0,0.011111111111111112,0.0027397260273972603,0.0045662100456621,68
322,7573,22,22,0.0029050574409084907,0.002997000999999999,-0.14637388950100247,0.88362623844775,0.949092641401796,0.0,0.011111111111111112,0.0027397260273972603,0.0027397260273972603,78
323,7573,29,29,0.0038293938993793743,0.002997000999999999,1.3251671729817605,0.18511571058549092,0.9030034662706874,0.0,0.0,0.005479452054794521,0.0045662100456621,177
324,7573,14,14,0.0018486729169417669,0.002997000999999999,-1.8281351037670168,0.06752927770683262,0.8887822219524399,0.0,0.0,0.005479452054794521,0.0036529680365296802,127
325,7573,20,20,0.00264096130991681,0.002997000999999999,-0.5668141930675057,0.5708404266777634,0.9334064023029459,0.0,0.0,0.0027397260273972603,0.0045662100456621,354
326,7573,25,25,0.003301201637396012,0.002997000999999999,0.4842865658487527,0.6281825087498826,0.9334064023029459,0.0,0.0,0.0,0.0018264840182648401,394
327,7573,17,17,0.002244817113429288,0.002997000999999999,-1.1974746484172616,0.2311216031061841,0.911745891998287,0.0,0.0,0.0,0.0009132420091324201,1033
328,7573,20,20,0.00264096130991681,0.002997000999999999,-0.5668141930675057,0.5708404266777634,0.9334064023029459,0.0,0.0,0.0,0.0018264840182648401,540
329,7573,21,21,0.00277300937541265,0.002997000999999999,-0.3565940412842544,0.7213957389693066,0.9469004633571909,0.0,0.011111111111111112,0.005479452054794521,0.0036529680365296802,80
330,7573,22,22,0.0029050574409084907,0.002997000999999999,-0.14637388950100247,0.88362623844775,0.949092641401796,0.0,0.0,0.005479452054794521,0.0036529680365296802,116
331,7573,27,27,0.003565297768387693,0.002997000999999999,0.9047268694152566,0.3656101026913131,0.911745891998287,0.0,0.0,0.005479452054794521,0.005479452054794521,181
332,7573,23,23,0.0030371055064043312,0.002997000999999999,0.06384626228224947,0.949092641401796,0.949092641401796,0.0,0.0,0.005479452054794521,0.0036529680365296802,223
333,7573,20,20,0.00264096130991681,0.002997000999999999,-0.5668141930675057,0.5708404266777634,0.9334064023029459,0.03333333333333333,0.011111111111111112,0.0027397260273972603,0.0018264840182648401,6
334,7573,21,21,0.00277300937541265,0.002997000999999999,-0.3565940412842544,0.7213957389693066,0.9469004633571909,0.0,0.0,0.0027397260273972603,0.0036529680365296802,163
335,7573,19,19,0.0025089132444209693,0.002997000999999999,-0.7770343448507576,0.43713850760726836,0.9143799052410162,0.0,0.0,0.005479452054794521,0.0036529680365296802,117
336,7573,16,16,0.0021127690479334476,0.002997000999999999,-1.4076948002005136,0.15922146220758712,0.9030034662706874,0.0,0.0,0.0027397260273972603,0.0018264840182648401,192
337,7573,25,25,0.003301201637396012,0.002997000999999999,0.4842865658487527,0.6281825087498826,0.9334064023029459,0.0,0.0,0.0027397260273972603,0.0018264840182648401,265
338,7573,14,14,0.0018486729169417669,0.002997000999999999,-1.8281351037670168,0.06752927770683262,0.8887822219524399,0.0,0.0,0.0,0.0018264840182648401,622
339,7573,16,16,0.0021127690479334476,0.002997000999999999,-1.4076948002005136,0.15922146220758712,0.9030034662706874,0.06666666666666667,0.022222222222222223,0.005479452054794521,0.0027397260273972603,19
340,7573,22,22,0.0029050574409084907,0.002997000999999999,-0.14637388950100247,0.88362623844775,0.949092641401796,0.0,0.0,0.0,0.0009132420091324201,1057
341,7573,19,19,0.0025089132444209693,0.002997000999999999,-0.7770343448507576,0.43713850760726836,0.9143799052410162,0.0,0.0,0.0027397260273972603,0.0018264840182648401,273
342,7573,17,17,0.002244817113429288,0.002997000999999999,-1.1974746484172616,0.2311216031061841,0.911745891998287,0.0,0.0,0.0,0.0027397260273972603,511
343,7573,19,19,0.0025089132444209693,0.002997000999999999,-0.7770343448507576,0.43713850760726836,0.9143799052410162,0.0,0.0,0.0,0.0009132420091324201,448
344,7573,31,31,0.0040934900303710555,0.002997000999999999,1.7456074765482645,0.08087918219767204,0.8887822219524399,0.0,0.0,0.005479452054794521,0.006392694063926941,185
345,7573,23,23,0.0030371055064043312,0.002997000999999999,0.06384626228224947,0.949092641401796,0.949092641401796,0.0,0.0,0.005479452054794521,0.0036529680365296802,129
346,7573,19,19,0.0025089132444209693,0.002997000999999999,-0.7770343448507576,0.43713850760726836,0.9143799052410162,0.0,0.0,0.0027397260273972603,0.0045662100456621,343
347,7573,28,28,0.0036973458338835337,0.002997000999999999,1.1149470211985086,0.26487312519086875,0.911745891998287,0.0,0.011111111111111112,0.005479452054794521,0.0036529680365296802,31
348,7573,28,28,0.0036973458338835337,0.002997000999999999,1.1149470211985086,0.26487312519086875,0.911745891998287,0.0,0.0,0.0,0.0027397260273972603,383
349,7573,17,17,0.002244817113429288,0.002997000999999999,-1.1974746484172616,0.2311216031061841,0.911745891998287,0.0,0.011111111111111112,0.005479452054794521,0.0036529680365296802,87
350,7573,23,23,0.0030371055064043312,0.002997000999999999,0.06384626228224947,0.949092641401796,0.949092641401796,0.0,0.0,0.0027397260273972603,0.0036529680365296802,132
351,7573,15,15,0.0019807209824376074,0.002997000999999999,-1.6179149519837648,0.10568092752586929,0.9030034662706874,0.0,0.0,0.0027397260273972603,0.0009132420091324201,101
352,7573,26,26,0.0034332497028918526,0.002997000999999999,0.6945067176320047,0.4873644894934616,0.9143799052410162,0.0,0.0,0.005479452054794521,0.0036529680365296802,220
353,7573,21,21,0.00277300937541265,0.002997000999999999,-0.3565940412842544,0.7213957389693066,0.9469004633571909,0.0,0.011111111111111112,0.0027397260273972603,0.0045662100456621,75
354,7573,27,27,0.003565297768387693,0.002997000999999999,0.9047268694152566,0.3656101026913131,0.911745891998287,0.0,0.011111111111111112,0.005479452054794521,0.0027397260273972603,43
355,7573,25,25,0.003301201637396012,0.002997000999999999,0.4842865658487527,0.6281825087498826,0.9334064023029459,0.0,0.0,0.00821917808219178,0.0045662100456621,156
356,7573,15,15,0.0019807209824376074,0.002997000999999999,-1.6179149519837648,0.10568092752586929,0.9030034662706874,0.0,0.011111111111111112,0.010958904109589041,0.0045662100456621,37
357,7573,21,21,0.00277300937541265,0.002997000999999999,-0.3565940412842544,0.7213957389693066,0.9469004633571909,0.0,0.0,0.0027397260273972603,0.0027397260273972603,217
358,7573,19,19,0.0025089132444209693,0.002997000999999999,-0.7770343448507576,0.43713850760726836,0.9143799052410162,0.0,0.0,0.005479452054794521,0.0036529680365296802,115
359,7573,23,23,0.0030371055064043312,0.002997000999999999,0.06384626228224947,0.949092641401796,0.949092641401796,0.0,0.0,0.005479452054794521,0.00821917808219178,96
360,7573,26,26,0.0034332497028918526,0.002997000999999999,0.6945067176320047,0.4873644894934616,0.9143799052410162,0.0,0.0,0.0027397260273972603,0.0036529680365296802,175
361,7573,19,19,0.0025089132444209693,0.002997000999999999,-0.7770343448507576,0.43713850760726836,0.9143799052410162,0.0,0.011111111111111112,0.0027397260273972603,0.0018264840182648401,74
362,7573,15,15,0.0019807209824376074,0.002997000999999999,-1.6179149519837648,0.10568092752586929,0.9030034662706874,0.0,0.0,0.0027397260273972603,0.0027397260273972603,201
363,7573,28,28,0.0036973458338835337,0.002997000999999999,1.1149470211985086,0.26487312519086875,0.911745891998287,0.0,0.0,0.0027397260273972603,0.0036529680365296802,304
364,7573,28,28,0.0036973458338835337,0.002997000999999999,1.1149470211985086,0.26487312519086875,0.911745891998287,0.0,0.0,0.0027397260273972603,0.0027397260273972603,194
365,7573,26,26,0.0034332497028918526,0.002997000999999999,0.6945067176320047,0.4873644894934616,0.9143799052410162,0.0,0.0,0.0027397260273972603,0.0036529680365296802,210
366,7573,22,22,0.0029050574409084907,0.002997000999999999,-0.14637388950100247,0.88362623844775,0.949092641401796,0.0,0.0,0.0027397260273972603,0.0045662100456621,177
367,7573,31,31,0.0040934900303710555,0.002997000999999999,1.7456074765482645,0.08087918219767204,0.8887822219524399,0.0,0.0,0.0,0.0018264840182648401,573
368,7573,27,27,0.003565297768387693,0.002997000999999999,0.9047268694152566,0.3656101026913131,0.911745891998287,0.0,0.0,0.00821917808219178,0.005479452054794521,152
369,7573,26,26,0.0034332497028918526,0.002997000999999999,0.6945067176320047,0.4873644894934616,0.9143799052410162,0.0,0.0,0.005479452054794521,0.0045662100456621,278
370,7573,19,19,0.0025089132444209693,0.002997000999999999,-0.7770343448507576,0.43713850760726836,0.9143799052410162,0.0,0.0,0.0027397260273972603,0.0027397260273972603,350
371,7573,31,31,0.0040934900303710555,0.002997000999999999,1.7456074765482645,0.08087918219767204,0.8887822219524399,0.0,0.0,0.005479452054794521,0.0045662100456621,238
372,7573,20,20,0.00264096130991681,0.002997000999999999,-0.5668141930675057,0.5708404266777634,0.9334064023029459,0.0,0.0,0.0027397260273972603,0.0018264840182648401,306
373,7573,21,21,0.00277300937541265,0.002997000999999999,-0.3565940412842544,0.7213957389693066,0.9469004633571909,0.0,0.0,0.0027397260273972603,0.0018264840182648401,127
374,7573,24,24,0.003169153571900172,0.002997000999999999,0.2740664140655014,0.7840335836597541,0.9469004633571909,0.0,0.0,0.005479452054794521,0.0027397260273972603,123
375,7573,25,25,0.003301201637396012,0.002997000999999999,0.4842865658487527,0.6281825087498826,0.9334064023029459,0.0,0.0,0.0027397260273972603,0.0018264840182648401,194
376,7573,23,23,0.0030371055064043312,0.002997000999999999,0.06384626228224947,0.949092641401796,0.949092641401796,0.0,0.0,0.005479452054794521,0.0036529680365296802,91
377,7573,27,27,0.003565297768387693,0.002997000999999999,0.9047268694152566,0.3656101026913131,0.911745891998287,0.0,0.0,0.0027397260273972603,0.006392694063926941,297
378,7573,25,25,0.003301201637396012,0.002997000999999999,0.4842865658487527,0.6281825087498826,0.9334064023029459,0.0,0.0,0.0,0.0018264840182648401,942
379,7573,17,17,0.002244817113429288,0.002997000999999999,-1.1974746484172616,0.2311216031061841,0.911745891998287,0.0,0.0,0.0,0.0009132420091324201,754
380,7573,22,22,0.0029050574409084907,0.002997000999999999,-0.14637388950100247,0.88362623844775,0.949092641401796,0.0,0.0,0.0027397260273972603,0.0018264840182648401,346
381,7573,23,23,0.0030371055064043312,0.002997000999999999,0.06384626228224947,0.949092641401796,0.949092641401796,0.0,0.0,0.0027397260273972603,0.0027397260273972603,134
382,7573,28,28,0.0036973458338835337,0.002997000999999999,1.1149470211985086,0.26487312519086875,0.911745891998287,0.0,0.0,0.0027397260273972603,0.0045662100456621,166
383,7573,24,24,0.003169153571900172,0.002997000999999999,0.2740664140655014,0.7840335836597541,0.9469004633571909,0.0,0.0,0.0027397260273972603,0.0036529680365296802,207
384,7573,13,13,0.0017166248514459263,0.002997000999999999,-2.0383552555502686,0.041514417627089906,0.8414243844213425,0.0,0.0,0.005479452054794521,0.0027397260273972603,175
385,7573,29,29,0.0038293938993793743,0.002997000999999999,1.3251671729817605,0.18511571058549092,0.9030034662706874,0.0,0.0,0.0027397260273972603,0.0027397260273972603,190
386,7573,23,23,0.0030371055064043312,0.002997000999999999,0.06384626228224947,0.949092641401796,0.949092641401796,0.0,0.0,0.0,0.0027397260273972603,521
387,7573,26,26,0.0034332497028918526,0.002997000999999999,0.6945067176320047,0.4873644894934616,0.9143799052410162,0.0,0.0,0.0027397260273972603,0.0027397260273972603,189
388,7573,30,30,0.003961441964875215,0.002997000999999999,1.5353873247650125,0.12468871534887581,0.9030034662706874,0.0,0.0,0.0027397260273972603,0.0045662100456621,142
389,7573,21,21,0.00277300937541265,0.002997000999999999,-0.3565940412842544,0.7213957389693066,0.9469004633571909,0.0,0.0,0.0,0.0018264840182648401,379
390,7573,28,28,0.0036973458338835337,0.002997000999999999,1.1149470211985086,0.26487312519086875,0.911745891998287,0.03333333333333333,0.011111111111111112,0.005479452054794521,0.0073059360730593605,3
391,7573,22,22,0.0029050574409084907,0.002997000999999999,-0.14637388950100247,0.88362623844775,0.949092641401796,0.0,0.0,0.005479452054794521,0.0045662100456621,152
392,7573,25,25,0.003301201637396012,0.002997000999999999,0.4842865658487527,0.6281825087498826,0.9334064023029459,0.0,0.0,0.00821917808219178,0.005479452054794521,151
393,7573,25,25,0.003301201637396012,0.002997000999999999,0.4842865658487527,0.6281825087498826,0.9334064023029459,0.0,0.0,0.0027397260273972603,0.0018264840182648401,153
394,7573,18,18,0.0023768651789251288,0.002997000999999999,-0.9872544966340097,0.3235178917890641,0.911745891998287,0.0,0.0,0.0,0.0018264840182648401,491
395,7573,24,24,0.003169153571900172,0.002997000999999999,0.2740664140655014,0.7840335836597541,0.9469004633571909,0.03333333333333333,0.011111111111111112,0.005479452054794521,0.0045662100456621,3
396,7573,32,32,0.004225538095866895,0.002997000999999999,1.955827628331515,0.050485463065280546,0.8414243844213425,0.0,0.0,0.0027397260273972603,0.0073059360730593605,223
397,7573,18,18,0.0023768651789251288,0.002997000999999999,-0.9872544966340097,0.3235178917890641,0.911745891998287,0.0,0.0,0.0027397260273972603,0.0036529680365296802,216
398,7573,18,18,0.0023768651789251288,0.002997000999999999,-0.9872544966340097,0.3235178917890641,0.911745891998287,0.0,0.0,0.0,0.0018264840182648401,645
399,7573,21,21,0.00277300937541265,0.002997000999999999,-0.3565940412842544,0.7213957389693066,0.9469004633571909,0.0,0.0,0.0027397260273972603,0.0027397260273972603,328
400,7573,18,18,0.0023768651789251288,0.002997000999999999,-0.9872544966340097,0.3235178917890641,0.911745891998287,0.0,0.0,0.0,0.0027397260273972603,783
401,7573,23,23,0.0030371055064043312,0.002997000999999999,0.06384626228224947,0.949092641401796,0.949092641401796,0.0,0.0,0.0,0.0027397260273972603,429
402,7573,18,18,0.0023768651789251288,0.002997000999999999,-0.9872544966340097,0.3235178917890641,0.911745891998287,0.0,0.011111111111111112,0.0027397260273972603,0.0009132420091324201,86
403,7573,31,31,0.0040934900303710555,0.002997000999999999,1.7456074765482645,0.08087918219767204,0.8887822219524399,0.0,0.0,0.0027397260273972603,0.005479452054794521,234
404,7573,15,15,0.0019807209824376074,0.002997000999999999,-1.6179149519837648,0.10568092752586929,0.9030034662706874,0.0,0.0,0.0,0.0,1259
405,7573,23,23,0.0030371055064043312,0.002997000999999999,0.06384626228224947,0.949092641401796,0.949092641401796,0.0,0.0,0.005479452054794521,0.005479452054794521,161
406,7573,20,20,0.00264096130991681,0.002997000999999999,-0.5668141930675057,0.5708404266777634,0.9334064023029459,0.0,0.0,0.0027397260273972603,0.0018264840182648401,339
407,7573,23,23,0.0030371055064043312,0.002997000999999999,0.06384626228224947,0.949092641401796,0.949092641401796,0.0,0.0,0.0027397260273972603,0.0027397260273972603,125
408,7573,14,14,0.0018486729169417669,0.002997000999999999,-1.8281351037670168,0.06752927770683262,0.8887822219524399,0.0,0.0,0.005479452054794521,0.0027397260273972603,215
409,7573,22,22,0.0029050574409084907,0.002997000999999999,-0.14637388950100247,0.88362623844775,0.949092641401796,0.0,0.011111111111111112,0.005479452054794521,0.0027397260273972603,70
410,7573,17,17,0.002244817113429288,0.002997000999999999,-1.1974746484172616,0.2311216031061841,0.911745891998287,0.0,0.0,0.005479452054794521,0.0018264840182648401,146
411,7573,26,26,0.0034332497028918526,0.002997000999999999,0.6945067176320047,0.4873644894934616,0.9143799052410162,0.0,0.0,0.0027397260273972603,0.0009132420091324201,109
412,7573,31,31,0.0040934900303710555,0.002997000999999999,1.7456074765482645,0.08087918219767204,0.8887822219524399,0.0,0.011111111111111112,0.005479452054794521,0.0045662100456621,68
413,7573,12,12,0.001584576785950086,0.002997000999999999,-2.2485754073335205,0.02453952251748837,0.8414243844213425,0.0,0.0,0.005479452054794521,0.0018264840182648401,188
414,7573,23,23,0.0030371055064043312,0.002997000999999999,0.06384626228224947,0.949092641401796,0.949092641401796,0.0,0.0,0.0,0.0009132420091324201,563
415,7573,20,20,0.00264096130991681,0.002997000999999999,-0.5668141930675057,0.5708404266777634,0.9334064023029459,0.0,0.0,0.0027397260273972603,0.0018264840182648401,199
416,7573,26,26,0.0034332497028918526,0.002997000999999999,0.6945067176320047,0.4873644894934616,0.9143799052410162,0.0,0.0,0.0,0.0018264840182648401,539
417,7573,18,18,0.0023768651789251288,0.002997000999999999,-0.9872544966340097,0.3235178917890641,0.911745891998287,0.0,0.011111111111111112,0.00821917808219178,0.0036529680365296802,57
418,7573,24,24,0.003169153571900172,0.002997000999999999,0.2740664140655014,0.7840335836597541,0.9469004633571909,0.0,0.011111111111111112,0.00821917808219178,0.0045662100456621,60
419,7573,25,25,0.003301201637396012,0.002997000999999999,0.4842865658487527,0.6281825087498826,0.9334064023029459,0.0,0.0,0.005479452054794521,0.006392694063926941,335
420,7573,13,13,0.0017166248514459263,0.002997000999999999,-2.0383552555502686,0.041514417627089906,0.8414243844213425,0.0,0.0,0.0,0.0018264840182648401,738
421,7573,22,22,0.0029050574409084907,0.002997000999999999,-0.14637388950100247,0.88362623844775,0.949092641401796,0.0,0.011111111111111112,0.0027397260273972603,0.0027397260273972603,89
422,7573,22,22,0.0029050574409084907,0.002997000999999999,-0.14637388950100247,0.88362623844775,0.949092641401796,0.0,0.0,0.0,0.0045662100456621,399
423,7573,26,26,0.0034332497028918526,0.002997000999999999,0.6945067176320047,0.4873644894934616,0.9143799052410162,0.0,0.0,0.0027397260273972603,0.0027397260273972603,232
424,7573,24,24,0.003169153571900172,0.002997000999999999,0.2740664140655014,0.7840335836597541,0.9469004633571909,0.0,0.0,0.0027397260273972603,0.005479452054794521,200
425,7573,26,26,0.0034332497028918526,0.002997000999999999,0.6945067176320047,0.4873644894934616,0.9143799052410162,0.0,0.011111111111111112,0.005479452054794521,0.0036529680365296802,85
426,7573,19,19,0.0025089132444209693,0.002997000999999999,-0.7770343448507576,0.43713850760726836,0.9143799052410162,0.0,0.0,0.0,0.0036529680365296802,657
427,7573,19,19,0.0025089132444209693,0.002997000999999999,-0.7770343448507576,0.43713850760726836,0.9143799052410162,0.0,0.011111111111111112,0.0027397260273972603,0.0018264840182648401,44
428,7573,15,15,0.0019807209824376074,0.002997000999999999,-1.6179149519837648,0.10568092752586929,0.9030034662706874,0.0,0.0,0.0027397260273972603,0.0027397260273972603,300
429,7573,19,19,0.0025089132444209693,0.002997000999999999,-0.7770343448507576,0.43713850760726836,0.9143799052410162,0.0,0.0,0.0,0.0073059360730593605,501
430,7573,30,30,0.003961441964875215,0.002997000999999999,1.5353873247650125,0.12468871534887581,0.9030034662706874,0.0,0.0,0.005479452054794521,0.006392694063926941,136
431,7573,30,30,0.003961441964875215,0.002997000999999999,1.5353873247650125,0.12468871534887581,0.9030034662706874,0.0,0.0,0.0027397260273972603,0.0027397260273972603,241
432,7573,33,33,0.004357586161362736,0.002997000999999999,2.166047780114767,0.030307535984845087,0.8414243844213425,0.0,0.022222222222222223,0.00821917808219178,0.010958904109589041,57
433,7573,24,24,0.003169153571900172,0.002997000999999999,0.2740664140655014,0.7840335836597541,0.9469004633571909,0.0,0.011111111111111112,0.005479452054794521,0.0045662100456621,49
434,7573,18,18,0.0023768651789251288,0.002997000999999999,-0.9872544966340097,0.3235178917890641,0.911745891998287,0.0,0.0,0.0027397260273972603,0.0009132420091324201,233
435,7573,20,20,0.00264096130991681,0.002997000999999999,-0.5668141930675057,0.5708404266777634,0.9334064023029459,0.0,0.0,0.005479452054794521,0.0036529680365296802,156
436,7573,13,13,0.0017166248514459263,0.002997000999999999,-2.0383552555502686,0.041514417627089906,0.8414243844213425,0.0,0.011111111111111112,0.0027397260273972603,0.0018264840182648401,76
437,7573,23,23,0.0030371055064043312,0.002997000999999999,0.06384626228224947,0.949092641401796,0.949092641401796,0.0,0.0,0.0027397260273972603,0.0045662100456621,215
438,7573,26,26,0.0034332497028918526,0.002997000999999999,0.6945067176320047,0.4873644894934616,0.9143799052410162,0.0,0.0,0.0,0.0036529680365296802,588
439,7573,25,25,0.003301201637396012,0.002997000999999999,0.4842865658487527,0.6281825087498826,0.9334064023029459,0.0,0.0,0.0027397260273972603,0.0018264840182648401,214
440,7573,29,29,0.0038293938993793743,0.002997000999999999,1.3251671729817605,0.18511571058549092,0.9030034662706874,0.0,0.011111111111111112,0.005479452054794521,0.0036529680365296802,44
441,7573,23,23,0.0030371055064043312,0.002997000999999999,0.06384626228224947,0.949092641401796,0.949092641401796,0.0,0.0,0.0,0.0027397260273972603,617
442,7573,25,25,0.003301201637396012,0.002997000999999999,0.4842865658487527,0.6281825087498826,0.9334064023029459,0.0,0.0,0.005479452054794521,0.0045662100456621,184
443,7573,34,34,0.004489634226858576,0.002997000999999999,2.376267931898019,0.017488758579077328,0.728698274128222,0.0,0.011111111111111112,0.0027397260273972603,0.0018264840182648401,86
444,7573,23,23,0.0030371055064043312,0.002997000999999999,0.06384626228224947,0.949092641401796,0.949092641401796,0.0,0.0,0.0027397260273972603,0.0018264840182648401,139
445,7573,22,22,0.0029050574409084907,0.002997000999999999,-0.14637388950100247,0.88362623844775,0.949092641401796,0.0,0.0,0.0,0.0009132420091324201,398
446,7573,24,24,0.003169153571900172,0.002997000999999999,0.2740664140655014,0.7840335836597541,0.9469004633571909,0.0,0.0,0.005479452054794521,0.0036529680365296802,122
447,7573,22,22,0.0029050574409084907,0.002997000999999999,-0.14637388950100247,0.88362623844775,0.949092641401796,0.0,0.0,0.005479452054794521,0.0027397260273972603,145
448,7573,27,27,0.003565297768387693,0.002997000999999999,0.9047268694152566,0.3656101026913131,0.911745891998287,0.0,0.0,0.00821917808219178,0.0045662100456621,113
449,7573,18,18,0.0023768651789251288,0.002997000999999999,-0.9872544966340097,0.3235178917890641,0.911745891998287,0.0,0.0,0.0027397260273972603,0.0018264840182648401,356
450,7573,24,24,0.003169153571900172,0.002997000999999999,0.2740664140655014,0.7840335836597541,0.9469004633571909,0.0,0.0,0.0,0.0045662100456621,586
451,7573,16,16,0.0021127690479334476,0.002997000999999999,-1.4076948002005136,0.15922146220758712,0.9030034662706874,0.0,0.0,0.0,0.0009132420091324201,548
452,7573,24,24,0.003169153571900172,0.002997000999999999,0.2740664140655014,0.7840335836597541,0.9469004633571909,0.0,0.0,0.0,0.0018264840182648401,878
453,7573,24,24,0.003169153571900172,0.002997000999999999,0.2740664140655014,0.7840335836597541,0.9469004633571909,0.0,0.0,0.0027397260273972603,0.0018264840182648401,178
454,7573,25,25,0.003301201637396012,0.002997000999999999,0.4842865658487527,0.6281825087498826,0.9334064023029459,0.0,0.0,0.005479452054794521,0.0036529680365296802,196
455,7573,23,23,0.0030371055064043312,0.002997000999999999,0.06384626228224947,0.949092641401796,0.949092641401796,0.0,0.0,0.0,0.0027397260273972603,375
456,7573,21,21,0.00277300937541265,0.002997000999999999,-0.3565940412842544,0.7213957389693066,0.9469004633571909,0.0,0.0,0.0,0.0009132420091324201,998
457,7573,23,23,0.0030371055064043312,0.002997000999999999,0.06384626228224947,0.949092641401796,0.949092641401796,0.0,0.0,0.0027397260273972603,0.0027397260273972603,228
458,7573,20,20,0.00264096130991681,0.002997000999999999,-0.5668141930675057,0.5708404266777634,0.9334064023029459,0.0,0.0,0.0027397260273972603,0.0009132420091324201,103
459,7573,19,19,0.0025089132444209693,0.002997000999999999,-0.7770343448507576,0.43713850760726836,0.9143799052410162,0.0,0.0,0.0027397260273972603,0.0027397260273972603,286
460,7573,24,24,0.003169153571900172,0.002997000999999999,0.2740664140655014,0.7840335836597541,0.9469004633571909,0.0,0.0,0.0,0.005479452054794521,663
461,7573,29,29,0.0038293938993793743,0.002997000999999999,1.3251671729817605,0.18511571058549092,0.9030034662706874,0.0,0.0,0.00821917808219178,0.0045662100456621,106
462,7573,21,21,0.00277300937541265,0.002997000999999999,-0.3565940412842544,0.7213957389693066,0.9469004633571909,0.03333333333333333,0.011111111111111112,0.0027397260273972603,0.0018264840182648401,21
463,7573,16,16,0.0021127690479334476,0.002997000999999999,-1.4076948002005136,0.15922146220758712,0.9030034662706874,0.0,0.0,0.0,0.0018264840182648401,617
464,7573,23,23,0.0030371055064043312,0.002997000999999999,0.06384626228224947,0.949092641401796,0.949092641401796,0.0,0.0,0.0027397260273972603,0.0027397260273972603,235
465,7573,32,32,0.004225538095866895,0.002997000999999999,1.955827628331515,0.050485463065280546,0.8414243844213425,0.0,0.0,0.0027397260273972603,0.006392694063926941,99
466,7573,18,18,0.0023768651789251288,0.002997000999999999,-0.9872544966340097,0.3235178917890641,0.911745891998287,0.0,0.011111111111111112,0.005479452054794521,0.0045662100456621,73
467,7573,22,22,0.0029050574409084907,0.002997000999999999,-0.14637388950100247,0.88362623844775,0.949092641401796,0.0,0.0,0.0,0.0045662100456621,449
468,7573,26,26,0.0034332497028918526,0.002997000999999999,0.6945067176320047,0.4873644894934616,0.9143799052410162,0.03333333333333333,0.03333333333333333,0.0136986301369863,0.006392694063926941,28
469,7573,17,17,0.002244817113429288,0.002997000999999999,-1.1974746484172616,0.2311216031061841,0.911745891998287,0.0,0.011111111111111112,0.0027397260273972603,0.0027397260273972603,84
470,7573,24,24,0.003169153571900172,0.002997000999999999,0.2740664140655014,0.7840335836597541,0.9469004633571909,0.0,0.011111111111111112,0.0027397260273972603,0.0027397260273972603,51
471,7573,17,17,0.002244817113429288,0.002997000999999999,-1.1974746484172616,0.2311216031061841,0.911745891998287,0.0,0.0,0.0,0.0,1129
472,7573,24,24,0.003169153571900172,0.002997000999999999,0.2740664140655014,0.7840335836597541,0.9469004633571909,0.0,0.022222222222222223,0.005479452054794521,0.005479452054794521,36
473,7573,21,21,0.00277300937541265,0.002997000999999999,-0.3565940412842544,0.7213957389693066,0.9469004633571909,0.0,0.0,0.00821917808219178,0.005479452054794521,98
474,7573,16,16,0.0021127690479334476,0.002997000999999999,-1.4076948002005136,0.15922146220758712,0.9030034662706874,0.0,0.0,0.0,0.0,1253
475,7573,18,18,0.0023768651789251288,0.002997000999999999,-0.9872544966340097,0.3235178917890641,0.911745891998287,0.0,0.011111111111111112,0.005479452054794521,0.0036529680365296802,85
476,7573,20,20,0.00264096130991681,0.002997000999999999,-0.5668141930675057,0.5708404266777634,0.9334064023029459,0.0,0.0,0.0027397260273972603,0.0045662100456621,188
477,7573,29,29,0.0038293938993793743,0.002997000999999999,1.3251671729817605,0.18511571058549092,0.9030034662706874,0.0,0.0,0.005479452054794521,0.0045662100456621,120
478,7573,23,23,0.0030371055064043312,0.002997000999999999,0.06384626228224947,0.949092641401796,0.949092641401796,0.0,0.0,0.0,0.0018264840182648401,650
479,7573,30,30,0.003961441964875215,0.002997000999999999,1.5353873247650125,0.12468871534887581,0.9030034662706874,0.0,0.0,0.0027397260273972603,0.0045662100456621,135
480,7573,25,25,0.003301201637396012,0.002997000999999999,0.4842865658487527,0.6281825087498826,0.9334064023029459,0.0,0.0,0.005479452054794521,0.0027397260273972603,252
481,7573,19,19,0.0025089132444209693,0.002997000999999999,-0.7770343448507576,0.43713850760726836,0.9143799052410162,0.0,0.011111111111111112,0.00821917808219178,0.006392694063926941,38
482,7573,18,18,0.0023768651789251288,0.002997000999999999,-0.9872544966340097,0.3235178917890641,0.911745891998287,0.0,0.0,0.0,0.0018264840182648401,1013
483,7573,22,22,0.0029050574409084907,0.002997000999999999,-0.14637388950100247,0.88362623844775,0.949092641401796,0.0,0.0,0.0,0.0,1155
484,7573,15,15,0.0019807209824376074,0.002997000999999999,-1.6179149519837648,0.10568092752586929,0.9030034662706874,0.0,0.0,0.0027397260273972603,0.0018264840182648401,250
485,7573,27,27,0.003565297768387693,0.002997000999999999,0.9047268694152566,0.3656101026913131,0.911745891998287,0.0,0.0,0.0,0.005479452054794521,429
486,7573,18,18,0.0023768651789251288,0.002997000999999999,-0.9872544966340097,0.3235178917890641,0.911745891998287,0.0,0.0,0.0027397260273972603,0.0027397260273972603,263
487,7573,25,25,0.003301201637396012,0.002997000999999999,0.4842865658487527,0.6281825087498826,0.9334064023029459,0.0,0.0,0.0027397260273972603,0.0036529680365296802,237
488,7573,22,22,0.0029050574409084907,0.002997000999999999,-0.14637388950100247,0.88362623844775,0.949092641401796,0.0,0.0,0.0,0.0018264840182648401,633
489,7573,37,37,0.004885778423346098,0.002997000999999999,3.006928387247775,0.0026390192440525566,0.728698274128222,0.0,0.0,0.00821917808219178,0.00821917808219178,205
490,7573,24,24,0.003169153571900172,0.002997000999999999,0.2740664140655014,0.7840335836597541,0.9469004633571909,0.0,0.0,0.00821917808219178,0.0027397260273972603,122
491,7573,22,22,0.0029050574409084907,0.002997000999999999,-0.14637388950100247,0.88362623844775,0.949092641401796,0.0,0.0,0.010958904109589041,0.0045662100456621,211
492,7573,28,28,0.0036973458338835337,0.002997000999999999,1.1149470211985086,0.26487312519086875,0.911745891998287,0.0,0.0,0.005479452054794521,0.0045662100456621,138
493,7573,31,31,0.0040934900303710555,0.002997000999999999,1.7456074765482645,0.08087918219767204,0.8887822219524399,0.0,0.0,0.005479452054794521,0.0045662100456621,340
494,7573,20,20,0.00264096130991681,0.002997000999999999,-0.5668141930675057,0.5708404266777634,0.9334064023029459,0.0,0.0,0.0027397260273972603,0.0018264840182648401,176
495,7573,26,26,0.0034332497028918526,0.002997000999999999,0.6945067176320047,0.4873644894934616,0.9143799052410162,0.0,0.0,0.00821917808219178,0.0045662100456621,211
496,7573,23,23,0.0030371055064043312,0.002997000999999999,0.06384626228224947,0.949092641401796,0.949092641401796,0.0,0.011111111111111112,0.00821917808219178,0.0045662100456621,68
497,7573,15,15,0.0019807209824376074,0.002997000999999999,-1.6179149519837648,0.10568092752586929,0.9030034662706874,0.0,0.0,0.0027397260273972603,0.0027397260273972603,258
498,7573,20,20,0.00264096130991681,0.002997000999999999,-0.5668141930675057,0.5708404266777634,0.9334064023029459,0.0,0.0,0.0,0.0009132420091324201,1003
499,7573,17,17,0.002244817113429288,0.002997000999999999,-1.1974746484172616,0.2311216031061841,0.911745891998287,0.0,0.0,0.0,0.0018264840182648401,498
500,7573,18,18,0.0023768651789251288,0.002997000999999999,-0.9872544966340097,0.3235178917890641,0.911745891998287,0.0,0.0,0.0,0.0009132420091324201,594
501,7573,22,22,0.0029050574409084907,0.002997000999999999,-0.14637388950100247,0.88362623844775,0.949092641401796,0.0,0.0,0.0,0.0,1784
502,7573,20,20,0.00264096130991681,0.002997000999999999,-0.5668141930675057,0.5708404266777634,0.9334064023029459,0.0,0.011111111111111112,0.0027397260273972603,0.0018264840182648401,69
503,7573,20,20,0.00264096130991681,0.002997000999999999,-0.5668141930675057,0.5708404266777634,0.9334064023029459,0.0,0.0,0.0,0.0027397260273972603,896
504,7573,18,18,0.0023768651789251288,0.002997000999999999,-0.9872544966340097,0.3235178917890641,0.911745891998287,0.0,0.0,0.0,0.0009132420091324201,1079
505,7573,18,18,0.0023768651789251288,0.002997000999999999,-0.9872544966340097,0.3235178917890641,0.911745891998287,0.0,0.011111111111111112,0.005479452054794521,0.0018264840182648401,71
506,7573,17,17,0.002244817113429288,0.002997000999999999,-1.1974746484172616,0.2311216031061841,0.911745891998287,0.0,0.0,0.005479452054794521,0.0018264840182648401,154
507,7573,15,15,0.0019807209824376074,0.002997000999999999,-1.6179149519837648,0.10568092752586929,0.9030034662706874,0.0,0.0,0.0027397260273972603,0.0036529680365296802,308
508,7573,22,22,0.0029050574409084907,0.002997000999999999,-0.14637388950100247,0.88362623844775,0.949092641401796,0.0,0.011111111111111112,0.00821917808219178,0.0045662100456621,73
509,7573,15,15,0.0019807209824376074,0.002997000999999999,-1.6179149519837648,0.10568092752586929,0.9030034662706874,0.0,0.0,0.005479452054794521,0.0027397260273972603,194
510,7573,19,19,0.0025089132444209693,0.002997000999999999,-0.7770343448507576,0.43713850760726836,0.9143799052410162,0.0,0.0,0.0,0.0018264840182648401,454
511,7573,16,16,0.0021127690479334476,0.002997000999999999,-1.4076948002005136,0.15922146220758712,0.9030034662706874,0.0,0.0,0.0027397260273972603,0.0036529680365296802,300
512,7573,22,22,0.0029050574409084907,0.002997000999999999,-0.14637388950100247,0.88362623844775,0.949092641401796,0.0,0.0,0.0027397260273972603,0.0027397260273972603,270
513,7573,27,27,0.003565297768387693,0.002997000999999999,0.9047268694152566,0.3656101026913131,0.911745891998287,0.0,0.0,0.0,0.0018264840182648401,737
514,7573,16,16,0.0021127690479334476,0.002997000999999999,-1.4076948002005136,0.15922146220758712,0.9030034662706874,0.0,0.0,0.0027397260273972603,0.0018264840182648401,283
515,7573,32,32,0.004225538095866895,0.002997000999999999,1.955827628331515,0.050485463065280546,0.8414243844213425,0.0,0.011111111111111112,0.0027397260273972603,0.0036529680365296802,65
516,7573,24,24,0.003169153571900172,0.002997000999999999,0.2740664140655014,0.7840335836597541,0.9469004633571909,0.0,0.0,0.0,0.0,1253
517,7573,20,20,0.00264096130991681,0.002997000999999999,-0.5668141930675057,0.5708404266777634,0.9334064023029459,0.0,0.011111111111111112,0.0027397260273972603,0.0027397260273972603,41
518,7573,33,33,0.004357586161362736,0.002997000999999999,2.166047780114767,0.030307535984845087,0.8414243844213425,0.0,0.0,0.0,0.0027397260273972603,572
519,7573,14,14,0.0018486729169417669,0.002997000999999999,-1.8281351037670168,0.06752927770683262,0.8887822219524399,0.0,0.0,0.0027397260273972603,0.0027397260273972603,262
520,7573,26,26,0.0034332497028918526,0.002997000999999999,0.6945067176320047,0.4873644894934616,0.9143799052410162,0.0,0.0,0.0,0.0009132420091324201,675
521,7573,23,23,0.0030371055064043312,0.002997000999999999,0.06384626228224947,0.949092641401796,0.949092641401796,0.0,0.011111111111111112,0.00821917808219178,0.0036529680365296802,44
522,7573,25,25,0.003301201637396012,0.002997000999999999,0.4842865658487527,0.6281825087498826,0.9334064023029459,0.0,0.0,0.0027397260273972603,0.0027397260273972603,121
523,7573,29,29,0.0038293938993793743,0.002997000999999999,1.3251671729817605,0.18511571058549092,0.9030034662706874,0.0,0.0,0.0,0.005479452054794521,378
524,7573,15,15,0.0019807209824376074,0.002997000999999999,-1.6179149519837648,0.10568092752586929,0.9030034662706874,0.0,0.0,0.0,0.0009132420091324201,972
525,7573,20,20,0.00264096130991681,0.002997000999999999,-0.5668141930675057,0.5708404266777634,0.9334064023029459,0.0,0.011111111111111112,0.005479452054794521,0.0027397260273972603,52
526,7573,22,22,0.0029050574409084907,0.002997000999999999,-0.14637388950100247,0.88362623844775,0.949092641401796,0.0,0.011111111111111112,0.005479452054794521,0.0045662100456621,79
527,7573,19,19,0.0025089132444209693,0.002997000999999999,-0.7770343448507576,0.43713850760726836,0.9143799052410162,0.0,0.0,0.0,0.0018264840182648401,582
528,7573,17,17,0.002244817113429288,0.002997000999999999,-1.1974746484172616,0.2311216031061841,0.911745891998287,0.0,0.0,0.0027397260273972603,0.0027397260273972603,132
529,7573,18,18,0.0023768651789251288,0.002997000999999999,-0.9872544966340097,0.3235178917890641,0.911745891998287,0.0,0.0,0.0,0.0009132420091324201,1020
530,7573,18,18,0.0023768651789251288,0.002997000999999999,-0.9872544966340097,0.3235178917890641,0.911745891998287,0.0,0.0,0.0027397260273972603,0.0018264840182648401,200
531,7573,23,23,0.0030371055064043312,0.002997000999999999,0.06384626228224947,0.949092641401796,0.949092641401796,0.0,0.0,0.0,0.0018264840182648401,940
532,7573,26,26,0.0034332497028918526,0.002997000999999999,0.6945067176320047,0.4873644894934616,0.9143799052410162,0.0,0.0,0.0027397260273972603,0.0045662100456621,104
533,7573,33,33,0.004357586161362736,0.002997000999999999,2.166047780114767,0.030307535984845087,0.8414243844213425,0.0,0.011111111111111112,0.0027397260273972603,0.0018264840182648401,81
534,7573,17,17,0.002244817113429288,0.002997000999999999,-1.1974746484172616,0.2311216031061841,0.911745891998287,0.0,0.0,0.0,0.0036529680365296802,396
535,7573,19,19,0.0025089132444209693,0.002997000999999999,-0.7770343448507576,0.43713850760726836,0.9143799052410162,0.0,0.0,0.0,0.0,1495
536,7573,23,23,0.0030371055064043312,0.002997000999999999,0.06384626228224947,0.949092641401796,0.949092641401796,0.0,0.0,0.005479452054794521,0.0036529680365296802,174
537,7573,26,26,0.0034332497028918526,0.002997000999999999,0.6945067176320047,0.4873644894934616,0.9143799052410162,0.0,0.0,0.0,0.0018264840182648401,584
538,7573,25,25,0.003301201637396012,0.002997000999999999,0.4842865658487527,0.6281825087498826,0.9334064023029459,0.0,0.0,0.0027397260273972603,0.0027397260273972603,358
539,7573,21,21,0.00277300937541265,0.002997000999999999,-0.3565940412842544,0.7213957389693066,0.9469004633571909,0.0,0.0,0.0,0.0036529680365296802,646
540,7573,18,18,0.0023768651789251288,0.002997000999999999,-0.9872544966340097,0.3235178917890641,0.911745891998287,0.0,0.011111111111111112,0.0027397260273972603,0.0009132420091324201,53
541,7573,26,26,0.0034332497028918526,0.002997000999999999,0.6945067176320047,0.4873644894934616,0.9143799052410162,0.0,0.0,0.0027397260273972603,0.0036529680365296802,231
542,7573,20,20,0.00264096130991681,0.002997000999999999,-0.5668141930675057,0.5708404266777634,0.9334064023029459,0.0,0.011111111111111112,0.005479452054794521,0.0036529680365296802,57
543,7573,26,26,0.0034332497028918526,0.002997000999999999,0.6945067176320047,0.4873644894934616,0.9143799052410162,0.0,0.0,0.005479452054794521,0.00821917808219178,284
544,7573,18,18,0.0023768651789251288,0.002997000999999999,-0.9872544966340097,0.3235178917890641,0.911745891998287,0.0,0.011111111111111112,0.0027397260273972603,0.0009132420091324201,48
545,7573,20,20,0.00264096130991681,0.002997000999999999,-0.5668141930675057,0.5708404266777634,0.9334064023029459,0.0,0.0,0.0027397260273972603,0.0027397260273972603,231
546,7573,20,20,0.00264096130991681,0.002997000999999999,-0.5668141930675057,0.5708404266777634,0.9334064023029459,0.0,0.0,0.0,0.0027397260273972603,423
547,7573,26,26,0.0034332497028918526,0.002997000999999999,0.6945067176320047,0.4873644894934616,0.9143799052410162,0.06666666666666667,0.022222222222222223,0.00821917808219178,0.005479452054794521,20
548,7573,22,22,0.0029050574409084907,0.002997000999999999,-0.14637388950100247,0.88362623844775,0.949092641401796,0.03333333333333333,0.011111111111111112,0.0027397260273972603,0.0018264840182648401,17
549,7573,25,25,0.003301201637396012,0.002997000999999999,0.4842865658487527,0.6281825087498826,0.9334064023029459,0.0,0.0,0.0,0.0045662100456621,417
550,7573,16,16,0.0021127690479334476,0.002997000999999999,-1.4076948002005136,0.15922146220758712,0.9030034662706874,0.0,0.0,0.005479452054794521,0.0027397260273972603,130
551,7573,30,30,0.003961441964875215,0.002997000999999999,1.5353873247650125,0.12468871534887581,0.9030034662706874,0.0,0.0,0.0027397260273972603,0.0036529680365296802,192
552,7573,17,17,0.002244817113429288,0.002997000999999999,-1.1974746484172616,0.2311216031061841,0.911745891998287,0.0,0.0,0.0027397260273972603,0.0027397260273972603,239
553,7573,29,29,0.0038293938993793743,0.002997000999999999,1.3251671729817605,0.18511571058549092,0.9030034662706874,0.0,0.0,0.0027397260273972603,0.0045662100456621,95
554,7573,24,24,0.003169153571900172,0.002997000999999999,0.2740664140655014,0.7840335836597541,0.9469004633571909,0.0,0.0,0.0027397260273972603,0.0036529680365296802,219
555,7573,31,31,0.0040934900303710555,0.002997000999999999,1.7456074765482645,0.08087918219767204,0.8887822219524399,0.0,0.0,0.0027397260273972603,0.0018264840182648401,350
556,7573,27,27,0.003565297768387693,0.002997000999999999,0.9047268694152566,0.3656101026913131,0.911745891998287,0.0,0.0,0.00821917808219178,0.0036529680365296802,116
557,7573,24,24,0.003169153571900172,0.002997000999999999,0.2740664140655014,0.7840335836597541,0.9469004633571909,0.0,0.0,0.0,0.0009132420091324201,412
558,7573,26,26,0.0034332497028918526,0.002997000999999999,0.6945067176320047,0.4873644894934616,0.9143799052410162,0.0,0.011111111111111112,0.005479452054794521,0.0045662100456621,50
559,7573,36,36,0.0047537303578502575,0.002997000999999999,2.7967082354645227,0.005162613066021665,0.728698274128222,0.0,0.011111111111111112,0.005479452054794521,0.0036529680365296802,79
560,7573,25,25,0.003301201637396012,0.002997000999999999,0.4842865658487527,0.6281825087498826,0.9334064023029459,0.0,0.0,0.0027397260273972603,0.0045662100456621,307
561,7573,26,26,0.0034332497028918526,0.002997000999999999,0.6945067176320047,0.4873644894934616,0.9143799052410162,0.0,0.0,0.005479452054794521,0.0036529680365296802,229
562,7573,29,29,0.0038293938993793743,0.002997000999999999,1.3251671729817605,0.18511571058549092,0.9030034662706874,0.0,0.0,0.005479452054794521,0.0027397260273972603,236
563,7573,21,21,0.00277300937541265,0.002997000999999999,-0.3565940412842544,0.7213957389693066,0.9469004633571909,0.0,0.0,0.0,0.0027397260273972603,760
564,7573,18,18,0.0023768651789251288,0.002997000999999999,-0.9872544966340097,0.3235178917890641,0.911745891998287,0.0,0.0,0.0,0.0,1100
565,7573,21,21,0.00277300937541265,0.002997000999999999,-0.3565940412842544,0.7213957389693066,0.9469004633571909,0.0,0.0,0.0,0.0009132420091324201,820
566,7573,27,27,0.003565297768387693,0.002997000999999999,0.9047268694152566,0.3656101026913131,0.911745891998287,0.0,0.0,0.005479452054794521,0.0027397260273972603,183
567,7573,28,28,0.0036973458338835337,0.002997000999999999,1.1149470211985086,0.26487312519086875,0.911745891998287,0.03333333333333333,0.011111111111111112,0.0027397260273972603,0.006392694063926941,11
568,7573,25,25,0.003301201637396012,0.002997000999999999,0.4842865658487527,0.6281825087498826,0.9334064023029459,0.0,0.0,0.0,0.0045662100456621,490
569,7573,23,23,0.0030371055064043312,0.002997000999999999,0.06384626228224947,0.949092641401796,0.949092641401796,0.0,0.0,0.005479452054794521,0.005479452054794521,114
570,7573,19,19,0.0025089132444209693,0.002997000999999999,-0.7770343448507576,0.43713850760726836,0.9143799052410162,0.0,0.0,0.0,0.0,1407
571,7573,29,29,0.0038293938993793743,0.002997000999999999,1.3251671729817605,0.18511571058549092,0.9030034662706874,0.0,0.0,0.005479452054794521,0.0036529680365296802,140
572,7573,26,26,0.0034332497028918526,0.002997000999999999,0.6945067176320047,0.4873644894934616,0.9143799052410162,0.0,0.0,0.0,0.0018264840182648401,627
573,7573,29,29,0.0038293938993793743,0.002997000999999999,1.3251671729817605,0.18511571058549092,0.9030034662706874,0.0,0.0,0.0027397260273972603,0.0045662100456621,241
574,7573,19,19,0.0025089132444209693,0.002997000999999999,-0.7770343448507576,0.43713850760726836,0.9143799052410162,0.0,0.0,0.0,0.0027397260273972603,451
575,7573,24,24,0.003169153571900172,0.002997000999999999,0.2740664140655014,0.7840335836597541,0.9469004633571909,0.03333333333333333,0.022222222222222223,0.005479452054794521,0.0036529680365296802,5
576,7573,11,11,0.0014525287204542453,0.002997000999999999,-2.4587955591167723,0.013940397692424137,0.728698274128222,0.0,0.0,0.0,0.0,2941
577,7573,20,20,0.00264096130991681,0.002997000999999999,-0.5668141930675057,0.5708404266777634,0.9334064023029459,0.0,0.0,0.0027397260273972603,0.0045662100456621,269
578,7573,21,21,0.00277300937541265,0.002997000999999999,-0.3565940412842544,0.7213957389693066,0.9469004633571909,0.0,0.0,0.0,0.0018264840182648401,763
579,7573,16,16,0.0021127690479334476,0.002997000999999999,-1.4076948002005136,0.15922146220758712,0.9030034662706874,0.0,0.0,0.0027397260273972603,0.0018264840182648401,357
580,7573,15,15,0.0019807209824376074,0.002997000999999999,-1.6179149519837648,0.10568092752586929,0.9030034662706874,0.03333333333333333,0.011111111111111112,0.0027397260273972603,0.0018264840182648401,0
581,7573,23,23,0.0030371055064043312,0.002997000999999999,0.06384626228224947,0.949092641401796,0.949092641401796,0.0,0.0,0.0027397260273972603,0.0018264840182648401,236
582,7573,24,24,0.003169153571900172,0.002997000999999999,0.2740664140655014,0.7840335836597541,0.9469004633571909,0.0,0.0,0.0027397260273972603,0.0027397260273972603,149
583,7573,11,11,0.0014525287204542453,0.002997000999999999,-2.4587955591167723,0.013940397692424137,0.728698274128222,0.0,0.0,0.0,0.0,1475
584,7573,16,16,0.0021127690479334476,0.002997000999999999,-1.4076948002005136,0.15922146220758712,0.9030034662706874,0.0,0.0,0.0,0.0009132420091324201,437
585,7573,24,24,0.003169153571900172,0.002997000999999999,0.2740664140655014,0.7840335836597541,0.9469004633571909,0.0,0.0,0.0,0.0027397260273972603,515
586,7573,29,29,0.0038293938993793743,0.002997000999999999,1.3251671729817605,0.18511571058549092,0.9030034662706874,0.0,0.0,0.005479452054794521,0.0027397260273972603,117
587,7573,21,21,0.00277300937541265,0.002997000999999999,-0.3565940412842544,0.7213957389693066,0.9469004633571909,0.0,0.011111111111111112,0.005479452054794521,0.0036529680365296802,52
588,7573,14,14,0.0018486729169417669,0.002997000999999999,-1.8281351037670168,0.06752927770683262,0.8887822219524399,0.0,0.011111111111111112,0.00821917808219178,0.0036529680365296802,75
589,7573,22,22,0.0029050574409084907,0.002997000999999999,-0.14637388950100247,0.88362623844775,0.949092641401796,0.0,0.0,0.0027397260273972603,0.0036529680365296802,173
590,7573,18,18,0.0023768651789251288,0.002997000999999999,-0.9872544966340097,0.3235178917890641,0.911745891998287,0.0,0.0,0.0,0.0018264840182648401,616
591,7573,14,14,0.0018486729169417669,0.002997000999999999,-1.8281351037670168,0.06752927770683262,0.8887822219524399,0.0,0.0,0.0,0.0009132420091324201,891
592,7573,30,30,0.003961441964875215,0.002997000999999999,1.5353873247650125,0.12468871534887581,0.9030034662706874,0.0,0.0,0.005479452054794521,0.005479452054794521,338
593,7573,25,25,0.003301201637396012,0.002997000999999999,0.4842865658487527,0.6281825087498826,0.9334064023029459,0.0,0.011111111111111112,0.0027397260273972603,0.0036529680365296802,60
594,7573,31,31,0.0040934900303710555,0.002997000999999999,1.7456074765482645,0.08087918219767204,0.8887822219524399,0.0,0.011111111111111112,0.0027397260273972603,0.0018264840182648401,35
595,7573,21,21,0.00277300937541265,0.002997000999999999,-0.3565940412842544,0.7213957389693066,0.9469004633571909,0.0,0.011111111111111112,0.010958904109589041,0.006392694063926941,66
596,7573,19,19,0.0025089132444209693,0.002997000999999999,-0.7770343448507576,0.43713850760726836,0.9143799052410162,0.0,0.0,0.0,0.0009132420091324201,826
597,7573,22,22,0.0029050574409084907,0.002997000999999999,-0.14637388950100247,0.88362623844775,0.949092641401796,0.0,0.0,0.005479452054794521,0.0045662100456621,211
598,7573,22,22,0.0029050574409084907,0.002997000999999999,-0.14637388950100247,0.88362623844775,0.949092641401796,0.0,0.0,0.0,0.0009132420091324201,1060
599,7573,24,24,0.003169153571900172,0.002997000999999999,0.2740664140655014,0.7840335836597541,0.9469004633571909,0.0,0.011111111111111112,0.0027397260273972603,0.0018264840182648401,82
600,7573,21,21,0.00277300937541265,0.002997000999999999,-0.3565940412842544,0.7213957389693066,0.9469004633571909,0.0,0.0,0.0,0.005479452054794521,446
601,7573,21,21,0.00277300937541265,0.002997000999999999,-0.3565940412842544,0.7213957389693066,0.9469004633571909,0.0,0.011111111111111112,0.00821917808219178,0.0045662100456621,61
602,7573,28,28,0.0036973458338835337,0.002997000999999999,1.1149470211985086,0.26487312519086875,0.911745891998287,0.0,0.0,0.005479452054794521,0.0036529680365296802,102
603,7573,32,32,0.004225538095866895,0.002997000999999999,1.955827628331515,0.050485463065280546,0.8414243844213425,0.0,0.0,0.0027397260273972603,0.0045662100456621,277
604,7573,25,25,0.003301201637396012,0.002997000999999999,0.4842865658487527,0.6281825087498826,0.9334064023029459,0.03333333333333333,0.011111111111111112,0.0027397260273972603,0.0036529680365296802,0
605,7573,18,18,0.0023768651789251288,0.002997000999999999,-0.9872544966340097,0.3235178917890641,0.911745891998287,0.0,0.0,0.0027397260273972603,0.0027397260273972603,322
606,7573,17,17,0.002244817113429288,0.002997000999999999,-1.1974746484172616,0.2311216031061841,0.911745891998287,0.0,0.0,0.0,0.0018264840182648401,424
607,7573,18,18,0.0023768651789251288,0.002997000999999999,-0.9872544966340097,0.3235178917890641,0.911745891998287,0.0,0.0,0.0,0.0009132420091324201,685
608,7573,14,14,0.0018486729169417669,0.002997000999999999,-1.8281351037670168,0.06752927770683262,0.8887822219524399,0.0,0.0,0.005479452054794521,0.0045662100456621,134
609,7573,22,22,0.0029050574409084907,0.002997000999999999,-0.14637388950100247,0.88362623844775,0.949092641401796,0.03333333333333333,0.011111111111111112,0.00821917808219178,0.006392694063926941,2
610,7573,18,18,0.0023768651789251288,0.002997000999999999,-0.9872544966340097,0.3235178917890641,0.911745891998287,0.0,0.0,0.0027397260273972603,0.0036529680365296802,212
611,7573,21,21,0.00277300937541265,0.002997000999999999,-0.3565940412842544,0.7213957389693066,0.9469004633571909,0.03333333333333333,0.022222222222222223,0.00821917808219178,0.0036529680365296802,4
612,7573,25,25,0.003301201637396012,0.002997000999999999,0.4842865658487527,0.6281825087498826,0.9334064023029459,0.0,0.011111111111111112,0.0027397260273972603,0.0036529680365296802,82
613,7573,25,25,0.003301201637396012,0.002997000999999999,0.4842865658487527,0.6281825087498826,0.9334064023029459,0.03333333333333333,0.011111111111111112,0.00821917808219178,0.0036529680365296802,13
614,7573,27,27,0.003565297768387693,0.002997000999999999,0.9047268694152566,0.3656101026913131,0.911745891998287,0.0,0.0,0.005479452054794521,0.0045662100456621,209
615,7573,27,27,0.003565297768387693,0.002997000999999999,0.9047268694152566,0.3656101026913131,0.911745891998287,0.0,0.0,0.0027397260273972603,0.005479452054794521,240
616,7573,23,23,0.0030371055064043312,0.002997000999999999,0.06384626228224947,0.949092641401796,0.949092641401796,0.0,0.0,0.0,0.0018264840182648401,380
617,7573,29,29,0.0038293938993793743,0.002997000999999999,1.3251671729817605,0.18511571058549092,0.9030034662706874,0.0,0.0,0.005479452054794521,0.005479452054794521,272
618,7573,20,20,0.00264096130991681,0.002997000999999999,-0.5668141930675057,0.5708404266777634,0.9334064023029459,0.0,0.0,0.0,0.0018264840182648401,630
619,7573,27,27,0.003565297768387693,0.002997000999999999,0.9047268694152566,0.3656101026913131,0.911745891998287,0.0,0.0,0.0027397260273972603,0.0009132420091324201,302
620,7573,15,15,0.0019807209824376074,0.002997000999999999,-1.6179149519837648,0.10568092752586929,0.9030034662706874,0.0,0.0,0.0,0.0036529680365296802,487
621,7573,22,22,0.0029050574409084907,0.002997000999999999,-0.14637388950100247,0.88362623844775,0.949092641401796,0.0,0.0,0.005479452054794521,0.0036529680365296802,157
622,7573,22,22,0.0029050574409084907,0.002997000999999999,-0.14637388950100247,0.88362623844775,0.949092641401796,0.0,0.022222222222222223,0.005479452054794521,0.0018264840182648401,45
623,7573,21,21,0.00277300937541265,0.002997000999999999,-0.3565940412842544,0.7213957389693066,0.9469004633571909,0.0,0.0,0.0,0.006392694063926941,489
624,7573,18,18,0.0023768651789251288,0.002997000999999999,-0.9872544966340097,0.3235178917890641,0.911745891998287,0.03333333333333333,0.011111111111111112,0.0027397260273972603,0.0036529680365296802,24
625,7573,15,15,0.0019807209824376074,0.002997000999999999,-1.6179149519837648,0.10568092752586929,0.9030034662706874,0.0,0.0,0.0027397260273972603,0.0036529680365296802,105
626,7573,22,22,0.0029050574409084907,0.002997000999999999,-0.14637388950100247,0.88362623844775,0.949092641401796,0.0,0.0,0.0027397260273972603,0.0018264840182648401,359
627,7573,15,15,0.0019807209824376074,0.002997000999999999,-1.6179149519837648,0.10568092752586929,0.9030034662706874,0.0,0.0,0.0,0.0027397260273972603,585
628,7573,22,22,0.0029050574409084907,0.002997000999999999,-0.14637388950100247,0.88362623844775,0.949092641401796,0.0,0.0,0.0,0.0009132420091324201,400
629,7573,25,25,0.003301201637396012,0.002997000999999999,0.4842865658487527,0.6281825087498826,0.9334064023029459,0.0,0.0,0.0,0.0027397260273972603,495
630,7573,17,17,0.002244817113429288,0.002997000999999999,-1.1974746484172616,0.2311216031061841,0.911745891998287,0.0,0.0,0.005479452054794521,0.0027397260273972603,124
631,7573,27,27,0.003565297768387693,0.002997000999999999,0.9047268694152566,0.3656101026913131,0.911745891998287,0.0,0.0,0.005479452054794521,0.0018264840182648401,97
632,7573,19,19,0.0025089132444209693,0.002997000999999999,-0.7770343448507576,0.43713850760726836,0.9143799052410162,0.0,0.0,0.0027397260273972603,0.0036529680365296802,232
633,7573,28,28,0.0036973458338835337,0.002997000999999999,1.1149470211985086,0.26487312519086875,0.911745891998287,0.03333333333333333,0.022222222222222223,0.005479452054794521,0.0036529680365296802,8
634,7573,32,32,0.004225538095866895,0.002997000999999999,1.955827628331515,0.050485463065280546,0.8414243844213425,0.0,0.011111111111111112,0.00821917808219178,0.005479452054794521,84
635,7573,19,19,0.0025089132444209693,0.002997000999999999,-0.7770343448507576,0.43713850760726836,0.9143799052410162,0.0,0.0,0.0027397260273972603,0.0027397260273972603,312
636,7573,24,24,0.003169153571900172,0.002997000999999999,0.2740664140655014,0.7840335836597541,0.9469004633571909,0.0,0.0,0.0,0.0027397260273972603,599
637,7573,28,28,0.0036973458338835337,0.002997000999999999,1.1149470211985086,0.26487312519086875,0.911745891998287,0.0,0.0,0.00821917808219178,0.0045662100456621,92
638,7573,23,23,0.0030371055064043312,0.002997000999999999,0.06384626228224947,0.949092641401796,0.949092641401796,0.0,0.0,0.0,0.0009132420091324201,958
639,7573,26,26,0.0034332497028918526,0.002997000999999999,0.6945067176320047,0.4873644894934616,0.9143799052410162,0.0,0.011111111111111112,0.0027397260273972603,0.0045662100456621,69
640,7573,26,26,0.0034332497028918526,0.002997000999999999,0.6945067176320047,0.4873644894934616,0.9143799052410162,0.0,0.0,0.0,0.0009132420091324201,372
641,7573,23,23,0.0030371055064043312,0.002997000999999999,0.06384626228224947,0.949092641401796,0.949092641401796,0.03333333333333333,0.011111111111111112,0.005479452054794521,0.0027397260273972603,1
642,7573,17,17,0.002244817113429288,0.002997000999999999,-1.1974746484172616,0.2311216031061841,0.911745891998287,0.0,0.0,0.0,0.0009132420091324201,795
643,7573,22,22,0.0029050574409084907,0.002997000999999999,-0.14637388950100247,0.88362623844775,0.949092641401796,0.0,0.0,0.0,0.0027397260273972603,384
644,7573,20,20,0.00264096130991681,0.002997000999999999,-0.5668141930675057,0.5708404266777634,0.9334064023029459,0.0,0.0,0.0,0.0,1683
645,7573,20,20,0.00264096130991681,0.002997000999999999,-0.5668141930675057,0.5708404266777634,0.9334064023029459,0.0,0.0,0.0027397260273972603,0.0018264840182648401,353
646,7573,20,20,0.00264096130991681,0.002997000999999999,-0.5668141930675057,0.5708404266777634,0.9334064023029459,0.0,0.0,0.0,0.0018264840182648401,438
647,7573,16,16,0.0021127690479334476,0.002997000999999999,-1.4076948002005136,0.15922146220758712,0.9030034662706874,0.0,0.0,0.0,0.0018264840182648401,438
648,7573,32,32,0.004225538095866895,0.002997000999999999,1.955827628331515,0.050485463065280546,0.8414243844213425,0.03333333333333333,0.011111111111111112,0.0027397260273972603,0.0027397260273972603,21
649,7573,22,22,0.0029050574409084907,0.002997000999999999,-0.14637388950100247,0.88362623844775,0.949092641401796,0.0,0.011111111111111112,0.005479452054794521,0.0045662100456621,43
650,7573,21,21,0.00277300937541265,0.002997000999999999,-0.3565940412842544,0.7213957389693066,0.9469004633571909,0.0,0.0,0.0027397260273972603,0.0027397260273972603,125
651,7573,22,22,0.0029050574409084907,0.002997000999999999,-0.14637388950100247,0.88362623844775,0.949092641401796,0.03333333333333333,0.011111111111111112,0.005479452054794521,0.0018264840182648401,12
652,7573,24,24,0.003169153571900172,0.002997000999999999,0.2740664140655014,0.7840335836597541,0.9469004633571909,0.03333333333333333,0.011111111111111112,0.00821917808219178,0.0045662100456621,19
653,7573,24,24,0.003169153571900172,0.002997000999999999,0.2740664140655014,0.7840335836597541,0.9469004633571909,0.0,0.0,0.005479452054794521,0.0036529680365296802,133
654,7573,25,25,0.003301201637396012,0.002997000999999999,0.4842865658487527,0.6281825087498826,0.9334064023029459,0.0,0.0,0.0027397260273972603,0.0027397260273972603,131
655,7573,22,22,0.0029050574409084907,0.002997000999999999,-0.14637388950100247,0.88362623844775,0.949092641401796,0.03333333333333333,0.011111111111111112,0.0027397260273972603,0.0009132420091324201,3
656,7573,21,21,0.00277300937541265,0.002997000999999999,-0.3565940412842544,0.7213957389693066,0.9469004633571909,0.0,0.0,0.005479452054794521,0.0036529680365296802,140
657,7573,22,22,0.0029050574409084907,0.002997000999999999,-0.14637388950100247,0.88362623844775,0.949092641401796,0.0,0.0,0.0,0.0045662100456621,495
658,7573,28,28,0.0036973458338835337,0.002997000999999999,1.1149470211985086,0.26487312519086875,0.911745891998287,0.0,0.0,0.0027397260273972603,0.0018264840182648401,214
659,7573,16,16,0.0021127690479334476,0.002997000999999999,-1.4076948002005136,0.15922146220758712,0.9030034662706874,0.0,0.0,0.0,0.0,1869
660,7573,16,16,0.0021127690479334476,0.002997000999999999,-1.4076948002005136,0.15922146220758712,0.9030034662706874,0.0,0.0,0.0,0.0018264840182648401,366
661,7573,30,30,0.003961441964875215,0.002997000999999999,1.5353873247650125,0.12468871534887581,0.9030034662706874,0.0,0.0,0.0027397260273972603,0.0073059360730593605,149
662,7573,20,20,0.00264096130991681,0.002997000999999999,-0.5668141930675057,0.5708404266777634,0.9334064023029459,0.0,0.0,0.0,0.0045662100456621,512
663,7573,23,23,0.0030371055064043312,0.002997000999999999,0.06384626228224947,0.949092641401796,0.949092641401796,0.0,0.011111111111111112,0.005479452054794521,0.0036529680365296802,80
664,7573,22,22,0.0029050574409084907,0.002997000999999999,-0.14637388950100247,0.88362623844775,0.949092641401796,0.0,0.011111111111111112,0.005479452054794521,0.0027397260273972603,66
665,7573,25,25,0.003301201637396012,0.002997000999999999,0.4842865658487527,0.6281825087498826,0.9334064023029459,0.0,0.011111111111111112,0.005479452054794521,0.0036529680365296802,39
666,7573,33,33,0.004357586161362736,0.002997000999999999,2.166047780114767,0.030307535984845087,0.8414243844213425,0.0,0.0,0.005479452054794521,0.0045662100456621,101
667,7573,24,24,0.003169153571900172,0.002997000999999999,0.2740664140655014,0.7840335836597541,0.9469004633571909,0.0,0.0,0.0027397260273972603,0.0036529680365296802,317
668,7573,28,28,0.0036973458338835337,0.002997000999999999,1.1149470211985086,0.26487312519086875,0.911745891998287,0.0,0.0,0.0,0.0036529680365296802,391
669,7573,23,23,0.0030371055064043312,0.002997000999999999,0.06384626228224947,0.949092641401796,0.949092641401796,0.0,0.011111111111111112,0.005479452054794521,0.0036529680365296802,79
670,7573,22,22,0.0029050574409084907,0.002997000999999999,-0.14637388950100247,0.88362623844775,0.949092641401796,0.0,0.0,0.0,0.0018264840182648401,598
671,7573,18,18,0.0023768651789251288,0.002997000999999999,-0.9872544966340097,0.3235178917890641,0.911745891998287,0.0,0.0,0.0027397260273972603,0.0018264840182648401,90
672,7573,33,33,0.004357586161362736,0.002997000999999999,2.166047780114767,0.030307535984845087,0.8414243844213425,0.0,0.0,0.005479452054794521,0.0027397260273972603,218
673,7573,21,21,0.00277300937541265,0.002997000999999999,-0.3565940412842544,0.7213957389693066,0.9469004633571909,0.0,0.0,0.0,0.0027397260273972603,451
674,7573,20,20,0.00264096130991681,0.002997000999999999,-0.5668141930675057,0.5708404266777634,0.9334064023029459,0.0,0.011111111111111112,0.00821917808219178,0.0045662100456621,82
675,7573,21,21,0.00277300937541265,0.002997000999999999,-0.3565940412842544,0.7213957389693066,0.9469004633571909,0.0,0.0,0.005479452054794521,0.0045662100456621,120
676,7573,26,26,0.0034332497028918526,0.002997000999999999,0.6945067176320047,0.4873644894934616,0.9143799052410162,0.0,0.011111111111111112,0.005479452054794521,0.0036529680365296802,36
677,7573,23,23,0.0030371055064043312,0.002997000999999999,0.06384626228224947,0.949092641401796,0.949092641401796,0.0,0.0,0.0,0.0018264840182648401,366
678,7573,24,24,0.003169153571900172,0.002997000999999999,0.2740664140655014,0.7840335836597541,0.9469004633571909,0.0,0.0,0.0027397260273972603,0.0018264840182648401,92
679,7573,19,19,0.0025089132444209693,0.002997000999999999,-0.7770343448507576,0.43713850760726836,0.9143799052410162,0.0,0.0,0.0027397260273972603,0.0027397260273972603,363
680,7573,26,26,0.0034332497028918526,0.002997000999999999,0.6945067176320047,0.4873644894934616,0.9143799052410162,0.0,0.0,0.0027397260273972603,0.0027397260273972603,207
681,7573,23,23,0.0030371055064043312,0.002997000999999999,0.06384626228224947,0.949092641401796,0.949092641401796,0.0,0.0,0.0027397260273972603,0.0036529680365296802,148
682,7573,21,21,0.00277300937541265,0.002997000999999999,-0.3565940412842544,0.7213957389693066,0.9469004633571909,0.0,0.0,0.0027397260273972603,0.005479452054794521,274
683,7573,20,20,0.00264096130991681,0.002997000999999999,-0.5668141930675057,0.5708404266777634,0.9334064023029459,0.0,0.0,0.0,0.0027397260273972603,603
684,7573,19,19,0.0025089132444209693,0.002997000999999999,-0.7770343448507576,0.43713850760726836,0.9143799052410162,0.0,0.0,0.0,0.0009132420091324201,505
685,7573,27,27,0.003565297768387693,0.002997000999999999,0.9047268694152566,0.3656101026913131,0.911745891998287,0.0,0.0,0.0,0.0018264840182648401,841
686,7573,20,20,0.00264096130991681,0.002997000999999999,-0.5668141930675057,0.5708404266777634,0.9334064023029459,0.0,0.0,0.0,0.0009132420091324201,732
687,7573,28,28,0.0036973458338835337,0.002997000999999999,1.1149470211985086,0.26487312519086875,0.911745891998287,0.0,0.011111111111111112,0.0027397260273972603,0.0018264840182648401,48
688,7573,16,16,0.0021127690479334476,0.002997000999999999,-1.4076948002005136,0.15922146220758712,0.9030034662706874,0.0,0.0,0.0,0.0,2140
689,7573,25,25,0.003301201637396012,0.002997000999999999,0.4842865658487527,0.6281825087498826,0.9334064023029459,0.0,0.0,0.00821917808219178,0.0045662100456621,151
690,7573,24,24,0.003169153571900172,0.002997000999999999,0.2740664140655014,0.7840335836597541,0.9469004633571909,0.0,0.0,0.0,0.0036529680365296802,517
691,7573,27,27,0.003565297768387693,0.002997000999999999,0.9047268694152566,0.3656101026913131,0.911745891998287,0.0,0.0,0.00821917808219178,0.0073059360730593605,125
692,7573,24,24,0.003169153571900172,0.002997000999999999,0.2740664140655014,0.7840335836597541,0.9469004633571909,0.0,0.0,0.0027397260273972603,0.0018264840182648401,280
693,7573,23,23,0.0030371055064043312,0.002997000999999999,0.06384626228224947,0.949092641401796,0.949092641401796,0.0,0.0,0.0,0.0009132420091324201,513
694,7573,32,32,0.004225538095866895,0.002997000999999999,1.955827628331515,0.050485463065280546,0.8414243844213425,0.0,0.0,0.0,0.0027397260273972603,483
695,7573,26,26,0.0034332497028918526,0.002997000999999999,0.6945067176320047,0.4873644894934616,0.9143799052410162,0.0,0.0,0.005479452054794521,0.0036529680365296802,109
696,7573,19,19,0.0025089132444209693,0.002997000999999999,-0.7770343448507576,0.43713850760726836,0.9143799052410162,0.0,0.0,0.005479452054794521,0.0036529680365296802,192
697,7573,21,21,0.00277300937541265,0.002997000999999999,-0.3565940412842544,0.7213957389693066,0.9469004633571909,0.0,0.0,0.005479452054794521,0.0045662100456621,261
698,7573,23,23,0.0030371055064043312,0.002997000999999999,0.06384626228224947,0.949092641401796,0.949092641401796,0.0,0.011111111111111112,0.0027397260273972603,0.0036529680365296802,70
699,7573,25,25,0.003301201637396012,0.002997000999999999,0.4842865658487527,0.6281825087498826,0.9334064023029459,0.0,0.0,0.005479452054794521,0.0036529680365296802,200
700,7573,25,25,0.003301201637396012,0.002997000999999999,0.4842865658487527,0.6281825087498826,0.9334064023029459,0.0,0.0,0.0,0.0027397260273972603,443
701,7573,24,24,0.003169153571900172,0.002997000999999999,0.2740664140655014,0.7840335836597541,0.9469004633571909,0.0,0.0,0.0,0.0036529680365296802,650
702,7573,29,29,0.0038293938993793743,0.002997000999999999,1.3251671729817605,0.18511571058549092,0.9030034662706874,0.0,0.011111111111111112,0.0027397260273972603,0.0027397260273972603,36
703,7573,24,24,0.003169153571900172,0.002997000999999999,0.2740664140655014,0.7840335836597541,0.9469004633571909,0.0,0.0,0.0027397260273972603,0.0045662100456621,109
704,7573,27,27,0.003565297768387693,0.002997000999999999,0.9047268694152566,0.3656101026913131,0.911745891998287,0.0,0.0,0.0027397260273972603,0.0027397260273972603,351
705,7573,31,31,0.0040934900303710555,0.002997000999999999,1.7456074765482645,0.08087918219767204,0.8887822219524399,0.0,0.011111111111111112,0.0027397260273972603,0.0027397260273972603,60
706,7573,26,26,0.0034332497028918526,0.002997000999999999,0.6945067176320047,0.4873644894934616,0.9143799052410162,0.0,0.0,0.0027397260273972603,0.0027397260273972603,170
707,7573,17,17,0.002244817113429288,0.002997000999999999,-1.1974746484172616,0.2311216031061841,0.911745891998287,0.0,0.011111111111111112,0.0027397260273972603,0.0027397260273972603,88
708,7573,26,26,0.0034332497028918526,0.002997000999999999,0.6945067176320047,0.4873644894934616,0.9143799052410162,0.0,0.0,0.0027397260273972603,0.0027397260273972603,144
709,7573,19,19,0.0025089132444209693,0.002997000999999999,-0.7770343448507576,0.43713850760726836,0.9143799052410162,0.0,0.0,0.0027397260273972603,0.0027397260273972603,231
710,7573,17,17,0.002244817113429288,0.002997000999999999,-1.1974746484172616,0.2311216031061841,0.911745891998287,0.0,0.0,0.005479452054794521,0.0018264840182648401,110
711,7573,24,24,0.003169153571900172,0.002997000999999999,0.2740664140655014,0.7840335836597541,0.9469004633571909,0.0,0.0,0.0,0.0009132420091324201,985
712,7573,27,27,0.003565297768387693,0.002997000999999999,0.9047268694152566,0.3656101026913131,0.911745891998287,0.0,0.0,0.005479452054794521,0.0036529680365296802,171
713,7573,15,15,0.0019807209824376074,0.002997000999999999,-1.6179149519837648,0.10568092752586929,0.9030034662706874,0.0,0.0,0.0,0.0027397260273972603,626
714,7573,22,22,0.0029050574409084907,0.002997000999999999,-0.14637388950100247,0.88362623844775,0.949092641401796,0.0,0.0,0.0027397260273972603,0.0018264840182648401,142
715,7573,19,19,0.0025089132444209693,0.002997000999999999,-0.7770343448507576,0.43713850760726836,0.9143799052410162,0.0,0.0,0.005479452054794521,0.0027397260273972603,119
716,7573,27,27,0.003565297768387693,0.002997000999999999,0.9047268694152566,0.3656101026913131,0.911745891998287,0.0,0.0,0.0,0.0045662100456621,497
717,7573,28,28,0.0036973458338835337,0.002997000999999999,1.1149470211985086,0.26487312519086875,0.911745891998287,0.0,0.0,0.005479452054794521,0.0036529680365296802,189
718,7573,22,22,0.0029050574409084907,0.002997000999999999,-0.14637388950100247,0.88362623844775,0.949092641401796,0.0,0.0,0.005479452054794521,0.005479452054794521,221
719,7573,29,29,0.0038293938993793743,0.002997000999999999,1.3251671729817605,0.18511571058549092,0.9030034662706874,0.03333333333333333,0.011111111111111112,0.0027397260273972603,0.005479452054794521,19
720,7573,23,23,0.0030371055064043312,0.002997000999999999,0.06384626228224947,0.949092641401796,0.949092641401796,0.0,0.0,0.00821917808219178,0.005479452054794521,230
721,7573,23,23,0.0030371055064043312,0.002997000999999999,0.06384626228224947,0.949092641401796,0.949092641401796,0.0,0.0,0.0,0.0027397260273972603,703
722,7573,22,22,0.0029050574409084907,0.002997000999999999,-0.14637388950100247,0.88362623844775,0.949092641401796,0.0,0.0,0.0027397260273972603,0.0045662100456621,156
723,7573,21,21,0.00277300937541265,0.002997000999999999,-0.3565940412842544,0.7213957389693066,0.9469004633571909,0.0,0.0,0.005479452054794521,0.0027397260273972603,131
724,7573,26,26,0.0034332497028918526,0.002997000999999999,0.6945067176320047,0.4873644894934616,0.9143799052410162,0.0,0.022222222222222223,0.010958904109589041,0.0045662100456621,62
725,7573,28,28,0.0036973458338835337,0.002997000999999999,1.1149470211985086,0.26487312519086875,0.911745891998287,0.0,0.0,0.0027397260273972603,0.0027397260273972603,168
726,7573,34,34,0.004489634226858576,0.002997000999999999,2.376267931898019,0.017488758579077328,0.728698274128222,0.0,0.011111111111111112,0.005479452054794521,0.0045662100456621,88
727,7573,22,22,0.0029050574409084907,0.002997000999999999,-0.14637388950100247,0.88362623844775,0.949092641401796,0.0,0.0,0.0027397260273972603,0.0036529680365296802,251
728,7573,20,20,0.00264096130991681,0.002997000999999999,-0.5668141930675057,0.5708404266777634,0.9334064023029459,0.03333333333333333,0.011111111111111112,0.005479452054794521,0.0036529680365296802,8
729,7573,18,18,0.0023768651789251288,0.002997000999999999,-0.9872544966340097,0.3235178917890641,0.911745891998287,0.0,0.0,0.0,0.0018264840182648401,976
730,7573,24,24,0.003169153571900172,0.002997000999999999,0.2740664140655014,0.7840335836597541,0.9469004633571909,0.03333333333333333,0.011111111111111112,0.0027397260273972603,0.0027397260273972603,4
731,7573,23,23,0.0030371055064043312,0.002997000999999999,0.06384626228224947,0.949092641401796,0.949092641401796,0.0,0.011111111111111112,0.005479452054794521,0.005479452054794521,85
732,7573,14,14,0.0018486729169417669,0.002997000999999999,-1.8281351037670168,0.06752927770683262,0.8887822219524399,0.03333333333333333,0.022222222222222223,0.005479452054794521,0.0036529680365296802,13
733,7573,20,20,0.00264096130991681,0.002997000999999999,-0.5668141930675057,0.5708404266777634,0.9334064023029459,0.0,0.0,0.005479452054794521,0.0036529680365296802,209
734,7573,17,17,0.002244817113429288,0.002997000999999999,-1.1974746484172616,0.2311216031061841,0.911745891998287,0.0,0.011111111111111112,0.005479452054794521,0.0018264840182648401,67
735,7573,18,18,0.0023768651789251288,0.002997000999999999,-0.9872544966340097,0.3235178917890641,0.911745891998287,0.0,0.0,0.0027397260273972603,0.0027397260273972603,348
736,7573,18,18,0.0023768651789251288,0.002997000999999999,-0.9872544966340097,0.3235178917890641,0.911745891998287,0.0,0.0,0.0,0.0027397260273972603,428
737,7573,28,28,0.0036973458338835337,0.002997000999999999,1.1149470211985086,0.26487312519086875,0.911745891998287,0.0,0.0,0.0027397260273972603,0.0027397260273972603,314
738,7573,20,20,0.00264096130991681,0.002997000999999999,-0.5668141930675057,0.5708404266777634,0.9334064023029459,0.0,0.0,0.0,0.0,1203
739,7573,29,29,0.0038293938993793743,0.002997000999999999,1.3251671729817605,0.18511571058549092,0.9030034662706874,0.0,0.0,0.005479452054794521,0.0027397260273972603,99
740,7573,24,24,0.003169153571900172,0.002997000999999999,0.2740664140655014,0.7840335836597541,0.9469004633571909,0.0,0.0,0.0,0.0027397260273972603,612
741,7573,25,25,0.003301201637396012,0.002997000999999999,0.4842865658487527,0.6281825087498826,0.9334064023029459,0.0,0.0,0.0027397260273972603,0.0036529680365296802,178
742,7573,20,20,0.00264096130991681,0.002997000999999999,-0.5668141930675057,0.5708404266777634,0.9334064023029459,0.0,0.011111111111111112,0.0136986301369863,0.005479452054794521,58
743,7573,23,23,0.0030371055064043312,0.002997000999999999,0.06384626228224947,0.949092641401796,0.949092641401796,0.0,0.0,0.0,0.0009132420091324201,980
744,7573,24,24,0.003169153571900172,0.002997000999999999,0.2740664140655014,0.7840335836597541,0.9469004633571909,0.0,0.0,0.0,0.0036529680365296802,527
745,7573,20,20,0.00264096130991681,0.002997000999999999,-0.5668141930675057,0.5708404266777634,0.9334064023029459,0.03333333333333333,0.011111111111111112,0.005479452054794521,0.0027397260273972603,16
746,7573,19,19,0.0025089132444209693,0.002997000999999999,-0.7770343448507576,0.43713850760726836,0.9143799052410162,0.0,0.0,0.0,0.0027397260273972603,497
747,7573,25,25,0.003301201637396012,0.002997000999999999,0.4842865658487527,0.6281825087498826,0.9334064023029459,0.0,0.0,0.0,0.0009132420091324201,1071
748,7573,27,27,0.003565297768387693,0.002997000999999999,0.9047268694152566,0.3656101026913131,0.911745891998287,0.0,0.0,0.005479452054794521,0.0027397260273972603,237
749,7573,20,20,0.00264096130991681,0.002997000999999999,-0.5668141930675057,0.5708404266777634,0.9334064023029459,0.0,0.0,0.0,0.0036529680365296802,491
750,7573,17,17,0.002244817113429288,0.002997000999999999,-1.1974746484172616,0.2311216031061841,0.911745891998287,0.0,0.0,0.0,0.0009132420091324201,755
751,7573,19,19,0.0025089132444209693,0.002997000999999999,-0.7770343448507576,0.43713850760726836,0.9143799052410162,0.0,0.011111111111111112,0.0027397260273972603,0.0018264840182648401,35
752,7573,28,28,0.0036973458338835337,0.002997000999999999,1.1149470211985086,0.26487312519086875,0.911745891998287,0.03333333333333333,0.011111111111111112,0.00821917808219178,0.0045662100456621,27
753,7573,16,16,0.0021127690479334476,0.002997000999999999,-1.4076948002005136,0.15922146220758712,0.9030034662706874,0.0,0.0,0.0,0.0036529680365296802,389
754,7573,19,19,0.0025089132444209693,0.002997000999999999,-0.7770343448507576,0.43713850760726836,0.9143799052410162,0.0,0.0,0.0,0.0036529680365296802,470
755,7573,26,26,0.0034332497028918526,0.002997000999999999,0.6945067176320047,0.4873644894934616,0.9143799052410162,0.0,0.0,0.0,0.0009132420091324201,963
756,7573,21,21,0.00277300937541265,0.002997000999999999,-0.3565940412842544,0.7213957389693066,0.9469004633571909,0.0,0.0,0.0,0.005479452054794521,493
757,7573,18,18,0.0023768651789251288,0.002997000999999999,-0.9872544966340097,0.3235178917890641,0.911745891998287,0.0,0.0,0.0027397260273972603,0.0027397260273972603,337
758,7573,19,19,0.0025089132444209693,0.002997000999999999,-0.7770343448507576,0.43713850760726836,0.9143799052410162,0.0,0.0,0.0,0.0009132420091324201,1009
759,7573,17,17,0.002244817113429288,0.002997000999999999,-1.1974746484172616,0.2311216031061841,0.911745891998287,0.0,0.0,0.0,0.0018264840182648401,704
760,7573,24,24,0.003169153571900172,0.002997000999999999,0.2740664140655014,0.7840335836597541,0.9469004633571909,0.0,0.0,0.0,0.0009132420091324201,966
761,7573,28,28,0.0036973458338835337,0.002997000999999999,1.1149470211985086,0.26487312519086875,0.911745891998287,0.0,0.0,0.0,0.0018264840182648401,493
762,7573,27,27,0.003565297768387693,0.002997000999999999,0.9047268694152566,0.3656101026913131,0.911745891998287,0.0,0.011111111111111112,0.010958904109589041,0.006392694063926941,40
763,7573,26,26,0.0034332497028918526,0.002997000999999999,0.6945067176320047,0.4873644894934616,0.9143799052410162,0.0,0.0,0.0027397260273972603,0.0018264840182648401,284
764,7573,32,32,0.004225538095866895,0.002997000999999999,1.955827628331515,0.050485463065280546,0.8414243844213425,0.03333333333333333,0.022222222222222223,0.00821917808219178,0.0036529680365296802,14
765,7573,25,25,0.003301201637396012,0.002997000999999999,0.4842865658487527,0.6281825087498826,0.9334064023029459,0.0,0.0,0.0,0.0036529680365296802,544
766,7573,20,20,0.00264096130991681,0.002997000999999999,-0.5668141930675057,0.5708404266777634,0.9334064023029459,0.0,0.0,0.0,0.0027397260273972603,526
767,7573,22,22,0.0029050574409084907,0.002997000999999999,-0.14637388950100247,0.88362623844775,0.949092641401796,0.0,0.0,0.0027397260273972603,0.0018264840182648401,352
768,7573,22,22,0.0029050574409084907,0.002997000999999999,-0.14637388950100247,0.88362623844775,0.949092641401796,0.0,0.0,0.0027397260273972603,0.0009132420091324201,262
769,7573,28,28,0.0036973458338835337,0.002997000999999999,1.1149470211985086,0.26487312519086875,0.911745891998287,0.0,0.0,0.005479452054794521,0.0018264840182648401,118
770,7573,11,11,0.0014525287204542453,0.002997000999999999,-2.4587955591167723,0.013940397692424137,0.728698274128222,0.0,0.0,0.00821917808219178,0.0045662100456621,300
771,7573,23,23,0.0030371055064043312,0.002997000999999999,0.06384626228224947,0.949092641401796,0.949092641401796,0.0,0.0,0.005479452054794521,0.0045662100456621,93
772,7573,21,21,0.00277300937541265,0.002997000999999999,-0.3565940412842544,0.7213957389693066,0.9469004633571909,0.03333333333333333,0.011111111111111112,0.0027397260273972603,0.0036529680365296802,15
773,7573,28,28,0.0036973458338835337,0.002997000999999999,1.1149470211985086,0.26487312519086875,0.911745891998287,0.0,0.011111111111111112,0.0027397260273972603,0.0027397260273972603,43
774,7573,15,15,0.0019807209824376074,0.002997000999999999,-1.6179149519837648,0.10568092752586929,0.9030034662706874,0.0,0.0,0.005479452054794521,0.0036529680365296802,111
775,7573,17,17,0.002244817113429288,0.002997000999999999,-1.1974746484172616,0.2311216031061841,0.911745891998287,0.0,0.0,0.005479452054794521,0.0045662100456621,286
776,7573,21,21,0.00277300937541265,0.002997000999999999,-0.3565940412842544,0.7213957389693066,0.9469004633571909,0.0,0.0,0.0,0.0,1365
777,7573,24,24,0.003169153571900172,0.002997000999999999,0.2740664140655014,0.7840335836597541,0.9469004633571909,0.0,0.011111111111111112,0.0027397260273972603,0.0018264840182648401,81
778,7573,19,19,0.0025089132444209693,0.002997000999999999,-0.7770343448507576,0.43713850760726836,0.9143799052410162,0.0,0.0,0.0027397260273972603,0.0018264840182648401,128
779,7573,23,23,0.0030371055064043312,0.002997000999999999,0.06384626228224947,0.949092641401796,0.949092641401796,0.0,0.0,0.0,0.0,1122
780,7573,11,11,0.0014525287204542453,0.002997000999999999,-2.4587955591167723,0.013940397692424137,0.728698274128222,0.0,0.0,0.0,0.0,1938
781,7573,22,22,0.0029050574409084907,0.002997000999999999,-0.14637388950100247,0.88362623844775,0.949092641401796,0.0,0.0,0.0027397260273972603,0.0027397260273972603,228
782,7573,22,22,0.0029050574409084907,0.002997000999999999,-0.14637388950100247,0.88362623844775,0.949092641401796,0.0,0.0,0.0,0.005479452054794521,523
783,7573,21,21,0.00277300937541265,0.002997000999999999,-0.3565940412842544,0.7213957389693066,0.9469004633571909,0.0,0.0,0.0,0.0009132420091324201,374
784,7573,21,21,0.00277300937541265,0.002997000999999999,-0.3565940412842544,0.7213957389693066,0.9469004633571909,0.0,0.0,0.005479452054794521,0.0027397260273972603,110
785,7573,30,30,0.003961441964875215,0.002997000999999999,1.5353873247650125,0.12468871534887581,0.9030034662706874,0.0,0.0,0.0,0.0009132420091324201,662
786,7573,23,23,0.0030371055064043312,0.002997000999999999,0.06384626228224947,0.949092641401796,0.949092641401796,0.03333333333333333,0.011111111111111112,0.005479452054794521,0.0036529680365296802,25
787,7573,24,24,0.003169153571900172,0.002997000999999999,0.2740664140655014,0.7840335836597541,0.9469004633571909,0.0,0.011111111111111112,0.005479452054794521,0.0036529680365296802,54
788,7573,28,28,0.0036973458338835337,0.002997000999999999,1.1149470211985086,0.26487312519086875,0.911745891998287,0.0,0.0,0.0,0.005479452054794521,669
789,7573,21,21,0.00277300937541265,0.002997000999999999,-0.3565940412842544,0.7213957389693066,0.9469004633571909,0.0,0.0,0.0027397260273972603,0.0027397260273972603,347
790,7573,24,24,0.003169153571900172,0.002997000999999999,0.2740664140655014,0.7840335836597541,0.9469004633571909,0.0,0.011111111111111112,0.0027397260273972603,0.0018264840182648401,50
791,7573,19,19,0.0025089132444209693,0.002997000999999999,-0.7770343448507576,0.43713850760726836,0.9143799052410162,0.0,0.0,0.0027397260273972603,0.0027397260273972603,129
792,7573,25,25,0.003301201637396012,0.002997000999999999,0.4842865658487527,0.6281825087498826,0.9334064023029459,0.0,0.0,0.0027397260273972603,0.0036529680365296802,100
793,7573,24,24,0.003169153571900172,0.002997000999999999,0.2740664140655014,0.7840335836597541,0.9469004633571909,0.03333333333333333,0.011111111111111112,0.0027397260273972603,0.0027397260273972603,22
794,7573,29,29,0.0038293938993793743,0.002997000999999999,1.3251671729817605,0.18511571058549092,0.9030034662706874,0.0,0.0,0.0027397260273972603,0.005479452054794521,321
795,7573,24,24,0.003169153571900172,0.002997000999999999,0.2740664140655014,0.7840335836597541,0.9469004633571909,0.0,0.0,0.0,0.0009132420091324201,764
796,7573,20,20,0.00264096130991681,0.002997000999999999,-0.5668141930675057,0.5708404266777634,0.9334064023029459,0.0,0.0,0.0027397260273972603,0.0018264840182648401,363
797,7573,27,27,0.003565297768387693,0.002997000999999999,0.9047268694152566,0.3656101026913131,0.911745891998287,0.0,0.0,0.0,0.0009132420091324201,739
798,7573,25,25,0.003301201637396012,0.002997000999999999,0.4842865658487527,0.6281825087498826,0.9334064023029459,0.0,0.0,0.0027397260273972603,0.0036529680365296802,278
799,7573,24,24,0.003169153571900172,0.002997000999999999,0.2740664140655014,0.7840335836597541,0.9469004633571909,0.0,0.0,0.0,0.0045662100456621,678
800,7573,21,21,0.00277300937541265,0.002997000999999999,-0.3565940412842544,0.7213957389693066,0.9469004633571909,0.0,0.0,0.0027397260273972603,0.0027397260273972603,256
801,7573,24,24,0.003169153571900172,0.002997000999999999,0.2740664140655014,0.7840335836597541,0.9469004633571909,0.0,0.0,0.0027397260273972603,0.0018264840182648401,245
802,7573,28,28,0.0036973458338835337,0.002997000999999999,1.1149470211985086,0.26487312519086875,0.911745891998287,0.0,0.0,0.0,0.0018264840182648401,613
803,7573,22,22,0.0029050574409084907,0.002997000999999999,-0.14637388950100247,0.88362623844775,0.949092641401796,0.0,0.0,0.0027397260273972603,0.0036529680365296802,354
804,7573,34,34,0.004489634226858576,0.002997000999999999,2.376267931898019,0.017488758579077328,0.728698274128222,0.0,0.0,0.0,0.0027397260273972603,473
805,7573,25,25,0.003301201637396012,0.002997000999999999,0.4842865658487527,0.6281825087498826,0.9334064023029459,0.0,0.0,0.0,0.0027397260273972603,482
806,7573,25,25,0.003301201637396012,0.002997000999999999,0.4842865658487527,0.6281825087498826,0.9334064023029459,0.03333333333333333,0.011111111111111112,0.005479452054794521,0.0027397260273972603,26
807,7573,23,23,0.0030371055064043312,0.002997000999999999,0.06384626228224947,0.949092641401796,0.949092641401796,0.0,0.0,0.0,0.0,1123
808,7573,27,27,0.003565297768387693,0.002997000999999999,0.9047268694152566,0.3656101026913131,0.911745891998287,0.0,0.0,0.0,0.0009132420091324201,1060
809,7573,30,30,0.003961441964875215,0.002997000999999999,1.5353873247650125,0.12468871534887581,0.9030034662706874,0.0,0.011111111111111112,0.0027397260273972603,0.0027397260273972603,66
810,7573,22,22,0.0029050574409084907,0.002997000999999999,-0.14637388950100247,0.88362623844775,0.949092641401796,0.0,0.0,0.0,0.0027397260273972603,484
811,7573,30,30,0.003961441964875215,0.002997000999999999,1.5353873247650125,0.12468871534887581,0.9030034662706874,0.0,0.011111111111111112,0.00821917808219178,0.0045662100456621,77
812,7573,18,18,0.0023768651789251288,0.002997000999999999,-0.9872544966340097,0.3235178917890641,0.911745891998287,0.0,0.0,0.0,0.0009132420091324201,408
813,7573,27,27,0.003565297768387693,0.002997000999999999,0.9047268694152566,0.3656101026913131,0.911745891998287,0.0,0.0,0.0027397260273972603,0.0045662100456621,242
814,7573,23,23,0.0030371055064043312,0.002997000999999999,0.06384626228224947,0.949092641401796,0.949092641401796,0.0,0.0,0.0,0.0036529680365296802,387
815,7573,27,27,0.003565297768387693,0.002997000999999999,0.9047268694152566,0.3656101026913131,0.911745891998287,0.0,0.0,0.0,0.0027397260273972603,740
816,7573,23,23,0.0030371055064043312,0.002997000999999999,0.06384626228224947,0.949092641401796,0.949092641401796,0.0,0.0,0.0027397260273972603,0.0018264840182648401,364
817,7573,26,26,0.0034332497028918526,0.002997000999999999,0.6945067176320047,0.4873644894934616,0.9143799052410162,0.0,0.0,0.0027397260273972603,0.0018264840182648401,361
818,7573,22,22,0.0029050574409084907,0.002997000999999999,-0.14637388950100247,0.88362623844775,0.949092641401796,0.0,0.0,0.0,0.0018264840182648401,520
819,7573,24,24,0.003169153571900172,0.002997000999999999,0.2740664140655014,0.7840335836597541,0.9469004633571909,0.0,0.0,0.00821917808219178,0.0045662100456621,169
820,7573,18,18,0.0023768651789251288,0.002997000999999999,-0.9872544966340097,0.3235178917890641,0.911745891998287,0.0,0.0,0.005479452054794521,0.0036529680365296802,165
821,7573,27,27,0.003565297768387693,0.002997000999999999,0.9047268694152566,0.3656101026913131,0.911745891998287,0.03333333333333333,0.011111111111111112,0.0027397260273972603,0.0018264840182648401,1
822,7573,11,11,0.0014525287204542453,0.002997000999999999,-2.4587955591167723,0.013940397692424137,0.728698274128222,0.0,0.0,0.0027397260273972603,0.0009132420091324201,239
823,7573,19,19,0.0025089132444209693,0.002997000999999999,-0.7770343448507576,0.43713850760726836,0.9143799052410162,0.0,0.0,0.0,0.0018264840182648401,789
824,7573,24,24,0.003169153571900172,0.002997000999999999,0.2740664140655014,0.7840335836597541,0.9469004633571909,0.0,0.011111111111111112,0.005479452054794521,0.0027397260273972603,54
825,7573,19,19,0.0025089132444209693,0.002997000999999999,-0.7770343448507576,0.43713850760726836,0.9143799052410162,0.0,0.0,0.005479452054794521,0.0045662100456621,182
826,7573,28,28,0.0036973458338835337,0.002997000999999999,1.1149470211985086,0.26487312519086875,0.911745891998287,0.0,0.0,0.0027397260273972603,0.0018264840182648401,317
827,7573,26,26,0.0034332497028918526,0.002997000999999999,0.6945067176320047,0.4873644894934616,0.9143799052410162,0.03333333333333333,0.022222222222222223,0.005479452054794521,0.0036529680365296802,23
828,7573,17,17,0.002244817113429288,0.002997000999999999,-1.1974746484172616,0.2311216031061841,0.911745891998287,0.0,0.0,0.0,0.0018264840182648401,399
829,7573,31,31,0.0040934900303710555,0.002997000999999999,1.7456074765482645,0.08087918219767204,0.8887822219524399,0.0,0.0,0.0,0.0009132420091324201,425
830,7573,18,18,0.0023768651789251288,0.002997000999999999,-0.9872544966340097,0.3235178917890641,0.911745891998287,0.0,0.0,0.0,0.0,1126
831,7573,32,32,0.004225538095866895,0.002997000999999999,1.955827628331515,0.050485463065280546,0.8414243844213425,0.0,0.0,0.0027397260273972603,0.0027397260273972603,187
832,7573,31,31,0.0040934900303710555,0.002997000999999999,1.7456074765482645,0.08087918219767204,0.8887822219524399,0.0,0.0,0.0027397260273972603,0.006392694063926941,95
833,7573,17,17,0.002244817113429288,0.002997000999999999,-1.1974746484172616,0.2311216031061841,0.911745891998287,0.0,0.0,0.0,0.0027397260273972603,521
834,7573,21,21,0.00277300937541265,0.002997000999999999,-0.3565940412842544,0.7213957389693066,0.9469004633571909,0.0,0.0,0.0,0.0,1271
835,7573,20,20,0.00264096130991681,0.002997000999999999,-0.5668141930675057,0.5708404266777634,0.9334064023029459,0.0,0.0,0.0,0.0,1309
836,7573,32,32,0.004225538095866895,0.002997000999999999,1.955827628331515,0.050485463065280546,0.8414243844213425,0.0,0.0,0.005479452054794521,0.0036529680365296802,180
837,7573,19,19,0.0025089132444209693,0.002997000999999999,-0.7770343448507576,0.43713850760726836,0.9143799052410162,0.0,0.0,0.0,0.0009132420091324201,715
838,7573,33,33,0.004357586161362736,0.002997000999999999,2.166047780114767,0.030307535984845087,0.8414243844213425,0.0,0.0,0.005479452054794521,0.005479452054794521,309
839,7573,26,26,0.0034332497028918526,0.002997000999999999,0.6945067176320047,0.4873644894934616,0.9143799052410162,0.06666666666666667,0.022222222222222223,0.00821917808219178,0.0027397260273972603,12
840,7573,32,32,0.004225538095866895,0.002997000999999999,1.955827628331515,0.050485463065280546,0.8414243844213425,0.0,0.0,0.0,0.0045662100456621,460
841,7573,25,25,0.003301201637396012,0.002997000999999999,0.4842865658487527,0.6281825087498826,0.9334064023029459,0.03333333333333333,0.022222222222222223,0.005479452054794521,0.0036529680365296802,7
842,7573,19,19,0.0025089132444209693,0.002997000999999999,-0.7770343448507576,0.43713850760726836,0.9143799052410162,0.03333333333333333,0.011111111111111112,0.0027397260273972603,0.0036529680365296802,16
843,7573,28,28,0.0036973458338835337,0.002997000999999999,1.1149470211985086,0.26487312519086875,0.911745891998287,0.0,0.0,0.0,0.0027397260273972603,395
844,7573,29,29,0.0038293938993793743,0.002997000999999999,1.3251671729817605,0.18511571058549092,0.9030034662706874,0.0,0.0,0.0027397260273972603,0.0036529680365296802,93
845,7573,16,16,0.0021127690479334476,0.002997000999999999,-1.4076948002005136,0.15922146220758712,0.9030034662706874,0.0,0.0,0.0,0.0027397260273972603,657
846,7573,16,16,0.0021127690479334476,0.002997000999999999,-1.4076948002005136,0.15922146220758712,0.9030034662706874,0.0,0.0,0.0,0.0018264840182648401,394
847,7573,24,24,0.003169153571900172,0.002997000999999999,0.2740664140655014,0.7840335836597541,0.9469004633571909,0.0,0.0,0.005479452054794521,0.0045662100456621,187
848,7573,22,22,0.0029050574409084907,0.002997000999999999,-0.14637388950100247,0.88362623844775,0.949092641401796,0.0,0.0,0.0,0.0036529680365296802,444
849,7573,17,17,0.002244817113429288,0.002997000999999999,-1.1974746484172616,0.2311216031061841,0.911745891998287,0.0,0.0,0.0,0.0009132420091324201,800
850,7573,26,26,0.0034332497028918526,0.002997000999999999,0.6945067176320047,0.4873644894934616,0.9143799052410162,0.0,0.0,0.0027397260273972603,0.0045662100456621,277
851,7573,28,28,0.0036973458338835337,0.002997000999999999,1.1149470211985086,0.26487312519086875,0.911745891998287,0.0,0.0,0.0027397260273972603,0.0018264840182648401,254
852,7573,30,30,0.003961441964875215,0.002997000999999999,1.5353873247650125,0.12468871534887581,0.9030034662706874,0.0,0.0,0.005479452054794521,0.0036529680365296802,291
853,7573,22,22,0.0029050574409084907,0.002997000999999999,-0.14637388950100247,0.88362623844775,0.949092641401796,0.0,0.0,0.005479452054794521,0.0036529680365296802,271
854,7573,29,29,0.0038293938993793743,0.002997000999999999,1.3251671729817605,0.18511571058549092,0.9030034662706874,0.0,0.0,0.00821917808219178,0.0045662100456621,212
855,7573,19,19,0.0025089132444209693,0.002997000999999999,-0.7770343448507576,0.43713850760726836,0.9143799052410162,0.0,0.011111111111111112,0.0027397260273972603,0.0036529680365296802,51
856,7573,23,23,0.0030371055064043312,0.002997000999999999,0.06384626228224947,0.949092641401796,0.949092641401796,0.0,0.0,0.0027397260273972603,0.0018264840182648401,90
857,7573,19,19,0.0025089132444209693,0.002997000999999999,-0.7770343448507576,0.43713850760726836,0.9143799052410162,0.0,0.0,0.0027397260273972603,0.0018264840182648401,362
858,7573,23,23,0.0030371055064043312,0.002997000999999999,0.06384626228224947,0.949092641401796,0.949092641401796,0.0,0.011111111111111112,0.0027397260273972603,0.0045662100456621,67
859,7573,12,12,0.001584576785950086,0.002997000999999999,-2.2485754073335205,0.02453952251748837,0.8414243844213425,0.0,0.0,0.0027397260273972603,0.0009132420091324201,287
860,7573,18,18,0.0023768651789251288,0.002997000999999999,-0.9872544966340097,0.3235178917890641,0.911745891998287,0.0,0.0,0.0,0.0,1230
861,7573,10,10,0.001320480654958405,0.002997000999999999,-2.669015710900024,0.007607389172492951,0.728698274128222,0.0,0.0,0.0,0.0009132420091324201,770
862,7573,17,17,0.002244817113429288,0.002997000999999999,-1.1974746484172616,0.2311216031061841,0.911745891998287,0.0,0.0,0.0,0.0027397260273972603,727
863,7573,21,21,0.00277300937541265,0.002997000999999999,-0.3565940412842544,0.7213957389693066,0.9469004633571909,0.0,0.0,0.0,0.0009132420091324201,620
864,7573,24,24,0.003169153571900172,0.002997000999999999,0.2740664140655014,0.7840335836597541,0.9469004633571909,0.0,0.0,0.0,0.0018264840182648401,725
865,7573,18,18,0.0023768651789251288,0.002997000999999999,-0.9872544966340097,0.3235178917890641,0.911745891998287,0.0,0.0,0.0027397260273972603,0.0018264840182648401,173
866,7573,21,21,0.00277300937541265,0.002997000999999999,-0.3565940412842544,0.7213957389693066,0.9469004633571909,0.0,0.0,0.0,0.0,1409
867,7573,28,28,0.0036973458338835337,0.002997000999999999,1.1149470211985086,0.26487312519086875,0.911745891998287,0.0,0.0,0.0027397260273972603,0.0045662100456621,153
868,7573,23,23,0.0030371055064043312,0.002997000999999999,0.06384626228224947,0.949092641401796,0.949092641401796,0.0,0.0,0.0,0.0027397260273972603,436
869,7573,24,24,0.003169153571900172,0.002997000999999999,0.2740664140655014,0.7840335836597541,0.9469004633571909,0.0,0.0,0.0027397260273972603,0.0018264840182648401,249
870,7573,22,22,0.0029050574409084907,0.002997000999999999,-0.14637388950100247,0.88362623844775,0.949092641401796,0.03333333333333333,0.011111111111111112,0.0027397260273972603,0.0018264840182648401,25
871,7573,16,16,0.0021127690479334476,0.002997000999999999,-1.4076948002005136,0.15922146220758712,0.9030034662706874,0.0,0.0,0.0027397260273972603,0.0027397260273972603,288
872,7573,26,26,0.0034332497028918526,0.002997000999999999,0.6945067176320047,0.4873644894934616,0.9143799052410162,0.0,0.0,0.005479452054794521,0.006392694063926941,169
873,7573,18,18,0.0023768651789251288,0.002997000999999999,-0.9872544966340097,0.3235178917890641,0.911745891998287,0.03333333333333333,0.022222222222222223,0.005479452054794521,0.0045662100456621,5
874,7573,22,22,0.0029050574409084907,0.002997000999999999,-0.14637388950100247,0.88362623844775,0.949092641401796,0.0,0.022222222222222223,0.005479452054794521,0.0018264840182648401,33
875,7573,31,31,0.0040934900303710555,0.002997000999999999,1.7456074765482645,0.08087918219767204,0.8887822219524399,0.06666666666666667,0.022222222222222223,0.005479452054794521,0.006392694063926941,15
876,7573,22,22,0.0029050574409084907,0.002997000999999999,-0.14637388950100247,0.88362623844775,0.949092641401796,0.0,0.0,0.0027397260273972603,0.0027397260273972603,193
877,7573,26,26,0.0034332497028918526,0.002997000999999999,0.6945067176320047,0.4873644894934616,0.9143799052410162,0.0,0.0,0.005479452054794521,0.0036529680365296802,179
878,7573,25,25,0.003301201637396012,0.002997000999999999,0.4842865658487527,0.6281825087498826,0.9334064023029459,0.0,0.011111111111111112,0.0027397260273972603,0.0027397260273972603,34
879,7573,29,29,0.0038293938993793743,0.002997000999999999,1.3251671729817605,0.18511571058549092,0.9030034662706874,0.0,0.011111111111111112,0.00821917808219178,0.0036529680365296802,80
880,7573,20,20,0.00264096130991681,0.002997000999999999,-0.5668141930675057,0.5708404266777634,0.9334064023029459,0.0,0.0,0.0027397260273972603,0.0045662100456621,176
881,7573,28,28,0.0036973458338835337,0.002997000999999999,1.1149470211985086,0.26487312519086875,0.911745891998287,0.0,0.011111111111111112,0.0027397260273972603,0.0036529680365296802,77
882,7573,25,25,0.003301201637396012,0.002997000999999999,0.4842865658487527,0.6281825087498826,0.9334064023029459,0.0,0.0,0.0,0.0018264840182648401,436
883,7573,20,20,0.00264096130991681,0.002997000999999999,-0.5668141930675057,0.5708404266777634,0.9334064023029459,0.0,0.0,0.0027397260273972603,0.0036529680365296802,240
884,7573,18,18,0.0023768651789251288,0.002997000999999999,-0.9872544966340097,0.3235178917890641,0.911745891998287,0.0,0.011111111111111112,0.0027397260273972603,0.0027397260273972603,59
885,7573,20,20,0.00264096130991681,0.002997000999999999,-0.5668141930675057,0.5708404266777634,0.9334064023029459,0.0,0.0,0.0027397260273972603,0.0027397260273972603,213
886,7573,20,20,0.00264096130991681,0.002997000999999999,-0.5668141930675057,0.5708404266777634,0.9334064023029459,0.0,0.0,0.0,0.005479452054794521,393
887,7573,26,26,0.0034332497028918526,0.002997000999999999,0.6945067176320047,0.4873644894934616,0.9143799052410162,0.0,0.0,0.00821917808219178,0.005479452054794521,117
888,7573,24,24,0.003169153571900172,0.002997000999999999,0.2740664140655014,0.7840335836597541,0.9469004633571909,0.0,0.0,0.005479452054794521,0.0036529680365296802,100
889,7573,23,23,0.0030371055064043312,0.002997000999999999,0.06384626228224947,0.949092641401796,0.949092641401796,0.0,0.011111111111111112,0.0027397260273972603,0.0045662100456621,83
890,7573,24,24,0.003169153571900172,0.002997000999999999,0.2740664140655014,0.7840335836597541,0.9469004633571909,0.0,0.0,0.0027397260273972603,0.0027397260273972603,217
891,7573,25,25,0.003301201637396012,0.002997000999999999,0.4842865658487527,0.6281825087498826,0.9334064023029459,0.0,0.0,0.0,0.0018264840182648401,590
892,7573,18,18,0.0023768651789251288,0.002997000999999999,-0.9872544966340097,0.3235178917890641,0.911745891998287,0.0,0.0,0.0,0.0027397260273972603,726
893,7573,22,22,0.0029050574409084907,0.002997000999999999,-0.14637388950100247,0.88362623844775,0.949092641401796,0.0,0.011111111111111112,0.0027397260273972603,0.0009132420091324201,34
894,7573,22,22,0.0029050574409084907,0.002997000999999999,-0.14637388950100247,0.88362623844775,0.949092641401796,0.0,0.0,0.0,0.0,1303
895,7573,29,29,0.0038293938993793743,0.002997000999999999,1.3251671729817605,0.18511571058549092,0.9030034662706874,0.0,0.0,0.005479452054794521,0.0045662100456621,214
896,7573,25,25,0.003301201637396012,0.002997000999999999,0.4842865658487527,0.6281825087498826,0.9334064023029459,0.0,0.0,0.0027397260273972603,0.0009132420091324201,114
897,7573,18,18,0.0023768651789251288,0.002997000999999999,-0.9872544966340097,0.3235178917890641,0.911745891998287,0.0,0.011111111111111112,0.0027397260273972603,0.0027397260273972603,31
898,7573,28,28,0.0036973458338835337,0.002997000999999999,1.1149470211985086,0.26487312519086875,0.911745891998287,0.0,0.0,0.005479452054794521,0.006392694063926941,159
899,7573,22,22,0.0029050574409084907,0.002997000999999999,-0.14637388950100247,0.88362623844775,0.949092641401796,0.0,0.0,0.0,0.0027397260273972603,889
900,7573,20,20,0.00264096130991681,0.002997000999999999,-0.5668141930675057,0.5708404266777634,0.9334064023029459,0.0,0.0,0.0,0.0009132420091324201,475
901,7573,20,20,0.00264096130991681,0.002997000999999999,-0.5668141930675057,0.5708404266777634,0.9334064023029459,0.0,0.0,0.0,0.0,1191
902,7573,29,29,0.0038293938993793743,0.002997000999999999,1.3251671729817605,0.18511571058549092,0.9030034662706874,0.0,0.0,0.0,0.0027397260273972603,566
903,7573,16,16,0.0021127690479334476,0.002997000999999999,-1.4076948002005136,0.15922146220758712,0.9030034662706874,0.03333333333333333,0.011111111111111112,0.0027397260273972603,0.0027397260273972603,11
904,7573,31,31,0.0040934900303710555,0.002997000999999999,1.7456074765482645,0.08087918219767204,0.8887822219524399,0.0,0.0,0.005479452054794521,0.0036529680365296802,222
905,7573,20,20,0.00264096130991681,0.002997000999999999,-0.5668141930675057,0.5708404266777634,0.9334064023029459,0.0,0.0,0.0,0.0,1294
906,7573,34,34,0.004489634226858576,0.002997000999999999,2.376267931898019,0.017488758579077328,0.728698274128222,0.0,0.0,0.00821917808219178,0.006392694063926941,104
907,7573,23,23,0.0030371055064043312,0.002997000999999999,0.06384626228224947,0.949092641401796,0.949092641401796,0.03333333333333333,0.011111111111111112,0.010958904109589041,0.0045662100456621,25
908,7573,20,20,0.00264096130991681,0.002997000999999999,-0.5668141930675057,0.5708404266777634,0.9334064023029459,0.0,0.0,0.0,0.0018264840182648401,565
909,7573,27,27,0.003565297768387693,0.002997000999999999,0.9047268694152566,0.3656101026913131,0.911745891998287,0.0,0.0,0.0,0.0027397260273972603,725
910,7573,26,26,0.0034332497028918526,0.002997000999999999,0.6945067176320047,0.4873644894934616,0.9143799052410162,0.0,0.0,0.0,0.0018264840182648401,643
911,7573,20,20,0.00264096130991681,0.002997000999999999,-0.5668141930675057,0.5708404266777634,0.9334064023029459,0.06666666666666667,0.022222222222222223,0.005479452054794521,0.0036529680365296802,7
912,7573,19,19,0.0025089132444209693,0.002997000999999999,-0.7770343448507576,0.43713850760726836,0.9143799052410162,0.0,0.0,0.0,0.0027397260273972603,649
913,7573,30,30,0.003961441964875215,0.002997000999999999,1.5353873247650125,0.12468871534887581,0.9030034662706874,0.0,0.0,0.0027397260273972603,0.0045662100456621,196
914,7573,27,27,0.003565297768387693,0.002997000999999999,0.9047268694152566,0.3656101026913131,0.911745891998287,0.0,0.0,0.0,0.0027397260273972603,430
915,7573,32,32,0.004225538095866895,0.002997000999999999,1.955827628331515,0.050485463065280546,0.8414243844213425,0.0,0.0,0.0027397260273972603,0.0036529680365296802,228
916,7573,17,17,0.002244817113429288,0.002997000999999999,-1.1974746484172616,0.2311216031061841,0.911745891998287,0.0,0.0,0.005479452054794521,0.0027397260273972603,195
917,7573,28,28,0.0036973458338835337,0.002997000999999999,1.1149470211985086,0.26487312519086875,0.911745891998287,0.0,0.0,0.0027397260273972603,0.0036529680365296802,321
918,7573,19,19,0.0025089132444209693,0.002997000999999999,-0.7770343448507576,0.43713850760726836,0.9143799052410162,0.0,0.0,0.0,0.0,1651
919,7573,32,32,0.004225538095866895,0.002997000999999999,1.955827628331515,0.050485463065280546,0.8414243844213425,0.0,0.0,0.0,0.0045662100456621,460
920,7573,21,21,0.00277300937541265,0.002997000999999999,-0.3565940412842544,0.7213957389693066,0.9469004633571909,0.03333333333333333,0.011111111111111112,0.0027397260273972603,0.0045662100456621,10
921,7573,24,24,0.003169153571900172,0.002997000999999999,0.2740664140655014,0.7840335836597541,0.9469004633571909,0.0,0.0,0.0,0.006392694063926941,518
922,7573,25,25,0.003301201637396012,0.002997000999999999,0.4842865658487527,0.6281825087498826,0.9334064023029459,0.0,0.0,0.0,0.0009132420091324201,469
923,7573,19,19,0.0025089132444209693,0.002997000999999999,-0.7770343448507576,0.43713850760726836,0.9143799052410162,0.0,0.0,0.0027397260273972603,0.0027397260273972603,327
924,7573,30,30,0.003961441964875215,0.002997000999999999,1.5353873247650125,0.12468871534887581,0.9030034662706874,0.0,0.0,0.0,0.0018264840182648401,1069
925,7573,15,15,0.0019807209824376074,0.002997000999999999,-1.6179149519837648,0.10568092752586929,0.9030034662706874,0.0,0.0,0.0,0.0009132420091324201,540
926,7573,28,28,0.0036973458338835337,0.002997000999999999,1.1149470211985086,0.26487312519086875,0.911745891998287,0.0,0.0,0.0027397260273972603,0.0036529680365296802,333
927,7573,27,27,0.003565297768387693,0.002997000999999999,0.9047268694152566,0.3656101026913131,0.911745891998287,0.0,0.0,0.00821917808219178,0.0036529680365296802,108
928,7573,24,24,0.003169153571900172,0.002997000999999999,0.2740664140655014,0.7840335836597541,0.9469004633571909,0.0,0.011111111111111112,0.005479452054794521,0.0027397260273972603,50
929,7573,19,19,0.0025089132444209693,0.002997000999999999,-0.7770343448507576,0.43713850760726836,0.9143799052410162,0.0,0.0,0.0,0.0009132420091324201,598
930,7573,22,22,0.0029050574409084907,0.002997000999999999,-0.14637388950100247,0.88362623844775,0.949092641401796,0.0,0.011111111111111112,0.0027397260273972603,0.0036529680365296802,74
931,7573,23,23,0.0030371055064043312,0.002997000999999999,0.06384626228224947,0.949092641401796,0.949092641401796,0.0,0.0,0.0027397260273972603,0.0027397260273972603,112
932,7573,26,26,0.0034332497028918526,0.002997000999999999,0.6945067176320047,0.4873644894934616,0.9143799052410162,0.0,0.011111111111111112,0.005479452054794521,0.0073059360730593605,58
933,7573,23,23,0.0030371055064043312,0.002997000999999999,0.06384626228224947,0.949092641401796,0.949092641401796,0.0,0.0,0.0027397260273972603,0.0036529680365296802,179
934,7573,23,23,0.0030371055064043312,0.002997000999999999,0.06384626228224947,0.949092641401796,0.949092641401796,0.03333333333333333,0.011111111111111112,0.00821917808219178,0.006392694063926941,17
935,7573,20,20,0.00264096130991681,0.002997000999999999,-0.5668141930675057,0.5708404266777634,0.9334064023029459,0.0,0.0,0.0,0.0036529680365296802,544
936,7573,20,20,0.00264096130991681,0.002997000999999999,-0.5668141930675057,0.5708404266777634,0.9334064023029459,0.0,0.0,0.0027397260273972603,0.0036529680365296802,225
937,7573,24,24,0.003169153571900172,0.002997000999999999,0.2740664140655014,0.7840335836597541,0.9469004633571909,0.0,0.0,0.0,0.0036529680365296802,401
938,7573,29,29,0.0038293938993793743,0.002997000999999999,1.3251671729817605,0.18511571058549092,0.9030034662706874,0.0,0.011111111111111112,0.00821917808219178,0.006392694063926941,49
939,7573,25,25,0.003301201637396012,0.002997000999999999,0.4842865658487527,0.6281825087498826,0.9334064023029459,0.0,0.011111111111111112,0.0027397260273972603,0.0027397260273972603,35
940,7573,30,30,0.003961441964875215,0.002997000999999999,1.5353873247650125,0.12468871534887581,0.9030034662706874,0.0,0.0,0.005479452054794521,0.006392694063926941,248
941,7573,18,18,0.0023768651789251288,0.002997000999999999,-0.9872544966340097,0.3235178917890641,0.911745891998287,0.0,0.0,0.0027397260273972603,0.0009132420091324201,139
942,7573,22,22,0.0029050574409084907,0.002997000999999999,-0.14637388950100247,0.88362623844775,0.949092641401796,0.0,0.0,0.0,0.0036529680365296802,395
943,7573,28,28,0.0036973458338835337,0.002997000999999999,1.1149470211985086,0.26487312519086875,0.911745891998287,0.0,0.011111111111111112,0.005479452054794521,0.0027397260273972603,61
944,7573,25,25,0.003301201637396012,0.002997000999999999,0.4842865658487527,0.6281825087498826,0.9334064023029459,0.0,0.0,0.0,0.0018264840182648401,956
945,7573,29,29,0.0038293938993793743,0.002997000999999999,1.3251671729817605,0.18511571058549092,0.9030034662706874,0.0,0.0,0.005479452054794521,0.0045662100456621,121
946,7573,25,25,0.003301201637396012,0.002997000999999999,0.4842865658487527,0.6281825087498826,0.9334064023029459,0.0,0.011111111111111112,0.005479452054794521,0.0036529680365296802,78
947,7573,23,23,0.0030371055064043312,0.002997000999999999,0.06384626228224947,0.949092641401796,0.949092641401796,0.0,0.0,0.0,0.0027397260273972603,471
948,7573,20,20,0.00264096130991681,0.002997000999999999,-0.5668141930675057,0.5708404266777634,0.9334064023029459,0.0,0.0,0.0027397260273972603,0.0027397260273972603,141
949,7573,25,25,0.003301201637396012,0.002997000999999999,0.4842865658487527,0.6281825087498826,0.9334064023029459,0.0,0.011111111111111112,0.0027397260273972603,0.0036529680365296802,56
950,7573,22,22,0.0029050574409084907,0.002997000999999999,-0.14637388950100247,0.88362623844775,0.949092641401796,0.0,0.0,0.0,0.0009132420091324201,875
951,7573,19,19,0.0025089132444209693,0.002997000999999999,-0.7770343448507576,0.43713850760726836,0.9143799052410162,0.0,0.0,0.0,0.0009132420091324201,955
952,7573,28,28,0.0036973458338835337,0.002997000999999999,1.1149470211985086,0.26487312519086875,0.911745891998287,0.0,0.0,0.0027397260273972603,0.0018264840182648401,195
953,7573,22,22,0.0029050574409084907,0.002997000999999999,-0.14637388950100247,0.88362623844775,0.949092641401796,0.0,0.0,0.0027397260273972603,0.0045662100456621,147
954,7573,24,24,0.003169153571900172,0.002997000999999999,0.2740664140655014,0.7840335836597541,0.9469004633571909,0.0,0.011111111111111112,0.0027397260273972603,0.0045662100456621,47
955,7573,28,28,0.0036973458338835337,0.002997000999999999,1.1149470211985086,0.26487312519086875,0.911745891998287,0.0,0.0,0.0,0.0027397260273972603,426
956,7573,21,21,0.00277300937541265,0.002997000999999999,-0.3565940412842544,0.7213957389693066,0.9469004633571909,0.03333333333333333,0.011111111111111112,0.0027397260273972603,0.0036529680365296802,20
957,7573,24,24,0.003169153571900172,0.002997000999999999,0.2740664140655014,0.7840335836597541,0.9469004633571909,0.0,0.0,0.005479452054794521,0.0045662100456621,256
958,7573,24,24,0.003169153571900172,0.002997000999999999,0.2740664140655014,0.7840335836597541,0.9469004633571909,0.0,0.0,0.0,0.0009132420091324201,600
959,7573,18,18,0.0023768651789251288,0.002997000999999999,-0.9872544966340097,0.3235178917890641,0.911745891998287,0.0,0.0,0.0,0.0018264840182648401,831
960,7573,18,18,0.0023768651789251288,0.002997000999999999,-0.9872544966340097,0.3235178917890641,0.911745891998287,0.0,0.0,0.00821917808219178,0.0036529680365296802,155
961,7573,28,28,0.0036973458338835337,0.002997000999999999,1.1149470211985086,0.26487312519086875,0.911745891998287,0.0,0.0,0.0,0.0,1273
962,7573,32,32,0.004225538095866895,0.002997000999999999,1.955827628331515,0.050485463065280546,0.8414243844213425,0.0,0.0,0.0027397260273972603,0.0018264840182648401,290
963,7573,27,27,0.003565297768387693,0.002997000999999999,0.9047268694152566,0.3656101026913131,0.911745891998287,0.0,0.0,0.0,0.0036529680365296802,431
964,7573,21,21,0.00277300937541265,0.002997000999999999,-0.3565940412842544,0.7213957389693066,0.9469004633571909,0.0,0.011111111111111112,0.010958904109589041,0.0036529680365296802,49
965,7573,25,25,0.003301201637396012,0.002997000999999999,0.4842865658487527,0.6281825087498826,0.9334064023029459,0.03333333333333333,0.011111111111111112,0.005479452054794521,0.0036529680365296802,14
966,7573,19,19,0.0025089132444209693,0.002997000999999999,-0.7770343448507576,0.43713850760726836,0.9143799052410162,0.0,0.0,0.0027397260273972603,0.0045662100456621,353
967,7573,28,28,0.0036973458338835337,0.002997000999999999,1.1149470211985086,0.26487312519086875,0.911745891998287,0.0,0.011111111111111112,0.005479452054794521,0.0045662100456621,41
968,7573,17,17,0.002244817113429288,0.002997000999999999,-1.1974746484172616,0.2311216031061841,0.911745891998287,0.0,0.011111111111111112,0.00821917808219178,0.0036529680365296802,74
969,7573,26,26,0.0034332497028918526,0.002997000999999999,0.6945067176320047,0.4873644894934616,0.9143799052410162,0.0,0.0,0.0027397260273972603,0.0018264840182648401,346
970,7573,28,28,0.0036973458338835337,0.002997000999999999,1.1149470211985086,0.26487312519086875,0.911745891998287,0.03333333333333333,0.011111111111111112,0.0027397260273972603,0.006392694063926941,10
971,7573,21,21,0.00277300937541265,0.002997000999999999,-0.3565940412842544,0.7213957389693066,0.9469004633571909,0.0,0.0,0.005479452054794521,0.0027397260273972603,152
972,7573,25,25,0.003301201637396012,0.002997000999999999,0.4842865658487527,0.6281825087498826,0.9334064023029459,0.0,0.011111111111111112,0.005479452054794521,0.0018264840182648401,76
973,7573,27,27,0.003565297768387693,0.002997000999999999,0.9047268694152566,0.3656101026913131,0.911745891998287,0.0,0.0,0.0,0.0036529680365296802,509
974,7573,20,20,0.00264096130991681,0.002997000999999999,-0.5668141930675057,0.5708404266777634,0.9334064023029459,0.0,0.0,0.005479452054794521,0.0027397260273972603,138
975,7573,23,23,0.0030371055064043312,0.002997000999999999,0.06384626228224947,0.949092641401796,0.949092641401796,0.0,0.0,0.005479452054794521,0.0036529680365296802,143
976,7573,25,25,0.003301201637396012,0.002997000999999999,0.4842865658487527,0.6281825087498826,0.9334064023029459,0.0,0.011111111111111112,0.0027397260273972603,0.0018264840182648401,72
977,7573,17,17,0.002244817113429288,0.002997000999999999,-1.1974746484172616,0.2311216031061841,0.911745891998287,0.0,0.0,0.0,0.0,1715
978,7573,24,24,0.003169153571900172,0.002997000999999999,0.2740664140655014,0.7840335836597541,0.9469004633571909,0.0,0.0,0.0027397260273972603,0.0036529680365296802,259
979,7573,21,21,0.00277300937541265,0.002997000999999999,-0.3565940412842544,0.7213957389693066,0.9469004633571909,0.0,0.0,0.0,0.0,1224
980,7573,22,22,0.0029050574409084907,0.002997000999999999,-0.14637388950100247,0.88362623844775,0.949092641401796,0.0,0.0,0.0027397260273972603,0.0027397260273972603,184
981,7573,15,15,0.0019807209824376074,0.002997000999999999,-1.6179149519837648,0.10568092752586929,0.9030034662706874,0.0,0.0,0.0,0.0027397260273972603,486
982,7573,17,17,0.002244817113429288,0.002997000999999999,-1.1974746484172616,0.2311216031061841,0.911745891998287,0.0,0.011111111111111112,0.0027397260273972603,0.0027397260273972603,54
983,7573,18,18,0.0023768651789251288,0.002997000999999999,-0.9872544966340097,0.3235178917890641,0.911745891998287,0.0,0.0,0.0027397260273972603,0.0027397260273972603,326
984,7573,25,25,0.003301201637396012,0.002997000999999999,0.4842865658487527,0.6281825087498826,0.9334064023029459,0.0,0.0,0.005479452054794521,0.0036529680365296802,115
985,7573,25,25,0.003301201637396012,0.002997000999999999,0.4842865658487527,0.6281825087498826,0.9334064023029459,0.0,0.0,0.0027397260273972603,0.0027397260273972603,359
986,7573,21,21,0.00277300937541265,0.002997000999999999,-0.3565940412842544,0.7213957389693066,0.9469004633571909,0.0,0.0,0.0,0.0027397260273972603,439
987,7573,20,20,0.00264096130991681,0.002997000999999999,-0.5668141930675057,0.5708404266777634,0.9334064023029459,0.0,0.0,0.0,0.0009132420091324201,365
988,7573,25,25,0.003301201637396012,0.002997000999999999,0.4842865658487527,0.6281825087498826,0.9334064023029459,0.03333333333333333,0.011111111111111112,0.005479452054794521,0.0027397260273972603,21
989,7573,31,31,0.0040934900303710555,0.002997000999999999,1.7456074765482645,0.08087918219767204,0.8887822219524399,0.0,0.0,0.005479452054794521,0.005479452054794521,185
990,7573,24,24,0.003169153571900172,0.002997000999999999,0.2740664140655014,0.7840335836597541,0.9469004633571909,0.0,0.0,0.00821917808219178,0.0073059360730593605,91
991,7573,20,20,0.00264096130991681,0.002997000999999999,-0.5668141930675057,0.5708404266777634,0.9334064023029459,0.0,0.0,0.0027397260273972603,0.0009132420091324201,170
992,7573,21,21,0.00277300937541265,0.002997000999999999,-0.3565940412842544,0.7213957389693066,0.9469004633571909,0.0,0.0,0.0,0.0018264840182648401,409
993,7573,24,24,0.003169153571900172,0.002997000999999999,0.2740664140655014,0.7840335836597541,0.9469004633571909,0.0,0.0,0.005479452054794521,0.0036529680365296802,245
994,7573,22,22,0.0029050574409084907,0.002997000999999999,-0.14637388950100247,0.88362623844775,0.949092641401796,0.0,0.0,0.0,0.0027397260273972603,580
995,7573,34,34,0.004489634226858576,0.002997000999999999,2.376267931898019,0.017488758579077328,0.728698274128222,0.0,0.0,0.0,0.005479452054794521,463
996,7573,21,21,0.00277300937541265,0.002997000999999999,-0.3565940412842544,0.7213957389693066,0.9469004633571909,0.0,0.0,0.0027397260273972603,0.0036529680365296802,293
997,7573,28,28,0.0036973458338835337,0.002997000999999999,1.1149470211985086,0.26487312519086875,0.911745891998287,0.0,0.0,0.0027397260273972603,0.0045662100456621,201
998,7573,24,24,0.003169153571900172,0.002997000999999999,0.2740664140655014,0.7840335836597541,0.9469004633571909,0.03333333333333333,0.011111111111111112,0.005479452054794521,0.0045662100456621,22
999,7573,21,21,0.00277300937541265,0.002997000999999999,-0.3565940412842544,0.7213957389693066,0.9469004633571909,0.0,0.0,0.0,0.0027397260273972603,565
