number,probability,raw_model_probability,long_rate,short_rate,recent_long_rate,weekday_rate,gap_signal
000,0.002997000999999999,0.0033773579929399894,0.0033773579929399894,0.0014985004999999996,0.0028683635136986293,0.004464027972602739,0.0031354378133150677
001,0.002997000999999999,0.002873071558245083,0.002873071558245083,0.0014985004999999996,0.0028683635136986293,0.001724301945205479,0.0029984789730958896
002,0.002997000999999999,0.0018644986888552695,0.0018644986888552695,0.0014985004999999996,0.0014985004999999996,0.001724301945205479,0.003176821059999999
003,0.002997000999999999,0.002368785123550176,0.002368785123550176,0.0014985004999999996,0.0028683635136986293,0.004464027972602739,0.0030428181659726016
004,0.002997000999999999,0.002368785123550176,0.002368785123550176,0.0014985004999999996,0.0014985004999999996,0.001724301945205479,0.003176821059999999
005,0.002997000999999999,0.0033773579929399894,0.0033773579929399894,0.0014985004999999996,0.00423822652739726,0.001724301945205479,0.003104893035999999
006,0.002997000999999999,0.002873071558245083,0.002873071558245083,0.005665167166666666,0.00560808954109589,0.001724301945205479,0.0029186684259178072
007,0.002997000999999999,0.002368785123550176,0.002368785123550176,0.0014985004999999996,0.0028683635136986293,0.004464027972602739,0.0029610369879999993
008,0.002997000999999999,0.0018644986888552695,0.0018644986888552695,0.0014985004999999996,0.0014985004999999996,0.001724301945205479,0.003176821059999999
009,0.002997000999999999,0.0033773579929399894,0.0033773579929399894,0.009831833833333333,0.00423822652739726,0.001724301945205479,0.00281915157079452
010,0.002997000999999999,0.0033773579929399894,0.0033773579929399894,0.005665167166666666,0.00560808954109589,0.004464027972602739,0.002827034093972602
011,0.002997000999999999,0.0033773579929399894,0.0033773579929399894,0.005665167166666666,0.0028683635136986293,0.001724301945205479,0.002867432025260273
012,0.002997000999999999,0.0033773579929399894,0.0033773579929399894,0.009831833833333333,0.00560808954109589,0.004464027972602739,0.002884182387013698
013,0.002997000999999999,0.0038816444276348963,0.0038816444276348963,0.0014985004999999996,0.0028683635136986293,0.007203754,0.0030674510509041087
014,0.002997000999999999,0.004385930862329803,0.004385930862329803,0.0014985004999999996,0.0028683635136986293,0.004464027972602739,0.003064495104712328
015,0.002997000999999999,0.0018644986888552695,0.0018644986888552695,0.0014985004999999996,0.0014985004999999996,0.001724301945205479,0.003176821059999999
016,0.002997000999999999,0.0038816444276348963,0.0038816444276348963,0.005665167166666666,0.0028683635136986293,0.001724301945205479,0.002906844641150684
017,0.002997000999999999,0.002873071558245083,0.002873071558245083,0.0014985004999999996,0.0014985004999999996,0.001724301945205479,0.003176821059999999
018,0.002997000999999999,0.0018644986888552695,0.0018644986888552695,0.0014985004999999996,0.0014985004999999996,0.001724301945205479,0.003176821059999999
019,0.002997000999999999,0.0018644986888552695,0.0018644986888552695,0.0014985004999999996,0.0014985004999999996,0.004464027972602739,0.003176821059999999
020,0.002997000999999999,0.002368785123550176,0.002368785123550176,0.005665167166666666,0.0028683635136986293,0.001724301945205479,0.0028615201328767116
021,0.002997000999999999,0.004385930862329803,0.004385930862329803,0.009831833833333333,0.00697795255479452,0.001724301945205479,0.00285560824049315
022,0.002997000999999999,0.0033773579929399894,0.0033773579929399894,0.005665167166666666,0.00423822652739726,0.001724301945205479,0.0028398431941369854
023,0.002997000999999999,0.0033773579929399894,0.0033773579929399894,0.005665167166666666,0.0028683635136986293,0.004464027972602739,0.0028625054482739718
024,0.002997000999999999,0.0018644986888552695,0.0018644986888552695,0.0014985004999999996,0.0014985004999999996,0.004464027972602739,0.003176821059999999
025,0.002997000999999999,0.002368785123550176,0.002368785123550176,0.005665167166666666,0.0028683635136986293,0.001724301945205479,0.0028831970716164377
026,0.002997000999999999,0.002368785123550176,0.002368785123550176,0.0014985004999999996,0.0014985004999999996,0.004464027972602739,0.003176821059999999
027,0.002997000999999999,0.002368785123550176,0.002368785123550176,0.0014985004999999996,0.0014985004999999996,0.004464027972602739,0.003176821059999999
028,0.002997000999999999,0.002368785123550176,0.002368785123550176,0.0014985004999999996,0.0014985004999999996,0.001724301945205479,0.003176821059999999
029,0.002997000999999999,0.002368785123550176,0.002368785123550176,0.0014985004999999996,0.0028683635136986293,0.001724301945205479,0.00300044960389041
030,0.002997000999999999,0.0033773579929399894,0.0033773579929399894,0.0014985004999999996,0.0014985004999999996,0.001724301945205479,0.003176821059999999
031,0.002997000999999999,0.004890217297024709,0.004890217297024709,0.009831833833333333,0.00423822652739726,0.004464027972602739,0.002863490763671232
032,0.002997000999999999,0.0018644986888552695,0.0018644986888552695,0.0014985004999999996,0.0028683635136986293,0.001724301945205479,0.003116716820767122
033,0.002997000999999999,0.002368785123550176,0.002368785123550176,0.0014985004999999996,0.0014985004999999996,0.004464027972602739,0.003176821059999999
034,0.002997000999999999,0.004890217297024709,0.004890217297024709,0.005665167166666666,0.00697795255479452,0.007203754,0.002885167702410958
035,0.002997000999999999,0.0033773579929399894,0.0033773579929399894,0.0014985004999999996,0.0014985004999999996,0.004464027972602739,0.003176821059999999
036,0.002997000999999999,0.002873071558245083,0.002873071558245083,0.005665167166666666,0.00423822652739726,0.001724301945205479,0.0029304922106849307
037,0.002997000999999999,0.0013602122541603626,0.0013602122541603626,0.0014985004999999996,0.0014985004999999996,0.001724301945205479,0.003176821059999999
038,0.002997000999999999,0.002873071558245083,0.002873071558245083,0.005665167166666666,0.0028683635136986293,0.007203754,0.0029265509490958895
039,0.002997000999999999,0.0018644986888552695,0.0018644986888552695,0.0014985004999999996,0.0028683635136986293,0.001724301945205479,0.0031689385368219173
040,0.002997000999999999,0.002368785123550176,0.002368785123550176,0.005665167166666666,0.00423822652739726,0.001724301945205479,0.002863490763671232
041,0.002997000999999999,0.002368785123550176,0.002368785123550176,0.0014985004999999996,0.0028683635136986293,0.001724301945205479,0.003028038435013698
042,0.002997000999999999,0.002873071558245083,0.002873071558245083,0.0014985004999999996,0.0014985004999999996,0.004464027972602739,0.003176821059999999
043,0.002997000999999999,0.002873071558245083,0.002873071558245083,0.0014985004999999996,0.0028683635136986293,0.004464027972602739,0.002988625819123287
044,0.002997000999999999,0.002873071558245083,0.002873071558245083,0.0014985004999999996,0.0028683635136986293,0.004464027972602739,0.003039862219780821
045,0.002997000999999999,0.0033773579929399894,0.0033773579929399894,0.0014985004999999996,0.0028683635136986293,0.001724301945205479,0.0029423159954520537
046,0.002997000999999999,0.002368785123550176,0.002368785123550176,0.0014985004999999996,0.0028683635136986293,0.004464027972602739,0.003131496551726027
047,0.002997000999999999,0.0038816444276348963,0.0038816444276348963,0.0014985004999999996,0.0028683635136986293,0.001724301945205479,0.0031265699747397247
048,0.002997000999999999,0.0013602122541603626,0.0013602122541603626,0.0014985004999999996,0.0014985004999999996,0.001724301945205479,0.003176821059999999
049,0.002997000999999999,0.004890217297024709,0.004890217297024709,0.0014985004999999996,0.00423822652739726,0.012683206054794519,0.0030024202346849303
050,0.002997000999999999,0.0018644986888552695,0.0018644986888552695,0.0014985004999999996,0.0014985004999999996,0.001724301945205479,0.003176821059999999
051,0.002997000999999999,0.0038816444276348963,0.0038816444276348963,0.0014985004999999996,0.00423822652739726,0.001724301945205479,0.0029511838340273966
052,0.002997000999999999,0.0033773579929399894,0.0033773579929399894,0.005665167166666666,0.00423822652739726,0.004464027972602739,0.002828019409369862
053,0.002997000999999999,0.004890217297024709,0.004890217297024709,0.005665167166666666,0.0028683635136986293,0.004464027972602739,0.0028516669789041085
054,0.002997000999999999,0.002873071558245083,0.002873071558245083,0.0014985004999999996,0.00423822652739726,0.001724301945205479,0.0029945377115068485
055,0.002997000999999999,0.004385930862329803,0.004385930862329803,0.0014985004999999996,0.00423822652739726,0.001724301945205479,0.0029433013108493143
056,0.002997000999999999,0.002873071558245083,0.002873071558245083,0.005665167166666666,0.0028683635136986293,0.001724301945205479,0.0029048740103561634
057,0.002997000999999999,0.0038816444276348963,0.0038816444276348963,0.005665167166666666,0.00423822652739726,0.007203754,0.002836887247945205
058,0.002997000999999999,0.0018644986888552695,0.0018644986888552695,0.0014985004999999996,0.0028683635136986293,0.001724301945205479,0.0029777873497534237
059,0.002997000999999999,0.004385930862329803,0.004385930862329803,0.005665167166666666,0.00560808954109589,0.004464027972602739,0.0028743292330410952
060,0.002997000999999999,0.002368785123550176,0.002368785123550176,0.0014985004999999996,0.0014985004999999996,0.001724301945205479,0.003176821059999999
061,0.002997000999999999,0.0038816444276348963,0.0038816444276348963,0.0014985004999999996,0.00423822652739726,0.007203754,0.002969904826575342
062,0.002997000999999999,0.0038816444276348963,0.0038816444276348963,0.0014985004999999996,0.0028683635136986293,0.007203754,0.002966948880383561
063,0.002997000999999999,0.0038816444276348963,0.0038816444276348963,0.0139985005,0.00560808954109589,0.004464027972602739,0.002848711032712328
064,0.002997000999999999,0.0018644986888552695,0.0018644986888552695,0.0014985004999999996,0.0014985004999999996,0.001724301945205479,0.003176821059999999
065,0.002997000999999999,0.0038816444276348963,0.0038816444276348963,0.0014985004999999996,0.00423822652739726,0.001724301945205479,0.003015229334849314
066,0.002997000999999999,0.002368785123550176,0.002368785123550176,0.0014985004999999996,0.0028683635136986293,0.004464027972602739,0.002981728611342465
067,0.002997000999999999,0.0018644986888552695,0.0018644986888552695,0.0014985004999999996,0.0014985004999999996,0.001724301945205479,0.003176821059999999
068,0.002997000999999999,0.002873071558245083,0.002873071558245083,0.0014985004999999996,0.0014985004999999996,0.004464027972602739,0.003176821059999999
069,0.002997000999999999,0.002368785123550176,0.002368785123550176,0.0014985004999999996,0.0028683635136986293,0.001724301945205479,0.003159085382849314
070,0.002997000999999999,0.0018644986888552695,0.0018644986888552695,0.0014985004999999996,0.0014985004999999996,0.001724301945205479,0.003176821059999999
071,0.002997000999999999,0.0033773579929399894,0.0033773579929399894,0.005665167166666666,0.00423822652739726,0.001724301945205479,0.0029088152719452046
072,0.002997000999999999,0.0018644986888552695,0.0018644986888552695,0.005665167166666666,0.0028683635136986293,0.001724301945205479,0.002867432025260273
073,0.002997000999999999,0.0013602122541603626,0.0013602122541603626,0.0014985004999999996,0.0014985004999999996,0.001724301945205479,0.003176821059999999
074,0.002997000999999999,0.004385930862329803,0.004385930862329803,0.009831833833333333,0.00697795255479452,0.001724301945205479,0.002866446709863013
075,0.002997000999999999,0.004890217297024709,0.004890217297024709,0.0139985005,0.00560808954109589,0.001724301945205479,0.0028240781477808213
076,0.002997000999999999,0.004890217297024709,0.004890217297024709,0.0014985004999999996,0.00423822652739726,0.001724301945205479,0.0029551250956164374
077,0.002997000999999999,0.0013602122541603626,0.0013602122541603626,0.0014985004999999996,0.0014985004999999996,0.001724301945205479,0.003176821059999999
078,0.002997000999999999,0.002873071558245083,0.002873071558245083,0.0014985004999999996,0.0028683635136986293,0.004464027972602739,0.003139379074904109
079,0.002997000999999999,0.0038816444276348963,0.0038816444276348963,0.0014985004999999996,0.0014985004999999996,0.001724301945205479,0.003176821059999999
080,0.002997000999999999,0.0038816444276348963,0.0038816444276348963,0.0139985005,0.00697795255479452,0.001724301945205479,0.0028694026560547935
081,0.002997000999999999,0.002873071558245083,0.002873071558245083,0.005665167166666666,0.00423822652739726,0.001724301945205479,0.0028743292330410952
082,0.002997000999999999,0.002873071558245083,0.002873071558245083,0.0139985005,0.00560808954109589,0.001724301945205479,0.002830975355561643
083,0.002997000999999999,0.0033773579929399894,0.0033773579929399894,0.005665167166666666,0.00423822652739726,0.001724301945205479,0.0028447697711232868
084,0.002997000999999999,0.0018644986888552695,0.0018644986888552695,0.0014985004999999996,0.0014985004999999996,0.001724301945205479,0.003176821059999999
085,0.002997000999999999,0.002368785123550176,0.002368785123550176,0.0014985004999999996,0.0014985004999999996,0.004464027972602739,0.003176821059999999
086,0.002997000999999999,0.0033773579929399894,0.0033773579929399894,0.0014985004999999996,0.0028683635136986293,0.001724301945205479,0.003104893035999999
087,0.002997000999999999,0.004890217297024709,0.004890217297024709,0.005665167166666666,0.00423822652739726,0.004464027972602739,0.002823092832383561
088,0.002997000999999999,0.002873071558245083,0.002873071558245083,0.0014985004999999996,0.0028683635136986293,0.001724301945205479,0.003084201412657533
089,0.002997000999999999,0.002368785123550176,0.002368785123550176,0.0014985004999999996,0.0028683635136986293,0.001724301945205479,0.0031285406055342455
090,0.002997000999999999,0.0018644986888552695,0.0018644986888552695,0.0014985004999999996,0.0028683635136986293,0.001724301945205479,0.0031600706982465743
091,0.002997000999999999,0.0013602122541603626,0.0013602122541603626,0.0014985004999999996,0.0014985004999999996,0.001724301945205479,0.003176821059999999
092,0.002997000999999999,0.004385930862329803,0.004385930862329803,0.005665167166666666,0.00423822652739726,0.001724301945205479,0.002924580318301369
093,0.002997000999999999,0.002873071558245083,0.002873071558245083,0.0014985004999999996,0.0028683635136986293,0.001724301945205479,0.003118687451561643
094,0.002997000999999999,0.002368785123550176,0.002368785123550176,0.0014985004999999996,0.00423822652739726,0.004464027972602739,0.00303690627358904
095,0.002997000999999999,0.004385930862329803,0.004385930862329803,0.005665167166666666,0.00697795255479452,0.001724301945205479,0.002882211756219177
096,0.002997000999999999,0.0033773579929399894,0.0033773579929399894,0.0014985004999999996,0.0014985004999999996,0.001724301945205479,0.003176821059999999
097,0.002997000999999999,0.002368785123550176,0.002368785123550176,0.0014985004999999996,0.00423822652739726,0.004464027972602739,0.002939360049260273
098,0.002997000999999999,0.002873071558245083,0.002873071558245083,0.0014985004999999996,0.0028683635136986293,0.004464027972602739,0.0029482278878356152
099,0.002997000999999999,0.0018644986888552695,0.0018644986888552695,0.0014985004999999996,0.0014985004999999996,0.001724301945205479,0.003176821059999999
100,0.002997000999999999,0.002873071558245083,0.002873071558245083,0.0014985004999999996,0.0014985004999999996,0.004464027972602739,0.003176821059999999
101,0.002997000999999999,0.002873071558245083,0.002873071558245083,0.0014985004999999996,0.0014985004999999996,0.001724301945205479,0.003176821059999999
102,0.002997000999999999,0.004385930862329803,0.004385930862329803,0.0014985004999999996,0.00423822652739726,0.001724301945205479,0.002991581765315068
103,0.002997000999999999,0.0033773579929399894,0.0033773579929399894,0.005665167166666666,0.00423822652739726,0.001724301945205479,0.0028762998638356156
104,0.002997000999999999,0.002873071558245083,0.002873071558245083,0.0014985004999999996,0.0028683635136986293,0.001724301945205479,0.0031472615980821907
105,0.002997000999999999,0.002873071558245083,0.002873071558245083,0.0014985004999999996,0.0014985004999999996,0.001724301945205479,0.003176821059999999
106,0.002997000999999999,0.004385930862329803,0.004385930862329803,0.0014985004999999996,0.0028683635136986293,0.007203754,0.0029403453646575334
107,0.002997000999999999,0.002368785123550176,0.002368785123550176,0.0014985004999999996,0.0028683635136986293,0.001724301945205479,0.003059568527726027
108,0.002997000999999999,0.002873071558245083,0.002873071558245083,0.0014985004999999996,0.00560808954109589,0.001724301945205479,0.0030378915889863003
109,0.002997000999999999,0.002873071558245083,0.002873071558245083,0.0014985004999999996,0.0028683635136986293,0.001724301945205479,0.00307237762789041
110,0.002997000999999999,0.0033773579929399894,0.0033773579929399894,0.0014985004999999996,0.0028683635136986293,0.007203754,0.003123614028547944
111,0.002997000999999999,0.0038816444276348963,0.0038816444276348963,0.005665167166666666,0.00423822652739726,0.001724301945205479,0.0028792558100273966
112,0.002997000999999999,0.0018644986888552695,0.0018644986888552695,0.0014985004999999996,0.0028683635136986293,0.004464027972602739,0.003122628713150684
113,0.002997000999999999,0.002368785123550176,0.002368785123550176,0.005665167166666666,0.0028683635136986293,0.001724301945205479,0.0028802411254246567
114,0.002997000999999999,0.0033773579929399894,0.0033773579929399894,0.005665167166666666,0.0028683635136986293,0.004464027972602739,0.0029186684259178072
115,0.002997000999999999,0.004385930862329803,0.004385930862329803,0.005665167166666666,0.00423822652739726,0.001724301945205479,0.0028359019325479447
116,0.002997000999999999,0.0018644986888552695,0.0018644986888552695,0.0014985004999999996,0.0028683635136986293,0.001724301945205479,0.0029413306800547935
117,0.002997000999999999,0.002873071558245083,0.002873071558245083,0.005665167166666666,0.00560808954109589,0.001724301945205479,0.0028861530178082183
118,0.002997000999999999,0.002368785123550176,0.002368785123550176,0.005665167166666666,0.0028683635136986293,0.004464027972602739,0.002852652294301369
119,0.002997000999999999,0.0038816444276348963,0.0038816444276348963,0.005665167166666666,0.0028683635136986293,0.007203754,0.0028437844557260266
120,0.002997000999999999,0.0033773579929399894,0.0033773579929399894,0.005665167166666666,0.00560808954109589,0.001724301945205479,0.0028585641866849306
121,0.002997000999999999,0.004890217297024709,0.004890217297024709,0.0014985004999999996,0.0028683635136986293,0.004464027972602739,0.003094054566630136
122,0.002997000999999999,0.0033773579929399894,0.0033773579929399894,0.0014985004999999996,0.00423822652739726,0.004464027972602739,0.0030181852810410954
123,0.002997000999999999,0.0013602122541603626,0.0013602122541603626,0.0014985004999999996,0.0014985004999999996,0.001724301945205479,0.003176821059999999
124,0.002997000999999999,0.004385930862329803,0.004385930862329803,0.005665167166666666,0.00560808954109589,0.001724301945205479,0.00292852157989041
125,0.002997000999999999,0.002873071558245083,0.002873071558245083,0.0014985004999999996,0.00423822652739726,0.001724301945205479,0.002969904826575342
126,0.002997000999999999,0.002368785123550176,0.002368785123550176,0.0014985004999999996,0.0028683635136986293,0.001724301945205479,0.003159085382849314
127,0.002997000999999999,0.002368785123550176,0.002368785123550176,0.0014985004999999996,0.0014985004999999996,0.004464027972602739,0.003176821059999999
128,0.002997000999999999,0.0018644986888552695,0.0018644986888552695,0.0014985004999999996,0.0014985004999999996,0.001724301945205479,0.003176821059999999
129,0.002997000999999999,0.0013602122541603626,0.0013602122541603626,0.0014985004999999996,0.0014985004999999996,0.001724301945205479,0.003176821059999999
130,0.002997000999999999,0.0033773579929399894,0.0033773579929399894,0.0014985004999999996,0.00423822652739726,0.001724301945205479,0.0030103027578630127
131,0.002997000999999999,0.0033773579929399894,0.0033773579929399894,0.005665167166666666,0.00423822652739726,0.004464027972602739,0.0029157124797260267
132,0.002997000999999999,0.0038816444276348963,0.0038816444276348963,0.005665167166666666,0.00560808954109589,0.004464027972602739,0.002837872563342465
133,0.002997000999999999,0.0033773579929399894,0.0033773579929399894,0.0014985004999999996,0.00423822652739726,0.004464027972602739,0.003021141227232876
134,0.002997000999999999,0.0018644986888552695,0.0018644986888552695,0.0014985004999999996,0.0014985004999999996,0.001724301945205479,0.003176821059999999
135,0.002997000999999999,0.002368785123550176,0.002368785123550176,0.005665167166666666,0.00423822652739726,0.004464027972602739,0.002919653741315068
136,0.002997000999999999,0.002368785123550176,0.002368785123550176,0.0014985004999999996,0.00423822652739726,0.001724301945205479,0.0031137608745753415
137,0.002997000999999999,0.0018644986888552695,0.0018644986888552695,0.0014985004999999996,0.0014985004999999996,0.004464027972602739,0.003176821059999999
138,0.002997000999999999,0.002873071558245083,0.002873071558245083,0.0014985004999999996,0.0014985004999999996,0.001724301945205479,0.003176821059999999
139,0.002997000999999999,0.0018644986888552695,0.0018644986888552695,0.0014985004999999996,0.0028683635136986293,0.001724301945205479,0.0030733629432876703
140,0.002997000999999999,0.0033773579929399894,0.0033773579929399894,0.005665167166666666,0.00423822652739726,0.004464027972602739,0.0029255656336986294
141,0.002997000999999999,0.0018644986888552695,0.0018644986888552695,0.0014985004999999996,0.0014985004999999996,0.001724301945205479,0.003176821059999999
142,0.002997000999999999,0.0038816444276348963,0.0038816444276348963,0.0014985004999999996,0.0014985004999999996,0.004464027972602739,0.003176821059999999
143,0.002997000999999999,0.002873071558245083,0.002873071558245083,0.0014985004999999996,0.0014985004999999996,0.001724301945205479,0.003176821059999999
144,0.002997000999999999,0.002368785123550176,0.002368785123550176,0.005665167166666666,0.0028683635136986293,0.001724301945205479,0.002828019409369862
145,0.002997000999999999,0.002368785123550176,0.002368785123550176,0.0014985004999999996,0.0014985004999999996,0.001724301945205479,0.003176821059999999
146,0.002997000999999999,0.002368785123550176,0.002368785123550176,0.005665167166666666,0.00423822652739726,0.001724301945205479,0.002920639056712328
147,0.002997000999999999,0.002873071558245083,0.002873071558245083,0.0014985004999999996,0.00423822652739726,0.001724301945205479,0.003057597896931506
148,0.002997000999999999,0.0033773579929399894,0.0033773579929399894,0.0014985004999999996,0.0028683635136986293,0.001724301945205479,0.002984684557534246
149,0.002997000999999999,0.0018644986888552695,0.0018644986888552695,0.0014985004999999996,0.0014985004999999996,0.001724301945205479,0.003176821059999999
150,0.002997000999999999,0.0018644986888552695,0.0018644986888552695,0.0014985004999999996,0.0028683635136986293,0.001724301945205479,0.0030447887967671224
151,0.002997000999999999,0.004890217297024709,0.004890217297024709,0.0014985004999999996,0.00423822652739726,0.007203754,0.003016214650246574
152,0.002997000999999999,0.002368785123550176,0.002368785123550176,0.0014985004999999996,0.0028683635136986293,0.001724301945205479,0.003092083935835616
153,0.002997000999999999,0.002368785123550176,0.002368785123550176,0.0014985004999999996,0.0014985004999999996,0.004464027972602739,0.003176821059999999
154,0.002997000999999999,0.0033773579929399894,0.0033773579929399894,0.0014985004999999996,0.0028683635136986293,0.004464027972602739,0.0031255846593424646
155,0.002997000999999999,0.0033773579929399894,0.0033773579929399894,0.005665167166666666,0.00560808954109589,0.001724301945205479,0.0028861530178082183
156,0.002997000999999999,0.0033773579929399894,0.0033773579929399894,0.0014985004999999996,0.0028683635136986293,0.004464027972602739,0.002969904826575342
157,0.002997000999999999,0.0038816444276348963,0.0038816444276348963,0.0014985004999999996,0.0028683635136986293,0.007203754,0.002974831403561643
158,0.002997000999999999,0.002873071558245083,0.002873071558245083,0.0014985004999999996,0.0014985004999999996,0.004464027972602739,0.003176821059999999
159,0.002997000999999999,0.002873071558245083,0.002873071558245083,0.0014985004999999996,0.0028683635136986293,0.001724301945205479,0.0030891279896438344
160,0.002997000999999999,0.0038816444276348963,0.0038816444276348963,0.005665167166666666,0.00423822652739726,0.001724301945205479,0.0028260487785753416
161,0.002997000999999999,0.0018644986888552695,0.0018644986888552695,0.0014985004999999996,0.0028683635136986293,0.001724301945205479,0.0031265699747397247
162,0.002997000999999999,0.002368785123550176,0.002368785123550176,0.0014985004999999996,0.0028683635136986293,0.001724301945205479,0.003111790243780821
163,0.002997000999999999,0.002873071558245083,0.002873071558245083,0.0014985004999999996,0.0028683635136986293,0.001724301945205479,0.002952169149424657
164,0.002997000999999999,0.002873071558245083,0.002873071558245083,0.005665167166666666,0.0028683635136986293,0.001724301945205479,0.002848711032712328
165,0.002997000999999999,0.0018644986888552695,0.0018644986888552695,0.0014985004999999996,0.0014985004999999996,0.001724301945205479,0.003176821059999999
166,0.002997000999999999,0.004385930862329803,0.004385930862329803,0.0014985004999999996,0.0014985004999999996,0.001724301945205479,0.003176821059999999
167,0.002997000999999999,0.0018644986888552695,0.0018644986888552695,0.0014985004999999996,0.0014985004999999996,0.001724301945205479,0.003176821059999999
168,0.002997000999999999,0.002368785123550176,0.002368785123550176,0.0014985004999999996,0.0028683635136986293,0.004464027972602739,0.002947242572438355
169,0.002997000999999999,0.002873071558245083,0.002873071558245083,0.005665167166666666,0.0028683635136986293,0.001724301945205479,0.0029324628414794515
170,0.002997000999999999,0.0033773579929399894,0.0033773579929399894,0.005665167166666666,0.0028683635136986293,0.001724301945205479,0.0028969914871780815
171,0.002997000999999999,0.0013602122541603626,0.0013602122541603626,0.0014985004999999996,0.0014985004999999996,0.001724301945205479,0.003176821059999999
172,0.002997000999999999,0.0013602122541603626,0.0013602122541603626,0.0014985004999999996,0.0014985004999999996,0.001724301945205479,0.003176821059999999
173,0.002997000999999999,0.0018644986888552695,0.0018644986888552695,0.005665167166666666,0.0028683635136986293,0.001724301945205479,0.0028595495020821912
174,0.002997000999999999,0.0018644986888552695,0.0018644986888552695,0.0014985004999999996,0.0014985004999999996,0.001724301945205479,0.003176821059999999
175,0.002997000999999999,0.002873071558245083,0.002873071558245083,0.005665167166666666,0.0028683635136986293,0.001724301945205479,0.00281915157079452
176,0.002997000999999999,0.002368785123550176,0.002368785123550176,0.0014985004999999996,0.0028683635136986293,0.004464027972602739,0.0030881426742465743
177,0.002997000999999999,0.0038816444276348963,0.0038816444276348963,0.005665167166666666,0.00423822652739726,0.004464027972602739,0.0028546229250958895
178,0.002997000999999999,0.0018644986888552695,0.0018644986888552695,0.0014985004999999996,0.0028683635136986293,0.001724301945205479,0.0031009517744109583
179,0.002997000999999999,0.0038816444276348963,0.0038816444276348963,0.0014985004999999996,0.00560808954109589,0.001724301945205479,0.002935418787671232
180,0.002997000999999999,0.0018644986888552695,0.0018644986888552695,0.005665167166666666,0.0028683635136986293,0.001724301945205479,0.0029235950029041086
181,0.002997000999999999,0.002368785123550176,0.002368785123550176,0.005665167166666666,0.0028683635136986293,0.001724301945205479,0.002873343917643835
182,0.002997000999999999,0.002873071558245083,0.002873071558245083,0.0014985004999999996,0.0014985004999999996,0.001724301945205479,0.003176821059999999
183,0.002997000999999999,0.004385930862329803,0.004385930862329803,0.0014985004999999996,0.0014985004999999996,0.001724301945205479,0.003176821059999999
184,0.002997000999999999,0.002873071558245083,0.002873071558245083,0.0014985004999999996,0.0028683635136986293,0.004464027972602739,0.0031364231287123283
185,0.002997000999999999,0.004890217297024709,0.004890217297024709,0.0014985004999999996,0.00423822652739726,0.004464027972602739,0.0029610369879999993
186,0.002997000999999999,0.004890217297024709,0.004890217297024709,0.009831833833333333,0.00697795255479452,0.004464027972602739,0.0029098005873424647
187,0.002997000999999999,0.0038816444276348963,0.0038816444276348963,0.0014985004999999996,0.0028683635136986293,0.004464027972602739,0.0030773042048767114
188,0.002997000999999999,0.0033773579929399894,0.0033773579929399894,0.009831833833333333,0.00560808954109589,0.004464027972602739,0.0028329459863561633
189,0.002997000999999999,0.004385930862329803,0.004385930862329803,0.005665167166666666,0.00423822652739726,0.004464027972602739,0.002867432025260273
190,0.002997000999999999,0.002873071558245083,0.002873071558245083,0.0014985004999999996,0.0014985004999999996,0.001724301945205479,0.003176821059999999
191,0.002997000999999999,0.0038816444276348963,0.0038816444276348963,0.005665167166666666,0.00423822652739726,0.004464027972602739,0.0029078299565479444
192,0.002997000999999999,0.002873071558245083,0.002873071558245083,0.0014985004999999996,0.0014985004999999996,0.004464027972602739,0.003176821059999999
193,0.002997000999999999,0.002873071558245083,0.002873071558245083,0.0014985004999999996,0.0014985004999999996,0.001724301945205479,0.003176821059999999
194,0.002997000999999999,0.0033773579929399894,0.0033773579929399894,0.0014985004999999996,0.00423822652739726,0.001724301945205479,0.002973846088164383
195,0.002997000999999999,0.005394503731719616,0.005394503731719616,0.0014985004999999996,0.00560808954109589,0.004464027972602739,0.0029905964499178073
196,0.002997000999999999,0.0013602122541603626,0.0013602122541603626,0.0014985004999999996,0.0014985004999999996,0.001724301945205479,0.003176821059999999
197,0.002997000999999999,0.0018644986888552695,0.0018644986888552695,0.0014985004999999996,0.0014985004999999996,0.001724301945205479,0.003176821059999999
198,0.002997000999999999,0.002368785123550176,0.002368785123550176,0.0014985004999999996,0.0014985004999999996,0.004464027972602739,0.003176821059999999
199,0.002997000999999999,0.002368785123550176,0.002368785123550176,0.005665167166666666,0.0028683635136986293,0.001724301945205479,0.002830975355561643
200,0.002997000999999999,0.0038816444276348963,0.0038816444276348963,0.0014985004999999996,0.0028683635136986293,0.001724301945205479,0.0030625244739178074
201,0.002997000999999999,0.002368785123550176,0.002368785123550176,0.0014985004999999996,0.0014985004999999996,0.001724301945205479,0.003176821059999999
202,0.002997000999999999,0.002368785123550176,0.002368785123550176,0.005665167166666666,0.00423822652739726,0.001724301945205479,0.0029324628414794515
203,0.002997000999999999,0.002368785123550176,0.002368785123550176,0.0014985004999999996,0.00423822652739726,0.001724301945205479,0.003050700689150684
204,0.002997000999999999,0.0018644986888552695,0.0018644986888552695,0.0014985004999999996,0.0014985004999999996,0.001724301945205479,0.003176821059999999
205,0.002997000999999999,0.002368785123550176,0.002368785123550176,0.0014985004999999996,0.0028683635136986293,0.001724301945205479,0.0030349356427945198
206,0.002997000999999999,0.002873071558245083,0.002873071558245083,0.0014985004999999996,0.0028683635136986293,0.004464027972602739,0.0030625244739178074
207,0.002997000999999999,0.002368785123550176,0.002368785123550176,0.0014985004999999996,0.0028683635136986293,0.001724301945205479,0.003048730058356163
208,0.002997000999999999,0.002873071558245083,0.002873071558245083,0.0014985004999999996,0.0014985004999999996,0.001724301945205479,0.003176821059999999
209,0.002997000999999999,0.002368785123550176,0.002368785123550176,0.0014985004999999996,0.0014985004999999996,0.001724301945205479,0.003176821059999999
210,0.002997000999999999,0.002368785123550176,0.002368785123550176,0.0014985004999999996,0.0014985004999999996,0.001724301945205479,0.003176821059999999
211,0.002997000999999999,0.0033773579929399894,0.0033773579929399894,0.0014985004999999996,0.0014985004999999996,0.004464027972602739,0.003176821059999999
212,0.002997000999999999,0.002368785123550176,0.002368785123550176,0.0014985004999999996,0.0028683635136986293,0.001724301945205479,0.002992567080712328
213,0.002997000999999999,0.0038816444276348963,0.0038816444276348963,0.005665167166666666,0.00560808954109589,0.004464027972602739,0.0029265509490958895
214,0.002997000999999999,0.002873071558245083,0.002873071558245083,0.0014985004999999996,0.00423822652739726,0.007203754,0.0030231118580273967
215,0.002997000999999999,0.002368785123550176,0.002368785123550176,0.0014985004999999996,0.0028683635136986293,0.001724301945205479,0.0030654804201095884
216,0.002997000999999999,0.0038816444276348963,0.0038816444276348963,0.0014985004999999996,0.0014985004999999996,0.001724301945205479,0.003176821059999999
217,0.002997000999999999,0.002368785123550176,0.002368785123550176,0.005665167166666666,0.0028683635136986293,0.001724301945205479,0.0028940355409863006
218,0.002997000999999999,0.0033773579929399894,0.0033773579929399894,0.005665167166666666,0.00560808954109589,0.004464027972602739,0.0029137418489315063
219,0.002997000999999999,0.002873071558245083,0.002873071558245083,0.0014985004999999996,0.0014985004999999996,0.001724301945205479,0.003176821059999999
220,0.002997000999999999,0.002368785123550176,0.002368785123550176,0.0014985004999999996,0.0028683635136986293,0.001724301945205479,0.002983699242136985
221,0.002997000999999999,0.002368785123550176,0.002368785123550176,0.0014985004999999996,0.0014985004999999996,0.001724301945205479,0.003176821059999999
222,0.002997000999999999,0.002873071558245083,0.002873071558245083,0.005665167166666666,0.0028683635136986293,0.007203754,0.0029127565335342457
223,0.002997000999999999,0.002368785123550176,0.002368785123550176,0.0014985004999999996,0.0014985004999999996,0.004464027972602739,0.003176821059999999
224,0.002997000999999999,0.004385930862329803,0.004385930862329803,0.005665167166666666,0.0028683635136986293,0.001724301945205479,0.0029098005873424647
225,0.002997000999999999,0.002873071558245083,0.002873071558245083,0.0014985004999999996,0.0014985004999999996,0.004464027972602739,0.003176821059999999
226,0.002997000999999999,0.0038816444276348963,0.0038816444276348963,0.005665167166666666,0.00423822652739726,0.004464027972602739,0.0028605348174794514
227,0.002997000999999999,0.002873071558245083,0.002873071558245083,0.0014985004999999996,0.0028683635136986293,0.001724301945205479,0.003153173490465752
228,0.002997000999999999,0.0033773579929399894,0.0033773579929399894,0.0014985004999999996,0.0028683635136986293,0.001724301945205479,0.0029807432959452046
229,0.002997000999999999,0.0013602122541603626,0.0013602122541603626,0.0014985004999999996,0.0014985004999999996,0.001724301945205479,0.003176821059999999
230,0.002997000999999999,0.0038816444276348963,0.0038816444276348963,0.0014985004999999996,0.00423822652739726,0.007203754,0.002981728611342465
231,0.002997000999999999,0.0033773579929399894,0.0033773579929399894,0.005665167166666666,0.00697795255479452,0.001724301945205479,0.0028211222015890403
232,0.002997000999999999,0.002873071558245083,0.002873071558245083,0.005665167166666666,0.00423822652739726,0.001724301945205479,0.0028536376096986293
233,0.002997000999999999,0.002873071558245083,0.002873071558245083,0.0014985004999999996,0.0014985004999999996,0.001724301945205479,0.003176821059999999
234,0.002997000999999999,0.002368785123550176,0.002368785123550176,0.0014985004999999996,0.0028683635136986293,0.004464027972602739,0.0030536566353424645
235,0.002997000999999999,0.002368785123550176,0.002368785123550176,0.0014985004999999996,0.0014985004999999996,0.001724301945205479,0.003176821059999999
236,0.002997000999999999,0.0033773579929399894,0.0033773579929399894,0.0014985004999999996,0.0014985004999999996,0.00994348002739726,0.003176821059999999
237,0.002997000999999999,0.004890217297024709,0.004890217297024709,0.009831833833333333,0.00560808954109589,0.004464027972602739,0.0028221075169863005
238,0.002997000999999999,0.002873071558245083,0.002873071558245083,0.005665167166666666,0.0028683635136986293,0.001724301945205479,0.0029226096875068484
239,0.002997000999999999,0.004890217297024709,0.004890217297024709,0.005665167166666666,0.00560808954109589,0.007203754,0.0028546229250958895
240,0.002997000999999999,0.0038816444276348963,0.0038816444276348963,0.009831833833333333,0.00560808954109589,0.001724301945205479,0.0028723586022465744
241,0.002997000999999999,0.002368785123550176,0.002368785123550176,0.0014985004999999996,0.0028683635136986293,0.001724301945205479,0.003151202859671232
242,0.002997000999999999,0.002873071558245083,0.002873071558245083,0.0014985004999999996,0.0028683635136986293,0.001724301945205479,0.0031108049283835606
243,0.002997000999999999,0.0038816444276348963,0.0038816444276348963,0.009831833833333333,0.00697795255479452,0.004464027972602739,0.0028516669789041085
244,0.002997000999999999,0.002873071558245083,0.002873071558245083,0.009831833833333333,0.00423822652739726,0.001724301945205479,0.0028181662553972598
245,0.002997000999999999,0.0033773579929399894,0.0033773579929399894,0.005665167166666666,0.0028683635136986293,0.001724301945205479,0.002849696348109588
246,0.002997000999999999,0.0033773579929399894,0.0033773579929399894,0.0014985004999999996,0.00423822652739726,0.001724301945205479,0.0029580810418082183
247,0.002997000999999999,0.0033773579929399894,0.0033773579929399894,0.0014985004999999996,0.0028683635136986293,0.004464027972602739,0.0030378915889863003
248,0.002997000999999999,0.002368785123550176,0.002368785123550176,0.0014985004999999996,0.0028683635136986293,0.001724301945205479,0.00303592095819178
249,0.002997000999999999,0.002873071558245083,0.002873071558245083,0.005665167166666666,0.0028683635136986293,0.001724301945205479,0.0028536376096986293
250,0.002997000999999999,0.002873071558245083,0.002873071558245083,0.005665167166666666,0.00423822652739726,0.004464027972602739,0.0028585641866849306
251,0.002997000999999999,0.002873071558245083,0.002873071558245083,0.0014985004999999996,0.00423822652739726,0.001724301945205479,0.003127555290136985
252,0.002997000999999999,0.002873071558245083,0.002873071558245083,0.0014985004999999996,0.00423822652739726,0.001724301945205479,0.002957095726410958
253,0.002997000999999999,0.004890217297024709,0.004890217297024709,0.0014985004999999996,0.00560808954109589,0.004464027972602739,0.002953154464821917
254,0.002997000999999999,0.002873071558245083,0.002873071558245083,0.0014985004999999996,0.0028683635136986293,0.001724301945205479,0.0031098196129863004
255,0.002997000999999999,0.002368785123550176,0.002368785123550176,0.0014985004999999996,0.0028683635136986293,0.001724301945205479,0.0030615391585205472
256,0.002997000999999999,0.002873071558245083,0.002873071558245083,0.005665167166666666,0.0028683635136986293,0.004464027972602739,0.0028398431941369854
257,0.002997000999999999,0.0033773579929399894,0.0033773579929399894,0.0014985004999999996,0.0014985004999999996,0.004464027972602739,0.003176821059999999
258,0.002997000999999999,0.004385930862329803,0.004385930862329803,0.0014985004999999996,0.00423822652739726,0.004464027972602739,0.003060553843123287
259,0.002997000999999999,0.0033773579929399894,0.0033773579929399894,0.0014985004999999996,0.0028683635136986293,0.001724301945205479,0.0030457741121643826
260,0.002997000999999999,0.002368785123550176,0.002368785123550176,0.0014985004999999996,0.0014985004999999996,0.001724301945205479,0.003176821059999999
261,0.002997000999999999,0.002368785123550176,0.002368785123550176,0.009831833833333333,0.00423822652739726,0.001724301945205479,0.0028536376096986293
262,0.002997000999999999,0.002368785123550176,0.002368785123550176,0.0014985004999999996,0.0014985004999999996,0.004464027972602739,0.003176821059999999
263,0.002997000999999999,0.0018644986888552695,0.0018644986888552695,0.0014985004999999996,0.0014985004999999996,0.001724301945205479,0.003176821059999999
264,0.002997000999999999,0.0038816444276348963,0.0038816444276348963,0.0014985004999999996,0.00560808954109589,0.001724301945205479,0.002949213203232876
265,0.002997000999999999,0.002368785123550176,0.002368785123550176,0.0014985004999999996,0.0028683635136986293,0.001724301945205479,0.003141349705698629
266,0.002997000999999999,0.0033773579929399894,0.0033773579929399894,0.0014985004999999996,0.0014985004999999996,0.001724301945205479,0.003176821059999999
267,0.002997000999999999,0.0013602122541603626,0.0013602122541603626,0.0014985004999999996,0.0014985004999999996,0.001724301945205479,0.003176821059999999
268,0.002997000999999999,0.0033773579929399894,0.0033773579929399894,0.005665167166666666,0.00423822652739726,0.001724301945205479,0.0029038886949589032
269,0.002997000999999999,0.0013602122541603626,0.0013602122541603626,0.0014985004999999996,0.0014985004999999996,0.001724301945205479,0.003176821059999999
270,0.002997000999999999,0.0038816444276348963,0.0038816444276348963,0.005665167166666666,0.00423822652739726,0.007203754,0.0029147271643287665
271,0.002997000999999999,0.004385930862329803,0.004385930862329803,0.009831833833333333,0.00423822652739726,0.004464027972602739,0.0028299900401643828
272,0.002997000999999999,0.002873071558245083,0.002873071558245083,0.0014985004999999996,0.0028683635136986293,0.001724301945205479,0.0029630076187945197
273,0.002997000999999999,0.0018644986888552695,0.0018644986888552695,0.0014985004999999996,0.0014985004999999996,0.004464027972602739,0.003176821059999999
274,0.002997000999999999,0.005394503731719616,0.005394503731719616,0.005665167166666666,0.00423822652739726,0.004464027972602739,0.0028960061717808214
275,0.002997000999999999,0.0018644986888552695,0.0018644986888552695,0.0014985004999999996,0.0014985004999999996,0.001724301945205479,0.003176821059999999
276,0.002997000999999999,0.0033773579929399894,0.0033773579929399894,0.005665167166666666,0.00423822652739726,0.001724301945205479,0.002831960670958903
277,0.002997000999999999,0.0033773579929399894,0.0033773579929399894,0.005665167166666666,0.00560808954109589,0.001724301945205479,0.002916697795123287
278,0.002997000999999999,0.002873071558245083,0.002873071558245083,0.005665167166666666,0.0028683635136986293,0.001724301945205479,0.0028930502255890404
279,0.002997000999999999,0.0033773579929399894,0.0033773579929399894,0.005665167166666666,0.00560808954109589,0.001724301945205479,0.002830975355561643
280,0.002997000999999999,0.0038816444276348963,0.0038816444276348963,0.005665167166666666,0.0028683635136986293,0.004464027972602739,0.0028290047247671226
281,0.002997000999999999,0.0013602122541603626,0.0013602122541603626,0.0014985004999999996,0.0014985004999999996,0.001724301945205479,0.003176821059999999
282,0.002997000999999999,0.002873071558245083,0.002873071558245083,0.0014985004999999996,0.0014985004999999996,0.004464027972602739,0.003176821059999999
283,0.002997000999999999,0.002368785123550176,0.002368785123550176,0.0014985004999999996,0.0028683635136986293,0.004464027972602739,0.0030733629432876703
284,0.002997000999999999,0.002873071558245083,0.002873071558245083,0.005665167166666666,0.0028683635136986293,0.001724301945205479,0.002845755086520547
285,0.002997000999999999,0.0018644986888552695,0.0018644986888552695,0.0014985004999999996,0.0014985004999999996,0.001724301945205479,0.003176821059999999
286,0.002997000999999999,0.002873071558245083,0.002873071558245083,0.009831833833333333,0.00423822652739726,0.004464027972602739,0.0028398431941369854
287,0.002997000999999999,0.0033773579929399894,0.0033773579929399894,0.0014985004999999996,0.0014985004999999996,0.001724301945205479,0.003176821059999999
288,0.002997000999999999,0.004385930862329803,0.004385930862329803,0.0014985004999999996,0.0028683635136986293,0.001724301945205479,0.003094054566630136
289,0.002997000999999999,0.0018644986888552695,0.0018644986888552695,0.0014985004999999996,0.0014985004999999996,0.004464027972602739,0.003176821059999999
290,0.002997000999999999,0.0038816444276348963,0.0038816444276348963,0.0014985004999999996,0.0028683635136986293,0.001724301945205479,0.002978772665150684
291,0.002997000999999999,0.002873071558245083,0.002873071558245083,0.0014985004999999996,0.00423822652739726,0.001724301945205479,0.00296497824958904
292,0.002997000999999999,0.002873071558245083,0.002873071558245083,0.0014985004999999996,0.0014985004999999996,0.001724301945205479,0.003176821059999999
293,0.002997000999999999,0.002368785123550176,0.002368785123550176,0.005665167166666666,0.00423822652739726,0.004464027972602739,0.0028506816635068483
294,0.002997000999999999,0.0038816444276348963,0.0038816444276348963,0.009831833833333333,0.00697795255479452,0.001724301945205479,0.0028240781477808213
295,0.002997000999999999,0.0038816444276348963,0.0038816444276348963,0.009831833833333333,0.00697795255479452,0.001724301945205479,0.0028477257173150678
296,0.002997000999999999,0.0033773579929399894,0.0033773579929399894,0.0014985004999999996,0.0014985004999999996,0.001724301945205479,0.003176821059999999
297,0.002997000999999999,0.0033773579929399894,0.0033773579929399894,0.0014985004999999996,0.0028683635136986293,0.004464027972602739,0.003140364390301369
298,0.002997000999999999,0.0018644986888552695,0.0018644986888552695,0.0014985004999999996,0.0014985004999999996,0.001724301945205479,0.003176821059999999
299,0.002997000999999999,0.0018644986888552695,0.0018644986888552695,0.005665167166666666,0.0028683635136986293,0.001724301945205479,0.0028595495020821912
300,0.002997000999999999,0.002368785123550176,0.002368785123550176,0.005665167166666666,0.0028683635136986293,0.001724301945205479,0.002834916617150684
301,0.002997000999999999,0.0033773579929399894,0.0033773579929399894,0.0014985004999999996,0.00423822652739726,0.004464027972602739,0.0030792748356712318
302,0.002997000999999999,0.0033773579929399894,0.0033773579929399894,0.0014985004999999996,0.00423822652739726,0.001724301945205479,0.003014244019452054
303,0.002997000999999999,0.002368785123550176,0.002368785123550176,0.0014985004999999996,0.0028683635136986293,0.001724301945205479,0.0031610560136438345
304,0.002997000999999999,0.0018644986888552695,0.0018644986888552695,0.0014985004999999996,0.0014985004999999996,0.001724301945205479,0.003176821059999999
305,0.002997000999999999,0.002368785123550176,0.002368785123550176,0.0014985004999999996,0.0014985004999999996,0.001724301945205479,0.003176821059999999
306,0.002997000999999999,0.004385930862329803,0.004385930862329803,0.0014985004999999996,0.0014985004999999996,0.001724301945205479,0.003176821059999999
307,0.002997000999999999,0.002368785123550176,0.002368785123550176,0.0014985004999999996,0.0028683635136986293,0.001724301945205479,0.00300143491928767
308,0.002997000999999999,0.0033773579929399894,0.0033773579929399894,0.0014985004999999996,0.0014985004999999996,0.001724301945205479,0.003176821059999999
309,0.002997000999999999,0.0018644986888552695,0.0018644986888552695,0.0014985004999999996,0.0014985004999999996,0.004464027972602739,0.003176821059999999
310,0.002997000999999999,0.002873071558245083,0.002873071558245083,0.0014985004999999996,0.0028683635136986293,0.001724301945205479,0.0030733629432876703
311,0.002997000999999999,0.0033773579929399894,0.0033773579929399894,0.0014985004999999996,0.00560808954109589,0.004464027972602739,0.002968919511178081
312,0.002997000999999999,0.0033773579929399894,0.0033773579929399894,0.0014985004999999996,0.0028683635136986293,0.001724301945205479,0.0029777873497534237
313,0.002997000999999999,0.0038816444276348963,0.0038816444276348963,0.009831833833333333,0.00423822652739726,0.007203754,0.0028418138249315062
314,0.002997000999999999,0.002368785123550176,0.002368785123550176,0.0014985004999999996,0.0028683635136986293,0.001724301945205479,0.0031620413290410947
315,0.002997000999999999,0.0013602122541603626,0.0013602122541603626,0.0014985004999999996,0.0014985004999999996,0.001724301945205479,0.003176821059999999
316,0.002997000999999999,0.004385930862329803,0.004385930862329803,0.0014985004999999996,0.0014985004999999996,0.004464027972602739,0.003176821059999999
317,0.002997000999999999,0.0033773579929399894,0.0033773579929399894,0.0014985004999999996,0.0028683635136986293,0.004464027972602739,0.0031571147520547934
318,0.002997000999999999,0.004385930862329803,0.004385930862329803,0.0014985004999999996,0.0014985004999999996,0.001724301945205479,0.003176821059999999
319,0.002997000999999999,0.0018644986888552695,0.0018644986888552695,0.0014985004999999996,0.0014985004999999996,0.004464027972602739,0.003176821059999999
320,0.002997000999999999,0.0033773579929399894,0.0033773579929399894,0.0014985004999999996,0.0028683635136986293,0.001724301945205479,0.002946257257041095
321,0.002997000999999999,0.0038816444276348963,0.0038816444276348963,0.005665167166666666,0.0028683635136986293,0.007203754,0.0028891089639999992
322,0.002997000999999999,0.002873071558245083,0.002873071558245083,0.005665167166666666,0.0028683635136986293,0.004464027972602739,0.002898962117972602
323,0.002997000999999999,0.0038816444276348963,0.0038816444276348963,0.0014985004999999996,0.00423822652739726,0.001724301945205479,0.002996508342301369
324,0.002997000999999999,0.0033773579929399894,0.0033773579929399894,0.0014985004999999996,0.00423822652739726,0.004464027972602739,0.002947242572438355
325,0.002997000999999999,0.0038816444276348963,0.0038816444276348963,0.0014985004999999996,0.0028683635136986293,0.004464027972602739,0.0031709091676164376
326,0.002997000999999999,0.002368785123550176,0.002368785123550176,0.0014985004999999996,0.0014985004999999996,0.001724301945205479,0.003176821059999999
327,0.002997000999999999,0.0018644986888552695,0.0018644986888552695,0.0014985004999999996,0.0014985004999999996,0.001724301945205479,0.003176821059999999
328,0.002997000999999999,0.002368785123550176,0.002368785123550176,0.0014985004999999996,0.0014985004999999996,0.001724301945205479,0.003176821059999999
329,0.002997000999999999,0.0033773579929399894,0.0033773579929399894,0.005665167166666666,0.00423822652739726,0.001724301945205479,0.0029009327487671227
330,0.002997000999999999,0.0033773579929399894,0.0033773579929399894,0.0014985004999999996,0.00423822652739726,0.001724301945205479,0.002936404103068492
331,0.002997000999999999,0.004385930862329803,0.004385930862329803,0.0014985004999999996,0.00423822652739726,0.007203754,0.00300044960389041
332,0.002997000999999999,0.002873071558245083,0.002873071558245083,0.0014985004999999996,0.00423822652739726,0.001724301945205479,0.0030418328505753415
333,0.002997000999999999,0.002368785123550176,0.002368785123550176,0.005665167166666666,0.0028683635136986293,0.001724301945205479,0.002828019409369862
334,0.002997000999999999,0.0033773579929399894,0.0033773579929399894,0.0014985004999999996,0.0028683635136986293,0.007203754,0.002982713926739725
335,0.002997000999999999,0.0033773579929399894,0.0033773579929399894,0.0014985004999999996,0.00423822652739726,0.001724301945205479,0.002937389418465753
336,0.002997000999999999,0.002368785123550176,0.002368785123550176,0.0014985004999999996,0.0028683635136986293,0.001724301945205479,0.003011288073260273
337,0.002997000999999999,0.002368785123550176,0.002368785123550176,0.0014985004999999996,0.0028683635136986293,0.001724301945205479,0.003083216097260273
338,0.002997000999999999,0.002368785123550176,0.002368785123550176,0.0014985004999999996,0.0014985004999999996,0.001724301945205479,0.003176821059999999
339,0.002997000999999999,0.002873071558245083,0.002873071558245083,0.009831833833333333,0.00423822652739726,0.004464027972602739,0.002840828509534246
340,0.002997000999999999,0.0018644986888552695,0.0018644986888552695,0.0014985004999999996,0.0014985004999999996,0.001724301945205479,0.003176821059999999
341,0.002997000999999999,0.002368785123550176,0.002368785123550176,0.0014985004999999996,0.0028683635136986293,0.001724301945205479,0.003091098620438355
342,0.002997000999999999,0.002873071558245083,0.002873071558245083,0.0014985004999999996,0.0014985004999999996,0.004464027972602739,0.003176821059999999
343,0.002997000999999999,0.0018644986888552695,0.0018644986888552695,0.0014985004999999996,0.0014985004999999996,0.001724301945205479,0.003176821059999999
344,0.002997000999999999,0.004890217297024709,0.004890217297024709,0.0014985004999999996,0.00423822652739726,0.004464027972602739,0.003004390865479451
345,0.002997000999999999,0.0033773579929399894,0.0033773579929399894,0.0014985004999999996,0.00423822652739726,0.001724301945205479,0.002949213203232876
346,0.002997000999999999,0.0038816444276348963,0.0038816444276348963,0.0014985004999999996,0.0028683635136986293,0.001724301945205479,0.0031600706982465743
347,0.002997000999999999,0.0033773579929399894,0.0033773579929399894,0.005665167166666666,0.00423822652739726,0.004464027972602739,0.002852652294301369
348,0.002997000999999999,0.002873071558245083,0.002873071558245083,0.0014985004999999996,0.0014985004999999996,0.001724301945205479,0.003176821059999999
349,0.002997000999999999,0.0033773579929399894,0.0033773579929399894,0.005665167166666666,0.00423822652739726,0.001724301945205479,0.0029078299565479444
350,0.002997000999999999,0.0033773579929399894,0.0033773579929399894,0.0014985004999999996,0.0028683635136986293,0.004464027972602739,0.002952169149424657
351,0.002997000999999999,0.0018644986888552695,0.0018644986888552695,0.005665167166666666,0.0028683635136986293,0.001724301945205479,0.002921624372109588
352,0.002997000999999999,0.0033773579929399894,0.0033773579929399894,0.0014985004999999996,0.00423822652739726,0.001724301945205479,0.003038876904383561
353,0.002997000999999999,0.0038816444276348963,0.0038816444276348963,0.005665167166666666,0.0028683635136986293,0.004464027972602739,0.0028960061717808214
354,0.002997000999999999,0.002873071558245083,0.002873071558245083,0.005665167166666666,0.00423822652739726,0.004464027972602739,0.002864476079068492
355,0.002997000999999999,0.0038816444276348963,0.0038816444276348963,0.0014985004999999996,0.00560808954109589,0.001724301945205479,0.0029758167189589033
356,0.002997000999999999,0.0038816444276348963,0.0038816444276348963,0.009831833833333333,0.00697795255479452,0.001724301945205479,0.0028585641866849306
357,0.002997000999999999,0.002873071558245083,0.002873071558245083,0.0014985004999999996,0.0028683635136986293,0.004464027972602739,0.00303592095819178
358,0.002997000999999999,0.0033773579929399894,0.0033773579929399894,0.0014985004999999996,0.00423822652739726,0.004464027972602739,0.002935418787671232
359,0.002997000999999999,0.005394503731719616,0.005394503731719616,0.005665167166666666,0.00423822652739726,0.004464027972602739,0.002916697795123287
360,0.002997000999999999,0.0033773579929399894,0.0033773579929399894,0.0014985004999999996,0.0028683635136986293,0.001724301945205479,0.0029945377115068485
361,0.002997000999999999,0.002368785123550176,0.002368785123550176,0.005665167166666666,0.0028683635136986293,0.001724301945205479,0.0028950208563835607
362,0.002997000999999999,0.002873071558245083,0.002873071558245083,0.0014985004999999996,0.0028683635136986293,0.001724301945205479,0.0030201559118356158
363,0.002997000999999999,0.0033773579929399894,0.0033773579929399894,0.0014985004999999996,0.0028683635136986293,0.004464027972602739,0.0031216433977534234
364,0.002997000999999999,0.002873071558245083,0.002873071558245083,0.0014985004999999996,0.0028683635136986293,0.001724301945205479,0.003013258704054793
365,0.002997000999999999,0.0033773579929399894,0.0033773579929399894,0.0014985004999999996,0.0028683635136986293,0.004464027972602739,0.0030290237504109582
366,0.002997000999999999,0.0038816444276348963,0.0038816444276348963,0.0014985004999999996,0.0028683635136986293,0.001724301945205479,0.002996508342301369
367,0.002997000999999999,0.002368785123550176,0.002368785123550176,0.0014985004999999996,0.0014985004999999996,0.001724301945205479,0.003176821059999999
368,0.002997000999999999,0.004385930862329803,0.004385930862329803,0.0014985004999999996,0.00560808954109589,0.001724301945205479,0.002971875457369862
369,0.002997000999999999,0.0038816444276348963,0.0038816444276348963,0.0014985004999999996,0.00423822652739726,0.001724301945205479,0.003096025197424657
370,0.002997000999999999,0.002873071558245083,0.002873071558245083,0.0014985004999999996,0.0028683635136986293,0.001724301945205479,0.0031669679060273965
371,0.002997000999999999,0.0038816444276348963,0.0038816444276348963,0.0014985004999999996,0.00423822652739726,0.004464027972602739,0.003056612581534246
372,0.002997000999999999,0.002368785123550176,0.002368785123550176,0.0014985004999999996,0.0028683635136986293,0.001724301945205479,0.003123614028547944
373,0.002997000999999999,0.002368785123550176,0.002368785123550176,0.0014985004999999996,0.0028683635136986293,0.004464027972602739,0.002947242572438355
374,0.002997000999999999,0.002873071558245083,0.002873071558245083,0.0014985004999999996,0.00423822652739726,0.001724301945205479,0.0029433013108493143
375,0.002997000999999999,0.002368785123550176,0.002368785123550176,0.0014985004999999996,0.0028683635136986293,0.001724301945205479,0.003013258704054793
376,0.002997000999999999,0.0033773579929399894,0.0033773579929399894,0.009831833833333333,0.00423822652739726,0.004464027972602739,0.002911771218136985
377,0.002997000999999999,0.004890217297024709,0.004890217297024709,0.0014985004999999996,0.0028683635136986293,0.007203754,0.0031147461899726017
378,0.002997000999999999,0.002368785123550176,0.002368785123550176,0.0014985004999999996,0.0014985004999999996,0.001724301945205479,0.003176821059999999
379,0.002997000999999999,0.0018644986888552695,0.0018644986888552695,0.0014985004999999996,0.0014985004999999996,0.001724301945205479,0.003176821059999999
380,0.002997000999999999,0.002368785123550176,0.002368785123550176,0.0014985004999999996,0.0028683635136986293,0.004464027972602739,0.003163026644438355
381,0.002997000999999999,0.002873071558245083,0.002873071558245083,0.0014985004999999996,0.0028683635136986293,0.004464027972602739,0.002954139780219177
382,0.002997000999999999,0.0038816444276348963,0.0038816444276348963,0.0014985004999999996,0.0028683635136986293,0.004464027972602739,0.002985669872931506
383,0.002997000999999999,0.0033773579929399894,0.0033773579929399894,0.0014985004999999996,0.0028683635136986293,0.001724301945205479,0.0030260678042191773
384,0.002997000999999999,0.002873071558245083,0.002873071558245083,0.0014985004999999996,0.00423822652739726,0.001724301945205479,0.0029945377115068485
385,0.002997000999999999,0.002873071558245083,0.002873071558245083,0.0014985004999999996,0.0028683635136986293,0.004464027972602739,0.0030093174424657525
386,0.002997000999999999,0.002873071558245083,0.002873071558245083,0.0014985004999999996,0.0014985004999999996,0.001724301945205479,0.003176821059999999
387,0.002997000999999999,0.002873071558245083,0.002873071558245083,0.0014985004999999996,0.0028683635136986293,0.001724301945205479,0.0030083321270684923
388,0.002997000999999999,0.0038816444276348963,0.0038816444276348963,0.0014985004999999996,0.0028683635136986293,0.001724301945205479,0.0029620223033972595
389,0.002997000999999999,0.002368785123550176,0.002368785123550176,0.0014985004999999996,0.0014985004999999996,0.001724301945205479,0.003176821059999999
390,0.002997000999999999,0.005394503731719616,0.005394503731719616,0.005665167166666666,0.00423822652739726,0.004464027972602739,0.0028250634631780814
391,0.002997000999999999,0.0038816444276348963,0.0038816444276348963,0.0014985004999999996,0.00423822652739726,0.001724301945205479,0.002971875457369862
392,0.002997000999999999,0.004385930862329803,0.004385930862329803,0.0014985004999999996,0.00560808954109589,0.001724301945205479,0.002970890141972602
393,0.002997000999999999,0.002368785123550176,0.002368785123550176,0.0014985004999999996,0.0028683635136986293,0.001724301945205479,0.0029728607727671223
394,0.002997000999999999,0.002368785123550176,0.002368785123550176,0.0014985004999999996,0.0014985004999999996,0.001724301945205479,0.003176821059999999
395,0.002997000999999999,0.0038816444276348963,0.0038816444276348963,0.005665167166666666,0.00423822652739726,0.007203754,0.0028250634631780814
396,0.002997000999999999,0.005394503731719616,0.005394503731719616,0.0014985004999999996,0.0028683635136986293,0.007203754,0.0030418328505753415
397,0.002997000999999999,0.0033773579929399894,0.0033773579929399894,0.0014985004999999996,0.0028683635136986293,0.001724301945205479,0.0030349356427945198
398,0.002997000999999999,0.002368785123550176,0.002368785123550176,0.0014985004999999996,0.0014985004999999996,0.001724301945205479,0.003176821059999999
399,0.002997000999999999,0.002873071558245083,0.002873071558245083,0.0014985004999999996,0.0028683635136986293,0.001724301945205479,0.0031452909672876703
400,0.002997000999999999,0.002368785123550176,0.002368785123550176,0.0014985004999999996,0.0014985004999999996,0.001724301945205479,0.003176821059999999
401,0.002997000999999999,0.002873071558245083,0.002873071558245083,0.0014985004999999996,0.0014985004999999996,0.001724301945205479,0.003176821059999999
402,0.002997000999999999,0.0018644986888552695,0.0018644986888552695,0.005665167166666666,0.0028683635136986293,0.001724301945205479,0.002906844641150684
403,0.002997000999999999,0.004385930862329803,0.004385930862329803,0.0014985004999999996,0.0028683635136986293,0.004464027972602739,0.0030526713199452043
404,0.002997000999999999,0.0013602122541603626,0.0013602122541603626,0.0014985004999999996,0.0014985004999999996,0.001724301945205479,0.003176821059999999
405,0.002997000999999999,0.004385930862329803,0.004385930862329803,0.0014985004999999996,0.00423822652739726,0.001724301945205479,0.0029807432959452046
406,0.002997000999999999,0.002368785123550176,0.002368785123550176,0.0014985004999999996,0.0028683635136986293,0.001724301945205479,0.003156129436657533
407,0.002997000999999999,0.002873071558245083,0.002873071558245083,0.0014985004999999996,0.0028683635136986293,0.004464027972602739,0.0029452719416438347
408,0.002997000999999999,0.002873071558245083,0.002873071558245083,0.0014985004999999996,0.00423822652739726,0.001724301945205479,0.0030339503273972596
409,0.002997000999999999,0.002873071558245083,0.002873071558245083,0.005665167166666666,0.00423822652739726,0.001724301945205479,0.0028910795947945196
410,0.002997000999999999,0.002368785123550176,0.002368785123550176,0.0014985004999999996,0.00423822652739726,0.001724301945205479,0.0029659635649863
411,0.002997000999999999,0.0018644986888552695,0.0018644986888552695,0.005665167166666666,0.0028683635136986293,0.001724301945205479,0.00292950689528767
412,0.002997000999999999,0.0038816444276348963,0.0038816444276348963,0.009831833833333333,0.00423822652739726,0.004464027972602739,0.0028891089639999992
413,0.002997000999999999,0.002368785123550176,0.002368785123550176,0.0014985004999999996,0.00423822652739726,0.001724301945205479,0.0030073468116712317
414,0.002997000999999999,0.0018644986888552695,0.0018644986888552695,0.0014985004999999996,0.0014985004999999996,0.001724301945205479,0.003176821059999999
415,0.002997000999999999,0.002368785123550176,0.002368785123550176,0.0014985004999999996,0.0028683635136986293,0.001724301945205479,0.0030181852810410954
416,0.002997000999999999,0.002368785123550176,0.002368785123550176,0.0014985004999999996,0.0014985004999999996,0.001724301945205479,0.003176821059999999
417,0.002997000999999999,0.002873071558245083,0.002873071558245083,0.005665167166666666,0.00560808954109589,0.004464027972602739,0.0028782704946301364
418,0.002997000999999999,0.0038816444276348963,0.0038816444276348963,0.005665167166666666,0.00560808954109589,0.004464027972602739,0.002881226440821917
419,0.002997000999999999,0.004890217297024709,0.004890217297024709,0.0014985004999999996,0.00423822652739726,0.001724301945205479,0.003152188175068492
420,0.002997000999999999,0.002368785123550176,0.002368785123550176,0.0014985004999999996,0.0014985004999999996,0.001724301945205479,0.003176821059999999
421,0.002997000999999999,0.002873071558245083,0.002873071558245083,0.005665167166666666,0.0028683635136986293,0.001724301945205479,0.0029098005873424647
422,0.002997000999999999,0.0038816444276348963,0.0038816444276348963,0.0014985004999999996,0.0014985004999999996,0.004464027972602739,0.003176821059999999
423,0.002997000999999999,0.002873071558245083,0.002873071558245083,0.0014985004999999996,0.0028683635136986293,0.001724301945205479,0.003050700689150684
424,0.002997000999999999,0.004385930862329803,0.004385930862329803,0.0014985004999999996,0.0028683635136986293,0.007203754,0.0030191705964383556
425,0.002997000999999999,0.0033773579929399894,0.0033773579929399894,0.005665167166666666,0.00423822652739726,0.004464027972602739,0.0029058593257534236
426,0.002997000999999999,0.0033773579929399894,0.0033773579929399894,0.0014985004999999996,0.0014985004999999996,0.001724301945205479,0.003176821059999999
427,0.002997000999999999,0.002368785123550176,0.002368785123550176,0.005665167166666666,0.0028683635136986293,0.004464027972602739,0.0028654613944657527
428,0.002997000999999999,0.002873071558245083,0.002873071558245083,0.0014985004999999996,0.0028683635136986293,0.004464027972602739,0.0031177021361643827
429,0.002997000999999999,0.005394503731719616,0.005394503731719616,0.0014985004999999996,0.0014985004999999996,0.012683206054794519,0.003176821059999999
430,0.002997000999999999,0.004890217297024709,0.004890217297024709,0.0014985004999999996,0.00423822652739726,0.004464027972602739,0.002956110411013698
431,0.002997000999999999,0.002368785123550176,0.002368785123550176,0.0014985004999999996,0.0028683635136986293,0.001724301945205479,0.003059568527726027
432,0.002997000999999999,0.006907363035804336,0.006907363035804336,0.009831833833333333,0.00560808954109589,0.00994348002739726,0.0028782704946301364
433,0.002997000999999999,0.0038816444276348963,0.0038816444276348963,0.005665167166666666,0.00423822652739726,0.007203754,0.002870387971452054
434,0.002997000999999999,0.0018644986888552695,0.0018644986888552695,0.0014985004999999996,0.0028683635136986293,0.001724301945205479,0.003051686004547944
435,0.002997000999999999,0.0033773579929399894,0.0033773579929399894,0.0014985004999999996,0.00423822652739726,0.001724301945205479,0.0029758167189589033
436,0.002997000999999999,0.0018644986888552695,0.0018644986888552695,0.005665167166666666,0.0028683635136986293,0.001724301945205479,0.0028969914871780815
437,0.002997000999999999,0.0038816444276348963,0.0038816444276348963,0.0014985004999999996,0.0028683635136986293,0.004464027972602739,0.0030339503273972596
438,0.002997000999999999,0.0033773579929399894,0.0033773579929399894,0.0014985004999999996,0.0014985004999999996,0.001724301945205479,0.003176821059999999
439,0.002997000999999999,0.002368785123550176,0.002368785123550176,0.0014985004999999996,0.0028683635136986293,0.004464027972602739,0.003032965011999999
440,0.002997000999999999,0.0033773579929399894,0.0033773579929399894,0.005665167166666666,0.00423822652739726,0.001724301945205479,0.0028654613944657527
441,0.002997000999999999,0.002873071558245083,0.002873071558245083,0.0014985004999999996,0.0014985004999999996,0.001724301945205479,0.003176821059999999
442,0.002997000999999999,0.0038816444276348963,0.0038816444276348963,0.0014985004999999996,0.00423822652739726,0.004464027972602739,0.003003405550082191
443,0.002997000999999999,0.0018644986888552695,0.0018644986888552695,0.005665167166666666,0.0028683635136986293,0.001724301945205479,0.002906844641150684
444,0.002997000999999999,0.002368785123550176,0.002368785123550176,0.0014985004999999996,0.0028683635136986293,0.001724301945205479,0.0029590663572054785
445,0.002997000999999999,0.0018644986888552695,0.0018644986888552695,0.0014985004999999996,0.0014985004999999996,0.001724301945205479,0.003176821059999999
446,0.002997000999999999,0.0033773579929399894,0.0033773579929399894,0.0014985004999999996,0.00423822652739726,0.001724301945205479,0.0029423159954520537
447,0.002997000999999999,0.002873071558245083,0.002873071558245083,0.0014985004999999996,0.00423822652739726,0.001724301945205479,0.00296497824958904
448,0.002997000999999999,0.0038816444276348963,0.0038816444276348963,0.005665167166666666,0.00560808954109589,0.007203754,0.0029334481568767117
449,0.002997000999999999,0.002368785123550176,0.002368785123550176,0.0014985004999999996,0.0028683635136986293,0.001724301945205479,0.0031728797984109584
450,0.002997000999999999,0.0033773579929399894,0.0033773579929399894,0.0014985004999999996,0.0014985004999999996,0.001724301945205479,0.003176821059999999
451,0.002997000999999999,0.0018644986888552695,0.0018644986888552695,0.0014985004999999996,0.0014985004999999996,0.001724301945205479,0.003176821059999999
452,0.002997000999999999,0.002368785123550176,0.002368785123550176,0.0014985004999999996,0.0014985004999999996,0.004464027972602739,0.003176821059999999
453,0.002997000999999999,0.002368785123550176,0.002368785123550176,0.0014985004999999996,0.0028683635136986293,0.004464027972602739,0.0029974936576986294
454,0.002997000999999999,0.0033773579929399894,0.0033773579929399894,0.0014985004999999996,0.00423822652739726,0.001724301945205479,0.003015229334849314
455,0.002997000999999999,0.002873071558245083,0.002873071558245083,0.0014985004999999996,0.0014985004999999996,0.007203754,0.003176821059999999
456,0.002997000999999999,0.0018644986888552695,0.0018644986888552695,0.0014985004999999996,0.0014985004999999996,0.001724301945205479,0.003176821059999999
457,0.002997000999999999,0.002873071558245083,0.002873071558245083,0.0014985004999999996,0.0028683635136986293,0.004464027972602739,0.003046759427561643
458,0.002997000999999999,0.0018644986888552695,0.0018644986888552695,0.005665167166666666,0.0028683635136986293,0.001724301945205479,0.0029235950029041086
459,0.002997000999999999,0.002873071558245083,0.002873071558245083,0.0014985004999999996,0.0028683635136986293,0.001724301945205479,0.003103907720602739
460,0.002997000999999999,0.004385930862329803,0.004385930862329803,0.0014985004999999996,0.0014985004999999996,0.004464027972602739,0.003176821059999999
461,0.002997000999999999,0.0038816444276348963,0.0038816444276348963,0.005665167166666666,0.00560808954109589,0.007203754,0.0029265509490958895
462,0.002997000999999999,0.002368785123550176,0.002368785123550176,0.005665167166666666,0.0028683635136986293,0.001724301945205479,0.0028427991403287664
463,0.002997000999999999,0.002368785123550176,0.002368785123550176,0.0014985004999999996,0.0014985004999999996,0.001724301945205479,0.003176821059999999
464,0.002997000999999999,0.002873071558245083,0.002873071558245083,0.0014985004999999996,0.0028683635136986293,0.007203754,0.0030536566353424645
465,0.002997000999999999,0.004890217297024709,0.004890217297024709,0.005665167166666666,0.0028683635136986293,0.004464027972602739,0.002919653741315068
466,0.002997000999999999,0.0033773579929399894,0.0033773579929399894,0.005665167166666666,0.00423822652739726,0.001724301945205479,0.0028940355409863006
467,0.002997000999999999,0.0038816444276348963,0.0038816444276348963,0.0014985004999999996,0.0014985004999999996,0.001724301945205479,0.003176821059999999
468,0.002997000999999999,0.004890217297024709,0.004890217297024709,0.0139985005,0.00834781556849315,0.004464027972602739,0.002849696348109588
469,0.002997000999999999,0.002873071558245083,0.002873071558245083,0.005665167166666666,0.0028683635136986293,0.001724301945205479,0.0029048740103561634
470,0.002997000999999999,0.002873071558245083,0.002873071558245083,0.005665167166666666,0.0028683635136986293,0.004464027972602739,0.0028723586022465744
471,0.002997000999999999,0.0013602122541603626,0.0013602122541603626,0.0014985004999999996,0.0014985004999999996,0.001724301945205479,0.003176821059999999
472,0.002997000999999999,0.004385930862329803,0.004385930862329803,0.009831833833333333,0.00423822652739726,0.004464027972602739,0.0028575788712876704
473,0.002997000999999999,0.004385930862329803,0.004385930862329803,0.005665167166666666,0.00560808954109589,0.004464027972602739,0.0029186684259178072
474,0.002997000999999999,0.0013602122541603626,0.0013602122541603626,0.0014985004999999996,0.0014985004999999996,0.001724301945205479,0.003176821059999999
475,0.002997000999999999,0.0033773579929399894,0.0033773579929399894,0.005665167166666666,0.00423822652739726,0.007203754,0.0029058593257534236
476,0.002997000999999999,0.0038816444276348963,0.0038816444276348963,0.0014985004999999996,0.0028683635136986293,0.001724301945205479,0.0030073468116712317
477,0.002997000999999999,0.0038816444276348963,0.0038816444276348963,0.0014985004999999996,0.00423822652739726,0.007203754,0.0029403453646575334
478,0.002997000999999999,0.002368785123550176,0.002368785123550176,0.0014985004999999996,0.0014985004999999996,0.004464027972602739,0.003176821059999999
479,0.002997000999999999,0.0038816444276348963,0.0038816444276348963,0.0014985004999999996,0.0028683635136986293,0.001724301945205479,0.0029551250956164374
480,0.002997000999999999,0.002873071558245083,0.002873071558245083,0.0014985004999999996,0.0028683635136986293,0.001724301945205479,0.0030704069970958897
481,0.002997000999999999,0.004890217297024709,0.004890217297024709,0.005665167166666666,0.00560808954109589,0.007203754,0.0028595495020821912
482,0.002997000999999999,0.0018644986888552695,0.0018644986888552695,0.0014985004999999996,0.0014985004999999996,0.001724301945205479,0.003176821059999999
483,0.002997000999999999,0.0013602122541603626,0.0013602122541603626,0.0014985004999999996,0.0014985004999999996,0.001724301945205479,0.003176821059999999
484,0.002997000999999999,0.002368785123550176,0.002368785123550176,0.0014985004999999996,0.0028683635136986293,0.001724301945205479,0.003068436366301369
485,0.002997000999999999,0.004385930862329803,0.004385930862329803,0.0014985004999999996,0.0014985004999999996,0.001724301945205479,0.003176821059999999
486,0.002997000999999999,0.002873071558245083,0.002873071558245083,0.0014985004999999996,0.0028683635136986293,0.007203754,0.0030812454664657526
487,0.002997000999999999,0.002873071558245083,0.002873071558245083,0.0014985004999999996,0.0028683635136986293,0.001724301945205479,0.0030556272661369857
488,0.002997000999999999,0.002368785123550176,0.002368785123550176,0.0014985004999999996,0.0014985004999999996,0.001724301945205479,0.003176821059999999
489,0.002997000999999999,0.005898790166414523,0.005898790166414523,0.0014985004999999996,0.00560808954109589,0.00994348002739726,0.003024097173424657
490,0.002997000999999999,0.002873071558245083,0.002873071558245083,0.0014985004999999996,0.00560808954109589,0.001724301945205479,0.0029423159954520537
491,0.002997000999999999,0.0038816444276348963,0.0038816444276348963,0.0014985004999999996,0.00697795255479452,0.007203754,0.0030300090658082184
492,0.002997000999999999,0.0038816444276348963,0.0038816444276348963,0.0014985004999999996,0.00423822652739726,0.004464027972602739,0.0029580810418082183
493,0.002997000999999999,0.0033773579929399894,0.0033773579929399894,0.0014985004999999996,0.00423822652739726,0.004464027972602739,0.0031571147520547934
494,0.002997000999999999,0.002368785123550176,0.002368785123550176,0.0014985004999999996,0.0028683635136986293,0.004464027972602739,0.0029955230269041087
495,0.002997000999999999,0.0038816444276348963,0.0038816444276348963,0.0014985004999999996,0.00560808954109589,0.00994348002739726,0.0030300090658082184
496,0.002997000999999999,0.0038816444276348963,0.0038816444276348963,0.005665167166666666,0.00560808954109589,0.001724301945205479,0.0028891089639999992
497,0.002997000999999999,0.002873071558245083,0.002873071558245083,0.0014985004999999996,0.0028683635136986293,0.001724301945205479,0.0030763188894794512
498,0.002997000999999999,0.0018644986888552695,0.0018644986888552695,0.0014985004999999996,0.0014985004999999996,0.001724301945205479,0.003176821059999999
499,0.002997000999999999,0.002368785123550176,0.002368785123550176,0.0014985004999999996,0.0014985004999999996,0.004464027972602739,0.003176821059999999
500,0.002997000999999999,0.0018644986888552695,0.0018644986888552695,0.0014985004999999996,0.0014985004999999996,0.001724301945205479,0.003176821059999999
501,0.002997000999999999,0.0013602122541603626,0.0013602122541603626,0.0014985004999999996,0.0014985004999999996,0.001724301945205479,0.003176821059999999
502,0.002997000999999999,0.002368785123550176,0.002368785123550176,0.005665167166666666,0.0028683635136986293,0.001724301945205479,0.0028900942793972594
503,0.002997000999999999,0.002873071558245083,0.002873071558245083,0.0014985004999999996,0.0014985004999999996,0.004464027972602739,0.003176821059999999
504,0.002997000999999999,0.0013602122541603626,0.0013602122541603626,0.0014985004999999996,0.0014985004999999996,0.001724301945205479,0.003176821059999999
505,0.002997000999999999,0.002368785123550176,0.002368785123550176,0.005665167166666666,0.00423822652739726,0.004464027972602739,0.0028920649101917798
506,0.002997000999999999,0.002368785123550176,0.002368785123550176,0.0014985004999999996,0.00423822652739726,0.001724301945205479,0.002973846088164383
507,0.002997000999999999,0.0033773579929399894,0.0033773579929399894,0.0014985004999999996,0.0028683635136986293,0.001724301945205479,0.0031255846593424646
508,0.002997000999999999,0.0038816444276348963,0.0038816444276348963,0.005665167166666666,0.00560808954109589,0.001724301945205479,0.0028940355409863006
509,0.002997000999999999,0.002873071558245083,0.002873071558245083,0.0014985004999999996,0.00423822652739726,0.001724301945205479,0.003013258704054793
510,0.002997000999999999,0.002368785123550176,0.002368785123550176,0.0014985004999999996,0.0014985004999999996,0.004464027972602739,0.003176821059999999
511,0.002997000999999999,0.0033773579929399894,0.0033773579929399894,0.0014985004999999996,0.0028683635136986293,0.001724301945205479,0.0031177021361643827
512,0.002997000999999999,0.002873071558245083,0.002873071558245083,0.0014985004999999996,0.0028683635136986293,0.004464027972602739,0.0030881426742465743
513,0.002997000999999999,0.002368785123550176,0.002368785123550176,0.0014985004999999996,0.0014985004999999996,0.001724301945205479,0.003176821059999999
514,0.002997000999999999,0.002368785123550176,0.002368785123550176,0.0014985004999999996,0.0028683635136986293,0.001724301945205479,0.0031009517744109583
515,0.002997000999999999,0.0033773579929399894,0.0033773579929399894,0.005665167166666666,0.0028683635136986293,0.004464027972602739,0.0028861530178082183
516,0.002997000999999999,0.0013602122541603626,0.0013602122541603626,0.0014985004999999996,0.0014985004999999996,0.001724301945205479,0.003176821059999999
517,0.002997000999999999,0.002873071558245083,0.002873071558245083,0.005665167166666666,0.0028683635136986293,0.001724301945205479,0.0028625054482739718
518,0.002997000999999999,0.002873071558245083,0.002873071558245083,0.0014985004999999996,0.0014985004999999996,0.001724301945205479,0.003176821059999999
519,0.002997000999999999,0.002873071558245083,0.002873071558245083,0.0014985004999999996,0.0028683635136986293,0.001724301945205479,0.003080260151068492
520,0.002997000999999999,0.0018644986888552695,0.0018644986888552695,0.0014985004999999996,0.0014985004999999996,0.001724301945205479,0.003176821059999999
521,0.002997000999999999,0.0033773579929399894,0.0033773579929399894,0.005665167166666666,0.00560808954109589,0.001724301945205479,0.0028654613944657527
522,0.002997000999999999,0.002873071558245083,0.002873071558245083,0.0014985004999999996,0.0028683635136986293,0.001724301945205479,0.0029413306800547935
523,0.002997000999999999,0.004385930862329803,0.004385930862329803,0.0014985004999999996,0.0014985004999999996,0.004464027972602739,0.003176821059999999
524,0.002997000999999999,0.0018644986888552695,0.0018644986888552695,0.0014985004999999996,0.0014985004999999996,0.001724301945205479,0.003176821059999999
525,0.002997000999999999,0.002873071558245083,0.002873071558245083,0.005665167166666666,0.00423822652739726,0.004464027972602739,0.002873343917643835
526,0.002997000999999999,0.0038816444276348963,0.0038816444276348963,0.005665167166666666,0.00423822652739726,0.004464027972602739,0.002899947433369862
527,0.002997000999999999,0.002368785123550176,0.002368785123550176,0.0014985004999999996,0.0014985004999999996,0.001724301945205479,0.003176821059999999
528,0.002997000999999999,0.002873071558245083,0.002873071558245083,0.0014985004999999996,0.0028683635136986293,0.001724301945205479,0.002952169149424657
529,0.002997000999999999,0.0018644986888552695,0.0018644986888552695,0.0014985004999999996,0.0014985004999999996,0.001724301945205479,0.003176821059999999
530,0.002997000999999999,0.002368785123550176,0.002368785123550176,0.0014985004999999996,0.0028683635136986293,0.001724301945205479,0.0030191705964383556
531,0.002997000999999999,0.002368785123550176,0.002368785123550176,0.0014985004999999996,0.0014985004999999996,0.004464027972602739,0.003176821059999999
532,0.002997000999999999,0.0038816444276348963,0.0038816444276348963,0.005665167166666666,0.0028683635136986293,0.007203754,0.002924580318301369
533,0.002997000999999999,0.002368785123550176,0.002368785123550176,0.005665167166666666,0.0028683635136986293,0.001724301945205479,0.002901918064164383
534,0.002997000999999999,0.0033773579929399894,0.0033773579929399894,0.0014985004999999996,0.0014985004999999996,0.004464027972602739,0.003176821059999999
535,0.002997000999999999,0.0013602122541603626,0.0013602122541603626,0.0014985004999999996,0.0014985004999999996,0.001724301945205479,0.003176821059999999
536,0.002997000999999999,0.0033773579929399894,0.0033773579929399894,0.0014985004999999996,0.00423822652739726,0.001724301945205479,0.0029935523961095883
537,0.002997000999999999,0.002368785123550176,0.002368785123550176,0.0014985004999999996,0.0014985004999999996,0.001724301945205479,0.003176821059999999
538,0.002997000999999999,0.002873071558245083,0.002873071558245083,0.0014985004999999996,0.0028683635136986293,0.004464027972602739,0.0031748504292054788
539,0.002997000999999999,0.0033773579929399894,0.0033773579929399894,0.0014985004999999996,0.0014985004999999996,0.001724301945205479,0.003176821059999999
540,0.002997000999999999,0.0018644986888552695,0.0018644986888552695,0.005665167166666666,0.0028683635136986293,0.001724301945205479,0.0028743292330410952
541,0.002997000999999999,0.0033773579929399894,0.0033773579929399894,0.0014985004999999996,0.0028683635136986293,0.001724301945205479,0.0030497153737534233
542,0.002997000999999999,0.0033773579929399894,0.0033773579929399894,0.005665167166666666,0.00423822652739726,0.007203754,0.0028782704946301364
543,0.002997000999999999,0.005898790166414523,0.005898790166414523,0.0014985004999999996,0.00423822652739726,0.004464027972602739,0.0031019370898082185
544,0.002997000999999999,0.0018644986888552695,0.0018644986888552695,0.005665167166666666,0.0028683635136986293,0.001724301945205479,0.0028694026560547935
545,0.002997000999999999,0.002873071558245083,0.002873071558245083,0.0014985004999999996,0.0028683635136986293,0.001724301945205479,0.0030497153737534233
546,0.002997000999999999,0.002873071558245083,0.002873071558245083,0.0014985004999999996,0.0014985004999999996,0.007203754,0.003176821059999999
547,0.002997000999999999,0.004385930862329803,0.004385930862329803,0.009831833833333333,0.00560808954109589,0.001724301945205479,0.0028418138249315062
548,0.002997000999999999,0.002368785123550176,0.002368785123550176,0.005665167166666666,0.0028683635136986293,0.001724301945205479,0.0028388578787397253
549,0.002997000999999999,0.0038816444276348963,0.0038816444276348963,0.0014985004999999996,0.0014985004999999996,0.007203754,0.003176821059999999
550,0.002997000999999999,0.002873071558245083,0.002873071558245083,0.0014985004999999996,0.00423822652739726,0.001724301945205479,0.0029501985186301365
551,0.002997000999999999,0.0033773579929399894,0.0033773579929399894,0.0014985004999999996,0.0028683635136986293,0.001724301945205479,0.003011288073260273
552,0.002997000999999999,0.002873071558245083,0.002873071558245083,0.0014985004999999996,0.0028683635136986293,0.001724301945205479,0.003057597896931506
553,0.002997000999999999,0.004385930862329803,0.004385930862329803,0.009831833833333333,0.00423822652739726,0.004464027972602739,0.0028211222015890403
554,0.002997000999999999,0.0033773579929399894,0.0033773579929399894,0.0014985004999999996,0.0028683635136986293,0.004464027972602739,0.0030378915889863003
555,0.002997000999999999,0.002368785123550176,0.002368785123550176,0.0014985004999999996,0.0028683635136986293,0.004464027972602739,0.0031669679060273965
556,0.002997000999999999,0.0033773579929399894,0.0033773579929399894,0.0014985004999999996,0.00560808954109589,0.001724301945205479,0.002936404103068492
557,0.002997000999999999,0.0018644986888552695,0.0018644986888552695,0.0014985004999999996,0.0014985004999999996,0.001724301945205479,0.003176821059999999
558,0.002997000999999999,0.0038816444276348963,0.0038816444276348963,0.005665167166666666,0.00423822652739726,0.007203754,0.0028713732868493142
559,0.002997000999999999,0.0033773579929399894,0.0033773579929399894,0.009831833833333333,0.00423822652739726,0.001724301945205479,0.002899947433369862
560,0.002997000999999999,0.0038816444276348963,0.0038816444276348963,0.0014985004999999996,0.0028683635136986293,0.001724301945205479,0.0031245993439452044
561,0.002997000999999999,0.0033773579929399894,0.0033773579929399894,0.0014985004999999996,0.00423822652739726,0.001724301945205479,0.003047744742958903
562,0.002997000999999999,0.002873071558245083,0.002873071558245083,0.0014985004999999996,0.00423822652739726,0.001724301945205479,0.0030546419507397247
563,0.002997000999999999,0.002368785123550176,0.002368785123550176,0.0014985004999999996,0.0014985004999999996,0.004464027972602739,0.003176821059999999
564,0.002997000999999999,0.0013602122541603626,0.0013602122541603626,0.0014985004999999996,0.0014985004999999996,0.001724301945205479,0.003176821059999999
565,0.002997000999999999,0.0018644986888552695,0.0018644986888552695,0.0014985004999999996,0.0014985004999999996,0.001724301945205479,0.003176821059999999
566,0.002997000999999999,0.002873071558245083,0.002873071558245083,0.0014985004999999996,0.00423822652739726,0.004464027972602739,0.0030024202346849303
567,0.002997000999999999,0.004890217297024709,0.004890217297024709,0.005665167166666666,0.0028683635136986293,0.007203754,0.0028329459863561633
568,0.002997000999999999,0.0038816444276348963,0.0038816444276348963,0.0014985004999999996,0.0014985004999999996,0.001724301945205479,0.003176821059999999
569,0.002997000999999999,0.004385930862329803,0.004385930862329803,0.005665167166666666,0.00423822652739726,0.004464027972602739,0.002934433472273972
570,0.002997000999999999,0.0013602122541603626,0.0013602122541603626,0.0014985004999999996,0.0014985004999999996,0.001724301945205479,0.003176821059999999
571,0.002997000999999999,0.0033773579929399894,0.0033773579929399894,0.0014985004999999996,0.00423822652739726,0.004464027972602739,0.0029600516726027387
572,0.002997000999999999,0.002873071558245083,0.002873071558245083,0.005665167166666666,0.0028683635136986293,0.001724301945205479,0.00282013688619178
573,0.002997000999999999,0.0033773579929399894,0.0033773579929399894,0.0014985004999999996,0.0028683635136986293,0.004464027972602739,0.003059568527726027
574,0.002997000999999999,0.002873071558245083,0.002873071558245083,0.0014985004999999996,0.0014985004999999996,0.004464027972602739,0.003176821059999999
575,0.002997000999999999,0.0033773579929399894,0.0033773579929399894,0.009831833833333333,0.00423822652739726,0.007203754,0.002827034093972602
576,0.002997000999999999,0.0013602122541603626,0.0013602122541603626,0.0014985004999999996,0.0014985004999999996,0.001724301945205479,0.003176821059999999
577,0.002997000999999999,0.0038816444276348963,0.0038816444276348963,0.0014985004999999996,0.0028683635136986293,0.001724301945205479,0.003087157358849314
578,0.002997000999999999,0.002368785123550176,0.002368785123550176,0.0014985004999999996,0.0014985004999999996,0.004464027972602739,0.003176821059999999
579,0.002997000999999999,0.002368785123550176,0.002368785123550176,0.0014985004999999996,0.0028683635136986293,0.001724301945205479,0.0031738651138082186
580,0.002997000999999999,0.002368785123550176,0.002368785123550176,0.005665167166666666,0.0028683635136986293,0.001724301945205479,0.0028221075169863005
581,0.002997000999999999,0.002368785123550176,0.002368785123550176,0.0014985004999999996,0.0028683635136986293,0.001724301945205479,0.0030546419507397247
582,0.002997000999999999,0.002873071558245083,0.002873071558245083,0.0014985004999999996,0.0028683635136986293,0.004464027972602739,0.002968919511178081
583,0.002997000999999999,0.0013602122541603626,0.0013602122541603626,0.0014985004999999996,0.0014985004999999996,0.001724301945205479,0.003176821059999999
584,0.002997000999999999,0.0018644986888552695,0.0018644986888552695,0.0014985004999999996,0.0014985004999999996,0.001724301945205479,0.003176821059999999
585,0.002997000999999999,0.002873071558245083,0.002873071558245083,0.0014985004999999996,0.0014985004999999996,0.007203754,0.003176821059999999
586,0.002997000999999999,0.002873071558245083,0.002873071558245083,0.0014985004999999996,0.00423822652739726,0.001724301945205479,0.002937389418465753
587,0.002997000999999999,0.0033773579929399894,0.0033773579929399894,0.005665167166666666,0.00423822652739726,0.004464027972602739,0.002873343917643835
588,0.002997000999999999,0.0033773579929399894,0.0033773579929399894,0.005665167166666666,0.00560808954109589,0.001724301945205479,0.0028960061717808214
589,0.002997000999999999,0.0033773579929399894,0.0033773579929399894,0.0014985004999999996,0.0028683635136986293,0.007203754,0.002992567080712328
590,0.002997000999999999,0.002873071558245083,0.002873071558245083,0.005665167166666666,0.0028683635136986293,0.004464027972602739,0.002817180939999999
591,0.002997000999999999,0.0018644986888552695,0.0018644986888552695,0.0014985004999999996,0.0014985004999999996,0.001724301945205479,0.003176821059999999
592,0.002997000999999999,0.004385930862329803,0.004385930862329803,0.0014985004999999996,0.00423822652739726,0.001724301945205479,0.003155144121260273
593,0.002997000999999999,0.0033773579929399894,0.0033773579929399894,0.005665167166666666,0.0028683635136986293,0.004464027972602739,0.002881226440821917
594,0.002997000999999999,0.002368785123550176,0.002368785123550176,0.005665167166666666,0.0028683635136986293,0.001724301945205479,0.0028565935558904102
595,0.002997000999999999,0.004890217297024709,0.004890217297024709,0.009831833833333333,0.00697795255479452,0.004464027972602739,0.0028871383332054784
596,0.002997000999999999,0.0018644986888552695,0.0018644986888552695,0.0014985004999999996,0.0014985004999999996,0.004464027972602739,0.003176821059999999
597,0.002997000999999999,0.0038816444276348963,0.0038816444276348963,0.0014985004999999996,0.00423822652739726,0.004464027972602739,0.0030300090658082184
598,0.002997000999999999,0.0018644986888552695,0.0018644986888552695,0.0014985004999999996,0.0014985004999999996,0.004464027972602739,0.003176821059999999
599,0.002997000999999999,0.002368785123550176,0.002368785123550176,0.005665167166666666,0.0028683635136986293,0.001724301945205479,0.002902903379561643
600,0.002997000999999999,0.004385930862329803,0.004385930862329803,0.0014985004999999996,0.0014985004999999996,0.001724301945205479,0.003176821059999999
601,0.002997000999999999,0.0038816444276348963,0.0038816444276348963,0.009831833833333333,0.00560808954109589,0.001724301945205479,0.002882211756219177
602,0.002997000999999999,0.0033773579929399894,0.0033773579929399894,0.005665167166666666,0.00423822652739726,0.007203754,0.0029226096875068484
603,0.002997000999999999,0.0038816444276348963,0.0038816444276348963,0.0014985004999999996,0.0028683635136986293,0.007203754,0.003095039882027397
604,0.002997000999999999,0.002873071558245083,0.002873071558245083,0.005665167166666666,0.0028683635136986293,0.001724301945205479,0.0028221075169863005
605,0.002997000999999999,0.0033773579929399894,0.0033773579929399894,0.005665167166666666,0.00423822652739726,0.001724301945205479,0.00282013688619178
606,0.002997000999999999,0.002368785123550176,0.002368785123550176,0.0014985004999999996,0.0014985004999999996,0.004464027972602739,0.003176821059999999
607,0.002997000999999999,0.0018644986888552695,0.0018644986888552695,0.0014985004999999996,0.0014985004999999996,0.001724301945205479,0.003176821059999999
608,0.002997000999999999,0.0038816444276348963,0.0038816444276348963,0.0014985004999999996,0.00423822652739726,0.004464027972602739,0.002954139780219177
609,0.002997000999999999,0.004890217297024709,0.004890217297024709,0.005665167166666666,0.00560808954109589,0.007203754,0.0028240781477808213
610,0.002997000999999999,0.0033773579929399894,0.0033773579929399894,0.0014985004999999996,0.0028683635136986293,0.001724301945205479,0.0030309943812054786
611,0.002997000999999999,0.0033773579929399894,0.0033773579929399894,0.009831833833333333,0.00560808954109589,0.001724301945205479,0.0028260487785753416
612,0.002997000999999999,0.0033773579929399894,0.0033773579929399894,0.005665167166666666,0.0028683635136986293,0.004464027972602739,0.002902903379561643
613,0.002997000999999999,0.0033773579929399894,0.0033773579929399894,0.005665167166666666,0.00560808954109589,0.001724301945205479,0.002834916617150684
614,0.002997000999999999,0.0038816444276348963,0.0038816444276348963,0.0014985004999999996,0.00423822652739726,0.001724301945205479,0.003028038435013698
615,0.002997000999999999,0.004385930862329803,0.004385930862329803,0.0014985004999999996,0.0028683635136986293,0.001724301945205479,0.0030585832123287667
616,0.002997000999999999,0.002368785123550176,0.002368785123550176,0.0014985004999999996,0.0014985004999999996,0.001724301945205479,0.003176821059999999
617,0.002997000999999999,0.0038816444276348963,0.0038816444276348963,0.0014985004999999996,0.00423822652739726,0.004464027972602739,0.0030901133050410946
618,0.002997000999999999,0.002368785123550176,0.002368785123550176,0.0014985004999999996,0.0014985004999999996,0.004464027972602739,0.003176821059999999
619,0.002997000999999999,0.0018644986888552695,0.0018644986888552695,0.0014985004999999996,0.0028683635136986293,0.001724301945205479,0.003119672766958903
620,0.002997000999999999,0.0033773579929399894,0.0033773579929399894,0.0014985004999999996,0.0014985004999999996,0.007203754,0.003176821059999999
621,0.002997000999999999,0.0033773579929399894,0.0033773579929399894,0.0014985004999999996,0.00423822652739726,0.004464027972602739,0.0029768020343561635
622,0.002997000999999999,0.002368785123550176,0.002368785123550176,0.009831833833333333,0.00423822652739726,0.001724301945205479,0.002866446709863013
623,0.002997000999999999,0.004385930862329803,0.004385930862329803,0.0014985004999999996,0.0014985004999999996,0.001724301945205479,0.003176821059999999
624,0.002997000999999999,0.0033773579929399894,0.0033773579929399894,0.005665167166666666,0.0028683635136986293,0.001724301945205479,0.002845755086520547
625,0.002997000999999999,0.0033773579929399894,0.0033773579929399894,0.005665167166666666,0.0028683635136986293,0.001724301945205479,0.0029255656336986294
626,0.002997000999999999,0.002368785123550176,0.002368785123550176,0.0014985004999999996,0.0028683635136986293,0.001724301945205479,0.003175835744602739
627,0.002997000999999999,0.002873071558245083,0.002873071558245083,0.0014985004999999996,0.0014985004999999996,0.004464027972602739,0.003176821059999999
628,0.002997000999999999,0.0018644986888552695,0.0018644986888552695,0.0014985004999999996,0.0014985004999999996,0.001724301945205479,0.003176821059999999
629,0.002997000999999999,0.002873071558245083,0.002873071558245083,0.0014985004999999996,0.0014985004999999996,0.001724301945205479,0.003176821059999999
630,0.002997000999999999,0.002873071558245083,0.002873071558245083,0.0014985004999999996,0.00423822652739726,0.004464027972602739,0.0029442866262465745
631,0.002997000999999999,0.002368785123550176,0.002368785123550176,0.005665167166666666,0.00423822652739726,0.001724301945205479,0.002917683110520547
632,0.002997000999999999,0.0033773579929399894,0.0033773579929399894,0.0014985004999999996,0.0028683635136986293,0.001724301945205479,0.003050700689150684
633,0.002997000999999999,0.0033773579929399894,0.0033773579929399894,0.009831833833333333,0.00423822652739726,0.004464027972602739,0.0028299900401643828
634,0.002997000999999999,0.004385930862329803,0.004385930862329803,0.005665167166666666,0.00560808954109589,0.001724301945205479,0.0029048740103561634
635,0.002997000999999999,0.002873071558245083,0.002873071558245083,0.0014985004999999996,0.0028683635136986293,0.004464027972602739,0.0031295259209315057
636,0.002997000999999999,0.002873071558245083,0.002873071558245083,0.0014985004999999996,0.0014985004999999996,0.004464027972602739,0.003176821059999999
637,0.002997000999999999,0.0038816444276348963,0.0038816444276348963,0.005665167166666666,0.00560808954109589,0.004464027972602739,0.0029127565335342457
638,0.002997000999999999,0.0018644986888552695,0.0018644986888552695,0.0014985004999999996,0.0014985004999999996,0.001724301945205479,0.003176821059999999
639,0.002997000999999999,0.0038816444276348963,0.0038816444276348963,0.005665167166666666,0.0028683635136986293,0.001724301945205479,0.0028900942793972594
640,0.002997000999999999,0.0018644986888552695,0.0018644986888552695,0.0014985004999999996,0.0014985004999999996,0.001724301945205479,0.003176821059999999
641,0.002997000999999999,0.002873071558245083,0.002873071558245083,0.005665167166666666,0.00423822652739726,0.004464027972602739,0.002823092832383561
642,0.002997000999999999,0.0018644986888552695,0.0018644986888552695,0.0014985004999999996,0.0014985004999999996,0.001724301945205479,0.003176821059999999
643,0.002997000999999999,0.002873071558245083,0.002873071558245083,0.0014985004999999996,0.0014985004999999996,0.001724301945205479,0.003176821059999999
644,0.002997000999999999,0.0013602122541603626,0.0013602122541603626,0.0014985004999999996,0.0014985004999999996,0.001724301945205479,0.003176821059999999
645,0.002997000999999999,0.002368785123550176,0.002368785123550176,0.0014985004999999996,0.0028683635136986293,0.001724301945205479,0.0031699238522191774
646,0.002997000999999999,0.002368785123550176,0.002368785123550176,0.0014985004999999996,0.0014985004999999996,0.004464027972602739,0.003176821059999999
647,0.002997000999999999,0.002368785123550176,0.002368785123550176,0.0014985004999999996,0.0014985004999999996,0.007203754,0.003176821059999999
648,0.002997000999999999,0.0033773579929399894,0.0033773579929399894,0.009831833833333333,0.00423822652739726,0.001724301945205479,0.0028211222015890403
649,0.002997000999999999,0.0038816444276348963,0.0038816444276348963,0.005665167166666666,0.00423822652739726,0.007203754,0.002864476079068492
650,0.002997000999999999,0.002873071558245083,0.002873071558245083,0.0014985004999999996,0.0028683635136986293,0.001724301945205479,0.0029452719416438347
651,0.002997000999999999,0.002368785123550176,0.002368785123550176,0.005665167166666666,0.00423822652739726,0.001724301945205479,0.002833931301753424
652,0.002997000999999999,0.0038816444276348963,0.0038816444276348963,0.005665167166666666,0.00560808954109589,0.004464027972602739,0.002840828509534246
653,0.002997000999999999,0.0033773579929399894,0.0033773579929399894,0.0014985004999999996,0.00423822652739726,0.001724301945205479,0.002953154464821917
654,0.002997000999999999,0.002873071558245083,0.002873071558245083,0.0014985004999999996,0.0028683635136986293,0.001724301945205479,0.0029511838340273966
655,0.002997000999999999,0.0018644986888552695,0.0018644986888552695,0.005665167166666666,0.0028683635136986293,0.001724301945205479,0.0028250634631780814
656,0.002997000999999999,0.0033773579929399894,0.0033773579929399894,0.0014985004999999996,0.00423822652739726,0.004464027972602739,0.0029600516726027387
657,0.002997000999999999,0.0038816444276348963,0.0038816444276348963,0.0014985004999999996,0.0014985004999999996,0.001724301945205479,0.003176821059999999
658,0.002997000999999999,0.002368785123550176,0.002368785123550176,0.0014985004999999996,0.0028683635136986293,0.001724301945205479,0.003032965011999999
659,0.002997000999999999,0.0013602122541603626,0.0013602122541603626,0.0014985004999999996,0.0014985004999999996,0.001724301945205479,0.003176821059999999
660,0.002997000999999999,0.002368785123550176,0.002368785123550176,0.0014985004999999996,0.0014985004999999996,0.001724301945205479,0.003176821059999999
661,0.002997000999999999,0.005394503731719616,0.005394503731719616,0.0014985004999999996,0.0028683635136986293,0.004464027972602739,0.002968919511178081
662,0.002997000999999999,0.0038816444276348963,0.0038816444276348963,0.0014985004999999996,0.0014985004999999996,0.007203754,0.003176821059999999
663,0.002997000999999999,0.0033773579929399894,0.0033773579929399894,0.005665167166666666,0.00423822652739726,0.001724301945205479,0.0029009327487671227
664,0.002997000999999999,0.002873071558245083,0.002873071558245083,0.005665167166666666,0.00423822652739726,0.001724301945205479,0.0028871383332054784
665,0.002997000999999999,0.0033773579929399894,0.0033773579929399894,0.009831833833333333,0.00423822652739726,0.004464027972602739,0.002817180939999999
666,0.002997000999999999,0.0038816444276348963,0.0038816444276348963,0.005665167166666666,0.00423822652739726,0.001724301945205479,0.002921624372109588
667,0.002997000999999999,0.0033773579929399894,0.0033773579929399894,0.0014985004999999996,0.0028683635136986293,0.001724301945205479,0.0031344524979178075
668,0.002997000999999999,0.0033773579929399894,0.0033773579929399894,0.0014985004999999996,0.0014985004999999996,0.004464027972602739,0.003176821059999999
669,0.002997000999999999,0.0033773579929399894,0.0033773579929399894,0.005665167166666666,0.00423822652739726,0.001724301945205479,0.002899947433369862
670,0.002997000999999999,0.002368785123550176,0.002368785123550176,0.0014985004999999996,0.0014985004999999996,0.001724301945205479,0.003176821059999999
671,0.002997000999999999,0.002368785123550176,0.002368785123550176,0.005665167166666666,0.0028683635136986293,0.001724301945205479,0.002910785902739725
672,0.002997000999999999,0.002873071558245083,0.002873071558245083,0.0014985004999999996,0.00423822652739726,0.004464027972602739,0.00303690627358904
673,0.002997000999999999,0.002873071558245083,0.002873071558245083,0.0014985004999999996,0.0014985004999999996,0.001724301945205479,0.003176821059999999
674,0.002997000999999999,0.0038816444276348963,0.0038816444276348963,0.005665167166666666,0.00560808954109589,0.004464027972602739,0.002902903379561643
675,0.002997000999999999,0.0038816444276348963,0.0038816444276348963,0.0014985004999999996,0.00423822652739726,0.007203754,0.0029403453646575334
676,0.002997000999999999,0.0033773579929399894,0.0033773579929399894,0.005665167166666666,0.00423822652739726,0.007203754,0.0028575788712876704
677,0.002997000999999999,0.002368785123550176,0.002368785123550176,0.0014985004999999996,0.0014985004999999996,0.001724301945205479,0.003176821059999999
678,0.002997000999999999,0.002368785123550176,0.002368785123550176,0.005665167166666666,0.0028683635136986293,0.004464027972602739,0.0029127565335342457
679,0.002997000999999999,0.002873071558245083,0.002873071558245083,0.0014985004999999996,0.0014985004999999996,0.004464027972602739,0.003176821059999999
680,0.002997000999999999,0.002873071558245083,0.002873071558245083,0.0014985004999999996,0.0028683635136986293,0.004464027972602739,0.0030260678042191773
681,0.002997000999999999,0.0033773579929399894,0.0033773579929399894,0.0014985004999999996,0.0028683635136986293,0.004464027972602739,0.002967934195780821
682,0.002997000999999999,0.004385930862329803,0.004385930862329803,0.0014985004999999996,0.0028683635136986293,0.001724301945205479,0.003092083935835616
683,0.002997000999999999,0.002873071558245083,0.002873071558245083,0.0014985004999999996,0.0014985004999999996,0.001724301945205479,0.003176821059999999
684,0.002997000999999999,0.0018644986888552695,0.0018644986888552695,0.0014985004999999996,0.0014985004999999996,0.001724301945205479,0.003176821059999999
685,0.002997000999999999,0.002368785123550176,0.002368785123550176,0.0014985004999999996,0.0014985004999999996,0.001724301945205479,0.003176821059999999
686,0.002997000999999999,0.0018644986888552695,0.0018644986888552695,0.0014985004999999996,0.0014985004999999996,0.001724301945205479,0.003176821059999999
687,0.002997000999999999,0.002368785123550176,0.002368785123550176,0.005665167166666666,0.0028683635136986293,0.004464027972602739,0.0028694026560547935
688,0.002997000999999999,0.0013602122541603626,0.0013602122541603626,0.0014985004999999996,0.0014985004999999996,0.001724301945205479,0.003176821059999999
689,0.002997000999999999,0.0038816444276348963,0.0038816444276348963,0.0014985004999999996,0.00560808954109589,0.004464027972602739,0.002970890141972602
690,0.002997000999999999,0.002873071558245083,0.002873071558245083,0.0014985004999999996,0.0014985004999999996,0.004464027972602739,0.003176821059999999
691,0.002997000999999999,0.005898790166414523,0.005898790166414523,0.005665167166666666,0.00697795255479452,0.004464027972602739,0.0028181662553972598
692,0.002997000999999999,0.002368785123550176,0.002368785123550176,0.0014985004999999996,0.0028683635136986293,0.001724301945205479,0.0030979958282191774
693,0.002997000999999999,0.0018644986888552695,0.0018644986888552695,0.0014985004999999996,0.0014985004999999996,0.001724301945205479,0.003176821059999999
694,0.002997000999999999,0.002873071558245083,0.002873071558245083,0.0014985004999999996,0.0014985004999999996,0.001724301945205479,0.003176821059999999
695,0.002997000999999999,0.0033773579929399894,0.0033773579929399894,0.005665167166666666,0.00423822652739726,0.001724301945205479,0.00292950689528767
696,0.002997000999999999,0.0033773579929399894,0.0033773579929399894,0.0014985004999999996,0.00423822652739726,0.001724301945205479,0.003011288073260273
697,0.002997000999999999,0.0038816444276348963,0.0038816444276348963,0.0014985004999999996,0.00423822652739726,0.004464027972602739,0.0030792748356712318
698,0.002997000999999999,0.0033773579929399894,0.0033773579929399894,0.005665167166666666,0.0028683635136986293,0.001724301945205479,0.0028910795947945196
699,0.002997000999999999,0.0033773579929399894,0.0033773579929399894,0.0014985004999999996,0.00423822652739726,0.001724301945205479,0.0030191705964383556
700,0.002997000999999999,0.002873071558245083,0.002873071558245083,0.0014985004999999996,0.0014985004999999996,0.004464027972602739,0.003176821059999999
701,0.002997000999999999,0.002873071558245083,0.002873071558245083,0.0014985004999999996,0.0014985004999999996,0.001724301945205479,0.003176821059999999
702,0.002997000999999999,0.002873071558245083,0.002873071558245083,0.005665167166666666,0.0028683635136986293,0.004464027972602739,0.0028575788712876704
703,0.002997000999999999,0.0038816444276348963,0.0038816444276348963,0.005665167166666666,0.0028683635136986293,0.007203754,0.00292950689528767
704,0.002997000999999999,0.002873071558245083,0.002873071558245083,0.0014985004999999996,0.0028683635136986293,0.004464027972602739,0.003167953221424657
705,0.002997000999999999,0.002873071558245083,0.002873071558245083,0.005665167166666666,0.0028683635136986293,0.001724301945205479,0.002881226440821917
706,0.002997000999999999,0.002873071558245083,0.002873071558245083,0.0014985004999999996,0.0028683635136986293,0.001724301945205479,0.002989611134520547
707,0.002997000999999999,0.002873071558245083,0.002873071558245083,0.005665167166666666,0.0028683635136986293,0.001724301945205479,0.0029088152719452046
708,0.002997000999999999,0.002873071558245083,0.002873071558245083,0.0014985004999999996,0.0028683635136986293,0.001724301945205479,0.00296399293419178
709,0.002997000999999999,0.002873071558245083,0.002873071558245083,0.0014985004999999996,0.0028683635136986293,0.001724301945205479,0.0030497153737534233
710,0.002997000999999999,0.002368785123550176,0.002368785123550176,0.005665167166666666,0.00423822652739726,0.001724301945205479,0.0029304922106849307
711,0.002997000999999999,0.0018644986888552695,0.0018644986888552695,0.0014985004999999996,0.0014985004999999996,0.001724301945205479,0.003176821059999999
712,0.002997000999999999,0.0033773579929399894,0.0033773579929399894,0.0014985004999999996,0.00423822652739726,0.00994348002739726,0.0029905964499178073
713,0.002997000999999999,0.002873071558245083,0.002873071558245083,0.0014985004999999996,0.0014985004999999996,0.001724301945205479,0.003176821059999999
714,0.002997000999999999,0.002368785123550176,0.002368785123550176,0.0014985004999999996,0.0028683635136986293,0.001724301945205479,0.0029620223033972595
715,0.002997000999999999,0.002873071558245083,0.002873071558245083,0.0014985004999999996,0.00423822652739726,0.001724301945205479,0.002939360049260273
716,0.002997000999999999,0.0038816444276348963,0.0038816444276348963,0.0014985004999999996,0.0014985004999999996,0.004464027972602739,0.003176821059999999
717,0.002997000999999999,0.0033773579929399894,0.0033773579929399894,0.0014985004999999996,0.00423822652739726,0.001724301945205479,0.0030083321270684923
718,0.002997000999999999,0.004385930862329803,0.004385930862329803,0.0014985004999999996,0.00423822652739726,0.001724301945205479,0.003039862219780821
719,0.002997000999999999,0.0038816444276348963,0.0038816444276348963,0.005665167166666666,0.0028683635136986293,0.001724301945205479,0.002840828509534246
720,0.002997000999999999,0.004385930862329803,0.004385930862329803,0.0014985004999999996,0.00560808954109589,0.004464027972602739,0.003048730058356163
721,0.002997000999999999,0.002873071558245083,0.002873071558245083,0.0014985004999999996,0.0014985004999999996,0.001724301945205479,0.003176821059999999
722,0.002997000999999999,0.0038816444276348963,0.0038816444276348963,0.0014985004999999996,0.0028683635136986293,0.001724301945205479,0.0029758167189589033
723,0.002997000999999999,0.002873071558245083,0.002873071558245083,0.0014985004999999996,0.00423822652739726,0.004464027972602739,0.0029511838340273966
724,0.002997000999999999,0.0038816444276348963,0.0038816444276348963,0.009831833833333333,0.00697795255479452,0.001724301945205479,0.0028831970716164377
725,0.002997000999999999,0.002873071558245083,0.002873071558245083,0.0014985004999999996,0.0028683635136986293,0.007203754,0.0029876405037260268
726,0.002997000999999999,0.0038816444276348963,0.0038816444276348963,0.005665167166666666,0.00423822652739726,0.004464027972602739,0.0029088152719452046
727,0.002997000999999999,0.0033773579929399894,0.0033773579929399894,0.0014985004999999996,0.0028683635136986293,0.007203754,0.003069421681698629
728,0.002997000999999999,0.0033773579929399894,0.0033773579929399894,0.005665167166666666,0.00423822652739726,0.004464027972602739,0.0028299900401643828
729,0.002997000999999999,0.002368785123550176,0.002368785123550176,0.0014985004999999996,0.0014985004999999996,0.004464027972602739,0.003176821059999999
730,0.002997000999999999,0.002873071558245083,0.002873071558245083,0.005665167166666666,0.0028683635136986293,0.001724301945205479,0.0028260487785753416
731,0.002997000999999999,0.004385930862329803,0.004385930862329803,0.005665167166666666,0.00423822652739726,0.004464027972602739,0.0029058593257534236
732,0.002997000999999999,0.0033773579929399894,0.0033773579929399894,0.009831833833333333,0.00423822652739726,0.004464027972602739,0.002834916617150684
733,0.002997000999999999,0.0033773579929399894,0.0033773579929399894,0.0014985004999999996,0.00423822652739726,0.004464027972602739,0.003028038435013698
734,0.002997000999999999,0.002368785123550176,0.002368785123550176,0.005665167166666666,0.00423822652739726,0.001724301945205479,0.0028881236486027386
735,0.002997000999999999,0.002873071558245083,0.002873071558245083,0.0014985004999999996,0.0028683635136986293,0.004464027972602739,0.0031649972752328757
736,0.002997000999999999,0.002873071558245083,0.002873071558245083,0.0014985004999999996,0.0014985004999999996,0.004464027972602739,0.003176821059999999
737,0.002997000999999999,0.002873071558245083,0.002873071558245083,0.0014985004999999996,0.0028683635136986293,0.001724301945205479,0.003131496551726027
738,0.002997000999999999,0.0013602122541603626,0.0013602122541603626,0.0014985004999999996,0.0014985004999999996,0.001724301945205479,0.003176821059999999
739,0.002997000999999999,0.002873071558245083,0.002873071558245083,0.005665167166666666,0.00423822652739726,0.004464027972602739,0.002919653741315068
740,0.002997000999999999,0.002873071558245083,0.002873071558245083,0.0014985004999999996,0.0014985004999999996,0.001724301945205479,0.003176821059999999
741,0.002997000999999999,0.0033773579929399894,0.0033773579929399894,0.0014985004999999996,0.0028683635136986293,0.004464027972602739,0.0029974936576986294
742,0.002997000999999999,0.004385930862329803,0.004385930862329803,0.005665167166666666,0.00834781556849315,0.004464027972602739,0.0028792558100273966
743,0.002997000999999999,0.0018644986888552695,0.0018644986888552695,0.0014985004999999996,0.0014985004999999996,0.001724301945205479,0.003176821059999999
744,0.002997000999999999,0.0033773579929399894,0.0033773579929399894,0.0014985004999999996,0.0014985004999999996,0.004464027972602739,0.003176821059999999
745,0.002997000999999999,0.002873071558245083,0.002873071558245083,0.009831833833333333,0.00423822652739726,0.001724301945205479,0.002837872563342465
746,0.002997000999999999,0.002873071558245083,0.002873071558245083,0.0014985004999999996,0.0014985004999999996,0.001724301945205479,0.003176821059999999
747,0.002997000999999999,0.0018644986888552695,0.0018644986888552695,0.0014985004999999996,0.0014985004999999996,0.001724301945205479,0.003176821059999999
748,0.002997000999999999,0.002873071558245083,0.002873071558245083,0.0014985004999999996,0.00423822652739726,0.001724301945205479,0.0030556272661369857
749,0.002997000999999999,0.0033773579929399894,0.0033773579929399894,0.0014985004999999996,0.0014985004999999996,0.001724301945205479,0.003176821059999999
750,0.002997000999999999,0.0018644986888552695,0.0018644986888552695,0.0014985004999999996,0.0014985004999999996,0.001724301945205479,0.003176821059999999
751,0.002997000999999999,0.002368785123550176,0.002368785123550176,0.005665167166666666,0.0028683635136986293,0.001724301945205479,0.0028565935558904102
752,0.002997000999999999,0.0038816444276348963,0.0038816444276348963,0.009831833833333333,0.00560808954109589,0.00994348002739726,0.002848711032712328
753,0.002997000999999999,0.0033773579929399894,0.0033773579929399894,0.0014985004999999996,0.0014985004999999996,0.004464027972602739,0.003176821059999999
754,0.002997000999999999,0.0033773579929399894,0.0033773579929399894,0.0014985004999999996,0.0014985004999999996,0.004464027972602739,0.003176821059999999
755,0.002997000999999999,0.0018644986888552695,0.0018644986888552695,0.0014985004999999996,0.0014985004999999996,0.001724301945205479,0.003176821059999999
756,0.002997000999999999,0.004385930862329803,0.004385930862329803,0.0014985004999999996,0.0014985004999999996,0.004464027972602739,0.003176821059999999
757,0.002997000999999999,0.002873071558245083,0.002873071558245083,0.0014985004999999996,0.0028683635136986293,0.004464027972602739,0.003154158805863013
758,0.002997000999999999,0.0018644986888552695,0.0018644986888552695,0.0014985004999999996,0.0014985004999999996,0.001724301945205479,0.003176821059999999
759,0.002997000999999999,0.002368785123550176,0.002368785123550176,0.0014985004999999996,0.0014985004999999996,0.001724301945205479,0.003176821059999999
760,0.002997000999999999,0.0018644986888552695,0.0018644986888552695,0.0014985004999999996,0.0014985004999999996,0.001724301945205479,0.003176821059999999
761,0.002997000999999999,0.002368785123550176,0.002368785123550176,0.0014985004999999996,0.0014985004999999996,0.001724301945205479,0.003176821059999999
762,0.002997000999999999,0.004890217297024709,0.004890217297024709,0.005665167166666666,0.00697795255479452,0.004464027972602739,0.0028615201328767116
763,0.002997000999999999,0.0018644986888552695,0.0018644986888552695,0.0014985004999999996,0.0028683635136986293,0.004464027972602739,0.0031019370898082185
764,0.002997000999999999,0.0033773579929399894,0.0033773579929399894,0.009831833833333333,0.00560808954109589,0.001724301945205479,0.0028359019325479447
765,0.002997000999999999,0.0033773579929399894,0.0033773579929399894,0.0014985004999999996,0.0014985004999999996,0.001724301945205479,0.003176821059999999
766,0.002997000999999999,0.002873071558245083,0.002873071558245083,0.0014985004999999996,0.0014985004999999996,0.001724301945205479,0.003176821059999999
767,0.002997000999999999,0.002368785123550176,0.002368785123550176,0.0014985004999999996,0.0028683635136986293,0.001724301945205479,0.0031689385368219173
768,0.002997000999999999,0.0018644986888552695,0.0018644986888552695,0.0014985004999999996,0.0028683635136986293,0.001724301945205479,0.003080260151068492
769,0.002997000999999999,0.002368785123550176,0.002368785123550176,0.0014985004999999996,0.00423822652739726,0.001724301945205479,0.002938374733863013
770,0.002997000999999999,0.0038816444276348963,0.0038816444276348963,0.0014985004999999996,0.00560808954109589,0.001724301945205479,0.0031177021361643827
771,0.002997000999999999,0.0038816444276348963,0.0038816444276348963,0.005665167166666666,0.00423822652739726,0.001724301945205479,0.0029137418489315063
772,0.002997000999999999,0.0033773579929399894,0.0033773579929399894,0.005665167166666666,0.0028683635136986293,0.007203754,0.002836887247945205
773,0.002997000999999999,0.002368785123550176,0.002368785123550176,0.005665167166666666,0.0028683635136986293,0.004464027972602739,0.002864476079068492
774,0.002997000999999999,0.0033773579929399894,0.0033773579929399894,0.005665167166666666,0.00423822652739726,0.001724301945205479,0.0029314775260821913
775,0.002997000999999999,0.0038816444276348963,0.0038816444276348963,0.0014985004999999996,0.00423822652739726,0.001724301945205479,0.003103907720602739
776,0.002997000999999999,0.0013602122541603626,0.0013602122541603626,0.0014985004999999996,0.0014985004999999996,0.001724301945205479,0.003176821059999999
777,0.002997000999999999,0.002368785123550176,0.002368785123550176,0.005665167166666666,0.0028683635136986293,0.001724301945205479,0.002901918064164383
778,0.002997000999999999,0.002368785123550176,0.002368785123550176,0.0014985004999999996,0.0028683635136986293,0.004464027972602739,0.0029482278878356152
779,0.002997000999999999,0.0013602122541603626,0.0013602122541603626,0.0014985004999999996,0.0014985004999999996,0.001724301945205479,0.003176821059999999
780,0.002997000999999999,0.0013602122541603626,0.0013602122541603626,0.0014985004999999996,0.0014985004999999996,0.001724301945205479,0.003176821059999999
781,0.002997000999999999,0.002873071558245083,0.002873071558245083,0.0014985004999999996,0.0028683635136986293,0.004464027972602739,0.003046759427561643
782,0.002997000999999999,0.004385930862329803,0.004385930862329803,0.0014985004999999996,0.0014985004999999996,0.004464027972602739,0.003176821059999999
783,0.002997000999999999,0.0018644986888552695,0.0018644986888552695,0.0014985004999999996,0.0014985004999999996,0.001724301945205479,0.003176821059999999
784,0.002997000999999999,0.002873071558245083,0.002873071558245083,0.005665167166666666,0.00423822652739726,0.001724301945205479,0.0029304922106849307
785,0.002997000999999999,0.0018644986888552695,0.0018644986888552695,0.0014985004999999996,0.0014985004999999996,0.001724301945205479,0.003176821059999999
786,0.002997000999999999,0.0033773579929399894,0.0033773579929399894,0.005665167166666666,0.00423822652739726,0.004464027972602739,0.0028467404019178076
787,0.002997000999999999,0.0033773579929399894,0.0033773579929399894,0.005665167166666666,0.00423822652739726,0.001724301945205479,0.0028753145484383554
788,0.002997000999999999,0.004385930862329803,0.004385930862329803,0.0014985004999999996,0.0014985004999999996,0.001724301945205479,0.003176821059999999
789,0.002997000999999999,0.002873071558245083,0.002873071558245083,0.0014985004999999996,0.0028683635136986293,0.004464027972602739,0.003164011959835615
790,0.002997000999999999,0.002368785123550176,0.002368785123550176,0.005665167166666666,0.0028683635136986293,0.004464027972602739,0.0028713732868493142
791,0.002997000999999999,0.002873071558245083,0.002873071558245083,0.0014985004999999996,0.0028683635136986293,0.007203754,0.002949213203232876
792,0.002997000999999999,0.0033773579929399894,0.0033773579929399894,0.005665167166666666,0.0028683635136986293,0.001724301945205479,0.002920639056712328
793,0.002997000999999999,0.002873071558245083,0.002873071558245083,0.005665167166666666,0.0028683635136986293,0.004464027972602739,0.0028437844557260266
794,0.002997000999999999,0.0038816444276348963,0.0038816444276348963,0.0014985004999999996,0.0028683635136986293,0.001724301945205479,0.0031383937595068486
795,0.002997000999999999,0.0018644986888552695,0.0018644986888552695,0.0014985004999999996,0.0014985004999999996,0.001724301945205479,0.003176821059999999
796,0.002997000999999999,0.002368785123550176,0.002368785123550176,0.0014985004999999996,0.0014985004999999996,0.001724301945205479,0.003176821059999999
797,0.002997000999999999,0.0018644986888552695,0.0018644986888552695,0.0014985004999999996,0.0014985004999999996,0.001724301945205479,0.003176821059999999
798,0.002997000999999999,0.0033773579929399894,0.0033773579929399894,0.0014985004999999996,0.0028683635136986293,0.001724301945205479,0.003096025197424657
799,0.002997000999999999,0.0038816444276348963,0.0038816444276348963,0.0014985004999999996,0.0014985004999999996,0.001724301945205479,0.003176821059999999
800,0.002997000999999999,0.002873071558245083,0.002873071558245083,0.0014985004999999996,0.0028683635136986293,0.004464027972602739,0.0030743482586849304
801,0.002997000999999999,0.002368785123550176,0.002368785123550176,0.0014985004999999996,0.0028683635136986293,0.001724301945205479,0.0030635097893150676
802,0.002997000999999999,0.002368785123550176,0.002368785123550176,0.0014985004999999996,0.0014985004999999996,0.001724301945205479,0.003176821059999999
803,0.002997000999999999,0.0033773579929399894,0.0033773579929399894,0.0014985004999999996,0.0028683635136986293,0.007203754,0.0031709091676164376
804,0.002997000999999999,0.002873071558245083,0.002873071558245083,0.0014985004999999996,0.0014985004999999996,0.004464027972602739,0.003176821059999999
805,0.002997000999999999,0.002873071558245083,0.002873071558245083,0.0014985004999999996,0.0014985004999999996,0.001724301945205479,0.003176821059999999
806,0.002997000999999999,0.002873071558245083,0.002873071558245083,0.005665167166666666,0.00423822652739726,0.001724301945205479,0.0028477257173150678
807,0.002997000999999999,0.0013602122541603626,0.0013602122541603626,0.0014985004999999996,0.0014985004999999996,0.001724301945205479,0.003176821059999999
808,0.002997000999999999,0.0018644986888552695,0.0018644986888552695,0.0014985004999999996,0.0014985004999999996,0.004464027972602739,0.003176821059999999
809,0.002997000999999999,0.002873071558245083,0.002873071558245083,0.005665167166666666,0.0028683635136986293,0.001724301945205479,0.0028871383332054784
810,0.002997000999999999,0.002873071558245083,0.002873071558245083,0.0014985004999999996,0.0014985004999999996,0.004464027972602739,0.003176821059999999
811,0.002997000999999999,0.0038816444276348963,0.0038816444276348963,0.005665167166666666,0.00560808954109589,0.004464027972602739,0.0028979768025753417
812,0.002997000999999999,0.0018644986888552695,0.0018644986888552695,0.0014985004999999996,0.0014985004999999996,0.001724301945205479,0.003176821059999999
813,0.002997000999999999,0.0038816444276348963,0.0038816444276348963,0.0014985004999999996,0.0028683635136986293,0.004464027972602739,0.003060553843123287
814,0.002997000999999999,0.0033773579929399894,0.0033773579929399894,0.0014985004999999996,0.0014985004999999996,0.007203754,0.003176821059999999
815,0.002997000999999999,0.002873071558245083,0.002873071558245083,0.0014985004999999996,0.0014985004999999996,0.001724301945205479,0.003176821059999999
816,0.002997000999999999,0.002368785123550176,0.002368785123550176,0.0014985004999999996,0.0014985004999999996,0.001724301945205479,0.003176821059999999
817,0.002997000999999999,0.002368785123550176,0.002368785123550176,0.0014985004999999996,0.0014985004999999996,0.004464027972602739,0.003176821059999999
818,0.002997000999999999,0.002368785123550176,0.002368785123550176,0.0014985004999999996,0.0014985004999999996,0.001724301945205479,0.003176821059999999
819,0.002997000999999999,0.0038816444276348963,0.0038816444276348963,0.0014985004999999996,0.00560808954109589,0.007203754,0.002988625819123287
820,0.002997000999999999,0.0033773579929399894,0.0033773579929399894,0.0014985004999999996,0.00423822652739726,0.001724301945205479,0.002984684557534246
821,0.002997000999999999,0.002368785123550176,0.002368785123550176,0.005665167166666666,0.0028683635136986293,0.004464027972602739,0.002823092832383561
822,0.002997000999999999,0.0018644986888552695,0.0018644986888552695,0.0014985004999999996,0.0028683635136986293,0.001724301945205479,0.003057597896931506
823,0.002997000999999999,0.002368785123550176,0.002368785123550176,0.0014985004999999996,0.0014985004999999996,0.001724301945205479,0.003176821059999999
824,0.002997000999999999,0.002873071558245083,0.002873071558245083,0.009831833833333333,0.00423822652739726,0.001724301945205479,0.0028753145484383554
825,0.002997000999999999,0.0038816444276348963,0.0038816444276348963,0.0014985004999999996,0.00423822652739726,0.001724301945205479,0.00300143491928767
826,0.002997000999999999,0.002368785123550176,0.002368785123550176,0.0014985004999999996,0.0028683635136986293,0.001724301945205479,0.0031344524979178075
827,0.002997000999999999,0.0033773579929399894,0.0033773579929399894,0.009831833833333333,0.00423822652739726,0.004464027972602739,0.0028447697711232868
828,0.002997000999999999,0.002368785123550176,0.002368785123550176,0.0014985004999999996,0.0014985004999999996,0.001724301945205479,0.003176821059999999
829,0.002997000999999999,0.0018644986888552695,0.0018644986888552695,0.0014985004999999996,0.0014985004999999996,0.001724301945205479,0.003176821059999999
830,0.002997000999999999,0.0013602122541603626,0.0013602122541603626,0.0014985004999999996,0.0014985004999999996,0.001724301945205479,0.003176821059999999
831,0.002997000999999999,0.002873071558245083,0.002873071558245083,0.0014985004999999996,0.0028683635136986293,0.001724301945205479,0.0030063614962739715
832,0.002997000999999999,0.004890217297024709,0.004890217297024709,0.005665167166666666,0.0028683635136986293,0.004464027972602739,0.0029157124797260267
833,0.002997000999999999,0.002873071558245083,0.002873071558245083,0.0014985004999999996,0.0014985004999999996,0.004464027972602739,0.003176821059999999
834,0.002997000999999999,0.0013602122541603626,0.0013602122541603626,0.0014985004999999996,0.0014985004999999996,0.001724301945205479,0.003176821059999999
835,0.002997000999999999,0.0013602122541603626,0.0013602122541603626,0.0014985004999999996,0.0014985004999999996,0.001724301945205479,0.003176821059999999
836,0.002997000999999999,0.0033773579929399894,0.0033773579929399894,0.0014985004999999996,0.00423822652739726,0.001724301945205479,0.00299946428849315
837,0.002997000999999999,0.0018644986888552695,0.0018644986888552695,0.0014985004999999996,0.0014985004999999996,0.001724301945205479,0.003176821059999999
838,0.002997000999999999,0.0038816444276348963,0.0038816444276348963,0.0014985004999999996,0.00423822652739726,0.004464027972602739,0.0031265699747397247
839,0.002997000999999999,0.002873071558245083,0.002873071558245083,0.009831833833333333,0.00560808954109589,0.001724301945205479,0.002833931301753424
840,0.002997000999999999,0.0038816444276348963,0.0038816444276348963,0.0014985004999999996,0.0014985004999999996,0.004464027972602739,0.003176821059999999
841,0.002997000999999999,0.0033773579929399894,0.0033773579929399894,0.009831833833333333,0.00423822652739726,0.001724301945205479,0.0028290047247671226
842,0.002997000999999999,0.0033773579929399894,0.0033773579929399894,0.005665167166666666,0.0028683635136986293,0.004464027972602739,0.002837872563342465
843,0.002997000999999999,0.002873071558245083,0.002873071558245083,0.0014985004999999996,0.0014985004999999996,0.001724301945205479,0.003176821059999999
844,0.002997000999999999,0.002873071558245083,0.002873071558245083,0.005665167166666666,0.0028683635136986293,0.001724301945205479,0.0029137418489315063
845,0.002997000999999999,0.002873071558245083,0.002873071558245083,0.0014985004999999996,0.0014985004999999996,0.004464027972602739,0.003176821059999999
846,0.002997000999999999,0.002368785123550176,0.002368785123550176,0.0014985004999999996,0.0014985004999999996,0.004464027972602739,0.003176821059999999
847,0.002997000999999999,0.0038816444276348963,0.0038816444276348963,0.0014985004999999996,0.00423822652739726,0.001724301945205479,0.0030063614962739715
848,0.002997000999999999,0.0033773579929399894,0.0033773579929399894,0.0014985004999999996,0.0014985004999999996,0.001724301945205479,0.003176821059999999
849,0.002997000999999999,0.0018644986888552695,0.0018644986888552695,0.0014985004999999996,0.0014985004999999996,0.001724301945205479,0.003176821059999999
850,0.002997000999999999,0.0038816444276348963,0.0038816444276348963,0.0014985004999999996,0.0028683635136986293,0.004464027972602739,0.003095039882027397
851,0.002997000999999999,0.002368785123550176,0.002368785123550176,0.0014985004999999996,0.0028683635136986293,0.001724301945205479,0.00307237762789041
852,0.002997000999999999,0.0033773579929399894,0.0033773579929399894,0.0014985004999999996,0.00423822652739726,0.007203754,0.00310883429758904
853,0.002997000999999999,0.0033773579929399894,0.0033773579929399894,0.0014985004999999996,0.00423822652739726,0.001724301945205479,0.0030891279896438344
854,0.002997000999999999,0.004385930862329803,0.004385930862329803,0.005665167166666666,0.00697795255479452,0.004464027972602739,0.002817180939999999
855,0.002997000999999999,0.0033773579929399894,0.0033773579929399894,0.005665167166666666,0.0028683635136986293,0.001724301945205479,0.0028723586022465744
856,0.002997000999999999,0.002368785123550176,0.002368785123550176,0.005665167166666666,0.0028683635136986293,0.001724301945205479,0.002910785902739725
857,0.002997000999999999,0.002368785123550176,0.002368785123550176,0.0014985004999999996,0.0014985004999999996,0.001724301945205479,0.003176821059999999
858,0.002997000999999999,0.0038816444276348963,0.0038816444276348963,0.005665167166666666,0.0028683635136986293,0.001724301945205479,0.0028881236486027386
859,0.002997000999999999,0.0018644986888552695,0.0018644986888552695,0.0014985004999999996,0.0028683635136986293,0.001724301945205479,0.003104893035999999
860,0.002997000999999999,0.0013602122541603626,0.0013602122541603626,0.0014985004999999996,0.0014985004999999996,0.001724301945205479,0.003176821059999999
861,0.002997000999999999,0.0018644986888552695,0.0018644986888552695,0.0014985004999999996,0.0014985004999999996,0.004464027972602739,0.003176821059999999
862,0.002997000999999999,0.002873071558245083,0.002873071558245083,0.0014985004999999996,0.0014985004999999996,0.001724301945205479,0.003176821059999999
863,0.002997000999999999,0.0018644986888552695,0.0018644986888552695,0.0014985004999999996,0.0014985004999999996,0.001724301945205479,0.003176821059999999
864,0.002997000999999999,0.002368785123550176,0.002368785123550176,0.0014985004999999996,0.0014985004999999996,0.001724301945205479,0.003176821059999999
865,0.002997000999999999,0.002368785123550176,0.002368785123550176,0.0014985004999999996,0.0028683635136986293,0.001724301945205479,0.002992567080712328
866,0.002997000999999999,0.0013602122541603626,0.0013602122541603626,0.0014985004999999996,0.0014985004999999996,0.001724301945205479,0.003176821059999999
867,0.002997000999999999,0.0038816444276348963,0.0038816444276348963,0.0014985004999999996,0.0028683635136986293,0.001724301945205479,0.0029728607727671223
868,0.002997000999999999,0.002873071558245083,0.002873071558245083,0.0014985004999999996,0.0014985004999999996,0.001724301945205479,0.003176821059999999
869,0.002997000999999999,0.002368785123550176,0.002368785123550176,0.0014985004999999996,0.0028683635136986293,0.004464027972602739,0.0030674510509041087
870,0.002997000999999999,0.002368785123550176,0.002368785123550176,0.005665167166666666,0.0028683635136986293,0.001724301945205479,0.0028467404019178076
871,0.002997000999999999,0.002873071558245083,0.002873071558245083,0.0014985004999999996,0.0028683635136986293,0.001724301945205479,0.0031058783513972597
872,0.002997000999999999,0.004890217297024709,0.004890217297024709,0.0014985004999999996,0.00423822652739726,0.004464027972602739,0.002988625819123287
873,0.002997000999999999,0.0038816444276348963,0.0038816444276348963,0.009831833833333333,0.00423822652739726,0.001724301945205479,0.002827034093972602
874,0.002997000999999999,0.002368785123550176,0.002368785123550176,0.009831833833333333,0.00423822652739726,0.001724301945205479,0.0028546229250958895
875,0.002997000999999999,0.005898790166414523,0.005898790166414523,0.018165167166666666,0.00697795255479452,0.00994348002739726,0.0028181662553972598
876,0.002997000999999999,0.002873071558245083,0.002873071558245083,0.0014985004999999996,0.0028683635136986293,0.001724301945205479,0.003012273388657533
877,0.002997000999999999,0.0033773579929399894,0.0033773579929399894,0.0014985004999999996,0.00423822652739726,0.007203754,0.0029984789730958896
878,0.002997000999999999,0.002873071558245083,0.002873071558245083,0.005665167166666666,0.0028683635136986293,0.001724301945205479,0.00285560824049315
879,0.002997000999999999,0.0033773579929399894,0.0033773579929399894,0.009831833833333333,0.00560808954109589,0.001724301945205479,0.0029009327487671227
880,0.002997000999999999,0.0038816444276348963,0.0038816444276348963,0.0014985004999999996,0.0028683635136986293,0.004464027972602739,0.0029955230269041087
881,0.002997000999999999,0.0033773579929399894,0.0033773579929399894,0.005665167166666666,0.0028683635136986293,0.004464027972602739,0.0028979768025753417
882,0.002997000999999999,0.002368785123550176,0.002368785123550176,0.0014985004999999996,0.0014985004999999996,0.001724301945205479,0.003176821059999999
883,0.002997000999999999,0.002873071558245083,0.002873071558245083,0.0014985004999999996,0.0028683635136986293,0.004464027972602739,0.0030585832123287667
884,0.002997000999999999,0.002873071558245083,0.002873071558245083,0.005665167166666666,0.0028683635136986293,0.004464027972602739,0.0028802411254246567
885,0.002997000999999999,0.002873071558245083,0.002873071558245083,0.0014985004999999996,0.0028683635136986293,0.007203754,0.003031979696602739
886,0.002997000999999999,0.004385930862329803,0.004385930862329803,0.0014985004999999996,0.0014985004999999996,0.001724301945205479,0.003176821059999999
887,0.002997000999999999,0.004385930862329803,0.004385930862329803,0.0014985004999999996,0.00560808954109589,0.00994348002739726,0.002937389418465753
888,0.002997000999999999,0.0033773579929399894,0.0033773579929399894,0.005665167166666666,0.00423822652739726,0.004464027972602739,0.002920639056712328
889,0.002997000999999999,0.0038816444276348963,0.0038816444276348963,0.005665167166666666,0.0028683635136986293,0.001724301945205479,0.0029038886949589032
890,0.002997000999999999,0.002873071558245083,0.002873071558245083,0.0014985004999999996,0.0028683635136986293,0.001724301945205479,0.00303592095819178
891,0.002997000999999999,0.002368785123550176,0.002368785123550176,0.0014985004999999996,0.0014985004999999996,0.004464027972602739,0.003176821059999999
892,0.002997000999999999,0.002873071558245083,0.002873071558245083,0.0014985004999999996,0.0014985004999999996,0.001724301945205479,0.003176821059999999
893,0.002997000999999999,0.0018644986888552695,0.0018644986888552695,0.005665167166666666,0.0028683635136986293,0.001724301945205479,0.00285560824049315
894,0.002997000999999999,0.0018644986888552695,0.0018644986888552695,0.005665167166666666,0.0028683635136986293,0.001724301945205479,0.00281915157079452
895,0.002997000999999999,0.0038816444276348963,0.0038816444276348963,0.0014985004999999996,0.00423822652739726,0.001724301945205479,0.003032965011999999
896,0.002997000999999999,0.0018644986888552695,0.0018644986888552695,0.005665167166666666,0.0028683635136986293,0.001724301945205479,0.002934433472273972
897,0.002997000999999999,0.002873071558245083,0.002873071558245083,0.005665167166666666,0.0028683635136986293,0.001724301945205479,0.002852652294301369
898,0.002997000999999999,0.004890217297024709,0.004890217297024709,0.0014985004999999996,0.00423822652739726,0.001724301945205479,0.002978772665150684
899,0.002997000999999999,0.002368785123550176,0.002368785123550176,0.0014985004999999996,0.0014985004999999996,0.004464027972602739,0.003176821059999999
900,0.002997000999999999,0.0018644986888552695,0.0018644986888552695,0.0014985004999999996,0.0014985004999999996,0.001724301945205479,0.003176821059999999
901,0.002997000999999999,0.0013602122541603626,0.0013602122541603626,0.0014985004999999996,0.0014985004999999996,0.001724301945205479,0.003176821059999999
902,0.002997000999999999,0.002873071558245083,0.002873071558245083,0.0014985004999999996,0.0014985004999999996,0.001724301945205479,0.003176821059999999
903,0.002997000999999999,0.002873071558245083,0.002873071558245083,0.005665167166666666,0.0028683635136986293,0.004464027972602739,0.0028329459863561633
904,0.002997000999999999,0.0033773579929399894,0.0033773579929399894,0.0014985004999999996,0.0028683635136986293,0.001724301945205479,0.0030408475351780813
905,0.002997000999999999,0.0013602122541603626,0.0013602122541603626,0.0014985004999999996,0.0014985004999999996,0.001724301945205479,0.003176821059999999
906,0.002997000999999999,0.004890217297024709,0.004890217297024709,0.005665167166666666,0.00423822652739726,0.001724301945205479,0.002924580318301369
907,0.002997000999999999,0.0038816444276348963,0.0038816444276348963,0.009831833833333333,0.00560808954109589,0.004464027972602739,0.0028467404019178076
908,0.002997000999999999,0.002368785123550176,0.002368785123550176,0.0014985004999999996,0.0014985004999999996,0.001724301945205479,0.003176821059999999
909,0.002997000999999999,0.002873071558245083,0.002873071558245083,0.0014985004999999996,0.0014985004999999996,0.001724301945205479,0.003176821059999999
910,0.002997000999999999,0.002368785123550176,0.002368785123550176,0.0014985004999999996,0.0014985004999999996,0.001724301945205479,0.003176821059999999
911,0.002997000999999999,0.0033773579929399894,0.0033773579929399894,0.009831833833333333,0.00423822652739726,0.001724301945205479,0.0028290047247671226
912,0.002997000999999999,0.002873071558245083,0.002873071558245083,0.0014985004999999996,0.0014985004999999996,0.001724301945205479,0.003176821059999999
913,0.002997000999999999,0.0038816444276348963,0.0038816444276348963,0.0014985004999999996,0.0028683635136986293,0.004464027972602739,0.003015229334849314
914,0.002997000999999999,0.002873071558245083,0.002873071558245083,0.0014985004999999996,0.0014985004999999996,0.001724301945205479,0.003176821059999999
915,0.002997000999999999,0.0033773579929399894,0.0033773579929399894,0.0014985004999999996,0.0028683635136986293,0.007203754,0.003046759427561643
916,0.002997000999999999,0.002873071558245083,0.002873071558245083,0.0014985004999999996,0.00423822652739726,0.001724301945205479,0.003014244019452054
917,0.002997000999999999,0.0033773579929399894,0.0033773579929399894,0.0014985004999999996,0.0028683635136986293,0.004464027972602739,0.0031383937595068486
918,0.002997000999999999,0.0013602122541603626,0.0013602122541603626,0.0014985004999999996,0.0014985004999999996,0.001724301945205479,0.003176821059999999
919,0.002997000999999999,0.0038816444276348963,0.0038816444276348963,0.0014985004999999996,0.0014985004999999996,0.004464027972602739,0.003176821059999999
920,0.002997000999999999,0.0033773579929399894,0.0033773579929399894,0.005665167166666666,0.0028683635136986293,0.004464027972602739,0.002831960670958903
921,0.002997000999999999,0.004890217297024709,0.004890217297024709,0.0014985004999999996,0.0014985004999999996,0.001724301945205479,0.003176821059999999
922,0.002997000999999999,0.0018644986888552695,0.0018644986888552695,0.0014985004999999996,0.0014985004999999996,0.001724301945205479,0.003176821059999999
923,0.002997000999999999,0.002873071558245083,0.002873071558245083,0.0014985004999999996,0.0028683635136986293,0.001724301945205479,0.00314430565189041
924,0.002997000999999999,0.0018644986888552695,0.0018644986888552695,0.0014985004999999996,0.0014985004999999996,0.001724301945205479,0.003176821059999999
925,0.002997000999999999,0.0018644986888552695,0.0018644986888552695,0.0014985004999999996,0.0014985004999999996,0.001724301945205479,0.003176821059999999
926,0.002997000999999999,0.0033773579929399894,0.0033773579929399894,0.0014985004999999996,0.0028683635136986293,0.004464027972602739,0.0031502175442739717
927,0.002997000999999999,0.0033773579929399894,0.0033773579929399894,0.005665167166666666,0.00560808954109589,0.001724301945205479,0.00292852157989041
928,0.002997000999999999,0.002873071558245083,0.002873071558245083,0.005665167166666666,0.00423822652739726,0.004464027972602739,0.0028713732868493142
929,0.002997000999999999,0.0018644986888552695,0.0018644986888552695,0.0014985004999999996,0.0014985004999999996,0.001724301945205479,0.003176821059999999
930,0.002997000999999999,0.0033773579929399894,0.0033773579929399894,0.005665167166666666,0.0028683635136986293,0.001724301945205479,0.0028950208563835607
931,0.002997000999999999,0.002873071558245083,0.002873071558245083,0.005665167166666666,0.0028683635136986293,0.001724301945205479,0.0029324628414794515
932,0.002997000999999999,0.005394503731719616,0.005394503731719616,0.005665167166666666,0.00423822652739726,0.001724301945205479,0.0028792558100273966
933,0.002997000999999999,0.0033773579929399894,0.0033773579929399894,0.0014985004999999996,0.0028683635136986293,0.001724301945205479,0.0029984789730958896
934,0.002997000999999999,0.004890217297024709,0.004890217297024709,0.005665167166666666,0.00560808954109589,0.001724301945205479,0.0028388578787397253
935,0.002997000999999999,0.0033773579929399894,0.0033773579929399894,0.0014985004999999996,0.0014985004999999996,0.001724301945205479,0.003176821059999999
936,0.002997000999999999,0.0033773579929399894,0.0033773579929399894,0.0014985004999999996,0.0028683635136986293,0.004464027972602739,0.003043803481369862
937,0.002997000999999999,0.0033773579929399894,0.0033773579929399894,0.0014985004999999996,0.0014985004999999996,0.004464027972602739,0.003176821059999999
938,0.002997000999999999,0.004890217297024709,0.004890217297024709,0.005665167166666666,0.00560808954109589,0.00994348002739726,0.002870387971452054
939,0.002997000999999999,0.002873071558245083,0.002873071558245083,0.005665167166666666,0.0028683635136986293,0.001724301945205479,0.0028565935558904102
940,0.002997000999999999,0.004890217297024709,0.004890217297024709,0.0014985004999999996,0.00423822652739726,0.004464027972602739,0.0030664657355068486
941,0.002997000999999999,0.0018644986888552695,0.0018644986888552695,0.0014985004999999996,0.0028683635136986293,0.001724301945205479,0.0029590663572054785
942,0.002997000999999999,0.0033773579929399894,0.0033773579929399894,0.0014985004999999996,0.0014985004999999996,0.001724301945205479,0.003176821059999999
943,0.002997000999999999,0.002873071558245083,0.002873071558245083,0.005665167166666666,0.00423822652739726,0.001724301945205479,0.002882211756219177
944,0.002997000999999999,0.002368785123550176,0.002368785123550176,0.0014985004999999996,0.0014985004999999996,0.001724301945205479,0.003176821059999999
945,0.002997000999999999,0.0038816444276348963,0.0038816444276348963,0.0014985004999999996,0.00423822652739726,0.001724301945205479,0.0029413306800547935
946,0.002997000999999999,0.0033773579929399894,0.0033773579929399894,0.005665167166666666,0.00423822652739726,0.00994348002739726,0.002898962117972602
947,0.002997000999999999,0.002873071558245083,0.002873071558245083,0.0014985004999999996,0.0014985004999999996,0.001724301945205479,0.003176821059999999
948,0.002997000999999999,0.002873071558245083,0.002873071558245083,0.0014985004999999996,0.0028683635136986293,0.004464027972602739,0.0029610369879999993
949,0.002997000999999999,0.0033773579929399894,0.0033773579929399894,0.005665167166666666,0.0028683635136986293,0.001724301945205479,0.002877285179232876
950,0.002997000999999999,0.0018644986888552695,0.0018644986888552695,0.0014985004999999996,0.0014985004999999996,0.004464027972602739,0.003176821059999999
951,0.002997000999999999,0.0018644986888552695,0.0018644986888552695,0.0014985004999999996,0.0014985004999999996,0.001724301945205479,0.003176821059999999
952,0.002997000999999999,0.002368785123550176,0.002368785123550176,0.0014985004999999996,0.0028683635136986293,0.001724301945205479,0.003014244019452054
953,0.002997000999999999,0.0038816444276348963,0.0038816444276348963,0.0014985004999999996,0.0028683635136986293,0.004464027972602739,0.002966948880383561
954,0.002997000999999999,0.0038816444276348963,0.0038816444276348963,0.005665167166666666,0.0028683635136986293,0.001724301945205479,0.0028684173406575333
955,0.002997000999999999,0.002873071558245083,0.002873071558245083,0.0014985004999999996,0.0014985004999999996,0.004464027972602739,0.003176821059999999
956,0.002997000999999999,0.0033773579929399894,0.0033773579929399894,0.005665167166666666,0.0028683635136986293,0.001724301945205479,0.0028418138249315062
957,0.002997000999999999,0.0038816444276348963,0.0038816444276348963,0.0014985004999999996,0.00423822652739726,0.007203754,0.0030743482586849304
958,0.002997000999999999,0.0018644986888552695,0.0018644986888552695,0.0014985004999999996,0.0014985004999999996,0.001724301945205479,0.003176821059999999
959,0.002997000999999999,0.002368785123550176,0.002368785123550176,0.0014985004999999996,0.0014985004999999996,0.001724301945205479,0.003176821059999999
960,0.002997000999999999,0.0033773579929399894,0.0033773579929399894,0.0014985004999999996,0.00560808954109589,0.004464027972602739,0.002974831403561643
961,0.002997000999999999,0.0013602122541603626,0.0013602122541603626,0.0014985004999999996,0.0014985004999999996,0.001724301945205479,0.003176821059999999
962,0.002997000999999999,0.002368785123550176,0.002368785123550176,0.0014985004999999996,0.0028683635136986293,0.001724301945205479,0.00310784898219178
963,0.002997000999999999,0.0033773579929399894,0.0033773579929399894,0.0014985004999999996,0.0014985004999999996,0.007203754,0.003176821059999999
964,0.002997000999999999,0.0033773579929399894,0.0033773579929399894,0.005665167166666666,0.00697795255479452,0.001724301945205479,0.002870387971452054
965,0.002997000999999999,0.0033773579929399894,0.0033773579929399894,0.005665167166666666,0.0028683635136986293,0.001724301945205479,0.0028359019325479447
966,0.002997000999999999,0.0038816444276348963,0.0038816444276348963,0.0014985004999999996,0.0028683635136986293,0.001724301945205479,0.0031699238522191774
967,0.002997000999999999,0.0038816444276348963,0.0038816444276348963,0.005665167166666666,0.0028683635136986293,0.001724301945205479,0.0028625054482739718
968,0.002997000999999999,0.0033773579929399894,0.0033773579929399894,0.005665167166666666,0.00560808954109589,0.001724301945205479,0.0028950208563835607
969,0.002997000999999999,0.002368785123550176,0.002368785123550176,0.0014985004999999996,0.0028683635136986293,0.001724301945205479,0.003163026644438355
970,0.002997000999999999,0.004890217297024709,0.004890217297024709,0.005665167166666666,0.0028683635136986293,0.007203754,0.002831960670958903
971,0.002997000999999999,0.002873071558245083,0.002873071558245083,0.0014985004999999996,0.00423822652739726,0.001724301945205479,0.002971875457369862
972,0.002997000999999999,0.002368785123550176,0.002368785123550176,0.005665167166666666,0.00423822652739726,0.004464027972602739,0.0028969914871780815
973,0.002997000999999999,0.002873071558245083,0.002873071558245083,0.0014985004999999996,0.0014985004999999996,0.001724301945205479,0.003176821059999999
974,0.002997000999999999,0.002873071558245083,0.002873071558245083,0.0014985004999999996,0.00423822652739726,0.001724301945205479,0.0029580810418082183
975,0.002997000999999999,0.0033773579929399894,0.0033773579929399894,0.0014985004999999996,0.00423822652739726,0.001724301945205479,0.0029630076187945197
976,0.002997000999999999,0.002368785123550176,0.002368785123550176,0.005665167166666666,0.0028683635136986293,0.001724301945205479,0.0028930502255890404
977,0.002997000999999999,0.0013602122541603626,0.0013602122541603626,0.0014985004999999996,0.0014985004999999996,0.001724301945205479,0.003176821059999999
978,0.002997000999999999,0.0033773579929399894,0.0033773579929399894,0.0014985004999999996,0.0028683635136986293,0.001724301945205479,0.0030773042048767114
979,0.002997000999999999,0.0013602122541603626,0.0013602122541603626,0.0014985004999999996,0.0014985004999999996,0.001724301945205479,0.003176821059999999
980,0.002997000999999999,0.002873071558245083,0.002873071558245083,0.0014985004999999996,0.0028683635136986293,0.001724301945205479,0.003003405550082191
981,0.002997000999999999,0.002873071558245083,0.002873071558245083,0.0014985004999999996,0.0014985004999999996,0.001724301945205479,0.003176821059999999
982,0.002997000999999999,0.002873071558245083,0.002873071558245083,0.005665167166666666,0.0028683635136986293,0.001724301945205479,0.0028753145484383554
983,0.002997000999999999,0.002368785123550176,0.002368785123550176,0.0014985004999999996,0.0028683635136986293,0.004464027972602739,0.00314332033649315
984,0.002997000999999999,0.0033773579929399894,0.0033773579929399894,0.0014985004999999996,0.00423822652739726,0.004464027972602739,0.002935418787671232
985,0.002997000999999999,0.002873071558245083,0.002873071558245083,0.0014985004999999996,0.0028683635136986293,0.007203754,0.003175835744602739
986,0.002997000999999999,0.002873071558245083,0.002873071558245083,0.0014985004999999996,0.0014985004999999996,0.001724301945205479,0.003176821059999999
987,0.002997000999999999,0.0018644986888552695,0.0018644986888552695,0.0014985004999999996,0.0014985004999999996,0.001724301945205479,0.003176821059999999
988,0.002997000999999999,0.002873071558245083,0.002873071558245083,0.005665167166666666,0.00423822652739726,0.001724301945205479,0.0028427991403287664
989,0.002997000999999999,0.004385930862329803,0.004385930862329803,0.0014985004999999996,0.00423822652739726,0.001724301945205479,0.003004390865479451
990,0.002997000999999999,0.005394503731719616,0.005394503731719616,0.005665167166666666,0.00560808954109589,0.007203754,0.002911771218136985
991,0.002997000999999999,0.0018644986888552695,0.0018644986888552695,0.0014985004999999996,0.0028683635136986293,0.001724301945205479,0.002989611134520547
992,0.002997000999999999,0.002368785123550176,0.002368785123550176,0.0014985004999999996,0.0014985004999999996,0.004464027972602739,0.003176821059999999
993,0.002997000999999999,0.0033773579929399894,0.0033773579929399894,0.0014985004999999996,0.0028683635136986293,0.001724301945205479,0.0030635097893150676
994,0.002997000999999999,0.002873071558245083,0.002873071558245083,0.0014985004999999996,0.0014985004999999996,0.001724301945205479,0.003176821059999999
995,0.002997000999999999,0.004385930862329803,0.004385930862329803,0.0014985004999999996,0.0014985004999999996,0.004464027972602739,0.003176821059999999
996,0.002997000999999999,0.0033773579929399894,0.0033773579929399894,0.0014985004999999996,0.0028683635136986293,0.004464027972602739,0.0031108049283835606
997,0.002997000999999999,0.0038816444276348963,0.0038816444276348963,0.0014985004999999996,0.0028683635136986293,0.004464027972602739,0.0030201559118356158
998,0.002997000999999999,0.0038816444276348963,0.0038816444276348963,0.005665167166666666,0.00423822652739726,0.007203754,0.0028437844557260266
999,0.002997000999999999,0.002873071558245083,0.002873071558245083,0.0014985004999999996,0.0014985004999999996,0.001724301945205479,0.003176821059999999
