number,probability,raw_model_probability,long_rate,short_rate,recent_long_rate,weekday_rate,gap_signal
000,0.002997000999999999,0.0033773579929399894,0.0033773579929399894,0.0014985004999999996,0.0028683635136986293,0.004476291785714286,0.0030763188894794512
001,0.002997000999999999,0.002873071558245083,0.002873071558245083,0.0014985004999999996,0.0028683635136986293,0.001729039038461538,0.002939360049260273
002,0.002997000999999999,0.0018644986888552695,0.0018644986888552695,0.0014985004999999996,0.0014985004999999996,0.004476291785714286,0.003176821059999999
003,0.002997000999999999,0.002873071558245083,0.002873071558245083,0.0014985004999999996,0.0028683635136986293,0.004476291785714286,0.002983699242136985
004,0.002997000999999999,0.002368785123550176,0.002368785123550176,0.0014985004999999996,0.0014985004999999996,0.004476291785714286,0.003176821059999999
005,0.002997000999999999,0.0033773579929399894,0.0033773579929399894,0.0014985004999999996,0.00423822652739726,0.001729039038461538,0.0030457741121643826
006,0.002997000999999999,0.002873071558245083,0.002873071558245083,0.009831833833333333,0.00560808954109589,0.001729039038461538,0.0028595495020821912
007,0.002997000999999999,0.002368785123550176,0.002368785123550176,0.005665167166666666,0.0028683635136986293,0.001729039038461538,0.002901918064164383
008,0.002997000999999999,0.0018644986888552695,0.0018644986888552695,0.0014985004999999996,0.0014985004999999996,0.001729039038461538,0.003176821059999999
009,0.002997000999999999,0.002873071558245083,0.002873071558245083,0.005665167166666666,0.0028683635136986293,0.004476291785714286,0.0028388578787397253
010,0.002997000999999999,0.002873071558245083,0.002873071558245083,0.005665167166666666,0.00423822652739726,0.001729039038461538,0.0029088152719452046
011,0.002997000999999999,0.002873071558245083,0.002873071558245083,0.0014985004999999996,0.0014985004999999996,0.001729039038461538,0.003176821059999999
012,0.002997000999999999,0.0033773579929399894,0.0033773579929399894,0.0139985005,0.00560808954109589,0.001729039038461538,0.0028250634631780814
013,0.002997000999999999,0.0038816444276348963,0.0038816444276348963,0.0014985004999999996,0.0028683635136986293,0.001729039038461538,0.0030083321270684923
014,0.002997000999999999,0.004385930862329803,0.004385930862329803,0.0014985004999999996,0.00423822652739726,0.004476291785714286,0.0030053761808767113
015,0.002997000999999999,0.0018644986888552695,0.0018644986888552695,0.0014985004999999996,0.0014985004999999996,0.001729039038461538,0.003176821059999999
016,0.002997000999999999,0.0038816444276348963,0.0038816444276348963,0.005665167166666666,0.00423822652739726,0.001729039038461538,0.0028477257173150678
017,0.002997000999999999,0.002873071558245083,0.002873071558245083,0.0014985004999999996,0.0014985004999999996,0.004476291785714286,0.003176821059999999
018,0.002997000999999999,0.0018644986888552695,0.0018644986888552695,0.0014985004999999996,0.0014985004999999996,0.001729039038461538,0.003176821059999999
019,0.002997000999999999,0.0018644986888552695,0.0018644986888552695,0.0014985004999999996,0.0014985004999999996,0.001729039038461538,0.003176821059999999
020,0.002997000999999999,0.0018644986888552695,0.0018644986888552695,0.0014985004999999996,0.0014985004999999996,0.001729039038461538,0.003176821059999999
021,0.002997000999999999,0.0038816444276348963,0.0038816444276348963,0.005665167166666666,0.00560808954109589,0.001729039038461538,0.0028684173406575333
022,0.002997000999999999,0.0033773579929399894,0.0033773579929399894,0.0014985004999999996,0.0028683635136986293,0.004476291785714286,0.003087157358849314
023,0.002997000999999999,0.002873071558245083,0.002873071558245083,0.0014985004999999996,0.0014985004999999996,0.001729039038461538,0.003176821059999999
024,0.002997000999999999,0.0018644986888552695,0.0018644986888552695,0.0014985004999999996,0.0014985004999999996,0.001729039038461538,0.003176821059999999
025,0.002997000999999999,0.002873071558245083,0.002873071558245083,0.005665167166666666,0.0028683635136986293,0.004476291785714286,0.0028240781477808213
026,0.002997000999999999,0.002368785123550176,0.002368785123550176,0.0014985004999999996,0.0014985004999999996,0.001729039038461538,0.003176821059999999
027,0.002997000999999999,0.002368785123550176,0.002368785123550176,0.0014985004999999996,0.0028683635136986293,0.001729039038461538,0.0031245993439452044
028,0.002997000999999999,0.002873071558245083,0.002873071558245083,0.0014985004999999996,0.0028683635136986293,0.001729039038461538,0.003159085382849314
029,0.002997000999999999,0.002368785123550176,0.002368785123550176,0.0014985004999999996,0.0028683635136986293,0.004476291785714286,0.0029413306800547935
030,0.002997000999999999,0.0038816444276348963,0.0038816444276348963,0.0014985004999999996,0.0014985004999999996,0.007223544532967033,0.003176821059999999
031,0.002997000999999999,0.004385930862329803,0.004385930862329803,0.005665167166666666,0.00423822652739726,0.001729039038461538,0.002817180939999999
032,0.002997000999999999,0.0018644986888552695,0.0018644986888552695,0.0014985004999999996,0.0028683635136986293,0.001729039038461538,0.003057597896931506
033,0.002997000999999999,0.002368785123550176,0.002368785123550176,0.0014985004999999996,0.0014985004999999996,0.001729039038461538,0.003176821059999999
034,0.002997000999999999,0.005394503731719616,0.005394503731719616,0.005665167166666666,0.00697795255479452,0.004476291785714286,0.0028260487785753416
035,0.002997000999999999,0.0033773579929399894,0.0033773579929399894,0.0014985004999999996,0.0028683635136986293,0.004476291785714286,0.003122628713150684
036,0.002997000999999999,0.002873071558245083,0.002873071558245083,0.005665167166666666,0.00423822652739726,0.004476291785714286,0.0028713732868493142
037,0.002997000999999999,0.0018644986888552695,0.0018644986888552695,0.0014985004999999996,0.0014985004999999996,0.001729039038461538,0.003176821059999999
038,0.002997000999999999,0.0033773579929399894,0.0033773579929399894,0.005665167166666666,0.0028683635136986293,0.001729039038461538,0.002867432025260273
039,0.002997000999999999,0.0018644986888552695,0.0018644986888552695,0.0014985004999999996,0.0028683635136986293,0.001729039038461538,0.0031098196129863004
040,0.002997000999999999,0.0018644986888552695,0.0018644986888552695,0.0014985004999999996,0.0028683635136986293,0.001729039038461538,0.003116716820767122
041,0.002997000999999999,0.002368785123550176,0.002368785123550176,0.0014985004999999996,0.0028683635136986293,0.004476291785714286,0.002968919511178081
042,0.002997000999999999,0.002873071558245083,0.002873071558245083,0.0014985004999999996,0.0028683635136986293,0.001729039038461538,0.003127555290136985
043,0.002997000999999999,0.0033773579929399894,0.0033773579929399894,0.005665167166666666,0.0028683635136986293,0.001729039038461538,0.00292950689528767
044,0.002997000999999999,0.002873071558245083,0.002873071558245083,0.0014985004999999996,0.0028683635136986293,0.001729039038461538,0.0029807432959452046
045,0.002997000999999999,0.0033773579929399894,0.0033773579929399894,0.005665167166666666,0.0028683635136986293,0.004476291785714286,0.0028831970716164377
046,0.002997000999999999,0.0033773579929399894,0.0033773579929399894,0.0014985004999999996,0.0028683635136986293,0.001729039038461538,0.00307237762789041
047,0.002997000999999999,0.0038816444276348963,0.0038816444276348963,0.0014985004999999996,0.0028683635136986293,0.004476291785714286,0.0030674510509041087
048,0.002997000999999999,0.0013602122541603626,0.0013602122541603626,0.0014985004999999996,0.0014985004999999996,0.001729039038461538,0.003176821059999999
049,0.002997000999999999,0.004890217297024709,0.004890217297024709,0.0014985004999999996,0.00560808954109589,0.001729039038461538,0.0029433013108493143
050,0.002997000999999999,0.0018644986888552695,0.0018644986888552695,0.0014985004999999996,0.0014985004999999996,0.001729039038461538,0.003176821059999999
051,0.002997000999999999,0.0038816444276348963,0.0038816444276348963,0.005665167166666666,0.00423822652739726,0.004476291785714286,0.0028920649101917798
052,0.002997000999999999,0.002873071558245083,0.002873071558245083,0.0014985004999999996,0.0028683635136986293,0.001729039038461538,0.0029620223033972595
053,0.002997000999999999,0.004385930862329803,0.004385930862329803,0.0014985004999999996,0.0014985004999999996,0.001729039038461538,0.003176821059999999
054,0.002997000999999999,0.002873071558245083,0.002873071558245083,0.0014985004999999996,0.00423822652739726,0.007223544532967033,0.002935418787671232
055,0.002997000999999999,0.004890217297024709,0.004890217297024709,0.009831833833333333,0.00560808954109589,0.001729039038461538,0.002884182387013698
056,0.002997000999999999,0.002873071558245083,0.002873071558245083,0.005665167166666666,0.0028683635136986293,0.004476291785714286,0.002845755086520547
057,0.002997000999999999,0.0038816444276348963,0.0038816444276348963,0.0014985004999999996,0.0028683635136986293,0.004476291785714286,0.0029620223033972595
058,0.002997000999999999,0.002368785123550176,0.002368785123550176,0.005665167166666666,0.0028683635136986293,0.001729039038461538,0.0029186684259178072
059,0.002997000999999999,0.0038816444276348963,0.0038816444276348963,0.0014985004999999996,0.00423822652739726,0.004476291785714286,0.003069421681698629
060,0.002997000999999999,0.002368785123550176,0.002368785123550176,0.0014985004999999996,0.0014985004999999996,0.001729039038461538,0.003176821059999999
061,0.002997000999999999,0.0038816444276348963,0.0038816444276348963,0.009831833833333333,0.00423822652739726,0.001729039038461538,0.002910785902739725
062,0.002997000999999999,0.0038816444276348963,0.0038816444276348963,0.005665167166666666,0.00423822652739726,0.001729039038461538,0.0029078299565479444
063,0.002997000999999999,0.0033773579929399894,0.0033773579929399894,0.009831833833333333,0.00423822652739726,0.001729039038461538,0.002863490763671232
064,0.002997000999999999,0.002368785123550176,0.002368785123550176,0.0014985004999999996,0.0014985004999999996,0.004476291785714286,0.003176821059999999
065,0.002997000999999999,0.0038816444276348963,0.0038816444276348963,0.0014985004999999996,0.00423822652739726,0.001729039038461538,0.002956110411013698
066,0.002997000999999999,0.002368785123550176,0.002368785123550176,0.005665167166666666,0.0028683635136986293,0.004476291785714286,0.0029226096875068484
067,0.002997000999999999,0.002368785123550176,0.002368785123550176,0.0014985004999999996,0.0014985004999999996,0.004476291785714286,0.003176821059999999
068,0.002997000999999999,0.002873071558245083,0.002873071558245083,0.0014985004999999996,0.0014985004999999996,0.001729039038461538,0.003176821059999999
069,0.002997000999999999,0.002368785123550176,0.002368785123550176,0.0014985004999999996,0.0028683635136986293,0.004476291785714286,0.0030999664590136977
070,0.002997000999999999,0.002368785123550176,0.002368785123550176,0.0014985004999999996,0.0014985004999999996,0.001729039038461538,0.003176821059999999
071,0.002997000999999999,0.0033773579929399894,0.0033773579929399894,0.005665167166666666,0.00423822652739726,0.007223544532967033,0.002849696348109588
072,0.002997000999999999,0.0013602122541603626,0.0013602122541603626,0.0014985004999999996,0.0014985004999999996,0.001729039038461538,0.003176821059999999
073,0.002997000999999999,0.002368785123550176,0.002368785123550176,0.0014985004999999996,0.0014985004999999996,0.001729039038461538,0.003176821059999999
074,0.002997000999999999,0.0038816444276348963,0.0038816444276348963,0.009831833833333333,0.00697795255479452,0.001729039038461538,0.002833931301753424
075,0.002997000999999999,0.004385930862329803,0.004385930862329803,0.005665167166666666,0.0028683635136986293,0.001729039038461538,0.002831960670958903
076,0.002997000999999999,0.004890217297024709,0.004890217297024709,0.005665167166666666,0.00560808954109589,0.004476291785714286,0.0028960061717808214
077,0.002997000999999999,0.0013602122541603626,0.0013602122541603626,0.0014985004999999996,0.0014985004999999996,0.001729039038461538,0.003176821059999999
078,0.002997000999999999,0.002873071558245083,0.002873071558245083,0.0014985004999999996,0.0028683635136986293,0.001729039038461538,0.003080260151068492
079,0.002997000999999999,0.0038816444276348963,0.0038816444276348963,0.0014985004999999996,0.0014985004999999996,0.007223544532967033,0.003176821059999999
080,0.002997000999999999,0.0038816444276348963,0.0038816444276348963,0.0139985005,0.00560808954109589,0.004476291785714286,0.0028427991403287664
081,0.002997000999999999,0.002368785123550176,0.002368785123550176,0.005665167166666666,0.0028683635136986293,0.004476291785714286,0.0029058593257534236
082,0.002997000999999999,0.0013602122541603626,0.0013602122541603626,0.0014985004999999996,0.0014985004999999996,0.001729039038461538,0.003176821059999999
083,0.002997000999999999,0.002873071558245083,0.002873071558245083,0.005665167166666666,0.0028683635136986293,0.004476291785714286,0.0029009327487671227
084,0.002997000999999999,0.0018644986888552695,0.0018644986888552695,0.0014985004999999996,0.0014985004999999996,0.001729039038461538,0.003176821059999999
085,0.002997000999999999,0.002368785123550176,0.002368785123550176,0.0014985004999999996,0.0028683635136986293,0.004476291785714286,0.00314332033649315
086,0.002997000999999999,0.0033773579929399894,0.0033773579929399894,0.0014985004999999996,0.0028683635136986293,0.001729039038461538,0.0030457741121643826
087,0.002997000999999999,0.004385930862329803,0.004385930862329803,0.0014985004999999996,0.00423822652739726,0.007223544532967033,0.002983699242136985
088,0.002997000999999999,0.002873071558245083,0.002873071558245083,0.0014985004999999996,0.0028683635136986293,0.001729039038461538,0.003025082488821917
089,0.002997000999999999,0.002368785123550176,0.002368785123550176,0.0014985004999999996,0.0028683635136986293,0.001729039038461538,0.003069421681698629
090,0.002997000999999999,0.0018644986888552695,0.0018644986888552695,0.0014985004999999996,0.0028683635136986293,0.001729039038461538,0.0031009517744109583
091,0.002997000999999999,0.0013602122541603626,0.0013602122541603626,0.0014985004999999996,0.0014985004999999996,0.001729039038461538,0.003176821059999999
092,0.002997000999999999,0.004385930862329803,0.004385930862329803,0.009831833833333333,0.00423822652739726,0.001729039038461538,0.0028654613944657527
093,0.002997000999999999,0.002873071558245083,0.002873071558245083,0.0014985004999999996,0.0028683635136986293,0.001729039038461538,0.003059568527726027
094,0.002997000999999999,0.002368785123550176,0.002368785123550176,0.0014985004999999996,0.00423822652739726,0.001729039038461538,0.0029777873497534237
095,0.002997000999999999,0.004385930862329803,0.004385930862329803,0.005665167166666666,0.00697795255479452,0.004476291785714286,0.002823092832383561
096,0.002997000999999999,0.0033773579929399894,0.0033773579929399894,0.0014985004999999996,0.0014985004999999996,0.001729039038461538,0.003176821059999999
097,0.002997000999999999,0.002368785123550176,0.002368785123550176,0.005665167166666666,0.00423822652739726,0.001729039038461538,0.0028802411254246567
098,0.002997000999999999,0.002873071558245083,0.002873071558245083,0.005665167166666666,0.0028683635136986293,0.004476291785714286,0.0028891089639999992
099,0.002997000999999999,0.0018644986888552695,0.0018644986888552695,0.0014985004999999996,0.0014985004999999996,0.001729039038461538,0.003176821059999999
100,0.002997000999999999,0.002873071558245083,0.002873071558245083,0.0014985004999999996,0.0014985004999999996,0.001729039038461538,0.003176821059999999
101,0.002997000999999999,0.002873071558245083,0.002873071558245083,0.0014985004999999996,0.0028683635136986293,0.001729039038461538,0.0031649972752328757
102,0.002997000999999999,0.004385930862329803,0.004385930862329803,0.005665167166666666,0.00423822652739726,0.007223544532967033,0.0029324628414794515
103,0.002997000999999999,0.0033773579929399894,0.0033773579929399894,0.005665167166666666,0.00560808954109589,0.001729039038461538,0.002817180939999999
104,0.002997000999999999,0.0038816444276348963,0.0038816444276348963,0.0014985004999999996,0.0028683635136986293,0.007223544532967033,0.0030881426742465743
105,0.002997000999999999,0.002873071558245083,0.002873071558245083,0.0014985004999999996,0.0014985004999999996,0.004476291785714286,0.003176821059999999
106,0.002997000999999999,0.004385930862329803,0.004385930862329803,0.005665167166666666,0.0028683635136986293,0.004476291785714286,0.002881226440821917
107,0.002997000999999999,0.002368785123550176,0.002368785123550176,0.0014985004999999996,0.0028683635136986293,0.001729039038461538,0.00300044960389041
108,0.002997000999999999,0.002873071558245083,0.002873071558245083,0.0014985004999999996,0.00560808954109589,0.001729039038461538,0.002978772665150684
109,0.002997000999999999,0.0038816444276348963,0.0038816444276348963,0.0014985004999999996,0.0028683635136986293,0.004476291785714286,0.003013258704054793
110,0.002997000999999999,0.0033773579929399894,0.0033773579929399894,0.0014985004999999996,0.0028683635136986293,0.001729039038461538,0.003064495104712328
111,0.002997000999999999,0.0038816444276348963,0.0038816444276348963,0.005665167166666666,0.00423822652739726,0.007223544532967033,0.00282013688619178
112,0.002997000999999999,0.0018644986888552695,0.0018644986888552695,0.0014985004999999996,0.0028683635136986293,0.001729039038461538,0.0030635097893150676
113,0.002997000999999999,0.002368785123550176,0.002368785123550176,0.005665167166666666,0.0028683635136986293,0.001729039038461538,0.0028211222015890403
114,0.002997000999999999,0.0033773579929399894,0.0033773579929399894,0.005665167166666666,0.0028683635136986293,0.001729039038461538,0.0028595495020821912
115,0.002997000999999999,0.0038816444276348963,0.0038816444276348963,0.0014985004999999996,0.00423822652739726,0.004476291785714286,0.002981728611342465
116,0.002997000999999999,0.0018644986888552695,0.0018644986888552695,0.005665167166666666,0.0028683635136986293,0.001729039038461538,0.002882211756219177
117,0.002997000999999999,0.002873071558245083,0.002873071558245083,0.005665167166666666,0.00560808954109589,0.004476291785714286,0.002827034093972602
118,0.002997000999999999,0.0018644986888552695,0.0018644986888552695,0.0014985004999999996,0.0014985004999999996,0.001729039038461538,0.003176821059999999
119,0.002997000999999999,0.0033773579929399894,0.0033773579929399894,0.0014985004999999996,0.0028683635136986293,0.004476291785714286,0.0031689385368219173
120,0.002997000999999999,0.002873071558245083,0.002873071558245083,0.009831833833333333,0.00423822652739726,0.001729039038461538,0.0028979768025753417
121,0.002997000999999999,0.004890217297024709,0.004890217297024709,0.0014985004999999996,0.00423822652739726,0.007223544532967033,0.0030349356427945198
122,0.002997000999999999,0.0033773579929399894,0.0033773579929399894,0.0014985004999999996,0.00423822652739726,0.001729039038461538,0.0029590663572054785
123,0.002997000999999999,0.0013602122541603626,0.0013602122541603626,0.0014985004999999996,0.0014985004999999996,0.001729039038461538,0.003176821059999999
124,0.002997000999999999,0.004385930862329803,0.004385930862329803,0.005665167166666666,0.00560808954109589,0.004476291785714286,0.0028694026560547935
125,0.002997000999999999,0.002873071558245083,0.002873071558245083,0.005665167166666666,0.00423822652739726,0.001729039038461538,0.002910785902739725
126,0.002997000999999999,0.002368785123550176,0.002368785123550176,0.0014985004999999996,0.0028683635136986293,0.001729039038461538,0.0030999664590136977
127,0.002997000999999999,0.002368785123550176,0.002368785123550176,0.0014985004999999996,0.0014985004999999996,0.001729039038461538,0.003176821059999999
128,0.002997000999999999,0.0018644986888552695,0.0018644986888552695,0.0014985004999999996,0.0014985004999999996,0.001729039038461538,0.003176821059999999
129,0.002997000999999999,0.0013602122541603626,0.0013602122541603626,0.0014985004999999996,0.0014985004999999996,0.001729039038461538,0.003176821059999999
130,0.002997000999999999,0.0038816444276348963,0.0038816444276348963,0.0014985004999999996,0.00423822652739726,0.007223544532967033,0.0029511838340273966
131,0.002997000999999999,0.0033773579929399894,0.0033773579929399894,0.005665167166666666,0.00423822652739726,0.001729039038461538,0.0028565935558904102
132,0.002997000999999999,0.0038816444276348963,0.0038816444276348963,0.0014985004999999996,0.00423822652739726,0.001729039038461538,0.003016214650246574
133,0.002997000999999999,0.0033773579929399894,0.0033773579929399894,0.0014985004999999996,0.00560808954109589,0.001729039038461538,0.0029620223033972595
134,0.002997000999999999,0.0018644986888552695,0.0018644986888552695,0.0014985004999999996,0.0028683635136986293,0.001729039038461538,0.00314430565189041
135,0.002997000999999999,0.002368785123550176,0.002368785123550176,0.005665167166666666,0.00423822652739726,0.001729039038461538,0.0028605348174794514
136,0.002997000999999999,0.002368785123550176,0.002368785123550176,0.0014985004999999996,0.00423822652739726,0.004476291785714286,0.0030546419507397247
137,0.002997000999999999,0.0018644986888552695,0.0018644986888552695,0.0014985004999999996,0.0014985004999999996,0.001729039038461538,0.003176821059999999
138,0.002997000999999999,0.002873071558245083,0.002873071558245083,0.0014985004999999996,0.0014985004999999996,0.001729039038461538,0.003176821059999999
139,0.002997000999999999,0.002368785123550176,0.002368785123550176,0.0014985004999999996,0.0028683635136986293,0.001729039038461538,0.003014244019452054
140,0.002997000999999999,0.0033773579929399894,0.0033773579929399894,0.005665167166666666,0.00423822652739726,0.001729039038461538,0.002866446709863013
141,0.002997000999999999,0.0018644986888552695,0.0018644986888552695,0.0014985004999999996,0.0014985004999999996,0.001729039038461538,0.003176821059999999
142,0.002997000999999999,0.0038816444276348963,0.0038816444276348963,0.0014985004999999996,0.0014985004999999996,0.001729039038461538,0.003176821059999999
143,0.002997000999999999,0.002873071558245083,0.002873071558245083,0.0014985004999999996,0.0028683635136986293,0.001729039038461538,0.0031581000674520535
144,0.002997000999999999,0.0018644986888552695,0.0018644986888552695,0.0014985004999999996,0.0014985004999999996,0.001729039038461538,0.003176821059999999
145,0.002997000999999999,0.002368785123550176,0.002368785123550176,0.0014985004999999996,0.0028683635136986293,0.001729039038461538,0.0031492322288767115
146,0.002997000999999999,0.002368785123550176,0.002368785123550176,0.009831833833333333,0.00423822652739726,0.001729039038461538,0.0028615201328767116
147,0.002997000999999999,0.002873071558245083,0.002873071558245083,0.0014985004999999996,0.00423822652739726,0.004476291785714286,0.0029984789730958896
148,0.002997000999999999,0.0033773579929399894,0.0033773579929399894,0.005665167166666666,0.0028683635136986293,0.004476291785714286,0.0029255656336986294
149,0.002997000999999999,0.002368785123550176,0.002368785123550176,0.0014985004999999996,0.0014985004999999996,0.001729039038461538,0.003176821059999999
150,0.002997000999999999,0.0018644986888552695,0.0018644986888552695,0.0014985004999999996,0.0028683635136986293,0.001729039038461538,0.002985669872931506
151,0.002997000999999999,0.004890217297024709,0.004890217297024709,0.0014985004999999996,0.00423822652739726,0.001729039038461538,0.002957095726410958
152,0.002997000999999999,0.002368785123550176,0.002368785123550176,0.0014985004999999996,0.0028683635136986293,0.004476291785714286,0.003032965011999999
153,0.002997000999999999,0.002368785123550176,0.002368785123550176,0.0014985004999999996,0.0028683635136986293,0.001729039038461538,0.0031462762826849305
154,0.002997000999999999,0.0033773579929399894,0.0033773579929399894,0.0014985004999999996,0.00423822652739726,0.004476291785714286,0.0030664657355068486
155,0.002997000999999999,0.0033773579929399894,0.0033773579929399894,0.005665167166666666,0.00560808954109589,0.001729039038461538,0.002827034093972602
156,0.002997000999999999,0.0033773579929399894,0.0033773579929399894,0.005665167166666666,0.0028683635136986293,0.001729039038461538,0.002910785902739725
157,0.002997000999999999,0.0038816444276348963,0.0038816444276348963,0.005665167166666666,0.00423822652739726,0.001729039038461538,0.0029157124797260267
158,0.002997000999999999,0.002873071558245083,0.002873071558245083,0.0014985004999999996,0.0014985004999999996,0.001729039038461538,0.003176821059999999
159,0.002997000999999999,0.002873071558245083,0.002873071558245083,0.0014985004999999996,0.0028683635136986293,0.001729039038461538,0.0030300090658082184
160,0.002997000999999999,0.0033773579929399894,0.0033773579929399894,0.0014985004999999996,0.0028683635136986293,0.004476291785714286,0.0031019370898082185
161,0.002997000999999999,0.0018644986888552695,0.0018644986888552695,0.0014985004999999996,0.0028683635136986293,0.004476291785714286,0.0030674510509041087
162,0.002997000999999999,0.002368785123550176,0.002368785123550176,0.0014985004999999996,0.0028683635136986293,0.001729039038461538,0.0030526713199452043
163,0.002997000999999999,0.002873071558245083,0.002873071558245083,0.005665167166666666,0.00423822652739726,0.001729039038461538,0.0028930502255890404
164,0.002997000999999999,0.002368785123550176,0.002368785123550176,0.0014985004999999996,0.0014985004999999996,0.001729039038461538,0.003176821059999999
165,0.002997000999999999,0.002368785123550176,0.002368785123550176,0.0014985004999999996,0.0014985004999999996,0.001729039038461538,0.003176821059999999
166,0.002997000999999999,0.004890217297024709,0.004890217297024709,0.0014985004999999996,0.0014985004999999996,0.004476291785714286,0.003176821059999999
167,0.002997000999999999,0.0018644986888552695,0.0018644986888552695,0.0014985004999999996,0.0028683635136986293,0.001729039038461538,0.003151202859671232
168,0.002997000999999999,0.002873071558245083,0.002873071558245083,0.005665167166666666,0.0028683635136986293,0.004476291785714286,0.0028881236486027386
169,0.002997000999999999,0.002873071558245083,0.002873071558245083,0.005665167166666666,0.0028683635136986293,0.001729039038461538,0.002873343917643835
170,0.002997000999999999,0.0033773579929399894,0.0033773579929399894,0.005665167166666666,0.0028683635136986293,0.001729039038461538,0.002837872563342465
171,0.002997000999999999,0.0018644986888552695,0.0018644986888552695,0.0014985004999999996,0.0014985004999999996,0.001729039038461538,0.003176821059999999
172,0.002997000999999999,0.0013602122541603626,0.0013602122541603626,0.0014985004999999996,0.0014985004999999996,0.001729039038461538,0.003176821059999999
173,0.002997000999999999,0.0013602122541603626,0.0013602122541603626,0.0014985004999999996,0.0014985004999999996,0.001729039038461538,0.003176821059999999
174,0.002997000999999999,0.0018644986888552695,0.0018644986888552695,0.0014985004999999996,0.0014985004999999996,0.001729039038461538,0.003176821059999999
175,0.002997000999999999,0.002368785123550176,0.002368785123550176,0.0014985004999999996,0.0028683635136986293,0.004476291785714286,0.0031610560136438345
176,0.002997000999999999,0.002368785123550176,0.002368785123550176,0.0014985004999999996,0.0028683635136986293,0.001729039038461538,0.0030290237504109582
177,0.002997000999999999,0.0033773579929399894,0.0033773579929399894,0.0014985004999999996,0.0028683635136986293,0.004476291785714286,0.0029403453646575334
178,0.002997000999999999,0.0018644986888552695,0.0018644986888552695,0.0014985004999999996,0.0028683635136986293,0.001729039038461538,0.0030418328505753415
179,0.002997000999999999,0.004385930862329803,0.004385930862329803,0.009831833833333333,0.00560808954109589,0.001729039038461538,0.0028762998638356156
180,0.002997000999999999,0.0018644986888552695,0.0018644986888552695,0.005665167166666666,0.0028683635136986293,0.004476291785714286,0.002864476079068492
181,0.002997000999999999,0.0018644986888552695,0.0018644986888552695,0.0014985004999999996,0.0014985004999999996,0.001729039038461538,0.003176821059999999
182,0.002997000999999999,0.002873071558245083,0.002873071558245083,0.0014985004999999996,0.0028683635136986293,0.004476291785714286,0.0031689385368219173
183,0.002997000999999999,0.004385930862329803,0.004385930862329803,0.0014985004999999996,0.0014985004999999996,0.004476291785714286,0.003176821059999999
184,0.002997000999999999,0.002873071558245083,0.002873071558245083,0.0014985004999999996,0.0028683635136986293,0.001729039038461538,0.0030773042048767114
185,0.002997000999999999,0.004890217297024709,0.004890217297024709,0.009831833833333333,0.00423822652739726,0.004476291785714286,0.002901918064164383
186,0.002997000999999999,0.004890217297024709,0.004890217297024709,0.0139985005,0.00834781556849315,0.004476291785714286,0.0028506816635068483
187,0.002997000999999999,0.0038816444276348963,0.0038816444276348963,0.0014985004999999996,0.0028683635136986293,0.004476291785714286,0.0030181852810410954
188,0.002997000999999999,0.002873071558245083,0.002873071558245083,0.005665167166666666,0.00423822652739726,0.001729039038461538,0.0028211222015890403
189,0.002997000999999999,0.0038816444276348963,0.0038816444276348963,0.005665167166666666,0.0028683635136986293,0.001729039038461538,0.002934433472273972
190,0.002997000999999999,0.0033773579929399894,0.0033773579929399894,0.0014985004999999996,0.0014985004999999996,0.001729039038461538,0.003176821059999999
191,0.002997000999999999,0.0038816444276348963,0.0038816444276348963,0.005665167166666666,0.00423822652739726,0.001729039038461538,0.002848711032712328
192,0.002997000999999999,0.002873071558245083,0.002873071558245083,0.0014985004999999996,0.0014985004999999996,0.004476291785714286,0.003176821059999999
193,0.002997000999999999,0.002873071558245083,0.002873071558245083,0.0014985004999999996,0.0014985004999999996,0.004476291785714286,0.003176821059999999
194,0.002997000999999999,0.0033773579929399894,0.0033773579929399894,0.005665167166666666,0.00423822652739726,0.004476291785714286,0.0029147271643287665
195,0.002997000999999999,0.005898790166414523,0.005898790166414523,0.005665167166666666,0.00560808954109589,0.007223544532967033,0.0029314775260821913
196,0.002997000999999999,0.0013602122541603626,0.0013602122541603626,0.0014985004999999996,0.0014985004999999996,0.001729039038461538,0.003176821059999999
197,0.002997000999999999,0.0018644986888552695,0.0018644986888552695,0.0014985004999999996,0.0014985004999999996,0.001729039038461538,0.003176821059999999
198,0.002997000999999999,0.002368785123550176,0.002368785123550176,0.0014985004999999996,0.0014985004999999996,0.001729039038461538,0.003176821059999999
199,0.002997000999999999,0.0018644986888552695,0.0018644986888552695,0.0014985004999999996,0.0014985004999999996,0.004476291785714286,0.003176821059999999
200,0.002997000999999999,0.0038816444276348963,0.0038816444276348963,0.0014985004999999996,0.0028683635136986293,0.004476291785714286,0.003003405550082191
201,0.002997000999999999,0.002368785123550176,0.002368785123550176,0.0014985004999999996,0.0028683635136986293,0.001729039038461538,0.003130511236328766
202,0.002997000999999999,0.002368785123550176,0.002368785123550176,0.005665167166666666,0.00423822652739726,0.001729039038461538,0.002873343917643835
203,0.002997000999999999,0.002368785123550176,0.002368785123550176,0.0014985004999999996,0.00423822652739726,0.004476291785714286,0.002991581765315068
204,0.002997000999999999,0.0018644986888552695,0.0018644986888552695,0.0014985004999999996,0.0014985004999999996,0.001729039038461538,0.003176821059999999
205,0.002997000999999999,0.002873071558245083,0.002873071558245083,0.0014985004999999996,0.00423822652739726,0.001729039038461538,0.0029758167189589033
206,0.002997000999999999,0.002873071558245083,0.002873071558245083,0.0014985004999999996,0.0028683635136986293,0.004476291785714286,0.003003405550082191
207,0.002997000999999999,0.002368785123550176,0.002368785123550176,0.0014985004999999996,0.0028683635136986293,0.001729039038461538,0.002989611134520547
208,0.002997000999999999,0.0033773579929399894,0.0033773579929399894,0.0014985004999999996,0.0014985004999999996,0.001729039038461538,0.003176821059999999
209,0.002997000999999999,0.002368785123550176,0.002368785123550176,0.0014985004999999996,0.0014985004999999996,0.004476291785714286,0.003176821059999999
210,0.002997000999999999,0.002368785123550176,0.002368785123550176,0.0014985004999999996,0.0014985004999999996,0.001729039038461538,0.003176821059999999
211,0.002997000999999999,0.0033773579929399894,0.0033773579929399894,0.0014985004999999996,0.0014985004999999996,0.001729039038461538,0.003176821059999999
212,0.002997000999999999,0.002873071558245083,0.002873071558245083,0.005665167166666666,0.0028683635136986293,0.007223544532967033,0.0029334481568767117
213,0.002997000999999999,0.0038816444276348963,0.0038816444276348963,0.005665167166666666,0.00560808954109589,0.007223544532967033,0.002867432025260273
214,0.002997000999999999,0.002873071558245083,0.002873071558245083,0.0014985004999999996,0.00423822652739726,0.001729039038461538,0.00296399293419178
215,0.002997000999999999,0.002368785123550176,0.002368785123550176,0.0014985004999999996,0.0028683635136986293,0.004476291785714286,0.0030063614962739715
216,0.002997000999999999,0.0038816444276348963,0.0038816444276348963,0.0014985004999999996,0.0014985004999999996,0.007223544532967033,0.003176821059999999
217,0.002997000999999999,0.002368785123550176,0.002368785123550176,0.005665167166666666,0.0028683635136986293,0.001729039038461538,0.002834916617150684
218,0.002997000999999999,0.0033773579929399894,0.0033773579929399894,0.009831833833333333,0.00560808954109589,0.001729039038461538,0.0028546229250958895
219,0.002997000999999999,0.0033773579929399894,0.0033773579929399894,0.0014985004999999996,0.0028683635136986293,0.004476291785714286,0.0031620413290410947
220,0.002997000999999999,0.002873071558245083,0.002873071558245083,0.005665167166666666,0.0028683635136986293,0.001729039038461538,0.002924580318301369
221,0.002997000999999999,0.002368785123550176,0.002368785123550176,0.0014985004999999996,0.0014985004999999996,0.001729039038461538,0.003176821059999999
222,0.002997000999999999,0.002873071558245083,0.002873071558245083,0.005665167166666666,0.0028683635136986293,0.001729039038461538,0.0028536376096986293
223,0.002997000999999999,0.002368785123550176,0.002368785123550176,0.0014985004999999996,0.0014985004999999996,0.001729039038461538,0.003176821059999999
224,0.002997000999999999,0.004385930862329803,0.004385930862329803,0.005665167166666666,0.00423822652739726,0.004476291785714286,0.0028506816635068483
225,0.002997000999999999,0.002873071558245083,0.002873071558245083,0.0014985004999999996,0.0014985004999999996,0.001729039038461538,0.003176821059999999
226,0.002997000999999999,0.0033773579929399894,0.0033773579929399894,0.0014985004999999996,0.0028683635136986293,0.004476291785714286,0.003011288073260273
227,0.002997000999999999,0.0033773579929399894,0.0033773579929399894,0.0014985004999999996,0.0028683635136986293,0.001729039038461538,0.003094054566630136
228,0.002997000999999999,0.0033773579929399894,0.0033773579929399894,0.005665167166666666,0.0028683635136986293,0.001729039038461538,0.002921624372109588
229,0.002997000999999999,0.0013602122541603626,0.0013602122541603626,0.0014985004999999996,0.0014985004999999996,0.001729039038461538,0.003176821059999999
230,0.002997000999999999,0.0038816444276348963,0.0038816444276348963,0.005665167166666666,0.00423822652739726,0.001729039038461538,0.0029226096875068484
231,0.002997000999999999,0.002873071558245083,0.002873071558245083,0.009831833833333333,0.00560808954109589,0.001729039038461538,0.0028792558100273966
232,0.002997000999999999,0.002368785123550176,0.002368785123550176,0.0014985004999999996,0.0028683635136986293,0.004476291785714286,0.003064495104712328
233,0.002997000999999999,0.0033773579929399894,0.0033773579929399894,0.0014985004999999996,0.0028683635136986293,0.004476291785714286,0.003164011959835615
234,0.002997000999999999,0.002368785123550176,0.002368785123550176,0.0014985004999999996,0.0028683635136986293,0.001729039038461538,0.0029945377115068485
235,0.002997000999999999,0.002368785123550176,0.002368785123550176,0.0014985004999999996,0.0014985004999999996,0.004476291785714286,0.003176821059999999
236,0.002997000999999999,0.0033773579929399894,0.0033773579929399894,0.0014985004999999996,0.0014985004999999996,0.004476291785714286,0.003176821059999999
237,0.002997000999999999,0.004385930862329803,0.004385930862329803,0.005665167166666666,0.00560808954109589,0.001729039038461538,0.0028329459863561633
238,0.002997000999999999,0.002873071558245083,0.002873071558245083,0.005665167166666666,0.0028683635136986293,0.001729039038461538,0.002863490763671232
239,0.002997000999999999,0.004890217297024709,0.004890217297024709,0.0014985004999999996,0.00423822652739726,0.007223544532967033,0.0029610369879999993
240,0.002997000999999999,0.0033773579929399894,0.0033773579929399894,0.005665167166666666,0.00423822652739726,0.007223544532967033,0.002864476079068492
241,0.002997000999999999,0.002368785123550176,0.002368785123550176,0.0014985004999999996,0.0028683635136986293,0.001729039038461538,0.003092083935835616
242,0.002997000999999999,0.002873071558245083,0.002873071558245083,0.0014985004999999996,0.0028683635136986293,0.001729039038461538,0.003051686004547944
243,0.002997000999999999,0.0033773579929399894,0.0033773579929399894,0.005665167166666666,0.00560808954109589,0.001729039038461538,0.0028723586022465744
244,0.002997000999999999,0.002368785123550176,0.002368785123550176,0.005665167166666666,0.0028683635136986293,0.001729039038461538,0.0028585641866849306
245,0.002997000999999999,0.002873071558245083,0.002873071558245083,0.0014985004999999996,0.0014985004999999996,0.004476291785714286,0.003176821059999999
246,0.002997000999999999,0.0033773579929399894,0.0033773579929399894,0.005665167166666666,0.00423822652739726,0.004476291785714286,0.002898962117972602
247,0.002997000999999999,0.0033773579929399894,0.0033773579929399894,0.0014985004999999996,0.0028683635136986293,0.001729039038461538,0.002978772665150684
248,0.002997000999999999,0.002368785123550176,0.002368785123550176,0.0014985004999999996,0.0028683635136986293,0.004476291785714286,0.0029768020343561635
249,0.002997000999999999,0.002368785123550176,0.002368785123550176,0.0014985004999999996,0.0014985004999999996,0.001729039038461538,0.003176821059999999
250,0.002997000999999999,0.002368785123550176,0.002368785123550176,0.0014985004999999996,0.0028683635136986293,0.001729039038461538,0.003104893035999999
251,0.002997000999999999,0.0033773579929399894,0.0033773579929399894,0.0014985004999999996,0.00423822652739726,0.001729039038461538,0.003068436366301369
252,0.002997000999999999,0.002873071558245083,0.002873071558245083,0.009831833833333333,0.00423822652739726,0.001729039038461538,0.0028979768025753417
253,0.002997000999999999,0.004890217297024709,0.004890217297024709,0.005665167166666666,0.00834781556849315,0.001729039038461538,0.0028940355409863006
254,0.002997000999999999,0.002873071558245083,0.002873071558245083,0.0014985004999999996,0.0028683635136986293,0.001729039038461538,0.003050700689150684
255,0.002997000999999999,0.002873071558245083,0.002873071558245083,0.0014985004999999996,0.0028683635136986293,0.001729039038461538,0.0030024202346849303
256,0.002997000999999999,0.002368785123550176,0.002368785123550176,0.0014985004999999996,0.0014985004999999996,0.001729039038461538,0.003176821059999999
257,0.002997000999999999,0.0033773579929399894,0.0033773579929399894,0.0014985004999999996,0.0028683635136986293,0.007223544532967033,0.003139379074904109
258,0.002997000999999999,0.004385930862329803,0.004385930862329803,0.0014985004999999996,0.00423822652739726,0.001729039038461538,0.00300143491928767
259,0.002997000999999999,0.0033773579929399894,0.0033773579929399894,0.0014985004999999996,0.0028683635136986293,0.004476291785714286,0.002986655188328766
260,0.002997000999999999,0.002368785123550176,0.002368785123550176,0.0014985004999999996,0.0014985004999999996,0.001729039038461538,0.003176821059999999
261,0.002997000999999999,0.0018644986888552695,0.0018644986888552695,0.005665167166666666,0.0028683635136986293,0.001729039038461538,0.0028250634631780814
262,0.002997000999999999,0.002368785123550176,0.002368785123550176,0.0014985004999999996,0.0014985004999999996,0.004476291785714286,0.003176821059999999
263,0.002997000999999999,0.0018644986888552695,0.0018644986888552695,0.0014985004999999996,0.0014985004999999996,0.001729039038461538,0.003176821059999999
264,0.002997000999999999,0.004385930862329803,0.004385930862329803,0.005665167166666666,0.00560808954109589,0.001729039038461538,0.0028900942793972594
265,0.002997000999999999,0.002368785123550176,0.002368785123550176,0.0014985004999999996,0.0028683635136986293,0.001729039038461538,0.0030822307818630127
266,0.002997000999999999,0.0038816444276348963,0.0038816444276348963,0.0014985004999999996,0.0014985004999999996,0.007223544532967033,0.003176821059999999
267,0.002997000999999999,0.0013602122541603626,0.0013602122541603626,0.0014985004999999996,0.0014985004999999996,0.001729039038461538,0.003176821059999999
268,0.002997000999999999,0.0033773579929399894,0.0033773579929399894,0.005665167166666666,0.00423822652739726,0.001729039038461538,0.0028447697711232868
269,0.002997000999999999,0.0013602122541603626,0.0013602122541603626,0.0014985004999999996,0.0014985004999999996,0.001729039038461538,0.003176821059999999
270,0.002997000999999999,0.0038816444276348963,0.0038816444276348963,0.005665167166666666,0.00423822652739726,0.001729039038461538,0.00285560824049315
271,0.002997000999999999,0.0038816444276348963,0.0038816444276348963,0.005665167166666666,0.00423822652739726,0.001729039038461538,0.0028694026560547935
272,0.002997000999999999,0.002873071558245083,0.002873071558245083,0.005665167166666666,0.00423822652739726,0.001729039038461538,0.0029038886949589032
273,0.002997000999999999,0.0018644986888552695,0.0018644986888552695,0.0014985004999999996,0.0014985004999999996,0.001729039038461538,0.003176821059999999
274,0.002997000999999999,0.005394503731719616,0.005394503731719616,0.005665167166666666,0.00423822652739726,0.004476291785714286,0.002836887247945205
275,0.002997000999999999,0.002368785123550176,0.002368785123550176,0.0014985004999999996,0.0014985004999999996,0.001729039038461538,0.003176821059999999
276,0.002997000999999999,0.0033773579929399894,0.0033773579929399894,0.0014985004999999996,0.0028683635136986293,0.001729039038461538,0.003043803481369862
277,0.002997000999999999,0.0033773579929399894,0.0033773579929399894,0.009831833833333333,0.00560808954109589,0.004476291785714286,0.0028575788712876704
278,0.002997000999999999,0.002873071558245083,0.002873071558245083,0.005665167166666666,0.0028683635136986293,0.004476291785714286,0.002833931301753424
279,0.002997000999999999,0.0033773579929399894,0.0033773579929399894,0.005665167166666666,0.00423822652739726,0.001729039038461538,0.0029078299565479444
280,0.002997000999999999,0.0033773579929399894,0.0033773579929399894,0.0014985004999999996,0.0014985004999999996,0.001729039038461538,0.003176821059999999
281,0.002997000999999999,0.0013602122541603626,0.0013602122541603626,0.0014985004999999996,0.0014985004999999996,0.001729039038461538,0.003176821059999999
282,0.002997000999999999,0.0033773579929399894,0.0033773579929399894,0.0014985004999999996,0.0028683635136986293,0.004476291785714286,0.0031255846593424646
283,0.002997000999999999,0.002368785123550176,0.002368785123550176,0.0014985004999999996,0.0028683635136986293,0.001729039038461538,0.003014244019452054
284,0.002997000999999999,0.002368785123550176,0.002368785123550176,0.0014985004999999996,0.0028683635136986293,0.001729039038461538,0.0031285406055342455
285,0.002997000999999999,0.0018644986888552695,0.0018644986888552695,0.0014985004999999996,0.0014985004999999996,0.001729039038461538,0.003176821059999999
286,0.002997000999999999,0.002368785123550176,0.002368785123550176,0.005665167166666666,0.00423822652739726,0.001729039038461538,0.0028290047247671226
287,0.002997000999999999,0.0033773579929399894,0.0033773579929399894,0.0014985004999999996,0.0028683635136986293,0.004476291785714286,0.0031265699747397247
288,0.002997000999999999,0.004385930862329803,0.004385930862329803,0.0014985004999999996,0.00423822652739726,0.001729039038461538,0.0030349356427945198
289,0.002997000999999999,0.0018644986888552695,0.0018644986888552695,0.0014985004999999996,0.0014985004999999996,0.001729039038461538,0.003176821059999999
290,0.002997000999999999,0.0038816444276348963,0.0038816444276348963,0.005665167166666666,0.0028683635136986293,0.007223544532967033,0.002919653741315068
291,0.002997000999999999,0.002873071558245083,0.002873071558245083,0.005665167166666666,0.00423822652739726,0.007223544532967033,0.0029058593257534236
292,0.002997000999999999,0.002873071558245083,0.002873071558245083,0.0014985004999999996,0.0014985004999999996,0.001729039038461538,0.003176821059999999
293,0.002997000999999999,0.0018644986888552695,0.0018644986888552695,0.0014985004999999996,0.0028683635136986293,0.001729039038461538,0.0029590663572054785
294,0.002997000999999999,0.002873071558245083,0.002873071558245083,0.005665167166666666,0.00423822652739726,0.001729039038461538,0.0028969914871780815
295,0.002997000999999999,0.0033773579929399894,0.0033773579929399894,0.005665167166666666,0.00560808954109589,0.001729039038461538,0.0028625054482739718
296,0.002997000999999999,0.0033773579929399894,0.0033773579929399894,0.0014985004999999996,0.0028683635136986293,0.001729039038461538,0.003141349705698629
297,0.002997000999999999,0.0033773579929399894,0.0033773579929399894,0.0014985004999999996,0.0028683635136986293,0.004476291785714286,0.0030812454664657526
298,0.002997000999999999,0.002368785123550176,0.002368785123550176,0.0014985004999999996,0.0014985004999999996,0.001729039038461538,0.003176821059999999
299,0.002997000999999999,0.0013602122541603626,0.0013602122541603626,0.0014985004999999996,0.0014985004999999996,0.001729039038461538,0.003176821059999999
300,0.002997000999999999,0.0018644986888552695,0.0018644986888552695,0.0014985004999999996,0.0014985004999999996,0.004476291785714286,0.003176821059999999
301,0.002997000999999999,0.0033773579929399894,0.0033773579929399894,0.0014985004999999996,0.00560808954109589,0.001729039038461538,0.0030201559118356158
302,0.002997000999999999,0.0033773579929399894,0.0033773579929399894,0.0014985004999999996,0.00423822652739726,0.001729039038461538,0.0029551250956164374
303,0.002997000999999999,0.002368785123550176,0.002368785123550176,0.0014985004999999996,0.00423822652739726,0.004476291785714286,0.0031019370898082185
304,0.002997000999999999,0.0018644986888552695,0.0018644986888552695,0.0014985004999999996,0.0014985004999999996,0.001729039038461538,0.003176821059999999
305,0.002997000999999999,0.002368785123550176,0.002368785123550176,0.0014985004999999996,0.0014985004999999996,0.001729039038461538,0.003176821059999999
306,0.002997000999999999,0.004385930862329803,0.004385930862329803,0.0014985004999999996,0.0028683635136986293,0.001729039038461538,0.003155144121260273
307,0.002997000999999999,0.002368785123550176,0.002368785123550176,0.0014985004999999996,0.0028683635136986293,0.001729039038461538,0.0029423159954520537
308,0.002997000999999999,0.0033773579929399894,0.0033773579929399894,0.0014985004999999996,0.0014985004999999996,0.004476291785714286,0.003176821059999999
309,0.002997000999999999,0.0018644986888552695,0.0018644986888552695,0.0014985004999999996,0.0014985004999999996,0.001729039038461538,0.003176821059999999
310,0.002997000999999999,0.002873071558245083,0.002873071558245083,0.0014985004999999996,0.0028683635136986293,0.004476291785714286,0.003014244019452054
311,0.002997000999999999,0.0033773579929399894,0.0033773579929399894,0.009831833833333333,0.00560808954109589,0.001729039038461538,0.0029098005873424647
312,0.002997000999999999,0.0033773579929399894,0.0033773579929399894,0.005665167166666666,0.0028683635136986293,0.004476291785714286,0.0029186684259178072
313,0.002997000999999999,0.002873071558245083,0.002873071558245083,0.0014985004999999996,0.0014985004999999996,0.001729039038461538,0.003176821059999999
314,0.002997000999999999,0.002368785123550176,0.002368785123550176,0.0014985004999999996,0.0028683635136986293,0.004476291785714286,0.0031029224052054787
315,0.002997000999999999,0.0013602122541603626,0.0013602122541603626,0.0014985004999999996,0.0014985004999999996,0.001729039038461538,0.003176821059999999
316,0.002997000999999999,0.004890217297024709,0.004890217297024709,0.0014985004999999996,0.0014985004999999996,0.001729039038461538,0.003176821059999999
317,0.002997000999999999,0.0033773579929399894,0.0033773579929399894,0.0014985004999999996,0.0028683635136986293,0.004476291785714286,0.0030979958282191774
318,0.002997000999999999,0.004385930862329803,0.004385930862329803,0.0014985004999999996,0.0028683635136986293,0.004476291785714286,0.0031354378133150677
319,0.002997000999999999,0.0018644986888552695,0.0018644986888552695,0.0014985004999999996,0.0014985004999999996,0.001729039038461538,0.003176821059999999
320,0.002997000999999999,0.0038816444276348963,0.0038816444276348963,0.005665167166666666,0.0028683635136986293,0.004476291785714286,0.0028871383332054784
321,0.002997000999999999,0.0038816444276348963,0.0038816444276348963,0.005665167166666666,0.0028683635136986293,0.004476291785714286,0.0028299900401643828
322,0.002997000999999999,0.002873071558245083,0.002873071558245083,0.005665167166666666,0.0028683635136986293,0.001729039038461538,0.0028398431941369854
323,0.002997000999999999,0.0038816444276348963,0.0038816444276348963,0.0014985004999999996,0.00423822652739726,0.001729039038461538,0.002937389418465753
324,0.002997000999999999,0.0033773579929399894,0.0033773579929399894,0.005665167166666666,0.00423822652739726,0.001729039038461538,0.0028881236486027386
325,0.002997000999999999,0.004385930862329803,0.004385930862329803,0.0014985004999999996,0.00423822652739726,0.001729039038461538,0.003111790243780821
326,0.002997000999999999,0.002368785123550176,0.002368785123550176,0.0014985004999999996,0.0028683635136986293,0.001729039038461538,0.003151202859671232
327,0.002997000999999999,0.0018644986888552695,0.0018644986888552695,0.0014985004999999996,0.0014985004999999996,0.001729039038461538,0.003176821059999999
328,0.002997000999999999,0.002368785123550176,0.002368785123550176,0.0014985004999999996,0.0014985004999999996,0.007223544532967033,0.003176821059999999
329,0.002997000999999999,0.0033773579929399894,0.0033773579929399894,0.009831833833333333,0.00423822652739726,0.004476291785714286,0.0028418138249315062
330,0.002997000999999999,0.0033773579929399894,0.0033773579929399894,0.005665167166666666,0.00423822652739726,0.004476291785714286,0.002877285179232876
331,0.002997000999999999,0.004385930862329803,0.004385930862329803,0.0014985004999999996,0.00423822652739726,0.001729039038461538,0.0029413306800547935
332,0.002997000999999999,0.0033773579929399894,0.0033773579929399894,0.0014985004999999996,0.00423822652739726,0.004476291785714286,0.002982713926739725
333,0.002997000999999999,0.0018644986888552695,0.0018644986888552695,0.0014985004999999996,0.0014985004999999996,0.001729039038461538,0.003176821059999999
334,0.002997000999999999,0.0038816444276348963,0.0038816444276348963,0.005665167166666666,0.00423822652739726,0.001729039038461538,0.0029235950029041086
335,0.002997000999999999,0.0033773579929399894,0.0033773579929399894,0.005665167166666666,0.00423822652739726,0.004476291785714286,0.0028782704946301364
336,0.002997000999999999,0.002368785123550176,0.002368785123550176,0.0014985004999999996,0.0028683635136986293,0.001729039038461538,0.002952169149424657
337,0.002997000999999999,0.002368785123550176,0.002368785123550176,0.0014985004999999996,0.0028683635136986293,0.001729039038461538,0.003024097173424657
338,0.002997000999999999,0.002368785123550176,0.002368785123550176,0.0014985004999999996,0.0014985004999999996,0.001729039038461538,0.003176821059999999
339,0.002997000999999999,0.0018644986888552695,0.0018644986888552695,0.0014985004999999996,0.0014985004999999996,0.001729039038461538,0.003176821059999999
340,0.002997000999999999,0.0018644986888552695,0.0018644986888552695,0.0014985004999999996,0.0014985004999999996,0.004476291785714286,0.003176821059999999
341,0.002997000999999999,0.002368785123550176,0.002368785123550176,0.0014985004999999996,0.0028683635136986293,0.001729039038461538,0.003031979696602739
342,0.002997000999999999,0.002873071558245083,0.002873071558245083,0.0014985004999999996,0.0014985004999999996,0.001729039038461538,0.003176821059999999
343,0.002997000999999999,0.0018644986888552695,0.0018644986888552695,0.0014985004999999996,0.0014985004999999996,0.001729039038461538,0.003176821059999999
344,0.002997000999999999,0.004890217297024709,0.004890217297024709,0.0014985004999999996,0.00423822652739726,0.004476291785714286,0.0029452719416438347
345,0.002997000999999999,0.0033773579929399894,0.0033773579929399894,0.005665167166666666,0.00423822652739726,0.004476291785714286,0.0028900942793972594
346,0.002997000999999999,0.0038816444276348963,0.0038816444276348963,0.0014985004999999996,0.0028683635136986293,0.004476291785714286,0.0031009517744109583
347,0.002997000999999999,0.002873071558245083,0.002873071558245083,0.0014985004999999996,0.0028683635136986293,0.004476291785714286,0.0030743482586849304
348,0.002997000999999999,0.002873071558245083,0.002873071558245083,0.0014985004999999996,0.0028683635136986293,0.001729039038461538,0.003140364390301369
349,0.002997000999999999,0.0033773579929399894,0.0033773579929399894,0.005665167166666666,0.00697795255479452,0.001729039038461538,0.002848711032712328
350,0.002997000999999999,0.0033773579929399894,0.0033773579929399894,0.005665167166666666,0.00423822652739726,0.001729039038461538,0.0028930502255890404
351,0.002997000999999999,0.0018644986888552695,0.0018644986888552695,0.005665167166666666,0.0028683635136986293,0.001729039038461538,0.0028625054482739718
352,0.002997000999999999,0.0033773579929399894,0.0033773579929399894,0.0014985004999999996,0.00423822652739726,0.007223544532967033,0.0029797579805479445
353,0.002997000999999999,0.0038816444276348963,0.0038816444276348963,0.005665167166666666,0.00423822652739726,0.004476291785714286,0.002836887247945205
354,0.002997000999999999,0.002368785123550176,0.002368785123550176,0.0014985004999999996,0.0028683635136986293,0.004476291785714286,0.0030260678042191773
355,0.002997000999999999,0.0038816444276348963,0.0038816444276348963,0.009831833833333333,0.00560808954109589,0.001729039038461538,0.002916697795123287
356,0.002997000999999999,0.0033773579929399894,0.0033773579929399894,0.005665167166666666,0.00560808954109589,0.004476291785714286,0.0028516669789041085
357,0.002997000999999999,0.002873071558245083,0.002873071558245083,0.0014985004999999996,0.0028683635136986293,0.001729039038461538,0.0029768020343561635
358,0.002997000999999999,0.0033773579929399894,0.0033773579929399894,0.005665167166666666,0.00423822652739726,0.001729039038461538,0.0028762998638356156
359,0.002997000999999999,0.005898790166414523,0.005898790166414523,0.009831833833333333,0.00423822652739726,0.007223544532967033,0.0028575788712876704
360,0.002997000999999999,0.0033773579929399894,0.0033773579929399894,0.0014985004999999996,0.0028683635136986293,0.001729039038461538,0.002935418787671232
361,0.002997000999999999,0.002368785123550176,0.002368785123550176,0.005665167166666666,0.0028683635136986293,0.001729039038461538,0.0028359019325479447
362,0.002997000999999999,0.002873071558245083,0.002873071558245083,0.0014985004999999996,0.00423822652739726,0.004476291785714286,0.0029610369879999993
363,0.002997000999999999,0.0033773579929399894,0.0033773579929399894,0.0014985004999999996,0.00423822652739726,0.001729039038461538,0.0030625244739178074
364,0.002997000999999999,0.002873071558245083,0.002873071558245083,0.0014985004999999996,0.0028683635136986293,0.004476291785714286,0.002954139780219177
365,0.002997000999999999,0.0033773579929399894,0.0033773579929399894,0.0014985004999999996,0.0028683635136986293,0.004476291785714286,0.002969904826575342
366,0.002997000999999999,0.0038816444276348963,0.0038816444276348963,0.0014985004999999996,0.0028683635136986293,0.004476291785714286,0.002937389418465753
367,0.002997000999999999,0.002873071558245083,0.002873071558245083,0.0014985004999999996,0.0014985004999999996,0.004476291785714286,0.003176821059999999
368,0.002997000999999999,0.004385930862329803,0.004385930862329803,0.009831833833333333,0.00560808954109589,0.007223544532967033,0.0029127565335342457
369,0.002997000999999999,0.0038816444276348963,0.0038816444276348963,0.0014985004999999996,0.00423822652739726,0.004476291785714286,0.00303690627358904
370,0.002997000999999999,0.0033773579929399894,0.0033773579929399894,0.0014985004999999996,0.00423822652739726,0.001729039038461538,0.00310784898219178
371,0.002997000999999999,0.0038816444276348963,0.0038816444276348963,0.0014985004999999996,0.00423822652739726,0.004476291785714286,0.0029974936576986294
372,0.002997000999999999,0.002368785123550176,0.002368785123550176,0.0014985004999999996,0.0028683635136986293,0.001729039038461538,0.003064495104712328
373,0.002997000999999999,0.002368785123550176,0.002368785123550176,0.005665167166666666,0.0028683635136986293,0.001729039038461538,0.0028881236486027386
374,0.002997000999999999,0.002873071558245083,0.002873071558245083,0.005665167166666666,0.00423822652739726,0.001729039038461538,0.002884182387013698
375,0.002997000999999999,0.002873071558245083,0.002873071558245083,0.0014985004999999996,0.0028683635136986293,0.004476291785714286,0.002954139780219177
376,0.002997000999999999,0.0033773579929399894,0.0033773579929399894,0.009831833833333333,0.00423822652739726,0.001729039038461538,0.002852652294301369
377,0.002997000999999999,0.004890217297024709,0.004890217297024709,0.0014985004999999996,0.0028683635136986293,0.001729039038461538,0.0030556272661369857
378,0.002997000999999999,0.002368785123550176,0.002368785123550176,0.0014985004999999996,0.0014985004999999996,0.004476291785714286,0.003176821059999999
379,0.002997000999999999,0.0018644986888552695,0.0018644986888552695,0.0014985004999999996,0.0014985004999999996,0.001729039038461538,0.003176821059999999
380,0.002997000999999999,0.002873071558245083,0.002873071558245083,0.0014985004999999996,0.0028683635136986293,0.001729039038461538,0.003103907720602739
381,0.002997000999999999,0.002873071558245083,0.002873071558245083,0.005665167166666666,0.0028683635136986293,0.001729039038461538,0.0028950208563835607
382,0.002997000999999999,0.0038816444276348963,0.0038816444276348963,0.005665167166666666,0.0028683635136986293,0.004476291785714286,0.0029265509490958895
383,0.002997000999999999,0.0033773579929399894,0.0033773579929399894,0.0014985004999999996,0.0028683635136986293,0.004476291785714286,0.002966948880383561
384,0.002997000999999999,0.002873071558245083,0.002873071558245083,0.0014985004999999996,0.00423822652739726,0.001729039038461538,0.002935418787671232
385,0.002997000999999999,0.002873071558245083,0.002873071558245083,0.0014985004999999996,0.0028683635136986293,0.004476291785714286,0.0029501985186301365
386,0.002997000999999999,0.002873071558245083,0.002873071558245083,0.0014985004999999996,0.0014985004999999996,0.001729039038461538,0.003176821059999999
387,0.002997000999999999,0.002873071558245083,0.002873071558245083,0.0014985004999999996,0.00423822652739726,0.007223544532967033,0.002949213203232876
388,0.002997000999999999,0.0038816444276348963,0.0038816444276348963,0.005665167166666666,0.00423822652739726,0.004476291785714286,0.002902903379561643
389,0.002997000999999999,0.002873071558245083,0.002873071558245083,0.0014985004999999996,0.0028683635136986293,0.004476291785714286,0.0031364231287123283
390,0.002997000999999999,0.004890217297024709,0.004890217297024709,0.0014985004999999996,0.0028683635136986293,0.004476291785714286,0.0030654804201095884
391,0.002997000999999999,0.0038816444276348963,0.0038816444276348963,0.005665167166666666,0.00423822652739726,0.007223544532967033,0.0029127565335342457
392,0.002997000999999999,0.004890217297024709,0.004890217297024709,0.005665167166666666,0.00560808954109589,0.007223544532967033,0.002911771218136985
393,0.002997000999999999,0.0033773579929399894,0.0033773579929399894,0.005665167166666666,0.0028683635136986293,0.001729039038461538,0.0029137418489315063
394,0.002997000999999999,0.002368785123550176,0.002368785123550176,0.0014985004999999996,0.0014985004999999996,0.004476291785714286,0.003176821059999999
395,0.002997000999999999,0.0033773579929399894,0.0033773579929399894,0.0014985004999999996,0.0028683635136986293,0.004476291785714286,0.0030704069970958897
396,0.002997000999999999,0.005394503731719616,0.005394503731719616,0.0014985004999999996,0.00560808954109589,0.004476291785714286,0.002982713926739725
397,0.002997000999999999,0.0033773579929399894,0.0033773579929399894,0.0014985004999999996,0.0028683635136986293,0.004476291785714286,0.0029758167189589033
398,0.002997000999999999,0.002368785123550176,0.002368785123550176,0.0014985004999999996,0.0014985004999999996,0.001729039038461538,0.003176821059999999
399,0.002997000999999999,0.002873071558245083,0.002873071558245083,0.0014985004999999996,0.0028683635136986293,0.004476291785714286,0.0030861720434520535
400,0.002997000999999999,0.002873071558245083,0.002873071558245083,0.0014985004999999996,0.0014985004999999996,0.001729039038461538,0.003176821059999999
401,0.002997000999999999,0.002873071558245083,0.002873071558245083,0.0014985004999999996,0.0014985004999999996,0.004476291785714286,0.003176821059999999
402,0.002997000999999999,0.0018644986888552695,0.0018644986888552695,0.005665167166666666,0.0028683635136986293,0.001729039038461538,0.0028477257173150678
403,0.002997000999999999,0.004385930862329803,0.004385930862329803,0.0014985004999999996,0.00423822652739726,0.004476291785714286,0.0029935523961095883
404,0.002997000999999999,0.0013602122541603626,0.0013602122541603626,0.0014985004999999996,0.0014985004999999996,0.001729039038461538,0.003176821059999999
405,0.002997000999999999,0.005394503731719616,0.005394503731719616,0.005665167166666666,0.00423822652739726,0.007223544532967033,0.002921624372109588
406,0.002997000999999999,0.002368785123550176,0.002368785123550176,0.0014985004999999996,0.0028683635136986293,0.004476291785714286,0.003097010512821917
407,0.002997000999999999,0.002873071558245083,0.002873071558245083,0.005665167166666666,0.00423822652739726,0.001729039038461538,0.0028861530178082183
408,0.002997000999999999,0.002873071558245083,0.002873071558245083,0.0014985004999999996,0.00560808954109589,0.004476291785714286,0.002974831403561643
409,0.002997000999999999,0.002873071558245083,0.002873071558245083,0.005665167166666666,0.00423822652739726,0.004476291785714286,0.002831960670958903
410,0.002997000999999999,0.002368785123550176,0.002368785123550176,0.005665167166666666,0.00423822652739726,0.001729039038461538,0.002906844641150684
411,0.002997000999999999,0.0018644986888552695,0.0018644986888552695,0.005665167166666666,0.0028683635136986293,0.001729039038461538,0.002870387971452054
412,0.002997000999999999,0.0038816444276348963,0.0038816444276348963,0.009831833833333333,0.00423822652739726,0.007223544532967033,0.0028299900401643828
413,0.002997000999999999,0.002368785123550176,0.002368785123550176,0.0014985004999999996,0.00423822652739726,0.001729039038461538,0.0029482278878356152
414,0.002997000999999999,0.0018644986888552695,0.0018644986888552695,0.0014985004999999996,0.0014985004999999996,0.001729039038461538,0.003176821059999999
415,0.002997000999999999,0.002368785123550176,0.002368785123550176,0.0014985004999999996,0.00423822652739726,0.001729039038461538,0.0029590663572054785
416,0.002997000999999999,0.002368785123550176,0.002368785123550176,0.0014985004999999996,0.0014985004999999996,0.001729039038461538,0.003176821059999999
417,0.002997000999999999,0.0033773579929399894,0.0033773579929399894,0.005665167166666666,0.00560808954109589,0.001729039038461538,0.00281915157079452
418,0.002997000999999999,0.0038816444276348963,0.0038816444276348963,0.009831833833333333,0.00560808954109589,0.004476291785714286,0.0028221075169863005
419,0.002997000999999999,0.004890217297024709,0.004890217297024709,0.0014985004999999996,0.00423822652739726,0.004476291785714286,0.003093069251232876
420,0.002997000999999999,0.002368785123550176,0.002368785123550176,0.0014985004999999996,0.0014985004999999996,0.001729039038461538,0.003176821059999999
421,0.002997000999999999,0.002873071558245083,0.002873071558245083,0.005665167166666666,0.0028683635136986293,0.004476291785714286,0.0028506816635068483
422,0.002997000999999999,0.0038816444276348963,0.0038816444276348963,0.0014985004999999996,0.0028683635136986293,0.001729039038461538,0.003156129436657533
423,0.002997000999999999,0.002873071558245083,0.002873071558245083,0.0014985004999999996,0.00423822652739726,0.007223544532967033,0.002991581765315068
424,0.002997000999999999,0.004385930862329803,0.004385930862329803,0.0014985004999999996,0.00423822652739726,0.001729039038461538,0.0029600516726027387
425,0.002997000999999999,0.0033773579929399894,0.0033773579929399894,0.009831833833333333,0.00560808954109589,0.004476291785714286,0.0028467404019178076
426,0.002997000999999999,0.0033773579929399894,0.0033773579929399894,0.0014985004999999996,0.0014985004999999996,0.004476291785714286,0.003176821059999999
427,0.002997000999999999,0.0018644986888552695,0.0018644986888552695,0.0014985004999999996,0.0014985004999999996,0.001729039038461538,0.003176821059999999
428,0.002997000999999999,0.002873071558245083,0.002873071558245083,0.0014985004999999996,0.0028683635136986293,0.001729039038461538,0.0030585832123287667
429,0.002997000999999999,0.005394503731719616,0.005394503731719616,0.0014985004999999996,0.0014985004999999996,0.004476291785714286,0.003176821059999999
430,0.002997000999999999,0.004890217297024709,0.004890217297024709,0.005665167166666666,0.00423822652739726,0.001729039038461538,0.0028969914871780815
431,0.002997000999999999,0.002873071558245083,0.002873071558245083,0.0014985004999999996,0.00423822652739726,0.007223544532967033,0.00300044960389041
432,0.002997000999999999,0.007411649470499243,0.007411649470499243,0.009831833833333333,0.00697795255479452,0.007223544532967033,0.00281915157079452
433,0.002997000999999999,0.0033773579929399894,0.0033773579929399894,0.0014985004999999996,0.0028683635136986293,0.001729039038461538,0.0030290237504109582
434,0.002997000999999999,0.0018644986888552695,0.0018644986888552695,0.0014985004999999996,0.0028683635136986293,0.001729039038461538,0.002992567080712328
435,0.002997000999999999,0.0033773579929399894,0.0033773579929399894,0.005665167166666666,0.00423822652739726,0.001729039038461538,0.002916697795123287
436,0.002997000999999999,0.002368785123550176,0.002368785123550176,0.005665167166666666,0.0028683635136986293,0.001729039038461538,0.002837872563342465
437,0.002997000999999999,0.0038816444276348963,0.0038816444276348963,0.0014985004999999996,0.0028683635136986293,0.004476291785714286,0.002974831403561643
438,0.002997000999999999,0.0033773579929399894,0.0033773579929399894,0.0014985004999999996,0.0014985004999999996,0.001729039038461538,0.003176821059999999
439,0.002997000999999999,0.002368785123550176,0.002368785123550176,0.0014985004999999996,0.0028683635136986293,0.001729039038461538,0.002973846088164383
440,0.002997000999999999,0.002873071558245083,0.002873071558245083,0.005665167166666666,0.0028683635136986293,0.001729039038461538,0.0028910795947945196
441,0.002997000999999999,0.002873071558245083,0.002873071558245083,0.0014985004999999996,0.0014985004999999996,0.001729039038461538,0.003176821059999999
442,0.002997000999999999,0.004385930862329803,0.004385930862329803,0.0014985004999999996,0.00423822652739726,0.004476291785714286,0.0029442866262465745
443,0.002997000999999999,0.002368785123550176,0.002368785123550176,0.005665167166666666,0.0028683635136986293,0.001729039038461538,0.0028477257173150678
444,0.002997000999999999,0.002368785123550176,0.002368785123550176,0.005665167166666666,0.0028683635136986293,0.001729039038461538,0.002899947433369862
445,0.002997000999999999,0.0018644986888552695,0.0018644986888552695,0.0014985004999999996,0.0028683635136986293,0.001729039038461538,0.003155144121260273
446,0.002997000999999999,0.0038816444276348963,0.0038816444276348963,0.005665167166666666,0.00423822652739726,0.001729039038461538,0.0028831970716164377
447,0.002997000999999999,0.002873071558245083,0.002873071558245083,0.005665167166666666,0.00423822652739726,0.004476291785714286,0.0029058593257534236
448,0.002997000999999999,0.0038816444276348963,0.0038816444276348963,0.005665167166666666,0.00560808954109589,0.001729039038461538,0.0028743292330410952
449,0.002997000999999999,0.002368785123550176,0.002368785123550176,0.0014985004999999996,0.0028683635136986293,0.004476291785714286,0.0031137608745753415
450,0.002997000999999999,0.0038816444276348963,0.0038816444276348963,0.0014985004999999996,0.0014985004999999996,0.001729039038461538,0.003176821059999999
451,0.002997000999999999,0.0018644986888552695,0.0018644986888552695,0.0014985004999999996,0.0014985004999999996,0.001729039038461538,0.003176821059999999
452,0.002997000999999999,0.002368785123550176,0.002368785123550176,0.0014985004999999996,0.0014985004999999996,0.001729039038461538,0.003176821059999999
453,0.002997000999999999,0.002368785123550176,0.002368785123550176,0.0014985004999999996,0.0028683635136986293,0.001729039038461538,0.002938374733863013
454,0.002997000999999999,0.0033773579929399894,0.0033773579929399894,0.0014985004999999996,0.00423822652739726,0.001729039038461538,0.002956110411013698
455,0.002997000999999999,0.002873071558245083,0.002873071558245083,0.0014985004999999996,0.0028683635136986293,0.004476291785714286,0.003132481867123287
456,0.002997000999999999,0.0018644986888552695,0.0018644986888552695,0.0014985004999999996,0.0014985004999999996,0.001729039038461538,0.003176821059999999
457,0.002997000999999999,0.0033773579929399894,0.0033773579929399894,0.0014985004999999996,0.0028683635136986293,0.004476291785714286,0.0029876405037260268
458,0.002997000999999999,0.0018644986888552695,0.0018644986888552695,0.005665167166666666,0.0028683635136986293,0.004476291785714286,0.002864476079068492
459,0.002997000999999999,0.0033773579929399894,0.0033773579929399894,0.0014985004999999996,0.0028683635136986293,0.004476291785714286,0.0030447887967671224
460,0.002997000999999999,0.004385930862329803,0.004385930862329803,0.0014985004999999996,0.0014985004999999996,0.004476291785714286,0.003176821059999999
461,0.002997000999999999,0.0038816444276348963,0.0038816444276348963,0.009831833833333333,0.00560808954109589,0.001729039038461538,0.002867432025260273
462,0.002997000999999999,0.002368785123550176,0.002368785123550176,0.0014985004999999996,0.0014985004999999996,0.004476291785714286,0.003176821059999999
463,0.002997000999999999,0.002368785123550176,0.002368785123550176,0.0014985004999999996,0.0014985004999999996,0.001729039038461538,0.003176821059999999
464,0.002997000999999999,0.002873071558245083,0.002873071558245083,0.0014985004999999996,0.00423822652739726,0.001729039038461538,0.0029945377115068485
465,0.002997000999999999,0.004890217297024709,0.004890217297024709,0.005665167166666666,0.00423822652739726,0.004476291785714286,0.0028605348174794514
466,0.002997000999999999,0.0038816444276348963,0.0038816444276348963,0.009831833833333333,0.00560808954109589,0.004476291785714286,0.002834916617150684
467,0.002997000999999999,0.0038816444276348963,0.0038816444276348963,0.0014985004999999996,0.0014985004999999996,0.004476291785714286,0.003176821059999999
468,0.002997000999999999,0.0038816444276348963,0.0038816444276348963,0.009831833833333333,0.00560808954109589,0.004476291785714286,0.0028181662553972598
469,0.002997000999999999,0.002873071558245083,0.002873071558245083,0.005665167166666666,0.0028683635136986293,0.004476291785714286,0.002845755086520547
470,0.002997000999999999,0.002368785123550176,0.002368785123550176,0.0014985004999999996,0.0014985004999999996,0.001729039038461538,0.003176821059999999
471,0.002997000999999999,0.0018644986888552695,0.0018644986888552695,0.0014985004999999996,0.0014985004999999996,0.001729039038461538,0.003176821059999999
472,0.002997000999999999,0.0038816444276348963,0.0038816444276348963,0.005665167166666666,0.0028683635136986293,0.004476291785714286,0.0028240781477808213
473,0.002997000999999999,0.004385930862329803,0.004385930862329803,0.009831833833333333,0.00697795255479452,0.001729039038461538,0.0028595495020821912
474,0.002997000999999999,0.0013602122541603626,0.0013602122541603626,0.0014985004999999996,0.0014985004999999996,0.001729039038461538,0.003176821059999999
475,0.002997000999999999,0.0033773579929399894,0.0033773579929399894,0.005665167166666666,0.00560808954109589,0.001729039038461538,0.0028467404019178076
476,0.002997000999999999,0.0038816444276348963,0.0038816444276348963,0.0014985004999999996,0.0028683635136986293,0.001729039038461538,0.0029482278878356152
477,0.002997000999999999,0.0038816444276348963,0.0038816444276348963,0.005665167166666666,0.00560808954109589,0.004476291785714286,0.002881226440821917
478,0.002997000999999999,0.002368785123550176,0.002368785123550176,0.0014985004999999996,0.0014985004999999996,0.001729039038461538,0.003176821059999999
479,0.002997000999999999,0.0038816444276348963,0.0038816444276348963,0.005665167166666666,0.00423822652739726,0.004476291785714286,0.0028960061717808214
480,0.002997000999999999,0.002873071558245083,0.002873071558245083,0.0014985004999999996,0.00423822652739726,0.001729039038461538,0.003011288073260273
481,0.002997000999999999,0.004385930862329803,0.004385930862329803,0.0014985004999999996,0.00423822652739726,0.001729039038461538,0.00300143491928767
482,0.002997000999999999,0.002873071558245083,0.002873071558245083,0.0014985004999999996,0.0014985004999999996,0.001729039038461538,0.003176821059999999
483,0.002997000999999999,0.0013602122541603626,0.0013602122541603626,0.0014985004999999996,0.0014985004999999996,0.001729039038461538,0.003176821059999999
484,0.002997000999999999,0.002873071558245083,0.002873071558245083,0.0014985004999999996,0.0028683635136986293,0.001729039038461538,0.0030093174424657525
485,0.002997000999999999,0.004385930862329803,0.004385930862329803,0.0014985004999999996,0.0014985004999999996,0.001729039038461538,0.003176821059999999
486,0.002997000999999999,0.002873071558245083,0.002873071558245083,0.0014985004999999996,0.0028683635136986293,0.001729039038461538,0.0030221265426301365
487,0.002997000999999999,0.0033773579929399894,0.0033773579929399894,0.0014985004999999996,0.0028683635136986293,0.001729039038461538,0.002996508342301369
488,0.002997000999999999,0.002368785123550176,0.002368785123550176,0.0014985004999999996,0.0014985004999999996,0.001729039038461538,0.003176821059999999
489,0.002997000999999999,0.005898790166414523,0.005898790166414523,0.0014985004999999996,0.00697795255479452,0.001729039038461538,0.00296497824958904
490,0.002997000999999999,0.0033773579929399894,0.0033773579929399894,0.009831833833333333,0.00560808954109589,0.001729039038461538,0.0028831970716164377
491,0.002997000999999999,0.0038816444276348963,0.0038816444276348963,0.0014985004999999996,0.00697795255479452,0.001729039038461538,0.002970890141972602
492,0.002997000999999999,0.0038816444276348963,0.0038816444276348963,0.005665167166666666,0.00560808954109589,0.004476291785714286,0.002898962117972602
493,0.002997000999999999,0.0038816444276348963,0.0038816444276348963,0.0014985004999999996,0.00423822652739726,0.001729039038461538,0.0030979958282191774
494,0.002997000999999999,0.002368785123550176,0.002368785123550176,0.0014985004999999996,0.0028683635136986293,0.001729039038461538,0.002936404103068492
495,0.002997000999999999,0.0038816444276348963,0.0038816444276348963,0.0014985004999999996,0.00560808954109589,0.001729039038461538,0.002970890141972602
496,0.002997000999999999,0.004385930862329803,0.004385930862329803,0.005665167166666666,0.00560808954109589,0.004476291785714286,0.0028299900401643828
497,0.002997000999999999,0.002873071558245083,0.002873071558245083,0.0014985004999999996,0.00423822652739726,0.001729039038461538,0.003017199965643835
498,0.002997000999999999,0.0018644986888552695,0.0018644986888552695,0.0014985004999999996,0.0014985004999999996,0.001729039038461538,0.003176821059999999
499,0.002997000999999999,0.002368785123550176,0.002368785123550176,0.0014985004999999996,0.0014985004999999996,0.004476291785714286,0.003176821059999999
500,0.002997000999999999,0.0018644986888552695,0.0018644986888552695,0.0014985004999999996,0.0014985004999999996,0.001729039038461538,0.003176821059999999
501,0.002997000999999999,0.0013602122541603626,0.0013602122541603626,0.0014985004999999996,0.0014985004999999996,0.001729039038461538,0.003176821059999999
502,0.002997000999999999,0.002368785123550176,0.002368785123550176,0.005665167166666666,0.0028683635136986293,0.004476291785714286,0.002830975355561643
503,0.002997000999999999,0.002873071558245083,0.002873071558245083,0.0014985004999999996,0.0014985004999999996,0.001729039038461538,0.003176821059999999
504,0.002997000999999999,0.0018644986888552695,0.0018644986888552695,0.0014985004999999996,0.0014985004999999996,0.001729039038461538,0.003176821059999999
505,0.002997000999999999,0.002873071558245083,0.002873071558245083,0.005665167166666666,0.00423822652739726,0.001729039038461538,0.0028329459863561633
506,0.002997000999999999,0.002368785123550176,0.002368785123550176,0.005665167166666666,0.00423822652739726,0.001729039038461538,0.0029147271643287665
507,0.002997000999999999,0.0033773579929399894,0.0033773579929399894,0.0014985004999999996,0.0028683635136986293,0.004476291785714286,0.0030664657355068486
508,0.002997000999999999,0.0038816444276348963,0.0038816444276348963,0.005665167166666666,0.00560808954109589,0.004476291785714286,0.002834916617150684
509,0.002997000999999999,0.002873071558245083,0.002873071558245083,0.0014985004999999996,0.00560808954109589,0.00997079728021978,0.002954139780219177
510,0.002997000999999999,0.002873071558245083,0.002873071558245083,0.0014985004999999996,0.0014985004999999996,0.001729039038461538,0.003176821059999999
511,0.002997000999999999,0.0033773579929399894,0.0033773579929399894,0.0014985004999999996,0.0028683635136986293,0.001729039038461538,0.0030585832123287667
512,0.002997000999999999,0.002873071558245083,0.002873071558245083,0.0014985004999999996,0.00423822652739726,0.004476291785714286,0.0030290237504109582
513,0.002997000999999999,0.002368785123550176,0.002368785123550176,0.0014985004999999996,0.0014985004999999996,0.004476291785714286,0.003176821059999999
514,0.002997000999999999,0.002368785123550176,0.002368785123550176,0.0014985004999999996,0.0028683635136986293,0.001729039038461538,0.0030418328505753415
515,0.002997000999999999,0.0038816444276348963,0.0038816444276348963,0.005665167166666666,0.0028683635136986293,0.001729039038461538,0.002827034093972602
516,0.002997000999999999,0.0013602122541603626,0.0013602122541603626,0.0014985004999999996,0.0014985004999999996,0.001729039038461538,0.003176821059999999
517,0.002997000999999999,0.002873071558245083,0.002873071558245083,0.0014985004999999996,0.0028683635136986293,0.004476291785714286,0.0031472615980821907
518,0.002997000999999999,0.002873071558245083,0.002873071558245083,0.0014985004999999996,0.0014985004999999996,0.001729039038461538,0.003176821059999999
519,0.002997000999999999,0.002873071558245083,0.002873071558245083,0.0014985004999999996,0.0028683635136986293,0.001729039038461538,0.003021141227232876
520,0.002997000999999999,0.0018644986888552695,0.0018644986888552695,0.0014985004999999996,0.0014985004999999996,0.001729039038461538,0.003176821059999999
521,0.002997000999999999,0.002873071558245083,0.002873071558245083,0.005665167166666666,0.00423822652739726,0.004476291785714286,0.0029265509490958895
522,0.002997000999999999,0.002873071558245083,0.002873071558245083,0.005665167166666666,0.0028683635136986293,0.001729039038461538,0.002882211756219177
523,0.002997000999999999,0.004385930862329803,0.004385930862329803,0.0014985004999999996,0.0028683635136986293,0.004476291785714286,0.0031354378133150677
524,0.002997000999999999,0.0018644986888552695,0.0018644986888552695,0.0014985004999999996,0.0014985004999999996,0.001729039038461538,0.003176821059999999
525,0.002997000999999999,0.002368785123550176,0.002368785123550176,0.0014985004999999996,0.0028683635136986293,0.001729039038461538,0.0030270531196164375
526,0.002997000999999999,0.0038816444276348963,0.0038816444276348963,0.009831833833333333,0.00423822652739726,0.004476291785714286,0.002840828509534246
527,0.002997000999999999,0.002368785123550176,0.002368785123550176,0.0014985004999999996,0.0014985004999999996,0.004476291785714286,0.003176821059999999
528,0.002997000999999999,0.002873071558245083,0.002873071558245083,0.005665167166666666,0.00423822652739726,0.001729039038461538,0.0028930502255890404
529,0.002997000999999999,0.0018644986888552695,0.0018644986888552695,0.0014985004999999996,0.0014985004999999996,0.001729039038461538,0.003176821059999999
530,0.002997000999999999,0.002368785123550176,0.002368785123550176,0.0014985004999999996,0.00423822652739726,0.001729039038461538,0.0029600516726027387
531,0.002997000999999999,0.002368785123550176,0.002368785123550176,0.0014985004999999996,0.0014985004999999996,0.001729039038461538,0.003176821059999999
532,0.002997000999999999,0.0038816444276348963,0.0038816444276348963,0.005665167166666666,0.0028683635136986293,0.004476291785714286,0.0028654613944657527
533,0.002997000999999999,0.002368785123550176,0.002368785123550176,0.005665167166666666,0.0028683635136986293,0.001729039038461538,0.0028427991403287664
534,0.002997000999999999,0.0033773579929399894,0.0033773579929399894,0.0014985004999999996,0.0028683635136986293,0.001729039038461538,0.003153173490465752
535,0.002997000999999999,0.0013602122541603626,0.0013602122541603626,0.0014985004999999996,0.0014985004999999996,0.001729039038461538,0.003176821059999999
536,0.002997000999999999,0.0038816444276348963,0.0038816444276348963,0.005665167166666666,0.00423822652739726,0.001729039038461538,0.002934433472273972
537,0.002997000999999999,0.002873071558245083,0.002873071558245083,0.0014985004999999996,0.0014985004999999996,0.001729039038461538,0.003176821059999999
538,0.002997000999999999,0.002873071558245083,0.002873071558245083,0.0014985004999999996,0.0028683635136986293,0.004476291785714286,0.003115731505369862
539,0.002997000999999999,0.0033773579929399894,0.0033773579929399894,0.0014985004999999996,0.0014985004999999996,0.001729039038461538,0.003176821059999999
540,0.002997000999999999,0.0013602122541603626,0.0013602122541603626,0.0014985004999999996,0.0014985004999999996,0.001729039038461538,0.003176821059999999
541,0.002997000999999999,0.0033773579929399894,0.0033773579929399894,0.0014985004999999996,0.0028683635136986293,0.004476291785714286,0.0029905964499178073
542,0.002997000999999999,0.0033773579929399894,0.0033773579929399894,0.009831833833333333,0.00423822652739726,0.001729039038461538,0.00281915157079452
543,0.002997000999999999,0.005898790166414523,0.005898790166414523,0.0014985004999999996,0.00423822652739726,0.001729039038461538,0.0030428181659726016
544,0.002997000999999999,0.0013602122541603626,0.0013602122541603626,0.0014985004999999996,0.0014985004999999996,0.001729039038461538,0.003176821059999999
545,0.002997000999999999,0.002873071558245083,0.002873071558245083,0.0014985004999999996,0.0028683635136986293,0.007223544532967033,0.0029905964499178073
546,0.002997000999999999,0.002873071558245083,0.002873071558245083,0.0014985004999999996,0.0014985004999999996,0.001729039038461538,0.003176821059999999
547,0.002997000999999999,0.0033773579929399894,0.0033773579929399894,0.0014985004999999996,0.0028683635136986293,0.004476291785714286,0.0030881426742465743
548,0.002997000999999999,0.0018644986888552695,0.0018644986888552695,0.0014985004999999996,0.0014985004999999996,0.001729039038461538,0.003176821059999999
549,0.002997000999999999,0.0038816444276348963,0.0038816444276348963,0.0014985004999999996,0.0028683635136986293,0.001729039038461538,0.0031738651138082186
550,0.002997000999999999,0.002873071558245083,0.002873071558245083,0.005665167166666666,0.00423822652739726,0.001729039038461538,0.0028910795947945196
551,0.002997000999999999,0.0033773579929399894,0.0033773579929399894,0.0014985004999999996,0.0028683635136986293,0.001729039038461538,0.002952169149424657
552,0.002997000999999999,0.002873071558245083,0.002873071558245083,0.0014985004999999996,0.0028683635136986293,0.007223544532967033,0.0029984789730958896
553,0.002997000999999999,0.0038816444276348963,0.0038816444276348963,0.005665167166666666,0.0028683635136986293,0.004476291785714286,0.0028565935558904102
554,0.002997000999999999,0.0033773579929399894,0.0033773579929399894,0.0014985004999999996,0.0028683635136986293,0.001729039038461538,0.002978772665150684
555,0.002997000999999999,0.002368785123550176,0.002368785123550176,0.0014985004999999996,0.0028683635136986293,0.001729039038461538,0.00310784898219178
556,0.002997000999999999,0.0033773579929399894,0.0033773579929399894,0.009831833833333333,0.00560808954109589,0.001729039038461538,0.002877285179232876
557,0.002997000999999999,0.0018644986888552695,0.0018644986888552695,0.0014985004999999996,0.0028683635136986293,0.001729039038461538,0.0031689385368219173
558,0.002997000999999999,0.0033773579929399894,0.0033773579929399894,0.0014985004999999996,0.0028683635136986293,0.001729039038461538,0.003068436366301369
559,0.002997000999999999,0.0038816444276348963,0.0038816444276348963,0.009831833833333333,0.00423822652739726,0.004476291785714286,0.002840828509534246
560,0.002997000999999999,0.0038816444276348963,0.0038816444276348963,0.0014985004999999996,0.0028683635136986293,0.004476291785714286,0.0030654804201095884
561,0.002997000999999999,0.0033773579929399894,0.0033773579929399894,0.0014985004999999996,0.00423822652739726,0.001729039038461538,0.002988625819123287
562,0.002997000999999999,0.002873071558245083,0.002873071558245083,0.0014985004999999996,0.00423822652739726,0.001729039038461538,0.0029955230269041087
563,0.002997000999999999,0.002873071558245083,0.002873071558245083,0.0014985004999999996,0.0014985004999999996,0.007223544532967033,0.003176821059999999
564,0.002997000999999999,0.0018644986888552695,0.0018644986888552695,0.0014985004999999996,0.0014985004999999996,0.001729039038461538,0.003176821059999999
565,0.002997000999999999,0.0018644986888552695,0.0018644986888552695,0.0014985004999999996,0.0014985004999999996,0.001729039038461538,0.003176821059999999
566,0.002997000999999999,0.002873071558245083,0.002873071558245083,0.0014985004999999996,0.00423822652739726,0.001729039038461538,0.0029433013108493143
567,0.002997000999999999,0.004385930862329803,0.004385930862329803,0.0014985004999999996,0.0028683635136986293,0.004476291785714286,0.0031669679060273965
568,0.002997000999999999,0.0038816444276348963,0.0038816444276348963,0.0014985004999999996,0.0014985004999999996,0.007223544532967033,0.003176821059999999
569,0.002997000999999999,0.004385930862329803,0.004385930862329803,0.005665167166666666,0.00423822652739726,0.004476291785714286,0.0028753145484383554
570,0.002997000999999999,0.0013602122541603626,0.0013602122541603626,0.0014985004999999996,0.0014985004999999996,0.001729039038461538,0.003176821059999999
571,0.002997000999999999,0.0033773579929399894,0.0033773579929399894,0.005665167166666666,0.00423822652739726,0.001729039038461538,0.0029009327487671227
572,0.002997000999999999,0.002873071558245083,0.002873071558245083,0.0014985004999999996,0.0014985004999999996,0.007223544532967033,0.003176821059999999
573,0.002997000999999999,0.0038816444276348963,0.0038816444276348963,0.0014985004999999996,0.00423822652739726,0.004476291785714286,0.00300044960389041
574,0.002997000999999999,0.002873071558245083,0.002873071558245083,0.0014985004999999996,0.0014985004999999996,0.001729039038461538,0.003176821059999999
575,0.002997000999999999,0.002873071558245083,0.002873071558245083,0.005665167166666666,0.00423822652739726,0.001729039038461538,0.0028329459863561633
576,0.002997000999999999,0.0013602122541603626,0.0013602122541603626,0.0014985004999999996,0.0014985004999999996,0.001729039038461538,0.003176821059999999
577,0.002997000999999999,0.0038816444276348963,0.0038816444276348963,0.0014985004999999996,0.0028683635136986293,0.004476291785714286,0.003028038435013698
578,0.002997000999999999,0.002368785123550176,0.002368785123550176,0.0014985004999999996,0.0014985004999999996,0.001729039038461538,0.003176821059999999
579,0.002997000999999999,0.002368785123550176,0.002368785123550176,0.0014985004999999996,0.0028683635136986293,0.001729039038461538,0.0031147461899726017
580,0.002997000999999999,0.0018644986888552695,0.0018644986888552695,0.0014985004999999996,0.0014985004999999996,0.001729039038461538,0.003176821059999999
581,0.002997000999999999,0.002873071558245083,0.002873071558245083,0.0014985004999999996,0.0028683635136986293,0.004476291785714286,0.0029955230269041087
582,0.002997000999999999,0.002873071558245083,0.002873071558245083,0.005665167166666666,0.0028683635136986293,0.001729039038461538,0.0029098005873424647
583,0.002997000999999999,0.0013602122541603626,0.0013602122541603626,0.0014985004999999996,0.0014985004999999996,0.001729039038461538,0.003176821059999999
584,0.002997000999999999,0.0018644986888552695,0.0018644986888552695,0.0014985004999999996,0.0014985004999999996,0.001729039038461538,0.003176821059999999
585,0.002997000999999999,0.002873071558245083,0.002873071558245083,0.0014985004999999996,0.0014985004999999996,0.001729039038461538,0.003176821059999999
586,0.002997000999999999,0.002873071558245083,0.002873071558245083,0.005665167166666666,0.00423822652739726,0.004476291785714286,0.0028782704946301364
587,0.002997000999999999,0.002873071558245083,0.002873071558245083,0.0014985004999999996,0.0028683635136986293,0.001729039038461538,0.00296399293419178
588,0.002997000999999999,0.0033773579929399894,0.0033773579929399894,0.005665167166666666,0.00560808954109589,0.004476291785714286,0.002836887247945205
589,0.002997000999999999,0.0038816444276348963,0.0038816444276348963,0.005665167166666666,0.0028683635136986293,0.004476291785714286,0.0029334481568767117
590,0.002997000999999999,0.002368785123550176,0.002368785123550176,0.0014985004999999996,0.0014985004999999996,0.001729039038461538,0.003176821059999999
591,0.002997000999999999,0.0018644986888552695,0.0018644986888552695,0.0014985004999999996,0.0014985004999999996,0.001729039038461538,0.003176821059999999
592,0.002997000999999999,0.004385930862329803,0.004385930862329803,0.0014985004999999996,0.00423822652739726,0.004476291785714286,0.003096025197424657
593,0.002997000999999999,0.0033773579929399894,0.0033773579929399894,0.005665167166666666,0.0028683635136986293,0.004476291785714286,0.0028221075169863005
594,0.002997000999999999,0.002368785123550176,0.002368785123550176,0.0014985004999999996,0.0014985004999999996,0.001729039038461538,0.003176821059999999
595,0.002997000999999999,0.004890217297024709,0.004890217297024709,0.009831833833333333,0.00834781556849315,0.001729039038461538,0.002828019409369862
596,0.002997000999999999,0.0018644986888552695,0.0018644986888552695,0.0014985004999999996,0.0014985004999999996,0.001729039038461538,0.003176821059999999
597,0.002997000999999999,0.0038816444276348963,0.0038816444276348963,0.0014985004999999996,0.00423822652739726,0.001729039038461538,0.002970890141972602
598,0.002997000999999999,0.002873071558245083,0.002873071558245083,0.0014985004999999996,0.0014985004999999996,0.004476291785714286,0.003176821059999999
599,0.002997000999999999,0.002873071558245083,0.002873071558245083,0.005665167166666666,0.0028683635136986293,0.007223544532967033,0.0028437844557260266
600,0.002997000999999999,0.004385930862329803,0.004385930862329803,0.0014985004999999996,0.0014985004999999996,0.001729039038461538,0.003176821059999999
601,0.002997000999999999,0.0038816444276348963,0.0038816444276348963,0.0139985005,0.00560808954109589,0.004476291785714286,0.002823092832383561
602,0.002997000999999999,0.0033773579929399894,0.0033773579929399894,0.005665167166666666,0.00423822652739726,0.001729039038461538,0.002863490763671232
603,0.002997000999999999,0.0038816444276348963,0.0038816444276348963,0.0014985004999999996,0.0028683635136986293,0.001729039038461538,0.00303592095819178
604,0.002997000999999999,0.002873071558245083,0.002873071558245083,0.0014985004999999996,0.0028683635136986293,0.004476291785714286,0.003130511236328766
605,0.002997000999999999,0.002873071558245083,0.002873071558245083,0.0014985004999999996,0.0028683635136986293,0.001729039038461538,0.003080260151068492
606,0.002997000999999999,0.002368785123550176,0.002368785123550176,0.0014985004999999996,0.0014985004999999996,0.001729039038461538,0.003176821059999999
607,0.002997000999999999,0.002368785123550176,0.002368785123550176,0.0014985004999999996,0.0014985004999999996,0.001729039038461538,0.003176821059999999
608,0.002997000999999999,0.0038816444276348963,0.0038816444276348963,0.005665167166666666,0.00423822652739726,0.001729039038461538,0.0028950208563835607
609,0.002997000999999999,0.004385930862329803,0.004385930862329803,0.005665167166666666,0.00423822652739726,0.004476291785714286,0.0029226096875068484
610,0.002997000999999999,0.0033773579929399894,0.0033773579929399894,0.0014985004999999996,0.0028683635136986293,0.001729039038461538,0.002971875457369862
611,0.002997000999999999,0.002368785123550176,0.002368785123550176,0.0014985004999999996,0.0028683635136986293,0.004476291785714286,0.003060553843123287
612,0.002997000999999999,0.0033773579929399894,0.0033773579929399894,0.005665167166666666,0.0028683635136986293,0.004476291785714286,0.0028437844557260266
613,0.002997000999999999,0.002873071558245083,0.002873071558245083,0.009831833833333333,0.00560808954109589,0.004476291785714286,0.002884182387013698
614,0.002997000999999999,0.0038816444276348963,0.0038816444276348963,0.0014985004999999996,0.00423822652739726,0.004476291785714286,0.002968919511178081
615,0.002997000999999999,0.004385930862329803,0.004385930862329803,0.0014985004999999996,0.0028683635136986293,0.001729039038461538,0.00299946428849315
616,0.002997000999999999,0.002368785123550176,0.002368785123550176,0.0014985004999999996,0.0028683635136986293,0.001729039038461538,0.0031374084441095885
617,0.002997000999999999,0.004385930862329803,0.004385930862329803,0.0014985004999999996,0.00423822652739726,0.004476291785714286,0.0030309943812054786
618,0.002997000999999999,0.002368785123550176,0.002368785123550176,0.0014985004999999996,0.0014985004999999996,0.001729039038461538,0.003176821059999999
619,0.002997000999999999,0.0018644986888552695,0.0018644986888552695,0.0014985004999999996,0.0028683635136986293,0.004476291785714286,0.003060553843123287
620,0.002997000999999999,0.0033773579929399894,0.0033773579929399894,0.0014985004999999996,0.0014985004999999996,0.001729039038461538,0.003176821059999999
621,0.002997000999999999,0.0033773579929399894,0.0033773579929399894,0.005665167166666666,0.00423822652739726,0.001729039038461538,0.002917683110520547
622,0.002997000999999999,0.0018644986888552695,0.0018644986888552695,0.005665167166666666,0.0028683635136986293,0.001729039038461538,0.002817180939999999
623,0.002997000999999999,0.004890217297024709,0.004890217297024709,0.0014985004999999996,0.0014985004999999996,0.001729039038461538,0.003176821059999999
624,0.002997000999999999,0.002873071558245083,0.002873071558245083,0.0014985004999999996,0.0014985004999999996,0.001729039038461538,0.003176821059999999
625,0.002997000999999999,0.0033773579929399894,0.0033773579929399894,0.005665167166666666,0.0028683635136986293,0.004476291785714286,0.002866446709863013
626,0.002997000999999999,0.0033773579929399894,0.0033773579929399894,0.0014985004999999996,0.0028683635136986293,0.004476291785714286,0.003116716820767122
627,0.002997000999999999,0.002873071558245083,0.002873071558245083,0.0014985004999999996,0.0014985004999999996,0.001729039038461538,0.003176821059999999
628,0.002997000999999999,0.0018644986888552695,0.0018644986888552695,0.0014985004999999996,0.0028683635136986293,0.004476291785714286,0.0031571147520547934
629,0.002997000999999999,0.002873071558245083,0.002873071558245083,0.0014985004999999996,0.0014985004999999996,0.004476291785714286,0.003176821059999999
630,0.002997000999999999,0.002873071558245083,0.002873071558245083,0.005665167166666666,0.00423822652739726,0.004476291785714286,0.002885167702410958
631,0.002997000999999999,0.002368785123550176,0.002368785123550176,0.005665167166666666,0.00423822652739726,0.001729039038461538,0.0028585641866849306
632,0.002997000999999999,0.0033773579929399894,0.0033773579929399894,0.0014985004999999996,0.0028683635136986293,0.004476291785714286,0.002991581765315068
633,0.002997000999999999,0.002368785123550176,0.002368785123550176,0.0014985004999999996,0.0014985004999999996,0.001729039038461538,0.003176821059999999
634,0.002997000999999999,0.004385930862329803,0.004385930862329803,0.005665167166666666,0.00697795255479452,0.001729039038461538,0.002845755086520547
635,0.002997000999999999,0.002873071558245083,0.002873071558245083,0.0014985004999999996,0.0028683635136986293,0.001729039038461538,0.0030704069970958897
636,0.002997000999999999,0.002873071558245083,0.002873071558245083,0.0014985004999999996,0.0014985004999999996,0.001729039038461538,0.003176821059999999
637,0.002997000999999999,0.0038816444276348963,0.0038816444276348963,0.005665167166666666,0.00560808954109589,0.001729039038461538,0.0028536376096986293
638,0.002997000999999999,0.0018644986888552695,0.0018644986888552695,0.0014985004999999996,0.0014985004999999996,0.001729039038461538,0.003176821059999999
639,0.002997000999999999,0.0038816444276348963,0.0038816444276348963,0.005665167166666666,0.0028683635136986293,0.004476291785714286,0.002830975355561643
640,0.002997000999999999,0.0018644986888552695,0.0018644986888552695,0.0014985004999999996,0.0028683635136986293,0.004476291785714286,0.0031295259209315057
641,0.002997000999999999,0.002368785123550176,0.002368785123550176,0.0014985004999999996,0.0028683635136986293,0.001729039038461538,0.0030300090658082184
642,0.002997000999999999,0.0018644986888552695,0.0018644986888552695,0.0014985004999999996,0.0014985004999999996,0.004476291785714286,0.003176821059999999
643,0.002997000999999999,0.002873071558245083,0.002873071558245083,0.0014985004999999996,0.0028683635136986293,0.001729039038461538,0.003141349705698629
644,0.002997000999999999,0.0013602122541603626,0.0013602122541603626,0.0014985004999999996,0.0014985004999999996,0.001729039038461538,0.003176821059999999
645,0.002997000999999999,0.002368785123550176,0.002368785123550176,0.0014985004999999996,0.0028683635136986293,0.001729039038461538,0.0031108049283835606
646,0.002997000999999999,0.002368785123550176,0.002368785123550176,0.0014985004999999996,0.0014985004999999996,0.001729039038461538,0.003176821059999999
647,0.002997000999999999,0.002368785123550176,0.002368785123550176,0.0014985004999999996,0.0014985004999999996,0.001729039038461538,0.003176821059999999
648,0.002997000999999999,0.002368785123550176,0.002368785123550176,0.0014985004999999996,0.0014985004999999996,0.004476291785714286,0.003176821059999999
649,0.002997000999999999,0.0033773579929399894,0.0033773579929399894,0.0014985004999999996,0.00423822652739726,0.007223544532967033,0.0029945377115068485
650,0.002997000999999999,0.002873071558245083,0.002873071558245083,0.005665167166666666,0.0028683635136986293,0.001729039038461538,0.0028861530178082183
651,0.002997000999999999,0.0018644986888552695,0.0018644986888552695,0.005665167166666666,0.0028683635136986293,0.001729039038461538,0.0029304922106849307
652,0.002997000999999999,0.0033773579929399894,0.0033773579929399894,0.005665167166666666,0.00423822652739726,0.004476291785714286,0.0028871383332054784
653,0.002997000999999999,0.0033773579929399894,0.0033773579929399894,0.005665167166666666,0.00423822652739726,0.001729039038461538,0.0028940355409863006
654,0.002997000999999999,0.002873071558245083,0.002873071558245083,0.005665167166666666,0.0028683635136986293,0.007223544532967033,0.0028920649101917798
655,0.002997000999999999,0.0013602122541603626,0.0013602122541603626,0.0014985004999999996,0.0014985004999999996,0.001729039038461538,0.003176821059999999
656,0.002997000999999999,0.0033773579929399894,0.0033773579929399894,0.005665167166666666,0.00423822652739726,0.001729039038461538,0.0029009327487671227
657,0.002997000999999999,0.0038816444276348963,0.0038816444276348963,0.0014985004999999996,0.0014985004999999996,0.001729039038461538,0.003176821059999999
658,0.002997000999999999,0.002368785123550176,0.002368785123550176,0.0014985004999999996,0.0028683635136986293,0.001729039038461538,0.002973846088164383
659,0.002997000999999999,0.0013602122541603626,0.0013602122541603626,0.0014985004999999996,0.0014985004999999996,0.001729039038461538,0.003176821059999999
660,0.002997000999999999,0.002368785123550176,0.002368785123550176,0.0014985004999999996,0.00423822652739726,0.004476291785714286,0.003123614028547944
661,0.002997000999999999,0.005394503731719616,0.005394503731719616,0.005665167166666666,0.0028683635136986293,0.007223544532967033,0.0029098005873424647
662,0.002997000999999999,0.0038816444276348963,0.0038816444276348963,0.0014985004999999996,0.0014985004999999996,0.007223544532967033,0.003176821059999999
663,0.002997000999999999,0.0033773579929399894,0.0033773579929399894,0.005665167166666666,0.00423822652739726,0.004476291785714286,0.0028418138249315062
664,0.002997000999999999,0.002873071558245083,0.002873071558245083,0.005665167166666666,0.00423822652739726,0.001729039038461538,0.002828019409369862
665,0.002997000999999999,0.002873071558245083,0.002873071558245083,0.0014985004999999996,0.0028683635136986293,0.001729039038461538,0.003118687451561643
666,0.002997000999999999,0.0038816444276348963,0.0038816444276348963,0.005665167166666666,0.00423822652739726,0.001729039038461538,0.0028625054482739718
667,0.002997000999999999,0.0033773579929399894,0.0033773579929399894,0.0014985004999999996,0.0028683635136986293,0.001729039038461538,0.003075333574082191
668,0.002997000999999999,0.0033773579929399894,0.0033773579929399894,0.0014985004999999996,0.0028683635136986293,0.001729039038461538,0.0031482469134794513
669,0.002997000999999999,0.0033773579929399894,0.0033773579929399894,0.005665167166666666,0.00423822652739726,0.004476291785714286,0.002840828509534246
670,0.002997000999999999,0.002368785123550176,0.002368785123550176,0.0014985004999999996,0.0014985004999999996,0.004476291785714286,0.003176821059999999
671,0.002997000999999999,0.002368785123550176,0.002368785123550176,0.005665167166666666,0.0028683635136986293,0.001729039038461538,0.0028516669789041085
672,0.002997000999999999,0.0033773579929399894,0.0033773579929399894,0.0014985004999999996,0.00423822652739726,0.004476291785714286,0.0029777873497534237
673,0.002997000999999999,0.002873071558245083,0.002873071558245083,0.0014985004999999996,0.0014985004999999996,0.004476291785714286,0.003176821059999999
674,0.002997000999999999,0.0038816444276348963,0.0038816444276348963,0.005665167166666666,0.00560808954109589,0.004476291785714286,0.0028437844557260266
675,0.002997000999999999,0.0038816444276348963,0.0038816444276348963,0.005665167166666666,0.00560808954109589,0.001729039038461538,0.002881226440821917
676,0.002997000999999999,0.002873071558245083,0.002873071558245083,0.005665167166666666,0.0028683635136986293,0.004476291785714286,0.0029038886949589032
677,0.002997000999999999,0.002368785123550176,0.002368785123550176,0.0014985004999999996,0.0028683635136986293,0.001729039038461538,0.003123614028547944
678,0.002997000999999999,0.002368785123550176,0.002368785123550176,0.005665167166666666,0.0028683635136986293,0.001729039038461538,0.0028536376096986293
679,0.002997000999999999,0.002873071558245083,0.002873071558245083,0.0014985004999999996,0.0028683635136986293,0.001729039038461538,0.0031206580823561632
680,0.002997000999999999,0.002873071558245083,0.002873071558245083,0.0014985004999999996,0.0028683635136986293,0.001729039038461538,0.002966948880383561
681,0.002997000999999999,0.0038816444276348963,0.0038816444276348963,0.005665167166666666,0.0028683635136986293,0.007223544532967033,0.0029088152719452046
682,0.002997000999999999,0.004385930862329803,0.004385930862329803,0.0014985004999999996,0.00560808954109589,0.007223544532967033,0.003032965011999999
683,0.002997000999999999,0.002873071558245083,0.002873071558245083,0.0014985004999999996,0.0014985004999999996,0.004476291785714286,0.003176821059999999
684,0.002997000999999999,0.002368785123550176,0.002368785123550176,0.0014985004999999996,0.0014985004999999996,0.004476291785714286,0.003176821059999999
685,0.002997000999999999,0.002368785123550176,0.002368785123550176,0.0014985004999999996,0.0014985004999999996,0.001729039038461538,0.003176821059999999
686,0.002997000999999999,0.0018644986888552695,0.0018644986888552695,0.0014985004999999996,0.0014985004999999996,0.004476291785714286,0.003176821059999999
687,0.002997000999999999,0.0018644986888552695,0.0018644986888552695,0.0014985004999999996,0.0028683635136986293,0.001729039038461538,0.0031255846593424646
688,0.002997000999999999,0.0013602122541603626,0.0013602122541603626,0.0014985004999999996,0.0014985004999999996,0.001729039038461538,0.003176821059999999
689,0.002997000999999999,0.0038816444276348963,0.0038816444276348963,0.005665167166666666,0.00560808954109589,0.001729039038461538,0.002911771218136985
690,0.002997000999999999,0.0033773579929399894,0.0033773579929399894,0.0014985004999999996,0.0014985004999999996,0.001729039038461538,0.003176821059999999
691,0.002997000999999999,0.005394503731719616,0.005394503731719616,0.009831833833333333,0.00834781556849315,0.001729039038461538,0.0028861530178082183
692,0.002997000999999999,0.002873071558245083,0.002873071558245083,0.0014985004999999996,0.0028683635136986293,0.001729039038461538,0.003038876904383561
693,0.002997000999999999,0.0018644986888552695,0.0018644986888552695,0.0014985004999999996,0.0014985004999999996,0.001729039038461538,0.003176821059999999
694,0.002997000999999999,0.0033773579929399894,0.0033773579929399894,0.0014985004999999996,0.0014985004999999996,0.004476291785714286,0.003176821059999999
695,0.002997000999999999,0.0033773579929399894,0.0033773579929399894,0.009831833833333333,0.00423822652739726,0.004476291785714286,0.002870387971452054
696,0.002997000999999999,0.0038816444276348963,0.0038816444276348963,0.0014985004999999996,0.00423822652739726,0.001729039038461538,0.002952169149424657
697,0.002997000999999999,0.0038816444276348963,0.0038816444276348963,0.0014985004999999996,0.00560808954109589,0.001729039038461538,0.0030201559118356158
698,0.002997000999999999,0.0033773579929399894,0.0033773579929399894,0.005665167166666666,0.0028683635136986293,0.007223544532967033,0.002831960670958903
699,0.002997000999999999,0.0033773579929399894,0.0033773579929399894,0.0014985004999999996,0.00423822652739726,0.004476291785714286,0.0029600516726027387
700,0.002997000999999999,0.0033773579929399894,0.0033773579929399894,0.0014985004999999996,0.0014985004999999996,0.001729039038461538,0.003176821059999999
701,0.002997000999999999,0.0033773579929399894,0.0033773579929399894,0.0014985004999999996,0.0014985004999999996,0.001729039038461538,0.003176821059999999
702,0.002997000999999999,0.002368785123550176,0.002368785123550176,0.0014985004999999996,0.0014985004999999996,0.001729039038461538,0.003176821059999999
703,0.002997000999999999,0.0038816444276348963,0.0038816444276348963,0.005665167166666666,0.0028683635136986293,0.001729039038461538,0.002870387971452054
704,0.002997000999999999,0.002873071558245083,0.002873071558245083,0.0014985004999999996,0.0028683635136986293,0.004476291785714286,0.00310883429758904
705,0.002997000999999999,0.002873071558245083,0.002873071558245083,0.005665167166666666,0.0028683635136986293,0.001729039038461538,0.0028221075169863005
706,0.002997000999999999,0.002873071558245083,0.002873071558245083,0.005665167166666666,0.0028683635136986293,0.001729039038461538,0.0029304922106849307
707,0.002997000999999999,0.002873071558245083,0.002873071558245083,0.005665167166666666,0.0028683635136986293,0.004476291785714286,0.002849696348109588
708,0.002997000999999999,0.002873071558245083,0.002873071558245083,0.005665167166666666,0.00423822652739726,0.001729039038461538,0.0029048740103561634
709,0.002997000999999999,0.0033773579929399894,0.0033773579929399894,0.0014985004999999996,0.0028683635136986293,0.004476291785714286,0.0029905964499178073
710,0.002997000999999999,0.002368785123550176,0.002368785123550176,0.009831833833333333,0.00423822652739726,0.004476291785714286,0.0028713732868493142
711,0.002997000999999999,0.0018644986888552695,0.0018644986888552695,0.0014985004999999996,0.0014985004999999996,0.001729039038461538,0.003176821059999999
712,0.002997000999999999,0.0033773579929399894,0.0033773579929399894,0.005665167166666666,0.00423822652739726,0.001729039038461538,0.0029314775260821913
713,0.002997000999999999,0.0033773579929399894,0.0033773579929399894,0.0014985004999999996,0.0014985004999999996,0.001729039038461538,0.003176821059999999
714,0.002997000999999999,0.002368785123550176,0.002368785123550176,0.005665167166666666,0.0028683635136986293,0.001729039038461538,0.002902903379561643
715,0.002997000999999999,0.0038816444276348963,0.0038816444276348963,0.005665167166666666,0.00423822652739726,0.001729039038461538,0.0028802411254246567
716,0.002997000999999999,0.0038816444276348963,0.0038816444276348963,0.0014985004999999996,0.0014985004999999996,0.004476291785714286,0.003176821059999999
717,0.002997000999999999,0.0033773579929399894,0.0033773579929399894,0.0014985004999999996,0.00423822652739726,0.004476291785714286,0.002949213203232876
718,0.002997000999999999,0.004385930862329803,0.004385930862329803,0.0014985004999999996,0.00423822652739726,0.004476291785714286,0.0029807432959452046
719,0.002997000999999999,0.0038816444276348963,0.0038816444276348963,0.0014985004999999996,0.0014985004999999996,0.001729039038461538,0.003176821059999999
720,0.002997000999999999,0.004385930862329803,0.004385930862329803,0.0014985004999999996,0.00560808954109589,0.001729039038461538,0.002989611134520547
721,0.002997000999999999,0.002873071558245083,0.002873071558245083,0.0014985004999999996,0.0014985004999999996,0.004476291785714286,0.003176821059999999
722,0.002997000999999999,0.0038816444276348963,0.0038816444276348963,0.005665167166666666,0.0028683635136986293,0.004476291785714286,0.002916697795123287
723,0.002997000999999999,0.002873071558245083,0.002873071558245083,0.005665167166666666,0.00423822652739726,0.004476291785714286,0.0028920649101917798
724,0.002997000999999999,0.0038816444276348963,0.0038816444276348963,0.0139985005,0.00697795255479452,0.004476291785714286,0.0028240781477808213
725,0.002997000999999999,0.002873071558245083,0.002873071558245083,0.005665167166666666,0.0028683635136986293,0.001729039038461538,0.00292852157989041
726,0.002997000999999999,0.004385930862329803,0.004385930862329803,0.005665167166666666,0.00423822652739726,0.007223544532967033,0.002849696348109588
727,0.002997000999999999,0.0038816444276348963,0.0038816444276348963,0.0014985004999999996,0.0028683635136986293,0.001729039038461538,0.0030103027578630127
728,0.002997000999999999,0.002873071558245083,0.002873071558245083,0.0014985004999999996,0.0028683635136986293,0.004476291785714286,0.002946257257041095
729,0.002997000999999999,0.002873071558245083,0.002873071558245083,0.0014985004999999996,0.0014985004999999996,0.001729039038461538,0.003176821059999999
730,0.002997000999999999,0.002368785123550176,0.002368785123550176,0.0014985004999999996,0.0014985004999999996,0.007223544532967033,0.003176821059999999
731,0.002997000999999999,0.004385930862329803,0.004385930862329803,0.005665167166666666,0.00423822652739726,0.007223544532967033,0.0028467404019178076
732,0.002997000999999999,0.002368785123550176,0.002368785123550176,0.0014985004999999996,0.0014985004999999996,0.001729039038461538,0.003176821059999999
733,0.002997000999999999,0.0033773579929399894,0.0033773579929399894,0.0014985004999999996,0.00423822652739726,0.004476291785714286,0.002968919511178081
734,0.002997000999999999,0.002368785123550176,0.002368785123550176,0.005665167166666666,0.00423822652739726,0.004476291785714286,0.0028290047247671226
735,0.002997000999999999,0.0033773579929399894,0.0033773579929399894,0.0014985004999999996,0.0028683635136986293,0.001729039038461538,0.0031058783513972597
736,0.002997000999999999,0.0033773579929399894,0.0033773579929399894,0.0014985004999999996,0.0014985004999999996,0.004476291785714286,0.003176821059999999
737,0.002997000999999999,0.002873071558245083,0.002873071558245083,0.0014985004999999996,0.0028683635136986293,0.001729039038461538,0.00307237762789041
738,0.002997000999999999,0.0013602122541603626,0.0013602122541603626,0.0014985004999999996,0.0014985004999999996,0.001729039038461538,0.003176821059999999
739,0.002997000999999999,0.002873071558245083,0.002873071558245083,0.005665167166666666,0.00423822652739726,0.001729039038461538,0.0028605348174794514
740,0.002997000999999999,0.002873071558245083,0.002873071558245083,0.0014985004999999996,0.0014985004999999996,0.001729039038461538,0.003176821059999999
741,0.002997000999999999,0.0033773579929399894,0.0033773579929399894,0.0014985004999999996,0.00423822652739726,0.001729039038461538,0.002938374733863013
742,0.002997000999999999,0.004385930862329803,0.004385930862329803,0.009831833833333333,0.00834781556849315,0.001729039038461538,0.00282013688619178
743,0.002997000999999999,0.0018644986888552695,0.0018644986888552695,0.0014985004999999996,0.0014985004999999996,0.004476291785714286,0.003176821059999999
744,0.002997000999999999,0.0033773579929399894,0.0033773579929399894,0.0014985004999999996,0.0014985004999999996,0.001729039038461538,0.003176821059999999
745,0.002997000999999999,0.002873071558245083,0.002873071558245083,0.005665167166666666,0.00423822652739726,0.001729039038461538,0.0028684173406575333
746,0.002997000999999999,0.0033773579929399894,0.0033773579929399894,0.0014985004999999996,0.0014985004999999996,0.001729039038461538,0.003176821059999999
747,0.002997000999999999,0.0018644986888552695,0.0018644986888552695,0.0014985004999999996,0.0014985004999999996,0.004476291785714286,0.003176821059999999
748,0.002997000999999999,0.002873071558245083,0.002873071558245083,0.0014985004999999996,0.00423822652739726,0.004476291785714286,0.002996508342301369
749,0.002997000999999999,0.0033773579929399894,0.0033773579929399894,0.0014985004999999996,0.0014985004999999996,0.007223544532967033,0.003176821059999999
750,0.002997000999999999,0.0018644986888552695,0.0018644986888552695,0.0014985004999999996,0.0014985004999999996,0.001729039038461538,0.003176821059999999
751,0.002997000999999999,0.0018644986888552695,0.0018644986888552695,0.0014985004999999996,0.0014985004999999996,0.001729039038461538,0.003176821059999999
752,0.002997000999999999,0.0033773579929399894,0.0033773579929399894,0.005665167166666666,0.00423822652739726,0.001729039038461538,0.0028743292330410952
753,0.002997000999999999,0.0033773579929399894,0.0033773579929399894,0.0014985004999999996,0.0028683635136986293,0.001729039038461538,0.0031462762826849305
754,0.002997000999999999,0.0033773579929399894,0.0033773579929399894,0.0014985004999999996,0.0014985004999999996,0.004476291785714286,0.003176821059999999
755,0.002997000999999999,0.002368785123550176,0.002368785123550176,0.0014985004999999996,0.0014985004999999996,0.001729039038461538,0.003176821059999999
756,0.002997000999999999,0.004385930862329803,0.004385930862329803,0.0014985004999999996,0.0014985004999999996,0.001729039038461538,0.003176821059999999
757,0.002997000999999999,0.002873071558245083,0.002873071558245083,0.0014985004999999996,0.0028683635136986293,0.004476291785714286,0.003095039882027397
758,0.002997000999999999,0.002368785123550176,0.002368785123550176,0.0014985004999999996,0.0014985004999999996,0.001729039038461538,0.003176821059999999
759,0.002997000999999999,0.002368785123550176,0.002368785123550176,0.0014985004999999996,0.0014985004999999996,0.004476291785714286,0.003176821059999999
760,0.002997000999999999,0.0018644986888552695,0.0018644986888552695,0.0014985004999999996,0.0014985004999999996,0.004476291785714286,0.003176821059999999
761,0.002997000999999999,0.002368785123550176,0.002368785123550176,0.0014985004999999996,0.0014985004999999996,0.001729039038461538,0.003176821059999999
762,0.002997000999999999,0.004385930862329803,0.004385930862329803,0.0014985004999999996,0.00697795255479452,0.004476291785714286,0.0029580810418082183
763,0.002997000999999999,0.002368785123550176,0.002368785123550176,0.0014985004999999996,0.0028683635136986293,0.001729039038461538,0.0030428181659726016
764,0.002997000999999999,0.002873071558245083,0.002873071558245083,0.005665167166666666,0.00423822652739726,0.001729039038461538,0.0028250634631780814
765,0.002997000999999999,0.0033773579929399894,0.0033773579929399894,0.0014985004999999996,0.0014985004999999996,0.001729039038461538,0.003176821059999999
766,0.002997000999999999,0.0033773579929399894,0.0033773579929399894,0.0014985004999999996,0.0014985004999999996,0.007223544532967033,0.003176821059999999
767,0.002997000999999999,0.002368785123550176,0.002368785123550176,0.0014985004999999996,0.0028683635136986293,0.004476291785714286,0.0031098196129863004
768,0.002997000999999999,0.0018644986888552695,0.0018644986888552695,0.0014985004999999996,0.0028683635136986293,0.001729039038461538,0.003021141227232876
769,0.002997000999999999,0.002368785123550176,0.002368785123550176,0.005665167166666666,0.00423822652739726,0.001729039038461538,0.0028792558100273966
770,0.002997000999999999,0.0038816444276348963,0.0038816444276348963,0.0014985004999999996,0.00697795255479452,0.001729039038461538,0.0030585832123287667
771,0.002997000999999999,0.0038816444276348963,0.0038816444276348963,0.009831833833333333,0.00423822652739726,0.001729039038461538,0.0028546229250958895
772,0.002997000999999999,0.002873071558245083,0.002873071558245083,0.0014985004999999996,0.0014985004999999996,0.001729039038461538,0.003176821059999999
773,0.002997000999999999,0.002873071558245083,0.002873071558245083,0.0014985004999999996,0.0014985004999999996,0.004476291785714286,0.003176821059999999
774,0.002997000999999999,0.0033773579929399894,0.0033773579929399894,0.005665167166666666,0.00423822652739726,0.001729039038461538,0.0028723586022465744
775,0.002997000999999999,0.0038816444276348963,0.0038816444276348963,0.0014985004999999996,0.00560808954109589,0.004476291785714286,0.0030447887967671224
776,0.002997000999999999,0.0013602122541603626,0.0013602122541603626,0.0014985004999999996,0.0014985004999999996,0.001729039038461538,0.003176821059999999
777,0.002997000999999999,0.002368785123550176,0.002368785123550176,0.005665167166666666,0.0028683635136986293,0.001729039038461538,0.0028427991403287664
778,0.002997000999999999,0.002368785123550176,0.002368785123550176,0.005665167166666666,0.00423822652739726,0.001729039038461538,0.0028891089639999992
779,0.002997000999999999,0.0018644986888552695,0.0018644986888552695,0.0014985004999999996,0.0014985004999999996,0.001729039038461538,0.003176821059999999
780,0.002997000999999999,0.0013602122541603626,0.0013602122541603626,0.0014985004999999996,0.0014985004999999996,0.001729039038461538,0.003176821059999999
781,0.002997000999999999,0.002873071558245083,0.002873071558245083,0.0014985004999999996,0.0028683635136986293,0.001729039038461538,0.0029876405037260268
782,0.002997000999999999,0.004890217297024709,0.004890217297024709,0.0014985004999999996,0.0014985004999999996,0.004476291785714286,0.003176821059999999
783,0.002997000999999999,0.0018644986888552695,0.0018644986888552695,0.0014985004999999996,0.0028683635136986293,0.001729039038461538,0.003131496551726027
784,0.002997000999999999,0.002873071558245083,0.002873071558245083,0.005665167166666666,0.00423822652739726,0.004476291785714286,0.0028713732868493142
785,0.002997000999999999,0.0018644986888552695,0.0018644986888552695,0.0014985004999999996,0.0014985004999999996,0.004476291785714286,0.003176821059999999
786,0.002997000999999999,0.0033773579929399894,0.0033773579929399894,0.0014985004999999996,0.0028683635136986293,0.001729039038461538,0.002949213203232876
787,0.002997000999999999,0.002873071558245083,0.002873071558245083,0.0014985004999999996,0.0028683635136986293,0.001729039038461538,0.002969904826575342
788,0.002997000999999999,0.004890217297024709,0.004890217297024709,0.0014985004999999996,0.0014985004999999996,0.004476291785714286,0.003176821059999999
789,0.002997000999999999,0.002873071558245083,0.002873071558245083,0.0014985004999999996,0.0028683635136986293,0.004476291785714286,0.003104893035999999
790,0.002997000999999999,0.0018644986888552695,0.0018644986888552695,0.0014985004999999996,0.0014985004999999996,0.001729039038461538,0.003176821059999999
791,0.002997000999999999,0.002873071558245083,0.002873071558245083,0.005665167166666666,0.0028683635136986293,0.001729039038461538,0.0028900942793972594
792,0.002997000999999999,0.0033773579929399894,0.0033773579929399894,0.005665167166666666,0.0028683635136986293,0.004476291785714286,0.0028615201328767116
793,0.002997000999999999,0.002368785123550176,0.002368785123550176,0.0014985004999999996,0.0014985004999999996,0.001729039038461538,0.003176821059999999
794,0.002997000999999999,0.004890217297024709,0.004890217297024709,0.0014985004999999996,0.00423822652739726,0.004476291785714286,0.0030792748356712318
795,0.002997000999999999,0.0018644986888552695,0.0018644986888552695,0.0014985004999999996,0.0014985004999999996,0.001729039038461538,0.003176821059999999
796,0.002997000999999999,0.002368785123550176,0.002368785123550176,0.0014985004999999996,0.0028683635136986293,0.001729039038461538,0.0031206580823561632
797,0.002997000999999999,0.002368785123550176,0.002368785123550176,0.0014985004999999996,0.0014985004999999996,0.004476291785714286,0.003176821059999999
798,0.002997000999999999,0.0033773579929399894,0.0033773579929399894,0.0014985004999999996,0.0028683635136986293,0.001729039038461538,0.00303690627358904
799,0.002997000999999999,0.0038816444276348963,0.0038816444276348963,0.0014985004999999996,0.0014985004999999996,0.001729039038461538,0.003176821059999999
800,0.002997000999999999,0.002873071558245083,0.002873071558245083,0.0014985004999999996,0.0028683635136986293,0.001729039038461538,0.003015229334849314
801,0.002997000999999999,0.002368785123550176,0.002368785123550176,0.0014985004999999996,0.00423822652739726,0.001729039038461538,0.003004390865479451
802,0.002997000999999999,0.002368785123550176,0.002368785123550176,0.0014985004999999996,0.0014985004999999996,0.004476291785714286,0.003176821059999999
803,0.002997000999999999,0.0033773579929399894,0.0033773579929399894,0.0014985004999999996,0.0028683635136986293,0.001729039038461538,0.003111790243780821
804,0.002997000999999999,0.002873071558245083,0.002873071558245083,0.0014985004999999996,0.0014985004999999996,0.001729039038461538,0.003176821059999999
805,0.002997000999999999,0.002873071558245083,0.002873071558245083,0.0014985004999999996,0.0014985004999999996,0.004476291785714286,0.003176821059999999
806,0.002997000999999999,0.002368785123550176,0.002368785123550176,0.005665167166666666,0.0028683635136986293,0.004476291785714286,0.002919653741315068
807,0.002997000999999999,0.0018644986888552695,0.0018644986888552695,0.0014985004999999996,0.0014985004999999996,0.001729039038461538,0.003176821059999999
808,0.002997000999999999,0.0018644986888552695,0.0018644986888552695,0.0014985004999999996,0.0014985004999999996,0.001729039038461538,0.003176821059999999
809,0.002997000999999999,0.002873071558245083,0.002873071558245083,0.005665167166666666,0.0028683635136986293,0.004476291785714286,0.002828019409369862
810,0.002997000999999999,0.002873071558245083,0.002873071558245083,0.0014985004999999996,0.0014985004999999996,0.004476291785714286,0.003176821059999999
811,0.002997000999999999,0.0038816444276348963,0.0038816444276348963,0.005665167166666666,0.00560808954109589,0.001729039038461538,0.0028388578787397253
812,0.002997000999999999,0.0018644986888552695,0.0018644986888552695,0.0014985004999999996,0.0028683635136986293,0.001729039038461538,0.0031649972752328757
813,0.002997000999999999,0.0038816444276348963,0.0038816444276348963,0.0014985004999999996,0.00423822652739726,0.001729039038461538,0.00300143491928767
814,0.002997000999999999,0.0033773579929399894,0.0033773579929399894,0.0014985004999999996,0.0028683635136986293,0.001729039038461538,0.00314430565189041
815,0.002997000999999999,0.002873071558245083,0.002873071558245083,0.0014985004999999996,0.0014985004999999996,0.004476291785714286,0.003176821059999999
816,0.002997000999999999,0.002368785123550176,0.002368785123550176,0.0014985004999999996,0.00423822652739726,0.001729039038461538,0.0031216433977534234
817,0.002997000999999999,0.002873071558245083,0.002873071558245083,0.0014985004999999996,0.0028683635136986293,0.001729039038461538,0.003118687451561643
818,0.002997000999999999,0.002368785123550176,0.002368785123550176,0.0014985004999999996,0.0014985004999999996,0.001729039038461538,0.003176821059999999
819,0.002997000999999999,0.0038816444276348963,0.0038816444276348963,0.005665167166666666,0.00560808954109589,0.004476291785714286,0.00292950689528767
820,0.002997000999999999,0.0033773579929399894,0.0033773579929399894,0.005665167166666666,0.00423822652739726,0.001729039038461538,0.0029255656336986294
821,0.002997000999999999,0.0018644986888552695,0.0018644986888552695,0.0014985004999999996,0.0014985004999999996,0.001729039038461538,0.003176821059999999
822,0.002997000999999999,0.0018644986888552695,0.0018644986888552695,0.0014985004999999996,0.0028683635136986293,0.004476291785714286,0.0029984789730958896
823,0.002997000999999999,0.002368785123550176,0.002368785123550176,0.0014985004999999996,0.0014985004999999996,0.004476291785714286,0.003176821059999999
824,0.002997000999999999,0.002368785123550176,0.002368785123550176,0.005665167166666666,0.0028683635136986293,0.001729039038461538,0.00285560824049315
825,0.002997000999999999,0.0038816444276348963,0.0038816444276348963,0.0014985004999999996,0.00560808954109589,0.001729039038461538,0.0029423159954520537
826,0.002997000999999999,0.0033773579929399894,0.0033773579929399894,0.0014985004999999996,0.0028683635136986293,0.001729039038461538,0.003075333574082191
827,0.002997000999999999,0.0033773579929399894,0.0033773579929399894,0.005665167166666666,0.0028683635136986293,0.004476291785714286,0.0028260487785753416
828,0.002997000999999999,0.002368785123550176,0.002368785123550176,0.0014985004999999996,0.0028683635136986293,0.001729039038461538,0.003156129436657533
829,0.002997000999999999,0.0018644986888552695,0.0018644986888552695,0.0014985004999999996,0.0014985004999999996,0.001729039038461538,0.003176821059999999
830,0.002997000999999999,0.0018644986888552695,0.0018644986888552695,0.0014985004999999996,0.0014985004999999996,0.001729039038461538,0.003176821059999999
831,0.002997000999999999,0.002873071558245083,0.002873071558245083,0.0014985004999999996,0.00423822652739726,0.004476291785714286,0.002947242572438355
832,0.002997000999999999,0.005394503731719616,0.005394503731719616,0.005665167166666666,0.00423822652739726,0.004476291785714286,0.0028565935558904102
833,0.002997000999999999,0.002873071558245083,0.002873071558245083,0.0014985004999999996,0.0014985004999999996,0.001729039038461538,0.003176821059999999
834,0.002997000999999999,0.0013602122541603626,0.0013602122541603626,0.0014985004999999996,0.0014985004999999996,0.001729039038461538,0.003176821059999999
835,0.002997000999999999,0.0013602122541603626,0.0013602122541603626,0.0014985004999999996,0.0014985004999999996,0.001729039038461538,0.003176821059999999
836,0.002997000999999999,0.0033773579929399894,0.0033773579929399894,0.0014985004999999996,0.00423822652739726,0.004476291785714286,0.0029403453646575334
837,0.002997000999999999,0.0018644986888552695,0.0018644986888552695,0.0014985004999999996,0.0014985004999999996,0.001729039038461538,0.003176821059999999
838,0.002997000999999999,0.004385930862329803,0.004385930862329803,0.0014985004999999996,0.00423822652739726,0.004476291785714286,0.0030674510509041087
839,0.002997000999999999,0.0018644986888552695,0.0018644986888552695,0.005665167166666666,0.0028683635136986293,0.001729039038461538,0.002924580318301369
840,0.002997000999999999,0.004385930862329803,0.004385930862329803,0.0014985004999999996,0.0014985004999999996,0.001729039038461538,0.003176821059999999
841,0.002997000999999999,0.002873071558245083,0.002873071558245083,0.005665167166666666,0.0028683635136986293,0.001729039038461538,0.0028181662553972598
842,0.002997000999999999,0.0033773579929399894,0.0033773579929399894,0.0014985004999999996,0.0014985004999999996,0.004476291785714286,0.003176821059999999
843,0.002997000999999999,0.002873071558245083,0.002873071558245083,0.0014985004999999996,0.0028683635136986293,0.004476291785714286,0.003152188175068492
844,0.002997000999999999,0.0033773579929399894,0.0033773579929399894,0.005665167166666666,0.0028683635136986293,0.001729039038461538,0.0028546229250958895
845,0.002997000999999999,0.002873071558245083,0.002873071558245083,0.0014985004999999996,0.0014985004999999996,0.001729039038461538,0.003176821059999999
846,0.002997000999999999,0.002368785123550176,0.002368785123550176,0.0014985004999999996,0.0028683635136986293,0.001729039038461538,0.003151202859671232
847,0.002997000999999999,0.0038816444276348963,0.0038816444276348963,0.0014985004999999996,0.00560808954109589,0.004476291785714286,0.002947242572438355
848,0.002997000999999999,0.0033773579929399894,0.0033773579929399894,0.0014985004999999996,0.0014985004999999996,0.007223544532967033,0.003176821059999999
849,0.002997000999999999,0.0018644986888552695,0.0018644986888552695,0.0014985004999999996,0.0014985004999999996,0.001729039038461538,0.003176821059999999
850,0.002997000999999999,0.0038816444276348963,0.0038816444276348963,0.0014985004999999996,0.0028683635136986293,0.004476291785714286,0.00303592095819178
851,0.002997000999999999,0.002368785123550176,0.002368785123550176,0.0014985004999999996,0.00423822652739726,0.004476291785714286,0.003013258704054793
852,0.002997000999999999,0.0033773579929399894,0.0033773579929399894,0.0014985004999999996,0.00423822652739726,0.001729039038461538,0.0030497153737534233
853,0.002997000999999999,0.0033773579929399894,0.0033773579929399894,0.0014985004999999996,0.00423822652739726,0.001729039038461538,0.0030300090658082184
854,0.002997000999999999,0.0038816444276348963,0.0038816444276348963,0.0014985004999999996,0.00560808954109589,0.004476291785714286,0.002971875457369862
855,0.002997000999999999,0.002873071558245083,0.002873071558245083,0.0014985004999999996,0.0014985004999999996,0.007223544532967033,0.003176821059999999
856,0.002997000999999999,0.002368785123550176,0.002368785123550176,0.005665167166666666,0.0028683635136986293,0.001729039038461538,0.0028516669789041085
857,0.002997000999999999,0.002368785123550176,0.002368785123550176,0.0014985004999999996,0.0028683635136986293,0.001729039038461538,0.003119672766958903
858,0.002997000999999999,0.0038816444276348963,0.0038816444276348963,0.005665167166666666,0.0028683635136986293,0.001729039038461538,0.0028290047247671226
859,0.002997000999999999,0.0018644986888552695,0.0018644986888552695,0.0014985004999999996,0.0028683635136986293,0.001729039038461538,0.0030457741121643826
860,0.002997000999999999,0.0013602122541603626,0.0013602122541603626,0.0014985004999999996,0.0014985004999999996,0.001729039038461538,0.003176821059999999
861,0.002997000999999999,0.0018644986888552695,0.0018644986888552695,0.0014985004999999996,0.0014985004999999996,0.001729039038461538,0.003176821059999999
862,0.002997000999999999,0.002873071558245083,0.002873071558245083,0.0014985004999999996,0.0014985004999999996,0.001729039038461538,0.003176821059999999
863,0.002997000999999999,0.0018644986888552695,0.0018644986888552695,0.0014985004999999996,0.0014985004999999996,0.004476291785714286,0.003176821059999999
864,0.002997000999999999,0.002873071558245083,0.002873071558245083,0.0014985004999999996,0.0014985004999999996,0.004476291785714286,0.003176821059999999
865,0.002997000999999999,0.002368785123550176,0.002368785123550176,0.005665167166666666,0.0028683635136986293,0.007223544532967033,0.0029334481568767117
866,0.002997000999999999,0.0013602122541603626,0.0013602122541603626,0.0014985004999999996,0.0014985004999999996,0.001729039038461538,0.003176821059999999
867,0.002997000999999999,0.0038816444276348963,0.0038816444276348963,0.005665167166666666,0.0028683635136986293,0.001729039038461538,0.0029137418489315063
868,0.002997000999999999,0.0033773579929399894,0.0033773579929399894,0.0014985004999999996,0.0014985004999999996,0.007223544532967033,0.003176821059999999
869,0.002997000999999999,0.002368785123550176,0.002368785123550176,0.0014985004999999996,0.0028683635136986293,0.001729039038461538,0.0030083321270684923
870,0.002997000999999999,0.0018644986888552695,0.0018644986888552695,0.0014985004999999996,0.0014985004999999996,0.001729039038461538,0.003176821059999999
871,0.002997000999999999,0.002873071558245083,0.002873071558245083,0.0014985004999999996,0.0028683635136986293,0.007223544532967033,0.003046759427561643
872,0.002997000999999999,0.004890217297024709,0.004890217297024709,0.005665167166666666,0.00423822652739726,0.001729039038461538,0.00292950689528767
873,0.002997000999999999,0.002873071558245083,0.002873071558245083,0.0014985004999999996,0.0014985004999999996,0.001729039038461538,0.003176821059999999
874,0.002997000999999999,0.0018644986888552695,0.0018644986888552695,0.005665167166666666,0.0028683635136986293,0.001729039038461538,0.002830975355561643
875,0.002997000999999999,0.0038816444276348963,0.0038816444276348963,0.0014985004999999996,0.0028683635136986293,0.001729039038461538,0.003127555290136985
876,0.002997000999999999,0.002873071558245083,0.002873071558245083,0.0014985004999999996,0.00423822652739726,0.001729039038461538,0.002953154464821917
877,0.002997000999999999,0.0033773579929399894,0.0033773579929399894,0.0014985004999999996,0.00423822652739726,0.001729039038461538,0.002939360049260273
878,0.002997000999999999,0.002368785123550176,0.002368785123550176,0.0014985004999999996,0.0014985004999999996,0.001729039038461538,0.003176821059999999
879,0.002997000999999999,0.0038816444276348963,0.0038816444276348963,0.009831833833333333,0.00560808954109589,0.004476291785714286,0.0028418138249315062
880,0.002997000999999999,0.0038816444276348963,0.0038816444276348963,0.0014985004999999996,0.0028683635136986293,0.007223544532967033,0.002936404103068492
881,0.002997000999999999,0.0033773579929399894,0.0033773579929399894,0.005665167166666666,0.0028683635136986293,0.001729039038461538,0.0028388578787397253
882,0.002997000999999999,0.002368785123550176,0.002368785123550176,0.0014985004999999996,0.0014985004999999996,0.001729039038461538,0.003176821059999999
883,0.002997000999999999,0.0033773579929399894,0.0033773579929399894,0.0014985004999999996,0.00423822652739726,0.004476291785714286,0.00299946428849315
884,0.002997000999999999,0.002873071558245083,0.002873071558245083,0.005665167166666666,0.0028683635136986293,0.001729039038461538,0.0028211222015890403
885,0.002997000999999999,0.002873071558245083,0.002873071558245083,0.0014985004999999996,0.0028683635136986293,0.001729039038461538,0.0029728607727671223
886,0.002997000999999999,0.004385930862329803,0.004385930862329803,0.0014985004999999996,0.0028683635136986293,0.00997079728021978,0.0031502175442739717
887,0.002997000999999999,0.004385930862329803,0.004385930862329803,0.005665167166666666,0.00560808954109589,0.007223544532967033,0.0028782704946301364
888,0.002997000999999999,0.0033773579929399894,0.0033773579929399894,0.005665167166666666,0.00423822652739726,0.001729039038461538,0.0028615201328767116
889,0.002997000999999999,0.0038816444276348963,0.0038816444276348963,0.005665167166666666,0.0028683635136986293,0.001729039038461538,0.0028447697711232868
890,0.002997000999999999,0.002873071558245083,0.002873071558245083,0.0014985004999999996,0.0028683635136986293,0.001729039038461538,0.0029768020343561635
891,0.002997000999999999,0.002368785123550176,0.002368785123550176,0.0014985004999999996,0.0014985004999999996,0.001729039038461538,0.003176821059999999
892,0.002997000999999999,0.0033773579929399894,0.0033773579929399894,0.0014985004999999996,0.0014985004999999996,0.001729039038461538,0.003176821059999999
893,0.002997000999999999,0.0013602122541603626,0.0013602122541603626,0.0014985004999999996,0.0014985004999999996,0.001729039038461538,0.003176821059999999
894,0.002997000999999999,0.0013602122541603626,0.0013602122541603626,0.0014985004999999996,0.0014985004999999996,0.001729039038461538,0.003176821059999999
895,0.002997000999999999,0.0038816444276348963,0.0038816444276348963,0.0014985004999999996,0.00560808954109589,0.004476291785714286,0.002973846088164383
896,0.002997000999999999,0.0018644986888552695,0.0018644986888552695,0.005665167166666666,0.0028683635136986293,0.001729039038461538,0.0028753145484383554
897,0.002997000999999999,0.002368785123550176,0.002368785123550176,0.0014985004999999996,0.0014985004999999996,0.001729039038461538,0.003176821059999999
898,0.002997000999999999,0.004890217297024709,0.004890217297024709,0.005665167166666666,0.00423822652739726,0.007223544532967033,0.002919653741315068
899,0.002997000999999999,0.002873071558245083,0.002873071558245083,0.0014985004999999996,0.0014985004999999996,0.004476291785714286,0.003176821059999999
900,0.002997000999999999,0.0018644986888552695,0.0018644986888552695,0.0014985004999999996,0.0014985004999999996,0.001729039038461538,0.003176821059999999
901,0.002997000999999999,0.0013602122541603626,0.0013602122541603626,0.0014985004999999996,0.0014985004999999996,0.001729039038461538,0.003176821059999999
902,0.002997000999999999,0.002873071558245083,0.002873071558245083,0.0014985004999999996,0.0014985004999999996,0.004476291785714286,0.003176821059999999
903,0.002997000999999999,0.002368785123550176,0.002368785123550176,0.0014985004999999996,0.0014985004999999996,0.001729039038461538,0.003176821059999999
904,0.002997000999999999,0.0033773579929399894,0.0033773579929399894,0.0014985004999999996,0.00423822652739726,0.007223544532967033,0.002981728611342465
905,0.002997000999999999,0.0013602122541603626,0.0013602122541603626,0.0014985004999999996,0.0014985004999999996,0.001729039038461538,0.003176821059999999
906,0.002997000999999999,0.005394503731719616,0.005394503731719616,0.009831833833333333,0.00560808954109589,0.004476291785714286,0.0028654613944657527
907,0.002997000999999999,0.0033773579929399894,0.0033773579929399894,0.009831833833333333,0.00560808954109589,0.001729039038461538,0.0028723586022465744
908,0.002997000999999999,0.002873071558245083,0.002873071558245083,0.0014985004999999996,0.0014985004999999996,0.007223544532967033,0.003176821059999999
909,0.002997000999999999,0.002873071558245083,0.002873071558245083,0.0014985004999999996,0.0014985004999999996,0.007223544532967033,0.003176821059999999
910,0.002997000999999999,0.002368785123550176,0.002368785123550176,0.0014985004999999996,0.0014985004999999996,0.004476291785714286,0.003176821059999999
911,0.002997000999999999,0.002368785123550176,0.002368785123550176,0.0014985004999999996,0.0014985004999999996,0.001729039038461538,0.003176821059999999
912,0.002997000999999999,0.0033773579929399894,0.0033773579929399894,0.0014985004999999996,0.0014985004999999996,0.004476291785714286,0.003176821059999999
913,0.002997000999999999,0.0038816444276348963,0.0038816444276348963,0.0014985004999999996,0.00423822652739726,0.004476291785714286,0.002956110411013698
914,0.002997000999999999,0.002873071558245083,0.002873071558245083,0.0014985004999999996,0.0014985004999999996,0.001729039038461538,0.003176821059999999
915,0.002997000999999999,0.0033773579929399894,0.0033773579929399894,0.0014985004999999996,0.0028683635136986293,0.004476291785714286,0.0029876405037260268
916,0.002997000999999999,0.002873071558245083,0.002873071558245083,0.0014985004999999996,0.00423822652739726,0.004476291785714286,0.0029551250956164374
917,0.002997000999999999,0.0033773579929399894,0.0033773579929399894,0.0014985004999999996,0.0028683635136986293,0.001729039038461538,0.0030792748356712318
918,0.002997000999999999,0.0013602122541603626,0.0013602122541603626,0.0014985004999999996,0.0014985004999999996,0.001729039038461538,0.003176821059999999
919,0.002997000999999999,0.0038816444276348963,0.0038816444276348963,0.0014985004999999996,0.0014985004999999996,0.004476291785714286,0.003176821059999999
920,0.002997000999999999,0.0033773579929399894,0.0033773579929399894,0.0014985004999999996,0.0014985004999999996,0.001729039038461538,0.003176821059999999
921,0.002997000999999999,0.004890217297024709,0.004890217297024709,0.0014985004999999996,0.0014985004999999996,0.00997079728021978,0.003176821059999999
922,0.002997000999999999,0.0018644986888552695,0.0018644986888552695,0.0014985004999999996,0.0014985004999999996,0.001729039038461538,0.003176821059999999
923,0.002997000999999999,0.002873071558245083,0.002873071558245083,0.0014985004999999996,0.0028683635136986293,0.001729039038461538,0.0030851867280547933
924,0.002997000999999999,0.002368785123550176,0.002368785123550176,0.0014985004999999996,0.0014985004999999996,0.001729039038461538,0.003176821059999999
925,0.002997000999999999,0.0018644986888552695,0.0018644986888552695,0.0014985004999999996,0.0014985004999999996,0.004476291785714286,0.003176821059999999
926,0.002997000999999999,0.0033773579929399894,0.0033773579929399894,0.0014985004999999996,0.00423822652739726,0.004476291785714286,0.003091098620438355
927,0.002997000999999999,0.0033773579929399894,0.0033773579929399894,0.005665167166666666,0.00560808954109589,0.004476291785714286,0.0028694026560547935
928,0.002997000999999999,0.002368785123550176,0.002368785123550176,0.0014985004999999996,0.0028683635136986293,0.001729039038461538,0.0029482278878356152
929,0.002997000999999999,0.0018644986888552695,0.0018644986888552695,0.0014985004999999996,0.0014985004999999996,0.001729039038461538,0.003176821059999999
930,0.002997000999999999,0.0033773579929399894,0.0033773579929399894,0.005665167166666666,0.0028683635136986293,0.001729039038461538,0.0028359019325479447
931,0.002997000999999999,0.002873071558245083,0.002873071558245083,0.005665167166666666,0.0028683635136986293,0.004476291785714286,0.002873343917643835
932,0.002997000999999999,0.005394503731719616,0.005394503731719616,0.005665167166666666,0.00560808954109589,0.007223544532967033,0.00282013688619178
933,0.002997000999999999,0.0033773579929399894,0.0033773579929399894,0.0014985004999999996,0.0028683635136986293,0.001729039038461538,0.002939360049260273
934,0.002997000999999999,0.004385930862329803,0.004385930862329803,0.005665167166666666,0.00423822652739726,0.007223544532967033,0.002885167702410958
935,0.002997000999999999,0.0033773579929399894,0.0033773579929399894,0.0014985004999999996,0.0014985004999999996,0.001729039038461538,0.003176821059999999
936,0.002997000999999999,0.0033773579929399894,0.0033773579929399894,0.0014985004999999996,0.00423822652739726,0.004476291785714286,0.002984684557534246
937,0.002997000999999999,0.0033773579929399894,0.0033773579929399894,0.0014985004999999996,0.0028683635136986293,0.007223544532967033,0.0031581000674520535
938,0.002997000999999999,0.004385930862329803,0.004385930862329803,0.0014985004999999996,0.00423822652739726,0.001729039038461538,0.0029511838340273966
939,0.002997000999999999,0.002368785123550176,0.002368785123550176,0.0014985004999999996,0.0014985004999999996,0.001729039038461538,0.003176821059999999
940,0.002997000999999999,0.004890217297024709,0.004890217297024709,0.0014985004999999996,0.00423822652739726,0.001729039038461538,0.0030073468116712317
941,0.002997000999999999,0.0018644986888552695,0.0018644986888552695,0.005665167166666666,0.0028683635136986293,0.001729039038461538,0.002899947433369862
942,0.002997000999999999,0.0033773579929399894,0.0033773579929399894,0.0014985004999999996,0.00423822652739726,0.004476291785714286,0.003152188175068492
943,0.002997000999999999,0.002873071558245083,0.002873071558245083,0.005665167166666666,0.00423822652739726,0.004476291785714286,0.002823092832383561
944,0.002997000999999999,0.002368785123550176,0.002368785123550176,0.0014985004999999996,0.0014985004999999996,0.004476291785714286,0.003176821059999999
945,0.002997000999999999,0.0038816444276348963,0.0038816444276348963,0.005665167166666666,0.00423822652739726,0.004476291785714286,0.002882211756219177
946,0.002997000999999999,0.0033773579929399894,0.0033773579929399894,0.005665167166666666,0.00423822652739726,0.001729039038461538,0.0028398431941369854
947,0.002997000999999999,0.002873071558245083,0.002873071558245083,0.0014985004999999996,0.0014985004999999996,0.001729039038461538,0.003176821059999999
948,0.002997000999999999,0.002873071558245083,0.002873071558245083,0.005665167166666666,0.0028683635136986293,0.001729039038461538,0.002901918064164383
949,0.002997000999999999,0.0033773579929399894,0.0033773579929399894,0.005665167166666666,0.0028683635136986293,0.001729039038461538,0.0028181662553972598
950,0.002997000999999999,0.0018644986888552695,0.0018644986888552695,0.0014985004999999996,0.0014985004999999996,0.001729039038461538,0.003176821059999999
951,0.002997000999999999,0.0018644986888552695,0.0018644986888552695,0.0014985004999999996,0.0014985004999999996,0.001729039038461538,0.003176821059999999
952,0.002997000999999999,0.002368785123550176,0.002368785123550176,0.0014985004999999996,0.0028683635136986293,0.001729039038461538,0.0029551250956164374
953,0.002997000999999999,0.0038816444276348963,0.0038816444276348963,0.005665167166666666,0.0028683635136986293,0.004476291785714286,0.0029078299565479444
954,0.002997000999999999,0.0033773579929399894,0.0033773579929399894,0.0014985004999999996,0.0014985004999999996,0.007223544532967033,0.003176821059999999
955,0.002997000999999999,0.002873071558245083,0.002873071558245083,0.0014985004999999996,0.0014985004999999996,0.004476291785714286,0.003176821059999999
956,0.002997000999999999,0.002873071558245083,0.002873071558245083,0.0014985004999999996,0.0014985004999999996,0.004476291785714286,0.003176821059999999
957,0.002997000999999999,0.0038816444276348963,0.0038816444276348963,0.0014985004999999996,0.00560808954109589,0.001729039038461538,0.003015229334849314
958,0.002997000999999999,0.002368785123550176,0.002368785123550176,0.0014985004999999996,0.0014985004999999996,0.004476291785714286,0.003176821059999999
959,0.002997000999999999,0.002368785123550176,0.002368785123550176,0.0014985004999999996,0.0014985004999999996,0.001729039038461538,0.003176821059999999
960,0.002997000999999999,0.0033773579929399894,0.0033773579929399894,0.005665167166666666,0.00560808954109589,0.001729039038461538,0.0029157124797260267
961,0.002997000999999999,0.0013602122541603626,0.0013602122541603626,0.0014985004999999996,0.0014985004999999996,0.001729039038461538,0.003176821059999999
962,0.002997000999999999,0.002873071558245083,0.002873071558245083,0.0014985004999999996,0.0028683635136986293,0.001729039038461538,0.003048730058356163
963,0.002997000999999999,0.0038816444276348963,0.0038816444276348963,0.0014985004999999996,0.0014985004999999996,0.001729039038461538,0.003176821059999999
964,0.002997000999999999,0.002873071558245083,0.002873071558245083,0.0014985004999999996,0.00560808954109589,0.001729039038461538,0.0029580810418082183
965,0.002997000999999999,0.002873071558245083,0.002873071558245083,0.0014985004999999996,0.0028683635136986293,0.001729039038461538,0.003119672766958903
966,0.002997000999999999,0.0038816444276348963,0.0038816444276348963,0.0014985004999999996,0.0028683635136986293,0.004476291785714286,0.0031108049283835606
967,0.002997000999999999,0.0033773579929399894,0.0033773579929399894,0.0014985004999999996,0.0028683635136986293,0.001729039038461538,0.0031206580823561632
968,0.002997000999999999,0.0033773579929399894,0.0033773579929399894,0.009831833833333333,0.00560808954109589,0.001729039038461538,0.0028359019325479447
969,0.002997000999999999,0.002368785123550176,0.002368785123550176,0.0014985004999999996,0.0028683635136986293,0.001729039038461538,0.003103907720602739
970,0.002997000999999999,0.004385930862329803,0.004385930862329803,0.0014985004999999996,0.0014985004999999996,0.004476291785714286,0.003176821059999999
971,0.002997000999999999,0.002873071558245083,0.002873071558245083,0.005665167166666666,0.00423822652739726,0.004476291785714286,0.0029127565335342457
972,0.002997000999999999,0.002368785123550176,0.002368785123550176,0.009831833833333333,0.00423822652739726,0.001729039038461538,0.002837872563342465
973,0.002997000999999999,0.0033773579929399894,0.0033773579929399894,0.0014985004999999996,0.0014985004999999996,0.004476291785714286,0.003176821059999999
974,0.002997000999999999,0.002873071558245083,0.002873071558245083,0.005665167166666666,0.00423822652739726,0.007223544532967033,0.002898962117972602
975,0.002997000999999999,0.0038816444276348963,0.0038816444276348963,0.009831833833333333,0.00560808954109589,0.007223544532967033,0.0029038886949589032
976,0.002997000999999999,0.002368785123550176,0.002368785123550176,0.005665167166666666,0.0028683635136986293,0.001729039038461538,0.002833931301753424
977,0.002997000999999999,0.0013602122541603626,0.0013602122541603626,0.0014985004999999996,0.0014985004999999996,0.001729039038461538,0.003176821059999999
978,0.002997000999999999,0.0033773579929399894,0.0033773579929399894,0.0014985004999999996,0.00423822652739726,0.001729039038461538,0.0030181852810410954
979,0.002997000999999999,0.0013602122541603626,0.0013602122541603626,0.0014985004999999996,0.0014985004999999996,0.001729039038461538,0.003176821059999999
980,0.002997000999999999,0.002873071558245083,0.002873071558245083,0.0014985004999999996,0.0028683635136986293,0.001729039038461538,0.0029442866262465745
981,0.002997000999999999,0.002873071558245083,0.002873071558245083,0.0014985004999999996,0.0014985004999999996,0.001729039038461538,0.003176821059999999
982,0.002997000999999999,0.002368785123550176,0.002368785123550176,0.0014985004999999996,0.0014985004999999996,0.001729039038461538,0.003176821059999999
983,0.002997000999999999,0.0033773579929399894,0.0033773579929399894,0.0014985004999999996,0.0028683635136986293,0.004476291785714286,0.003084201412657533
984,0.002997000999999999,0.0033773579929399894,0.0033773579929399894,0.005665167166666666,0.00560808954109589,0.004476291785714286,0.0028762998638356156
985,0.002997000999999999,0.002873071558245083,0.002873071558245083,0.0014985004999999996,0.0028683635136986293,0.001729039038461538,0.003116716820767122
986,0.002997000999999999,0.002873071558245083,0.002873071558245083,0.0014985004999999996,0.0014985004999999996,0.001729039038461538,0.003176821059999999
987,0.002997000999999999,0.0018644986888552695,0.0018644986888552695,0.0014985004999999996,0.0028683635136986293,0.004476291785714286,0.003122628713150684
988,0.002997000999999999,0.002368785123550176,0.002368785123550176,0.0014985004999999996,0.00423822652739726,0.001729039038461538,0.0030792748356712318
989,0.002997000999999999,0.004890217297024709,0.004890217297024709,0.0014985004999999996,0.00560808954109589,0.004476291785714286,0.0029452719416438347
990,0.002997000999999999,0.005394503731719616,0.005394503731719616,0.005665167166666666,0.00560808954109589,0.004476291785714286,0.002852652294301369
991,0.002997000999999999,0.0018644986888552695,0.0018644986888552695,0.005665167166666666,0.0028683635136986293,0.001729039038461538,0.0029304922106849307
992,0.002997000999999999,0.002873071558245083,0.002873071558245083,0.0014985004999999996,0.0028683635136986293,0.004476291785714286,0.003165982590630136
993,0.002997000999999999,0.0033773579929399894,0.0033773579929399894,0.0014985004999999996,0.00423822652739726,0.007223544532967033,0.003004390865479451
994,0.002997000999999999,0.002873071558245083,0.002873071558245083,0.0014985004999999996,0.0014985004999999996,0.007223544532967033,0.003176821059999999
995,0.002997000999999999,0.004385930862329803,0.004385930862329803,0.0014985004999999996,0.0014985004999999996,0.004476291785714286,0.003176821059999999
996,0.002997000999999999,0.0033773579929399894,0.0033773579929399894,0.0014985004999999996,0.0028683635136986293,0.004476291785714286,0.003051686004547944
997,0.002997000999999999,0.0038816444276348963,0.0038816444276348963,0.0014985004999999996,0.00423822652739726,0.004476291785714286,0.0029610369879999993
998,0.002997000999999999,0.0033773579929399894,0.0033773579929399894,0.0014985004999999996,0.00423822652739726,0.00997079728021978,0.003115731505369862
999,0.002997000999999999,0.002873071558245083,0.002873071558245083,0.0014985004999999996,0.0014985004999999996,0.001729039038461538,0.003176821059999999
