number,probability,raw_model_probability,long_rate,short_rate,recent_long_rate,weekday_rate,gap_signal
000,0.002997000999999999,0.0033773579929399894,0.0033773579929399894,0.0014985004999999996,0.0028683635136986293,0.001729039038461538,0.0030979958282191774
001,0.002997000999999999,0.002873071558245083,0.002873071558245083,0.0014985004999999996,0.0028683635136986293,0.004476291785714286,0.0029610369879999993
002,0.002997000999999999,0.0018644986888552695,0.0018644986888552695,0.0014985004999999996,0.0014985004999999996,0.001729039038461538,0.003176821059999999
003,0.002997000999999999,0.002873071558245083,0.002873071558245083,0.0014985004999999996,0.0028683635136986293,0.001729039038461538,0.0030053761808767113
004,0.002997000999999999,0.002368785123550176,0.002368785123550176,0.0014985004999999996,0.0014985004999999996,0.004476291785714286,0.003176821059999999
005,0.002997000999999999,0.0033773579929399894,0.0033773579929399894,0.0014985004999999996,0.00423822652739726,0.007223544532967033,0.0030674510509041087
006,0.002997000999999999,0.002873071558245083,0.002873071558245083,0.005665167166666666,0.00560808954109589,0.004476291785714286,0.002881226440821917
007,0.002997000999999999,0.002368785123550176,0.002368785123550176,0.005665167166666666,0.0028683635136986293,0.001729039038461538,0.0029235950029041086
008,0.002997000999999999,0.0018644986888552695,0.0018644986888552695,0.0014985004999999996,0.0014985004999999996,0.001729039038461538,0.003176821059999999
009,0.002997000999999999,0.002873071558245083,0.002873071558245083,0.005665167166666666,0.0028683635136986293,0.004476291785714286,0.0028605348174794514
010,0.002997000999999999,0.002873071558245083,0.002873071558245083,0.005665167166666666,0.00423822652739726,0.004476291785714286,0.0029304922106849307
011,0.002997000999999999,0.0033773579929399894,0.0033773579929399894,0.005665167166666666,0.0028683635136986293,0.004476291785714286,0.0028299900401643828
012,0.002997000999999999,0.0033773579929399894,0.0033773579929399894,0.0139985005,0.00560808954109589,0.004476291785714286,0.0028467404019178076
013,0.002997000999999999,0.0038816444276348963,0.0038816444276348963,0.0014985004999999996,0.0028683635136986293,0.007223544532967033,0.0030300090658082184
014,0.002997000999999999,0.004385930862329803,0.004385930862329803,0.0014985004999999996,0.0028683635136986293,0.004476291785714286,0.0030270531196164375
015,0.002997000999999999,0.0018644986888552695,0.0018644986888552695,0.0014985004999999996,0.0014985004999999996,0.001729039038461538,0.003176821059999999
016,0.002997000999999999,0.0038816444276348963,0.0038816444276348963,0.005665167166666666,0.0028683635136986293,0.004476291785714286,0.0028694026560547935
017,0.002997000999999999,0.002873071558245083,0.002873071558245083,0.0014985004999999996,0.0014985004999999996,0.004476291785714286,0.003176821059999999
018,0.002997000999999999,0.0018644986888552695,0.0018644986888552695,0.0014985004999999996,0.0014985004999999996,0.001729039038461538,0.003176821059999999
019,0.002997000999999999,0.0018644986888552695,0.0018644986888552695,0.0014985004999999996,0.0014985004999999996,0.001729039038461538,0.003176821059999999
020,0.002997000999999999,0.002368785123550176,0.002368785123550176,0.005665167166666666,0.0028683635136986293,0.001729039038461538,0.0028240781477808213
021,0.002997000999999999,0.004385930862329803,0.004385930862329803,0.009831833833333333,0.00697795255479452,0.001729039038461538,0.0028181662553972598
022,0.002997000999999999,0.0033773579929399894,0.0033773579929399894,0.0014985004999999996,0.0028683635136986293,0.004476291785714286,0.00310883429758904
023,0.002997000999999999,0.0033773579929399894,0.0033773579929399894,0.005665167166666666,0.0028683635136986293,0.001729039038461538,0.0028250634631780814
024,0.002997000999999999,0.0018644986888552695,0.0018644986888552695,0.0014985004999999996,0.0014985004999999996,0.001729039038461538,0.003176821059999999
025,0.002997000999999999,0.002873071558245083,0.002873071558245083,0.005665167166666666,0.0028683635136986293,0.001729039038461538,0.002845755086520547
026,0.002997000999999999,0.002368785123550176,0.002368785123550176,0.0014985004999999996,0.0014985004999999996,0.001729039038461538,0.003176821059999999
027,0.002997000999999999,0.002368785123550176,0.002368785123550176,0.0014985004999999996,0.0028683635136986293,0.001729039038461538,0.0031462762826849305
028,0.002997000999999999,0.002873071558245083,0.002873071558245083,0.0014985004999999996,0.0014985004999999996,0.001729039038461538,0.003176821059999999
029,0.002997000999999999,0.002368785123550176,0.002368785123550176,0.0014985004999999996,0.0028683635136986293,0.001729039038461538,0.0029630076187945197
030,0.002997000999999999,0.0033773579929399894,0.0033773579929399894,0.0014985004999999996,0.0014985004999999996,0.001729039038461538,0.003176821059999999
031,0.002997000999999999,0.004890217297024709,0.004890217297024709,0.009831833833333333,0.00560808954109589,0.004476291785714286,0.0028260487785753416
032,0.002997000999999999,0.0018644986888552695,0.0018644986888552695,0.0014985004999999996,0.0028683635136986293,0.001729039038461538,0.0030792748356712318
033,0.002997000999999999,0.002368785123550176,0.002368785123550176,0.0014985004999999996,0.0014985004999999996,0.004476291785714286,0.003176821059999999
034,0.002997000999999999,0.004890217297024709,0.004890217297024709,0.005665167166666666,0.00697795255479452,0.001729039038461538,0.0028477257173150678
035,0.002997000999999999,0.0033773579929399894,0.0033773579929399894,0.0014985004999999996,0.0028683635136986293,0.001729039038461538,0.00314430565189041
036,0.002997000999999999,0.002873071558245083,0.002873071558245083,0.005665167166666666,0.00423822652739726,0.001729039038461538,0.0028930502255890404
037,0.002997000999999999,0.0013602122541603626,0.0013602122541603626,0.0014985004999999996,0.0014985004999999996,0.001729039038461538,0.003176821059999999
038,0.002997000999999999,0.0033773579929399894,0.0033773579929399894,0.005665167166666666,0.0028683635136986293,0.001729039038461538,0.0028891089639999992
039,0.002997000999999999,0.0018644986888552695,0.0018644986888552695,0.0014985004999999996,0.0028683635136986293,0.001729039038461538,0.003131496551726027
040,0.002997000999999999,0.002368785123550176,0.002368785123550176,0.005665167166666666,0.00423822652739726,0.001729039038461538,0.0028260487785753416
041,0.002997000999999999,0.002368785123550176,0.002368785123550176,0.0014985004999999996,0.0028683635136986293,0.001729039038461538,0.0029905964499178073
042,0.002997000999999999,0.002873071558245083,0.002873071558245083,0.0014985004999999996,0.0028683635136986293,0.001729039038461538,0.0031492322288767115
043,0.002997000999999999,0.0033773579929399894,0.0033773579929399894,0.0014985004999999996,0.0028683635136986293,0.004476291785714286,0.0029511838340273966
044,0.002997000999999999,0.002873071558245083,0.002873071558245083,0.0014985004999999996,0.0028683635136986293,0.004476291785714286,0.0030024202346849303
045,0.002997000999999999,0.0033773579929399894,0.0033773579929399894,0.005665167166666666,0.0028683635136986293,0.001729039038461538,0.0029048740103561634
046,0.002997000999999999,0.0033773579929399894,0.0033773579929399894,0.0014985004999999996,0.0028683635136986293,0.001729039038461538,0.003094054566630136
047,0.002997000999999999,0.0038816444276348963,0.0038816444276348963,0.0014985004999999996,0.0028683635136986293,0.004476291785714286,0.0030891279896438344
048,0.002997000999999999,0.0013602122541603626,0.0013602122541603626,0.0014985004999999996,0.0014985004999999996,0.001729039038461538,0.003176821059999999
049,0.002997000999999999,0.004890217297024709,0.004890217297024709,0.0014985004999999996,0.00423822652739726,0.001729039038461538,0.00296497824958904
050,0.002997000999999999,0.0018644986888552695,0.0018644986888552695,0.0014985004999999996,0.0014985004999999996,0.001729039038461538,0.003176821059999999
051,0.002997000999999999,0.0038816444276348963,0.0038816444276348963,0.005665167166666666,0.00423822652739726,0.00997079728021978,0.0029137418489315063
052,0.002997000999999999,0.002873071558245083,0.002873071558245083,0.0014985004999999996,0.0028683635136986293,0.001729039038461538,0.002983699242136985
053,0.002997000999999999,0.004385930862329803,0.004385930862329803,0.0014985004999999996,0.0014985004999999996,0.007223544532967033,0.003176821059999999
054,0.002997000999999999,0.002873071558245083,0.002873071558245083,0.0014985004999999996,0.00423822652739726,0.001729039038461538,0.002957095726410958
055,0.002997000999999999,0.004890217297024709,0.004890217297024709,0.005665167166666666,0.00560808954109589,0.007223544532967033,0.0029058593257534236
056,0.002997000999999999,0.002873071558245083,0.002873071558245083,0.005665167166666666,0.0028683635136986293,0.001729039038461538,0.002867432025260273
057,0.002997000999999999,0.0038816444276348963,0.0038816444276348963,0.0014985004999999996,0.0028683635136986293,0.001729039038461538,0.002983699242136985
058,0.002997000999999999,0.002368785123550176,0.002368785123550176,0.0014985004999999996,0.0028683635136986293,0.004476291785714286,0.0029403453646575334
059,0.002997000999999999,0.004385930862329803,0.004385930862329803,0.005665167166666666,0.00560808954109589,0.004476291785714286,0.002836887247945205
060,0.002997000999999999,0.002368785123550176,0.002368785123550176,0.0014985004999999996,0.0014985004999999996,0.001729039038461538,0.003176821059999999
061,0.002997000999999999,0.0038816444276348963,0.0038816444276348963,0.005665167166666666,0.00423822652739726,0.001729039038461538,0.0029324628414794515
062,0.002997000999999999,0.0038816444276348963,0.0038816444276348963,0.005665167166666666,0.00423822652739726,0.004476291785714286,0.00292950689528767
063,0.002997000999999999,0.0033773579929399894,0.0033773579929399894,0.009831833833333333,0.00423822652739726,0.004476291785714286,0.002885167702410958
064,0.002997000999999999,0.002368785123550176,0.002368785123550176,0.0014985004999999996,0.0014985004999999996,0.001729039038461538,0.003176821059999999
065,0.002997000999999999,0.0038816444276348963,0.0038816444276348963,0.0014985004999999996,0.00423822652739726,0.004476291785714286,0.0029777873497534237
066,0.002997000999999999,0.002368785123550176,0.002368785123550176,0.0014985004999999996,0.0028683635136986293,0.001729039038461538,0.0029442866262465745
067,0.002997000999999999,0.002368785123550176,0.002368785123550176,0.0014985004999999996,0.0014985004999999996,0.001729039038461538,0.003176821059999999
068,0.002997000999999999,0.002873071558245083,0.002873071558245083,0.0014985004999999996,0.0014985004999999996,0.001729039038461538,0.003176821059999999
069,0.002997000999999999,0.002368785123550176,0.002368785123550176,0.0014985004999999996,0.0028683635136986293,0.001729039038461538,0.0031216433977534234
070,0.002997000999999999,0.0018644986888552695,0.0018644986888552695,0.0014985004999999996,0.0014985004999999996,0.001729039038461538,0.003176821059999999
071,0.002997000999999999,0.0033773579929399894,0.0033773579929399894,0.005665167166666666,0.00423822652739726,0.007223544532967033,0.0028713732868493142
072,0.002997000999999999,0.0018644986888552695,0.0018644986888552695,0.005665167166666666,0.0028683635136986293,0.004476291785714286,0.0028299900401643828
073,0.002997000999999999,0.0018644986888552695,0.0018644986888552695,0.0014985004999999996,0.0014985004999999996,0.001729039038461538,0.003176821059999999
074,0.002997000999999999,0.004385930862329803,0.004385930862329803,0.0139985005,0.00834781556849315,0.001729039038461538,0.0028290047247671226
075,0.002997000999999999,0.004385930862329803,0.004385930862329803,0.005665167166666666,0.0028683635136986293,0.001729039038461538,0.0028536376096986293
076,0.002997000999999999,0.004890217297024709,0.004890217297024709,0.005665167166666666,0.00423822652739726,0.00997079728021978,0.002917683110520547
077,0.002997000999999999,0.0013602122541603626,0.0013602122541603626,0.0014985004999999996,0.0014985004999999996,0.001729039038461538,0.003176821059999999
078,0.002997000999999999,0.002873071558245083,0.002873071558245083,0.0014985004999999996,0.0028683635136986293,0.004476291785714286,0.0031019370898082185
079,0.002997000999999999,0.0038816444276348963,0.0038816444276348963,0.0014985004999999996,0.0014985004999999996,0.007223544532967033,0.003176821059999999
080,0.002997000999999999,0.004385930862329803,0.004385930862329803,0.018165167166666666,0.00697795255479452,0.00997079728021978,0.002831960670958903
081,0.002997000999999999,0.002873071558245083,0.002873071558245083,0.009831833833333333,0.00423822652739726,0.007223544532967033,0.002836887247945205
082,0.002997000999999999,0.002368785123550176,0.002368785123550176,0.009831833833333333,0.00423822652739726,0.001729039038461538,0.0028260487785753416
083,0.002997000999999999,0.002873071558245083,0.002873071558245083,0.005665167166666666,0.0028683635136986293,0.001729039038461538,0.0029226096875068484
084,0.002997000999999999,0.0018644986888552695,0.0018644986888552695,0.0014985004999999996,0.0014985004999999996,0.001729039038461538,0.003176821059999999
085,0.002997000999999999,0.002368785123550176,0.002368785123550176,0.0014985004999999996,0.0028683635136986293,0.001729039038461538,0.0031649972752328757
086,0.002997000999999999,0.0033773579929399894,0.0033773579929399894,0.0014985004999999996,0.0028683635136986293,0.007223544532967033,0.0030674510509041087
087,0.002997000999999999,0.004385930862329803,0.004385930862329803,0.0014985004999999996,0.00423822652739726,0.007223544532967033,0.0030053761808767113
088,0.002997000999999999,0.002873071558245083,0.002873071558245083,0.0014985004999999996,0.0028683635136986293,0.007223544532967033,0.003046759427561643
089,0.002997000999999999,0.002368785123550176,0.002368785123550176,0.0014985004999999996,0.0028683635136986293,0.001729039038461538,0.003091098620438355
090,0.002997000999999999,0.0018644986888552695,0.0018644986888552695,0.0014985004999999996,0.0028683635136986293,0.004476291785714286,0.003122628713150684
091,0.002997000999999999,0.0013602122541603626,0.0013602122541603626,0.0014985004999999996,0.0014985004999999996,0.001729039038461538,0.003176821059999999
092,0.002997000999999999,0.004385930862329803,0.004385930862329803,0.009831833833333333,0.00423822652739726,0.001729039038461538,0.0028871383332054784
093,0.002997000999999999,0.002873071558245083,0.002873071558245083,0.0014985004999999996,0.0028683635136986293,0.004476291785714286,0.0030812454664657526
094,0.002997000999999999,0.002368785123550176,0.002368785123550176,0.0014985004999999996,0.00423822652739726,0.004476291785714286,0.00299946428849315
095,0.002997000999999999,0.004385930862329803,0.004385930862329803,0.005665167166666666,0.00697795255479452,0.004476291785714286,0.0028447697711232868
096,0.002997000999999999,0.0033773579929399894,0.0033773579929399894,0.0014985004999999996,0.0014985004999999996,0.004476291785714286,0.003176821059999999
097,0.002997000999999999,0.002368785123550176,0.002368785123550176,0.005665167166666666,0.00423822652739726,0.001729039038461538,0.002901918064164383
098,0.002997000999999999,0.002873071558245083,0.002873071558245083,0.005665167166666666,0.0028683635136986293,0.001729039038461538,0.002910785902739725
099,0.002997000999999999,0.0018644986888552695,0.0018644986888552695,0.0014985004999999996,0.0014985004999999996,0.001729039038461538,0.003176821059999999
100,0.002997000999999999,0.002873071558245083,0.002873071558245083,0.0014985004999999996,0.0014985004999999996,0.004476291785714286,0.003176821059999999
101,0.002997000999999999,0.002873071558245083,0.002873071558245083,0.0014985004999999996,0.0014985004999999996,0.007223544532967033,0.003176821059999999
102,0.002997000999999999,0.004385930862329803,0.004385930862329803,0.0014985004999999996,0.00423822652739726,0.004476291785714286,0.002954139780219177
103,0.002997000999999999,0.0033773579929399894,0.0033773579929399894,0.005665167166666666,0.00560808954109589,0.001729039038461538,0.0028388578787397253
104,0.002997000999999999,0.0038816444276348963,0.0038816444276348963,0.0014985004999999996,0.0028683635136986293,0.001729039038461538,0.0031098196129863004
105,0.002997000999999999,0.002873071558245083,0.002873071558245083,0.0014985004999999996,0.0014985004999999996,0.004476291785714286,0.003176821059999999
106,0.002997000999999999,0.004385930862329803,0.004385930862329803,0.005665167166666666,0.0028683635136986293,0.001729039038461538,0.002902903379561643
107,0.002997000999999999,0.002368785123550176,0.002368785123550176,0.0014985004999999996,0.0028683635136986293,0.001729039038461538,0.0030221265426301365
108,0.002997000999999999,0.002873071558245083,0.002873071558245083,0.0014985004999999996,0.00560808954109589,0.001729039038461538,0.00300044960389041
109,0.002997000999999999,0.0038816444276348963,0.0038816444276348963,0.0014985004999999996,0.0028683635136986293,0.001729039038461538,0.0030349356427945198
110,0.002997000999999999,0.0033773579929399894,0.0033773579929399894,0.0014985004999999996,0.0028683635136986293,0.001729039038461538,0.0030861720434520535
111,0.002997000999999999,0.0038816444276348963,0.0038816444276348963,0.005665167166666666,0.00423822652739726,0.004476291785714286,0.0028418138249315062
112,0.002997000999999999,0.0018644986888552695,0.0018644986888552695,0.0014985004999999996,0.0028683635136986293,0.001729039038461538,0.0030851867280547933
113,0.002997000999999999,0.002368785123550176,0.002368785123550176,0.005665167166666666,0.0028683635136986293,0.001729039038461538,0.0028427991403287664
114,0.002997000999999999,0.0033773579929399894,0.0033773579929399894,0.005665167166666666,0.0028683635136986293,0.001729039038461538,0.002881226440821917
115,0.002997000999999999,0.0038816444276348963,0.0038816444276348963,0.0014985004999999996,0.0028683635136986293,0.001729039038461538,0.003003405550082191
116,0.002997000999999999,0.0018644986888552695,0.0018644986888552695,0.005665167166666666,0.0028683635136986293,0.001729039038461538,0.0029038886949589032
117,0.002997000999999999,0.002873071558245083,0.002873071558245083,0.005665167166666666,0.00560808954109589,0.001729039038461538,0.002848711032712328
118,0.002997000999999999,0.0018644986888552695,0.0018644986888552695,0.0014985004999999996,0.0014985004999999996,0.001729039038461538,0.003176821059999999
119,0.002997000999999999,0.0033773579929399894,0.0033773579929399894,0.0014985004999999996,0.0014985004999999996,0.001729039038461538,0.003176821059999999
120,0.002997000999999999,0.0033773579929399894,0.0033773579929399894,0.0139985005,0.00560808954109589,0.004476291785714286,0.0028211222015890403
121,0.002997000999999999,0.004890217297024709,0.004890217297024709,0.0014985004999999996,0.0028683635136986293,0.004476291785714286,0.003056612581534246
122,0.002997000999999999,0.0033773579929399894,0.0033773579929399894,0.0014985004999999996,0.00423822652739726,0.001729039038461538,0.0029807432959452046
123,0.002997000999999999,0.0013602122541603626,0.0013602122541603626,0.0014985004999999996,0.0014985004999999996,0.001729039038461538,0.003176821059999999
124,0.002997000999999999,0.004385930862329803,0.004385930862329803,0.005665167166666666,0.00560808954109589,0.001729039038461538,0.0028910795947945196
125,0.002997000999999999,0.002873071558245083,0.002873071558245083,0.005665167166666666,0.00423822652739726,0.007223544532967033,0.0029324628414794515
126,0.002997000999999999,0.002368785123550176,0.002368785123550176,0.0014985004999999996,0.0028683635136986293,0.004476291785714286,0.0031216433977534234
127,0.002997000999999999,0.002368785123550176,0.002368785123550176,0.0014985004999999996,0.0014985004999999996,0.001729039038461538,0.003176821059999999
128,0.002997000999999999,0.0018644986888552695,0.0018644986888552695,0.0014985004999999996,0.0014985004999999996,0.001729039038461538,0.003176821059999999
129,0.002997000999999999,0.0013602122541603626,0.0013602122541603626,0.0014985004999999996,0.0014985004999999996,0.001729039038461538,0.003176821059999999
130,0.002997000999999999,0.0033773579929399894,0.0033773579929399894,0.0014985004999999996,0.00423822652739726,0.004476291785714286,0.0029728607727671223
131,0.002997000999999999,0.0033773579929399894,0.0033773579929399894,0.005665167166666666,0.00423822652739726,0.004476291785714286,0.0028782704946301364
132,0.002997000999999999,0.0033773579929399894,0.0033773579929399894,0.0014985004999999996,0.00423822652739726,0.001729039038461538,0.0030378915889863003
133,0.002997000999999999,0.0033773579929399894,0.0033773579929399894,0.0014985004999999996,0.00423822652739726,0.001729039038461538,0.002983699242136985
134,0.002997000999999999,0.0018644986888552695,0.0018644986888552695,0.0014985004999999996,0.0028683635136986293,0.001729039038461538,0.003165982590630136
135,0.002997000999999999,0.002368785123550176,0.002368785123550176,0.005665167166666666,0.00423822652739726,0.001729039038461538,0.002882211756219177
136,0.002997000999999999,0.002368785123550176,0.002368785123550176,0.0014985004999999996,0.00423822652739726,0.001729039038461538,0.0030763188894794512
137,0.002997000999999999,0.0018644986888552695,0.0018644986888552695,0.0014985004999999996,0.0014985004999999996,0.001729039038461538,0.003176821059999999
138,0.002997000999999999,0.002873071558245083,0.002873071558245083,0.0014985004999999996,0.0014985004999999996,0.004476291785714286,0.003176821059999999
139,0.002997000999999999,0.002368785123550176,0.002368785123550176,0.0014985004999999996,0.0028683635136986293,0.001729039038461538,0.00303592095819178
140,0.002997000999999999,0.0033773579929399894,0.0033773579929399894,0.005665167166666666,0.00423822652739726,0.001729039038461538,0.0028881236486027386
141,0.002997000999999999,0.0018644986888552695,0.0018644986888552695,0.0014985004999999996,0.0014985004999999996,0.001729039038461538,0.003176821059999999
142,0.002997000999999999,0.0038816444276348963,0.0038816444276348963,0.0014985004999999996,0.0014985004999999996,0.001729039038461538,0.003176821059999999
143,0.002997000999999999,0.002873071558245083,0.002873071558245083,0.0014985004999999996,0.0014985004999999996,0.004476291785714286,0.003176821059999999
144,0.002997000999999999,0.0018644986888552695,0.0018644986888552695,0.0014985004999999996,0.0014985004999999996,0.001729039038461538,0.003176821059999999
145,0.002997000999999999,0.002368785123550176,0.002368785123550176,0.0014985004999999996,0.0028683635136986293,0.004476291785714286,0.0031709091676164376
146,0.002997000999999999,0.002368785123550176,0.002368785123550176,0.005665167166666666,0.00423822652739726,0.001729039038461538,0.0028831970716164377
147,0.002997000999999999,0.002873071558245083,0.002873071558245083,0.0014985004999999996,0.00423822652739726,0.001729039038461538,0.0030201559118356158
148,0.002997000999999999,0.0033773579929399894,0.0033773579929399894,0.0014985004999999996,0.0028683635136986293,0.004476291785714286,0.002947242572438355
149,0.002997000999999999,0.002368785123550176,0.002368785123550176,0.0014985004999999996,0.0014985004999999996,0.001729039038461538,0.003176821059999999
150,0.002997000999999999,0.0018644986888552695,0.0018644986888552695,0.0014985004999999996,0.0028683635136986293,0.001729039038461538,0.0030073468116712317
151,0.002997000999999999,0.004890217297024709,0.004890217297024709,0.0014985004999999996,0.00423822652739726,0.004476291785714286,0.002978772665150684
152,0.002997000999999999,0.002368785123550176,0.002368785123550176,0.0014985004999999996,0.0028683635136986293,0.004476291785714286,0.0030546419507397247
153,0.002997000999999999,0.002368785123550176,0.002368785123550176,0.0014985004999999996,0.0028683635136986293,0.001729039038461538,0.003167953221424657
154,0.002997000999999999,0.0033773579929399894,0.0033773579929399894,0.0014985004999999996,0.00423822652739726,0.004476291785714286,0.0030881426742465743
155,0.002997000999999999,0.0033773579929399894,0.0033773579929399894,0.005665167166666666,0.00560808954109589,0.004476291785714286,0.002848711032712328
156,0.002997000999999999,0.0033773579929399894,0.0033773579929399894,0.005665167166666666,0.0028683635136986293,0.001729039038461538,0.0029324628414794515
157,0.002997000999999999,0.0038816444276348963,0.0038816444276348963,0.0014985004999999996,0.00423822652739726,0.001729039038461538,0.002937389418465753
158,0.002997000999999999,0.002873071558245083,0.002873071558245083,0.0014985004999999996,0.0014985004999999996,0.001729039038461538,0.003176821059999999
159,0.002997000999999999,0.002873071558245083,0.002873071558245083,0.0014985004999999996,0.0028683635136986293,0.004476291785714286,0.003051686004547944
160,0.002997000999999999,0.0033773579929399894,0.0033773579929399894,0.0014985004999999996,0.0028683635136986293,0.001729039038461538,0.003123614028547944
161,0.002997000999999999,0.0018644986888552695,0.0018644986888552695,0.0014985004999999996,0.0028683635136986293,0.001729039038461538,0.0030891279896438344
162,0.002997000999999999,0.002368785123550176,0.002368785123550176,0.0014985004999999996,0.0028683635136986293,0.004476291785714286,0.0030743482586849304
163,0.002997000999999999,0.002873071558245083,0.002873071558245083,0.005665167166666666,0.0028683635136986293,0.004476291785714286,0.0029147271643287665
164,0.002997000999999999,0.002368785123550176,0.002368785123550176,0.0014985004999999996,0.0014985004999999996,0.001729039038461538,0.003176821059999999
165,0.002997000999999999,0.0018644986888552695,0.0018644986888552695,0.0014985004999999996,0.0014985004999999996,0.001729039038461538,0.003176821059999999
166,0.002997000999999999,0.004385930862329803,0.004385930862329803,0.0014985004999999996,0.0014985004999999996,0.004476291785714286,0.003176821059999999
167,0.002997000999999999,0.0018644986888552695,0.0018644986888552695,0.0014985004999999996,0.0028683635136986293,0.001729039038461538,0.0031728797984109584
168,0.002997000999999999,0.002873071558245083,0.002873071558245083,0.005665167166666666,0.0028683635136986293,0.001729039038461538,0.0029098005873424647
169,0.002997000999999999,0.002873071558245083,0.002873071558245083,0.005665167166666666,0.0028683635136986293,0.004476291785714286,0.0028950208563835607
170,0.002997000999999999,0.0033773579929399894,0.0033773579929399894,0.005665167166666666,0.0028683635136986293,0.001729039038461538,0.0028595495020821912
171,0.002997000999999999,0.0013602122541603626,0.0013602122541603626,0.0014985004999999996,0.0014985004999999996,0.001729039038461538,0.003176821059999999
172,0.002997000999999999,0.0013602122541603626,0.0013602122541603626,0.0014985004999999996,0.0014985004999999996,0.001729039038461538,0.003176821059999999
173,0.002997000999999999,0.0018644986888552695,0.0018644986888552695,0.005665167166666666,0.0028683635136986293,0.001729039038461538,0.0028221075169863005
174,0.002997000999999999,0.0018644986888552695,0.0018644986888552695,0.0014985004999999996,0.0014985004999999996,0.004476291785714286,0.003176821059999999
175,0.002997000999999999,0.002368785123550176,0.002368785123550176,0.0014985004999999996,0.0014985004999999996,0.001729039038461538,0.003176821059999999
176,0.002997000999999999,0.002368785123550176,0.002368785123550176,0.0014985004999999996,0.0028683635136986293,0.001729039038461538,0.003050700689150684
177,0.002997000999999999,0.0038816444276348963,0.0038816444276348963,0.005665167166666666,0.00423822652739726,0.001729039038461538,0.002817180939999999
178,0.002997000999999999,0.0018644986888552695,0.0018644986888552695,0.0014985004999999996,0.0028683635136986293,0.001729039038461538,0.0030635097893150676
179,0.002997000999999999,0.0038816444276348963,0.0038816444276348963,0.009831833833333333,0.00560808954109589,0.007223544532967033,0.0028979768025753417
180,0.002997000999999999,0.0018644986888552695,0.0018644986888552695,0.005665167166666666,0.0028683635136986293,0.001729039038461538,0.0028861530178082183
181,0.002997000999999999,0.002368785123550176,0.002368785123550176,0.005665167166666666,0.0028683635136986293,0.001729039038461538,0.0028359019325479447
182,0.002997000999999999,0.002873071558245083,0.002873071558245083,0.0014985004999999996,0.0014985004999999996,0.001729039038461538,0.003176821059999999
183,0.002997000999999999,0.004385930862329803,0.004385930862329803,0.0014985004999999996,0.0014985004999999996,0.004476291785714286,0.003176821059999999
184,0.002997000999999999,0.002873071558245083,0.002873071558245083,0.0014985004999999996,0.0028683635136986293,0.001729039038461538,0.0030989811436164375
185,0.002997000999999999,0.004890217297024709,0.004890217297024709,0.005665167166666666,0.00423822652739726,0.001729039038461538,0.0029235950029041086
186,0.002997000999999999,0.004890217297024709,0.004890217297024709,0.0139985005,0.00834781556849315,0.004476291785714286,0.0028723586022465744
187,0.002997000999999999,0.0038816444276348963,0.0038816444276348963,0.0014985004999999996,0.0028683635136986293,0.007223544532967033,0.003039862219780821
188,0.002997000999999999,0.002873071558245083,0.002873071558245083,0.005665167166666666,0.00423822652739726,0.001729039038461538,0.0028427991403287664
189,0.002997000999999999,0.004385930862329803,0.004385930862329803,0.005665167166666666,0.00423822652739726,0.012718050027472526,0.0028299900401643828
190,0.002997000999999999,0.002873071558245083,0.002873071558245083,0.0014985004999999996,0.0014985004999999996,0.001729039038461538,0.003176821059999999
191,0.002997000999999999,0.0038816444276348963,0.0038816444276348963,0.005665167166666666,0.00423822652739726,0.001729039038461538,0.002870387971452054
192,0.002997000999999999,0.002873071558245083,0.002873071558245083,0.0014985004999999996,0.0014985004999999996,0.001729039038461538,0.003176821059999999
193,0.002997000999999999,0.002873071558245083,0.002873071558245083,0.0014985004999999996,0.0014985004999999996,0.004476291785714286,0.003176821059999999
194,0.002997000999999999,0.0033773579929399894,0.0033773579929399894,0.0014985004999999996,0.00423822652739726,0.001729039038461538,0.002936404103068492
195,0.002997000999999999,0.005394503731719616,0.005394503731719616,0.0014985004999999996,0.00560808954109589,0.004476291785714286,0.002953154464821917
196,0.002997000999999999,0.0013602122541603626,0.0013602122541603626,0.0014985004999999996,0.0014985004999999996,0.001729039038461538,0.003176821059999999
197,0.002997000999999999,0.0018644986888552695,0.0018644986888552695,0.0014985004999999996,0.0014985004999999996,0.001729039038461538,0.003176821059999999
198,0.002997000999999999,0.002368785123550176,0.002368785123550176,0.0014985004999999996,0.0014985004999999996,0.001729039038461538,0.003176821059999999
199,0.002997000999999999,0.0018644986888552695,0.0018644986888552695,0.0014985004999999996,0.0014985004999999996,0.001729039038461538,0.003176821059999999
200,0.002997000999999999,0.0038816444276348963,0.0038816444276348963,0.0014985004999999996,0.0028683635136986293,0.001729039038461538,0.003025082488821917
201,0.002997000999999999,0.002368785123550176,0.002368785123550176,0.0014985004999999996,0.0028683635136986293,0.001729039038461538,0.003152188175068492
202,0.002997000999999999,0.002368785123550176,0.002368785123550176,0.005665167166666666,0.00423822652739726,0.001729039038461538,0.0028950208563835607
203,0.002997000999999999,0.002368785123550176,0.002368785123550176,0.0014985004999999996,0.00423822652739726,0.001729039038461538,0.003013258704054793
204,0.002997000999999999,0.0018644986888552695,0.0018644986888552695,0.0014985004999999996,0.0014985004999999996,0.001729039038461538,0.003176821059999999
205,0.002997000999999999,0.002873071558245083,0.002873071558245083,0.0014985004999999996,0.00423822652739726,0.007223544532967033,0.0029974936576986294
206,0.002997000999999999,0.002873071558245083,0.002873071558245083,0.0014985004999999996,0.0028683635136986293,0.001729039038461538,0.003025082488821917
207,0.002997000999999999,0.002368785123550176,0.002368785123550176,0.0014985004999999996,0.0028683635136986293,0.004476291785714286,0.003011288073260273
208,0.002997000999999999,0.002873071558245083,0.002873071558245083,0.0014985004999999996,0.0014985004999999996,0.001729039038461538,0.003176821059999999
209,0.002997000999999999,0.002368785123550176,0.002368785123550176,0.0014985004999999996,0.0014985004999999996,0.001729039038461538,0.003176821059999999
210,0.002997000999999999,0.002368785123550176,0.002368785123550176,0.0014985004999999996,0.0014985004999999996,0.004476291785714286,0.003176821059999999
211,0.002997000999999999,0.0033773579929399894,0.0033773579929399894,0.0014985004999999996,0.0014985004999999996,0.004476291785714286,0.003176821059999999
212,0.002997000999999999,0.002873071558245083,0.002873071558245083,0.0014985004999999996,0.0028683635136986293,0.004476291785714286,0.0029551250956164374
213,0.002997000999999999,0.0038816444276348963,0.0038816444276348963,0.005665167166666666,0.00560808954109589,0.001729039038461538,0.0028891089639999992
214,0.002997000999999999,0.002873071558245083,0.002873071558245083,0.0014985004999999996,0.00423822652739726,0.001729039038461538,0.002985669872931506
215,0.002997000999999999,0.002368785123550176,0.002368785123550176,0.0014985004999999996,0.0028683635136986293,0.001729039038461538,0.003028038435013698
216,0.002997000999999999,0.0038816444276348963,0.0038816444276348963,0.0014985004999999996,0.0014985004999999996,0.001729039038461538,0.003176821059999999
217,0.002997000999999999,0.002368785123550176,0.002368785123550176,0.005665167166666666,0.0028683635136986293,0.001729039038461538,0.0028565935558904102
218,0.002997000999999999,0.0033773579929399894,0.0033773579929399894,0.009831833833333333,0.00560808954109589,0.004476291785714286,0.0028762998638356156
219,0.002997000999999999,0.0033773579929399894,0.0033773579929399894,0.0014985004999999996,0.0014985004999999996,0.001729039038461538,0.003176821059999999
220,0.002997000999999999,0.002368785123550176,0.002368785123550176,0.0014985004999999996,0.0028683635136986293,0.004476291785714286,0.002946257257041095
221,0.002997000999999999,0.002368785123550176,0.002368785123550176,0.0014985004999999996,0.0014985004999999996,0.001729039038461538,0.003176821059999999
222,0.002997000999999999,0.002873071558245083,0.002873071558245083,0.005665167166666666,0.0028683635136986293,0.001729039038461538,0.0028753145484383554
223,0.002997000999999999,0.002368785123550176,0.002368785123550176,0.0014985004999999996,0.0014985004999999996,0.001729039038461538,0.003176821059999999
224,0.002997000999999999,0.004385930862329803,0.004385930862329803,0.005665167166666666,0.00423822652739726,0.001729039038461538,0.0028723586022465744
225,0.002997000999999999,0.002873071558245083,0.002873071558245083,0.0014985004999999996,0.0014985004999999996,0.004476291785714286,0.003176821059999999
226,0.002997000999999999,0.0038816444276348963,0.0038816444276348963,0.005665167166666666,0.00423822652739726,0.007223544532967033,0.002823092832383561
227,0.002997000999999999,0.0033773579929399894,0.0033773579929399894,0.0014985004999999996,0.0028683635136986293,0.007223544532967033,0.003115731505369862
228,0.002997000999999999,0.0033773579929399894,0.0033773579929399894,0.0014985004999999996,0.0028683635136986293,0.004476291785714286,0.0029433013108493143
229,0.002997000999999999,0.0013602122541603626,0.0013602122541603626,0.0014985004999999996,0.0014985004999999996,0.001729039038461538,0.003176821059999999
230,0.002997000999999999,0.0038816444276348963,0.0038816444276348963,0.0014985004999999996,0.00423822652739726,0.004476291785714286,0.0029442866262465745
231,0.002997000999999999,0.002873071558245083,0.002873071558245083,0.005665167166666666,0.00560808954109589,0.004476291785714286,0.0029009327487671227
232,0.002997000999999999,0.002368785123550176,0.002368785123550176,0.0014985004999999996,0.0028683635136986293,0.001729039038461538,0.0030861720434520535
233,0.002997000999999999,0.0033773579929399894,0.0033773579929399894,0.0014985004999999996,0.0014985004999999996,0.001729039038461538,0.003176821059999999
234,0.002997000999999999,0.002368785123550176,0.002368785123550176,0.0014985004999999996,0.0028683635136986293,0.001729039038461538,0.003016214650246574
235,0.002997000999999999,0.002368785123550176,0.002368785123550176,0.0014985004999999996,0.0014985004999999996,0.004476291785714286,0.003176821059999999
236,0.002997000999999999,0.0033773579929399894,0.0033773579929399894,0.0014985004999999996,0.0014985004999999996,0.001729039038461538,0.003176821059999999
237,0.002997000999999999,0.004385930862329803,0.004385930862329803,0.005665167166666666,0.00560808954109589,0.001729039038461538,0.0028546229250958895
238,0.002997000999999999,0.002873071558245083,0.002873071558245083,0.005665167166666666,0.0028683635136986293,0.007223544532967033,0.002885167702410958
239,0.002997000999999999,0.004890217297024709,0.004890217297024709,0.005665167166666666,0.00560808954109589,0.001729039038461538,0.002817180939999999
240,0.002997000999999999,0.0038816444276348963,0.0038816444276348963,0.009831833833333333,0.00560808954109589,0.001729039038461538,0.002834916617150684
241,0.002997000999999999,0.002368785123550176,0.002368785123550176,0.0014985004999999996,0.0028683635136986293,0.004476291785714286,0.0031137608745753415
242,0.002997000999999999,0.002873071558245083,0.002873071558245083,0.0014985004999999996,0.0028683635136986293,0.004476291785714286,0.0030733629432876703
243,0.002997000999999999,0.0033773579929399894,0.0033773579929399894,0.005665167166666666,0.00560808954109589,0.001729039038461538,0.0028940355409863006
244,0.002997000999999999,0.002368785123550176,0.002368785123550176,0.005665167166666666,0.0028683635136986293,0.001729039038461538,0.0028802411254246567
245,0.002997000999999999,0.002873071558245083,0.002873071558245083,0.0014985004999999996,0.0014985004999999996,0.001729039038461538,0.003176821059999999
246,0.002997000999999999,0.0033773579929399894,0.0033773579929399894,0.005665167166666666,0.00423822652739726,0.004476291785714286,0.002920639056712328
247,0.002997000999999999,0.0033773579929399894,0.0033773579929399894,0.0014985004999999996,0.0028683635136986293,0.004476291785714286,0.00300044960389041
248,0.002997000999999999,0.002368785123550176,0.002368785123550176,0.0014985004999999996,0.0028683635136986293,0.001729039038461538,0.0029984789730958896
249,0.002997000999999999,0.002368785123550176,0.002368785123550176,0.0014985004999999996,0.0014985004999999996,0.001729039038461538,0.003176821059999999
250,0.002997000999999999,0.002873071558245083,0.002873071558245083,0.005665167166666666,0.00423822652739726,0.001729039038461538,0.0028211222015890403
251,0.002997000999999999,0.002873071558245083,0.002873071558245083,0.0014985004999999996,0.00423822652739726,0.001729039038461538,0.0030901133050410946
252,0.002997000999999999,0.002873071558245083,0.002873071558245083,0.005665167166666666,0.00423822652739726,0.004476291785714286,0.002919653741315068
253,0.002997000999999999,0.004890217297024709,0.004890217297024709,0.005665167166666666,0.00697795255479452,0.001729039038461538,0.0029157124797260267
254,0.002997000999999999,0.002873071558245083,0.002873071558245083,0.0014985004999999996,0.0028683635136986293,0.001729039038461538,0.00307237762789041
255,0.002997000999999999,0.002873071558245083,0.002873071558245083,0.0014985004999999996,0.0028683635136986293,0.001729039038461538,0.003024097173424657
256,0.002997000999999999,0.002368785123550176,0.002368785123550176,0.0014985004999999996,0.0014985004999999996,0.001729039038461538,0.003176821059999999
257,0.002997000999999999,0.0033773579929399894,0.0033773579929399894,0.0014985004999999996,0.0028683635136986293,0.001729039038461538,0.0031610560136438345
258,0.002997000999999999,0.004385930862329803,0.004385930862329803,0.0014985004999999996,0.00423822652739726,0.012718050027472526,0.0030231118580273967
259,0.002997000999999999,0.0033773579929399894,0.0033773579929399894,0.0014985004999999996,0.0028683635136986293,0.001729039038461538,0.0030083321270684923
260,0.002997000999999999,0.002368785123550176,0.002368785123550176,0.0014985004999999996,0.0014985004999999996,0.001729039038461538,0.003176821059999999
261,0.002997000999999999,0.0018644986888552695,0.0018644986888552695,0.005665167166666666,0.0028683635136986293,0.001729039038461538,0.0028467404019178076
262,0.002997000999999999,0.002368785123550176,0.002368785123550176,0.0014985004999999996,0.0014985004999999996,0.001729039038461538,0.003176821059999999
263,0.002997000999999999,0.0018644986888552695,0.0018644986888552695,0.0014985004999999996,0.0014985004999999996,0.004476291785714286,0.003176821059999999
264,0.002997000999999999,0.0038816444276348963,0.0038816444276348963,0.005665167166666666,0.00560808954109589,0.004476291785714286,0.002911771218136985
265,0.002997000999999999,0.002368785123550176,0.002368785123550176,0.0014985004999999996,0.0028683635136986293,0.004476291785714286,0.003103907720602739
266,0.002997000999999999,0.0038816444276348963,0.0038816444276348963,0.0014985004999999996,0.0014985004999999996,0.004476291785714286,0.003176821059999999
267,0.002997000999999999,0.0013602122541603626,0.0013602122541603626,0.0014985004999999996,0.0014985004999999996,0.001729039038461538,0.003176821059999999
268,0.002997000999999999,0.0033773579929399894,0.0033773579929399894,0.005665167166666666,0.00423822652739726,0.001729039038461538,0.002866446709863013
269,0.002997000999999999,0.0013602122541603626,0.0013602122541603626,0.0014985004999999996,0.0014985004999999996,0.001729039038461538,0.003176821059999999
270,0.002997000999999999,0.0038816444276348963,0.0038816444276348963,0.005665167166666666,0.00423822652739726,0.001729039038461538,0.002877285179232876
271,0.002997000999999999,0.0038816444276348963,0.0038816444276348963,0.005665167166666666,0.00423822652739726,0.004476291785714286,0.0028910795947945196
272,0.002997000999999999,0.002873071558245083,0.002873071558245083,0.005665167166666666,0.00423822652739726,0.004476291785714286,0.0029255656336986294
273,0.002997000999999999,0.0018644986888552695,0.0018644986888552695,0.0014985004999999996,0.0014985004999999996,0.001729039038461538,0.003176821059999999
274,0.002997000999999999,0.005394503731719616,0.005394503731719616,0.005665167166666666,0.00423822652739726,0.001729039038461538,0.0028585641866849306
275,0.002997000999999999,0.0018644986888552695,0.0018644986888552695,0.0014985004999999996,0.0014985004999999996,0.001729039038461538,0.003176821059999999
276,0.002997000999999999,0.002873071558245083,0.002873071558245083,0.0014985004999999996,0.0028683635136986293,0.001729039038461538,0.0030654804201095884
277,0.002997000999999999,0.0033773579929399894,0.0033773579929399894,0.005665167166666666,0.00560808954109589,0.004476291785714286,0.0028792558100273966
278,0.002997000999999999,0.002873071558245083,0.002873071558245083,0.005665167166666666,0.0028683635136986293,0.001729039038461538,0.00285560824049315
279,0.002997000999999999,0.0033773579929399894,0.0033773579929399894,0.005665167166666666,0.00423822652739726,0.001729039038461538,0.00292950689528767
280,0.002997000999999999,0.0033773579929399894,0.0033773579929399894,0.0014985004999999996,0.0014985004999999996,0.001729039038461538,0.003176821059999999
281,0.002997000999999999,0.0013602122541603626,0.0013602122541603626,0.0014985004999999996,0.0014985004999999996,0.001729039038461538,0.003176821059999999
282,0.002997000999999999,0.002873071558245083,0.002873071558245083,0.0014985004999999996,0.0028683635136986293,0.001729039038461538,0.0031472615980821907
283,0.002997000999999999,0.002368785123550176,0.002368785123550176,0.0014985004999999996,0.0028683635136986293,0.001729039038461538,0.00303592095819178
284,0.002997000999999999,0.002368785123550176,0.002368785123550176,0.0014985004999999996,0.0028683635136986293,0.007223544532967033,0.0031502175442739717
285,0.002997000999999999,0.0018644986888552695,0.0018644986888552695,0.0014985004999999996,0.0014985004999999996,0.001729039038461538,0.003176821059999999
286,0.002997000999999999,0.002368785123550176,0.002368785123550176,0.005665167166666666,0.00423822652739726,0.004476291785714286,0.0028506816635068483
287,0.002997000999999999,0.0033773579929399894,0.0033773579929399894,0.0014985004999999996,0.0028683635136986293,0.004476291785714286,0.0031482469134794513
288,0.002997000999999999,0.004385930862329803,0.004385930862329803,0.0014985004999999996,0.00423822652739726,0.004476291785714286,0.003056612581534246
289,0.002997000999999999,0.0018644986888552695,0.0018644986888552695,0.0014985004999999996,0.0014985004999999996,0.001729039038461538,0.003176821059999999
290,0.002997000999999999,0.0038816444276348963,0.0038816444276348963,0.0014985004999999996,0.0028683635136986293,0.001729039038461538,0.0029413306800547935
291,0.002997000999999999,0.002873071558245083,0.002873071558245083,0.005665167166666666,0.00423822652739726,0.004476291785714286,0.0029275362644931497
292,0.002997000999999999,0.002873071558245083,0.002873071558245083,0.0014985004999999996,0.0014985004999999996,0.001729039038461538,0.003176821059999999
293,0.002997000999999999,0.0018644986888552695,0.0018644986888552695,0.0014985004999999996,0.0028683635136986293,0.001729039038461538,0.0029807432959452046
294,0.002997000999999999,0.002873071558245083,0.002873071558245083,0.005665167166666666,0.00423822652739726,0.001729039038461538,0.0029186684259178072
295,0.002997000999999999,0.0033773579929399894,0.0033773579929399894,0.005665167166666666,0.00560808954109589,0.00997079728021978,0.002884182387013698
296,0.002997000999999999,0.0033773579929399894,0.0033773579929399894,0.0014985004999999996,0.0028683635136986293,0.004476291785714286,0.003163026644438355
297,0.002997000999999999,0.0033773579929399894,0.0033773579929399894,0.0014985004999999996,0.0028683635136986293,0.001729039038461538,0.0031029224052054787
298,0.002997000999999999,0.0018644986888552695,0.0018644986888552695,0.0014985004999999996,0.0014985004999999996,0.001729039038461538,0.003176821059999999
299,0.002997000999999999,0.0018644986888552695,0.0018644986888552695,0.005665167166666666,0.0028683635136986293,0.001729039038461538,0.0028221075169863005
300,0.002997000999999999,0.0018644986888552695,0.0018644986888552695,0.0014985004999999996,0.0014985004999999996,0.001729039038461538,0.003176821059999999
301,0.002997000999999999,0.0033773579929399894,0.0033773579929399894,0.0014985004999999996,0.00423822652739726,0.004476291785714286,0.0030418328505753415
302,0.002997000999999999,0.0033773579929399894,0.0033773579929399894,0.0014985004999999996,0.00423822652739726,0.001729039038461538,0.0029768020343561635
303,0.002997000999999999,0.002368785123550176,0.002368785123550176,0.0014985004999999996,0.0028683635136986293,0.001729039038461538,0.003123614028547944
304,0.002997000999999999,0.0018644986888552695,0.0018644986888552695,0.0014985004999999996,0.0014985004999999996,0.001729039038461538,0.003176821059999999
305,0.002997000999999999,0.002368785123550176,0.002368785123550176,0.0014985004999999996,0.0014985004999999996,0.001729039038461538,0.003176821059999999
306,0.002997000999999999,0.004385930862329803,0.004385930862329803,0.0014985004999999996,0.0014985004999999996,0.007223544532967033,0.003176821059999999
307,0.002997000999999999,0.002368785123550176,0.002368785123550176,0.0014985004999999996,0.0028683635136986293,0.001729039038461538,0.00296399293419178
308,0.002997000999999999,0.0033773579929399894,0.0033773579929399894,0.0014985004999999996,0.0014985004999999996,0.001729039038461538,0.003176821059999999
309,0.002997000999999999,0.0018644986888552695,0.0018644986888552695,0.0014985004999999996,0.0014985004999999996,0.001729039038461538,0.003176821059999999
310,0.002997000999999999,0.002873071558245083,0.002873071558245083,0.0014985004999999996,0.0028683635136986293,0.001729039038461538,0.00303592095819178
311,0.002997000999999999,0.0033773579929399894,0.0033773579929399894,0.005665167166666666,0.00560808954109589,0.001729039038461538,0.0029314775260821913
312,0.002997000999999999,0.0033773579929399894,0.0033773579929399894,0.0014985004999999996,0.0028683635136986293,0.004476291785714286,0.0029403453646575334
313,0.002997000999999999,0.002873071558245083,0.002873071558245083,0.0014985004999999996,0.0014985004999999996,0.004476291785714286,0.003176821059999999
314,0.002997000999999999,0.002368785123550176,0.002368785123550176,0.0014985004999999996,0.0028683635136986293,0.001729039038461538,0.0031245993439452044
315,0.002997000999999999,0.0013602122541603626,0.0013602122541603626,0.0014985004999999996,0.0014985004999999996,0.001729039038461538,0.003176821059999999
316,0.002997000999999999,0.004890217297024709,0.004890217297024709,0.0014985004999999996,0.0014985004999999996,0.001729039038461538,0.003176821059999999
317,0.002997000999999999,0.0033773579929399894,0.0033773579929399894,0.0014985004999999996,0.0028683635136986293,0.004476291785714286,0.003119672766958903
318,0.002997000999999999,0.004385930862329803,0.004385930862329803,0.0014985004999999996,0.0028683635136986293,0.004476291785714286,0.0031571147520547934
319,0.002997000999999999,0.0018644986888552695,0.0018644986888552695,0.0014985004999999996,0.0014985004999999996,0.001729039038461538,0.003176821059999999
320,0.002997000999999999,0.0038816444276348963,0.0038816444276348963,0.005665167166666666,0.0028683635136986293,0.001729039038461538,0.0029088152719452046
321,0.002997000999999999,0.0038816444276348963,0.0038816444276348963,0.005665167166666666,0.0028683635136986293,0.001729039038461538,0.0028516669789041085
322,0.002997000999999999,0.002873071558245083,0.002873071558245083,0.005665167166666666,0.0028683635136986293,0.001729039038461538,0.0028615201328767116
323,0.002997000999999999,0.0038816444276348963,0.0038816444276348963,0.0014985004999999996,0.00423822652739726,0.001729039038461538,0.0029590663572054785
324,0.002997000999999999,0.0033773579929399894,0.0033773579929399894,0.005665167166666666,0.00423822652739726,0.001729039038461538,0.0029098005873424647
325,0.002997000999999999,0.0038816444276348963,0.0038816444276348963,0.0014985004999999996,0.00423822652739726,0.004476291785714286,0.0031334671825205473
326,0.002997000999999999,0.002368785123550176,0.002368785123550176,0.0014985004999999996,0.0028683635136986293,0.001729039038461538,0.0031728797984109584
327,0.002997000999999999,0.0018644986888552695,0.0018644986888552695,0.0014985004999999996,0.0014985004999999996,0.001729039038461538,0.003176821059999999
328,0.002997000999999999,0.002368785123550176,0.002368785123550176,0.0014985004999999996,0.0014985004999999996,0.001729039038461538,0.003176821059999999
329,0.002997000999999999,0.0033773579929399894,0.0033773579929399894,0.005665167166666666,0.00423822652739726,0.001729039038461538,0.002863490763671232
330,0.002997000999999999,0.0033773579929399894,0.0033773579929399894,0.005665167166666666,0.00423822652739726,0.004476291785714286,0.002898962117972602
331,0.002997000999999999,0.004385930862329803,0.004385930862329803,0.0014985004999999996,0.00423822652739726,0.004476291785714286,0.0029630076187945197
332,0.002997000999999999,0.0033773579929399894,0.0033773579929399894,0.0014985004999999996,0.00423822652739726,0.001729039038461538,0.003004390865479451
333,0.002997000999999999,0.0018644986888552695,0.0018644986888552695,0.0014985004999999996,0.0014985004999999996,0.001729039038461538,0.003176821059999999
334,0.002997000999999999,0.0033773579929399894,0.0033773579929399894,0.0014985004999999996,0.00423822652739726,0.001729039038461538,0.0029452719416438347
335,0.002997000999999999,0.0033773579929399894,0.0033773579929399894,0.005665167166666666,0.00423822652739726,0.001729039038461538,0.002899947433369862
336,0.002997000999999999,0.002368785123550176,0.002368785123550176,0.0014985004999999996,0.0028683635136986293,0.004476291785714286,0.002973846088164383
337,0.002997000999999999,0.002368785123550176,0.002368785123550176,0.0014985004999999996,0.0028683635136986293,0.001729039038461538,0.0030457741121643826
338,0.002997000999999999,0.002368785123550176,0.002368785123550176,0.0014985004999999996,0.0014985004999999996,0.004476291785714286,0.003176821059999999
339,0.002997000999999999,0.0018644986888552695,0.0018644986888552695,0.0014985004999999996,0.0014985004999999996,0.001729039038461538,0.003176821059999999
340,0.002997000999999999,0.0018644986888552695,0.0018644986888552695,0.0014985004999999996,0.0014985004999999996,0.001729039038461538,0.003176821059999999
341,0.002997000999999999,0.002368785123550176,0.002368785123550176,0.0014985004999999996,0.0028683635136986293,0.007223544532967033,0.0030536566353424645
342,0.002997000999999999,0.002873071558245083,0.002873071558245083,0.0014985004999999996,0.0014985004999999996,0.007223544532967033,0.003176821059999999
343,0.002997000999999999,0.0018644986888552695,0.0018644986888552695,0.0014985004999999996,0.0014985004999999996,0.004476291785714286,0.003176821059999999
344,0.002997000999999999,0.004890217297024709,0.004890217297024709,0.0014985004999999996,0.00423822652739726,0.007223544532967033,0.002966948880383561
345,0.002997000999999999,0.0033773579929399894,0.0033773579929399894,0.005665167166666666,0.00423822652739726,0.001729039038461538,0.002911771218136985
346,0.002997000999999999,0.0038816444276348963,0.0038816444276348963,0.0014985004999999996,0.0028683635136986293,0.007223544532967033,0.003122628713150684
347,0.002997000999999999,0.002873071558245083,0.002873071558245083,0.0014985004999999996,0.0028683635136986293,0.001729039038461538,0.003096025197424657
348,0.002997000999999999,0.002873071558245083,0.002873071558245083,0.0014985004999999996,0.0028683635136986293,0.001729039038461538,0.0031620413290410947
349,0.002997000999999999,0.0033773579929399894,0.0033773579929399894,0.005665167166666666,0.00697795255479452,0.001729039038461538,0.002870387971452054
350,0.002997000999999999,0.0033773579929399894,0.0033773579929399894,0.005665167166666666,0.00423822652739726,0.001729039038461538,0.0029147271643287665
351,0.002997000999999999,0.0018644986888552695,0.0018644986888552695,0.005665167166666666,0.0028683635136986293,0.001729039038461538,0.002884182387013698
352,0.002997000999999999,0.0033773579929399894,0.0033773579929399894,0.0014985004999999996,0.00423822652739726,0.001729039038461538,0.00300143491928767
353,0.002997000999999999,0.0038816444276348963,0.0038816444276348963,0.005665167166666666,0.00423822652739726,0.001729039038461538,0.0028585641866849306
354,0.002997000999999999,0.002873071558245083,0.002873071558245083,0.005665167166666666,0.00423822652739726,0.001729039038461538,0.002827034093972602
355,0.002997000999999999,0.0038816444276348963,0.0038816444276348963,0.0014985004999999996,0.00560808954109589,0.004476291785714286,0.002938374733863013
356,0.002997000999999999,0.0038816444276348963,0.0038816444276348963,0.009831833833333333,0.00697795255479452,0.004476291785714286,0.0028211222015890403
357,0.002997000999999999,0.002873071558245083,0.002873071558245083,0.0014985004999999996,0.0028683635136986293,0.001729039038461538,0.0029984789730958896
358,0.002997000999999999,0.0033773579929399894,0.0033773579929399894,0.005665167166666666,0.00423822652739726,0.001729039038461538,0.0028979768025753417
359,0.002997000999999999,0.005898790166414523,0.005898790166414523,0.009831833833333333,0.00423822652739726,0.001729039038461538,0.0028792558100273966
360,0.002997000999999999,0.0033773579929399894,0.0033773579929399894,0.0014985004999999996,0.0028683635136986293,0.004476291785714286,0.002957095726410958
361,0.002997000999999999,0.002368785123550176,0.002368785123550176,0.005665167166666666,0.0028683635136986293,0.004476291785714286,0.0028575788712876704
362,0.002997000999999999,0.002873071558245083,0.002873071558245083,0.0014985004999999996,0.00423822652739726,0.001729039038461538,0.002982713926739725
363,0.002997000999999999,0.0033773579929399894,0.0033773579929399894,0.0014985004999999996,0.00423822652739726,0.004476291785714286,0.003084201412657533
364,0.002997000999999999,0.002873071558245083,0.002873071558245083,0.0014985004999999996,0.0028683635136986293,0.004476291785714286,0.0029758167189589033
365,0.002997000999999999,0.0033773579929399894,0.0033773579929399894,0.0014985004999999996,0.0028683635136986293,0.001729039038461538,0.002991581765315068
366,0.002997000999999999,0.0038816444276348963,0.0038816444276348963,0.0014985004999999996,0.0028683635136986293,0.001729039038461538,0.0029590663572054785
367,0.002997000999999999,0.002368785123550176,0.002368785123550176,0.0014985004999999996,0.0014985004999999996,0.001729039038461538,0.003176821059999999
368,0.002997000999999999,0.004385930862329803,0.004385930862329803,0.005665167166666666,0.00560808954109589,0.001729039038461538,0.002934433472273972
369,0.002997000999999999,0.0038816444276348963,0.0038816444276348963,0.0014985004999999996,0.00423822652739726,0.001729039038461538,0.0030585832123287667
370,0.002997000999999999,0.002873071558245083,0.002873071558245083,0.0014985004999999996,0.00423822652739726,0.004476291785714286,0.0031295259209315057
371,0.002997000999999999,0.0038816444276348963,0.0038816444276348963,0.0014985004999999996,0.00423822652739726,0.004476291785714286,0.0030191705964383556
372,0.002997000999999999,0.002368785123550176,0.002368785123550176,0.0014985004999999996,0.0028683635136986293,0.004476291785714286,0.0030861720434520535
373,0.002997000999999999,0.002368785123550176,0.002368785123550176,0.005665167166666666,0.0028683635136986293,0.004476291785714286,0.0029098005873424647
374,0.002997000999999999,0.002873071558245083,0.002873071558245083,0.005665167166666666,0.00423822652739726,0.004476291785714286,0.0029058593257534236
375,0.002997000999999999,0.002873071558245083,0.002873071558245083,0.0014985004999999996,0.0028683635136986293,0.001729039038461538,0.0029758167189589033
376,0.002997000999999999,0.0033773579929399894,0.0033773579929399894,0.009831833833333333,0.00423822652739726,0.001729039038461538,0.0028743292330410952
377,0.002997000999999999,0.004890217297024709,0.004890217297024709,0.0014985004999999996,0.0028683635136986293,0.001729039038461538,0.0030773042048767114
378,0.002997000999999999,0.002368785123550176,0.002368785123550176,0.0014985004999999996,0.0014985004999999996,0.004476291785714286,0.003176821059999999
379,0.002997000999999999,0.0018644986888552695,0.0018644986888552695,0.0014985004999999996,0.0014985004999999996,0.001729039038461538,0.003176821059999999
380,0.002997000999999999,0.002873071558245083,0.002873071558245083,0.0014985004999999996,0.0028683635136986293,0.001729039038461538,0.0031255846593424646
381,0.002997000999999999,0.002873071558245083,0.002873071558245083,0.005665167166666666,0.0028683635136986293,0.004476291785714286,0.002916697795123287
382,0.002997000999999999,0.0038816444276348963,0.0038816444276348963,0.0014985004999999996,0.0028683635136986293,0.004476291785714286,0.0029482278878356152
383,0.002997000999999999,0.0033773579929399894,0.0033773579929399894,0.0014985004999999996,0.0028683635136986293,0.00997079728021978,0.002988625819123287
384,0.002997000999999999,0.002873071558245083,0.002873071558245083,0.0014985004999999996,0.00423822652739726,0.001729039038461538,0.002957095726410958
385,0.002997000999999999,0.002873071558245083,0.002873071558245083,0.0014985004999999996,0.0028683635136986293,0.001729039038461538,0.002971875457369862
386,0.002997000999999999,0.002873071558245083,0.002873071558245083,0.0014985004999999996,0.0014985004999999996,0.001729039038461538,0.003176821059999999
387,0.002997000999999999,0.002873071558245083,0.002873071558245083,0.0014985004999999996,0.0028683635136986293,0.001729039038461538,0.002970890141972602
388,0.002997000999999999,0.0038816444276348963,0.0038816444276348963,0.005665167166666666,0.00423822652739726,0.004476291785714286,0.002924580318301369
389,0.002997000999999999,0.002368785123550176,0.002368785123550176,0.0014985004999999996,0.0028683635136986293,0.001729039038461538,0.0031581000674520535
390,0.002997000999999999,0.004890217297024709,0.004890217297024709,0.0014985004999999996,0.0028683635136986293,0.001729039038461538,0.003087157358849314
391,0.002997000999999999,0.0038816444276348963,0.0038816444276348963,0.005665167166666666,0.00423822652739726,0.004476291785714286,0.002934433472273972
392,0.002997000999999999,0.004385930862329803,0.004385930862329803,0.005665167166666666,0.00560808954109589,0.004476291785714286,0.0029334481568767117
393,0.002997000999999999,0.002873071558245083,0.002873071558245083,0.0014985004999999996,0.0028683635136986293,0.004476291785714286,0.002935418787671232
394,0.002997000999999999,0.002368785123550176,0.002368785123550176,0.0014985004999999996,0.0014985004999999996,0.001729039038461538,0.003176821059999999
395,0.002997000999999999,0.0033773579929399894,0.0033773579929399894,0.0014985004999999996,0.0028683635136986293,0.001729039038461538,0.003092083935835616
396,0.002997000999999999,0.005394503731719616,0.005394503731719616,0.0014985004999999996,0.0028683635136986293,0.001729039038461538,0.003004390865479451
397,0.002997000999999999,0.0033773579929399894,0.0033773579929399894,0.0014985004999999996,0.0028683635136986293,0.001729039038461538,0.0029974936576986294
398,0.002997000999999999,0.002368785123550176,0.002368785123550176,0.0014985004999999996,0.0014985004999999996,0.004476291785714286,0.003176821059999999
399,0.002997000999999999,0.002873071558245083,0.002873071558245083,0.0014985004999999996,0.0028683635136986293,0.001729039038461538,0.00310784898219178
400,0.002997000999999999,0.002873071558245083,0.002873071558245083,0.0014985004999999996,0.0014985004999999996,0.001729039038461538,0.003176821059999999
401,0.002997000999999999,0.002873071558245083,0.002873071558245083,0.0014985004999999996,0.0014985004999999996,0.001729039038461538,0.003176821059999999
402,0.002997000999999999,0.0018644986888552695,0.0018644986888552695,0.005665167166666666,0.0028683635136986293,0.001729039038461538,0.0028694026560547935
403,0.002997000999999999,0.004385930862329803,0.004385930862329803,0.0014985004999999996,0.00423822652739726,0.001729039038461538,0.003015229334849314
404,0.002997000999999999,0.0013602122541603626,0.0013602122541603626,0.0014985004999999996,0.0014985004999999996,0.001729039038461538,0.003176821059999999
405,0.002997000999999999,0.004890217297024709,0.004890217297024709,0.0014985004999999996,0.00423822652739726,0.007223544532967033,0.0029433013108493143
406,0.002997000999999999,0.002368785123550176,0.002368785123550176,0.0014985004999999996,0.0028683635136986293,0.001729039038461538,0.003118687451561643
407,0.002997000999999999,0.002873071558245083,0.002873071558245083,0.005665167166666666,0.0028683635136986293,0.001729039038461538,0.0029078299565479444
408,0.002997000999999999,0.002873071558245083,0.002873071558245083,0.0014985004999999996,0.00560808954109589,0.004476291785714286,0.002996508342301369
409,0.002997000999999999,0.002873071558245083,0.002873071558245083,0.005665167166666666,0.00423822652739726,0.001729039038461538,0.0028536376096986293
410,0.002997000999999999,0.002368785123550176,0.002368785123550176,0.005665167166666666,0.00423822652739726,0.004476291785714286,0.00292852157989041
411,0.002997000999999999,0.0018644986888552695,0.0018644986888552695,0.005665167166666666,0.0028683635136986293,0.004476291785714286,0.0028920649101917798
412,0.002997000999999999,0.0038816444276348963,0.0038816444276348963,0.009831833833333333,0.00423822652739726,0.004476291785714286,0.0028516669789041085
413,0.002997000999999999,0.002368785123550176,0.002368785123550176,0.0014985004999999996,0.00423822652739726,0.001729039038461538,0.002969904826575342
414,0.002997000999999999,0.0018644986888552695,0.0018644986888552695,0.0014985004999999996,0.0014985004999999996,0.001729039038461538,0.003176821059999999
415,0.002997000999999999,0.002368785123550176,0.002368785123550176,0.0014985004999999996,0.0028683635136986293,0.001729039038461538,0.0029807432959452046
416,0.002997000999999999,0.002368785123550176,0.002368785123550176,0.0014985004999999996,0.0014985004999999996,0.004476291785714286,0.003176821059999999
417,0.002997000999999999,0.0033773579929399894,0.0033773579929399894,0.005665167166666666,0.00560808954109589,0.001729039038461538,0.002840828509534246
418,0.002997000999999999,0.0038816444276348963,0.0038816444276348963,0.009831833833333333,0.00560808954109589,0.004476291785714286,0.0028437844557260266
419,0.002997000999999999,0.004890217297024709,0.004890217297024709,0.0014985004999999996,0.00423822652739726,0.007223544532967033,0.0031147461899726017
420,0.002997000999999999,0.002368785123550176,0.002368785123550176,0.0014985004999999996,0.0014985004999999996,0.004476291785714286,0.003176821059999999
421,0.002997000999999999,0.002873071558245083,0.002873071558245083,0.005665167166666666,0.0028683635136986293,0.001729039038461538,0.0028723586022465744
422,0.002997000999999999,0.0038816444276348963,0.0038816444276348963,0.0014985004999999996,0.0014985004999999996,0.007223544532967033,0.003176821059999999
423,0.002997000999999999,0.002873071558245083,0.002873071558245083,0.0014985004999999996,0.00423822652739726,0.001729039038461538,0.003013258704054793
424,0.002997000999999999,0.004385930862329803,0.004385930862329803,0.0014985004999999996,0.00423822652739726,0.004476291785714286,0.002981728611342465
425,0.002997000999999999,0.0033773579929399894,0.0033773579929399894,0.009831833833333333,0.00560808954109589,0.001729039038461538,0.0028684173406575333
426,0.002997000999999999,0.0033773579929399894,0.0033773579929399894,0.0014985004999999996,0.0014985004999999996,0.001729039038461538,0.003176821059999999
427,0.002997000999999999,0.002368785123550176,0.002368785123550176,0.005665167166666666,0.0028683635136986293,0.001729039038461538,0.002828019409369862
428,0.002997000999999999,0.002873071558245083,0.002873071558245083,0.0014985004999999996,0.0028683635136986293,0.001729039038461538,0.003080260151068492
429,0.002997000999999999,0.005394503731719616,0.005394503731719616,0.0014985004999999996,0.0014985004999999996,0.001729039038461538,0.003176821059999999
430,0.002997000999999999,0.004890217297024709,0.004890217297024709,0.005665167166666666,0.00423822652739726,0.001729039038461538,0.0029186684259178072
431,0.002997000999999999,0.002873071558245083,0.002873071558245083,0.0014985004999999996,0.0028683635136986293,0.001729039038461538,0.0030221265426301365
432,0.002997000999999999,0.007411649470499243,0.007411649470499243,0.009831833833333333,0.00697795255479452,0.001729039038461538,0.002840828509534246
433,0.002997000999999999,0.0038816444276348963,0.0038816444276348963,0.005665167166666666,0.00423822652739726,0.004476291785714286,0.0028329459863561633
434,0.002997000999999999,0.0018644986888552695,0.0018644986888552695,0.0014985004999999996,0.0028683635136986293,0.001729039038461538,0.003014244019452054
435,0.002997000999999999,0.0033773579929399894,0.0033773579929399894,0.0014985004999999996,0.00423822652739726,0.007223544532967033,0.002938374733863013
436,0.002997000999999999,0.002368785123550176,0.002368785123550176,0.005665167166666666,0.0028683635136986293,0.004476291785714286,0.0028595495020821912
437,0.002997000999999999,0.0038816444276348963,0.0038816444276348963,0.0014985004999999996,0.0028683635136986293,0.001729039038461538,0.002996508342301369
438,0.002997000999999999,0.0033773579929399894,0.0033773579929399894,0.0014985004999999996,0.0014985004999999996,0.007223544532967033,0.003176821059999999
439,0.002997000999999999,0.002368785123550176,0.002368785123550176,0.0014985004999999996,0.0028683635136986293,0.004476291785714286,0.0029955230269041087
440,0.002997000999999999,0.0033773579929399894,0.0033773579929399894,0.009831833833333333,0.00423822652739726,0.004476291785714286,0.002828019409369862
441,0.002997000999999999,0.002873071558245083,0.002873071558245083,0.0014985004999999996,0.0014985004999999996,0.001729039038461538,0.003176821059999999
442,0.002997000999999999,0.004385930862329803,0.004385930862329803,0.0014985004999999996,0.00423822652739726,0.004476291785714286,0.0029659635649863
443,0.002997000999999999,0.002368785123550176,0.002368785123550176,0.005665167166666666,0.0028683635136986293,0.001729039038461538,0.0028694026560547935
444,0.002997000999999999,0.002368785123550176,0.002368785123550176,0.005665167166666666,0.0028683635136986293,0.001729039038461538,0.002921624372109588
445,0.002997000999999999,0.0018644986888552695,0.0018644986888552695,0.0014985004999999996,0.0014985004999999996,0.001729039038461538,0.003176821059999999
446,0.002997000999999999,0.0038816444276348963,0.0038816444276348963,0.005665167166666666,0.00423822652739726,0.007223544532967033,0.0029048740103561634
447,0.002997000999999999,0.002873071558245083,0.002873071558245083,0.005665167166666666,0.00423822652739726,0.001729039038461538,0.0029275362644931497
448,0.002997000999999999,0.0038816444276348963,0.0038816444276348963,0.005665167166666666,0.00560808954109589,0.004476291785714286,0.0028960061717808214
449,0.002997000999999999,0.002368785123550176,0.002368785123550176,0.0014985004999999996,0.0028683635136986293,0.001729039038461538,0.0031354378133150677
450,0.002997000999999999,0.0038816444276348963,0.0038816444276348963,0.0014985004999999996,0.0014985004999999996,0.004476291785714286,0.003176821059999999
451,0.002997000999999999,0.0018644986888552695,0.0018644986888552695,0.0014985004999999996,0.0014985004999999996,0.001729039038461538,0.003176821059999999
452,0.002997000999999999,0.002368785123550176,0.002368785123550176,0.0014985004999999996,0.0014985004999999996,0.004476291785714286,0.003176821059999999
453,0.002997000999999999,0.002368785123550176,0.002368785123550176,0.0014985004999999996,0.0028683635136986293,0.001729039038461538,0.0029600516726027387
454,0.002997000999999999,0.0033773579929399894,0.0033773579929399894,0.0014985004999999996,0.00423822652739726,0.004476291785714286,0.0029777873497534237
455,0.002997000999999999,0.002873071558245083,0.002873071558245083,0.0014985004999999996,0.0028683635136986293,0.001729039038461538,0.003154158805863013
456,0.002997000999999999,0.0018644986888552695,0.0018644986888552695,0.0014985004999999996,0.0014985004999999996,0.001729039038461538,0.003176821059999999
457,0.002997000999999999,0.0033773579929399894,0.0033773579929399894,0.0014985004999999996,0.0028683635136986293,0.001729039038461538,0.0030093174424657525
458,0.002997000999999999,0.0018644986888552695,0.0018644986888552695,0.005665167166666666,0.0028683635136986293,0.001729039038461538,0.0028861530178082183
459,0.002997000999999999,0.0033773579929399894,0.0033773579929399894,0.0014985004999999996,0.0028683635136986293,0.001729039038461538,0.0030664657355068486
460,0.002997000999999999,0.004385930862329803,0.004385930862329803,0.0014985004999999996,0.0014985004999999996,0.001729039038461538,0.003176821059999999
461,0.002997000999999999,0.0038816444276348963,0.0038816444276348963,0.005665167166666666,0.00560808954109589,0.001729039038461538,0.0028891089639999992
462,0.002997000999999999,0.002368785123550176,0.002368785123550176,0.0014985004999999996,0.0014985004999999996,0.001729039038461538,0.003176821059999999
463,0.002997000999999999,0.002368785123550176,0.002368785123550176,0.0014985004999999996,0.0014985004999999996,0.001729039038461538,0.003176821059999999
464,0.002997000999999999,0.002873071558245083,0.002873071558245083,0.0014985004999999996,0.0028683635136986293,0.001729039038461538,0.003016214650246574
465,0.002997000999999999,0.004890217297024709,0.004890217297024709,0.005665167166666666,0.00423822652739726,0.001729039038461538,0.002882211756219177
466,0.002997000999999999,0.0038816444276348963,0.0038816444276348963,0.005665167166666666,0.00560808954109589,0.004476291785714286,0.0028565935558904102
467,0.002997000999999999,0.0038816444276348963,0.0038816444276348963,0.0014985004999999996,0.0014985004999999996,0.001729039038461538,0.003176821059999999
468,0.002997000999999999,0.004385930862329803,0.004385930862329803,0.009831833833333333,0.00697795255479452,0.001729039038461538,0.0028290047247671226
469,0.002997000999999999,0.002873071558245083,0.002873071558245083,0.005665167166666666,0.0028683635136986293,0.001729039038461538,0.002867432025260273
470,0.002997000999999999,0.002873071558245083,0.002873071558245083,0.005665167166666666,0.0028683635136986293,0.004476291785714286,0.002834916617150684
471,0.002997000999999999,0.0013602122541603626,0.0013602122541603626,0.0014985004999999996,0.0014985004999999996,0.001729039038461538,0.003176821059999999
472,0.002997000999999999,0.004385930862329803,0.004385930862329803,0.009831833833333333,0.00423822652739726,0.004476291785714286,0.00282013688619178
473,0.002997000999999999,0.004385930862329803,0.004385930862329803,0.005665167166666666,0.00697795255479452,0.001729039038461538,0.002881226440821917
474,0.002997000999999999,0.0013602122541603626,0.0013602122541603626,0.0014985004999999996,0.0014985004999999996,0.001729039038461538,0.003176821059999999
475,0.002997000999999999,0.0033773579929399894,0.0033773579929399894,0.005665167166666666,0.00560808954109589,0.001729039038461538,0.0028684173406575333
476,0.002997000999999999,0.0038816444276348963,0.0038816444276348963,0.0014985004999999996,0.0028683635136986293,0.007223544532967033,0.002969904826575342
477,0.002997000999999999,0.0038816444276348963,0.0038816444276348963,0.005665167166666666,0.00423822652739726,0.001729039038461538,0.002902903379561643
478,0.002997000999999999,0.002368785123550176,0.002368785123550176,0.0014985004999999996,0.0014985004999999996,0.001729039038461538,0.003176821059999999
479,0.002997000999999999,0.0038816444276348963,0.0038816444276348963,0.005665167166666666,0.00423822652739726,0.00997079728021978,0.002917683110520547
480,0.002997000999999999,0.002873071558245083,0.002873071558245083,0.0014985004999999996,0.00423822652739726,0.007223544532967033,0.003032965011999999
481,0.002997000999999999,0.004890217297024709,0.004890217297024709,0.005665167166666666,0.00560808954109589,0.004476291785714286,0.0028221075169863005
482,0.002997000999999999,0.002368785123550176,0.002368785123550176,0.0014985004999999996,0.0014985004999999996,0.001729039038461538,0.003176821059999999
483,0.002997000999999999,0.0013602122541603626,0.0013602122541603626,0.0014985004999999996,0.0014985004999999996,0.001729039038461538,0.003176821059999999
484,0.002997000999999999,0.002873071558245083,0.002873071558245083,0.0014985004999999996,0.0028683635136986293,0.004476291785714286,0.0030309943812054786
485,0.002997000999999999,0.004385930862329803,0.004385930862329803,0.0014985004999999996,0.0014985004999999996,0.004476291785714286,0.003176821059999999
486,0.002997000999999999,0.002873071558245083,0.002873071558245083,0.0014985004999999996,0.0028683635136986293,0.001729039038461538,0.003043803481369862
487,0.002997000999999999,0.0033773579929399894,0.0033773579929399894,0.0014985004999999996,0.0028683635136986293,0.001729039038461538,0.0030181852810410954
488,0.002997000999999999,0.002368785123550176,0.002368785123550176,0.0014985004999999996,0.0014985004999999996,0.004476291785714286,0.003176821059999999
489,0.002997000999999999,0.005898790166414523,0.005898790166414523,0.0014985004999999996,0.00560808954109589,0.004476291785714286,0.002986655188328766
490,0.002997000999999999,0.0033773579929399894,0.0033773579929399894,0.005665167166666666,0.00560808954109589,0.001729039038461538,0.0029048740103561634
491,0.002997000999999999,0.0038816444276348963,0.0038816444276348963,0.0014985004999999996,0.00697795255479452,0.001729039038461538,0.002992567080712328
492,0.002997000999999999,0.0038816444276348963,0.0038816444276348963,0.005665167166666666,0.00423822652739726,0.007223544532967033,0.002920639056712328
493,0.002997000999999999,0.0038816444276348963,0.0038816444276348963,0.0014985004999999996,0.00423822652739726,0.001729039038461538,0.003119672766958903
494,0.002997000999999999,0.002368785123550176,0.002368785123550176,0.0014985004999999996,0.0028683635136986293,0.004476291785714286,0.0029580810418082183
495,0.002997000999999999,0.0038816444276348963,0.0038816444276348963,0.0014985004999999996,0.00560808954109589,0.001729039038461538,0.002992567080712328
496,0.002997000999999999,0.0038816444276348963,0.0038816444276348963,0.005665167166666666,0.00560808954109589,0.001729039038461538,0.0028516669789041085
497,0.002997000999999999,0.002873071558245083,0.002873071558245083,0.0014985004999999996,0.0028683635136986293,0.004476291785714286,0.003038876904383561
498,0.002997000999999999,0.0018644986888552695,0.0018644986888552695,0.0014985004999999996,0.0014985004999999996,0.001729039038461538,0.003176821059999999
499,0.002997000999999999,0.002368785123550176,0.002368785123550176,0.0014985004999999996,0.0014985004999999996,0.001729039038461538,0.003176821059999999
500,0.002997000999999999,0.0018644986888552695,0.0018644986888552695,0.0014985004999999996,0.0014985004999999996,0.001729039038461538,0.003176821059999999
501,0.002997000999999999,0.0013602122541603626,0.0013602122541603626,0.0014985004999999996,0.0014985004999999996,0.001729039038461538,0.003176821059999999
502,0.002997000999999999,0.002368785123550176,0.002368785123550176,0.005665167166666666,0.0028683635136986293,0.001729039038461538,0.002852652294301369
503,0.002997000999999999,0.002873071558245083,0.002873071558245083,0.0014985004999999996,0.0014985004999999996,0.001729039038461538,0.003176821059999999
504,0.002997000999999999,0.0018644986888552695,0.0018644986888552695,0.0014985004999999996,0.0014985004999999996,0.001729039038461538,0.003176821059999999
505,0.002997000999999999,0.002368785123550176,0.002368785123550176,0.005665167166666666,0.00423822652739726,0.001729039038461538,0.0028546229250958895
506,0.002997000999999999,0.002368785123550176,0.002368785123550176,0.0014985004999999996,0.00423822652739726,0.001729039038461538,0.002936404103068492
507,0.002997000999999999,0.0033773579929399894,0.0033773579929399894,0.0014985004999999996,0.0028683635136986293,0.00997079728021978,0.0030881426742465743
508,0.002997000999999999,0.0038816444276348963,0.0038816444276348963,0.005665167166666666,0.00560808954109589,0.004476291785714286,0.0028565935558904102
509,0.002997000999999999,0.002873071558245083,0.002873071558245083,0.0014985004999999996,0.00560808954109589,0.001729039038461538,0.0029758167189589033
510,0.002997000999999999,0.002873071558245083,0.002873071558245083,0.0014985004999999996,0.0014985004999999996,0.001729039038461538,0.003176821059999999
511,0.002997000999999999,0.0033773579929399894,0.0033773579929399894,0.0014985004999999996,0.0028683635136986293,0.001729039038461538,0.003080260151068492
512,0.002997000999999999,0.002873071558245083,0.002873071558245083,0.0014985004999999996,0.00423822652739726,0.001729039038461538,0.003050700689150684
513,0.002997000999999999,0.002368785123550176,0.002368785123550176,0.0014985004999999996,0.0014985004999999996,0.001729039038461538,0.003176821059999999
514,0.002997000999999999,0.002368785123550176,0.002368785123550176,0.0014985004999999996,0.0028683635136986293,0.001729039038461538,0.0030635097893150676
515,0.002997000999999999,0.0033773579929399894,0.0033773579929399894,0.005665167166666666,0.0028683635136986293,0.004476291785714286,0.002848711032712328
516,0.002997000999999999,0.0013602122541603626,0.0013602122541603626,0.0014985004999999996,0.0014985004999999996,0.001729039038461538,0.003176821059999999
517,0.002997000999999999,0.002873071558245083,0.002873071558245083,0.005665167166666666,0.00423822652739726,0.001729039038461538,0.0028250634631780814
518,0.002997000999999999,0.002873071558245083,0.002873071558245083,0.0014985004999999996,0.0014985004999999996,0.004476291785714286,0.003176821059999999
519,0.002997000999999999,0.002873071558245083,0.002873071558245083,0.0014985004999999996,0.0028683635136986293,0.001729039038461538,0.0030428181659726016
520,0.002997000999999999,0.0018644986888552695,0.0018644986888552695,0.0014985004999999996,0.0014985004999999996,0.004476291785714286,0.003176821059999999
521,0.002997000999999999,0.0033773579929399894,0.0033773579929399894,0.005665167166666666,0.00560808954109589,0.001729039038461538,0.002828019409369862
522,0.002997000999999999,0.002873071558245083,0.002873071558245083,0.005665167166666666,0.0028683635136986293,0.004476291785714286,0.0029038886949589032
523,0.002997000999999999,0.004385930862329803,0.004385930862329803,0.0014985004999999996,0.0028683635136986293,0.007223544532967033,0.0031571147520547934
524,0.002997000999999999,0.0018644986888552695,0.0018644986888552695,0.0014985004999999996,0.0014985004999999996,0.004476291785714286,0.003176821059999999
525,0.002997000999999999,0.002873071558245083,0.002873071558245083,0.005665167166666666,0.00423822652739726,0.001729039038461538,0.0028359019325479447
526,0.002997000999999999,0.0038816444276348963,0.0038816444276348963,0.005665167166666666,0.00423822652739726,0.007223544532967033,0.0028625054482739718
527,0.002997000999999999,0.002368785123550176,0.002368785123550176,0.0014985004999999996,0.0014985004999999996,0.001729039038461538,0.003176821059999999
528,0.002997000999999999,0.002873071558245083,0.002873071558245083,0.005665167166666666,0.00423822652739726,0.001729039038461538,0.0029147271643287665
529,0.002997000999999999,0.0018644986888552695,0.0018644986888552695,0.0014985004999999996,0.0014985004999999996,0.001729039038461538,0.003176821059999999
530,0.002997000999999999,0.002368785123550176,0.002368785123550176,0.0014985004999999996,0.0028683635136986293,0.004476291785714286,0.002981728611342465
531,0.002997000999999999,0.002368785123550176,0.002368785123550176,0.0014985004999999996,0.0014985004999999996,0.001729039038461538,0.003176821059999999
532,0.002997000999999999,0.0038816444276348963,0.0038816444276348963,0.005665167166666666,0.0028683635136986293,0.004476291785714286,0.0028871383332054784
533,0.002997000999999999,0.002368785123550176,0.002368785123550176,0.005665167166666666,0.0028683635136986293,0.004476291785714286,0.002864476079068492
534,0.002997000999999999,0.0033773579929399894,0.0033773579929399894,0.0014985004999999996,0.0028683635136986293,0.001729039038461538,0.0031748504292054788
535,0.002997000999999999,0.0013602122541603626,0.0013602122541603626,0.0014985004999999996,0.0014985004999999996,0.001729039038461538,0.003176821059999999
536,0.002997000999999999,0.0038816444276348963,0.0038816444276348963,0.0014985004999999996,0.00423822652739726,0.004476291785714286,0.002956110411013698
537,0.002997000999999999,0.002368785123550176,0.002368785123550176,0.0014985004999999996,0.0014985004999999996,0.001729039038461538,0.003176821059999999
538,0.002997000999999999,0.002873071558245083,0.002873071558245083,0.0014985004999999996,0.0028683635136986293,0.001729039038461538,0.0031374084441095885
539,0.002997000999999999,0.0033773579929399894,0.0033773579929399894,0.0014985004999999996,0.0014985004999999996,0.001729039038461538,0.003176821059999999
540,0.002997000999999999,0.0018644986888552695,0.0018644986888552695,0.005665167166666666,0.0028683635136986293,0.004476291785714286,0.002836887247945205
541,0.002997000999999999,0.0033773579929399894,0.0033773579929399894,0.0014985004999999996,0.0028683635136986293,0.007223544532967033,0.003012273388657533
542,0.002997000999999999,0.0033773579929399894,0.0033773579929399894,0.009831833833333333,0.00423822652739726,0.001729039038461538,0.002840828509534246
543,0.002997000999999999,0.005898790166414523,0.005898790166414523,0.0014985004999999996,0.00423822652739726,0.00997079728021978,0.003064495104712328
544,0.002997000999999999,0.0018644986888552695,0.0018644986888552695,0.005665167166666666,0.0028683635136986293,0.001729039038461538,0.002831960670958903
545,0.002997000999999999,0.002873071558245083,0.002873071558245083,0.0014985004999999996,0.0028683635136986293,0.004476291785714286,0.003012273388657533
546,0.002997000999999999,0.002873071558245083,0.002873071558245083,0.0014985004999999996,0.0014985004999999996,0.001729039038461538,0.003176821059999999
547,0.002997000999999999,0.0033773579929399894,0.0033773579929399894,0.0014985004999999996,0.0028683635136986293,0.001729039038461538,0.0031098196129863004
548,0.002997000999999999,0.0018644986888552695,0.0018644986888552695,0.0014985004999999996,0.0014985004999999996,0.001729039038461538,0.003176821059999999
549,0.002997000999999999,0.0038816444276348963,0.0038816444276348963,0.0014985004999999996,0.0014985004999999996,0.004476291785714286,0.003176821059999999
550,0.002997000999999999,0.002873071558245083,0.002873071558245083,0.005665167166666666,0.00423822652739726,0.004476291785714286,0.0029127565335342457
551,0.002997000999999999,0.0033773579929399894,0.0033773579929399894,0.0014985004999999996,0.0028683635136986293,0.001729039038461538,0.002973846088164383
552,0.002997000999999999,0.002873071558245083,0.002873071558245083,0.0014985004999999996,0.0028683635136986293,0.004476291785714286,0.0030201559118356158
553,0.002997000999999999,0.0038816444276348963,0.0038816444276348963,0.005665167166666666,0.0028683635136986293,0.00997079728021978,0.0028782704946301364
554,0.002997000999999999,0.0033773579929399894,0.0033773579929399894,0.0014985004999999996,0.0028683635136986293,0.001729039038461538,0.00300044960389041
555,0.002997000999999999,0.002368785123550176,0.002368785123550176,0.0014985004999999996,0.0028683635136986293,0.004476291785714286,0.0031295259209315057
556,0.002997000999999999,0.0033773579929399894,0.0033773579929399894,0.005665167166666666,0.00560808954109589,0.007223544532967033,0.002898962117972602
557,0.002997000999999999,0.0018644986888552695,0.0018644986888552695,0.0014985004999999996,0.0014985004999999996,0.001729039038461538,0.003176821059999999
558,0.002997000999999999,0.0038816444276348963,0.0038816444276348963,0.005665167166666666,0.00423822652739726,0.001729039038461538,0.002833931301753424
559,0.002997000999999999,0.0033773579929399894,0.0033773579929399894,0.009831833833333333,0.00423822652739726,0.001729039038461538,0.0028625054482739718
560,0.002997000999999999,0.0038816444276348963,0.0038816444276348963,0.0014985004999999996,0.0028683635136986293,0.001729039038461538,0.003087157358849314
561,0.002997000999999999,0.0033773579929399894,0.0033773579929399894,0.0014985004999999996,0.00423822652739726,0.001729039038461538,0.0030103027578630127
562,0.002997000999999999,0.002873071558245083,0.002873071558245083,0.0014985004999999996,0.00423822652739726,0.001729039038461538,0.003017199965643835
563,0.002997000999999999,0.002873071558245083,0.002873071558245083,0.0014985004999999996,0.0014985004999999996,0.001729039038461538,0.003176821059999999
564,0.002997000999999999,0.0018644986888552695,0.0018644986888552695,0.0014985004999999996,0.0014985004999999996,0.001729039038461538,0.003176821059999999
565,0.002997000999999999,0.0018644986888552695,0.0018644986888552695,0.0014985004999999996,0.0014985004999999996,0.001729039038461538,0.003176821059999999
566,0.002997000999999999,0.002873071558245083,0.002873071558245083,0.0014985004999999996,0.00423822652739726,0.001729039038461538,0.00296497824958904
567,0.002997000999999999,0.004385930862329803,0.004385930862329803,0.0014985004999999996,0.0014985004999999996,0.004476291785714286,0.003176821059999999
568,0.002997000999999999,0.0038816444276348963,0.0038816444276348963,0.0014985004999999996,0.0014985004999999996,0.004476291785714286,0.003176821059999999
569,0.002997000999999999,0.004385930862329803,0.004385930862329803,0.005665167166666666,0.00423822652739726,0.004476291785714286,0.0028969914871780815
570,0.002997000999999999,0.0013602122541603626,0.0013602122541603626,0.0014985004999999996,0.0014985004999999996,0.001729039038461538,0.003176821059999999
571,0.002997000999999999,0.0033773579929399894,0.0033773579929399894,0.005665167166666666,0.00423822652739726,0.004476291785714286,0.0029226096875068484
572,0.002997000999999999,0.002873071558245083,0.002873071558245083,0.0014985004999999996,0.0014985004999999996,0.001729039038461538,0.003176821059999999
573,0.002997000999999999,0.0038816444276348963,0.0038816444276348963,0.0014985004999999996,0.0028683635136986293,0.001729039038461538,0.0030221265426301365
574,0.002997000999999999,0.002873071558245083,0.002873071558245083,0.0014985004999999996,0.0014985004999999996,0.001729039038461538,0.003176821059999999
575,0.002997000999999999,0.002873071558245083,0.002873071558245083,0.005665167166666666,0.0028683635136986293,0.001729039038461538,0.0028546229250958895
576,0.002997000999999999,0.0013602122541603626,0.0013602122541603626,0.0014985004999999996,0.0014985004999999996,0.001729039038461538,0.003176821059999999
577,0.002997000999999999,0.0038816444276348963,0.0038816444276348963,0.0014985004999999996,0.0028683635136986293,0.004476291785714286,0.0030497153737534233
578,0.002997000999999999,0.002368785123550176,0.002368785123550176,0.0014985004999999996,0.0014985004999999996,0.001729039038461538,0.003176821059999999
579,0.002997000999999999,0.002368785123550176,0.002368785123550176,0.0014985004999999996,0.0028683635136986293,0.004476291785714286,0.0031364231287123283
580,0.002997000999999999,0.0018644986888552695,0.0018644986888552695,0.0014985004999999996,0.0014985004999999996,0.001729039038461538,0.003176821059999999
581,0.002997000999999999,0.002368785123550176,0.002368785123550176,0.0014985004999999996,0.0028683635136986293,0.001729039038461538,0.003017199965643835
582,0.002997000999999999,0.002873071558245083,0.002873071558245083,0.005665167166666666,0.0028683635136986293,0.001729039038461538,0.0029314775260821913
583,0.002997000999999999,0.0013602122541603626,0.0013602122541603626,0.0014985004999999996,0.0014985004999999996,0.001729039038461538,0.003176821059999999
584,0.002997000999999999,0.0018644986888552695,0.0018644986888552695,0.0014985004999999996,0.0014985004999999996,0.001729039038461538,0.003176821059999999
585,0.002997000999999999,0.002873071558245083,0.002873071558245083,0.0014985004999999996,0.0014985004999999996,0.001729039038461538,0.003176821059999999
586,0.002997000999999999,0.002873071558245083,0.002873071558245083,0.005665167166666666,0.00423822652739726,0.001729039038461538,0.002899947433369862
587,0.002997000999999999,0.0033773579929399894,0.0033773579929399894,0.005665167166666666,0.00423822652739726,0.001729039038461538,0.0028359019325479447
588,0.002997000999999999,0.0033773579929399894,0.0033773579929399894,0.005665167166666666,0.00560808954109589,0.001729039038461538,0.0028585641866849306
589,0.002997000999999999,0.0038816444276348963,0.0038816444276348963,0.0014985004999999996,0.0028683635136986293,0.001729039038461538,0.0029551250956164374
590,0.002997000999999999,0.002368785123550176,0.002368785123550176,0.0014985004999999996,0.0014985004999999996,0.001729039038461538,0.003176821059999999
591,0.002997000999999999,0.0018644986888552695,0.0018644986888552695,0.0014985004999999996,0.0014985004999999996,0.001729039038461538,0.003176821059999999
592,0.002997000999999999,0.004385930862329803,0.004385930862329803,0.0014985004999999996,0.00423822652739726,0.004476291785714286,0.0031177021361643827
593,0.002997000999999999,0.0033773579929399894,0.0033773579929399894,0.005665167166666666,0.0028683635136986293,0.004476291785714286,0.0028437844557260266
594,0.002997000999999999,0.002873071558245083,0.002873071558245083,0.005665167166666666,0.0028683635136986293,0.001729039038461538,0.00281915157079452
595,0.002997000999999999,0.004890217297024709,0.004890217297024709,0.009831833833333333,0.00697795255479452,0.004476291785714286,0.002849696348109588
596,0.002997000999999999,0.0018644986888552695,0.0018644986888552695,0.0014985004999999996,0.0014985004999999996,0.001729039038461538,0.003176821059999999
597,0.002997000999999999,0.0038816444276348963,0.0038816444276348963,0.0014985004999999996,0.00423822652739726,0.001729039038461538,0.002992567080712328
598,0.002997000999999999,0.002873071558245083,0.002873071558245083,0.0014985004999999996,0.0014985004999999996,0.001729039038461538,0.003176821059999999
599,0.002997000999999999,0.002368785123550176,0.002368785123550176,0.005665167166666666,0.0028683635136986293,0.001729039038461538,0.0028654613944657527
600,0.002997000999999999,0.004385930862329803,0.004385930862329803,0.0014985004999999996,0.0014985004999999996,0.001729039038461538,0.003176821059999999
601,0.002997000999999999,0.0038816444276348963,0.0038816444276348963,0.0139985005,0.00560808954109589,0.004476291785714286,0.0028447697711232868
602,0.002997000999999999,0.0033773579929399894,0.0033773579929399894,0.005665167166666666,0.00423822652739726,0.004476291785714286,0.002885167702410958
603,0.002997000999999999,0.0038816444276348963,0.0038816444276348963,0.0014985004999999996,0.0028683635136986293,0.001729039038461538,0.003057597896931506
604,0.002997000999999999,0.002873071558245083,0.002873071558245083,0.0014985004999999996,0.0028683635136986293,0.001729039038461538,0.003152188175068492
605,0.002997000999999999,0.002873071558245083,0.002873071558245083,0.0014985004999999996,0.0028683635136986293,0.004476291785714286,0.0031019370898082185
606,0.002997000999999999,0.002368785123550176,0.002368785123550176,0.0014985004999999996,0.0014985004999999996,0.001729039038461538,0.003176821059999999
607,0.002997000999999999,0.002368785123550176,0.002368785123550176,0.0014985004999999996,0.0014985004999999996,0.001729039038461538,0.003176821059999999
608,0.002997000999999999,0.0038816444276348963,0.0038816444276348963,0.005665167166666666,0.00423822652739726,0.004476291785714286,0.002916697795123287
609,0.002997000999999999,0.004385930862329803,0.004385930862329803,0.0014985004999999996,0.00423822652739726,0.001729039038461538,0.0029442866262465745
610,0.002997000999999999,0.0033773579929399894,0.0033773579929399894,0.0014985004999999996,0.0028683635136986293,0.004476291785714286,0.0029935523961095883
611,0.002997000999999999,0.002873071558245083,0.002873071558245083,0.005665167166666666,0.00423822652739726,0.004476291785714286,0.002823092832383561
612,0.002997000999999999,0.0033773579929399894,0.0033773579929399894,0.005665167166666666,0.0028683635136986293,0.001729039038461538,0.0028654613944657527
613,0.002997000999999999,0.002873071558245083,0.002873071558245083,0.009831833833333333,0.00423822652739726,0.007223544532967033,0.0029058593257534236
614,0.002997000999999999,0.0038816444276348963,0.0038816444276348963,0.0014985004999999996,0.00423822652739726,0.004476291785714286,0.0029905964499178073
615,0.002997000999999999,0.004385930862329803,0.004385930862329803,0.0014985004999999996,0.0028683635136986293,0.004476291785714286,0.003021141227232876
616,0.002997000999999999,0.002368785123550176,0.002368785123550176,0.0014985004999999996,0.0028683635136986293,0.004476291785714286,0.003159085382849314
617,0.002997000999999999,0.004385930862329803,0.004385930862329803,0.0014985004999999996,0.00423822652739726,0.007223544532967033,0.0030526713199452043
618,0.002997000999999999,0.002368785123550176,0.002368785123550176,0.0014985004999999996,0.0014985004999999996,0.004476291785714286,0.003176821059999999
619,0.002997000999999999,0.0018644986888552695,0.0018644986888552695,0.0014985004999999996,0.0028683635136986293,0.001729039038461538,0.0030822307818630127
620,0.002997000999999999,0.0033773579929399894,0.0033773579929399894,0.0014985004999999996,0.0014985004999999996,0.004476291785714286,0.003176821059999999
621,0.002997000999999999,0.0033773579929399894,0.0033773579929399894,0.0014985004999999996,0.00423822652739726,0.004476291785714286,0.002939360049260273
622,0.002997000999999999,0.002368785123550176,0.002368785123550176,0.009831833833333333,0.00423822652739726,0.001729039038461538,0.0028290047247671226
623,0.002997000999999999,0.004890217297024709,0.004890217297024709,0.0014985004999999996,0.0014985004999999996,0.004476291785714286,0.003176821059999999
624,0.002997000999999999,0.002873071558245083,0.002873071558245083,0.0014985004999999996,0.0014985004999999996,0.007223544532967033,0.003176821059999999
625,0.002997000999999999,0.0033773579929399894,0.0033773579929399894,0.005665167166666666,0.0028683635136986293,0.001729039038461538,0.0028881236486027386
626,0.002997000999999999,0.002368785123550176,0.002368785123550176,0.0014985004999999996,0.0028683635136986293,0.001729039038461538,0.0031383937595068486
627,0.002997000999999999,0.002873071558245083,0.002873071558245083,0.0014985004999999996,0.0014985004999999996,0.004476291785714286,0.003176821059999999
628,0.002997000999999999,0.0018644986888552695,0.0018644986888552695,0.0014985004999999996,0.0014985004999999996,0.001729039038461538,0.003176821059999999
629,0.002997000999999999,0.002873071558245083,0.002873071558245083,0.0014985004999999996,0.0014985004999999996,0.001729039038461538,0.003176821059999999
630,0.002997000999999999,0.002873071558245083,0.002873071558245083,0.005665167166666666,0.00423822652739726,0.001729039038461538,0.002906844641150684
631,0.002997000999999999,0.002368785123550176,0.002368785123550176,0.005665167166666666,0.00423822652739726,0.001729039038461538,0.0028802411254246567
632,0.002997000999999999,0.0033773579929399894,0.0033773579929399894,0.0014985004999999996,0.0028683635136986293,0.001729039038461538,0.003013258704054793
633,0.002997000999999999,0.002873071558245083,0.002873071558245083,0.005665167166666666,0.0028683635136986293,0.001729039038461538,0.0028240781477808213
634,0.002997000999999999,0.004385930862329803,0.004385930862329803,0.005665167166666666,0.00697795255479452,0.004476291785714286,0.002867432025260273
635,0.002997000999999999,0.002873071558245083,0.002873071558245083,0.0014985004999999996,0.0028683635136986293,0.001729039038461538,0.003092083935835616
636,0.002997000999999999,0.002873071558245083,0.002873071558245083,0.0014985004999999996,0.0014985004999999996,0.001729039038461538,0.003176821059999999
637,0.002997000999999999,0.0038816444276348963,0.0038816444276348963,0.005665167166666666,0.00560808954109589,0.004476291785714286,0.0028753145484383554
638,0.002997000999999999,0.0018644986888552695,0.0018644986888552695,0.0014985004999999996,0.0014985004999999996,0.004476291785714286,0.003176821059999999
639,0.002997000999999999,0.0038816444276348963,0.0038816444276348963,0.005665167166666666,0.0028683635136986293,0.001729039038461538,0.002852652294301369
640,0.002997000999999999,0.0018644986888552695,0.0018644986888552695,0.0014985004999999996,0.0028683635136986293,0.001729039038461538,0.003151202859671232
641,0.002997000999999999,0.002368785123550176,0.002368785123550176,0.0014985004999999996,0.0028683635136986293,0.004476291785714286,0.003051686004547944
642,0.002997000999999999,0.0018644986888552695,0.0018644986888552695,0.0014985004999999996,0.0014985004999999996,0.001729039038461538,0.003176821059999999
643,0.002997000999999999,0.002873071558245083,0.002873071558245083,0.0014985004999999996,0.0028683635136986293,0.001729039038461538,0.003163026644438355
644,0.002997000999999999,0.0013602122541603626,0.0013602122541603626,0.0014985004999999996,0.0014985004999999996,0.001729039038461538,0.003176821059999999
645,0.002997000999999999,0.002368785123550176,0.002368785123550176,0.0014985004999999996,0.0028683635136986293,0.001729039038461538,0.003132481867123287
646,0.002997000999999999,0.002368785123550176,0.002368785123550176,0.0014985004999999996,0.0014985004999999996,0.001729039038461538,0.003176821059999999
647,0.002997000999999999,0.002368785123550176,0.002368785123550176,0.0014985004999999996,0.0014985004999999996,0.001729039038461538,0.003176821059999999
648,0.002997000999999999,0.002368785123550176,0.002368785123550176,0.0014985004999999996,0.0014985004999999996,0.004476291785714286,0.003176821059999999
649,0.002997000999999999,0.0038816444276348963,0.0038816444276348963,0.005665167166666666,0.00560808954109589,0.001729039038461538,0.002827034093972602
650,0.002997000999999999,0.002873071558245083,0.002873071558245083,0.005665167166666666,0.0028683635136986293,0.004476291785714286,0.0029078299565479444
651,0.002997000999999999,0.0018644986888552695,0.0018644986888552695,0.0014985004999999996,0.0028683635136986293,0.001729039038461538,0.002952169149424657
652,0.002997000999999999,0.0033773579929399894,0.0033773579929399894,0.005665167166666666,0.00423822652739726,0.004476291785714286,0.0029088152719452046
653,0.002997000999999999,0.0033773579929399894,0.0033773579929399894,0.005665167166666666,0.00423822652739726,0.001729039038461538,0.0029157124797260267
654,0.002997000999999999,0.002873071558245083,0.002873071558245083,0.005665167166666666,0.0028683635136986293,0.001729039038461538,0.0029137418489315063
655,0.002997000999999999,0.0013602122541603626,0.0013602122541603626,0.0014985004999999996,0.0014985004999999996,0.001729039038461538,0.003176821059999999
656,0.002997000999999999,0.0033773579929399894,0.0033773579929399894,0.005665167166666666,0.00423822652739726,0.001729039038461538,0.0029226096875068484
657,0.002997000999999999,0.0038816444276348963,0.0038816444276348963,0.0014985004999999996,0.0014985004999999996,0.004476291785714286,0.003176821059999999
658,0.002997000999999999,0.002368785123550176,0.002368785123550176,0.0014985004999999996,0.0028683635136986293,0.004476291785714286,0.0029955230269041087
659,0.002997000999999999,0.0013602122541603626,0.0013602122541603626,0.0014985004999999996,0.0014985004999999996,0.001729039038461538,0.003176821059999999
660,0.002997000999999999,0.002368785123550176,0.002368785123550176,0.0014985004999999996,0.0028683635136986293,0.001729039038461538,0.0031452909672876703
661,0.002997000999999999,0.005394503731719616,0.005394503731719616,0.005665167166666666,0.0028683635136986293,0.012718050027472526,0.0029314775260821913
662,0.002997000999999999,0.0038816444276348963,0.0038816444276348963,0.0014985004999999996,0.0014985004999999996,0.001729039038461538,0.003176821059999999
663,0.002997000999999999,0.0033773579929399894,0.0033773579929399894,0.005665167166666666,0.00423822652739726,0.001729039038461538,0.002863490763671232
664,0.002997000999999999,0.002873071558245083,0.002873071558245083,0.005665167166666666,0.00423822652739726,0.001729039038461538,0.002849696348109588
665,0.002997000999999999,0.0033773579929399894,0.0033773579929399894,0.005665167166666666,0.00423822652739726,0.004476291785714286,0.002823092832383561
666,0.002997000999999999,0.0038816444276348963,0.0038816444276348963,0.005665167166666666,0.00423822652739726,0.007223544532967033,0.002884182387013698
667,0.002997000999999999,0.0033773579929399894,0.0033773579929399894,0.0014985004999999996,0.0028683635136986293,0.001729039038461538,0.003097010512821917
668,0.002997000999999999,0.0033773579929399894,0.0033773579929399894,0.0014985004999999996,0.0028683635136986293,0.001729039038461538,0.0031699238522191774
669,0.002997000999999999,0.0033773579929399894,0.0033773579929399894,0.005665167166666666,0.00423822652739726,0.001729039038461538,0.0028625054482739718
670,0.002997000999999999,0.002368785123550176,0.002368785123550176,0.0014985004999999996,0.0014985004999999996,0.001729039038461538,0.003176821059999999
671,0.002997000999999999,0.002368785123550176,0.002368785123550176,0.005665167166666666,0.0028683635136986293,0.001729039038461538,0.002873343917643835
672,0.002997000999999999,0.002873071558245083,0.002873071558245083,0.0014985004999999996,0.00423822652739726,0.001729039038461538,0.00299946428849315
673,0.002997000999999999,0.002873071558245083,0.002873071558245083,0.0014985004999999996,0.0014985004999999996,0.001729039038461538,0.003176821059999999
674,0.002997000999999999,0.0038816444276348963,0.0038816444276348963,0.005665167166666666,0.00560808954109589,0.004476291785714286,0.0028654613944657527
675,0.002997000999999999,0.0038816444276348963,0.0038816444276348963,0.005665167166666666,0.00560808954109589,0.004476291785714286,0.002902903379561643
676,0.002997000999999999,0.0033773579929399894,0.0033773579929399894,0.009831833833333333,0.00423822652739726,0.001729039038461538,0.00282013688619178
677,0.002997000999999999,0.002368785123550176,0.002368785123550176,0.0014985004999999996,0.0028683635136986293,0.004476291785714286,0.0031452909672876703
678,0.002997000999999999,0.002368785123550176,0.002368785123550176,0.005665167166666666,0.0028683635136986293,0.001729039038461538,0.0028753145484383554
679,0.002997000999999999,0.002873071558245083,0.002873071558245083,0.0014985004999999996,0.0028683635136986293,0.004476291785714286,0.00314233502109589
680,0.002997000999999999,0.002873071558245083,0.002873071558245083,0.0014985004999999996,0.0028683635136986293,0.004476291785714286,0.002988625819123287
681,0.002997000999999999,0.0033773579929399894,0.0033773579929399894,0.005665167166666666,0.0028683635136986293,0.004476291785714286,0.0029304922106849307
682,0.002997000999999999,0.004385930862329803,0.004385930862329803,0.0014985004999999996,0.00560808954109589,0.001729039038461538,0.0030546419507397247
683,0.002997000999999999,0.002873071558245083,0.002873071558245083,0.0014985004999999996,0.0014985004999999996,0.004476291785714286,0.003176821059999999
684,0.002997000999999999,0.0018644986888552695,0.0018644986888552695,0.0014985004999999996,0.0014985004999999996,0.001729039038461538,0.003176821059999999
685,0.002997000999999999,0.002368785123550176,0.002368785123550176,0.0014985004999999996,0.0014985004999999996,0.004476291785714286,0.003176821059999999
686,0.002997000999999999,0.0018644986888552695,0.0018644986888552695,0.0014985004999999996,0.0014985004999999996,0.001729039038461538,0.003176821059999999
687,0.002997000999999999,0.002368785123550176,0.002368785123550176,0.005665167166666666,0.00423822652739726,0.001729039038461538,0.002831960670958903
688,0.002997000999999999,0.0013602122541603626,0.0013602122541603626,0.0014985004999999996,0.0014985004999999996,0.001729039038461538,0.003176821059999999
689,0.002997000999999999,0.0038816444276348963,0.0038816444276348963,0.005665167166666666,0.00560808954109589,0.007223544532967033,0.0029334481568767117
690,0.002997000999999999,0.0033773579929399894,0.0033773579929399894,0.0014985004999999996,0.0014985004999999996,0.001729039038461538,0.003176821059999999
691,0.002997000999999999,0.005394503731719616,0.005394503731719616,0.005665167166666666,0.00697795255479452,0.001729039038461538,0.0029078299565479444
692,0.002997000999999999,0.002873071558245083,0.002873071558245083,0.0014985004999999996,0.0028683635136986293,0.004476291785714286,0.003060553843123287
693,0.002997000999999999,0.0018644986888552695,0.0018644986888552695,0.0014985004999999996,0.0014985004999999996,0.001729039038461538,0.003176821059999999
694,0.002997000999999999,0.0033773579929399894,0.0033773579929399894,0.0014985004999999996,0.0014985004999999996,0.004476291785714286,0.003176821059999999
695,0.002997000999999999,0.0033773579929399894,0.0033773579929399894,0.005665167166666666,0.00423822652739726,0.004476291785714286,0.0028920649101917798
696,0.002997000999999999,0.0033773579929399894,0.0033773579929399894,0.0014985004999999996,0.00423822652739726,0.007223544532967033,0.002973846088164383
697,0.002997000999999999,0.0038816444276348963,0.0038816444276348963,0.0014985004999999996,0.00560808954109589,0.001729039038461538,0.0030418328505753415
698,0.002997000999999999,0.0033773579929399894,0.0033773579929399894,0.005665167166666666,0.0028683635136986293,0.001729039038461538,0.0028536376096986293
699,0.002997000999999999,0.0033773579929399894,0.0033773579929399894,0.0014985004999999996,0.00423822652739726,0.004476291785714286,0.002981728611342465
700,0.002997000999999999,0.0033773579929399894,0.0033773579929399894,0.0014985004999999996,0.0014985004999999996,0.001729039038461538,0.003176821059999999
701,0.002997000999999999,0.0033773579929399894,0.0033773579929399894,0.0014985004999999996,0.0014985004999999996,0.001729039038461538,0.003176821059999999
702,0.002997000999999999,0.002873071558245083,0.002873071558245083,0.005665167166666666,0.0028683635136986293,0.001729039038461538,0.00282013688619178
703,0.002997000999999999,0.0038816444276348963,0.0038816444276348963,0.005665167166666666,0.0028683635136986293,0.004476291785714286,0.0028920649101917798
704,0.002997000999999999,0.002873071558245083,0.002873071558245083,0.0014985004999999996,0.0028683635136986293,0.001729039038461538,0.003130511236328766
705,0.002997000999999999,0.002873071558245083,0.002873071558245083,0.005665167166666666,0.0028683635136986293,0.007223544532967033,0.0028437844557260266
706,0.002997000999999999,0.002873071558245083,0.002873071558245083,0.0014985004999999996,0.0028683635136986293,0.001729039038461538,0.002952169149424657
707,0.002997000999999999,0.002873071558245083,0.002873071558245083,0.005665167166666666,0.0028683635136986293,0.004476291785714286,0.0028713732868493142
708,0.002997000999999999,0.002873071558245083,0.002873071558245083,0.005665167166666666,0.0028683635136986293,0.004476291785714286,0.0029265509490958895
709,0.002997000999999999,0.002873071558245083,0.002873071558245083,0.0014985004999999996,0.0028683635136986293,0.004476291785714286,0.003012273388657533
710,0.002997000999999999,0.002368785123550176,0.002368785123550176,0.005665167166666666,0.00423822652739726,0.004476291785714286,0.0028930502255890404
711,0.002997000999999999,0.0018644986888552695,0.0018644986888552695,0.0014985004999999996,0.0014985004999999996,0.001729039038461538,0.003176821059999999
712,0.002997000999999999,0.0033773579929399894,0.0033773579929399894,0.0014985004999999996,0.00423822652739726,0.001729039038461538,0.002953154464821917
713,0.002997000999999999,0.0033773579929399894,0.0033773579929399894,0.0014985004999999996,0.0014985004999999996,0.004476291785714286,0.003176821059999999
714,0.002997000999999999,0.002368785123550176,0.002368785123550176,0.005665167166666666,0.0028683635136986293,0.001729039038461538,0.002924580318301369
715,0.002997000999999999,0.002873071558245083,0.002873071558245083,0.005665167166666666,0.00423822652739726,0.001729039038461538,0.002901918064164383
716,0.002997000999999999,0.0038816444276348963,0.0038816444276348963,0.0014985004999999996,0.0014985004999999996,0.007223544532967033,0.003176821059999999
717,0.002997000999999999,0.0033773579929399894,0.0033773579929399894,0.0014985004999999996,0.00423822652739726,0.001729039038461538,0.002970890141972602
718,0.002997000999999999,0.004385930862329803,0.004385930862329803,0.0014985004999999996,0.00423822652739726,0.007223544532967033,0.0030024202346849303
719,0.002997000999999999,0.0038816444276348963,0.0038816444276348963,0.0014985004999999996,0.0014985004999999996,0.001729039038461538,0.003176821059999999
720,0.002997000999999999,0.004385930862329803,0.004385930862329803,0.0014985004999999996,0.00560808954109589,0.001729039038461538,0.003011288073260273
721,0.002997000999999999,0.002873071558245083,0.002873071558245083,0.0014985004999999996,0.0014985004999999996,0.004476291785714286,0.003176821059999999
722,0.002997000999999999,0.0038816444276348963,0.0038816444276348963,0.0014985004999999996,0.0028683635136986293,0.004476291785714286,0.002938374733863013
723,0.002997000999999999,0.002873071558245083,0.002873071558245083,0.005665167166666666,0.00423822652739726,0.001729039038461538,0.0029137418489315063
724,0.002997000999999999,0.0038816444276348963,0.0038816444276348963,0.0139985005,0.00697795255479452,0.001729039038461538,0.002845755086520547
725,0.002997000999999999,0.002873071558245083,0.002873071558245083,0.0014985004999999996,0.0028683635136986293,0.001729039038461538,0.0029501985186301365
726,0.002997000999999999,0.004385930862329803,0.004385930862329803,0.005665167166666666,0.00423822652739726,0.007223544532967033,0.0028713732868493142
727,0.002997000999999999,0.0033773579929399894,0.0033773579929399894,0.0014985004999999996,0.0028683635136986293,0.001729039038461538,0.003031979696602739
728,0.002997000999999999,0.002873071558245083,0.002873071558245083,0.0014985004999999996,0.0028683635136986293,0.004476291785714286,0.002967934195780821
729,0.002997000999999999,0.002873071558245083,0.002873071558245083,0.0014985004999999996,0.0014985004999999996,0.004476291785714286,0.003176821059999999
730,0.002997000999999999,0.002368785123550176,0.002368785123550176,0.0014985004999999996,0.0014985004999999996,0.001729039038461538,0.003176821059999999
731,0.002997000999999999,0.004385930862329803,0.004385930862329803,0.005665167166666666,0.00423822652739726,0.004476291785714286,0.0028684173406575333
732,0.002997000999999999,0.002368785123550176,0.002368785123550176,0.0014985004999999996,0.0014985004999999996,0.004476291785714286,0.003176821059999999
733,0.002997000999999999,0.0033773579929399894,0.0033773579929399894,0.0014985004999999996,0.00423822652739726,0.001729039038461538,0.0029905964499178073
734,0.002997000999999999,0.002368785123550176,0.002368785123550176,0.005665167166666666,0.00423822652739726,0.004476291785714286,0.0028506816635068483
735,0.002997000999999999,0.0033773579929399894,0.0033773579929399894,0.0014985004999999996,0.0028683635136986293,0.001729039038461538,0.003127555290136985
736,0.002997000999999999,0.0033773579929399894,0.0033773579929399894,0.0014985004999999996,0.0014985004999999996,0.001729039038461538,0.003176821059999999
737,0.002997000999999999,0.002873071558245083,0.002873071558245083,0.0014985004999999996,0.0028683635136986293,0.001729039038461538,0.003094054566630136
738,0.002997000999999999,0.0013602122541603626,0.0013602122541603626,0.0014985004999999996,0.0014985004999999996,0.001729039038461538,0.003176821059999999
739,0.002997000999999999,0.002873071558245083,0.002873071558245083,0.005665167166666666,0.00423822652739726,0.001729039038461538,0.002882211756219177
740,0.002997000999999999,0.002873071558245083,0.002873071558245083,0.0014985004999999996,0.0014985004999999996,0.004476291785714286,0.003176821059999999
741,0.002997000999999999,0.0033773579929399894,0.0033773579929399894,0.0014985004999999996,0.0028683635136986293,0.004476291785714286,0.0029600516726027387
742,0.002997000999999999,0.004385930862329803,0.004385930862329803,0.009831833833333333,0.00834781556849315,0.004476291785714286,0.0028418138249315062
743,0.002997000999999999,0.0018644986888552695,0.0018644986888552695,0.0014985004999999996,0.0014985004999999996,0.001729039038461538,0.003176821059999999
744,0.002997000999999999,0.0033773579929399894,0.0033773579929399894,0.0014985004999999996,0.0014985004999999996,0.001729039038461538,0.003176821059999999
745,0.002997000999999999,0.002368785123550176,0.002368785123550176,0.005665167166666666,0.00423822652739726,0.001729039038461538,0.0028900942793972594
746,0.002997000999999999,0.0033773579929399894,0.0033773579929399894,0.0014985004999999996,0.0014985004999999996,0.007223544532967033,0.003176821059999999
747,0.002997000999999999,0.0018644986888552695,0.0018644986888552695,0.0014985004999999996,0.0014985004999999996,0.001729039038461538,0.003176821059999999
748,0.002997000999999999,0.002873071558245083,0.002873071558245083,0.0014985004999999996,0.00423822652739726,0.001729039038461538,0.0030181852810410954
749,0.002997000999999999,0.0033773579929399894,0.0033773579929399894,0.0014985004999999996,0.0014985004999999996,0.007223544532967033,0.003176821059999999
750,0.002997000999999999,0.0018644986888552695,0.0018644986888552695,0.0014985004999999996,0.0014985004999999996,0.001729039038461538,0.003176821059999999
751,0.002997000999999999,0.002368785123550176,0.002368785123550176,0.005665167166666666,0.0028683635136986293,0.001729039038461538,0.00281915157079452
752,0.002997000999999999,0.0033773579929399894,0.0033773579929399894,0.005665167166666666,0.00423822652739726,0.004476291785714286,0.0028960061717808214
753,0.002997000999999999,0.0033773579929399894,0.0033773579929399894,0.0014985004999999996,0.0028683635136986293,0.004476291785714286,0.003167953221424657
754,0.002997000999999999,0.0033773579929399894,0.0033773579929399894,0.0014985004999999996,0.0014985004999999996,0.004476291785714286,0.003176821059999999
755,0.002997000999999999,0.002368785123550176,0.002368785123550176,0.0014985004999999996,0.0014985004999999996,0.001729039038461538,0.003176821059999999
756,0.002997000999999999,0.004385930862329803,0.004385930862329803,0.0014985004999999996,0.0014985004999999996,0.004476291785714286,0.003176821059999999
757,0.002997000999999999,0.002873071558245083,0.002873071558245083,0.0014985004999999996,0.0028683635136986293,0.001729039038461538,0.003116716820767122
758,0.002997000999999999,0.0018644986888552695,0.0018644986888552695,0.0014985004999999996,0.0014985004999999996,0.001729039038461538,0.003176821059999999
759,0.002997000999999999,0.002368785123550176,0.002368785123550176,0.0014985004999999996,0.0014985004999999996,0.001729039038461538,0.003176821059999999
760,0.002997000999999999,0.0018644986888552695,0.0018644986888552695,0.0014985004999999996,0.0014985004999999996,0.001729039038461538,0.003176821059999999
761,0.002997000999999999,0.002368785123550176,0.002368785123550176,0.0014985004999999996,0.0014985004999999996,0.001729039038461538,0.003176821059999999
762,0.002997000999999999,0.004890217297024709,0.004890217297024709,0.005665167166666666,0.00697795255479452,0.004476291785714286,0.0028240781477808213
763,0.002997000999999999,0.002368785123550176,0.002368785123550176,0.0014985004999999996,0.0028683635136986293,0.001729039038461538,0.003064495104712328
764,0.002997000999999999,0.002873071558245083,0.002873071558245083,0.005665167166666666,0.00423822652739726,0.004476291785714286,0.0028467404019178076
765,0.002997000999999999,0.0033773579929399894,0.0033773579929399894,0.0014985004999999996,0.0014985004999999996,0.001729039038461538,0.003176821059999999
766,0.002997000999999999,0.0033773579929399894,0.0033773579929399894,0.0014985004999999996,0.0014985004999999996,0.001729039038461538,0.003176821059999999
767,0.002997000999999999,0.002368785123550176,0.002368785123550176,0.0014985004999999996,0.0028683635136986293,0.001729039038461538,0.003131496551726027
768,0.002997000999999999,0.0018644986888552695,0.0018644986888552695,0.0014985004999999996,0.0028683635136986293,0.001729039038461538,0.0030428181659726016
769,0.002997000999999999,0.002368785123550176,0.002368785123550176,0.005665167166666666,0.00423822652739726,0.001729039038461538,0.0029009327487671227
770,0.002997000999999999,0.0038816444276348963,0.0038816444276348963,0.0014985004999999996,0.00697795255479452,0.00997079728021978,0.003080260151068492
771,0.002997000999999999,0.0038816444276348963,0.0038816444276348963,0.005665167166666666,0.00423822652739726,0.004476291785714286,0.0028762998638356156
772,0.002997000999999999,0.002873071558245083,0.002873071558245083,0.0014985004999999996,0.0014985004999999996,0.001729039038461538,0.003176821059999999
773,0.002997000999999999,0.0033773579929399894,0.0033773579929399894,0.005665167166666666,0.0028683635136986293,0.001729039038461538,0.002827034093972602
774,0.002997000999999999,0.0033773579929399894,0.0033773579929399894,0.005665167166666666,0.00423822652739726,0.001729039038461538,0.0028940355409863006
775,0.002997000999999999,0.0038816444276348963,0.0038816444276348963,0.0014985004999999996,0.00560808954109589,0.004476291785714286,0.0030664657355068486
776,0.002997000999999999,0.0013602122541603626,0.0013602122541603626,0.0014985004999999996,0.0014985004999999996,0.001729039038461538,0.003176821059999999
777,0.002997000999999999,0.002368785123550176,0.002368785123550176,0.005665167166666666,0.0028683635136986293,0.004476291785714286,0.002864476079068492
778,0.002997000999999999,0.002368785123550176,0.002368785123550176,0.005665167166666666,0.0028683635136986293,0.001729039038461538,0.002910785902739725
779,0.002997000999999999,0.0013602122541603626,0.0013602122541603626,0.0014985004999999996,0.0014985004999999996,0.001729039038461538,0.003176821059999999
780,0.002997000999999999,0.0013602122541603626,0.0013602122541603626,0.0014985004999999996,0.0014985004999999996,0.001729039038461538,0.003176821059999999
781,0.002997000999999999,0.002873071558245083,0.002873071558245083,0.0014985004999999996,0.0028683635136986293,0.004476291785714286,0.0030093174424657525
782,0.002997000999999999,0.004385930862329803,0.004385930862329803,0.0014985004999999996,0.0014985004999999996,0.007223544532967033,0.003176821059999999
783,0.002997000999999999,0.0018644986888552695,0.0018644986888552695,0.0014985004999999996,0.0028683635136986293,0.001729039038461538,0.003153173490465752
784,0.002997000999999999,0.002873071558245083,0.002873071558245083,0.005665167166666666,0.00423822652739726,0.001729039038461538,0.0028930502255890404
785,0.002997000999999999,0.0018644986888552695,0.0018644986888552695,0.0014985004999999996,0.0014985004999999996,0.001729039038461538,0.003176821059999999
786,0.002997000999999999,0.002873071558245083,0.002873071558245083,0.0014985004999999996,0.0028683635136986293,0.001729039038461538,0.002970890141972602
787,0.002997000999999999,0.0033773579929399894,0.0033773579929399894,0.005665167166666666,0.00423822652739726,0.004476291785714286,0.002837872563342465
788,0.002997000999999999,0.004385930862329803,0.004385930862329803,0.0014985004999999996,0.0014985004999999996,0.004476291785714286,0.003176821059999999
789,0.002997000999999999,0.002873071558245083,0.002873071558245083,0.0014985004999999996,0.0028683635136986293,0.001729039038461538,0.0031265699747397247
790,0.002997000999999999,0.002368785123550176,0.002368785123550176,0.005665167166666666,0.0028683635136986293,0.001729039038461538,0.002833931301753424
791,0.002997000999999999,0.002873071558245083,0.002873071558245083,0.005665167166666666,0.0028683635136986293,0.001729039038461538,0.002911771218136985
792,0.002997000999999999,0.0033773579929399894,0.0033773579929399894,0.005665167166666666,0.0028683635136986293,0.001729039038461538,0.0028831970716164377
793,0.002997000999999999,0.002368785123550176,0.002368785123550176,0.0014985004999999996,0.0014985004999999996,0.001729039038461538,0.003176821059999999
794,0.002997000999999999,0.004890217297024709,0.004890217297024709,0.0014985004999999996,0.00423822652739726,0.001729039038461538,0.0031009517744109583
795,0.002997000999999999,0.0018644986888552695,0.0018644986888552695,0.0014985004999999996,0.0014985004999999996,0.001729039038461538,0.003176821059999999
796,0.002997000999999999,0.002368785123550176,0.002368785123550176,0.0014985004999999996,0.0028683635136986293,0.001729039038461538,0.00314233502109589
797,0.002997000999999999,0.0018644986888552695,0.0018644986888552695,0.0014985004999999996,0.0014985004999999996,0.001729039038461538,0.003176821059999999
798,0.002997000999999999,0.0033773579929399894,0.0033773579929399894,0.0014985004999999996,0.0028683635136986293,0.004476291785714286,0.0030585832123287667
799,0.002997000999999999,0.0038816444276348963,0.0038816444276348963,0.0014985004999999996,0.0014985004999999996,0.001729039038461538,0.003176821059999999
800,0.002997000999999999,0.002873071558245083,0.002873071558245083,0.0014985004999999996,0.0028683635136986293,0.001729039038461538,0.00303690627358904
801,0.002997000999999999,0.002368785123550176,0.002368785123550176,0.0014985004999999996,0.0028683635136986293,0.004476291785714286,0.0030260678042191773
802,0.002997000999999999,0.002368785123550176,0.002368785123550176,0.0014985004999999996,0.0014985004999999996,0.001729039038461538,0.003176821059999999
803,0.002997000999999999,0.0033773579929399894,0.0033773579929399894,0.0014985004999999996,0.0028683635136986293,0.001729039038461538,0.0031334671825205473
804,0.002997000999999999,0.002873071558245083,0.002873071558245083,0.0014985004999999996,0.0014985004999999996,0.001729039038461538,0.003176821059999999
805,0.002997000999999999,0.002873071558245083,0.002873071558245083,0.0014985004999999996,0.0014985004999999996,0.001729039038461538,0.003176821059999999
806,0.002997000999999999,0.002368785123550176,0.002368785123550176,0.0014985004999999996,0.0028683635136986293,0.001729039038461538,0.0029413306800547935
807,0.002997000999999999,0.0013602122541603626,0.0013602122541603626,0.0014985004999999996,0.0014985004999999996,0.001729039038461538,0.003176821059999999
808,0.002997000999999999,0.0018644986888552695,0.0018644986888552695,0.0014985004999999996,0.0014985004999999996,0.001729039038461538,0.003176821059999999
809,0.002997000999999999,0.002873071558245083,0.002873071558245083,0.005665167166666666,0.0028683635136986293,0.001729039038461538,0.002849696348109588
810,0.002997000999999999,0.002873071558245083,0.002873071558245083,0.0014985004999999996,0.0014985004999999996,0.001729039038461538,0.003176821059999999
811,0.002997000999999999,0.0038816444276348963,0.0038816444276348963,0.005665167166666666,0.00560808954109589,0.004476291785714286,0.0028605348174794514
812,0.002997000999999999,0.0018644986888552695,0.0018644986888552695,0.0014985004999999996,0.0014985004999999996,0.001729039038461538,0.003176821059999999
813,0.002997000999999999,0.0038816444276348963,0.0038816444276348963,0.0014985004999999996,0.0028683635136986293,0.001729039038461538,0.0030231118580273967
814,0.002997000999999999,0.0033773579929399894,0.0033773579929399894,0.0014985004999999996,0.0028683635136986293,0.004476291785714286,0.003165982590630136
815,0.002997000999999999,0.002873071558245083,0.002873071558245083,0.0014985004999999996,0.0014985004999999996,0.001729039038461538,0.003176821059999999
816,0.002997000999999999,0.002368785123550176,0.002368785123550176,0.0014985004999999996,0.0028683635136986293,0.004476291785714286,0.00314332033649315
817,0.002997000999999999,0.002368785123550176,0.002368785123550176,0.0014985004999999996,0.0028683635136986293,0.004476291785714286,0.003140364390301369
818,0.002997000999999999,0.002368785123550176,0.002368785123550176,0.0014985004999999996,0.0014985004999999996,0.001729039038461538,0.003176821059999999
819,0.002997000999999999,0.0038816444276348963,0.0038816444276348963,0.0014985004999999996,0.00560808954109589,0.001729039038461538,0.0029511838340273966
820,0.002997000999999999,0.0033773579929399894,0.0033773579929399894,0.0014985004999999996,0.00423822652739726,0.007223544532967033,0.002947242572438355
821,0.002997000999999999,0.0018644986888552695,0.0018644986888552695,0.0014985004999999996,0.0014985004999999996,0.004476291785714286,0.003176821059999999
822,0.002997000999999999,0.0018644986888552695,0.0018644986888552695,0.0014985004999999996,0.0028683635136986293,0.001729039038461538,0.0030201559118356158
823,0.002997000999999999,0.002368785123550176,0.002368785123550176,0.0014985004999999996,0.0014985004999999996,0.001729039038461538,0.003176821059999999
824,0.002997000999999999,0.002873071558245083,0.002873071558245083,0.009831833833333333,0.00423822652739726,0.001729039038461538,0.002837872563342465
825,0.002997000999999999,0.0038816444276348963,0.0038816444276348963,0.0014985004999999996,0.00560808954109589,0.004476291785714286,0.00296399293419178
826,0.002997000999999999,0.0033773579929399894,0.0033773579929399894,0.0014985004999999996,0.0028683635136986293,0.004476291785714286,0.003097010512821917
827,0.002997000999999999,0.0033773579929399894,0.0033773579929399894,0.005665167166666666,0.0028683635136986293,0.001729039038461538,0.0028477257173150678
828,0.002997000999999999,0.002368785123550176,0.002368785123550176,0.0014985004999999996,0.0014985004999999996,0.007223544532967033,0.003176821059999999
829,0.002997000999999999,0.0018644986888552695,0.0018644986888552695,0.0014985004999999996,0.0014985004999999996,0.001729039038461538,0.003176821059999999
830,0.002997000999999999,0.0013602122541603626,0.0013602122541603626,0.0014985004999999996,0.0014985004999999996,0.001729039038461538,0.003176821059999999
831,0.002997000999999999,0.002873071558245083,0.002873071558245083,0.0014985004999999996,0.00423822652739726,0.007223544532967033,0.002968919511178081
832,0.002997000999999999,0.005394503731719616,0.005394503731719616,0.005665167166666666,0.00423822652739726,0.007223544532967033,0.0028782704946301364
833,0.002997000999999999,0.002873071558245083,0.002873071558245083,0.0014985004999999996,0.0014985004999999996,0.001729039038461538,0.003176821059999999
834,0.002997000999999999,0.0013602122541603626,0.0013602122541603626,0.0014985004999999996,0.0014985004999999996,0.001729039038461538,0.003176821059999999
835,0.002997000999999999,0.0013602122541603626,0.0013602122541603626,0.0014985004999999996,0.0014985004999999996,0.001729039038461538,0.003176821059999999
836,0.002997000999999999,0.0033773579929399894,0.0033773579929399894,0.0014985004999999996,0.00423822652739726,0.004476291785714286,0.0029620223033972595
837,0.002997000999999999,0.0018644986888552695,0.0018644986888552695,0.0014985004999999996,0.0014985004999999996,0.001729039038461538,0.003176821059999999
838,0.002997000999999999,0.004385930862329803,0.004385930862329803,0.0014985004999999996,0.00423822652739726,0.004476291785714286,0.0030891279896438344
839,0.002997000999999999,0.0018644986888552695,0.0018644986888552695,0.0014985004999999996,0.0028683635136986293,0.001729039038461538,0.002946257257041095
840,0.002997000999999999,0.004385930862329803,0.004385930862329803,0.0014985004999999996,0.0014985004999999996,0.001729039038461538,0.003176821059999999
841,0.002997000999999999,0.002873071558245083,0.002873071558245083,0.005665167166666666,0.0028683635136986293,0.001729039038461538,0.0028398431941369854
842,0.002997000999999999,0.0033773579929399894,0.0033773579929399894,0.0014985004999999996,0.0014985004999999996,0.001729039038461538,0.003176821059999999
843,0.002997000999999999,0.002873071558245083,0.002873071558245083,0.0014985004999999996,0.0028683635136986293,0.001729039038461538,0.0031738651138082186
844,0.002997000999999999,0.0033773579929399894,0.0033773579929399894,0.005665167166666666,0.0028683635136986293,0.001729039038461538,0.0028762998638356156
845,0.002997000999999999,0.002873071558245083,0.002873071558245083,0.0014985004999999996,0.0014985004999999996,0.004476291785714286,0.003176821059999999
846,0.002997000999999999,0.002368785123550176,0.002368785123550176,0.0014985004999999996,0.0028683635136986293,0.001729039038461538,0.0031728797984109584
847,0.002997000999999999,0.0038816444276348963,0.0038816444276348963,0.0014985004999999996,0.00423822652739726,0.001729039038461538,0.002968919511178081
848,0.002997000999999999,0.0033773579929399894,0.0033773579929399894,0.0014985004999999996,0.0014985004999999996,0.004476291785714286,0.003176821059999999
849,0.002997000999999999,0.0018644986888552695,0.0018644986888552695,0.0014985004999999996,0.0014985004999999996,0.001729039038461538,0.003176821059999999
850,0.002997000999999999,0.0038816444276348963,0.0038816444276348963,0.0014985004999999996,0.0028683635136986293,0.001729039038461538,0.003057597896931506
851,0.002997000999999999,0.002368785123550176,0.002368785123550176,0.0014985004999999996,0.00423822652739726,0.001729039038461538,0.0030349356427945198
852,0.002997000999999999,0.0033773579929399894,0.0033773579929399894,0.0014985004999999996,0.00423822652739726,0.001729039038461538,0.00307139231249315
853,0.002997000999999999,0.0033773579929399894,0.0033773579929399894,0.0014985004999999996,0.00423822652739726,0.004476291785714286,0.003051686004547944
854,0.002997000999999999,0.0038816444276348963,0.0038816444276348963,0.0014985004999999996,0.00560808954109589,0.001729039038461538,0.0029935523961095883
855,0.002997000999999999,0.0033773579929399894,0.0033773579929399894,0.005665167166666666,0.0028683635136986293,0.001729039038461538,0.002834916617150684
856,0.002997000999999999,0.002368785123550176,0.002368785123550176,0.005665167166666666,0.0028683635136986293,0.004476291785714286,0.002873343917643835
857,0.002997000999999999,0.002368785123550176,0.002368785123550176,0.0014985004999999996,0.0028683635136986293,0.001729039038461538,0.003141349705698629
858,0.002997000999999999,0.0038816444276348963,0.0038816444276348963,0.005665167166666666,0.0028683635136986293,0.007223544532967033,0.0028506816635068483
859,0.002997000999999999,0.0018644986888552695,0.0018644986888552695,0.0014985004999999996,0.0028683635136986293,0.004476291785714286,0.0030674510509041087
860,0.002997000999999999,0.0013602122541603626,0.0013602122541603626,0.0014985004999999996,0.0014985004999999996,0.001729039038461538,0.003176821059999999
861,0.002997000999999999,0.0018644986888552695,0.0018644986888552695,0.0014985004999999996,0.0014985004999999996,0.001729039038461538,0.003176821059999999
862,0.002997000999999999,0.002873071558245083,0.002873071558245083,0.0014985004999999996,0.0014985004999999996,0.001729039038461538,0.003176821059999999
863,0.002997000999999999,0.0018644986888552695,0.0018644986888552695,0.0014985004999999996,0.0014985004999999996,0.001729039038461538,0.003176821059999999
864,0.002997000999999999,0.002873071558245083,0.002873071558245083,0.0014985004999999996,0.0014985004999999996,0.001729039038461538,0.003176821059999999
865,0.002997000999999999,0.002368785123550176,0.002368785123550176,0.0014985004999999996,0.0028683635136986293,0.001729039038461538,0.0029551250956164374
866,0.002997000999999999,0.0013602122541603626,0.0013602122541603626,0.0014985004999999996,0.0014985004999999996,0.001729039038461538,0.003176821059999999
867,0.002997000999999999,0.0038816444276348963,0.0038816444276348963,0.0014985004999999996,0.0028683635136986293,0.001729039038461538,0.002935418787671232
868,0.002997000999999999,0.002873071558245083,0.002873071558245083,0.0014985004999999996,0.0014985004999999996,0.001729039038461538,0.003176821059999999
869,0.002997000999999999,0.002368785123550176,0.002368785123550176,0.0014985004999999996,0.0028683635136986293,0.001729039038461538,0.0030300090658082184
870,0.002997000999999999,0.0018644986888552695,0.0018644986888552695,0.0014985004999999996,0.0014985004999999996,0.001729039038461538,0.003176821059999999
871,0.002997000999999999,0.002873071558245083,0.002873071558245083,0.0014985004999999996,0.0028683635136986293,0.001729039038461538,0.003068436366301369
872,0.002997000999999999,0.004890217297024709,0.004890217297024709,0.0014985004999999996,0.00423822652739726,0.004476291785714286,0.0029511838340273966
873,0.002997000999999999,0.0033773579929399894,0.0033773579929399894,0.005665167166666666,0.0028683635136986293,0.004476291785714286,0.002830975355561643
874,0.002997000999999999,0.002368785123550176,0.002368785123550176,0.009831833833333333,0.00423822652739726,0.001729039038461538,0.002817180939999999
875,0.002997000999999999,0.0038816444276348963,0.0038816444276348963,0.0014985004999999996,0.0028683635136986293,0.001729039038461538,0.0031492322288767115
876,0.002997000999999999,0.002873071558245083,0.002873071558245083,0.0014985004999999996,0.0028683635136986293,0.004476291785714286,0.002974831403561643
877,0.002997000999999999,0.0033773579929399894,0.0033773579929399894,0.0014985004999999996,0.00423822652739726,0.004476291785714286,0.0029610369879999993
878,0.002997000999999999,0.002873071558245083,0.002873071558245083,0.005665167166666666,0.0028683635136986293,0.001729039038461538,0.0028181662553972598
879,0.002997000999999999,0.0033773579929399894,0.0033773579929399894,0.009831833833333333,0.00560808954109589,0.001729039038461538,0.002863490763671232
880,0.002997000999999999,0.0038816444276348963,0.0038816444276348963,0.0014985004999999996,0.0028683635136986293,0.004476291785714286,0.0029580810418082183
881,0.002997000999999999,0.0033773579929399894,0.0033773579929399894,0.005665167166666666,0.0028683635136986293,0.001729039038461538,0.0028605348174794514
882,0.002997000999999999,0.002368785123550176,0.002368785123550176,0.0014985004999999996,0.0014985004999999996,0.001729039038461538,0.003176821059999999
883,0.002997000999999999,0.0033773579929399894,0.0033773579929399894,0.0014985004999999996,0.0028683635136986293,0.001729039038461538,0.003021141227232876
884,0.002997000999999999,0.002873071558245083,0.002873071558245083,0.005665167166666666,0.0028683635136986293,0.001729039038461538,0.0028427991403287664
885,0.002997000999999999,0.002873071558245083,0.002873071558245083,0.0014985004999999996,0.0028683635136986293,0.001729039038461538,0.0029945377115068485
886,0.002997000999999999,0.004385930862329803,0.004385930862329803,0.0014985004999999996,0.0028683635136986293,0.004476291785714286,0.003171894483013698
887,0.002997000999999999,0.004385930862329803,0.004385930862329803,0.005665167166666666,0.00560808954109589,0.001729039038461538,0.002899947433369862
888,0.002997000999999999,0.0033773579929399894,0.0033773579929399894,0.005665167166666666,0.00423822652739726,0.001729039038461538,0.0028831970716164377
889,0.002997000999999999,0.0038816444276348963,0.0038816444276348963,0.005665167166666666,0.0028683635136986293,0.007223544532967033,0.002866446709863013
890,0.002997000999999999,0.002873071558245083,0.002873071558245083,0.0014985004999999996,0.0028683635136986293,0.004476291785714286,0.0029984789730958896
891,0.002997000999999999,0.002368785123550176,0.002368785123550176,0.0014985004999999996,0.0014985004999999996,0.001729039038461538,0.003176821059999999
892,0.002997000999999999,0.002873071558245083,0.002873071558245083,0.0014985004999999996,0.0014985004999999996,0.004476291785714286,0.003176821059999999
893,0.002997000999999999,0.0018644986888552695,0.0018644986888552695,0.005665167166666666,0.0028683635136986293,0.001729039038461538,0.0028181662553972598
894,0.002997000999999999,0.0013602122541603626,0.0013602122541603626,0.0014985004999999996,0.0014985004999999996,0.001729039038461538,0.003176821059999999
895,0.002997000999999999,0.0038816444276348963,0.0038816444276348963,0.0014985004999999996,0.00560808954109589,0.00997079728021978,0.0029955230269041087
896,0.002997000999999999,0.0018644986888552695,0.0018644986888552695,0.005665167166666666,0.0028683635136986293,0.001729039038461538,0.0028969914871780815
897,0.002997000999999999,0.002368785123550176,0.002368785123550176,0.0014985004999999996,0.0014985004999999996,0.007223544532967033,0.003176821059999999
898,0.002997000999999999,0.004890217297024709,0.004890217297024709,0.0014985004999999996,0.00423822652739726,0.004476291785714286,0.0029413306800547935
899,0.002997000999999999,0.002873071558245083,0.002873071558245083,0.0014985004999999996,0.0014985004999999996,0.001729039038461538,0.003176821059999999
900,0.002997000999999999,0.0018644986888552695,0.0018644986888552695,0.0014985004999999996,0.0014985004999999996,0.001729039038461538,0.003176821059999999
901,0.002997000999999999,0.0013602122541603626,0.0013602122541603626,0.0014985004999999996,0.0014985004999999996,0.001729039038461538,0.003176821059999999
902,0.002997000999999999,0.002873071558245083,0.002873071558245083,0.0014985004999999996,0.0014985004999999996,0.001729039038461538,0.003176821059999999
903,0.002997000999999999,0.002368785123550176,0.002368785123550176,0.0014985004999999996,0.0014985004999999996,0.001729039038461538,0.003176821059999999
904,0.002997000999999999,0.0033773579929399894,0.0033773579929399894,0.0014985004999999996,0.00423822652739726,0.001729039038461538,0.003003405550082191
905,0.002997000999999999,0.0013602122541603626,0.0013602122541603626,0.0014985004999999996,0.0014985004999999996,0.001729039038461538,0.003176821059999999
906,0.002997000999999999,0.005394503731719616,0.005394503731719616,0.009831833833333333,0.00560808954109589,0.001729039038461538,0.0028871383332054784
907,0.002997000999999999,0.0033773579929399894,0.0033773579929399894,0.005665167166666666,0.00560808954109589,0.004476291785714286,0.0028940355409863006
908,0.002997000999999999,0.002368785123550176,0.002368785123550176,0.0014985004999999996,0.0014985004999999996,0.001729039038461538,0.003176821059999999
909,0.002997000999999999,0.002873071558245083,0.002873071558245083,0.0014985004999999996,0.0014985004999999996,0.004476291785714286,0.003176821059999999
910,0.002997000999999999,0.002368785123550176,0.002368785123550176,0.0014985004999999996,0.0014985004999999996,0.001729039038461538,0.003176821059999999
911,0.002997000999999999,0.002368785123550176,0.002368785123550176,0.0014985004999999996,0.0014985004999999996,0.001729039038461538,0.003176821059999999
912,0.002997000999999999,0.0033773579929399894,0.0033773579929399894,0.0014985004999999996,0.0014985004999999996,0.001729039038461538,0.003176821059999999
913,0.002997000999999999,0.0038816444276348963,0.0038816444276348963,0.0014985004999999996,0.00423822652739726,0.001729039038461538,0.0029777873497534237
914,0.002997000999999999,0.002873071558245083,0.002873071558245083,0.0014985004999999996,0.0014985004999999996,0.001729039038461538,0.003176821059999999
915,0.002997000999999999,0.0033773579929399894,0.0033773579929399894,0.0014985004999999996,0.0028683635136986293,0.001729039038461538,0.0030093174424657525
916,0.002997000999999999,0.002873071558245083,0.002873071558245083,0.0014985004999999996,0.00423822652739726,0.001729039038461538,0.0029768020343561635
917,0.002997000999999999,0.0033773579929399894,0.0033773579929399894,0.0014985004999999996,0.0028683635136986293,0.007223544532967033,0.0031009517744109583
918,0.002997000999999999,0.0013602122541603626,0.0013602122541603626,0.0014985004999999996,0.0014985004999999996,0.001729039038461538,0.003176821059999999
919,0.002997000999999999,0.0038816444276348963,0.0038816444276348963,0.0014985004999999996,0.0014985004999999996,0.001729039038461538,0.003176821059999999
920,0.002997000999999999,0.0033773579929399894,0.0033773579929399894,0.0014985004999999996,0.0014985004999999996,0.004476291785714286,0.003176821059999999
921,0.002997000999999999,0.004890217297024709,0.004890217297024709,0.0014985004999999996,0.0014985004999999996,0.007223544532967033,0.003176821059999999
922,0.002997000999999999,0.0018644986888552695,0.0018644986888552695,0.0014985004999999996,0.0014985004999999996,0.004476291785714286,0.003176821059999999
923,0.002997000999999999,0.002873071558245083,0.002873071558245083,0.0014985004999999996,0.0028683635136986293,0.004476291785714286,0.00310686366679452
924,0.002997000999999999,0.002368785123550176,0.002368785123550176,0.0014985004999999996,0.0014985004999999996,0.001729039038461538,0.003176821059999999
925,0.002997000999999999,0.0018644986888552695,0.0018644986888552695,0.0014985004999999996,0.0014985004999999996,0.001729039038461538,0.003176821059999999
926,0.002997000999999999,0.0033773579929399894,0.0033773579929399894,0.0014985004999999996,0.00423822652739726,0.004476291785714286,0.0031127755591780814
927,0.002997000999999999,0.0033773579929399894,0.0033773579929399894,0.005665167166666666,0.00560808954109589,0.001729039038461538,0.0028910795947945196
928,0.002997000999999999,0.002873071558245083,0.002873071558245083,0.005665167166666666,0.00423822652739726,0.001729039038461538,0.002833931301753424
929,0.002997000999999999,0.0018644986888552695,0.0018644986888552695,0.0014985004999999996,0.0014985004999999996,0.001729039038461538,0.003176821059999999
930,0.002997000999999999,0.0033773579929399894,0.0033773579929399894,0.005665167166666666,0.0028683635136986293,0.004476291785714286,0.0028575788712876704
931,0.002997000999999999,0.002873071558245083,0.002873071558245083,0.005665167166666666,0.0028683635136986293,0.004476291785714286,0.0028950208563835607
932,0.002997000999999999,0.005394503731719616,0.005394503731719616,0.005665167166666666,0.00423822652739726,0.001729039038461538,0.0028418138249315062
933,0.002997000999999999,0.0033773579929399894,0.0033773579929399894,0.0014985004999999996,0.0028683635136986293,0.00997079728021978,0.0029610369879999993
934,0.002997000999999999,0.004385930862329803,0.004385930862329803,0.005665167166666666,0.00423822652739726,0.001729039038461538,0.002906844641150684
935,0.002997000999999999,0.0033773579929399894,0.0033773579929399894,0.0014985004999999996,0.0014985004999999996,0.001729039038461538,0.003176821059999999
936,0.002997000999999999,0.0033773579929399894,0.0033773579929399894,0.0014985004999999996,0.0028683635136986293,0.004476291785714286,0.0030063614962739715
937,0.002997000999999999,0.0033773579929399894,0.0033773579929399894,0.0014985004999999996,0.0014985004999999996,0.001729039038461538,0.003176821059999999
938,0.002997000999999999,0.004890217297024709,0.004890217297024709,0.005665167166666666,0.00560808954109589,0.001729039038461538,0.0028329459863561633
939,0.002997000999999999,0.002873071558245083,0.002873071558245083,0.005665167166666666,0.0028683635136986293,0.001729039038461538,0.00281915157079452
940,0.002997000999999999,0.004890217297024709,0.004890217297024709,0.0014985004999999996,0.00423822652739726,0.004476291785714286,0.0030290237504109582
941,0.002997000999999999,0.0018644986888552695,0.0018644986888552695,0.005665167166666666,0.0028683635136986293,0.001729039038461538,0.002921624372109588
942,0.002997000999999999,0.0033773579929399894,0.0033773579929399894,0.0014985004999999996,0.0028683635136986293,0.004476291785714286,0.0031738651138082186
943,0.002997000999999999,0.002873071558245083,0.002873071558245083,0.005665167166666666,0.00423822652739726,0.001729039038461538,0.0028447697711232868
944,0.002997000999999999,0.002368785123550176,0.002368785123550176,0.0014985004999999996,0.0014985004999999996,0.001729039038461538,0.003176821059999999
945,0.002997000999999999,0.0038816444276348963,0.0038816444276348963,0.005665167166666666,0.00423822652739726,0.007223544532967033,0.0029038886949589032
946,0.002997000999999999,0.0033773579929399894,0.0033773579929399894,0.005665167166666666,0.00423822652739726,0.001729039038461538,0.0028615201328767116
947,0.002997000999999999,0.002873071558245083,0.002873071558245083,0.0014985004999999996,0.0014985004999999996,0.001729039038461538,0.003176821059999999
948,0.002997000999999999,0.002873071558245083,0.002873071558245083,0.005665167166666666,0.0028683635136986293,0.004476291785714286,0.0029235950029041086
949,0.002997000999999999,0.0033773579929399894,0.0033773579929399894,0.005665167166666666,0.0028683635136986293,0.001729039038461538,0.0028398431941369854
950,0.002997000999999999,0.0018644986888552695,0.0018644986888552695,0.0014985004999999996,0.0014985004999999996,0.001729039038461538,0.003176821059999999
951,0.002997000999999999,0.0018644986888552695,0.0018644986888552695,0.0014985004999999996,0.0014985004999999996,0.004476291785714286,0.003176821059999999
952,0.002997000999999999,0.002368785123550176,0.002368785123550176,0.0014985004999999996,0.0028683635136986293,0.001729039038461538,0.0029768020343561635
953,0.002997000999999999,0.0038816444276348963,0.0038816444276348963,0.005665167166666666,0.0028683635136986293,0.001729039038461538,0.00292950689528767
954,0.002997000999999999,0.0038816444276348963,0.0038816444276348963,0.005665167166666666,0.0028683635136986293,0.004476291785714286,0.002830975355561643
955,0.002997000999999999,0.002873071558245083,0.002873071558245083,0.0014985004999999996,0.0014985004999999996,0.001729039038461538,0.003176821059999999
956,0.002997000999999999,0.002873071558245083,0.002873071558245083,0.0014985004999999996,0.0014985004999999996,0.004476291785714286,0.003176821059999999
957,0.002997000999999999,0.0038816444276348963,0.0038816444276348963,0.0014985004999999996,0.00560808954109589,0.001729039038461538,0.00303690627358904
958,0.002997000999999999,0.002368785123550176,0.002368785123550176,0.0014985004999999996,0.0014985004999999996,0.001729039038461538,0.003176821059999999
959,0.002997000999999999,0.002368785123550176,0.002368785123550176,0.0014985004999999996,0.0014985004999999996,0.001729039038461538,0.003176821059999999
960,0.002997000999999999,0.0033773579929399894,0.0033773579929399894,0.0014985004999999996,0.00560808954109589,0.001729039038461538,0.002937389418465753
961,0.002997000999999999,0.0013602122541603626,0.0013602122541603626,0.0014985004999999996,0.0014985004999999996,0.001729039038461538,0.003176821059999999
962,0.002997000999999999,0.002368785123550176,0.002368785123550176,0.0014985004999999996,0.0028683635136986293,0.004476291785714286,0.0030704069970958897
963,0.002997000999999999,0.0038816444276348963,0.0038816444276348963,0.0014985004999999996,0.0014985004999999996,0.004476291785714286,0.003176821059999999
964,0.002997000999999999,0.0033773579929399894,0.0033773579929399894,0.005665167166666666,0.00697795255479452,0.001729039038461538,0.0028329459863561633
965,0.002997000999999999,0.002873071558245083,0.002873071558245083,0.0014985004999999996,0.0028683635136986293,0.004476291785714286,0.003141349705698629
966,0.002997000999999999,0.0038816444276348963,0.0038816444276348963,0.0014985004999999996,0.0028683635136986293,0.007223544532967033,0.003132481867123287
967,0.002997000999999999,0.0038816444276348963,0.0038816444276348963,0.005665167166666666,0.00423822652739726,0.007223544532967033,0.0028250634631780814
968,0.002997000999999999,0.0033773579929399894,0.0033773579929399894,0.009831833833333333,0.00560808954109589,0.004476291785714286,0.0028575788712876704
969,0.002997000999999999,0.002368785123550176,0.002368785123550176,0.0014985004999999996,0.0028683635136986293,0.004476291785714286,0.0031255846593424646
970,0.002997000999999999,0.004385930862329803,0.004385930862329803,0.0014985004999999996,0.0014985004999999996,0.007223544532967033,0.003176821059999999
971,0.002997000999999999,0.002873071558245083,0.002873071558245083,0.005665167166666666,0.00423822652739726,0.001729039038461538,0.002934433472273972
972,0.002997000999999999,0.002368785123550176,0.002368785123550176,0.009831833833333333,0.00423822652739726,0.001729039038461538,0.0028595495020821912
973,0.002997000999999999,0.0033773579929399894,0.0033773579929399894,0.0014985004999999996,0.0014985004999999996,0.004476291785714286,0.003176821059999999
974,0.002997000999999999,0.002873071558245083,0.002873071558245083,0.005665167166666666,0.00423822652739726,0.004476291785714286,0.002920639056712328
975,0.002997000999999999,0.0033773579929399894,0.0033773579929399894,0.009831833833333333,0.00423822652739726,0.004476291785714286,0.0029255656336986294
976,0.002997000999999999,0.002368785123550176,0.002368785123550176,0.005665167166666666,0.0028683635136986293,0.004476291785714286,0.00285560824049315
977,0.002997000999999999,0.0013602122541603626,0.0013602122541603626,0.0014985004999999996,0.0014985004999999996,0.001729039038461538,0.003176821059999999
978,0.002997000999999999,0.0033773579929399894,0.0033773579929399894,0.0014985004999999996,0.0028683635136986293,0.00997079728021978,0.003039862219780821
979,0.002997000999999999,0.0013602122541603626,0.0013602122541603626,0.0014985004999999996,0.0014985004999999996,0.001729039038461538,0.003176821059999999
980,0.002997000999999999,0.002873071558245083,0.002873071558245083,0.0014985004999999996,0.0028683635136986293,0.004476291785714286,0.0029659635649863
981,0.002997000999999999,0.002873071558245083,0.002873071558245083,0.0014985004999999996,0.0014985004999999996,0.004476291785714286,0.003176821059999999
982,0.002997000999999999,0.002873071558245083,0.002873071558245083,0.005665167166666666,0.0028683635136986293,0.001729039038461538,0.002837872563342465
983,0.002997000999999999,0.0033773579929399894,0.0033773579929399894,0.0014985004999999996,0.0028683635136986293,0.001729039038461538,0.0031058783513972597
984,0.002997000999999999,0.0033773579929399894,0.0033773579929399894,0.005665167166666666,0.00423822652739726,0.004476291785714286,0.0028979768025753417
985,0.002997000999999999,0.002873071558245083,0.002873071558245083,0.0014985004999999996,0.0028683635136986293,0.001729039038461538,0.0031383937595068486
986,0.002997000999999999,0.002873071558245083,0.002873071558245083,0.0014985004999999996,0.0014985004999999996,0.001729039038461538,0.003176821059999999
987,0.002997000999999999,0.0018644986888552695,0.0018644986888552695,0.0014985004999999996,0.0028683635136986293,0.001729039038461538,0.00314430565189041
988,0.002997000999999999,0.002368785123550176,0.002368785123550176,0.0014985004999999996,0.00423822652739726,0.001729039038461538,0.0031009517744109583
989,0.002997000999999999,0.004890217297024709,0.004890217297024709,0.0014985004999999996,0.00560808954109589,0.007223544532967033,0.002966948880383561
990,0.002997000999999999,0.005394503731719616,0.005394503731719616,0.005665167166666666,0.00560808954109589,0.001729039038461538,0.0028743292330410952
991,0.002997000999999999,0.0018644986888552695,0.0018644986888552695,0.0014985004999999996,0.0028683635136986293,0.001729039038461538,0.002952169149424657
992,0.002997000999999999,0.002873071558245083,0.002873071558245083,0.0014985004999999996,0.0014985004999999996,0.001729039038461538,0.003176821059999999
993,0.002997000999999999,0.0033773579929399894,0.0033773579929399894,0.0014985004999999996,0.00423822652739726,0.004476291785714286,0.0030260678042191773
994,0.002997000999999999,0.002873071558245083,0.002873071558245083,0.0014985004999999996,0.0014985004999999996,0.001729039038461538,0.003176821059999999
995,0.002997000999999999,0.004385930862329803,0.004385930862329803,0.0014985004999999996,0.0014985004999999996,0.001729039038461538,0.003176821059999999
996,0.002997000999999999,0.0033773579929399894,0.0033773579929399894,0.0014985004999999996,0.0028683635136986293,0.001729039038461538,0.0030733629432876703
997,0.002997000999999999,0.0038816444276348963,0.0038816444276348963,0.0014985004999999996,0.0028683635136986293,0.004476291785714286,0.002982713926739725
998,0.002997000999999999,0.0033773579929399894,0.0033773579929399894,0.0014985004999999996,0.0028683635136986293,0.001729039038461538,0.0031374084441095885
999,0.002997000999999999,0.002873071558245083,0.002873071558245083,0.0014985004999999996,0.0014985004999999996,0.001729039038461538,0.003176821059999999
